id,num_orders
1177098,782
1486011,744
1301735,722
1273097,675
1450902,748
1158165,714
1077876,843
1479002,954
1281555,887
1220629,765
1287288,1231
1149272,1192
1430093,1186
1157251,1359
1364131,3201
1227970,2737
1411427,1338
1033512,1376
1249878,1345
1449349,1146
1386036,447
1177651,413
1261268,445
1316488,374
1297387,461
1240915,339
1140431,456
1013079,524
1361178,546
1097810,428
1391435,184
1099528,182
1117969,194
1054117,173
1103779,155
1285350,160
1367217,216
1416683,211
1118412,210
1293675,171
1330467,193
1189762,197
1408479,189
1375495,173
1361615,349
1498846,209
1145843,169
1310857,179
1315483,171
1074295,139
1279057,111
1092985,107
1259030,134
1326687,113
1373522,120
1157350,121
1250173,145
1152295,148
1348202,137
1284570,116
1158868,28
1047566,26
1209129,28
1004886,26
1195396,28
1271245,28
1093884,27
1259014,27
1399101,227
1437934,287
1416330,270
1302476,257
1146657,262
1057285,250
1349227,316
1368165,215
1422379,246
1086047,171
1002589,669
1017711,653
1211204,586
1345688,612
1210501,619
1084025,629
1239272,678
1022695,710
1011110,754
1005560,716
1225988,109
1366211,109
1324708,114
1184103,116
1310794,116
1388767,121
1272864,132
1133154,160
1344662,171
1038802,140
1467437,80
1329046,71
1057669,366
1331479,302
1232705,72
1401490,65
1196960,82
1119175,71
1149199,57
1297151,67
1408811,454
1237636,441
1008635,455
1481250,399
1481724,778
1458403,758
1438049,737
1197105,440
1181471,469
1352308,437
1399262,271
1398440,317
1472243,386
1342553,355
1303872,300
1374742,174
1160087,238
1449481,249
1409784,233
1181977,195
1236099,145
1088551,144
1438339,143
1374498,124
1173658,153
1008292,190
1045869,166
1284400,164
1228589,158
1136450,151
1192132,230
1277023,213
1226033,225
1383481,213
1345596,220
1346637,200
1099736,245
1070940,244
1283616,163
1412687,142
1078901,782
1229539,737
1340614,728
1428262,627
1018915,646
1038769,608
1103105,724
1360988,707
1298022,690
1492789,598
1051818,773
1147532,2592
1246221,740
1000164,710
1315204,767
1268614,733
1303680,4811
1399880,3483
1494417,810
1272597,715
1418909,81
1396660,78
1175187,76
1317753,64
1034244,51
1040435,52
1349623,61
1431405,59
1179430,51
1176893,41
1449984,785
1292983,737
1115570,696
1200857,655
1344262,674
1203477,649
1187267,742
1044893,837
1220430,831
1320834,732
1198931,560
1430253,485
1196393,576
1480687,556
1097181,589
1499604,575
1408309,656
1053367,717
1066051,635
1073193,586
1161079,67
1134692,69
1444677,67
1417557,69
1292994,70
1461469,73
1382786,78
1259677,100
1148205,98
1325721,87
1179236,107
1447264,116
1007165,114
1094157,114
1037639,143
1043566,126
1071289,136
1230721,154
1281633,154
1381624,137
1134786,1625
1052017,1622
1209585,1581
1115016,1624
1101235,1771
1448019,1855
1315737,2009
1039269,2052
1436545,2054
1445418,1823
1252654,78
1067370,78
1415662,77
1423314,71
1367043,68
1234416,63
1368612,71
1175687,72
1126635,61
1215026,47
1307333,426
1077544,387
1461548,378
1155304,354
1076344,600
1479849,647
1337089,485
1436130,464
1097496,434
1095473,374
1397206,265
1132317,1429
1249794,318
1235645,288
1267815,314
1024354,294
1106620,3246
1277874,2472
1128160,331
1088442,253
1008071,716
1351714,688
1278748,692
1033118,730
1432496,764
1231141,747
1026727,901
1077204,966
1438728,971
1424161,817
1232750,166
1240251,164
1324350,168
1315410,176
1492833,164
1136861,147
1295531,185
1280308,178
1167103,131
1389109,97
1355488,107
1216663,112
1363746,125
1128710,97
1042523,101
1110118,84
1290610,100
1145669,98
1286261,87
1325159,69
1011543,153
1058360,152
1007123,150
1412939,148
1014783,144
1113754,143
1273175,160
1248159,178
1457927,146
1115454,131
1214752,1552
1058556,1552
1353953,1570
1408738,1570
1483186,3031
1052629,2786
1466020,1711
1051717,1857
1431922,4257
1216601,4287
1238090,172
1214968,221
1079476,222
1165310,268
1176334,232
1012940,129
1250538,197
1199727,158
1467998,181
1007279,157
1061973,244
1281392,165
1023051,192
1158061,87
1142648,119
1404159,105
1348850,104
1379341,106
1403602,87
1229591,109
1009044,216
1066687,211
1167748,212
1075832,207
1151308,194
1262900,183
1080258,248
1497570,231
1316773,232
1173901,183
1020490,65
1054376,71
1066575,493
1428927,416
1195774,80
1482761,67
1359976,89
1054274,79
1197821,62
1048829,67
1273910,335
1238143,322
1474729,337
1350239,316
1440237,339
1105342,320
1001956,391
1114835,375
1115501,366
1184958,312
1155995,176
1040659,174
1311681,173
1433355,150
1271815,156
1242344,146
1200743,171
1436480,169
1279838,154
1251356,119
1076920,125
1489348,123
1249911,122
1429083,114
1014635,120
1274715,120
1084623,135
1486084,159
1007567,165
1005224,135
1018869,435
1079368,424
1093376,432
1041123,388
1430566,435
1040612,406
1392552,491
1281620,525
1005866,513
1037632,433
1386889,522
1173359,525
1367247,545
1482433,519
1257584,538
1114301,600
1421477,583
1010322,549
1366678,521
1190900,449
1268984,227
1082662,233
1341057,230
1198596,223
1360054,227
1316119,221
1182553,246
1312899,255
1279295,252
1179644,217
1195643,273
1400933,260
1006845,256
1244972,253
1211835,332
1245361,304
1205492,297
1459875,285
1369352,270
1279631,239
1197470,294
1364127,326
1473365,321
1413843,410
1116354,338
1185582,294
1359183,380
1259615,279
1175328,320
1017133,233
1073550,269
1052320,296
1218304,288
1403013,282
1213321,284
1059546,271
1037013,331
1030517,329
1413036,336
1010010,285
1446578,537
1465365,589
1026935,578
1117406,572
1304553,537
1221568,559
1385364,685
1387510,601
1020597,599
1419393,468
1003760,355
1207260,354
1110869,357
1146477,339
1207346,739
1408082,664
1376120,622
1407386,393
1497500,402
1194367,364
1272083,1078
1099221,965
1406384,954
1360566,1107
1050703,1130
1419040,1049
1255087,1167
1169109,993
1231535,997
1475079,823
1121637,718
1286192,359
1076099,413
1135164,445
1243831,472
1247648,421
1080752,488
1006812,483
1205020,483
1281256,416
1185139,701
1297480,680
1051229,698
1012762,651
1005712,689
1290480,675
1107751,805
1448045,756
1320697,679
1343551,582
1465107,65
1041761,69
1359065,443
1083748,381
1174518,74
1309393,61
1173584,84
1362180,79
1402804,65
1379904,72
1234402,208
1232348,208
1186038,207
1228924,214
1420063,204
1224017,188
1456472,236
1387675,236
1043351,162
1426735,133
1190633,592
1234168,576
1187850,548
1461408,503
1324628,576
1043320,526
1112006,612
1431890,693
1142113,673
1473136,546
1129467,759
1440344,720
1199647,685
1329067,830
1310720,1680
1187699,2097
1490972,837
1188019,845
1393545,810
1196202,634
1289523,303
1306275,320
1123768,321
1495866,288
1251443,324
1112488,284
1248124,348
1361909,350
1484093,382
1137757,316
1049366,114
1442356,108
1344308,117
1057310,106
1450163,118
1249769,103
1328737,144
1358230,143
1245395,141
1227902,125
1141892,89
1023603,81
1009205,74
1401622,66
1056837,176
1399479,113
1380035,73
1187248,77
1052075,70
1190890,55
1224120,129
1083028,134
1435741,138
1227990,129
1102401,125
1494941,117
1405194,158
1160706,162
1389486,162
1475674,114
1117711,24
1268268,21
1084245,21
1436228,22
1044490,70
1119951,114
1148469,109
1040533,95
1182305,107
1058670,88
1069033,124
1052272,84
1102729,95
1439572,65
1091114,385
1066926,461
1042657,405
1126990,389
1135737,426
1264507,439
1220181,489
1483607,553
1465019,573
1142488,551
1103283,181
1398797,190
1198936,172
1206071,161
1148030,192
1293650,196
1200910,198
1285518,213
1080615,242
1254886,219
1083754,60
1462240,457
1135487,365
1018722,62
1172707,77
1162264,55
1086936,261
1207218,252
1040287,253
1430895,255
1029036,360
1338150,515
1352621,597
1068287,261
1032470,284
1455331,249
1244516,101
1327333,200
1077866,196
1157697,243
1359546,134
1083789,83
1186701,100
1307736,96
1169772,99
1423832,77
1052776,107
1017418,109
1084980,110
1049695,100
1152112,229
1073128,142
1400065,128
1078686,130
1442361,115
1438146,100
1229328,65
1154798,66
1258593,68
1214967,68
1415050,61
1249408,53
1217205,74
1403443,46
1323989,504
1063221,483
1375428,494
1171835,410
1175458,449
1022677,400
1064513,520
1141542,481
1254313,457
1429469,387
1140772,597
1473886,2355
1040538,586
1300105,485
1254975,538
1468203,569
1147088,4203
1225845,3060
1449493,540
1168141,417
1472121,37
1486257,38
1290578,35
1323798,30
1176875,27
1329642,28
1060343,30
1217405,29
1290002,692
1480585,639
1132573,609
1057544,601
1185226,614
1332114,590
1006557,681
1223406,760
1165398,742
1252122,658
1043572,521
1120725,474
1493836,518
1382069,508
1262029,567
1436339,542
1171914,570
1222059,641
1179976,653
1312713,598
1168741,112
1108197,113
1322681,105
1446803,112
1460737,117
1378544,109
1223144,117
1415427,133
1238698,140
1273113,118
1024905,81
1161371,70
1335725,72
1185623,70
1495661,69
1059370,72
1485382,88
1136555,94
1113434,91
1476173,85
1098228,1562
1080847,1520
1064602,1470
1093227,1487
1177861,1555
1259611,1557
1274836,1780
1030333,1836
1249982,1831
1188591,1626
1387134,28
1055877,26
1308549,28
1205716,27
1471019,28
1245854,29
1453386,30
1234023,30
1302153,290
1246959,270
1433203,268
1339909,271
1161885,507
1437209,588
1357587,412
1418362,368
1118797,335
1109876,295
1103484,263
1179187,1570
1262515,294
1050801,243
1209593,281
1129604,264
1471717,3275
1147030,2495
1374174,255
1347061,175
1101375,821
1398435,781
1353965,719
1183936,761
1311911,812
1062494,787
1410039,981
1187463,998
1082477,1004
1345516,877
1302404,57
1319320,50
1363194,51
1150515,45
1465309,36
1373073,41
1164383,38
1302775,32
1439889,69
1043720,59
1065834,45
1272505,52
1356980,45
1028730,55
1124574,58
1369044,52
1157352,49
1197335,729
1098456,675
1004231,696
1348678,864
1069114,2506
1120606,2722
1116595,916
1124659,876
1403491,3719
1124415,3143
1380381,79
1110397,155
1051554,147
1158465,213
1120697,104
1080382,68
1288728,77
1023715,75
1010857,69
1432432,56
1343027,134
1048501,78
1154647,80
1019399,51
1272535,44
1321418,46
1473948,48
1083699,44
1258695,48
1293810,193
1321966,183
1376274,209
1453454,182
1341931,184
1133750,167
1452164,219
1142445,209
1334127,211
1074156,197
1097952,45
1438615,58
1068496,417
1000100,345
1134437,54
1292242,69
1413791,68
1490069,52
1314145,67
1019214,332
1340547,303
1367086,334
1188841,318
1344109,342
1378136,317
1393759,354
1352569,349
1480595,346
1349200,289
1236400,55
1153639,53
1004909,38
1347302,44
1448703,48
1291242,38
1224254,30
1265051,121
1303545,115
1241905,105
1156187,102
1164364,111
1368515,103
1371309,109
1270509,136
1023956,135
1175778,120
1400016,434
1371135,431
1386866,430
1263387,396
1316202,426
1238695,400
1269164,482
1212464,500
1458850,500
1164926,425
1439647,255
1321232,312
1055592,422
1241427,409
1072422,342
1381948,283
1459193,371
1107012,335
1484291,331
1189072,285
1217722,73
1024786,80
1164714,79
1487084,71
1194216,78
1333009,73
1400194,78
1220768,71
1206564,163
1448674,152
1237375,141
1323061,136
1205077,316
1281460,306
1483448,192
1406717,179
1439670,161
1311889,152
1408468,99
1025542,144
1160326,138
1443402,126
1226069,129
1175779,126
1495888,171
1226727,115
1088993,123
1162495,89
1171266,106
1018646,107
1224157,129
1476159,123
1481437,118
1137703,108
1443319,135
1297612,120
1366087,121
1219884,114
1495062,416
1079487,425
1415325,421
1347027,367
1006493,406
1005118,350
1486530,447
1269555,424
1250542,394
1218398,342
1088412,195
1341714,199
1317606,201
1191523,195
1373558,275
1144418,379
1482712,433
1290408,198
1044002,236
1156368,207
1040430,955
1087004,854
1042794,849
1359630,982
1059906,996
1340375,947
1167679,1073
1118042,900
1433454,912
1414239,756
1333032,396
1074655,141
1017569,172
1047271,183
1364823,229
1081645,243
1193498,266
1308101,261
1295480,294
1026912,264
1170447,483
1141028,480
1283426,482
1353711,425
1053353,467
1077335,434
1347043,535
1222655,494
1413603,456
1166615,387
1251605,49
1207693,44
1108927,321
1388671,275
1286860,32
1306117,48
1493718,49
1289654,38
1140803,46
1164395,72
1131843,75
1437106,79
1360876,83
1383471,81
1008063,69
1465304,87
1045061,90
1461030,54
1207213,51
1247289,886
1005108,858
1034753,844
1306222,819
1383467,873
1264972,840
1061474,960
1132437,1083
1115805,1070
1016058,890
1137610,1497
1480777,1413
1494822,1378
1464047,1698
1472699,2996
1376448,3292
1282271,1557
1408615,1676
1023846,1575
1243501,1405
1129707,505
1260334,501
1021163,465
1140966,519
1243209,507
1083760,486
1381446,605
1005261,636
1252533,622
1188240,574
1160081,115
1008310,100
1221080,100
1059966,102
1242487,103
1421837,89
1057534,140
1323943,135
1064030,123
1498348,109
1136118,170
1134200,168
1145773,167
1190892,157
1466336,335
1134658,229
1459356,142
1426808,172
1296652,159
1348796,133
1120430,157
1247851,153
1031048,152
1106408,147
1029543,143
1193017,137
1261642,183
1395556,180
1005813,178
1037275,166
1442044,70
1307339,69
1196209,75
1482208,61
1379112,59
1128418,58
1467469,74
1120268,69
1346817,58
1441892,49
1113611,133
1265885,174
1466429,175
1180816,157
1315750,167
1407545,145
1420309,202
1262288,144
1069047,157
1135656,121
1086750,477
1159714,589
1240555,584
1124593,555
1083372,617
1186898,574
1000649,689
1356969,727
1305931,756
1223568,633
1025605,224
1046412,227
1115576,229
1199659,232
1499049,241
1324623,238
1322481,272
1231854,307
1219611,313
1341241,266
1213246,83
1303698,72
1137709,554
1185120,431
1371702,91
1208218,82
1035515,101
1386342,94
1143967,74
1377191,84
1008206,489
1479104,484
1207945,497
1061234,458
1453841,597
1154063,782
1219733,758
1399265,495
1458672,535
1496971,478
1233312,247
1264605,392
1068894,291
1056311,349
1305530,261
1103403,178
1257959,210
1124544,216
1079989,207
1463282,167
1467510,170
1191200,169
1173754,162
1262678,156
1390007,338
1039345,250
1350477,207
1110823,207
1211565,179
1350329,157
1072530,256
1445154,248
1472817,264
1232736,259
1378869,261
1272128,242
1049965,302
1034550,298
1050805,203
1181479,177
1329551,849
1327025,777
1122935,721
1493967,627
1342800,643
1130779,624
1209612,713
1082880,712
1355118,690
1313071,586
1364001,1008
1158273,3203
1179879,1038
1072628,911
1078195,986
1014743,966
1093556,5190
1394305,3954
1180962,1072
1317465,987
1285290,87
1283478,92
1403548,96
1126214,64
1264973,59
1305760,56
1357985,70
1341978,66
1017304,55
1110867,767
1137245,756
1403820,734
1256510,691
1353789,734
1007195,712
1400253,806
1290777,914
1287202,896
1387179,785
1147262,627
1240702,558
1198318,572
1326921,600
1136997,559
1449211,613
1285242,681
1429995,793
1118227,833
1477410,757
1082079,193
1399206,201
1071064,208
1338613,213
1279640,214
1218656,218
1255347,245
1196682,273
1175536,280
1176180,234
1032497,191
1354339,195
1494544,199
1340571,210
1191782,201
1186849,206
1367532,248
1107386,251
1065339,266
1323008,236
1332667,2466
1039351,2386
1319273,2299
1305518,2343
1327143,2458
1272171,2133
1223757,2247
1090089,2316
1128850,2330
1446344,2459
1379360,97
1203113,99
1341899,97
1163110,88
1229974,83
1392905,81
1155992,90
1287197,94
1290426,87
1067530,78
1171352,520
1182678,491
1065067,486
1239466,444
1223222,1081
1422513,855
1446621,625
1453468,548
1361280,499
1449340,442
1369843,383
1388974,2479
1256351,446
1418345,338
1410772,416
1347615,395
1229128,3526
1275233,3114
1238848,532
1404060,398
1075942,1364
1458788,1414
1108592,1476
1091948,1579
1028978,1676
1480899,1725
1043364,1904
1390783,1981
1083460,1961
1113545,1827
1203532,144
1404661,140
1019816,152
1152557,164
1262290,158
1118117,143
1389659,186
1375700,182
1089820,128
1019878,101
1254872,121
1174768,109
1364143,118
1412578,91
1327394,81
1015386,74
1117354,86
1151394,86
1287520,74
1357767,58
1316684,113
1039434,108
1115675,116
1135243,110
1240466,116
1057585,104
1278666,115
1300574,130
1207105,114
1035393,96
1020081,1570
1190755,1515
1167256,1491
1096372,1543
1218496,3388
1475974,3241
1373463,1717
1256563,1878
1123285,4528
1173215,3999
1279379,153
1451598,270
1304937,246
1231953,300
1168898,174
1353870,125
1165749,151
1230695,141
1242560,133
1228365,102
1413930,252
1022252,157
1139910,162
1001888,75
1210850,98
1407222,89
1370845,91
1266898,104
1151883,94
1277683,89
1487280,228
1123603,224
1206298,234
1337824,222
1053213,228
1177201,220
1374187,275
1021300,264
1490308,250
1306497,221
1279131,133
1269144,107
1276382,641
1116326,466
1404622,111
1275681,93
1194463,132
1304635,121
1205095,106
1478466,107
1010552,386
1331672,387
1457969,377
1368801,357
1455031,430
1011328,381
1162772,468
1227348,432
1255226,412
1145821,359
1470186,115
1178919,119
1418928,122
1081244,109
1077806,107
1152499,97
1370097,108
1020769,108
1400947,92
1018985,82
1414158,225
1416216,230
1192089,232
1115764,229
1473840,235
1302530,234
1237322,267
1004831,299
1153638,308
1084874,253
1109804,612
1054832,611
1352123,604
1423856,600
1435666,608
1354480,606
1246275,722
1336436,767
1432832,770
1165254,686
1339938,394
1210385,480
1099728,491
1023338,494
1011542,497
1155592,432
1019661,542
1392027,499
1316583,501
1097877,429
1494216,304
1182532,303
1290506,303
1470108,290
1267485,290
1334810,247
1222803,278
1484176,274
1028575,272
1179192,237
1374892,233
1350025,220
1271551,215
1135607,208
1094534,516
1402997,455
1276985,336
1050864,291
1438304,266
1172618,237
1248315,225
1203731,301
1423330,294
1175893,274
1120441,291
1195707,265
1333706,360
1334557,237
1243318,276
1190535,197
1116374,414
1018735,442
1205948,449
1083732,432
1124304,423
1068682,395
1061931,484
1188547,483
1197855,466
1395274,414
1431703,511
1351595,452
1409355,452
1315567,431
1429778,452
1414869,440
1027375,515
1022544,509
1022578,441
1078001,395
1267686,410
1143283,399
1162708,402
1327015,377
1396741,539
1224020,671
1173723,782
1430604,422
1263640,453
1429780,431
1022953,1743
1495360,1722
1029946,1636
1089615,1961
1112962,1914
1210844,1819
1283830,1960
1242056,1601
1129081,1763
1213128,1534
1234220,1526
1358932,573
1456061,600
1001605,717
1495976,726
1186697,701
1318247,793
1304912,855
1116992,886
1415286,832
1398257,992
1247585,923
1035021,885
1221774,821
1152647,888
1124283,845
1232726,969
1362645,932
1418889,904
1261781,771
1256386,86
1057182,83
1263231,524
1084274,395
1082354,87
1472006,79
1310908,104
1374704,98
1285971,86
1412159,82
1115708,276
1092272,272
1219683,262
1310626,264
1027118,259
1335607,243
1371511,303
1273740,297
1181728,201
1251517,177
1485369,335
1103569,319
1314410,325
1430695,287
1145013,316
1468147,302
1412754,352
1032733,394
1213087,360
1008542,259
1209550,284
1441788,307
1494973,327
1276788,263
1469801,489
1416169,703
1351029,531
1231616,343
1066223,323
1173940,242
1432305,134
1283783,126
1146363,133
1465455,136
1036398,129
1203802,115
1456889,162
1478238,161
1049845,157
1100984,126
1084587,40
1190800,39
1039931,38
1073152,33
1481762,75
1334284,32
1029180,36
1084257,32
1317402,30
1079777,174
1270643,160
1446195,181
1484197,172
1200304,169
1287827,152
1248108,199
1403904,203
1021726,180
1376640,161
1380277,16
1041176,16
1297002,15
1066076,15
1259666,16
1088323,15
1292401,61
1290034,82
1332253,87
1014996,85
1163030,77
1440934,68
1349753,83
1249975,63
1056109,58
1357053,173
1350810,149
1054426,156
1289065,146
1471242,144
1055911,116
1123788,158
1347514,178
1324777,176
1322645,138
1095958,62
1434822,63
1242168,62
1273859,65
1012400,67
1215030,69
1208743,73
1490547,95
1401627,99
1358531,81
1188645,188
1162484,210
1013447,24
1118218,35
1404874,33
1226475,26
1000846,31
1356581,78
1013345,74
1442195,76
1215930,72
1408973,99
1238444,104
1420458,126
1131404,91
1086225,93
1169837,79
1203992,50
1145754,77
1199358,81
1243074,119
1256588,84
1478036,34
1392760,51
1385580,49
1457759,65
1042647,36
1058867,67
1310991,66
1269866,62
1128791,63
1036302,91
1214927,81
1275245,83
1358702,81
1146124,77
1318590,55
1370271,35
1000409,35
1422995,35
1439692,40
1284951,38
1175049,38
1185125,29
1415191,253
1003274,243
1148714,243
1305683,211
1438635,214
1321983,197
1326115,264
1144115,220
1257509,201
1022568,168
1379917,250
1031253,775
1024232,202
1136080,227
1250344,286
1469473,272
1019938,1777
1231475,1679
1380749,217
1214542,205
1303074,18
1148161,16
1411642,15
1028210,16
1226546,317
1395289,309
1189355,322
1443779,285
1370125,302
1375670,266
1441077,344
1325306,372
1215047,365
1329687,267
1482844,223
1201815,229
1331830,231
1049699,188
1333824,219
1005047,211
1434656,222
1421537,212
1170030,262
1333229,221
1432554,68
1036321,67
1340270,67
1134217,68
1031549,68
1238585,66
1312452,75
1201497,95
1199397,90
1213797,80
1062232,34
1329787,34
1381422,35
1041718,32
1025446,45
1030594,38
1171225,628
1113088,642
1421572,603
1231421,628
1155226,685
1050090,642
1462159,816
1262088,794
1059783,861
1068765,710
1024581,17
1278254,16
1210203,16
1142069,15
1393711,16
1028000,107
1133330,113
1425669,125
1240821,113
1398217,166
1288267,135
1054056,144
1252270,136
1134544,126
1239796,103
1082924,104
1010839,999
1462666,90
1015385,170
1477694,135
1017174,112
1339356,1468
1251909,1541
1237409,112
1235681,411
1473044,449
1165704,438
1327609,454
1382591,420
1258870,448
1340640,548
1165396,589
1460743,571
1210591,438
1439204,34
1456232,42
1281119,45
1306776,31
1146091,23
1475252,23
1221331,27
1072871,25
1036557,24
1249595,24
1423465,31
1191423,31
1041334,42
1462748,29
1098172,56
1265747,29
1071053,57
1260150,37
1467327,33
1039490,28
1282588,293
1340515,297
1000357,317
1329859,252
1377570,1093
1198647,795
1243803,481
1393212,361
1413792,1873
1114795,1415
1073984,28
1296525,67
1026899,54
1161777,72
1069257,39
1003011,21
1015640,30
1053602,27
1236743,31
1298612,25
1171522,51
1298237,44
1217098,26
1079423,25
1072315,23
1092628,179
1077145,176
1428079,180
1121116,180
1144786,191
1151671,178
1289400,219
1159996,216
1223966,201
1268664,177
1437271,24
1420669,27
1425768,218
1287294,136
1052619,42
1328041,45
1350959,179
1042549,172
1437111,184
1166579,172
1485217,174
1438722,199
1179775,197
1064722,189
1116704,171
1161161,150
1194491,35
1342433,32
1237362,25
1486738,25
1070617,27
1478278,28
1089189,23
1487636,21
1335161,38
1149326,39
1184109,37
1250917,32
1157950,35
1165272,33
1045564,39
1031512,48
1267384,45
1165991,35
1224499,280
1022104,261
1332421,269
1233349,296
1412941,300
1498242,262
1054399,343
1030700,353
1460017,306
1461262,252
1244952,143
1287128,158
1163539,187
1235684,176
1483944,162
1142725,171
1323315,201
1254188,177
1115861,168
1075316,144
1104842,25
1369219,28
1243216,23
1409284,23
1046968,21
1073731,23
1055416,23
1289214,108
1221524,108
1043470,110
1076426,101
1038594,145
1344687,120
1031647,127
1294819,123
1152672,117
1415430,92
1120552,68
1329211,98
1077637,98
1269584,89
1320063,83
1243523,104
1443457,71
1091205,73
1059392,57
1381859,45
1203139,46
1468809,45
1097142,41
1494739,115
1133318,61
1489756,65
1478252,53
1158974,115
1312320,119
1140924,130
1450893,189
1149920,98
1165858,131
1098563,154
1373446,172
1129872,126
1392880,109
1468382,37
1486459,35
1457277,35
1160131,44
1107036,47
1313365,62
1114748,47
1492680,48
1338998,45
1369288,401
1097299,407
1288385,406
1075490,394
1276034,425
1335661,405
1263819,520
1307045,375
1023914,380
1438726,278
1107949,243
1255934,91
1049619,93
1102290,84
1010584,78
1079013,78
1239770,92
1415070,114
1234331,126
1147425,100
1159953,345
1484891,337
1076815,328
1375783,281
1057460,290
1047283,275
1282357,343
1019252,296
1180163,281
1403728,217
1399943,22
1031064,129
1285677,143
1422692,28
1472670,25
1245179,35
1098339,30
1415077,329
1167273,292
1478601,330
1085278,274
1413452,310
1282205,272
1050183,330
1090747,377
1326067,343
1355437,236
1147147,286
1366465,284
1081854,286
1099585,228
1033845,529
1027173,483
1053974,338
1149325,314
1485355,294
1114099,222
1192440,161
1302703,137
1362241,137
1170120,154
1134558,164
1083778,142
1359599,176
1146050,212
1243817,219
1385751,163
1318214,76
1354676,89
1043464,66
1095610,70
1445857,70
1165646,98
1109736,83
1250867,84
1104719,64
1161020,33
1433370,36
1209170,33
1031572,32
1069568,69
1406673,48
1485136,31
1380450,33
1457409,30
1189724,28
1277505,84
1071404,73
1194259,87
1492522,86
1483263,74
1300957,87
1391820,101
1444828,105
1235646,112
1149262,90
1051940,28
1172631,30
1248197,28
1241439,26
1429867,26
1169083,27
1017091,27
1233024,35
1221654,52
1228894,51
1344123,47
1374880,37
1347248,55
1225854,37
1126089,49
1104094,38
1260322,249
1300752,264
1035344,230
1371644,235
1308196,241
1412339,234
1039687,229
1331189,282
1424339,270
1357786,237
1449682,49
1319818,52
1169218,53
1221116,54
1216692,56
1429369,54
1131747,59
1041188,75
1319940,78
1408109,74
1157877,28
1014711,31
1238324,167
1167321,199
1282806,38
1207621,33
1438842,34
1431659,92
1493848,100
1005859,99
1117230,94
1316073,117
1495277,125
1367997,149
1278946,99
1390076,118
1410654,101
1285811,55
1485817,78
1286176,77
1032676,119
1092650,71
1396008,42
1041864,56
1335428,53
1052206,52
1279988,44
1453255,55
1119599,58
1429851,55
1289928,55
1064150,123
1235639,113
1108801,77
1480216,76
1478575,73
1157233,53
1415890,50
1327054,51
1175553,54
1305943,59
1457199,54
1364840,50
1498709,59
1125965,64
1035490,44
1101134,37
1013760,209
1239109,219
1122956,214
1483182,182
1067620,198
1107810,180
1242455,236
1158124,188
1073879,187
1426907,158
1154338,125
1456903,484
1203547,110
1351498,119
1094406,153
1228266,137
1217570,1504
1026120,1361
1160422,120
1366903,100
1440445,23
1111819,23
1268765,21
1290397,22
1475801,20
1439793,20
1471569,258
1034052,255
1100285,266
1264101,236
1279549,259
1160529,231
1089518,292
1281168,322
1353592,310
1421768,195
1294900,135
1245219,197
1441584,201
1086294,200
1309019,205
1498185,249
1382755,284
1215093,287
1440248,220
1415276,48
1183251,49
1289437,42
1011312,44
1176696,40
1023764,44
1403023,45
1184878,59
1118194,60
1181673,53
1431945,48
1152849,51
1380942,53
1108913,48
1326790,48
1254119,58
1209328,64
1277966,56
1184480,53
1221985,531
1301321,535
1463289,535
1275946,511
1400875,588
1348564,567
1273247,680
1017611,709
1062279,706
1237961,601
1417054,17
1003607,15
1424179,16
1323747,16
1230958,137
1163294,140
1365966,127
1467823,129
1347467,287
1034811,214
1121415,166
1048682,143
1443052,144
1034404,127
1130574,139
1400224,703
1165216,150
1489607,148
1057854,158
1488677,147
1249972,1894
1096794,1668
1187668,159
1164828,119
1428233,381
1094909,371
1332634,382
1226462,350
1022245,408
1082397,372
1136816,451
1478736,456
1468754,458
1392549,359
1015651,41
1092575,38
1168055,27
1157854,27
1053981,26
1487585,23
1088619,23
1460736,30
1396268,28
1270168,25
1279071,24
1068050,29
1348154,29
1149086,28
1430948,339
1125207,329
1191961,357
1079406,291
1402254,1129
1313316,966
1389901,477
1434316,398
1200882,1651
1130820,1134
1136992,50
1070978,68
1085342,110
1354071,84
1352957,36
1171509,56
1218549,46
1033103,36
1484655,54
1429343,39
1426362,40
1019053,19
1149610,26
1188764,24
1085095,27
1163249,28
1200526,23
1359182,147
1190919,131
1318614,147
1106674,133
1484037,144
1145685,114
1477155,145
1370445,160
1437300,154
1333249,121
1244747,23
1468842,230
1326759,211
1011416,24
1297084,20
1233664,34
1100085,33
1330971,86
1138077,86
1352006,124
1487542,84
1108221,94
1139998,87
1472724,103
1359856,102
1026021,90
1097467,90
1209010,41
1203418,39
1288697,39
1466637,31
1412357,30
1473386,28
1315013,33
1046348,32
1351338,28
1337583,23
1247118,198
1155168,196
1023555,194
1189141,187
1294514,197
1170464,184
1032841,216
1319448,232
1372525,236
1197527,188
1104829,100
1091408,113
1100655,120
1212272,138
1139167,110
1208032,132
1089775,154
1287888,125
1468614,122
1199908,107
1265084,64
1413660,60
1204209,63
1202448,58
1461934,56
1399020,61
1428777,51
1084734,60
1251697,57
1143725,52
1248669,88
1492080,89
1125820,88
1240530,80
1182284,169
1161715,162
1397460,103
1397576,95
1085214,94
1041296,79
1317327,51
1124007,73
1001431,69
1454242,52
1207961,78
1168512,52
1388227,60
1149006,39
1389070,90
1077085,105
1262049,100
1374006,108
1192491,103
1046377,126
1149415,138
1057610,125
1037961,107
1108246,198
1143509,229
1105358,252
1100472,215
1423581,240
1175539,217
1331445,264
1293935,223
1023451,214
1049464,194
1309583,69
1230234,69
1461709,70
1408980,72
1488053,88
1274689,94
1041473,118
1166260,94
1461337,102
1206736,79
1056913,385
1056567,377
1323239,372
1466159,365
1333540,434
1282979,397
1338001,492
1334066,354
1454911,355
1096576,268
1325572,165
1061707,113
1318381,132
1127586,145
1076352,147
1207706,146
1051075,172
1178070,203
1471943,217
1050157,168
1175530,222
1158903,205
1169201,216
1031727,182
1356784,194
1294357,192
1169953,221
1414115,188
1030541,184
1062207,155
1006290,150
1106911,157
1398536,26
1263867,25
1016670,33
1171413,25
1153425,31
1014174,294
1059918,295
1434673,289
1437796,251
1209418,300
1340261,270
1453426,326
1073580,358
1125848,323
1499035,233
1295338,384
1222180,395
1165274,395
1237456,314
1069738,737
1014169,960
1127003,470
1266348,439
1334765,394
1463681,322
1030133,195
1006565,155
1135300,209
1232307,195
1436481,205
1083483,141
1218091,218
1456658,293
1092475,265
1433866,216
1176492,57
1353610,58
1089484,73
1072876,53
1453728,56
1002461,52
1125670,73
1229468,69
1347887,67
1251976,54
1314783,34
1116236,37
1376495,36
1119344,32
1458904,70
1052692,43
1260776,31
1378898,34
1112041,33
1438832,29
1248265,67
1195954,66
1381379,65
1281126,58
1498748,59
1284086,77
1293530,88
1436975,85
1122080,77
1363954,26
1208670,27
1395641,26
1115606,27
1032783,26
1313008,25
1381034,27
1128691,26
1092234,38
1142469,67
1418236,57
1285563,53
1252304,60
1127538,51
1084154,61
1197924,45
1337255,45
1185867,28
1363671,213
1289303,208
1004740,212
1204926,209
1118823,188
1377335,197
1266794,231
1137166,279
1014502,288
1278599,220
1410185,114
1065002,114
1201146,113
1295967,118
1478836,122
1263028,121
1047818,133
1181209,161
1043905,180
1033551,146
1231479,31
1309569,30
1068192,175
1494564,197
1227142,25
1456193,36
1191448,34
1360848,34
1085163,143
1499564,143
1191755,147
1022893,145
1472361,185
1433295,192
1373742,222
1038419,148
1254866,169
1227242,144
1471032,61
1072191,109
1224559,111
1199250,133
1280019,111
1069118,40
1082440,57
1049894,54
1249689,61
1100757,44
1373418,71
1425889,68
1262003,71
1110029,68
1079214,130
1009321,122
1055383,90
1235873,88
1186917,81
1151999,63
1207102,62
1192156,58
1226763,62
1434274,67
1337949,59
1040562,50
1160472,73
1156193,73
1248747,46
1227492,43
1099568,223
1275063,200
1253582,196
1043906,174
1436089,177
1026803,177
1190415,229
1128432,185
1029605,175
1263106,154
1183611,283
1481991,807
1178623,212
1409516,296
1157955,336
1185489,295
1452021,2065
1210378,1873
1031376,249
1177597,233
1409502,23
1257355,20
1413100,20
1211003,16
1096378,16
1345861,15
1421914,15
1276698,278
1103064,277
1057956,277
1405565,253
1202685,271
1366788,257
1338435,285
1447615,335
1409269,328
1197167,232
1035001,247
1350978,270
1306161,269
1366727,243
1380882,270
1233397,274
1332984,323
1144564,322
1304218,347
1395217,247
1065392,90
1066756,89
1370689,89
1186797,88
1183418,96
1177408,93
1282300,102
1460464,119
1089717,126
1156808,107
1495432,63
1297290,65
1100886,69
1464389,64
1251720,64
1239853,61
1344807,74
1189431,74
1327017,70
1211035,63
1001797,701
1131807,704
1494899,698
1268958,687
1288154,776
1203405,743
1040370,901
1044833,932
1350447,908
1347690,776
1044455,27
1477801,27
1094263,26
1348081,25
1457172,25
1235797,26
1091749,26
1462573,28
1244735,28
1242870,164
1024593,160
1368146,155
1153680,155
1298252,361
1444981,310
1261913,202
1404886,191
1061342,183
1172110,147
1272052,140
1275436,611
1352301,103
1088922,111
1142032,136
1009193,114
1184241,1758
1274934,1479
1320020,858
1155127,99
1207458,380
1408017,360
1090667,366
1397788,365
1227739,393
1362484,370
1097531,447
1082537,460
1484097,462
1325444,353
1251276,34
1309343,36
1103196,41
1394008,35
1047128,29
1340919,38
1342347,39
1478158,26
1358927,41
1062782,45
1011715,41
1214193,38
1366131,30
1189909,36
1307236,36
1220551,30
1402459,38
1392162,40
1446122,34
1043188,32
1230082,33
1305994,29
1348778,33
1002960,49
1489067,36
1269724,30
1045443,423
1326150,404
1467198,434
1027897,360
1432174,1350
1248475,1359
1393876,553
1162245,497
1274195,1813
1261856,1365
1334116,42
1185549,85
1493370,71
1357046,104
1230268,66
1280515,33
1165845,39
1435470,43
1410218,35
1427121,60
1419156,51
1226413,17
1384055,28
1246091,26
1067532,27
1464252,26
1133732,27
1223903,31
1045510,101
1391305,100
1226448,103
1107663,111
1341061,98
1362854,88
1498099,120
1209334,133
1135795,125
1315178,112
1130481,31
1463428,241
1278200,216
1393458,28
1391624,38
1270020,41
1225582,34
1063501,125
1357869,118
1014892,133
1247520,119
1336840,128
1211469,118
1059036,132
1176566,123
1132246,111
1292348,100
1254416,39
1276415,37
1070659,37
1329123,28
1160584,29
1428803,28
1466539,29
1091359,25
1486528,22
1432211,71
1330381,67
1034776,71
1131866,71
1143621,71
1002286,72
1085415,78
1134920,96
1341225,95
1415100,78
1252167,223
1051889,225
1439963,218
1324815,210
1437561,218
1188982,207
1407599,237
1290623,264
1359200,268
1118472,211
1311604,143
1031757,161
1056240,163
1474016,155
1180599,146
1320888,156
1009958,197
1020232,143
1336350,144
1381030,129
1003702,77
1297632,76
1315655,77
1189968,71
1369244,69
1091740,66
1214002,75
1186897,73
1161849,69
1115766,62
1365940,100
1027637,101
1378297,104
1253091,100
1126539,199
1327372,164
1401921,119
1104114,121
1459400,114
1263309,93
1336623,87
1075826,102
1085349,109
1110209,105
1103290,92
1267654,90
1216595,111
1097353,79
1212254,89
1084827,77
1371347,150
1155726,150
1240789,163
1171370,161
1265660,163
1018252,172
1493141,158
1093559,194
1447467,191
1473259,147
1347256,133
1394977,137
1392377,140
1310599,134
1195053,158
1275321,133
1051713,166
1184351,138
1113836,137
1132798,118
1436870,106
1409226,99
1150362,101
1228678,102
1369151,136
1227977,142
1206279,170
1372105,126
1380214,154
1339516,126
1389987,460
1072901,440
1203450,431
1455635,453
1247179,505
1278100,489
1448482,629
1459132,439
1442394,452
1131544,334
1181234,150
1273574,90
1455968,123
1233302,120
1443559,120
1347087,113
1041709,138
1349855,172
1198557,184
1221492,147
1465453,240
1333678,242
1090753,241
1462747,211
1177417,217
1193051,210
1196763,255
1278502,216
1185545,205
1481698,164
1404091,36
1461497,33
1173571,128
1083108,177
1002205,27
1447555,26
1319625,32
1176790,30
1238226,33
1391315,50
1113235,50
1163319,51
1190560,54
1404369,50
1264727,45
1482729,67
1058895,63
1238793,37
1361780,37
1478370,392
1411161,375
1408190,377
1409562,332
1456972,369
1276208,340
1490001,442
1486353,490
1000127,442
1366757,349
1346060,470
1366689,482
1152927,448
1085039,393
1308005,1171
1416818,1311
1157372,593
1035677,549
1043744,492
1275513,400
1427226,64
1428931,96
1482270,94
1337955,96
1074040,97
1223872,75
1056054,140
1045111,112
1466260,121
1271724,117
1362659,113
1466995,119
1019525,113
1013636,114
1026870,142
1368359,140
1495646,137
1364816,116
1170240,41
1039898,41
1412137,41
1169338,34
1042017,94
1287984,58
1498396,32
1176996,35
1077306,35
1491374,31
1145664,112
1066734,104
1374651,125
1279324,112
1409608,121
1009256,97
1157723,129
1071832,158
1076420,154
1331136,124
1346673,16
1452741,15
1468212,15
1230784,17
1190650,15
1047101,15
1420224,65
1005457,42
1404012,58
1323173,44
1190479,42
1444164,28
1322332,148
1393220,148
1195731,151
1037225,96
1290352,146
1369208,170
1399477,120
1464990,222
1191994,176
1317160,192
1291135,263
1304893,305
1260429,308
1430497,335
1140847,348
1151498,347
1217377,337
1443512,404
1353405,427
1107486,366
1317910,27
1368716,345
1010055,204
1081143,47
1010965,43
1016213,37
1263775,36
1189397,95
1405401,97
1266638,97
1276585,88
1180684,123
1059213,140
1344474,168
1438853,102
1363716,101
1250158,50
1152407,97
1496385,76
1304461,137
1069061,91
1435255,43
1167009,53
1245685,53
1232151,49
1078016,36
1474949,80
1096408,77
1121882,80
1108739,74
1347317,135
1110144,128
1442709,98
1036582,96
1412982,91
1324501,75
1073283,77
1411916,71
1263486,74
1050056,88
1123493,76
1020169,67
1186919,79
1214037,80
1457953,51
1155273,47
1123649,274
1358951,338
1095885,259
1188104,235
1109153,243
1498548,237
1242079,315
1282712,266
1197982,249
1396460,208
1367131,363
1413681,1250
1487661,331
1219708,311
1460528,361
1468717,357
1452919,2772
1149490,2481
1391982,307
1198228,269
1426036,20
1120019,16
1072591,15
1020410,13
1078483,13
1128180,16
1325280,15
1278821,403
1436586,417
1029722,437
1134426,404
1261036,401
1178195,373
1086893,463
1170114,522
1038318,504
1088809,424
1133401,122
1189592,129
1170403,128
1003089,131
1299976,120
1180067,32
1245737,283
1209341,202
1009944,226
1341596,100
1386673,194
1234362,205
1288681,198
1493343,211
1265338,211
1121206,210
1032317,242
1455226,270
1411958,242
1141862,222
1419869,42
1021598,45
1352516,42
1356988,41
1108704,469
1349640,467
1233603,477
1240827,445
1054033,519
1398644,493
1303762,624
1272724,671
1423160,677
1055961,597
1260085,15
1403827,15
1481291,15
1432968,158
1452142,147
1249247,151
1379067,145
1105641,347
1073716,319
1045265,210
1296384,194
1031252,169
1367777,146
1434558,165
1253275,1494
1052291,129
1212523,108
1397951,143
1112208,128
1045583,2670
1052724,2314
1052729,133
1330575,89
1029294,364
1013001,343
1081183,353
1485036,341
1256807,384
1203716,372
1414123,463
1250749,463
1434042,472
1048122,375
1116916,51
1004559,37
1348312,42
1090148,29
1354566,29
1102343,27
1049158,28
1210473,40
1161610,31
1443205,26
1425213,25
1249853,25
1223675,39
1076570,32
1148902,29
1388739,444
1007829,416
1159448,439
1295887,361
1446997,1570
1440035,1560
1041969,563
1350903,505
1402515,2211
1104654,1623
1465066,39
1086170,80
1472881,85
1289905,102
1392324,75
1067586,37
1001468,39
1067176,44
1359146,40
1323950,31
1062551,74
1034912,42
1203135,39
1048644,13
1180443,26
1040065,25
1494499,24
1466396,22
1091873,149
1389761,147
1473048,169
1339668,150
1310744,138
1439011,124
1083428,180
1315271,180
1010745,164
1219262,146
1220063,26
1014438,31
1093831,187
1320813,193
1346889,29
1283548,18
1241028,38
1076152,32
1225059,34
1487998,175
1433590,165
1434557,180
1239454,169
1467330,192
1365830,177
1138191,210
1432490,197
1267627,184
1019901,163
1118233,33
1189202,32
1263331,31
1059297,26
1416214,24
1055724,25
1249086,28
1327869,26
1392951,23
1041163,186
1196547,193
1380448,197
1384588,198
1238821,197
1130148,192
1055993,226
1386679,256
1080744,260
1055252,234
1160680,114
1085396,116
1390416,122
1412215,111
1100598,113
1442542,103
1333339,123
1491136,142
1129473,141
1080418,119
1237295,149
1446998,163
1449484,188
1333400,186
1064627,154
1341028,231
1352502,192
1184457,202
1218820,210
1125676,152
1335892,44
1498333,46
1180295,48
1468730,40
1155218,43
1316740,43
1318234,47
1283246,52
1130000,48
1459415,42
1176325,145
1015877,134
1297507,139
1205048,124
1369188,273
1176486,231
1341438,207
1104071,164
1020171,137
1168271,120
1174176,59
1383428,99
1228081,76
1120872,86
1254272,116
1461596,66
1042497,64
1164067,46
1162719,52
1461189,55
1305167,52
1171637,54
1386951,51
1135964,67
1064678,70
1059530,69
1101560,63
1304645,144
1082523,152
1174789,168
1003698,179
1253157,145
1095952,177
1056008,183
1078061,168
1441886,162
1385303,149
1345375,61
1271433,59
1281895,67
1115907,64
1179550,89
1083637,103
1266241,93
1385890,93
1464689,78
1312971,578
1242304,526
1358481,539
1252129,628
1234652,689
1006772,637
1335737,774
1082713,588
1011159,573
1039116,120
1245920,58
1412193,79
1487103,80
1484137,84
1338495,81
1487433,99
1022987,126
1428133,134
1294128,112
1221310,475
1361824,441
1117178,438
1023369,382
1194420,425
1425859,407
1015144,507
1264805,433
1316991,407
1382469,355
1151863,16
1190515,113
1221392,81
1311200,21
1180736,43
1448616,44
1361892,46
1141506,46
1237245,46
1159657,39
1250645,47
1363943,50
1149041,27
1096323,675
1350701,684
1065455,645
1142409,628
1488944,693
1020912,640
1436609,757
1253895,853
1165678,806
1327823,674
1176823,813
1101710,758
1141921,753
1385350,706
1157741,1732
1151119,1632
1161188,870
1315527,836
1369399,779
1460667,632
1194932,135
1115132,162
1264565,122
1075641,146
1246631,165
1411198,140
1140498,188
1313588,214
1315048,215
1383782,149
1027016,137
1191829,141
1112122,148
1479265,135
1126587,125
1195982,120
1314692,165
1493689,165
1039169,157
1401014,146
1413802,104
1374584,101
1224680,96
1029041,84
1175602,189
1447145,135
1300870,90
1483261,92
1413577,81
1176990,61
1181520,105
1025776,105
1177948,116
1203571,113
1209590,95
1058406,99
1304622,130
1301362,139
1232376,125
1348216,102
1323477,233
1060474,246
1494909,160
1236863,213
1315101,232
1021195,144
1091479,262
1258153,287
1404475,310
1332940,263
1171521,186
1434146,189
1300093,190
1119480,201
1297275,205
1120782,205
1457486,230
1146680,264
1134271,279
1281939,228
1232717,56
1246974,60
1070455,342
1050349,305
1023950,64
1426156,54
1381963,78
1030017,70
1000438,56
1119483,56
1349533,288
1449142,295
1337248,290
1200866,288
1290309,392
1418797,379
1164582,438
1303136,289
1347698,331
1493799,264
1447686,210
1146210,257
1403685,256
1476020,291
1018738,233
1130157,156
1046978,203
1331178,194
1257741,190
1322423,146
1261811,147
1141743,136
1370665,128
1035256,118
1479691,204
1400324,175
1415004,150
1038432,146
1336056,136
1187092,115
1193098,131
1458214,129
1039561,133
1074938,147
1223395,136
1456334,105
1149120,149
1172680,93
1116900,72
1269834,500
1056163,476
1098695,490
1178203,405
1061470,459
1354722,407
1066795,528
1170494,495
1488737,454
1097182,372
1425142,467
1005746,1549
1369118,474
1260005,476
1010852,544
1215951,510
1438319,3262
1100299,2335
1081163,528
1459649,442
1180223,75
1238801,59
1070150,61
1165612,54
1480839,43
1157017,46
1156189,47
1287339,48
1307947,40
1217805,38
1385333,627
1009702,603
1479251,622
1253248,573
1245868,601
1031763,556
1477396,653
1489091,730
1485086,709
1276165,585
1371595,248
1228275,265
1456589,255
1393900,268
1451902,198
1484282,260
1353419,324
1477668,373
1093917,335
1415280,280
1060921,112
1441064,119
1036623,126
1334537,126
1131845,130
1233303,130
1052105,143
1130360,164
1140184,171
1097453,140
1016845,140
1177882,142
1297460,147
1119491,166
1043097,116
1427114,140
1149568,173
1118707,170
1021503,164
1338844,150
1460444,1783
1476535,1628
1297121,1583
1141103,1605
1274933,1736
1435122,1713
1486477,1888
1195364,1969
1301491,1956
1059056,1780
1419190,48
1273467,49
1120980,44
1288632,41
1272229,42
1012823,42
1424258,43
1114584,43
1365258,40
1497466,330
1486369,309
1280462,301
1329993,273
1015668,697
1162775,545
1239627,407
1191627,378
1102060,366
1232474,316
1211593,251
1411245,1559
1022614,211
1203568,229
1106084,262
1485205,215
1373998,3059
1062654,2193
1201316,264
1370105,217
1139730,846
1301842,770
1251244,767
1183358,781
1059732,812
1151274,814
1072415,968
1469941,1027
1288037,1022
1325139,862
1231223,100
1190669,108
1376192,112
1146955,95
1056018,100
1258889,108
1218561,101
1466508,86
1109609,72
1335827,148
1165522,148
1110279,156
1143313,151
1083501,145
1428672,139
1219047,143
1259870,165
1342405,156
1354416,136
1271440,998
1118621,1023
1192681,1002
1028746,959
1031614,2473
1392506,2078
1343631,1141
1185820,1170
1356333,3199
1307954,2716
1336105,144
1187686,181
1489882,177
1123496,214
1322525,185
1477958,107
1462588,141
1098622,128
1207399,127
1465439,104
1198021,172
1474866,95
1311455,97
1033015,50
1090571,75
1232737,55
1300878,62
1483287,61
1188526,54
1270382,61
1306234,184
1378503,181
1296522,196
1478474,190
1111452,168
1428885,170
1078876,222
1426995,210
1310613,195
1284993,177
1248779,47
1286196,446
1311264,357
1389854,46
1467104,62
1471259,65
1498881,49
1130256,63
1062490,260
1043605,266
1026057,276
1468053,264
1150560,281
1110568,276
1162730,312
1358189,300
1257386,282
1061706,236
1052384,219
1200598,225
1264244,217
1294669,221
1425440,223
1145895,224
1144262,248
1076977,274
1054344,289
1377594,227
1115056,371
1292390,366
1166952,395
1384513,360
1093599,386
1367894,362
1119869,439
1070129,441
1394194,468
1002435,397
1180646,380
1485809,377
1211075,398
1313206,461
1494204,414
1434483,378
1099251,443
1025379,379
1477569,356
1055674,297
1010243,152
1037655,160
1401737,167
1022228,163
1097803,159
1076303,155
1480464,183
1233512,180
1406320,173
1423616,147
1246502,210
1302001,203
1073776,194
1363056,184
1471341,392
1253143,372
1453040,260
1301753,243
1404546,241
1392729,200
1451807,155
1409671,165
1122214,175
1211769,196
1437385,146
1217993,172
1161892,218
1229478,221
1213094,227
1297883,205
1012855,335
1418147,372
1286032,392
1099298,388
1479230,341
1179950,337
1124263,418
1184587,353
1029660,333
1357396,305
1463406,302
1418001,299
1342588,305
1161315,288
1046297,386
1153933,386
1231645,446
1287870,305
1193177,345
1487003,294
1230693,829
1398262,836
1345832,795
1267250,891
1432764,907
1301486,841
1069354,1025
1245836,853
1275241,842
1463775,717
1196334,419
1402996,196
1493032,217
1264183,219
1052529,226
1110240,223
1382389,266
1313142,293
1317341,313
1122806,257
1274226,629
1352572,599
1295323,622
1299017,538
1252039,606
1030444,557
1454269,651
1228734,614
1427970,573
1125886,487
1136112,47
1339197,62
1101505,337
1339810,286
1392791,51
1184046,40
1105735,68
1154260,62
1488663,54
1042242,47
1034878,102
1259675,105
1355647,113
1267774,130
1347236,118
1000392,101
1221328,127
1284731,131
1446589,73
1141794,64
1466161,396
1068090,295
1041144,331
1491093,288
1172503,328
1430344,283
1402925,363
1323039,338
1382156,348
1065731,262
1216354,211
1130102,200
1030597,221
1379599,161
1359056,596
1186410,586
1398042,270
1146321,217
1441295,211
1354132,181
1479808,114
1366617,107
1126860,115
1002342,107
1463533,140
1180427,102
1146882,144
1256418,142
1085624,128
1398280,100
1156018,32
1466660,35
1217010,35
1327864,29
1001108,66
1476698,54
1150678,30
1286496,27
1223345,157
1198378,161
1347688,168
1098095,155
1101245,177
1084840,139
1318929,189
1077102,207
1381116,168
1192516,138
1338874,17
1278449,16
1278499,60
1218247,62
1349858,60
1020219,50
1240731,48
1187353,70
1250784,44
1473793,52
1168482,29
1091234,16
1110776,67
1228744,95
1008610,19
1011775,22
1268989,21
1306448,22
1259442,26
1045010,29
1418055,29
1043212,27
1061891,64
1091493,74
1446133,73
1193998,116
1286572,68
1215083,37
1031438,47
1064741,42
1296913,38
1227442,32
1465660,92
1186359,99
1288078,95
1393617,91
1445824,158
1353206,117
1368925,101
1376133,106
1410979,96
1016413,72
1363984,167
1325683,171
1340269,179
1345716,156
1115561,159
1200166,153
1014090,205
1477799,173
1308074,157
1083942,138
1314516,289
1244449,1078
1073390,313
1062675,281
1441123,302
1355242,300
1317677,2005
1314338,1513
1148815,227
1395200,215
1118069,16
1350375,15
1162956,15
1020303,15
1352264,352
1476030,231
1049229,243
1207242,215
1360874,224
1308479,198
1143421,248
1408134,240
1207235,228
1430711,183
1343435,38
1382126,46
1247229,53
1323555,39
1049897,45
1028424,40
1017526,48
1329979,52
1129897,46
1415045,38
1220040,198
1275484,199
1272211,198
1290617,197
1321339,230
1458201,210
1219875,260
1085852,283
1334748,307
1224780,227
1389557,15
1224019,15
1002006,14
1058944,86
1439257,103
1197826,99
1161585,96
1078356,200
1164315,203
1117989,123
1037515,110
1348845,109
1009769,91
1399258,87
1111218,732
1282574,84
1167392,79
1184466,101
1271881,85
1352082,1358
1277718,1092
1070188,89
1159747,89
1445037,215
1332387,221
1146755,223
1125510,216
1468793,247
1474894,228
1246237,267
1468989,289
1264726,307
1023588,219
1049688,36
1212467,20
1225175,21
1235898,22
1023309,22
1344775,25
1131610,27
1103267,25
1003384,293
1118081,292
1105948,309
1191246,292
1141630,848
1483668,888
1004420,422
1077010,369
1296562,1585
1299196,1164
1257545,46
1104216,41
1330414,51
1212172,87
1470862,69
1180183,30
1476995,33
1303459,30
1170531,25
1370718,52
1191748,43
1280198,29
1301996,15
1364909,25
1011434,22
1458262,21
1217302,20
1194852,21
1049411,128
1182059,117
1252534,134
1233877,125
1297806,125
1339628,115
1203442,176
1061292,153
1070437,143
1400213,118
1480031,87
1486498,93
1160637,18
1095876,26
1161665,24
1215009,141
1340178,143
1197552,147
1397410,137
1104993,153
1051624,157
1296303,180
1209310,165
1129508,158
1169715,131
1463684,32
1378332,30
1426495,29
1331468,27
1079424,25
1357297,23
1416081,27
1196248,26
1089249,22
1173280,21
1313829,52
1448406,56
1010943,56
1268748,54
1065918,59
1306179,50
1045704,62
1403733,69
1096183,66
1457003,53
1316766,221
1379054,264
1184160,301
1464987,274
1492100,268
1133258,238
1401070,323
1105338,288
1179101,265
1078277,225
1255031,113
1213899,106
1405744,108
1410139,100
1424016,204
1459848,138
1269920,115
1451917,116
1325398,111
1045480,88
1345555,53
1131551,73
1191732,81
1103804,80
1483544,88
1002169,75
1228393,98
1442285,83
1276853,71
1005699,57
1394628,58
1491257,58
1020364,62
1254624,61
1427543,56
1483138,58
1264681,73
1086118,80
1218843,73
1303575,63
1137317,194
1181809,257
1263575,288
1020427,242
1247296,245
1459079,238
1432441,299
1489210,259
1173974,248
1180811,252
1004788,30
1090317,33
1221703,34
1040715,46
1304495,47
1189836,35
1231775,35
1147300,33
1252687,213
1185173,204
1002909,217
1024663,178
1394736,207
1427461,173
1093785,224
1066138,171
1006670,186
1163733,131
1196241,50
1368477,28
1311516,36
1041166,42
1484068,50
1370856,52
1151982,37
1395048,130
1390106,141
1299135,149
1317099,130
1445007,125
1072033,122
1320376,154
1108620,138
1288665,119
1389923,99
1305598,13
1193063,67
1237006,65
1036844,12
1310332,13
1225037,588
1176448,559
1014696,539
1145867,491
1293848,571
1202745,526
1319084,623
1401826,705
1398001,668
1316995,520
1449676,771
1366789,689
1009292,695
1464786,681
1376394,1344
1076725,1415
1488081,855
1300625,829
1457308,784
1222485,609
1309910,59
1487690,95
1261902,46
1063994,35
1238329,87
1383592,111
1236789,132
1450849,146
1210423,135
1118582,137
1250962,146
1371087,154
1061066,140
1075569,126
1396314,109
1126504,173
1021878,172
1483622,170
1166168,137
1460628,61
1425569,55
1013855,57
1117835,50
1037894,156
1343359,92
1325050,49
1373136,56
1414505,48
1011546,38
1302852,128
1295333,117
1476917,128
1237095,124
1166445,132
1367644,124
1036146,154
1400369,169
1221061,164
1304194,132
1092414,26
1145112,26
1021476,24
1455251,26
1265514,24
1098944,24
1381205,25
1396028,24
1402074,76
1496715,99
1376888,98
1037634,90
1143415,86
1293724,69
1421169,99
1197088,73
1278646,66
1133390,54
1064688,75
1450648,84
1302322,73
1272093,87
1223262,93
1429672,102
1110449,113
1322057,146
1076835,132
1214700,140
1223704,293
1476902,290
1265371,286
1130424,285
1198811,294
1045236,289
1309125,333
1495133,359
1338580,364
1408893,306
1293143,43
1312686,48
1262037,318
1093130,257
1104439,40
1223276,37
1428246,60
1166219,52
1433812,43
1029438,43
1394412,172
1463475,169
1073615,172
1312562,165
1104551,237
1170391,339
1211759,298
1280831,168
1122865,189
1364734,176
1425711,95
1374100,163
1159933,169
1371677,222
1217301,137
1239629,67
1147289,84
1100532,91
1397074,80
1218270,65
1084541,114
1078304,101
1060861,106
1090108,100
1394990,213
1354562,157
1251620,119
1237932,119
1381017,114
1044217,103
1459390,79
1373833,81
1001171,82
1454798,92
1075821,90
1064096,79
1073773,88
1197565,91
1315474,54
1219768,374
1338022,378
1229678,371
1109532,304
1494638,335
1032122,321
1165413,409
1475544,365
1387338,339
1410167,297
1172350,424
1058305,1526
1441315,402
1226927,372
1148821,452
1169225,418
1047892,3775
1327045,3324
1435007,352
1477335,336
1187218,32
1473646,31
1445208,31
1128443,26
1007092,26
1177336,26
1308369,29
1169740,27
1437845,26
1305204,588
1169115,572
1485207,541
1133327,511
1144895,534
1265135,478
1217432,585
1465199,669
1127418,647
1065475,552
1208945,226
1205027,109
1370543,166
1184858,140
1241780,187
1257683,127
1127095,199
1402380,260
1271788,262
1417694,190
1016090,191
1378218,197
1490162,197
1007961,193
1048476,203
1363750,203
1377977,223
1177453,254
1096484,270
1490021,229
1158592,62
1220323,63
1079738,70
1272815,64
1082719,64
1428980,61
1307591,73
1244359,81
1309989,78
1129187,71
1373369,1546
1159100,1536
1078309,1509
1444543,1521
1403090,1550
1091288,1568
1357059,1817
1258709,2012
1016250,1994
1291439,1814
1035769,25
1141007,26
1092629,28
1470124,27
1270442,28
1032642,28
1499459,31
1465076,30
1378578,32
1271294,251
1297171,233
1484782,234
1125260,219
1044825,440
1403738,398
1419512,288
1407678,264
1097909,250
1308103,223
1064482,146
1344498,1501
1019358,86
1197065,116
1014215,167
1465986,122
1221712,2888
1343053,2426
1150330,112
1064636,113
1171380,815
1257945,856
1164850,838
1317829,856
1494403,892
1372964,913
1028254,1088
1394819,1175
1239193,1160
1466747,1084
1456648,73
1035374,63
1154323,55
1142259,45
1449907,41
1083651,45
1193931,41
1317257,33
1260574,53
1430521,48
1009487,53
1302905,48
1164224,54
1005212,43
1353130,40
1051730,50
1057003,48
1024922,44
1047047,702
1012909,671
1446430,720
1004539,740
1297841,2728
1190458,2587
1300063,852
1483559,826
1492798,3500
1289811,3065
1236266,61
1042049,102
1156490,104
1040519,136
1233817,81
1209622,50
1344427,60
1232899,58
1435021,55
1397443,42
1106569,108
1370150,55
1290947,57
1053250,21
1093368,41
1100342,36
1040528,34
1236914,177
1178409,198
1276499,194
1292548,190
1091700,186
1201373,179
1179723,215
1021693,227
1383719,210
1171600,183
1325197,37
1098189,297
1389806,278
1346354,37
1343497,51
1018121,43
1147448,48
1439086,174
1297322,177
1392169,187
1180066,261
1125019,198
1091233,201
1148765,246
1422960,240
1269068,236
1464291,191
1242518,50
1059185,48
1340927,48
1227103,40
1083081,39
1476267,39
1442954,39
1310205,40
1462837,33
1233491,30
1342926,352
1165718,344
1127141,335
1253795,333
1312242,345
1427198,336
1326605,374
1135723,405
1303003,411
1255517,335
1334250,245
1226115,238
1221502,250
1129603,244
1300912,334
1066331,354
1055924,368
1135533,391
1412599,415
1381463,372
1018619,238
1280720,278
1495944,299
1039816,359
1022447,322
1095815,280
1166087,320
1116674,290
1342580,309
1100337,256
1403792,71
1243588,82
1375821,78
1009681,70
1125124,68
1375223,84
1334811,75
1111727,79
1203809,73
1124837,68
1006036,227
1089355,193
1023077,180
1088502,174
1154308,387
1361686,345
1001984,232
1265825,219
1370764,208
1102828,166
1004325,78
1376221,105
1478833,80
1478982,89
1394276,82
1076577,117
1165520,83
1238261,89
1498440,68
1181820,92
1346625,95
1062616,97
1207682,101
1178918,106
1301717,89
1283401,124
1376997,133
1274050,128
1071845,119
1391787,202
1387016,241
1457848,259
1419824,239
1458527,229
1045618,280
1341626,273
1231600,250
1419408,255
1493367,231
1045597,85
1315063,92
1236135,92
1099461,93
1200980,125
1396714,202
1344886,259
1099376,132
1473464,150
1172936,135
1174606,917
1463004,864
1383441,818
1132416,923
1486024,934
1475054,907
1480696,1012
1392220,818
1218477,859
1391805,712
1380357,295
1284608,102
1497786,130
1257181,140
1329389,163
1131741,162
1333616,187
1149680,219
1254249,228
1055471,205
1074653,487
1394503,469
1395980,467
1256087,419
1149138,448
1423280,407
1038388,509
1410171,449
1317093,418
1296819,376
1481530,41
1325113,236
1260387,105
1404040,33
1090120,29
1120131,43
1472113,37
1331429,36
1180567,39
1381332,68
1137404,70
1258488,68
1013599,68
1163018,61
1083750,73
1355784,75
1273699,40
1221446,405
1074066,259
1265692,292
1454467,238
1109664,269
1259106,286
1353996,317
1449409,316
1393405,285
1347221,207
1270817,225
1044231,240
1202376,256
1475127,182
1425943,806
1190637,788
1066705,333
1443612,247
1074216,241
1287822,184
1325209,45
1203492,50
1182168,68
1278151,49
1007474,54
1458641,47
1054272,73
1238139,87
1255484,62
1063187,41
1437236,46
1014725,46
1296501,41
1270123,40
1122246,102
1315303,80
1077352,48
1118613,45
1315359,39
1067323,30
1250269,66
1408921,82
1277776,68
1182721,59
1055751,64
1311052,73
1005347,82
1143886,70
1494235,58
1374299,15
1312726,15
1047397,13
1067203,16
1285850,59
1342935,59
1210576,62
1416916,57
1238947,50
1491185,44
1023806,52
1253183,39
1450451,36
1203153,25
1294764,14
1021481,70
1388663,62
1005817,12
1052769,18
1463481,16
1345403,30
1214405,31
1360048,31
1379939,41
1450536,85
1110389,95
1328210,104
1479518,163
1317775,61
1244418,55
1490466,57
1344579,45
1406296,41
1332403,35
1263164,84
1228342,82
1423496,90
1194920,84
1354931,95
1038199,87
1497822,103
1439583,105
1207936,90
1334538,63
1346629,29
1444033,30
1428610,27
1084617,24
1072459,28
1143336,29
1078228,26
1240376,23
1129647,183
1371024,181
1337771,212
1272173,165
1250737,191
1395336,179
1077178,217
1412257,176
1133657,168
1141832,145
1005610,602
1051619,946
1291501,615
1224135,588
1452525,645
1241673,591
1130888,2674
1136512,1930
1198927,555
1379462,462
1328618,15
1084551,14
1492201,14
1388229,15
1116211,119
1025464,97
1172770,108
1432452,96
1025860,101
1295788,91
1185678,104
1210461,136
1405891,129
1164030,97
1191446,40
1405911,43
1047099,43
1492888,40
1167184,54
1400097,55
1423468,48
1192481,42
1113951,160
1075058,148
1395991,166
1060374,169
1344988,191
1379139,181
1216578,228
1347909,251
1124487,275
1314422,209
1133017,16
1122672,14
1208622,15
1174195,16
1052297,104
1436823,101
1076795,107
1403006,99
1076963,120
1191952,103
1235630,122
1238367,110
1427300,103
1032658,79
1207270,221
1161743,783
1298916,461
1026022,237
1193241,226
1171101,213
1164137,1650
1321775,1376
1378647,224
1231116,173
1095435,190
1323949,184
1395799,185
1145737,182
1238384,201
1042036,192
1351219,227
1085203,231
1371386,256
1219723,191
1374416,29
1189323,24
1337676,22
1003680,28
1022823,26
1082992,25
1474734,23
1342334,57
1175207,55
1033599,35
1129747,33
1057371,27
1495511,23
1354900,27
1425005,27
1368872,24
1433769,22
1349382,45
1250534,33
1080873,50
1139207,29
1018091,27
1147190,41
1128435,35
1157339,53
1276177,496
1450019,471
1174173,498
1261967,502
1107899,1102
1287052,1145
1234527,886
1498591,716
1147438,1847
1228840,1236
1114215,60
1179414,76
1177028,79
1216396,118
1248865,43
1060936,42
1402609,40
1011086,33
1201586,29
1102627,26
1175109,34
1279214,28
1443674,16
1422706,85
1221151,75
1131821,84
1490426,73
1049070,75
1169917,67
1327124,108
1112819,105
1323892,96
1456199,80
1330908,47
1351797,58
1229044,14
1101241,11
1161125,16
1060114,14
1015937,14
1410873,203
1174564,200
1191920,209
1125314,210
1062361,222
1475531,202
1373526,237
1219223,222
1345121,204
1316865,160
1194915,32
1391656,30
1248453,25
1089414,25
1101295,23
1455678,26
1381518,22
1301363,18
1363338,96
1408074,91
1204391,95
1153172,100
1385784,114
1094777,98
1287845,111
1052223,120
1087971,120
1015674,97
1013988,516
1103117,463
1424721,513
1452145,449
1114030,451
1415291,449
1025202,568
1064176,484
1265298,439
1282575,372
1370636,85
1148724,82
1293002,82
1198272,71
1263025,87
1125955,71
1366177,91
1150078,83
1217839,76
1264814,69
1035972,127
1444561,106
1111719,113
1182641,105
1305667,107
1303118,109
1419860,102
1222718,79
1090797,101
1443743,76
1371785,53
1474865,52
1163334,60
1402147,56
1294333,56
1131529,55
1416476,67
1237795,72
1168507,69
1306170,62
1076467,370
1379585,352
1434055,381
1019051,298
1342691,337
1210023,330
1254730,431
1028198,354
1215471,328
1484039,263
1344207,34
1132553,36
1036433,36
1199141,35
1443462,44
1413086,45
1397477,58
1307344,46
1205066,53
1307499,44
1067824,230
1273706,233
1042603,249
1090725,197
1350396,239
1238736,214
1471183,276
1229870,210
1497134,218
1120206,136
1234483,60
1238365,31
1078467,57
1006405,60
1066302,42
1214466,54
1265100,63
1237497,63
1269056,48
1015263,218
1060235,215
1174360,219
1479343,188
1247572,183
1033654,186
1260212,227
1010680,197
1296051,188
1387077,157
1162720,19
1012076,20
1338102,14
1205675,20
1152949,18
1458882,18
1237811,374
1033758,391
1499951,391
1053599,337
1404089,402
1418689,346
1285966,449
1234568,492
1242215,418
1077297,344
1231512,481
1117072,483
1091750,500
1147110,421
1027059,1281
1363829,1185
1060391,639
1296093,583
1411783,536
1076732,416
1102338,151
1167549,188
1152757,195
1103421,190
1408137,170
1250988,189
1315404,231
1275358,252
1256963,251
1427933,218
1306276,106
1112398,101
1457331,133
1202120,114
1321446,114
1029940,96
1274550,137
1179351,155
1308289,140
1202474,107
1306442,43
1287716,43
1317791,42
1104534,35
1426930,89
1347464,56
1018032,34
1450217,37
1356206,36
1393103,30
1281383,87
1239082,86
1018331,103
1290273,96
1022303,89
1328781,87
1321002,129
1466438,130
1021318,119
1362220,96
1282522,27
1208631,26
1119538,23
1414474,25
1219364,25
1253166,25
1349187,27
1458875,25
1115978,76
1351227,68
1109039,72
1117896,49
1472568,68
1492493,37
1036719,240
1442242,238
1290442,218
1461010,186
1263119,194
1171474,196
1068463,244
1098663,250
1285209,310
1379975,200
1004280,97
1468273,97
1054292,99
1411885,106
1272392,112
1298954,121
1449468,123
1027500,151
1074865,161
1306435,134
1402334,38
1249185,51
1350424,334
1027208,312
1444476,41
1274272,34
1099884,59
1445659,52
1176168,43
1129742,40
1258874,167
1345579,155
1308325,155
1210380,150
1392336,241
1197638,225
1129536,275
1261211,170
1432540,197
1132812,180
1140900,70
1035004,140
1328690,123
1236944,167
1072931,103
1214395,52
1217642,63
1058775,57
1233784,62
1027593,44
1423030,121
1486929,113
1036243,113
1380531,109
1028031,152
1357262,126
1076524,119
1166204,122
1006312,119
1287529,97
1088111,46
1474529,48
1143054,50
1258914,48
1441756,43
1006816,53
1284992,45
1302350,35
1441293,32
1494423,320
1037582,308
1186135,342
1035444,248
1412430,279
1471318,268
1302798,365
1140942,314
1352739,292
1444822,235
1180697,444
1288985,1512
1498800,453
1062934,355
1002696,461
1204196,447
1416492,3339
1113253,2548
1353961,380
1320692,337
1224947,29
1418302,31
1384132,28
1252877,21
1161599,20
1173529,20
1407391,21
1391735,403
1095368,419
1291104,414
1164263,361
1236985,388
1397015,353
1202662,431
1257054,467
1188918,450
1307324,368
1061800,272
1306774,256
1010856,271
1099608,253
1115724,215
1125554,235
1140698,321
1220959,343
1389206,319
1268227,279
1240408,118
1235156,123
1262731,120
1249918,126
1313158,126
1460940,127
1357469,136
1485800,161
1006987,175
1456848,148
1285816,102
1277532,112
1119159,110
1365522,103
1251959,106
1134918,89
1281698,103
1170505,121
1460584,96
1170339,93
1359066,912
1328835,884
1375031,868
1180363,846
1079995,940
1468705,909
1041884,1103
1161571,1169
1049477,1187
1363599,1040
1233504,26
1459135,26
1418509,28
1493410,27
1040420,26
1030025,26
1290035,25
1184610,26
1093868,28
1235293,224
1051981,225
1388536,212
1112176,200
1150649,477
1114185,335
1306071,278
1382323,257
1014526,245
1103982,221
1111935,200
1258199,1584
1377853,167
1203979,146
1019804,188
1406890,161
1357343,2975
1415791,2523
1013842,149
1325819,107
1191706,624
1131459,560
1336230,584
1425283,563
1320850,619
1057220,617
1490464,748
1245748,778
1433608,771
1027214,651
1080063,52
1126189,50
1418559,35
1424045,34
1463075,36
1474709,36
1124673,26
1194601,30
1262092,32
1223819,49
1165334,32
1298535,30
1090792,43
1491705,29
1438548,34
1124545,34
1455070,32
1239125,443
1333514,413
1380095,447
1140243,351
1160343,942
1243839,947
1021807,670
1130037,608
1440281,2362
1273879,1684
1265408,37
1151818,86
1346361,81
1292333,123
1252777,65
1267738,34
1063344,39
1068820,42
1260624,29
1452241,118
1014950,55
1067474,71
1401322,25
1204393,43
1435552,37
1303906,35
1038580,32
1019593,213
1251424,215
1222327,219
1217414,195
1162493,191
1065461,187
1094705,237
1035017,234
1286859,234
1046651,209
1455922,33
1137631,355
1040830,234
1294878,45
1247132,25
1010388,50
1363337,40
1325129,48
1142696,266
1301239,257
1084390,274
1072219,246
1338035,265
1009375,268
1037247,299
1282209,278
1208037,265
1457135,222
1320138,46
1220238,43
1478119,42
1019734,36
1055862,36
1354636,33
1014814,37
1270332,29
1081737,61
1407633,60
1014398,57
1491825,55
1270741,59
1040458,57
1093081,62
1479989,80
1295162,76
1293636,63
1051218,365
1096610,380
1109216,368
1491934,348
1325802,372
1279856,351
1041468,415
1038351,418
1312390,424
1077444,353
1034569,203
1348908,201
1356772,221
1449864,249
1382979,181
1417525,213
1289590,248
1140301,213
1107381,216
1049531,177
1330395,80
1304104,78
1463362,82
1322487,74
1076412,77
1358172,77
1101734,95
1310017,89
1060069,83
1197296,73
1180839,147
1344920,147
1004828,143
1266015,141
1235237,316
1156851,235
1324338,193
1321628,174
1257443,164
1417117,141
1463442,76
1127666,107
1184220,98
1451779,82
1005436,81
1178960,84
1288797,113
1038899,79
1264535,79
1343261,70
1090050,134
1447677,130
1280003,140
1285815,152
1089192,128
1200656,138
1171313,161
1235880,172
1449369,171
1287691,149
1299126,138
1079774,147
1332266,164
1229811,166
1062210,134
1062104,148
1104032,196
1328757,169
1493096,162
1371361,149
1464606,121
1444631,120
1202718,118
1488002,120
1153686,165
1007842,178
1425079,212
1197475,137
1437825,146
1015345,464
1359792,477
1389163,466
1002689,467
1280135,526
1228164,481
1068045,606
1068382,474
1127032,464
1475728,365
1324560,199
1149962,99
1161738,121
1270394,146
1266485,143
1099379,144
1404662,213
1396212,242
1025197,252
1437767,212
1242898,342
1087842,344
1374875,327
1333723,291
1206548,318
1193522,292
1055113,365
1319063,324
1033641,308
1349975,245
1086605,30
1491536,29
1381527,172
1490168,193
1115261,25
1470240,27
1343554,32
1003166,31
1076264,39
1198829,42
1436892,42
1336163,49
1359435,45
1406006,42
1228411,37
1095767,46
1479107,50
1433670,28
1112065,30
1170791,258
1345683,228
1433582,245
1228255,211
1312287,240
1193512,199
1443615,256
1430898,288
1492660,226
1307783,163
1227060,335
1174088,338
1456565,344
1420269,304
1304477,586
1308904,735
1077994,433
1495715,365
1399551,352
1183503,275
1195179,139
1441260,137
1454430,139
1044544,131
1203407,132
1292029,124
1222883,150
1037300,145
1221223,144
1462723,117
1402079,40
1324129,38
1310176,41
1395065,33
1399254,78
1422826,68
1322590,34
1403469,35
1432116,32
1113063,29
1332509,145
1446201,136
1149507,148
1415178,130
1053667,136
1197479,130
1123521,152
1253597,153
1131618,167
1110181,109
1072892,25
1366226,28
1406814,25
1399900,25
1453972,24
1143501,27
1384906,25
1299966,69
1349681,55
1462077,45
1191532,65
1410443,56
1277208,58
1089516,32
1473125,42
1025898,39
1481945,156
1342457,129
1399342,33
1262038,32
1158328,47
1444289,40
1211619,47
1041733,41
1359903,52
1319788,56
1094142,54
1186546,54
1243712,63
1443685,61
1160800,80
1112142,58
1343542,65
1034394,59
1250665,100
1366207,142
1168628,137
1462832,143
1319647,91
1490847,68
1327465,79
1242046,67
1410134,59
1267932,51
1290868,141
1023440,137
1259984,141
1003155,126
1490242,141
1201903,118
1483945,135
1280071,126
1345002,124
1427380,94
1342252,99
1051272,104
1121108,105
1067445,78
1341870,84
1054616,72
1069917,89
1128963,77
1094414,62
1215898,61
1052668,261
1144863,258
1221336,255
1343682,214
1313499,236
1017949,232
1452342,273
1118519,244
1327104,224
1071026,197
1076214,568
1187657,1063
1295030,528
1085476,507
1385886,567
1284793,550
1308836,2356
1205106,2051
1101970,488
1021912,398
1277491,20
1318189,18
1284961,15
1396542,15
1441218,16
1308789,15
1170472,241
1326395,195
1102915,197
1490422,177
1338949,186
1400753,170
1281302,194
1262498,190
1373759,195
1020854,138
1079691,92
1373162,91
1313922,92
1470329,99
1043208,72
1498149,90
1209198,104
1130285,111
1350042,115
1015074,97
1390579,307
1436947,318
1045739,300
1318087,298
1223698,339
1436625,312
1383644,405
1045356,460
1121593,494
1114635,372
1488584,25
1010075,27
1363457,26
1078002,25
1380388,25
1147439,25
1138141,203
1236945,196
1369433,185
1379985,177
1424254,204
1441674,188
1280345,200
1022802,178
1166846,177
1377696,149
1173823,306
1217625,927
1164729,306
1326219,292
1068568,314
1003219,283
1278744,1693
1066418,1434
1410131,253
1298180,222
1473058,331
1463455,326
1248427,328
1173141,320
1471497,354
1455556,332
1305973,417
1456111,452
1311369,478
1084924,372
1394807,133
1002603,144
1345677,136
1174767,94
1237037,93
1477215,78
1266148,78
1285970,91
1347126,63
1239988,60
1424446,64
1380755,65
1179458,49
1013425,38
1207452,37
1404575,30
1461727,37
1083782,37
1318780,30
1154806,28
1222837,49
1494714,57
1452148,44
1442947,35
1105018,46
1182886,57
1475789,34
1224009,61
1092076,41
1190987,37
1435748,547
1301304,521
1110939,564
1390665,524
1445202,1054
1429305,1112
1093306,776
1122466,684
1017266,1711
1398485,1142
1426610,54
1068662,77
1419823,77
1072966,108
1186069,42
1490467,38
1123207,42
1494119,40
1405706,35
1211830,29
1457528,43
1208175,64
1257230,19
1211873,35
1321469,23
1454866,23
1101141,25
1221444,26
1438300,148
1190997,151
1053941,155
1083391,143
1187634,144
1154076,142
1373500,170
1102839,171
1083225,156
1165740,138
1196726,31
1364592,26
1458526,121
1008710,99
1014602,31
1010378,23
1084749,33
1442543,35
1458994,30
1337584,191
1031733,193
1106938,207
1481223,209
1448207,214
1061949,204
1470638,230
1202732,214
1091243,201
1260998,158
1095889,40
1008708,40
1234865,39
1388725,34
1053371,34
1369483,29
1189443,34
1338379,33
1069031,31
1429960,24
1186964,117
1202630,119
1269934,117
1339581,127
1436109,109
1101500,136
1023599,174
1442172,168
1157371,133
1051519,413
1053169,424
1385699,431
1107959,424
1144512,394
1289744,356
1350862,482
1374335,409
1055230,405
1095155,317
1448374,61
1122401,57
1160411,60
1066841,60
1320649,56
1118447,57
1046582,56
1467232,57
1023000,54
1363046,50
1048888,192
1440463,166
1480971,164
1104556,152
1099037,186
1382085,157
1426428,184
1342409,161
1003012,154
1210445,133
1342393,100
1476851,145
1376464,118
1233406,121
1150316,116
1153339,115
1282883,127
1412451,96
1352136,113
1041636,77
1028680,156
1488449,155
1470231,159
1196664,163
1135015,159
1222652,154
1419491,186
1261676,193
1377965,201
1337424,168
1390104,309
1401313,320
1439166,354
1197083,310
1224626,338
1044870,296
1395535,374
1031550,343
1058951,334
1272619,264
1355143,142
1077979,135
1247091,132
1239269,143
1401108,172
1244411,170
1106091,205
1409870,138
1419636,173
1396890,146
1046653,305
1101904,292
1359440,318
1324289,299
1268704,305
1064201,280
1332108,320
1219927,266
1111265,267
1201333,176
1282305,70
1015273,41
1003496,55
1333430,69
1253867,62
1487063,51
1371085,56
1254330,73
1385952,76
1341588,61
1133297,320
1088344,313
1269200,318
1494636,270
1257870,281
1141742,276
1321297,323
1368535,284
1437216,281
1109703,224
1179278,21
1255632,25
1187631,98
1418705,95
1041291,29
1436774,31
1455799,26
1143109,62
1011891,62
1098671,69
1331472,49
1470509,61
1336461,52
1167780,55
1121948,60
1021401,41
1052604,41
1363995,267
1136010,184
1232767,189
1290532,159
1428670,184
1394002,167
1391373,199
1405516,184
1237484,181
1060387,134
1478644,328
1109347,318
1144523,347
1355267,272
1114402,850
1251813,686
1009379,417
1006717,397
1376856,335
1164305,249
1467138,46
1469634,43
1126946,69
1142560,79
1034126,69
1405173,45
1264903,64
1116430,57
1118886,75
1452755,46
1300311,33
1181698,37
1413278,41
1325912,36
1424801,69
1385976,63
1126583,35
1411848,34
1245639,32
1074197,45
1258810,49
1355439,51
1391099,42
1094315,59
1011887,72
1403191,48
1218617,24
1344068,24
1057905,22
1354317,22
1023964,23
1368796,21
1395219,22
1407735,37
1262889,46
1345333,47
1471495,40
1392516,43
1373275,58
1437465,32
1414571,28
1134995,38
1170554,36
1171279,135
1314329,142
1077953,33
1073741,33
1323445,40
1411845,41
1245004,34
1205164,94
1357235,101
1056761,98
1292906,95
1374092,117
1344550,122
1177395,140
1351443,111
1428011,117
1190207,97
1074105,75
1203176,118
1272135,112
1021670,146
1321867,115
1084372,53
1373961,68
1435336,63
1176491,56
1321540,47
1262383,82
1007731,83
1018360,76
1041924,73
1459762,108
1486936,93
1355001,97
1418344,87
1334087,80
1304546,58
1096482,124
1008772,150
1499988,143
1269910,103
1471306,115
1290508,96
1234301,109
1455478,123
1382910,77
1111577,74
1186445,206
1114751,197
1463133,194
1366545,180
1345589,189
1097457,178
1207501,234
1206620,187
1166459,205
1189297,154
1155036,351
1034867,822
1054736,345
1030998,332
1131331,380
1225246,381
1232890,1501
1426081,1310
1476284,368
1482150,293
1190145,28
1289484,25
1052303,23
1454730,21
1423762,19
1327489,19
1259996,20
1051651,130
1001905,93
1224660,98
1076185,88
1143891,95
1175181,82
1075374,102
1044528,111
1105318,113
1017270,72
1154559,169
1112058,174
1387533,174
1337831,159
1225379,171
1201924,162
1227658,198
1119868,210
1152662,210
1276162,168
1025721,441
1457412,435
1251774,429
1380718,415
1262455,506
1043759,451
1153098,589
1142567,642
1044267,642
1263998,518
1133681,16
1322128,15
1381323,15
1143816,15
1097664,16
1091771,18
1404076,17
1481626,138
1427862,143
1300692,126
1004607,117
1285568,182
1089895,133
1111467,140
1428614,133
1410589,123
1255320,101
1112459,210
1276338,657
1104702,225
1146677,209
1417511,236
1137692,198
1199840,1058
1302643,955
1009642,415
1001037,186
1276142,291
1333143,282
1487777,282
1395108,286
1042584,307
1274476,287
1055703,355
1247424,373
1302516,418
1171030,283
1257617,94
1365501,95
1257346,104
1474262,76
1410391,73
1065521,63
1478066,75
1108700,71
1306433,56
1286442,49
1389878,69
1231344,57
1333981,54
1424822,33
1138058,39
1492576,34
1409649,38
1001450,37
1308291,33
1133040,27
1071661,33
1018080,31
1478849,33
1383628,28
1226202,27
1127373,25
1065120,28
1354994,30
1450673,32
1115906,368
1004246,381
1176343,414
1358268,379
1016244,1293
1168290,1208
1497528,519
1487577,500
1261598,1248
1210751,954
1465377,37
1049616,78
1054088,74
1014345,109
1157820,79
1008109,40
1296788,45
1129632,40
1270431,41
1095162,73
1469210,67
1157584,44
1414860,25
1357223,39
1387218,33
1137145,30
1112572,31
1104172,29
1088612,26
1230896,87
1345259,86
1006250,90
1310622,87
1166099,97
1431128,94
1072570,113
1115681,110
1220849,103
1048938,90
1285263,25
1438175,121
1229282,95
1349904,29
1264314,21
1007527,32
1483373,36
1197587,25
1116996,85
1286575,87
1323853,92
1349597,87
1174376,103
1259305,100
1446318,97
1165802,95
1134201,88
1352852,77
1496897,43
1188175,41
1378200,41
1214209,36
1137486,35
1242539,31
1241717,36
1060354,31
1138143,25
1060806,182
1297235,185
1249239,196
1024103,197
1318385,205
1015306,187
1102204,220
1331093,247
1112099,256
1096804,190
1150467,138
1145033,138
1206358,155
1497477,136
1153911,132
1248932,138
1459766,166
1153131,153
1491472,147
1136775,125
1440883,68
1485910,71
1107925,70
1432815,67
1028235,74
1490043,60
1494266,70
1150869,61
1245747,54
1331957,92
1088564,96
1306940,100
1018699,89
1448364,134
1036363,98
1383483,113
1213867,102
1029199,91
1032834,83
1498066,56
1439262,66
1376645,56
1142228,58
1343351,59
1269436,54
1301125,64
1379552,56
1287518,49
1021872,163
1291288,170
1451221,171
1091430,172
1396310,164
1120159,157
1217315,195
1142552,202
1468892,194
1050380,159
1106879,168
1309039,144
1344699,204
1488800,130
1244775,150
1020796,145
1263671,170
1497604,160
1053653,154
1297442,145
1483833,157
1088765,158
1135371,163
1185079,165
1414429,200
1124700,197
1097789,243
1469614,176
1089927,207
1092532,168
1454364,269
1271463,276
1009181,281
1438685,269
1013485,292
1100145,253
1488304,314
1480437,238
1058997,240
1242119,156
1175167,153
1341146,82
1337250,102
1047318,114
1293562,109
1494999,109
1093795,129
1202102,148
1387050,159
1454073,124
1412672,311
1387977,323
1085005,308
1333190,270
1314140,272
1457102,272
1029390,352
1035747,308
1124009,285
1353005,224
1106138,37
1172262,35
1173109,104
1070986,104
1330214,31
1348534,40
1400294,37
1287371,35
1197492,37
1429191,145
1016691,139
1498160,123
1150323,98
1230498,104
1250530,85
1114903,101
1473148,94
1336352,72
1041201,69
1207875,409
1441899,445
1088601,417
1336659,364
1211198,433
1051921,387
1131960,494
1215447,535
1278933,493
1274572,377
1152272,596
1120199,567
1263854,556
1489178,542
1298616,1159
1479853,1154
1481165,808
1022706,718
1332316,650
1185615,503
1006532,235
1496202,158
1228432,206
1278894,217
1165880,252
1252492,162
1150452,250
1207023,304
1482128,209
1287733,220
1170969,60
1139622,54
1026791,61
1350098,54
1405296,51
1019197,43
1440115,65
1130244,72
1154927,62
1440235,49
1489750,48
1458738,48
1383402,41
1292308,94
1146229,65
1247834,51
1086618,39
1008385,34
1220660,32
1281563,110
1381705,98
1036303,93
1392380,80
1120250,80
1163736,75
1382021,106
1144237,103
1346381,100
1338612,86
1054864,36
1372965,38
1333426,36
1356004,35
1024747,32
1120011,30
1385060,33
1490527,33
1324608,29
1153097,30
1407062,52
1399725,79
1055663,72
1238317,62
1334149,59
1252107,74
1014424,57
1045929,58
1076974,43
1276400,227
1048870,304
1282969,306
1052757,270
1215424,332
1497593,307
1259844,385
1161985,360
1493763,421
1322822,367
1325888,141
1238350,145
1059632,141
1373882,171
1368795,155
1498061,154
1090724,190
1083415,196
1292299,193
1308336,157
1358623,53
1000662,58
1248470,356
1339347,304
1348246,57
1316602,46
1391976,70
1232445,55
1202382,47
1036178,53
1034611,291
1374733,292
1448305,288
1420537,281
1304263,364
1265562,351
1374023,410
1172343,265
1022093,316
1056075,257
1335255,64
1140702,134
1403528,150
1098625,186
1249422,133
1233077,72
1004548,73
1086671,69
1371703,74
1450481,46
1402597,86
1050351,100
1409072,89
1365294,89
1050495,158
1038405,144
1360974,108
1092395,109
1133574,108
1237123,86
1393567,110
1050202,115
1051269,114
1294662,142
1416111,130
1347737,116
1437947,138
1125457,137
1222122,77
1443391,71
1444649,266
1101109,263
1394444,261
1412054,227
1469601,249
1369165,238
1408164,293
1266701,255
1335307,234
1294489,197
1325002,501
1115161,1481
1022436,450
1009320,367
1059149,485
1381797,437
1182231,3312
1365708,2404
1170204,425
1288220,393
1057573,32
1476812,33
1302236,29
1088753,24
1290461,26
1339397,26
1004423,398
1182211,403
1287217,392
1364719,347
1393217,375
1372970,337
1255664,422
1343873,477
1182906,445
1349421,373
1086209,304
1263662,283
1400162,299
1322060,280
1407685,305
1256423,307
1366093,337
1091579,359
1218417,363
1086325,310
1219510,107
1258031,104
1254371,98
1366427,115
1140603,106
1394553,106
1315638,115
1210068,144
1303043,136
1208742,110
1441678,156
1310240,155
1183018,162
1465748,163
1416451,127
1067886,150
1147342,175
1027770,161
1086495,169
1115754,161
1236999,1047
1129005,991
1060160,1013
1139012,1020
1009801,1101
1499374,1064
1130038,1253
1136954,1335
1214539,1356
1341789,1179
1245261,27
1256719,30
1314459,26
1200620,28
1105095,30
1320422,29
1207536,245
1490420,250
1367274,242
1198611,229
1079668,445
1214548,331
1351077,283
1276935,278
1220000,267
1201804,236
1255670,212
1178631,1113
1187815,188
1232901,182
1041132,345
1165069,209
1067128,2589
1296288,1822
1482384,245
1354149,190
1199822,595
1306963,531
1352289,551
1487534,560
1043614,589
1388656,577
1464836,699
1072381,703
1388909,697
1280894,584
1437743,53
1096922,50
1125018,45
1092303,44
1150462,35
1422780,44
1426062,43
1299613,38
1339963,30
1047669,49
1431233,48
1395626,50
1138941,47
1027348,40
1126025,41
1484689,41
1224719,46
1001894,49
1045452,55
1253965,562
1273495,543
1427581,575
1182139,508
1295304,2206
1421037,1598
1270843,761
1074647,660
1382460,2837
1241247,2148
1167949,60
1363403,92
1489033,117
1086137,149
1374063,100
1099116,53
1139669,60
1403410,59
1359459,55
1363262,41
1001524,116
1277278,60
1040180,78
1441382,22
1118212,36
1021448,37
1103660,37
1320976,35
1122586,36
1405315,45
1432075,148
1214183,130
1254559,153
1420772,142
1284435,141
1490537,136
1395998,176
1375781,172
1343300,164
1046381,153
1106454,46
1044419,52
1152711,387
1142883,256
1149305,44
1495438,51
1334966,56
1244264,45
1226196,55
1299559,189
1114519,194
1065280,205
1484962,194
1207808,208
1473304,210
1406454,236
1209617,218
1027031,209
1498763,177
1241244,53
1455780,52
1454724,51
1477134,41
1330995,40
1207514,36
1399018,39
1262276,40
1431194,32
1427037,27
1269656,142
1472696,146
1031228,139
1123593,143
1319830,154
1468554,157
1219034,181
1481004,214
1439152,219
1368778,170
1254681,247
1471178,241
1172228,257
1040523,237
1488427,257
1367962,250
1353492,280
1466210,304
1117823,307
1159601,250
1245385,238
1364335,261
1469871,277
1333035,266
1117868,265
1335106,249
1122846,299
1466980,262
1485499,292
1141529,226
1144903,90
1337479,95
1073830,99
1422858,106
1112045,86
1401547,90
1275465,105
1309030,105
1318453,99
1149470,91
1254290,150
1459998,144
1070652,121
1464131,118
1442610,230
1092384,196
1326611,153
1098833,137
1175421,134
1105577,115
1084506,59
1228415,93
1455355,89
1329060,77
1343251,87
1222999,71
1274850,100
1275996,76
1343377,68
1494843,47
1329590,182
1219468,161
1405838,189
1148515,238
1127606,197
1003132,159
1194753,230
1090177,202
1086521,195
1002439,158
1215373,193
1310434,240
1162008,248
1499690,241
1164966,234
1312179,222
1055616,276
1416327,240
1460374,223
1417288,191
1145961,203
1370257,198
1128571,203
1271253,203
1318179,271
1471607,265
1466744,310
1063250,207
1159917,259
1237960,221
1328513,656
1470893,613
1278366,592
1117505,689
1395759,734
1118718,667
1412625,821
1047563,658
1178879,640
1432042,500
1497989,333
1343340,215
1160549,267
1162252,268
1174967,280
1402905,335
1249355,394
1051286,418
1082555,379
1494002,290
1468736,412
1476289,435
1248662,403
1245505,357
1316510,403
1164569,374
1108976,464
1386393,413
1488071,379
1073468,316
1096522,52
1460063,54
1233398,208
1109675,201
1011640,40
1376882,39
1241681,57
1170489,49
1094898,42
1158425,43
1154663,129
1334262,127
1308881,130
1259517,150
1292623,144
1224591,125
1439789,150
1291420,150
1215295,81
1216208,71
1213249,289
1469431,282
1230216,289
1209533,254
1308993,296
1432440,254
1102468,335
1446868,308
1334640,288
1192568,196
1150058,223
1211349,239
1430745,261
1284527,196
1493152,760
1163720,768
1430286,412
1161810,244
1134065,234
1200718,180
1164145,66
1401174,57
1240971,63
1022654,52
1067611,70
1068928,75
1168286,117
1084785,83
1342342,88
1342060,70
1046255,41
1275184,41
1100005,41
1181108,35
1284846,85
1362043,71
1129309,35
1167386,37
1382153,32
1359621,94
1394966,97
1076123,99
1051967,92
1337804,115
1265780,110
1073998,132
1027170,134
1029422,116
1384721,101
1466652,15
1150331,15
1211169,15
1375138,15
1090971,62
1227742,81
1345960,95
1014733,105
1068702,95
1373444,89
1212321,101
1119341,77
1356353,74
1282158,41
1366995,80
1301880,65
1005450,21
1468001,18
1125354,18
1447544,18
1229650,21
1253863,24
1497718,109
1164662,178
1365958,174
1348953,178
1315684,122
1285364,76
1109511,86
1345131,123
1394786,66
1215065,53
1288325,91
1122843,95
1233710,120
1005691,111
1009524,135
1306525,110
1060469,113
1013479,112
1215019,103
1183058,81
1191625,21
1480072,23
1305847,18
1382421,307
1345514,314
1106834,339
1155281,275
1075698,284
1160642,265
1415496,348
1111687,289
1441059,268
1041033,221
1282016,706
1465194,1107
1448283,719
1295058,662
1414292,745
1441562,701
1370349,2487
1180580,2337
1121635,635
1140363,536
1194629,15
1039245,15
1399293,14
1358027,14
1273681,14
1077324,14
1143939,133
1167629,121
1026590,131
1225294,106
1199817,109
1255746,109
1356165,131
1350163,128
1415607,122
1233177,41
1343032,42
1065027,47
1398744,44
1252753,44
1390345,42
1063055,53
1344083,58
1136200,53
1458915,48
1492614,199
1468175,202
1127745,209
1356109,207
1288414,238
1186700,219
1088403,286
1133590,302
1155657,340
1348738,249
1492120,15
1406300,15
1467493,14
1297855,14
1365916,146
1207858,131
1011274,152
1096972,155
1218618,181
1189930,147
1321235,177
1238309,144
1137912,140
1302339,118
1452067,375
1232785,996
1230100,886
1258282,317
1444665,376
1045971,338
1195640,2320
1032181,2170
1150358,271
1109305,232
1203473,253
1052376,252
1275300,256
1168517,242
1164780,265
1412431,257
1215826,317
1198539,342
1281207,359
1400789,264
1142733,22
1058741,23
1108175,19
1322786,45
1251536,46
1316879,49
1347430,25
1379600,28
1190160,33
1488976,33
1096987,28
1330271,23
1341115,26
1180055,31
1276549,41
1055810,44
1174252,40
1250701,29
1470418,52
1084864,37
1072273,27
1187272,447
1161844,442
1116856,486
1240063,462
1265862,1130
1348612,1169
1106972,816
1256383,704
1190784,1893
1183641,1280
1122583,101
1074978,152
1263468,158
1011094,169
1451907,119
1288551,62
1134380,85
1193006,93
1175490,54
1055561,42
1076029,47
1391420,27
1288625,29
1429794,29
1080632,26
1165848,24
1283777,19
1155338,68
1260314,63
1337184,25
1428300,21
1321456,265
1023661,265
1108274,283
1005857,260
1299973,279
1308249,274
1039535,303
1386232,271
1312142,268
1216941,208
1076663,57
1116062,58
1373635,58
1223580,50
1206844,46
1184897,50
1399955,49
1172075,36
1194003,29
1079689,92
1130535,90
1031756,91
1064667,88
1099811,110
1265941,93
1077243,112
1228516,126
1490318,123
1253513,96
1208934,611
1499504,605
1312260,659
1300527,577
1204831,627
1087121,601
1045978,718
1346635,654
1358565,598
1466288,519
1466754,25
1291832,25
1497662,24
1037408,101
1003413,96
1244549,117
1046988,112
1042431,125
1495101,104
1397621,115
1195397,104
1363375,95
1400481,79
1272743,102
1030286,128
1056144,114
1207447,129
1465823,121
1391318,101
1081976,126
1282233,98
1435085,96
1335889,79
1233904,49
1247038,51
1332561,56
1194391,50
1303746,51
1274777,52
1305701,65
1363596,70
1010627,63
1368398,60
1325982,481
1089445,472
1147836,520
1483095,459
1479101,513
1457020,484
1438318,612
1130482,549
1363049,513
1171208,450
1495316,33
1419230,36
1411042,37
1406706,34
1202211,42
1491671,38
1314238,55
1497076,41
1465417,45
1160226,204
1390427,218
1493066,223
1484452,190
1228658,231
1261892,194
1248921,249
1117788,191
1297961,199
1123998,128
1284677,38
1476365,21
1431889,25
1305212,24
1036985,25
1170347,33
1317986,36
1307819,40
1015528,256
1325298,256
1448339,291
1137782,208
1253487,228
1178473,236
1275767,290
1110700,274
1158069,241
1479826,193
1232444,35
1320678,13
1281517,107
1029038,109
1397931,113
1303888,108
1070644,114
1448552,117
1438074,131
1070011,109
1095052,145
1232434,145
1071259,153
1002687,114
1289203,338
1423217,442
1471087,228
1049389,162
1099913,87
1113318,55
1229001,64
1433304,50
1401068,58
1187242,47
1359625,68
1185356,66
1040153,58
1008719,38
1350206,20
1495173,20
1128689,18
1001023,37
1285359,25
1420413,24
1342540,18
1079649,17
1154251,97
1185029,99
1067710,106
1416184,100
1093010,94
1226046,73
1255874,112
1480365,118
1240015,124
1072056,83
1010331,15
1059861,12
1096264,12
1057847,31
1267848,34
1353281,30
1435910,36
1133468,40
1271548,24
1257128,28
1458370,12
1303550,50
1081423,78
1176395,64
1452747,83
1249598,62
1453716,34
1301192,53
1451676,48
1157287,58
1189803,26
1147480,63
1423216,61
1286899,65
1480723,58
1406611,89
1357260,85
1170208,80
1097908,80
1415920,66
1271099,45
1217407,132
1011881,147
1407485,145
1295630,105
1053847,125
1144343,125
1478102,156
1025390,152
1302448,142
1246317,87
1010666,222
1313421,866
1000698,179
1092126,175
1473499,230
1209421,199
1387028,1610
1061134,1140
1162193,182
1099223,166
1412109,16
1023342,12
1461384,13
1317056,111
1039007,126
1300140,133
1335882,113
1286846,118
1459159,104
1406375,138
1254323,147
1421326,121
1036769,95
1188121,24
1288839,22
1452281,21
1423886,24
1429192,16
1170773,19
1343976,17
1008860,22
1208057,20
1398096,116
1094768,117
1458256,124
1469568,128
1042422,121
1281477,112
1427545,153
1398303,160
1297500,152
1184259,103
1247248,17
1050335,185
1389117,144
1091327,157
1191903,185
1473941,218
1361611,162
1390206,169
1067572,161
1462163,142
1022601,111
1436514,68
1428766,681
1031474,76
1205829,65
1470414,97
1330416,74
1215711,1155
1234303,909
1459527,176
1091726,136
1494166,94
1425078,96
1280912,100
1101451,92
1102535,102
1192441,87
1095607,117
1367089,131
1159398,130
1234591,83
1276836,17
1114189,17
1364745,18
1217742,14
1066010,13
1108218,14
1226604,34
1330739,26
1234421,22
1265219,22
1199333,22
1083928,43
1041818,23
1270599,215
1287231,199
1412408,228
1349144,195
1224252,899
1395552,757
1402396,307
1215113,249
1078367,1120
1206651,678
1197899,29
1286540,39
1248828,46
1085236,71
1208237,21
1482243,27
1056066,45
1248566,18
1076486,25
1214421,23
1016268,21
1394274,20
1216050,111
1198442,117
1181286,118
1242834,110
1320866,98
1479494,84
1338420,137
1234957,133
1470791,104
1183173,77
1342205,120
1221456,115
1265965,131
1468194,125
1130150,162
1146521,100
1243690,147
1144351,145
1025173,119
1272944,90
1219707,65
1007209,53
1082299,60
1067520,51
1352924,56
1410275,47
1039372,69
1256674,75
1295791,79
1236452,49
1058027,72
1274554,78
1329740,106
1167347,99
1451883,73
1198739,94
1117758,117
1452199,101
1254860,86
1194661,65
1309274,21
1131716,21
1283793,18
1218947,120
1383534,116
1349711,124
1224002,119
1138335,140
1390060,114
1443567,151
1060435,131
1393922,111
1224512,76
1095238,33
1221251,31
1405406,29
1284661,36
1478516,32
1223492,136
1112602,134
1040307,164
1081076,145
1359075,128
1087231,136
1191560,169
1044549,144
1128096,122
1381724,98
1461471,24
1439341,22
1211903,21
1213401,28
1070053,31
1279096,37
1251454,25
1213767,25
1071776,21
1015899,57
1068960,62
1428482,60
1493778,51
1084126,68
1166141,59
1059119,89
1344297,66
1172465,55
1192321,35
1171256,37
1105799,17
1252385,20
1086394,19
1323071,19
1089737,23
1399894,32
1336059,31
1114250,18
1157695,74
1059960,78
1323156,72
1307832,59
1430672,61
1083044,58
1019952,82
1310874,67
1206124,57
1467171,36
1292159,246
1200761,216
1152578,224
1165400,198
1468823,229
1233718,198
1067345,229
1272924,259
1064613,241
1417327,170
1080513,328
1196458,323
1443469,335
1375742,285
1072649,753
1309132,613
1290854,438
1127315,358
1441457,345
1165142,269
1049952,50
1310650,49
1236773,63
1173994,77
1441700,64
1402904,48
1376912,69
1308727,66
1064523,62
1043894,48
1063256,32
1455058,36
1078273,39
1242551,31
1330929,58
1315562,52
1228679,30
1015454,32
1217178,28
1377098,64
1382624,63
1309943,65
1234906,64
1319758,61
1142998,56
1078062,86
1396355,77
1377697,73
1131561,66
1095178,31
1115944,34
1274803,32
1095602,32
1067896,32
1221106,30
1368829,28
1002660,40
1006792,54
1466488,51
1367222,42
1022457,44
1104908,51
1225707,39
1061460,58
1340502,26
1279583,29
1183707,83
1394734,103
1168535,28
1410114,40
1156319,37
1197604,39
1215697,28
1320069,67
1444887,69
1475387,65
1346305,69
1177114,86
1002289,85
1361334,106
1020355,76
1342654,80
1315254,73
1098380,55
1349856,96
1468813,92
1337198,120
1179388,65
1215476,52
1122716,58
1406481,58
1373420,44
1102059,90
1065427,93
1004198,80
1141401,77
1225795,99
1414811,92
1047239,86
1229693,90
1224714,83
1192829,65
1081848,99
1157252,92
1462830,113
1386971,72
1338138,82
1181514,71
1089558,81
1365949,84
1441761,56
1025825,59
1010248,171
1304450,177
1045376,179
1425432,153
1029668,166
1116525,160
1100793,203
1174284,173
1054029,148
1364193,136
1366962,256
1453619,547
1129900,240
1433846,248
1475443,251
1086519,243
1213738,1779
1241413,1483
1217461,206
1074355,196
1250684,22
1185761,24
1148006,24
1242359,23
1070040,24
1009282,23
1140020,24
1134901,22
1123975,22
1366099,295
1050241,189
1162092,217
1061294,177
1274168,183
1149165,160
1323957,201
1280976,241
1278113,226
1210708,176
1339465,234
1338896,245
1483889,239
1315614,243
1278314,237
1043794,234
1283121,275
1101191,283
1415650,286
1401680,218
1460445,310
1180058,342
1462684,320
1138520,326
1317061,374
1054840,352
1438974,454
1002774,478
1159437,502
1089638,378
1127397,26
1415166,24
1435778,26
1128032,23
1076832,25
1392837,152
1454709,147
1179231,144
1182033,133
1029988,299
1042837,189
1219095,175
1376260,161
1463761,150
1227644,134
1317620,141
1453388,623
1399359,132
1490375,124
1097563,130
1092587,120
1109919,1255
1427406,1068
1211765,113
1130959,101
1448306,299
1419811,288
1265062,280
1425904,260
1125938,321
1202900,294
1095568,364
1300715,386
1376035,400
1247963,297
1233461,66
1336037,70
1167286,55
1468046,46
1004508,47
1135287,43
1380028,46
1163632,35
1409352,33
1013469,46
1004938,43
1105636,39
1095364,32
1047991,34
1448323,28
1399603,33
1496729,29
1298382,26
1005003,24
1401766,30
1465689,30
1193331,31
1438123,27
1098604,24
1367860,18
1370235,23
1450299,29
1457399,19
1256980,301
1247682,334
1217450,311
1399546,326
1484802,937
1045267,781
1083456,480
1025693,404
1229151,1419
1472239,1149
1141854,50
1275306,66
1190954,60
1232183,96
1225479,54
1228546,27
1082302,34
1220988,33
1488412,28
1462286,25
1272933,57
1012794,50
1060379,20
1322864,42
1422003,94
1261322,66
1361920,51
1011082,41
1198185,80
1155781,71
1460971,75
1217608,76
1464015,68
1092728,58
1443211,97
1319853,87
1224204,79
1161246,77
1225127,26
1244297,30
1492404,67
1266882,98
1115336,28
1100363,22
1386771,32
1228144,32
1456463,37
1209430,25
1057256,92
1220699,96
1011026,102
1181307,107
1306278,109
1034430,101
1363491,114
1263946,104
1030522,95
1208582,90
1288919,44
1188398,40
1257603,38
1444572,33
1195794,32
1277054,31
1324093,37
1457210,34
1374108,28
1074202,25
1431907,138
1486660,139
1087576,147
1050233,144
1132252,140
1095838,137
1369255,162
1034963,184
1223053,179
1267677,139
1485310,113
1473546,122
1426101,131
1332522,126
1102609,142
1384611,123
1136040,147
1415673,130
1036779,135
1083181,122
1313017,102
1122743,108
1059507,115
1143434,117
1123578,93
1175471,98
1420158,119
1171896,102
1340676,108
1281560,89
1158519,91
1071538,96
1036619,90
1158312,109
1066536,143
1133053,102
1251379,99
1100091,98
1149857,76
1047198,56
1136864,78
1179725,85
1306697,81
1281504,80
1327389,76
1055921,90
1101152,73
1182646,83
1424279,52
1105421,272
1445716,273
1079973,265
1458467,254
1312972,253
1088756,264
1267746,317
1232711,317
1457306,324
1011235,242
1471277,144
1181771,153
1231442,163
1193500,173
1200482,141
1348404,152
1436025,178
1290134,153
1033917,179
1179301,148
1081725,141
1393415,144
1389608,146
1352022,147
1279211,192
1472093,187
1242163,225
1430423,157
1489595,186
1336018,150
1373525,245
1090212,245
1209604,244
1270455,218
1333274,256
1247242,218
1483471,268
1157862,211
1094134,213
1340562,148
1188903,155
1421956,106
1069594,122
1032110,141
1221954,137
1089247,127
1400695,154
1431873,181
1057308,190
1392873,150
1375319,207
1336737,205
1197957,194
1355864,184
1064517,179
1228726,178
1133114,210
1388842,184
1069600,177
1010212,150
1350266,141
1404848,32
1364685,27
1322930,36
1014899,33
1024487,43
1054349,102
1299746,99
1255402,87
1313903,76
1169066,78
1378577,64
1100250,84
1217224,88
1255217,57
1119655,56
1342352,884
1308085,857
1444143,827
1176836,791
1107618,839
1247310,800
1076251,945
1230370,1056
1405510,991
1044169,813
1128832,1168
1356616,1002
1242991,1014
1229614,1361
1054269,2631
1386650,3310
1428923,1201
1199404,1179
1424116,1086
1017704,943
1488050,596
1266608,589
1461971,598
1069314,594
1295765,616
1313113,611
1156774,658
1020945,697
1008568,766
1397328,620
1479955,147
1278982,138
1466318,149
1114726,139
1050846,138
1326323,123
1354098,171
1392774,178
1088550,166
1065051,162
1442994,152
1404802,159
1448322,148
1453906,140
1184605,304
1080267,213
1063685,128
1141097,147
1237041,136
1193161,108
1456560,165
1291901,152
1330248,174
1102993,147
1171305,151
1394882,146
1013097,193
1490074,190
1358294,187
1068255,180
1342445,39
1291172,39
1325526,34
1404721,34
1401858,32
1247641,36
1323579,37
1008571,34
1029555,125
1060085,209
1178756,215
1335690,195
1038438,201
1255410,192
1300405,266
1369944,176
1426505,195
1299024,147
1057752,859
1412748,865
1364620,854
1261442,872
1245205,894
1064070,842
1309278,1024
1208235,992
1284797,1043
1148320,933
1176349,182
1451180,185
1341426,193
1389218,199
1212530,212
1340756,210
1445687,237
1001480,272
1285713,283
1016498,235
1238649,415
1209840,372
1449539,62
1478559,57
1390158,69
1494723,55
1323348,44
1139353,55
1358455,377
1031442,380
1051268,366
1061096,351
1012652,506
1182370,476
1334101,570
1339935,361
1321554,399
1439931,355
1116026,180
1118461,340
1129761,314
1305470,421
1119279,258
1186970,125
1374360,163
1376618,139
1249682,130
1445557,108
1013212,210
1245740,188
1212302,172
1336986,165
1012718,365
1455753,330
1414107,304
1108487,206
1145767,188
1074126,156
1327909,120
1187865,125
1209194,131
1020515,141
1342004,126
1309704,110
1392386,151
1089782,143
1303695,92
1095152,81
1473553,621
1079855,599
1242295,580
1010465,480
1020507,511
1293282,505
1396363,606
1022752,590
1357421,539
1410617,445
1139996,819
1053955,3241
1093507,799
1144866,727
1128043,769
1267998,746
1093360,5095
1494011,4680
1342237,855
1409426,752
1080952,54
1357847,47
1111725,47
1220749,39
1115692,32
1028364,34
1260258,35
1118887,38
1322939,36
1234117,822
1287542,774
1159595,764
1001266,725
1181256,734
1170613,698
1403354,798
1076195,906
1264257,864
1195502,765
1125151,981
1377611,930
1415079,762
1432411,798
1090138,863
1484042,846
1394148,918
1241695,979
1295216,995
1384543,849
1020876,138
1144384,153
1158488,160
1087275,161
1481135,168
1330803,169
1243616,186
1356902,213
1144010,224
1177817,187
1257211,83
1068853,84
1385807,87
1197420,85
1227153,83
1066210,80
1011221,106
1459794,112
1467815,107
1245659,104
1306935,1873
1349929,1813
1391689,1809
1350008,1844
1017175,1970
1230601,1935
1353563,2185
1460117,2274
1366885,2249
1096075,2103
1063639,52
1350493,51
1262949,50
1403427,42
1146723,44
1332594,42
1018381,43
1255521,46
1004292,42
1224437,40
1437923,431
1083487,392
1472309,369
1217589,373
1214056,1083
1343584,907
1352012,737
1115630,483
1260544,427
1304453,373
1268487,405
1123692,2335
1068143,458
1190711,363
1359339,432
1025909,413
1338479,4300
1290319,4176
1409429,438
1105783,277
1399041,1081
1185779,1079
1055011,1141
1080864,1189
1247741,1198
1041516,1188
1157213,1351
1168450,1474
1392666,1477
1024666,1236
1141823,74
1242035,85
1181156,87
1038064,86
1398988,86
1473452,76
1310422,95
1108032,94
1055296,60
1220126,53
1113589,105
1491605,105
1299696,103
1280568,83
1313893,86
1330955,77
1208004,88
1173016,83
1462080,72
1375355,62
1230094,130
1025866,125
1451107,122
1416531,99
1282054,94
1450921,79
1161156,91
1091126,111
1252445,107
1433536,86
1339034,1610
1142781,1455
1335631,1435
1134459,1524
1493457,3853
1174658,3910
1247295,1558
1256335,1680
1295935,4347
1232035,4323
1485405,146
1231774,190
1411004,197
1291762,344
1499681,220
1232710,116
1096139,140
1460120,122
1366542,123
1125681,89
1243692,140
1367348,86
1025160,82
1156586,45
1499625,85
1336867,34
1336320,48
1344543,43
1222669,52
1105933,310
1073276,289
1215795,293
1471342,274
1495234,274
1182328,260
1138810,329
1142707,317
1231327,318
1299213,272
1015842,54
1362249,58
1202195,391
1495580,300
1196447,58
1091996,86
1498511,53
1258236,56
1223314,596
1397885,569
1265343,580
1067951,564
1343456,637
1283754,572
1170441,718
1373829,664
1152698,629
1200354,502
1445388,81
1248715,83
1013539,82
1198405,71
1352697,70
1061216,66
1029414,72
1456131,67
1048715,59
1438492,48
1216741,177
1306218,182
1080375,190
1428386,194
1377936,200
1276173,206
1268572,236
1179178,261
1043271,267
1309384,227
1129929,592
1046382,590
1183543,606
1478269,570
1117518,621
1173083,597
1037186,716
1174472,724
1427657,723
1403435,652
1088835,347
1450335,423
1380455,450
1073789,413
1276695,400
1203994,364
1136726,461
1298827,442
1247598,427
1440729,385
1115349,106
1078995,117
1316171,119
1229599,108
1133642,102
1210879,98
1496663,120
1376737,124
1238615,116
1063947,113
1314432,264
1149171,237
1087492,237
1362637,229
1274851,522
1164898,470
1407146,449
1123371,323
1291337,257
1231383,227
1186826,222
1031599,304
1456388,302
1115977,276
1370192,287
1496330,272
1309382,360
1327692,225
1099768,281
1086319,198
1295236,263
1333324,291
1145620,291
1048752,268
1390781,345
1185214,236
1192395,321
1095976,321
1331958,330
1432224,277
1115994,362
1035138,417
1435247,446
1336877,400
1316005,393
1174524,369
1166020,469
1180767,447
1113149,435
1199960,378
1214772,242
1222650,254
1379128,252
1163871,250
1463945,355
1119237,348
1002773,395
1142372,249
1359413,324
1278587,265
1364919,1234
1267877,1045
1371429,944
1258322,1184
1177282,1179
1177106,1159
1301531,1235
1219857,1044
1280093,1087
1152242,913
1394171,429
1110233,241
1028580,302
1163127,300
1313914,305
1109985,292
1452309,342
1264964,364
1044536,384
1311855,330
1202702,626
1468486,621
1431695,615
1112281,560
1166618,610
1335465,583
1444591,707
1062590,659
1088084,614
1246139,519
1244026,56
1202324,65
1482606,362
1149079,276
1283300,45
1318802,73
1276791,67
1063475,52
1199348,57
1056121,100
1148243,106
1271065,109
1121352,106
1195327,92
1310472,117
1012275,124
1013681,76
1057017,277
1081755,243
1329157,248
1016607,226
1097417,239
1273607,218
1030030,271
1102375,319
1014321,252
1460731,184
1209388,390
1079093,403
1009864,399
1232226,357
1212390,859
1015514,826
1026288,551
1342395,479
1317334,408
1499718,327
1144252,74
1266770,66
1345020,71
1498588,74
1081567,65
1136800,67
1404563,83
1048698,86
1379696,98
1494614,71
1044262,37
1318421,43
1051497,37
1181919,81
1155905,72
1494117,36
1409682,35
1278364,33
1390694,30
1370833,119
1443525,123
1428650,125
1447715,112
1224368,136
1160516,102
1224600,135
1379561,142
1221505,130
1025904,115
1417093,33
1258195,33
1090477,33
1424192,30
1112094,30
1355719,29
1179255,29
1248962,28
1283105,58
1103749,66
1108210,53
1032155,57
1192611,46
1282019,34
1200477,62
1409201,44
1385955,29
1369859,44
1355820,41
1010486,179
1279865,166
1497126,39
1492673,32
1468197,51
1067239,44
1194966,50
1359094,39
1267904,167
1066283,177
1064134,184
1257133,181
1223316,175
1395167,148
1353989,155
1422291,128
1298285,142
1236996,128
1001765,95
1080677,140
1197159,127
1382993,164
1079574,76
1418919,63
1483390,71
1298823,70
1173925,62
1476878,48
1233803,94
1431428,107
1329543,95
1162793,92
1387275,120
1323908,106
1322958,95
1268053,99
1305051,94
1350344,79
1374893,76
1035507,103
1176675,99
1295932,65
1201353,81
1013966,69
1063382,94
1375806,87
1072425,55
1183053,61
1166233,216
1150804,196
1459959,211
1028758,183
1470426,195
1045457,182
1107904,228
1330464,197
1191436,186
1041527,157
1309992,315
1083320,846
1144631,319
1229991,310
1141624,322
1266359,311
1257289,2328
1450042,1645
1408203,309
1366613,259
1326039,31
1414267,28
1351716,23
1101161,26
1343335,25
1415914,227
1066165,227
1084729,197
1332928,202
1307584,201
1122837,172
1101186,218
1472746,206
1481360,195
1097637,144
1178734,152
1385359,159
1313891,154
1372544,156
1095090,161
1103849,153
1231318,181
1342423,187
1489884,191
1050683,158
1093651,515
1009004,541
1447838,538
1339194,550
1027184,617
1366421,593
1395557,760
1382148,784
1066186,817
1437787,728
1273643,23
1138260,23
1250575,23
1391663,23
1409188,157
1249625,169
1431237,153
1236537,153
1266099,229
1409991,193
1026632,183
1221355,175
1247935,165
1277356,146
1307732,188
1185822,994
1123946,135
1045423,151
1030906,183
1207533,155
1187581,2089
1210149,1466
1239382,136
1175679,116
1112711,364
1374089,375
1118795,371
1140639,359
1083175,410
1492620,380
1175595,470
1381389,510
1252196,530
1125403,409
1119217,52
1277459,56
1453409,63
1242979,56
1175963,51
1429994,53
1072318,62
1023198,40
1173743,38
1407808,52
1007837,52
1439868,29
1035955,31
1294097,27
1419467,33
1059549,34
1003296,31
1050250,26
1164254,63
1329352,65
1318629,57
1497364,64
1372971,45
1382213,62
1168538,44
1007065,54
1436260,45
1131468,45
1065864,435
1373382,394
1204938,433
1497299,381
1369939,1400
1413077,1290
1329521,537
1014278,504
1322531,2069
1386627,1486
1021800,64
1122164,48
1023106,94
1437074,35
1377719,32
1025301,33
1046935,33
1452681,30
1493038,27
1098698,67
1309145,42
1468663,42
1069977,20
1408414,37
1345178,31
1460552,27
1059627,28
1452397,24
1426515,25
1295518,91
1387877,94
1361789,106
1064474,90
1124284,96
1417174,95
1386814,112
1301623,129
1427811,118
1026720,101
1251710,40
1234209,40
1004166,128
1438196,175
1484353,30
1429143,50
1111111,43
1118109,44
1292839,39
1422430,114
1328104,108
1320587,122
1428499,111
1140562,130
1280840,119
1137543,147
1313904,127
1255247,125
1311217,101
1232936,36
1043919,34
1342245,30
1214809,29
1233222,30
1274357,30
1033582,25
1290145,23
1105210,235
1079607,236
1229556,240
1358305,232
1495092,238
1075788,227
1462272,273
1487211,296
1278525,299
1072156,230
1261277,211
1411806,256
1078267,252
1378172,245
1386744,248
1130416,214
1404114,267
1455416,238
1445438,229
1185819,195
1004773,102
1251663,104
1336507,111
1131973,102
1143972,95
1119395,95
1336287,109
1096741,115
1414362,113
1064559,97
1099973,96
1409973,109
1406534,102
1378401,93
1491481,134
1085482,115
1110998,101
1352488,101
1287516,100
1021170,81
1498407,68
1280562,100
1201803,104
1079291,79
1179921,95
1182796,85
1096333,110
1339580,88
1030469,87
1222532,70
1248761,180
1223245,178
1328456,181
1264900,182
1064669,182
1329624,178
1388838,211
1041615,229
1345269,225
1188222,191
1392665,227
1123137,259
1250396,269
1422156,253
1254126,256
1194437,237
1348159,281
1016063,279
1465923,258
1419496,214
1269147,315
1170430,312
1320738,309
1326260,305
1374077,304
1199340,289
1368664,341
1179933,251
1150951,281
1388915,236
1137052,299
1230372,312
1173501,321
1018139,301
1469771,331
1110475,281
1151876,326
1473267,270
1388450,270
1375965,201
1363025,250
1008936,144
1245398,165
1084912,172
1012482,176
1175740,170
1110002,192
1480871,230
1364896,250
1229308,195
1053113,304
1196459,293
1417926,299
1071157,259
1137622,278
1343829,270
1247675,314
1210915,279
1106162,271
1132122,230
1152116,28
1139349,30
1403955,136
1128118,128
1066140,27
1313652,40
1233389,36
1200593,39
1233269,498
1346803,494
1469088,474
1188853,427
1435699,488
1398730,448
1422241,549
1214165,615
1003508,564
1154152,444
1314712,697
1114271,619
1418277,623
1297826,586
1268774,1313
1172613,1389
1149489,824
1389759,818
1378974,762
1213880,558
1115848,104
1225685,108
1075296,106
1329857,124
1068883,127
1296744,67
1394552,97
1081878,171
1037238,180
1049689,113
1217530,115
1112317,120
1451006,138
1322215,123
1227037,108
1388600,116
1133186,160
1122416,170
1275720,141
1362231,125
1010045,84
1438085,77
1179844,67
1304407,57
1461529,141
1412828,97
1371428,61
1218504,62
1383239,51
1074332,39
1042152,130
1489069,129
1199888,156
1010784,138
1338040,138
1077390,119
1186594,163
1076876,168
1408837,168
1310252,134
1497911,27
1436420,26
1095697,28
1318923,27
1318975,25
1069820,26
1413457,26
1129290,27
1184847,76
1055182,113
1085489,101
1442787,90
1359966,85
1001227,74
1246966,111
1456174,151
1274250,102
1082997,68
1213692,149
1128539,153
1126645,164
1439027,180
1169895,178
1142898,178
1041277,190
1390925,155
1368563,209
1123106,187
1352791,96
1365509,97
1299335,104
1155033,109
1441502,117
1080640,121
1131289,128
1416439,151
1167023,163
1115834,142
1085711,41
1078579,46
1222068,324
1381996,257
1384957,41
1463347,37
1211180,66
1004884,53
1292684,46
1181766,44
1378441,359
1039589,368
1484787,321
1307650,286
1393168,374
1147260,434
1160873,514
1390275,335
1490077,349
1426206,326
1161308,128
1202035,206
1063781,205
1255540,255
1189624,149
1011928,91
1416477,109
1213176,93
1466824,101
1318823,76
1186515,108
1241768,116
1281060,108
1106118,106
1397917,153
1230287,157
1058025,122
1004209,122
1035823,114
1373037,98
1308254,113
1007918,104
1437367,109
1148491,119
1461261,113
1084812,98
1239648,119
1320070,122
1046692,69
1320872,66
1112072,404
1426307,394
1233434,394
1204311,324
1270286,354
1241151,323
1106195,428
1362527,381
1373822,356
1088651,299
1371692,627
1170712,1952
1097376,751
1425470,553
1338306,645
1059092,586
1236134,4208
1420579,3655
1313750,436
1251701,369
1004232,35
1436746,33
1195929,35
1249534,35
1280255,29
1036895,29
1275145,29
1400554,29
1120021,536
1040633,536
1310818,514
1031907,477
1205122,494
1195293,454
1121684,568
1335302,624
1323910,590
1394931,506
1002479,186
1185698,224
1387808,219
1182612,213
1299452,198
1398759,223
1219014,239
1329042,245
1079212,182
1079402,261
1157925,61
1395999,66
1238279,66
1352454,68
1201572,73
1171633,75
1114558,81
1007921,98
1231837,98
1372533,81
1153580,73
1051401,78
1487987,80
1122589,76
1198363,86
1311137,67
1392561,89
1037381,96
1327930,90
1286218,84
1375145,1204
1354719,1151
1416624,1135
1162670,1146
1473999,1237
1415730,1187
1070101,1387
1149110,1461
1268657,1480
1125034,1286
1161652,32
1311386,33
1353828,32
1109541,32
1141616,30
1087687,28
1086947,30
1449835,32
1256323,30
1427597,30
1037754,314
1076695,289
1086034,304
1053303,286
1112214,672
1301567,539
1259161,404
1170392,382
1061037,349
1285893,305
1492646,222
1460894,1790
1322240,210
1007261,165
1287191,449
1277198,447
1285653,2627
1286918,2454
1325803,197
1041443,183
1232446,731
1381352,681
1168965,704
1300191,719
1391636,740
1475935,734
1413562,882
1129712,933
1181753,922
1094992,792
1208353,63
1166543,56
1059366,62
1039066,76
1460911,59
1436368,51
1006634,67
1226340,65
1402413,43
1187793,59
1076982,57
1478638,50
1470811,41
1027092,40
1413435,42
1311896,41
1026289,34
1163098,43
1092729,65
1161082,48
1465666,48
1398850,62
1319787,45
1304626,49
1292616,64
1344823,68
1189234,68
1253767,666
1487539,673
1238994,697
1195948,664
1220112,2890
1015880,2517
1228793,860
1042610,834
1028951,3463
1160784,3076
1397871,60
1442844,111
1069635,119
1358312,166
1015296,98
1379372,50
1302018,59
1194770,58
1233925,58
1345656,40
1219740,103
1364228,59
1307805,17
1494681,32
1494207,31
1253660,33
1410707,33
1055553,33
1126416,31
1328139,184
1349919,187
1456099,203
1167640,181
1183385,179
1403233,170
1332523,213
1299844,218
1481979,210
1334903,191
1004153,38
1195817,39
1445345,415
1173304,305
1073388,43
1085281,54
1173989,53
1124624,41
1049773,54
1390667,313
1102785,289
1071583,316
1469131,335
1393329,309
1168040,295
1375615,384
1491239,354
1336140,358
1208757,292
1196539,46
1340721,46
1107889,44
1161557,36
1448615,35
1217383,33
1482831,37
1387153,37
1198020,30
1021889,26
1022048,123
1281758,122
1190579,124
1300537,121
1109701,125
1260746,125
1393954,135
1421839,164
1278023,174
1451124,148
1219527,410
1430679,431
1080688,438
1009989,433
1058103,450
1109571,438
1192976,527
1112770,564
1458923,538
1098294,517
1319718,468
1428028,218
1160528,235
1293845,267
1390673,246
1469818,252
1209263,273
1058889,281
1218519,249
1416073,238
1062487,77
1410365,77
1005997,77
1462622,80
1425740,66
1090497,68
1067884,83
1072910,81
1011254,106
1169260,56
1319069,178
1046319,161
1255725,154
1038138,150
1459768,370
1499428,295
1146280,207
1328949,198
1253401,183
1160220,155
1050512,97
1213511,130
1237764,124
1461783,121
1019125,114
1276137,99
1358552,139
1121022,166
1479610,134
1062718,85
1119057,126
1062577,135
1072243,138
1138775,157
1094329,108
1280108,161
1158916,133
1148925,167
1273103,169
1326093,146
1037885,552
1204846,185
1362909,218
1025813,204
1257262,229
1338047,216
1411743,273
1371064,226
1470068,215
1101170,200
1462001,211
1281969,225
1120747,222
1119858,224
1464503,325
1454907,262
1112783,357
1153201,237
1033222,285
1317246,211
1279653,688
1259804,638
1330889,619
1456783,721
1451338,747
1455484,715
1463806,871
1293785,694
1092809,711
1255924,556
1238303,188
1273884,97
1321003,131
1421408,143
1323018,141
1291907,146
1191059,174
1226492,203
1109928,214
1359763,182
1020875,525
1479459,476
1126519,491
1243938,422
1011707,483
1055572,440
1202213,539
1112551,489
1318608,439
1171492,376
1346505,225
1399035,155
1410195,30
1428200,29
1450681,41
1230794,37
1111998,35
1458521,34
1089466,86
1013318,85
1266827,88
1356906,93
1015954,91
1277060,82
1167480,99
1218228,100
1410761,48
1060769,771
1261517,765
1429715,738
1008750,661
1275945,735
1227991,683
1432316,833
1153718,939
1092779,1392
1461917,749
1087803,1008
1140643,980
1257290,966
1451317,1084
1424992,2240
1065017,2628
1195936,1127
1404821,1096
1384273,1042
1218303,846
1300007,459
1169576,483
1483754,428
1248165,445
1113702,429
1455324,427
1313776,500
1077395,516
1140455,587
1139004,464
1397517,135
1160121,139
1111558,142
1466321,129
1138171,129
1014190,104
1038757,155
1263194,163
1473297,160
1196301,139
1364052,163
1038561,173
1061158,178
1170498,163
1334067,366
1354259,231
1045566,138
1137247,169
1325543,158
1362836,128
1220386,112
1106959,119
1152967,136
1280185,118
1165417,118
1270138,110
1207627,156
1058052,152
1180711,146
1093029,139
1267791,40
1310051,40
1407193,41
1197290,37
1261533,37
1453402,36
1406646,37
1016126,35
1097438,145
1016091,204
1311629,206
1004022,181
1298135,186
1078562,178
1254708,236
1494605,168
1370522,181
1079860,125
1220471,591
1485377,678
1403428,659
1230061,647
1402669,699
1231858,672
1351261,805
1274271,882
1377695,916
1207970,778
1183373,152
1345983,156
1070992,157
1329876,158
1471648,167
1035888,169
1349583,185
1063439,213
1408273,226
1201464,185
1477543,55
1390256,59
1178105,480
1443203,327
1394524,103
1278543,50
1474327,74
1348414,72
1390594,55
1309800,61
1392815,408
1115483,398
1148318,403
1205809,381
1497444,520
1095215,521
1056960,600
1251999,382
1188139,415
1134444,376
1124612,144
1463839,273
1405337,240
1045963,265
1404679,182
1487809,118
1008500,147
1346088,171
1309473,140
1440765,109
1351627,152
1441768,143
1370126,152
1292794,145
1308071,188
1470794,202
1164141,171
1170897,164
1077235,153
1205460,135
1256077,118
1135420,114
1425475,117
1104883,141
1070616,117
1119638,112
1287436,141
1390833,147
1130338,88
1221218,71
1013813,674
1210130,664
1113889,633
1131919,542
1347100,574
1203738,533
1216417,655
1075536,622
1248608,604
1231823,505
1284997,742
1392430,2575
1250311,715
1343332,838
1158805,780
1302808,702
1315927,4707
1390178,4153
1319088,665
1400730,533
1049345,71
1173186,57
1310002,57
1401748,50
1127622,41
1352703,43
1196939,47
1062100,44
1464385,40
1261795,39
1441938,732
1202667,680
1144183,689
1279884,670
1067326,673
1174713,635
1039677,757
1070775,858
1090686,815
1351993,720
1486124,575
1177585,594
1119464,592
1181642,537
1235863,614
1169391,599
1405637,674
1413868,702
1162780,660
1006063,597
1218918,130
1221805,134
1351968,141
1276334,146
1176666,151
1490962,156
1209534,175
1429093,197
1207337,200
1237384,166
1149222,120
1117923,124
1166830,131
1120717,153
1499239,102
1102466,122
1197506,156
1298538,162
1134036,199
1061156,125
1306954,1918
1342909,1819
1244760,1736
1431361,1808
1276681,1942
1148958,1857
1184174,2089
1323560,2191
1066229,2200
1025558,1971
1272226,52
1345224,52
1180576,51
1400678,49
1494631,48
1041253,46
1085653,48
1036898,47
1255825,41
1166811,39
1312936,330
1313089,299
1109924,309
1335860,294
1287145,788
1176669,624
1458693,445
1129849,412
1491799,381
1051349,321
1443980,253
1213478,1642
1488938,263
1236270,197
1448872,263
1152021,223
1233583,3007
1254865,2723
1446649,245
1123458,198
1413179,971
1064720,896
1333985,890
1485965,928
1045179,939
1034980,938
1055582,1111
1444798,1173
1059223,1197
1047097,1009
1328392,98
1249257,94
1345965,116
1189952,133
1030558,119
1379280,108
1257501,133
1054115,140
1454949,67
1395932,61
1346914,93
1478318,92
1075796,94
1383931,67
1285934,72
1215738,68
1060380,85
1378187,73
1095715,57
1297712,49
1037218,101
1125921,107
1226436,99
1132112,96
1034182,83
1282516,74
1456846,84
1439256,100
1303607,100
1471480,80
1309280,787
1316821,821
1068449,880
1244417,936
1460277,3477
1141964,3395
1341807,1150
1374690,1211
1116327,3853
1395446,3273
1318251,129
1464601,212
1227075,207
1429094,294
1433405,163
1318005,121
1092639,165
1499150,166
1076176,137
1272010,108
1321757,204
1330209,130
1099026,136
1493281,55
1164689,73
1498076,59
1319999,64
1448350,59
1421711,52
1038221,49
1297481,267
1342441,280
1065384,280
1457965,256
1047619,264
1116321,242
1199733,295
1253782,290
1164408,288
1045723,243
1408514,50
1248845,61
1361418,504
1266589,384
1289418,61
1306674,50
1282683,72
1007581,63
1007038,55
1191930,55
1289632,297
1265199,291
1394596,310
1399350,304
1090499,344
1207469,303
1337311,378
1478789,360
1191669,347
1316515,291
1074816,109
1450974,105
1316042,109
1179169,100
1271167,96
1001293,87
1274820,97
1498345,84
1461834,70
1076787,158
1099423,157
1253791,162
1405583,163
1128016,163
1148287,165
1336749,186
1121493,203
1300038,212
1469353,174
1379869,532
1364543,501
1209429,522
1336922,502
1184984,527
1033802,507
1102254,591
1069100,632
1251110,626
1422931,558
1396463,384
1384942,463
1267286,465
1080373,522
1453390,376
1460261,394
1118334,467
1216971,454
1314150,415
1062635,369
1197947,152
1429990,156
1328020,162
1000304,152
1413854,146
1058705,153
1059717,180
1120318,177
1195881,175
1133957,147
1333350,265
1395760,234
1141879,232
1106071,219
1424549,433
1188351,397
1404749,308
1402018,290
1408756,262
1184746,233
1247919,242
1348282,298
1425154,285
1005220,260
1368923,281
1238630,252
1272350,319
1184813,231
1243023,254
1415987,183
1134877,214
1116838,225
1242837,230
1461295,265
1304951,177
1231273,219
1259733,265
1431813,267
1244857,264
1120215,232
1089252,373
1169044,461
1488310,463
1311865,428
1130736,412
1253835,412
1198939,490
1141237,462
1220100,446
1251272,404
1389126,267
1028984,264
1210725,263
1439307,262
1276761,360
1038564,365
1487161,429
1204026,262
1058780,330
1198260,255
1409283,1080
1369586,967
1208466,955
1105224,1106
1160660,1096
1070798,1004
1436213,1133
1262471,964
1040294,981
1148180,802
1174904,487
1310941,276
1072061,321
1096891,331
1050753,323
1372237,326
1480355,363
1464692,395
1205643,411
1255449,337
1343936,665
1024894,638
1225695,621
1327670,582
1136102,599
1029371,582
1108374,681
1313682,661
1446388,606
1061253,501
1256773,57
1156707,57
1225914,385
1188906,235
1175099,54
1213251,46
1318948,72
1140044,65
1453448,52
1482127,50
1492186,126
1451729,143
1175655,159
1232270,161
1386092,143
1146127,172
1007031,170
1252790,106
1208015,81
1460898,295
1472216,292
1497186,292
1281556,256
1319241,305
1211603,272
1200918,326
1489205,358
1345123,323
1436473,237
1412634,288
1004840,298
1370737,289
1148097,235
1230329,454
1264189,513
1471564,339
1207436,331
1117271,320
1456785,228
1034638,110
1321713,151
1229492,87
1017228,105
1347864,135
1358884,131
1157643,179
1014275,198
1273605,136
1492568,139
1429233,58
1373773,53
1103191,55
1184979,58
1261848,57
1460475,48
1171496,90
1341287,76
1149009,76
1075015,73
1363384,41
1207153,39
1311230,29
1445660,61
1388607,42
1339201,28
1255252,28
1093143,29
1239147,24
1428924,67
1232381,79
1448200,74
1347708,78
1362845,68
1125996,95
1015315,93
1100625,92
1102718,72
1366224,21
1442450,21
1070689,19
1459302,18
1214871,20
1103295,54
1402841,76
1453915,69
1204065,67
1429149,63
1256007,89
1288466,60
1212811,57
1244220,45
1230918,183
1146830,129
1283364,188
1366050,156
1202304,179
1374456,164
1284388,193
1298741,229
1361024,231
1085139,153
1115757,60
1164611,57
1071986,63
1062774,65
1465544,67
1156252,70
1338188,89
1475777,90
1363760,70
1298841,25
1331898,176
1339825,115
1078026,18
1110323,32
1164425,28
1154567,104
1384956,90
1409353,84
1010862,81
1183882,171
1438307,153
1149805,184
1038249,94
1288149,99
1217865,86
1170575,53
1459362,97
1350029,104
1467669,144
1014675,80
1280197,45
1220931,52
1336050,57
1299433,55
1024888,44
1306844,51
1365486,50
1177550,53
1131156,49
1343038,115
1420346,101
1147021,71
1476298,70
1342290,52
1122492,36
1369700,36
1020027,40
1206446,43
1306114,44
1125550,42
1348293,42
1188771,39
1482727,207
1057243,213
1126452,195
1342786,171
1384345,179
1479026,174
1400837,224
1386993,187
1024697,174
1117768,145
1433636,287
1271523,707
1413066,209
1052429,259
1080624,293
1433782,290
1429517,1763
1211453,1564
1148474,231
1403075,198
1326194,19
1179865,15
1298419,14
1455874,15
1177955,15
1071207,15
1288752,398
1167747,320
1467746,310
1122163,277
1200111,313
1282157,291
1072327,332
1358293,361
1179258,351
1433034,269
1242400,184
1183728,122
1480985,163
1309302,161
1129620,206
1140646,167
1364451,229
1404202,220
1196684,239
1134530,188
1287497,62
1105062,60
1395783,57
1105017,66
1148887,62
1209537,62
1261074,67
1165109,83
1008951,83
1025002,69
1021362,34
1248311,34
1127567,36
1294035,39
1005287,36
1408576,33
1476703,38
1138460,44
1455947,41
1499341,36
1257724,535
1138065,552
1331635,560
1089050,523
1209677,606
1178390,562
1232486,706
1165663,709
1115081,698
1294491,581
1172071,17
1065500,15
1395805,14
1335487,17
1483824,17
1417531,17
1078215,110
1196339,109
1325211,121
1196940,109
1222681,247
1075794,202
1054169,152
1285808,131
1207618,126
1336847,102
1481561,83
1430507,804
1273196,67
1402786,83
1313810,103
1422861,85
1182953,1459
1431576,1311
1336624,109
1358256,89
1466648,331
1217089,335
1275462,335
1461365,312
1159522,338
1442492,318
1426884,396
1223006,406
1257596,400
1313402,314
1076417,29
1113562,31
1306781,33
1437817,29
1095654,27
1037188,30
1193062,26
1116791,30
1078593,29
1301677,29
1431143,28
1335729,23
1273431,22
1291651,21
1046453,28
1270301,28
1321242,23
1027253,23
1013732,21
1024533,25
1027745,25
1401756,350
1200397,337
1336135,344
1127302,306
1086163,1221
1158899,843
1418131,449
1011342,405
1383378,1550
1329788,1171
1413355,34
1453914,68
1165320,77
1057838,111
1302966,56
1035293,36
1021717,40
1428648,41
1437108,46
1166881,35
1390263,50
1221841,32
1393273,32
1408322,19
1414454,25
1214045,28
1039828,26
1179927,87
1254793,86
1351626,85
1361626,98
1474171,95
1020749,83
1283888,110
1218770,120
1493085,112
1104390,87
1392730,29
1124619,25
1027577,70
1215288,83
1011785,25
1010577,19
1204806,27
1174460,149
1013394,140
1263967,150
1498604,136
1124137,155
1040051,127
1291601,163
1095188,148
1073321,143
1205283,131
1248898,30
1442657,29
1016320,28
1350450,22
1050645,24
1295212,25
1120237,23
1448221,19
1041643,50
1241401,51
1286172,49
1348808,51
1200960,53
1069495,53
1375220,56
1280709,69
1363658,67
1192217,59
1254129,207
1298211,194
1226852,194
1080756,189
1357125,198
1037900,184
1018982,215
1206804,237
1434708,240
1350481,186
1356462,121
1206990,120
1374639,118
1248955,143
1488819,110
1314173,129
1422028,155
1474301,127
1421735,122
1329364,123
1297374,76
1205205,77
1267715,82
1096759,70
1371599,71
1196904,71
1275453,78
1205146,81
1195095,73
1157236,66
1200113,46
1405527,53
1412772,49
1191506,47
1286282,114
1393333,109
1456278,75
1199618,73
1209903,66
1166888,53
1417296,62
1233935,70
1447608,69
1070930,64
1347324,60
1421863,53
1423458,76
1314357,58
1472011,60
1202692,43
1204108,69
1320421,67
1157131,72
1493504,71
1027269,61
1071193,68
1153084,79
1154191,85
1319139,83
1223887,76
1113523,130
1198977,131
1114413,133
1388713,131
1394714,118
1159948,133
1323802,164
1194854,137
1470372,125
1048695,114
1225474,79
1287737,72
1239768,70
1289902,64
1113656,115
1369685,124
1266061,145
1011495,81
1298947,91
1293685,75
1045465,378
1081681,375
1421624,382
1451474,363
1163083,430
1083920,409
1031606,478
1133029,359
1003561,354
1290934,274
1020564,179
1178892,64
1119268,76
1493433,77
1264710,83
1318684,77
1289831,88
1387575,114
1364643,123
1254679,100
1326548,226
1258579,215
1429577,216
1057122,200
1132453,196
1452892,192
1430832,249
1481540,197
1405175,191
1261253,151
1198643,18
1371814,20
1211409,92
1108597,85
1397712,17
1087010,17
1187741,20
1488904,26
1051180,32
1447326,31
1312294,32
1037296,34
1066036,30
1274650,28
1360248,32
1313926,28
1376399,24
1197966,251
1108691,249
1407227,253
1156240,216
1359242,240
1101112,214
1396786,277
1214504,302
1305039,277
1066722,201
1010949,280
1257911,283
1155840,276
1005910,271
1268420,409
1499109,433
1022495,328
1050999,259
1481138,261
1388481,210
1412015,94
1176447,57
1253823,100
1494779,99
1036773,101
1208909,113
1248167,159
1392970,142
1444295,95
1057981,72
1297433,71
1064848,80
1323764,63
1020465,65
1332048,58
1089745,94
1310777,90
1455214,77
1189682,61
1097913,20
1218649,45
1138627,24
1483004,19
1465355,17
1095932,109
1086204,106
1347932,127
1323389,114
1360373,119
1369485,108
1156482,138
1473466,134
1107803,143
1361421,107
1124678,15
1075990,14
1400926,40
1383499,64
1126038,59
1286555,49
1375120,57
1159696,48
1088236,52
1217593,45
1136291,48
1317437,28
1461229,119
1183783,136
1343779,132
1335558,139
1221537,144
1081323,109
1389983,152
1261113,170
1387450,157
1338940,138
1067321,18
1051361,78
1030392,96
1155915,20
1229449,14
1132160,24
1152412,25
1489262,23
1116102,26
1086847,26
1348070,32
1241177,36
1413177,38
1180550,29
1366766,32
1198791,41
1327818,38
1331264,55
1204089,42
1053998,18
1077837,29
1329598,27
1246576,35
1485914,69
1299729,67
1460115,73
1299132,67
1137246,84
1251637,75
1221233,80
1151884,77
1187774,72
1156979,54
1204525,19
1347649,18
1493813,20
1140478,19
1482717,19
1166964,341
1246650,353
1436167,358
1354222,273
1135520,293
1087917,278
1025372,354
1105223,298
1119382,282
1412980,213
1264395,212
1199994,572
1264068,155
1102366,212
1411928,210
1302832,200
1430125,1792
1179547,1328
1432135,223
1423780,187
1271169,14
1177475,13
1284113,196
1182008,190
1065218,205
1405233,186
1275037,185
1474230,172
1215183,198
1435232,213
1143903,178
1358874,146
1014564,191
1206185,194
1392612,197
1309171,174
1126294,185
1339737,189
1337158,212
1429763,239
1092832,253
1066511,178
1344086,24
1210234,33
1080240,24
1156847,27
1028232,147
1262649,141
1453211,147
1262599,157
1495848,143
1342607,182
1358429,202
1475006,202
1009709,162
1492097,15
1006833,125
1406361,120
1308035,126
1018667,116
1360589,162
1387284,129
1037113,141
1216798,132
1413073,120
1418176,96
1472931,84
1484697,765
1160231,91
1104329,80
1176781,111
1399279,89
1016676,1373
1212768,1107
1401817,101
1076968,75
1127204,143
1454285,146
1230213,150
1216199,143
1338024,153
1316220,142
1261077,164
1499021,178
1384202,175
1327954,141
1221607,20
1289506,19
1421492,15
1075950,18
1085945,16
1298007,21
1431853,20
1164599,17
1484727,17
1251893,21
1149765,208
1225876,205
1415546,230
1078113,195
1490342,935
1143538,793
1342267,306
1442839,254
1137292,1320
1394848,776
1192413,24
1089505,29
1053247,30
1427058,51
1399010,32
1022717,26
1281547,29
1368785,23
1424511,13
1294222,19
1454421,138
1483482,134
1006934,164
1337295,150
1331277,144
1444811,125
1103642,183
1182198,178
1497051,157
1488795,135
1174921,19
1234400,16
1394502,106
1200823,101
1275837,22
1041452,26
1479766,166
1387983,161
1159217,175
1320682,162
1085106,167
1233601,141
1131145,180
1258777,164
1159193,165
1010363,140
1363486,21
1425117,22
1325405,18
1391577,17
1133753,17
1111154,16
1197779,14
1365246,15
1212707,129
1313597,124
1412241,138
1337684,75
1280026,77
1323007,85
1255751,79
1354177,76
1078929,78
1019057,98
1450808,90
1298458,87
1364650,69
1409575,25
1125328,22
1216882,19
1345389,80
1388295,77
1209508,80
1476668,75
1413395,101
1225315,85
1035195,95
1313839,89
1230384,86
1056205,67
1082698,64
1308392,74
1199853,81
1022140,66
1352470,86
1189345,59
1490265,71
1348230,45
1181616,29
1197754,32
1341473,38
1183839,34
1412036,36
1294587,46
1207154,35
1319547,200
1190103,215
1240755,221
1336172,194
1271870,192
1407766,200
1309964,230
1170529,201
1273445,193
1101540,164
1497398,29
1439873,30
1109486,28
1253988,35
1295721,38
1126045,48
1300636,32
1384325,35
1401376,33
1132739,180
1010460,180
1195857,185
1247979,175
1035595,200
1069260,195
1094702,235
1240856,177
1007680,179
1426661,131
1256382,23
1108013,26
1259378,26
1053053,30
1057181,41
1287446,29
1456020,239
1204510,246
1420426,242
1467938,209
1466987,218
1260987,211
1136679,264
1334365,221
1424034,205
1080646,162
1175393,19
1120564,20
1002584,92
1369039,67
1337552,21
1165405,16
1492488,26
1312853,26
1136587,27
1301621,24
1160572,23
1110622,23
1106150,278
1049172,267
1114784,300
1167505,239
1361792,302
1152503,235
1227862,323
1105779,348
1376356,298
1402031,196
1096623,118
1239656,119
1405703,129
1191021,120
1092472,504
1458592,479
1294843,260
1308629,238
1495955,130
1061848,128
1190084,132
1341158,126
1462124,135
1360840,128
1181465,149
1057569,117
1057633,156
1075114,159
1055398,144
1333295,120
1297074,22
1379038,23
1322503,42
1448129,42
1350207,24
1123031,24
1232610,135
1201589,135
1151450,149
1281317,137
1477767,130
1405278,126
1491066,165
1163517,164
1474008,149
1233979,114
1408360,14
1441467,22
1039188,34
1059972,47
1090412,28
1439582,27
1049512,36
1278377,28
1048840,26
1294224,16
1443887,21
1443342,49
1495749,80
1312759,31
1310930,21
1312840,19
1088172,47
1179491,57
1439950,54
1068923,93
1004841,30
1103936,28
1424143,35
1302670,33
1003271,29
1042443,26
1282737,127
1024017,111
1400061,112
1488713,103
1169855,134
1358064,102
1331832,110
1158324,112
1423816,107
1404581,84
1441739,188
1265839,195
1216683,203
1335875,177
1160156,173
1149327,173
1079856,225
1166586,187
1177025,165
1157387,147
1208736,288
1264561,625
1073671,236
1209675,257
1275754,293
1367936,262
1446165,1953
1234429,1685
1124690,244
1084106,219
1052283,12
1336838,173
1217775,141
1438573,166
1072145,140
1449639,152
1383383,129
1064086,144
1183107,141
1111109,138
1049747,106
1118719,26
1198172,27
1191230,26
1209839,33
1130885,30
1245977,88
1352817,95
1245183,85
1490092,91
1278462,102
1090267,101
1231613,131
1164334,156
1300150,166
1231259,128
1353044,113
1364881,116
1070795,112
1334338,108
1270230,153
1377631,116
1080033,110
1415642,123
1014478,111
1469693,85
1161439,122
1168002,745
1441244,146
1273528,121
1010262,118
1464628,105
1054992,1391
1424027,1302
1181485,113
1387632,98
1165288,125
1113019,119
1116213,117
1044947,129
1402049,136
1073679,114
1088866,144
1194180,154
1474476,163
1049402,119
1150785,26
1430351,19
1154657,18
1294881,19
1482963,27
1320236,25
1401300,23
1402219,22
1085905,30
1074853,24
1002726,23
1159511,297
1187456,293
1042038,326
1123472,274
1493200,1018
1302806,931
1407912,407
1446984,343
1183152,1480
1204185,1138
1108978,58
1199511,79
1083409,27
1118263,29
1218876,36
1167285,31
1252700,28
1445581,24
1127512,23
1085656,19
1321845,136
1455472,134
1027884,145
1394720,132
1074634,135
1308475,127
1139202,160
1049629,162
1495048,146
1255867,123
1063225,16
1274489,88
1155113,92
1012556,15
1136132,25
1057620,17
1367681,22
1127237,127
1123531,120
1087129,130
1337331,116
1255536,139
1025123,129
1492236,143
1168750,133
1186584,122
1456847,115
1075416,29
1372842,28
1240169,28
1014713,25
1345243,24
1227735,27
1088888,25
1333761,20
1158242,19
1081099,50
1242607,52
1495219,54
1401482,69
1318810,60
1400541,49
1024895,72
1046431,78
1068378,82
1431933,54
1271591,315
1421944,348
1184062,382
1057805,339
1076888,319
1181549,319
1211353,387
1201369,369
1041442,320
1080016,281
1194305,96
1215404,91
1373267,93
1317965,87
1102462,117
1228578,94
1450338,97
1140085,101
1353087,92
1399873,75
1199864,58
1427938,61
1040108,58
1232520,48
1140444,60
1491788,56
1017798,44
1078602,44
1432281,27
1474925,33
1487930,35
1062946,37
1250578,35
1251241,31
1054675,51
1430035,44
1320248,292
1384763,334
1373622,354
1226738,311
1329412,302
1475103,324
1222607,364
1202378,326
1191895,295
1446321,255
1116078,25
1438279,28
1260468,27
1307543,39
1412237,38
1008257,40
1287575,30
1187973,127
1432844,120
1041119,141
1308270,126
1365491,156
1355275,124
1152106,116
1099823,94
1054861,188
1000718,196
1184753,193
1086068,164
1128378,158
1195583,164
1497882,197
1104126,167
1317079,158
1282758,140
1155200,66
1324217,49
1473072,13
1343671,18
1026843,19
1125834,412
1189808,358
1441262,359
1055391,338
1296574,376
1448485,328
1075573,457
1349629,418
1024221,384
1209177,284
1043846,192
1187193,187
1401517,213
1451717,155
1137204,682
1394137,695
1293060,535
1084654,252
1235655,217
1198297,181
1356764,120
1146613,107
1337790,117
1005714,121
1047886,123
1490612,114
1248990,155
1106562,146
1197378,139
1296853,115
1402753,35
1425375,37
1028038,32
1345814,106
1498239,76
1440240,32
1313487,34
1172976,31
1173479,24
1108099,102
1140422,108
1476136,110
1183601,104
1392652,113
1281225,102
1076397,136
1455589,161
1427470,124
1378157,104
1249463,14
1159521,14
1007336,23
1492890,54
1416727,48
1274743,38
1060770,58
1304904,42
1420681,41
1046677,42
1331432,26
1392564,23
1007301,20
1087412,17
1070032,123
1307443,78
1141999,23
1409598,18
1279045,19
1423195,18
1488981,22
1133119,25
1452440,58
1132502,93
1407149,116
1282673,156
1268753,68
1284746,43
1005070,56
1019974,51
1309173,46
1480639,37
1446457,81
1362996,87
1090500,91
1304163,84
1078416,115
1059592,90
1162316,99
1158244,96
1366358,87
1314753,70
1286080,26
1335910,25
1006041,37
1249283,30
1461362,25
1015427,22
1358416,24
1020212,24
1248147,25
1378174,258
1215064,262
1442250,272
1075519,233
1182344,232
1160732,229
1334546,290
1166553,247
1450602,225
1267841,184
1253078,327
1102244,772
1189123,375
1003545,291
1304674,317
1428307,313
1142838,2433
1350187,2187
1074022,273
1431871,223
1437490,19
1466259,15
1253695,15
1286044,15
1283002,238
1382675,202
1272292,226
1480386,195
1365169,203
1384166,183
1497042,224
1363181,272
1294124,208
1009747,159
1283339,50
1267181,52
1332082,50
1315779,50
1265919,47
1130549,59
1468217,65
1117415,56
1177808,47
1020966,162
1210680,169
1007010,172
1426974,170
1167015,191
1208134,181
1088146,237
1384893,248
1295493,272
1237768,190
1025533,14
1473799,13
1178769,94
1386312,102
1129935,99
1441314,91
1154339,133
1308805,100
1094696,110
1268433,104
1357317,94
1068361,79
1281581,184
1112950,537
1394268,140
1356848,127
1115980,139
1215913,136
1260394,1809
1236784,1596
1131319,123
1207117,111
1470747,194
1410454,190
1329627,198
1053569,188
1098179,201
1489281,186
1230739,230
1117763,230
1016076,242
1020937,177
1018712,27
1045845,27
1329309,28
1161877,31
1226026,27
1492109,23
1040086,33
1412950,31
1340735,27
1233208,25
1151954,44
1288009,39
1273694,19
1488686,22
1193844,21
1257412,18
1015655,26
1316041,62
1296576,58
1400039,30
1194635,21
1313348,23
1119000,22
1027462,28
1371466,26
1134961,24
1485722,313
1143142,319
1272200,374
1387344,313
1138217,1403
1325439,1352
1072277,446
1314839,379
1443394,1853
1371303,1480
1110848,53
1205741,70
1442808,69
1323796,101
1032128,63
1467255,31
1132370,46
1087561,42
1123735,36
1319373,28
1494589,42
1395269,25
1319608,20
1414354,14
1120550,20
1168667,13
1039323,15
1174079,17
1138894,110
1332326,100
1443795,105
1269616,98
1432258,112
1147987,97
1295928,123
1287051,128
1158914,117
1361913,118
1136100,74
1395576,66
1125717,20
1185462,19
1494897,55
1135110,127
1269099,116
1313849,132
1120599,119
1180650,130
1092730,145
1411549,138
1202252,133
1323841,129
1102250,113
1340912,30
1150418,28
1225337,27
1168528,23
1043153,22
1456419,24
1243421,21
1010145,18
1018571,67
1069802,65
1401957,66
1404213,64
1316048,67
1158712,64
1479461,75
1208718,87
1185405,87
1198952,72
1474845,404
1157526,514
1148769,556
1070034,440
1140349,437
1137134,400
1410300,572
1101704,561
1294776,400
1027926,380
1420629,20
1104909,19
1287283,89
1261591,106
1478055,98
1275336,91
1492006,135
1373733,104
1133943,115
1134075,112
1252216,106
1365824,84
1422465,112
1066872,115
1335313,123
1474073,116
1164921,112
1348022,112
1253188,122
1018552,93
1346530,116
1339297,76
1220358,52
1301699,57
1406291,57
1467067,57
1025513,56
1312658,56
1465977,63
1276636,71
1322947,65
1443723,61
1088449,344
1038747,428
1074323,488
1425596,334
1365619,341
1343273,335
1162807,473
1212269,432
1132139,349
1132973,304
1318675,29
1121665,30
1157481,33
1127473,42
1171397,36
1057180,37
1147842,31
1152981,249
1355233,247
1151463,259
1002763,222
1354095,264
1392836,218
1283010,287
1394082,222
1094935,217
1151706,148
1200731,58
1141438,28
1399751,45
1108673,39
1273336,36
1238435,31
1295267,37
1459297,48
1018011,52
1159162,36
1278056,125
1023979,127
1226314,139
1071038,114
1373670,109
1056884,111
1362578,134
1094443,124
1389248,116
1243448,94
1413481,20
1360278,16
1378063,72
1166004,59
1418240,14
1484087,21
1040229,19
1300041,18
1316313,423
1308796,421
1139258,397
1493273,354
1296204,410
1184448,377
1102185,461
1015283,514
1335904,475
1132706,358
1247498,583
1111828,525
1050509,532
1225960,542
1127936,1748
1066415,1404
1358786,686
1090286,655
1161679,610
1432350,500
1374582,213
1185511,228
1386250,212
1008427,210
1172238,213
1019043,216
1103612,255
1393402,217
1232866,287
1021932,229
1295018,69
1114607,67
1359954,90
1019313,69
1059851,76
1476929,56
1410152,89
1220929,87
1319121,100
1236073,97
1309919,45
1274531,44
1327243,42
1077904,36
1296259,93
1244754,59
1455282,36
1496731,37
1197177,35
1324344,109
1280829,121
1343500,129
1132022,98
1259861,111
1231386,104
1372949,140
1095880,151
1321490,145
1015489,126
1080169,29
1397944,26
1198786,27
1264775,24
1384255,25
1421779,28
1185691,26
1434682,66
1354008,93
1408531,95
1466423,90
1356737,86
1189941,78
1088646,100
1392976,75
1303529,79
1280402,293
1233708,221
1482059,330
1493098,288
1347717,301
1408089,284
1444918,331
1433357,378
1339315,399
1384499,335
1121169,87
1441170,93
1084363,86
1283429,90
1279398,98
1259805,99
1083814,106
1489761,136
1207479,140
1100808,118
1078039,50
1409480,57
1375526,358
1475219,257
1065416,46
1133414,29
1203590,55
1454122,47
1300661,40
1307899,42
1051496,199
1029671,214
1319750,214
1130635,196
1281671,275
1116333,265
1312450,308
1001732,204
1452847,246
1341886,210
1224175,77
1223150,152
1060365,136
1055160,154
1435103,75
1159771,57
1388818,71
1058809,64
1343550,72
1039843,47
1092200,104
1495200,96
1046120,95
1001638,93
1192455,133
1405377,139
1041927,109
1189301,110
1340940,111
1461400,92
1326313,248
1276735,61
1163652,85
1417376,92
1122299,84
1008743,73
1032920,90
1138081,99
1318665,58
1372995,59
1143198,325
1044391,321
1106036,308
1312310,270
1259739,282
1144461,266
1309137,340
1237369,291
1302878,289
1082810,231
1483907,422
1367832,1425
1070518,391
1392636,375
1023524,426
1462648,390
1229441,3454
1423953,2972
1114245,353
1306638,336
1308439,31
1295096,26
1439811,24
1306205,23
1299332,24
1352223,27
1479831,27
1339805,388
1243256,369
1138267,398
1335166,333
1250508,368
1475951,345
1342720,412
1306068,473
1398609,451
1356536,381
1273131,260
1427047,229
1228987,261
1117910,266
1325084,302
1146767,276
1199571,317
1266900,375
1164756,374
1180117,316
1233241,69
1054223,74
1289081,73
1250107,76
1280555,81
1292298,85
1083856,91
1361332,110
1299828,107
1195665,90
1164822,100
1420293,102
1341606,108
1037322,105
1345040,104
1114649,90
1136853,117
1494238,122
1405723,135
1470269,91
1264350,1307
1169852,1229
1392031,1288
1140763,1309
1359423,1407
1145373,1410
1381586,1662
1486989,1724
1061075,1729
1018684,1557
1415482,26
1122374,26
1092204,27
1388240,25
1204116,26
1055426,27
1481106,28
1086401,28
1045123,29
1319982,186
1206301,181
1476808,178
1074527,181
1297918,403
1116946,356
1326550,234
1354092,223
1175470,216
1352189,194
1233536,185
1441005,1480
1380607,120
1247012,146
1458093,166
1126592,153
1025339,2843
1024722,2051
1216193,178
1011181,116
1121765,657
1154015,594
1193249,703
1025216,696
1487129,742
1132636,734
1011414,904
1368489,980
1369233,979
1458746,773
1381318,45
1179843,66
1019442,63
1247604,40
1331326,37
1201206,39
1186649,41
1158671,34
1226279,29
1353248,30
1407293,40
1281098,36
1078058,27
1394187,26
1348427,33
1186575,32
1363247,33
1297230,747
1167634,697
1053043,736
1423915,690
1055545,2823
1114758,2331
1318987,916
1397343,847
1370186,2689
1472161,2250
1276697,42
1336467,79
1203758,83
1172892,117
1037310,109
1251864,38
1045336,51
1186000,47
1070140,48
1434891,35
1392770,96
1444603,72
1067990,74
1293324,25
1358355,43
1216349,39
1274362,38
1029262,36
1318994,143
1363865,143
1033638,163
1101622,141
1191317,156
1404911,142
1131961,177
1243385,168
1060454,171
1343387,163
1121979,39
1403567,347
1487459,312
1017917,41
1062761,31
1468345,54
1393161,43
1059386,42
1499860,44
1396041,183
1283359,180
1118053,192
1017722,218
1312573,195
1430516,191
1314619,236
1140198,212
1454863,208
1388620,171
1346863,54
1201289,50
1183310,47
1364257,36
1143199,41
1278126,40
1458264,31
1380871,26
1273251,87
1431518,78
1230572,79
1062492,81
1497120,88
1030045,99
1261209,118
1132637,120
1188748,93
1458080,319
1453206,320
1199568,324
1248799,297
1039738,320
1201156,305
1474243,349
1017840,366
1048357,370
1398873,312
1036027,148
1083550,161
1250165,199
1290283,185
1051440,155
1228552,189
1487438,249
1427474,181
1158915,214
1059423,167
1395026,145
1078445,135
1296395,136
1419507,123
1136027,106
1219400,117
1327846,140
1203267,148
1346275,123
1189866,100
1313319,115
1146335,104
1359932,103
1070174,98
1267950,145
1426151,168
1132474,121
1151371,120
1332269,111
1274328,98
1198368,50
1194111,93
1278568,93
1413620,83
1226250,86
1151079,77
1196663,130
1124985,86
1265526,80
1171114,57
1180389,183
1377809,173
1419087,171
1497642,161
1427519,162
1419847,150
1429378,195
1366456,258
1051466,212
1437244,180
1369746,143
1191177,173
1359579,195
1008422,222
1361514,253
1083765,174
1208100,239
1103916,206
1268975,208
1386877,187
1023579,149
1311954,156
1488452,159
1274486,160
1473937,221
1191349,214
1227321,266
1197558,180
1230982,220
1173627,193
1259982,544
1060557,541
1365049,539
1386676,572
1021036,619
1391925,591
1333552,718
1303490,580
1410175,562
1053503,407
1163661,332
1248345,172
1027074,199
1105101,222
1428483,229
1305049,236
1252301,259
1392558,301
1321571,314
1226420,251
1088812,409
1142629,402
1320284,389
1178821,340
1470043,367
1120815,354
1484461,425
1284339,377
1162814,358
1003890,313
1016178,47
1453325,47
1411725,263
1168060,222
1303062,31
1061634,31
1062614,51
1060096,46
1289801,36
1265042,32
1155844,63
1467304,63
1344265,66
1229723,66
1045622,62
1189950,55
1262458,69
1449096,76
1172065,40
1044476,42
1144948,275
1105663,249
1292184,257
1409156,222
1219848,261
1446882,235
1130658,285
1117216,258
1180146,256
1123723,188
1092214,382
1193244,391
1473093,396
1015778,332
1353466,899
1449756,938
1113140,481
1365891,443
1331579,408
1234776,346
1217244,72
1236590,66
1312208,68
1054258,61
1020243,60
1464033,61
1362544,85
1365100,83
1147950,76
1326431,64
1323979,45
1126741,46
1152714,46
1243749,40
1239508,89
1175845,70
1284532,39
1151282,45
1084295,38
1498639,29
1406743,70
1038286,71
1221279,79
1322887,60
1215429,67
1388757,63
1459085,81
1472642,101
1207215,81
1422972,82
1351470,30
1432777,31
1441916,29
1322235,26
1024988,27
1440966,26
1041786,28
1457838,26
1458507,62
1436526,86
1046795,81
1157453,72
1157467,69
1250220,67
1253502,74
1449527,74
1215320,61
1323683,45
1487270,30
1201241,29
1181074,104
1216318,102
1016515,49
1175256,27
1109308,40
1155018,35
1055106,40
1330159,24
1100362,104
1323732,103
1297694,108
1482935,103
1453370,128
1217703,127
1349362,148
1498376,101
1247371,118
1389523,100
1434827,90
1487985,130
1202772,122
1436244,155
1326422,68
1219713,58
1389801,68
1061995,62
1385517,56
1250239,47
1023444,150
1462006,147
1238059,151
1313063,150
1487782,279
1489141,173
1244156,160
1197199,154
1347013,148
1222394,122
1344049,70
1139130,54
1136868,55
1135794,47
1269572,51
1287268,56
1312626,36
1349215,36
1424470,221
1465908,223
1433007,224
1348099,189
1248768,205
1348933,195
1473910,248
1081562,207
1413965,193
1404408,158
1154217,351
1230706,875
1496234,309
1080295,341
1410013,356
1492218,427
1142595,2468
1341806,1763
1270406,334
1449841,271
1407648,27
1123096,28
1444293,30
1130663,36
1442756,26
1260453,24
1349171,25
1094765,25
1477758,212
1435423,193
1135179,196
1178848,167
1311551,179
1188755,162
1126623,192
1225608,223
1061139,177
1265832,144
1422855,131
1492002,129
1025759,134
1014641,134
1380163,138
1405883,131
1441114,156
1322295,179
1271703,171
1126947,139
1233869,453
1478615,467
1081273,465
1452584,464
1082717,502
1009386,609
1251805,755
1390565,726
1301315,741
1033019,629
1173361,25
1400135,25
1489440,27
1278953,26
1463175,25
1471485,25
1020768,28
1152664,28
1324280,27
1099632,171
1112056,165
1225810,159
1182550,154
1046330,366
1011226,225
1253903,193
1182041,172
1389945,166
1363040,149
1144372,207
1244397,961
1192419,136
1423648,142
1211910,172
1027316,282
1221224,1914
1030268,1368
1018816,139
1290329,139
1466568,386
1429643,394
1301120,383
1377778,374
1271409,422
1168372,397
1469059,481
1067430,508
1155421,516
1136593,420
1412025,39
1287019,43
1396176,36
1331977,36
1017414,39
1043534,50
1443689,51
1347861,52
1080052,28
1117513,30
1428659,35
1236742,35
1359593,32
1430032,27
1101512,36
1221917,37
1450030,32
1311807,30
1380508,30
1059445,30
1110999,28
1133144,61
1173000,52
1422208,33
1324958,476
1254383,442
1160460,456
1285982,386
1434894,1485
1478111,1243
1208714,688
1257730,600
1204027,2143
1234660,1455
1379557,32
1206972,68
1036821,73
1281479,103
1086556,56
1249198,31
1273640,37
1154247,33
1039516,28
1086615,53
1074491,35
1331967,37
1247169,18
1314566,28
1207802,22
1217120,23
1085153,23
1096124,24
1324643,62
1348063,57
1215254,62
1163471,59
1343129,60
1323659,55
1341726,73
1084459,75
1318775,69
1256838,64
1137669,153
1276624,118
1439602,26
1243108,27
1160233,37
1289462,40
1070377,32
1140632,158
1120911,154
1080511,158
1005706,168
1252996,170
1068406,158
1132811,181
1036698,163
1142085,154
1291286,136
1355770,36
1063009,37
1374169,36
1210839,31
1429939,31
1370140,26
1470437,30
1472579,30
1451674,25
1462767,23
1426126,110
1436356,110
1252819,118
1026971,113
1149602,117
1324150,108
1265505,117
1415266,137
1194917,149
1205287,119
1216607,324
1347976,380
1468668,401
1351362,363
1210795,387
1211587,336
1110361,431
1498310,361
1405934,342
1444235,300
1413454,70
1045716,69
1353423,72
1154956,65
1019221,67
1230883,63
1329315,73
1090421,71
1218834,68
1207249,59
1096870,128
1396409,130
1037656,124
1014037,120
1432248,156
1454232,123
1432921,125
1499865,128
1491511,119
1141545,100
1395659,94
1006261,167
1357284,120
1397297,108
1084335,115
1099952,104
1490160,129
1498026,91
1354418,106
1174084,79
1031835,220
1124713,226
1231192,228
1430845,221
1372144,224
1167420,223
1437265,262
1400908,275
1032713,273
1414921,223
1138409,224
1074677,289
1249229,303
1034893,269
1236619,276
1073611,277
1398971,312
1191159,277
1179404,274
1158107,223
1170010,122
1063594,126
1276959,132
1079134,134
1249813,156
1282607,158
1216484,201
1083050,130
1126864,166
1304998,134
1254131,288
1288768,304
1236684,287
1159256,258
1046393,310
1144740,262
1387143,328
1376447,244
1090955,250
1367945,184
1062966,121
1215173,70
1423125,77
1304852,81
1021724,74
1093088,77
1200538,89
1489037,101
1008838,107
1169203,91
1050959,334
1428574,302
1434386,311
1381322,274
1052185,281
1024283,269
1247559,324
1012208,288
1047132,280
1111480,216
1020431,173
1226209,116
1448463,28
1265029,42
1371818,41
1001148,36
1362812,526
1239762,398
1254062,432
1040412,370
1107366,428
1372047,402
1386015,483
1015227,455
1268228,436
1369293,338
1057989,338
1094537,348
1264303,361
1379614,309
1333333,577
1476899,598
1186550,434
1030934,392
1262550,365
1352451,305
1427314,196
1151744,181
1013929,207
1302552,207
1026832,194
1427606,143
1339299,209
1074211,233
1319989,192
1209709,183
1102908,36
1421244,38
1435074,37
1497104,31
1013820,66
1405691,64
1030857,30
1448901,33
1296889,29
1362892,27
1177846,173
1216716,163
1485789,174
1000405,170
1377293,178
1149679,126
1357633,198
1069951,208
1394657,197
1342487,184
1103781,24
1260990,22
1186075,24
1420628,23
1033678,22
1159897,45
1055147,36
1058034,29
1437001,33
1237714,30
1464379,38
1312387,31
1185155,29
1116803,28
1168006,87
1174164,110
1026794,35
1053982,29
1318678,37
1325393,34
1250190,32
1374738,49
1248806,47
1245972,51
1002128,46
1083476,78
1449458,54
1482122,83
1214569,60
1309837,52
1340245,51
1128407,58
1003796,75
1251253,59
1252353,93
1291714,47
1080543,48
1469694,54
1233157,45
1474573,40
1219309,31
1004249,81
1294600,82
1361715,67
1429336,72
1077780,123
1270581,93
1450900,78
1059120,77
1378120,72
1121365,57
1057980,141
1252149,142
1106978,155
1083553,139
1486382,141
1160547,141
1052664,174
1221494,151
1029101,141
1034243,120
1474190,238
1210832,901
1384764,251
1464581,209
1449113,248
1221115,212
1213496,1863
1232809,1528
1187479,213
1388369,183
1495776,18
1168775,14
1355384,15
1017536,15
1033467,15
1087374,15
1344569,248
1059351,205
1332121,219
1256130,228
1288076,190
1470264,187
1187374,225
1247292,213
1352064,215
1026735,157
1474051,59
1164344,60
1253909,60
1313512,60
1187666,58
1000831,53
1361966,64
1228440,68
1222358,67
1259767,54
1083024,402
1027186,405
1226206,400
1193020,411
1208269,536
1441531,456
1201640,548
1412072,668
1063733,692
1196516,541
1481613,27
1404146,27
1037597,26
1303077,25
1400354,23
1460258,23
1258158,24
1391288,23
1259464,22
1022162,76
1043840,69
1339738,61
1384661,75
1209720,122
1455897,82
1127451,75
1363426,71
1217809,69
1309141,58
1195458,112
1344468,690
1109661,189
1022560,108
1019323,112
1146209,97
1378286,1227
1356402,1090
1499223,94
1276621,90
1496726,254
1040688,264
1359566,260
1322847,240
1419205,283
1376392,267
1471555,340
1157631,361
1446675,369
1171196,272
1281533,29
1093990,30
1209374,30
1421623,23
1251384,24
1051395,23
1139627,25
1180107,26
1325722,21
1118152,39
1330397,47
1361124,49
1178707,35
1413986,28
1241852,25
1283593,49
1238865,40
1028109,31
1183910,28
1180242,365
1118832,369
1173239,420
1418951,341
1029810,1212
1463479,949
1196208,517
1369533,486
1267353,1696
1120902,1166
1204473,44
1363790,54
1089488,44
1321307,89
1209154,40
1276722,32
1042434,36
1272062,31
1408207,28
1139545,41
1370338,28
1441728,29
1250654,18
1383155,18
1063345,20
1447665,144
1312133,149
1173106,115
1272624,140
1327619,141
1434019,96
1111401,152
1455666,150
1393896,153
1078164,143
1090469,21
1127551,61
1130340,74
1071794,19
1343891,19
1029979,24
1494201,63
1110232,67
1191425,70
1083831,67
1114637,75
1444450,81
1002579,93
1136776,90
1227062,81
1253118,75
1333423,45
1060388,46
1167613,41
1056566,32
1304142,32
1058319,28
1093672,35
1305060,33
1022178,26
1267082,23
1222568,103
1315683,107
1122220,117
1374913,108
1443718,110
1402391,98
1172117,114
1460512,140
1057481,133
1435184,104
1154591,243
1029511,280
1122897,303
1327188,269
1058238,282
1241404,277
1004561,293
1293729,274
1454012,264
1251881,218
1494214,36
1447416,37
1295580,37
1062579,32
1326138,36
1454801,39
1251730,34
1495918,31
1165001,103
1215402,95
1367986,89
1173733,102
1195787,159
1013331,103
1224522,88
1478189,89
1287261,88
1100902,71
1474455,57
1264948,71
1485074,59
1489039,63
1348732,59
1105602,43
1007891,58
1077300,58
1329141,52
1259803,47
1360415,78
1127043,80
1059133,81
1204248,80
1217680,77
1167403,78
1427762,95
1055201,103
1486591,102
1011382,86
1310544,158
1408249,177
1442686,223
1004124,171
1028308,176
1185785,214
1481414,191
1185694,189
1075073,185
1230994,156
1379639,112
1131581,115
1156328,119
1245306,113
1471389,130
1364328,128
1436549,182
1463916,130
1390277,133
1107277,118
1357918,249
1447229,246
1005089,255
1251525,208
1446516,259
1364017,222
1451683,264
1029269,217
1140303,225
1295180,148
1152177,118
1017399,67
1145891,81
1413242,66
1397636,64
1273228,62
1106083,79
1455436,90
1210472,90
1179024,86
1233530,199
1497414,200
1070634,194
1207686,182
1237150,183
1110076,181
1154847,209
1461549,187
1154617,174
1084175,151
1186995,309
1210151,285
1381179,306
1461982,262
1427117,303
1119080,265
1086505,346
1494879,322
1173357,307
1272563,216
1304421,469
1121467,450
1262305,435
1247788,388
1015891,893
1309128,1130
1005399,639
1006498,572
1435652,492
1299727,410
1194476,104
1212725,97
1190444,105
1254939,89
1111305,92
1331353,87
1022768,117
1380047,121
1488338,134
1152614,124
1096268,58
1474006,70
1325326,58
1383158,48
1161026,115
1447296,96
1150094,54
1246960,51
1495161,41
1356515,156
1292414,154
1486912,166
1112470,182
1398419,157
1308975,149
1342069,220
1451824,181
1460152,183
1498359,185
1163148,41
1013434,39
1156755,40
1482906,35
1242262,35
1231518,34
1218599,35
1414865,36
1001701,33
1469466,33
1424863,101
1380652,92
1000734,103
1005335,89
1404053,86
1446011,83
1171263,80
1116171,66
1312433,74
1338621,48
1465064,54
1449755,48
1386365,207
1024030,204
1046592,43
1152096,42
1421359,58
1316044,52
1181013,53
1070137,46
1146852,133
1295497,128
1371269,129
1295314,129
1151009,167
1338515,255
1285058,279
1281399,154
1343836,159
1140896,137
1008749,144
1489542,166
1392767,165
1089465,184
1260208,149
1415229,83
1481494,91
1103454,88
1098157,78
1130726,62
1225453,169
1369168,161
1103558,143
1211285,142
1139460,190
1215932,149
1126306,164
1339455,156
1071891,146
1161712,121
1026497,124
1086610,127
1321124,108
1310618,95
1361581,100
1465472,87
1217409,108
1044635,105
1291482,71
1436060,65
1314539,289
1047310,277
1285948,279
1435237,233
1016992,256
1149757,248
1193059,290
1083302,258
1476967,245
1192208,214
1419882,749
1404698,1119
1445592,774
1051753,674
1437653,791
1016753,751
1061979,3314
1166878,2529
1077710,712
1151813,569
1331608,32
1040462,33
1491082,33
1380987,23
1238332,26
1343421,26
1455377,28
1401181,302
1098169,212
1414810,215
1036855,185
1103761,197
1042253,185
1235632,239
1045651,227
1411635,218
1323063,184
1443157,291
1330934,304
1316177,300
1278699,278
1238056,280
1129006,283
1407025,332
1221491,340
1480631,348
1492689,287
1117594,643
1486028,652
1135738,619
1222614,687
1406377,774
1244061,752
1003197,941
1289790,983
1036601,1042
1050954,863
1094126,28
1270770,28
1382259,28
1349385,27
1329858,26
1168409,26
1183464,27
1372710,28
1070786,28
1180446,27
1152619,353
1339008,339
1094930,336
1372645,317
1458283,468
1363817,409
1425272,410
1331011,367
1213126,321
1022307,289
1193613,673
1194956,861
1267495,541
1057705,488
1428544,519
1242885,442
1075410,2581
1261158,1917
1311456,404
1068712,319
1246456,587
1213389,575
1011038,564
1403857,598
1377782,657
1354740,648
1195560,785
1000845,874
1188391,896
1310969,746
1349423,99
1072222,94
1474968,114
1286832,79
1206362,81
1206240,68
1240574,82
1046701,81
1316364,62
1201456,54
1393626,65
1033993,85
1252764,61
1397241,40
1266837,41
1367769,34
1234359,39
1047082,39
1058253,33
1120533,29
1243607,68
1444377,69
1399251,51
1211270,65
1389781,59
1041281,52
1499053,42
1034495,48
1411800,43
1339180,42
1026340,734
1426674,716
1178617,737
1384129,726
1094924,2017
1473719,1956
1086535,1114
1319044,1031
1082944,2939
1416679,2178
1383333,76
1442804,90
1019682,81
1142103,133
1456298,66
1198846,44
1355892,45
1354917,50
1419588,44
1470635,99
1311030,77
1098457,86
1347629,23
1024016,39
1020196,35
1349568,29
1296974,34
1384332,31
1112022,30
1063805,181
1169301,176
1236391,179
1487226,192
1043032,172
1052339,166
1319985,200
1118019,233
1065364,192
1280176,178
1197882,46
1336558,45
1304381,228
1364534,190
1382408,36
1486487,35
1227369,53
1417012,44
1332262,51
1207324,58
1471695,333
1379662,321
1068011,329
1332593,313
1145163,342
1418885,315
1486990,365
1094413,344
1067435,347
1171175,276
1170587,48
1009387,46
1471282,53
1446802,41
1318609,44
1219191,38
1256714,41
1426027,42
1114280,36
1233775,27
1384107,329
1055966,328
1137846,322
1138651,327
1475804,350
1437784,329
1233590,379
1175552,415
1457208,435
1306640,360
1492548,349
1499518,342
1300407,348
1204844,336
1495928,322
1143934,312
1235352,364
1068392,349
1433681,349
1162384,286
1440330,98
1416370,97
1358159,103
1341131,100
1050479,98
1120227,94
1296492,96
1271141,95
1178189,101
1100128,128
1117429,128
1338037,118
1362739,110
1340320,166
1117884,119
1250167,121
1284344,109
1462931,105
1257974,95
1078594,69
1177300,106
1440074,99
1381202,95
1121088,97
1472538,93
1008764,118
1095641,88
1270236,88
1487114,73
1413653,365
1456294,367
1493346,376
1253423,362
1464461,383
1258298,365
1490920,412
1064573,427
1082240,418
1256806,362
1054024,307
1332189,303
1457769,306
1398069,277
1433872,302
1149035,287
1163601,331
1181945,313
1082740,322
1389913,263
1465517,187
1495193,190
1002309,194
1472784,190
1473380,250
1010982,334
1221848,381
1445942,195
1145830,224
1139043,195
1158925,497
1275715,491
1350790,492
1391141,467
1235746,524
1386957,472
1124751,603
1340094,485
1091113,478
1152565,373
1450571,343
1419513,153
1328548,176
1253135,176
1354514,179
1310755,187
1469390,210
1479042,237
1204703,255
1096925,212
1177199,486
1052133,469
1130890,471
1379400,418
1003688,470
1400232,418
1487971,500
1123740,449
1495516,424
1055893,377
1204356,47
1369059,50
1351937,206
1004040,225
1399111,35
1418848,38
1245910,52
1335062,47
1323447,49
1154097,43
1243434,96
1440438,99
1477230,94
1041606,93
1079764,86
1322204,78
1388371,99
1191040,89
1345720,64
1226984,68
1103552,332
1095975,302
1396135,333
1361416,282
1028341,330
1176218,278
1044843,381
1244513,351
1075589,323
1165362,233
1454684,480
1445429,476
1442692,510
1320541,431
1477747,960
1038111,1217
1423052,617
1326454,578
1405676,521
1114439,402
1054413,159
1060287,160
1053202,163
1107001,147
1260188,172
1389884,138
1011812,186
1035060,185
1225651,175
1269716,159
1423243,61
1056176,52
1086057,49
1181477,46
1096384,109
1261427,84
1126466,47
1251550,46
1344627,43
1240320,35
1100592,160
1151563,154
1072177,159
1157690,154
1067421,142
1049469,145
1177757,180
1121323,178
1259921,171
1270504,149
1148734,34
1484172,35
1415096,30
1477460,30
1307102,30
1033661,31
1254297,32
1169748,29
1351915,47
1287757,73
1246353,67
1161031,50
1492892,63
1231162,33
1069357,63
1237460,58
1154573,51
1252295,24
1441237,47
1310322,53
1341706,235
1199338,220
1402927,36
1059264,36
1056575,57
1226667,49
1184350,53
1116990,41
1068099,66
1380215,66
1147717,69
1336774,65
1300589,81
1151202,81
1092291,100
1158536,75
1048271,77
1321815,69
1341469,97
1074570,165
1183904,156
1161695,187
1427233,81
1019963,84
1064759,80
1260965,76
1489804,61
1499105,52
1138163,100
1275435,101
1242346,101
1303020,94
1390581,114
1467768,106
1497257,117
1458496,110
1331663,115
1337395,86
1098324,143
1473216,139
1288843,128
1336958,97
1374798,111
1285831,95
1157343,112
1055864,124
1149140,80
1375688,76
1005415,267
1254165,264
1287323,276
1197742,225
1098491,245
1064484,236
1316610,288
1295783,249
1310563,233
1264587,195
1023439,576
1079927,953
1096318,586
1182017,552
1450646,609
1294005,575
1307672,2846
1056291,2521
1041967,525
1161052,432
1115378,42
1126975,38
1425062,36
1421083,33
1430111,29
1310837,30
1323552,31
1449312,31
1303502,225
1390650,191
1149555,196
1214070,164
1142508,183
1221143,165
1391855,217
1295014,217
1077590,214
1306567,154
1130901,209
1360630,212
1461640,217
1439173,204
1247601,210
1473103,207
1072711,244
1016474,259
1496045,261
1293797,217
1497941,677
1278537,682
1355035,673
1143583,702
1020166,798
1406416,758
1203123,934
1480428,1001
1420069,1043
1125502,860
1024935,22
1289109,22
1459553,24
1134348,25
1111393,229
1355898,224
1130917,224
1149958,207
1036356,237
1455529,219
1491854,241
1234170,218
1391597,207
1183080,178
1402530,314
1102476,912
1498269,326
1428840,286
1336198,315
1225617,285
1133951,2012
1325664,1751
1172045,225
1381124,213
1405281,609
1140630,596
1179175,594
1328240,588
1148498,667
1444150,663
1184976,809
1455643,864
1054872,918
1465520,755
1128843,89
1315539,87
1242462,83
1350802,87
1096746,81
1129487,74
1183500,88
1041769,82
1239451,59
1217436,56
1358603,63
1457940,62
1049890,49
1328556,31
1349869,37
1061284,31
1009353,38
1431845,36
1422420,32
1413250,27
1297493,69
1006600,59
1024745,70
1401938,46
1015892,62
1168659,56
1467272,43
1372762,51
1070911,60
1162490,62
1062386,580
1058455,574
1038618,645
1012910,649
1273816,1440
1015970,1282
1133607,846
1462127,768
1005260,2272
1178206,1311
1099372,73
1151684,134
1062706,110
1000462,140
1113146,72
1286451,59
1209288,61
1071743,49
1406565,43
1303623,39
1101312,94
1274220,63
1046363,48
1124945,21
1163384,38
1453188,50
1039477,27
1110194,27
1173932,27
1317154,25
1265971,180
1376692,174
1025739,176
1490685,156
1233592,170
1242586,161
1417742,198
1085830,191
1125663,182
1277434,167
1073593,40
1069567,40
1337776,221
1412396,194
1155177,32
1187206,32
1028786,46
1397179,46
1309690,50
1024218,48
1070732,175
1223304,171
1107079,170
1454774,164
1040018,181
1141787,177
1085213,204
1061709,192
1097923,188
1388988,161
1407946,48
1130479,47
1019957,45
1131530,37
1332626,38
1178951,41
1025702,39
1026610,31
1112746,25
1184133,364
1460544,353
1232535,351
1479916,360
1115572,387
1494124,363
1283670,438
1285656,452
1399178,468
1113406,386
1190768,234
1251345,275
1280927,292
1343610,266
1154445,263
1403823,261
1311885,326
1339877,292
1418984,295
1300135,233
1200592,150
1260242,150
1395800,158
1453905,151
1443736,152
1464242,149
1048256,169
1160937,169
1349435,165
1174466,142
1089398,154
1087733,145
1234773,139
1359835,129
1148989,147
1365592,126
1309184,132
1378698,124
1386797,115
1330452,97
1351826,98
1277872,113
1314199,108
1019082,101
1370963,106
1286139,91
1456597,105
1432834,97
1104820,103
1139260,84
1337305,256
1130316,265
1040709,276
1158635,246
1431499,264
1084752,264
1274093,310
1342313,315
1455649,323
1114608,269
1310892,240
1199038,255
1140872,269
1295778,287
1130685,234
1196193,242
1407837,283
1209313,268
1407123,269
1362036,222
1296768,164
1434488,169
1074836,174
1470035,170
1390700,210
1044974,209
1196047,251
1000316,182
1319295,214
1022883,179
1074755,424
1265478,457
1079551,440
1284323,470
1088414,534
1059042,433
1333252,488
1385541,442
1436174,404
1207409,311
1237302,166
1302873,103
1402640,143
1101215,144
1384496,132
1020464,132
1370973,160
1140008,190
1128860,195
1321905,157
1040493,364
1266782,365
1334924,361
1100862,329
1313064,337
1102764,316
1249006,381
1353126,347
1190022,345
1299662,289
1353069,46
1012130,41
1495700,130
1298675,158
1369804,26
1034705,49
1398806,38
1187068,40
1463531,110
1305395,110
1148186,101
1289382,91
1364225,81
1492483,100
1234254,97
1322227,70
1277972,69
1416876,498
1199684,487
1169253,494
1431942,446
1124620,484
1292462,471
1157971,569
1376744,652
1346422,588
1366798,486
1339641,781
1480786,689
1418641,703
1366988,686
1056350,1769
1177798,1839
1295143,832
1347530,817
1468567,738
1467885,599
1313505,278
1428532,311
1177648,270
1260235,296
1023852,269
1389275,278
1312237,353
1418312,378
1341648,371
1381447,306
1029884,73
1066120,70
1369386,85
1059676,80
1429101,81
1172837,63
1158730,98
1408804,91
1179836,90
1168556,88
1309096,115
1260976,114
1333433,104
1267474,97
1128942,194
1342545,146
1021203,94
1438920,100
1073117,88
1401981,68
1497894,111
1483400,118
1187366,108
1092508,111
1105494,115
1061530,108
1192020,147
1057605,148
1287959,133
1073416,108
1126584,54
1229122,55
1005407,56
1315629,50
1271290,48
1394658,43
1046637,45
1493956,46
1391775,37
1047036,72
1033147,108
1193901,116
1354229,102
1452022,81
1310666,118
1232566,86
1483477,76
1288112,51
1117255,441
1263274,409
1039799,407
1463547,430
1078142,460
1040684,431
1171583,475
1321027,527
1269832,596
1411302,445
1352627,148
1165481,154
1215378,155
1271516,163
1163658,166
1230965,166
1365652,184
1431943,206
1144443,225
1385200,183
1240353,62
1343801,63
1140936,401
1233169,329
1140705,70
1426262,62
1467381,82
1374112,69
1275546,55
1444197,58
1458629,334
1285260,338
1241716,322
1311102,326
1141241,448
1441734,444
1225616,508
1440398,333
1184580,354
1163115,312
1346652,118
1117959,218
1491102,165
1208881,215
1115005,141
1025834,87
1002587,108
1191834,107
1266002,103
1106897,77
1372662,158
1421424,132
1200145,119
1495791,114
1442540,199
1304455,167
1398733,147
1499629,139
1333510,128
1028768,108
1395056,131
1395859,132
1446160,134
1229730,145
1064133,125
1206668,112
1033644,146
1081570,143
1245157,89
1476211,70
1394735,459
1372987,478
1026483,475
1068862,399
1279450,420
1425955,392
1186148,496
1381909,445
1431593,422
1454362,362
1065376,612
1159794,2176
1094504,1095
1260311,673
1011813,754
1483839,851
1402324,4423
1264747,4075
1125632,592
1036941,476
1140959,38
1303406,34
1315724,35
1471838,32
1387664,28
1083939,28
1498015,28
1311461,29
1252908,29
1209578,517
1109999,527
1305434,505
1027247,474
1483090,500
1202770,469
1226985,589
1376393,654
1248664,608
1266859,539
1031078,508
1050610,557
1453965,494
1376725,547
1214462,564
1439200,601
1281767,667
1133908,676
1078694,625
1476169,132
1108613,133
1355314,137
1209386,141
1295170,141
1212610,141
1329325,161
1212536,187
1432242,193
1233757,161
1359281,169
1492687,167
1478985,174
1252493,162
1111872,158
1450249,190
1342064,235
1181360,253
1207317,235
1001439,224
1259591,1948
1327142,1874
1249310,1834
1337116,1861
1426288,1963
1178106,1937
1112605,2170
1297011,2256
1015985,2245
1413327,2020
1418086,39
1241569,38
1384829,40
1140269,36
1334770,39
1246235,36
1482782,40
1138104,40
1288442,37
1233239,36
1296700,437
1176152,412
1490730,402
1126270,369
1482237,857
1317530,706
1235841,479
1023943,443
1210305,434
1303610,362
1392342,405
1265893,1913
1300383,889
1113155,405
1113616,465
1194554,404
1412744,3553
1046474,3077
1250174,357
1154990,295
1167271,949
1393728,873
1109152,905
1366322,907
1101391,940
1478799,926
1215120,1095
1428408,1174
1100774,1177
1495413,997
1328783,65
1489537,73
1359618,69
1417079,75
1292079,65
1032899,62
1278865,74
1258520,74
1062432,48
1496537,44
1066654,92
1434239,78
1252662,53
1189165,54
1158238,70
1245281,63
1080663,50
1454861,46
1049973,60
1205070,72
1127296,64
1408881,59
1299062,52
1072387,47
1089940,48
1200410,71
1169666,63
1109817,60
1300828,1006
1223412,964
1040191,985
1241259,1006
1111087,3093
1207821,3172
1399584,1196
1115966,1236
1198576,3949
1400578,3463
1245436,81
1472988,164
1439147,117
1057936,190
1413477,109
1181097,75
1353808,84
1444602,73
1402889,58
1425006,49
1485050,136
1406914,80
1368481,98
1348179,34
1418832,52
1332124,49
1087115,52
1086536,45
1064213,37
1300128,221
1175832,206
1383898,210
1178026,194
1496047,205
1132421,195
1488470,241
1463699,237
1156176,230
1182836,211
1147081,54
1434553,62
1100311,412
1018405,321
1239465,49
1129652,80
1401086,74
1381340,67
1258644,80
1443036,356
1053161,344
1153904,373
1137845,349
1357976,399
1455063,354
1032554,443
1271162,413
1255596,386
1433839,334
1421036,62
1240396,63
1052736,62
1318399,50
1198182,49
1059854,52
1445630,43
1052571,36
1366366,110
1127930,118
1420586,112
1418510,112
1098578,110
1379530,114
1116454,122
1337912,145
1097049,153
1434232,121
1201964,486
1189658,501
1059263,517
1394190,500
1236690,513
1441691,501
1334605,582
1410693,611
1107017,621
1374145,554
1045821,209
1222113,276
1217271,284
1341683,273
1009555,260
1309392,259
1315349,321
1480966,281
1225163,273
1198644,258
1208849,299
1441614,322
1248156,324
1485601,274
1312698,299
1419409,286
1122933,392
1244035,351
1008087,353
1133047,275
1226797,137
1337287,127
1352856,122
1303705,111
1194545,230
1412631,231
1175214,180
1183617,168
1121929,154
1368598,137
1185564,117
1009043,155
1177149,156
1269966,144
1296374,133
1493329,184
1012549,125
1097146,128
1069577,90
1242697,245
1087963,264
1294670,260
1111304,276
1363038,296
1313011,276
1099771,302
1199619,314
1095691,320
1101436,335
1198242,278
1184246,313
1253028,326
1330281,294
1209338,283
1161018,393
1261445,373
1353033,324
1237434,306
1102543,273
1242716,315
1249009,310
1495394,295
1274734,288
1024355,405
1103357,393
1399642,443
1345916,364
1228419,412
1169119,331
1113492,968
1366158,890
1439432,899
1053389,976
1036237,990
1283801,918
1406109,1076
1097535,920
1294933,922
1149663,750
1261102,425
1151084,242
1188460,308
1013566,300
1197612,312
1279695,301
1107242,350
1078963,377
1117593,397
1270954,313
1333325,643
1347680,588
1257619,606
1325342,542
1343161,605
1298632,574
1374260,667
1043910,623
1324159,584
1196203,487
1187416,53
1327498,59
1280962,346
1145871,292
1298088,55
1416084,49
1025418,77
1112152,70
1156397,57
1200616,54
1015576,117
1462952,119
1300731,126
1057777,145
1077697,131
1083512,113
1043832,145
1073718,150
1404165,89
1383574,69
1277521,274
1170512,258
1370401,263
1452526,229
1204032,272
1122526,242
1463003,298
1025274,308
1347318,289
1321328,179
1067839,404
1483725,395
1300490,425
1496218,351
1317787,798
1283497,802
1441003,511
1386255,456
1315234,411
1191121,359
1284152,41
1466198,40
1199378,50
1397692,58
1370363,44
1400901,39
1201023,61
1164774,56
1358350,47
1204434,53
1176816,33
1422919,35
1083560,33
1468201,28
1183572,64
1039852,51
1007766,28
1454545,30
1471552,26
1270068,41
1443132,56
1097219,50
1049932,51
1323340,40
1131342,64
1380580,61
1213905,51
1471972,53
1413083,29
1449954,29
1122166,29
1238788,26
1055667,29
1409994,28
1453234,27
1257317,66
1361294,50
1379698,53
1342320,70
1328836,52
1121055,45
1080422,43
1262302,46
1123997,40
1037357,178
1388566,121
1002941,30
1488200,43
1465957,39
1173465,34
1424985,152
1249481,155
1095297,155
1128364,156
1441697,187
1091221,184
1129825,214
1400537,152
1418187,181
1000954,145
1082700,121
1187505,147
1274638,133
1425827,182
1278517,77
1396283,61
1431261,66
1068792,58
1132616,49
1200149,44
1339820,85
1438802,85
1435671,92
1484168,82
1198444,99
1492945,87
1163707,94
1243932,94
1151562,86
1186321,69
1447666,84
1306889,81
1155251,83
1413745,91
1269383,81
1057636,78
1089983,84
1234828,69
1250556,65
1420610,51
1066603,179
1255787,185
1301525,184
1273784,177
1406571,182
1127643,171
1338351,211
1301867,175
1013460,170
1239990,142
1439857,424
1214145,671
1321197,396
1206526,368
1183250,439
1350692,421
1386804,1856
1153957,1658
1130559,476
1164242,303
1378610,28
1235782,21
1306210,20
1240822,17
1095002,17
1079749,18
1058365,16
1294522,16
1080282,117
1079666,96
1175781,102
1001246,90
1025857,101
1432632,86
1073456,108
1181173,98
1475537,89
1123999,82
1137944,123
1104736,120
1325754,125
1329527,122
1012530,125
1299937,110
1356631,140
1464535,154
1494205,156
1478093,121
1485637,333
1214130,341
1277790,339
1014247,332
1415059,377
1107132,373
1011846,477
1036998,512
1006386,547
1412745,393
1114571,27
1484014,27
1193951,26
1467342,28
1348621,28
1203499,202
1430576,164
1341179,158
1093872,155
1414499,190
1423493,163
1477931,184
1161696,161
1428932,162
1093840,141
1022986,248
1290504,674
1370181,251
1069368,224
1440724,242
1210781,219
1291900,1447
1303057,1303
1357157,193
1130746,168
1039889,355
1347952,343
1129722,346
1023285,344
1330789,406
1334275,382
1183235,473
1278095,496
1161492,515
1189870,386
1423664,58
1164216,63
1493943,55
1221196,61
1473953,56
1474289,60
1319200,56
1468811,58
1465665,48
1283607,39
1141693,67
1044743,64
1231111,39
1289132,44
1050938,40
1267675,32
1482800,35
1306570,33
1453612,28
1419275,26
1229473,58
1119490,39
1083272,36
1256710,28
1146418,34
1459739,55
1020805,38
1371287,34
1461333,33
1253476,397
1302292,408
1435862,437
1174009,382
1379685,932
1482582,842
1019288,630
1413176,576
1487325,1552
1180897,1088
1398879,56
1021611,86
1130738,83
1459114,127
1464656,36
1093919,41
1307454,44
1293285,41
1083784,37
1185727,29
1220571,55
1473421,34
1317080,36
1193964,20
1279482,31
1089000,26
1069545,25
1189067,23
1169197,22
1356966,70
1417092,61
1437968,70
1001749,71
1059349,85
1292411,70
1350514,77
1326021,80
1253272,79
1154525,70
1453346,166
1040282,113
1238900,89
1125618,21
1286968,33
1474139,28
1319696,38
1267159,28
1335217,124
1252627,125
1248791,132
1352296,124
1053563,131
1154102,127
1290045,136
1470601,127
1186545,119
1178586,98
1012027,43
1047777,46
1040476,41
1186084,34
1245279,30
1373676,37
1015578,38
1165831,30
1401263,22
1475390,247
1463410,203
1292372,202
1439264,204
1102131,208
1209977,199
1138279,244
1411809,267
1358060,274
1313166,206
1176220,231
1039778,212
1004425,202
1203269,197
1224424,195
1011146,192
1340082,225
1239108,199
1435204,199
1041304,159
1298065,75
1377872,73
1376854,77
1444587,73
1036541,73
1354025,69
1007242,77
1053458,75
1160895,61
1410872,133
1176285,121
1081672,107
1139063,103
1099030,124
1054104,98
1267211,114
1239395,107
1050376,100
1475466,88
1235986,51
1284206,93
1210694,79
1209335,78
1266488,73
1291850,75
1400961,90
1256315,70
1403345,45
1280070,145
1054478,143
1331984,185
1373602,133
1042290,129
1253575,135
1348829,158
1171409,179
1103726,168
1470466,139
1221540,197
1337388,167
1234863,168
1466692,156
1010591,170
1343778,160
1441368,182
1060968,171
1416037,168
1406540,141
1059461,183
1317440,193
1005508,195
1421850,199
1376322,218
1435805,217
1314953,265
1129714,198
1048311,234
1215194,180
1043169,263
1208467,270
1048369,288
1125626,231
1261246,288
1404288,250
1291939,310
1470656,229
1454603,245
1499149,149
1413707,150
1195152,86
1356694,108
1170280,121
1022388,113
1059761,105
1262783,126
1278245,149
1352086,164
1156922,127
1325594,227
1049667,225
1011124,217
1461927,196
1480136,198
1488207,196
1160805,227
1049976,207
1377134,200
1431854,163
1386974,35
1198524,34
1129402,80
1319244,108
1360006,29
1204701,39
1345464,33
1407657,38
1170013,34
1074218,118
1474997,116
1066976,99
1389077,100
1095921,91
1150235,82
1098314,94
1159403,79
1265800,85
1461619,67
1173091,393
1022036,392
1100321,392
1159673,334
1397068,390
1130731,349
1067260,455
1435116,489
1238094,436
1450540,349
1198224,437
1033177,402
1466058,405
1056871,356
1185031,1022
1094661,1101
1455353,561
1139412,468
1227744,443
1338180,349
1416516,176
1076235,181
1300518,182
1129548,169
1203648,170
1009223,145
1231638,214
1418807,217
1286622,208
1082562,162
1238634,37
1229625,39
1018177,37
1138702,32
1013831,82
1289847,69
1111285,44
1378876,45
1110506,32
1210067,28
1156700,155
1143542,161
1114521,182
1225380,153
1442696,155
1201493,137
1189643,211
1067946,197
1090206,185
1421095,143
1296233,16
1373548,13
1264067,15
1411185,15
1109203,41
1054094,81
1080059,71
1000890,65
1304878,60
1340130,60
1165289,78
1315803,56
1087548,60
1488603,45
1484915,77
1384503,10
1040011,82
1287103,74
1465270,83
1195244,62
1315953,42
1447359,105
1351534,95
1311428,67
1063614,89
1442280,90
1416939,91
1452470,92
1018327,95
1433963,94
1000967,105
1028432,127
1412243,141
1120664,112
1230421,21
1414288,20
1441254,238
1467889,162
1268631,24
1486559,49
1231346,29
1172938,63
1309897,60
1451216,63
1085409,56
1495023,84
1167774,88
1007013,117
1099596,76
1260443,76
1224794,66
1359667,38
1226780,54
1226506,77
1016231,113
1015558,62
1086235,32
1052327,39
1162208,34
1054680,38
1408716,27
1053999,122
1078323,112
1447474,119
1011007,109
1476273,208
1499088,115
1461407,126
1421014,123
1143695,112
1226838,90
1308367,43
1243977,44
1149575,49
1173936,44
1427278,43
1307614,52
1086494,50
1460795,32
1178324,338
1272303,315
1499934,340
1377140,289
1055053,283
1216159,279
1157645,387
1239651,338
1068029,291
1343834,244
1228159,503
1432714,1457
1425342,432
1411709,423
1113498,513
1302003,477
1265026,3187
1254847,2515
1057178,439
1279677,363
1424540,18
1416590,14
1299299,15
1475668,13
1199264,14
1245301,13
1310361,379
1229774,363
1342822,391
1120392,338
1032653,341
1494618,338
1047535,393
1233071,440
1255103,416
1158290,341
1111332,122
1245702,140
1047541,151
1169085,119
1339027,127
1320276,132
1325057,142
1068290,176
1157302,152
1442262,111
1301207,81
1236347,77
1154900,85
1128636,86
1461973,89
1123342,88
1094031,101
1319514,114
1155242,121
1474460,99
1295663,34
1314294,34
1436210,36
1177426,45
1325329,48
1259603,20
1277405,40
1425203,45
1079289,44
1170446,37
1040703,764
1012461,749
1431639,794
1121810,774
1054385,815
1106975,807
1094087,1027
1140825,1085
1340524,1108
1133545,1028
1056933,14
1205375,14
1244886,15
1490530,14
1472953,16
1416699,16
1450088,202
1343302,185
1032041,184
1326038,169
1031312,393
1191484,340
1285572,266
1115177,225
1343512,205
1147761,176
1349223,162
1118544,1550
1247856,124
1053624,111
1355907,154
1182340,142
1063432,2703
1367168,2079
1220587,202
1137033,112
1009276,544
1355967,548
1439212,564
1145363,570
1001921,604
1159863,601
1347974,731
1012491,748
1373298,749
1355523,656
1237748,34
1448117,33
1222779,31
1163092,26
1254173,22
1333036,25
1219684,24
1227375,21
1235035,19
1279289,16
1425722,18
1291220,20
1400709,16
1215159,18
1298578,20
1477704,413
1082297,398
1250718,434
1304517,342
1007597,1076
1419099,1193
1152031,578
1244420,497
1016563,2271
1021222,1765
1213361,33
1065345,43
1179779,89
1127531,50
1443957,23
1051118,30
1496945,25
1264920,27
1084873,60
1365195,32
1495418,37
1260705,19
1050759,32
1020079,27
1118213,29
1035969,26
1270851,36
1123143,32
1135820,165
1019852,160
1385419,191
1078271,183
1458841,174
1410422,138
1061333,211
1315882,213
1020053,211
1431676,162
1068073,19
1270780,237
1254304,160
1435213,24
1438178,42
1492822,35
1358808,23
1316805,219
1333390,229
1067670,266
1018043,239
1105588,223
1456750,228
1271465,310
1416907,273
1121489,253
1313498,210
1029830,27
1255557,19
1193203,18
1324205,20
1441042,18
1485303,19
1367431,80
1307589,85
1346931,78
1108071,73
1061545,75
1102240,87
1293894,106
1090685,104
1010064,89
1348411,268
1401298,265
1243982,281
1408791,253
1300733,272
1233212,246
1347782,316
1497644,322
1397906,325
1132342,245
1310816,223
1086028,242
1254784,253
1482667,238
1189684,203
1170143,263
1327596,285
1003526,237
1241837,224
1230803,193
1260111,43
1145076,45
1003527,43
1171152,37
1295117,37
1131852,34
1122805,52
1454318,50
1369172,53
1051784,47
1118223,191
1148984,152
1498148,149
1441671,141
1024004,316
1304737,265
1296839,217
1043326,197
1449009,164
1267008,161
1435764,40
1150568,76
1357621,72
1398059,67
1312126,57
1171028,77
1456299,83
1151991,53
1401355,65
1231048,50
1298774,43
1235244,47
1240781,42
1200378,65
1451628,62
1401927,58
1139987,52
1377423,260
1002890,289
1421154,318
1404777,268
1314971,273
1144315,288
1063944,356
1118760,288
1109972,273
1033868,233
1142412,32
1159551,34
1348513,51
1276231,52
1413676,73
1159070,47
1085513,57
1076736,49
1201488,480
1364365,447
1237813,466
1264986,498
1161714,530
1462364,491
1160219,658
1266694,467
1495739,481
1152498,377
1094580,68
1364788,31
1284049,39
1180721,42
1446241,40
1159038,38
1429602,45
1231740,64
1008596,61
1486204,50
1143221,494
1178515,494
1278720,506
1134672,431
1287970,462
1409175,430
1292612,576
1036703,495
1028807,433
1096407,368
1197880,17
1377256,16
1283042,137
1449143,154
1358960,17
1432265,33
1392147,19
1416956,26
1180681,191
1376592,156
1427081,162
1127933,160
1393998,168
1102692,150
1263996,171
1325073,161
1383672,167
1365529,133
1226869,300
1137477,270
1022881,282
1408325,240
1331391,1117
1455182,897
1083054,328
1379716,317
1475256,326
1486316,244
1392618,81
1300685,77
1284845,71
1117229,65
1442984,71
1478254,70
1022424,91
1471167,94
1149469,87
1481394,72
1063798,33
1185056,32
1157246,30
1100173,26
1355003,62
1459340,50
1495807,28
1320329,28
1419826,26
1334195,30
1158959,90
1168138,77
1428415,84
1472745,69
1480196,71
1429232,62
1218254,88
1177828,97
1417973,84
1275299,73
1257450,25
1036368,24
1252682,23
1386895,24
1022118,23
1165138,100
1306099,85
1308493,75
1423901,54
1180874,68
1337324,48
1416785,35
1346647,27
1463718,23
1307693,131
1277463,133
1162273,31
1112550,40
1030887,24
1481903,40
1004955,45
1191405,43
1100937,52
1099346,55
1006648,64
1258772,42
1148904,47
1064510,42
1357694,212
1022331,199
1087516,191
1346348,213
1253337,97
1496382,81
1126128,91
1417871,84
1381232,76
1146102,63
1254802,120
1203845,114
1268876,115
1215618,110
1119962,156
1175969,146
1381779,146
1182831,119
1279959,94
1032374,23
1491271,26
1282860,21
1461586,26
1056737,161
1255684,170
1207004,170
1167140,156
1142809,161
1080730,233
1056322,175
1420723,163
1184112,164
1221119,146
1077779,439
1018451,755
1311096,441
1246267,422
1137454,486
1229053,456
1397257,2172
1422386,1504
1127343,449
1110599,302
1232302,31
1117757,25
1356088,26
1054158,22
1416387,23
1170771,23
1498811,23
1386710,23
1309812,23
1238676,197
1310902,164
1453266,153
1073500,104
1280655,113
1034918,102
1048380,119
1464476,140
1198550,135
1165233,95
1119609,54
1438719,54
1178675,54
1458337,57
1255092,54
1042514,67
1315305,65
1364529,64
1017902,57
1198616,297
1177611,305
1077911,299
1305831,300
1098936,345
1189364,326
1495457,422
1193672,462
1177716,497
1125817,378
1111309,16
1421985,14
1205461,15
1094241,16
1045722,144
1168534,134
1315421,135
1495102,122
1182051,188
1101602,165
1389254,176
1458614,133
1422666,124
1178714,109
1144441,252
1438212,802
1309826,263
1415208,236
1388897,242
1115522,227
1325299,1700
1203825,1245
1408481,224
1120407,183
1119975,285
1296989,269
1256467,271
1478418,259
1141172,299
1237197,276
1215871,345
1015109,347
1173440,382
1115717,268
1045972,50
1026874,56
1385087,55
1035285,27
1305696,30
1303994,26
1466731,32
1378417,31
1449238,24
1003325,34
1240097,31
1170203,57
1218774,29
1228340,57
1058496,28
1070810,45
1098200,37
1137125,27
1215383,438
1145836,409
1159106,454
1237283,429
1182497,1685
1479658,1537
1009750,642
1457332,549
1397423,1812
1376094,1240
1244100,110
1446941,121
1212398,106
1006361,148
1396082,86
1175684,45
1481585,60
1190598,52
1404442,49
1372716,49
1427335,36
1093994,20
1403727,26
1137634,20
1171787,21
1039292,21
1047032,23
1174657,116
1216142,104
1335320,118
1198136,108
1392278,109
1114780,109
1112554,139
1012132,136
1453182,131
1220398,110
1026834,25
1351780,117
1075062,126
1025615,19
1490297,25
1394090,28
1038974,26
1367692,21
1126893,138
1443158,127
1371034,139
1356978,130
1320321,141
1077288,138
1233845,146
1002018,138
1397022,133
1323243,104
1130427,47
1075107,44
1440829,40
1207427,31
1078383,34
1066458,36
1135503,35
1040443,26
1348806,20
1173978,85
1434024,95
1191693,96
1461833,151
1097071,160
1344039,153
1143636,179
1451337,161
1241407,167
1422806,147
1402295,314
1189249,351
1227160,376
1022032,331
1467840,359
1295041,326
1316293,421
1184400,360
1264550,350
1307651,286
1120804,38
1007549,36
1431812,37
1318982,35
1062544,38
1225764,36
1292156,34
1250391,110
1250127,107
1139409,104
1474247,99
1353816,172
1264512,119
1136184,114
1389677,108
1167194,102
1285662,81
1014959,60
1195124,88
1439732,125
1240501,124
1424527,124
1418384,89
1443889,73
1252731,72
1378709,70
1246695,72
1338426,66
1423024,69
1371483,74
1391878,71
1044434,72
1196870,69
1363303,83
1228539,89
1312262,87
1289077,81
1131178,217
1209021,207
1174663,218
1178992,199
1241787,208
1142788,197
1081125,239
1397164,214
1412741,220
1110318,171
1318877,69
1308024,69
1058696,70
1064291,69
1337610,94
1405795,108
1357410,132
1207443,97
1452851,109
1468089,86
1154031,158
1266339,158
1403985,168
1467236,168
1263011,172
1392759,158
1149931,179
1476644,155
1009485,148
1387837,112
1283298,140
1152567,73
1292779,78
1408601,70
1395390,74
1364974,68
1198587,71
1074370,90
1330798,101
1150034,87
1150952,131
1000239,138
1368564,131
1209006,127
1225892,115
1180844,116
1080998,141
1352952,127
1161538,124
1462226,101
1129628,22
1240833,63
1294006,29
1333321,41
1101343,44
1200089,44
1014910,34
1174372,26
1169548,27
1226297,246
1197276,169
1118245,155
1347953,135
1444841,157
1419767,142
1385803,164
1065852,160
1354618,137
1029652,103
1048319,177
1449399,174
1377941,179
1033540,171
1475649,673
1438471,536
1444680,187
1494734,166
1206012,167
1331601,147
1170077,77
1321401,73
1013138,70
1488317,66
1380337,71
1277314,77
1442299,80
1393959,90
1251204,81
1297987,63
1187117,17
1007858,20
1369451,20
1413606,45
1313151,19
1226412,23
1417240,18
1089929,15
1132041,82
1376468,72
1370975,70
1426059,68
1497986,69
1150833,66
1457734,84
1238587,93
1176143,84
1360564,60
1372749,14
1463356,31
1040334,56
1113748,45
1050828,41
1051165,49
1414894,29
1460597,30
1135055,20
1047124,20
1461952,68
1105467,68
1395033,19
1185551,22
1121561,22
1022493,23
1018666,23
1362060,24
1301397,25
1182334,25
1291602,41
1486846,36
1402486,43
1485489,84
1071651,25
1163508,23
1214601,25
1245847,23
1429824,19
1109033,95
1347075,91
1383125,93
1184487,84
1162155,110
1377489,94
1470294,111
1173002,89
1215737,86
1474101,59
1062167,28
1240800,30
1057352,26
1089842,29
1278279,22
1421622,27
1090305,27
1420842,84
1170153,85
1165214,82
1194921,73
1459130,80
1313669,73
1353513,103
1247163,93
1461187,86
1055062,62
1497770,254
1321774,512
1376752,251
1099178,240
1040232,280
1317487,264
1179988,1434
1251333,1322
1164536,348
1083292,284
1349813,15
1157241,13
1003495,14
1276154,15
1107468,14
1208439,13
1476005,139
1424569,80
1181440,87
1006444,67
1132047,75
1273403,65
1035309,88
1201822,89
1498182,90
1165756,72
1470598,53
1203967,55
1217868,59
1015274,55
1300202,55
1108806,50
1254873,59
1199090,62
1265564,56
1121842,45
1312130,213
1284072,218
1390606,206
1177870,226
1217412,238
1391279,230
1000635,288
1070142,305
1158077,329
1263948,222
1193421,15
1156344,15
1485835,14
1027573,15
1266107,15
1021981,14
1015055,133
1205726,121
1281507,115
1336471,117
1371096,127
1298833,112
1479793,127
1144663,118
1103525,110
1197547,84
1296043,118
1237520,469
1229220,177
1047440,132
1005311,133
1016408,108
1329187,869
1353734,662
1084794,234
1360072,211
1432207,172
1394210,166
1443225,170
1342526,177
1449114,185
1123390,184
1247236,221
1261392,237
1489922,240
1401658,168
1310639,36
1310614,28
1320270,32
1021422,26
1231315,26
1294120,28
1256367,21
1494072,20
1350289,13
1497576,23
1074887,18
1342968,19
1428256,19
1012009,19
1476296,19
1107262,20
1180712,258
1282937,261
1497422,264
1227980,254
1025770,949
1136598,868
1189975,432
1420919,340
1050733,996
1353409,709
1034239,30
1303445,29
1136905,29
1421265,71
1267023,19
1136504,22
1095993,16
1126729,38
1079069,25
1292980,34
1303079,17
1462333,20
1019410,21
1438716,17
1435109,15
1144962,66
1420185,59
1112604,68
1361559,57
1285104,61
1376099,50
1214290,77
1410003,79
1268568,64
1406091,17
1415989,46
1211232,70
1424836,19
1376616,16
1107196,19
1413500,86
1406133,91
1350713,89
1453725,89
1362405,104
1053239,99
1157912,103
1376542,100
1409362,84
1379033,70
1183423,27
1193727,25
1400533,22
1283484,22
1260253,22
1327267,24
1067574,52
1025091,49
1153270,63
1394193,53
1142889,52
1158789,47
1287972,73
1206482,82
1212175,72
1016096,50
1432981,155
1023890,162
1109225,169
1270197,148
1186395,146
1416108,144
1017675,172
1394196,149
1004465,143
1012703,115
1253619,81
1239241,83
1169578,68
1016228,73
1071564,77
1045441,69
1317808,88
1329582,75
1414635,62
1380886,48
1173597,69
1254262,58
1254768,60
1224126,55
1198629,60
1206547,58
1101674,51
1205025,46
1365276,42
1414784,25
1316568,91
1456931,91
1237087,97
1304436,93
1238935,99
1321591,90
1196912,110
1455585,121
1252744,122
1272139,115
1487244,151
1329414,144
1499372,155
1257824,139
1497563,139
1271281,135
1242958,155
1221756,139
1463746,132
1196527,106
1236535,27
1076788,27
1300917,31
1174577,27
1231316,37
1489870,27
1230866,42
1091117,41
1222002,38
1493218,24
1312818,196
1452472,200
1035476,201
1264026,182
1339727,207
1214712,203
1160566,193
1010653,176
1229452,165
1176747,143
1323954,46
1254479,28
1440217,28
1252943,27
1108815,26
1161763,36
1416819,56
1193778,164
1300983,160
1122637,159
1411939,146
1031959,139
1303625,136
1238349,158
1252660,140
1349638,124
1300844,100
1276319,57
1437773,69
1203934,14
1309094,15
1144647,22
1281864,45
1274790,45
1386829,44
1190878,39
1455637,39
1417791,33
1190587,41
1076991,37
1195531,31
1400538,24
1430582,468
1285990,410
1477291,406
1356384,389
1150281,440
1370080,401
1460451,511
1348031,549
1044121,451
1133254,364
1278014,681
1403459,633
1317166,621
1101385,586
1426987,1409
1034494,1296
1491377,760
1464250,701
1022006,660
1148475,528
1484671,68
1228708,69
1324032,71
1103003,57
1430610,61
1195267,85
1236706,77
1340005,84
1217303,72
1003775,102
1343878,94
1226007,85
1099098,82
1009486,158
1330192,158
1446159,80
1334259,83
1091570,74
1102858,51
1420778,110
1477933,116
1197090,117
1390893,105
1421101,101
1499403,93
1382081,119
1140362,128
1093489,113
1356618,97
1423088,40
1192006,39
1474663,34
1085309,34
1336011,32
1363332,33
1135752,36
1043065,34
1187227,109
1079197,129
1006967,117
1242972,106
1250142,121
1319491,126
1043915,84
1221198,91
1237425,70
1492794,63
1140775,62
1013635,188
1175249,149
1229061,58
1471915,50
1104983,70
1009083,59
1045986,62
1233374,70
1209101,184
1038551,182
1293094,187
1425780,177
1150996,223
1220665,224
1068227,259
1098287,187
1065954,209
1117031,184
1286663,174
1217322,256
1178898,234
1442104,293
1069214,184
1431479,120
1485687,145
1353255,137
1114499,123
1297409,96
1458579,125
1159489,123
1384833,114
1367817,108
1222696,187
1006871,126
1442863,125
1083688,122
1264958,119
1100547,99
1020009,165
1283055,190
1059560,141
1310135,126
1498194,119
1012741,112
1183714,143
1407622,129
1295424,75
1483037,290
1127728,297
1253251,294
1044711,255
1246779,282
1428427,266
1483396,332
1117421,287
1249450,276
1446810,230
1488993,476
1173486,1015
1058307,389
1411973,359
1272886,426
1014260,403
1481364,2830
1126940,2124
1306695,400
1067847,360
1093258,57
1209561,44
1275913,41
1461176,39
1059013,36
1336430,34
1154879,38
1027714,37
1404182,223
1273647,181
1267729,187
1416232,165
1376813,208
1484156,162
1118664,194
1470343,218
1198659,175
1497568,142
1072349,247
1060176,248
1380226,255
1270763,259
1414842,254
1006679,251
1258071,299
1247670,310
1150813,318
1215972,254
1402068,441
1414079,434
1027086,439
1376822,444
1473650,507
1318829,479
1485144,600
1440877,655
1259634,678
1197323,578
1461060,42
1286426,41
1005386,39
1326015,38
1216054,36
1042609,36
1052663,39
1274204,37
1317813,34
1076102,253
1446470,254
1034950,251
1251250,233
1124996,417
1329337,325
1052063,291
1393099,283
1291876,262
1239530,233
1128989,151
1250468,808
1128007,125
1305327,142
1443163,157
1349532,145
1463940,1944
1067683,1308
1497405,163
1427690,154
1131692,385
1325899,381
1035806,381
1192752,377
1154621,418
1105567,392
1351561,488
1284314,521
1119425,535
1071315,418
1246537,121
1380847,125
1294936,104
1044935,93
1138879,90
1176172,79
1051931,114
1002959,101
1448369,64
1449451,63
1105139,117
1115844,123
1008005,112
1368689,86
1115922,88
1345103,81
1246054,87
1454376,84
1252642,81
1081770,67
1011869,78
1053029,72
1314053,63
1084167,67
1335565,74
1082784,63
1403001,54
1434417,62
1413074,56
1246394,51
1219340,732
1050739,736
1081641,741
1284180,695
1454969,2069
1294205,1701
1275885,997
1479530,919
1208280,2730
1214026,1587
1396005,118
1174114,144
1357653,130
1200505,164
1142397,107
1412678,71
1335177,83
1370526,78
1120043,66
1208972,56
1044205,120
1377609,78
1020582,76
1141498,38
1185774,59
1321317,53
1044208,43
1462768,42
1193401,38
1323629,33
1310109,88
1140274,93
1208581,96
1163752,91
1469436,84
1319124,75
1313925,104
1385981,110
1446581,104
1437446,91
1258414,47
1174433,53
1055153,162
1067334,149
1128244,40
1412206,33
1387722,51
1218541,49
1275925,54
1256153,147
1122590,125
1473145,139
1498862,129
1468073,139
1118231,132
1087099,168
1258783,150
1260565,146
1291095,125
1205721,63
1121544,70
1142191,65
1238740,56
1182987,58
1005888,50
1254577,60
1192747,55
1456541,45
1223264,38
1103707,179
1059508,184
1243642,188
1122553,182
1437856,187
1024334,188
1094451,221
1469441,231
1148888,239
1076174,195
1411749,309
1015942,363
1363447,397
1453406,359
1430928,340
1209243,324
1457115,395
1443790,370
1263578,351
1474898,306
1267831,238
1358267,219
1117920,217
1328212,209
1009729,368
1247718,263
1207734,236
1118433,243
1181657,230
1278379,198
1134421,111
1132261,153
1320763,154
1435856,154
1164020,151
1221554,139
1319256,155
1137425,135
1029137,143
1103208,108
1138911,261
1165664,277
1066867,276
1358058,269
1494749,284
1180274,273
1224290,325
1426563,332
1298595,337
1148750,272
1005991,286
1116883,297
1363374,315
1096571,285
1184430,280
1451172,267
1066128,325
1034948,309
1326066,285
1102430,237
1005839,352
1142609,338
1424764,348
1255897,341
1164600,408
1442420,384
1471794,437
1299929,325
1251682,375
1187963,310
1077995,403
1453805,396
1368058,412
1145535,373
1467638,432
1401067,362
1196492,456
1153756,375
1257122,372
1204857,284
1218069,307
1301983,130
1421520,162
1198628,157
1309951,162
1342026,160
1356728,191
1105141,215
1079507,224
1463915,183
1233795,411
1053494,410
1394036,411
1225441,349
1009382,378
1192637,348
1467684,426
1489795,377
1496426,365
1471166,309
1233270,41
1449283,34
1266186,105
1343496,120
1126475,38
1206173,32
1263095,46
1238031,40
1038208,48
1431065,30
1357861,120
1112729,121
1334347,105
1107165,94
1065013,103
1222552,83
1070954,108
1036421,102
1278133,70
1420350,64
1372959,321
1087440,327
1105500,326
1161104,292
1355011,327
1482584,289
1051069,345
1116511,382
1356690,353
1014995,257
1363250,385
1391402,393
1370933,392
1370147,297
1013543,568
1488019,804
1491784,506
1439153,444
1365373,398
1497842,305
1013839,40
1118156,91
1174124,93
1140152,93
1174722,94
1161921,100
1265011,103
1133560,134
1114035,116
1298165,121
1294042,73
1428145,98
1207278,85
1051663,70
1181734,74
1126206,79
1134606,98
1113723,90
1397919,91
1491918,72
1043312,43
1147478,44
1451559,37
1218312,98
1286106,49
1112082,34
1426235,36
1003250,36
1259326,28
1050893,36
1316942,56
1067443,49
1061638,46
1068385,40
1062592,34
1335692,72
1099468,63
1445308,48
1183480,52
1317126,15
1472200,15
1490235,40
1174386,65
1358409,60
1256452,58
1466565,50
1487695,60
1185809,64
1494354,49
1023978,28
1085749,142
1352707,142
1278123,182
1062709,150
1250818,157
1349155,189
1454309,202
1194145,233
1307270,183
1050861,125
1045222,131
1220930,129
1443773,133
1154727,140
1094658,140
1465044,153
1288182,186
1360946,193
1466464,160
1121475,24
1286904,28
1023709,138
1401955,170
1355254,21
1335658,36
1377502,30
1034536,26
1163567,39
1344633,128
1478109,142
1219029,142
1305096,138
1226722,161
1015804,169
1380027,201
1114802,135
1083269,161
1041594,132
1377282,48
1394329,106
1206840,105
1369644,137
1411752,101
1337720,44
1463866,69
1379819,54
1291108,64
1290527,37
1205756,60
1438927,59
1036746,55
1285741,54
1390805,79
1372636,70
1395249,69
1037450,66
1177169,63
1123384,49
1464318,214
1015193,201
1497309,211
1452792,177
1151297,181
1105382,181
1410900,235
1029010,191
1297299,178
1490816,147
1091889,201
1044397,1042
1191281,135
1180756,164
1025950,225
1309748,183
1101949,1921
1110111,1369
1310574,164
1176036,139
1074826,29
1440334,27
1169864,26
1440104,28
1085197,23
1287693,24
1165333,23
1126706,302
1385420,300
1430739,297
1042357,266
1249746,297
1093106,269
1086128,320
1157763,358
1057624,340
1031076,262
1377992,151
1424787,160
1075935,146
1092103,144
1391640,149
1285669,109
1295471,169
1078557,142
1420653,185
1296870,167
1428528,57
1400203,62
1055380,62
1182933,65
1483633,67
1450450,69
1357576,72
1065959,86
1495520,82
1198518,70
1282663,43
1193174,45
1350874,45
1253271,41
1198619,42
1247621,51
1022520,55
1258083,51
1355498,46
1138175,529
1165312,545
1419232,533
1093243,516
1146579,606
1250371,567
1441494,670
1146752,688
1427935,704
1012377,597
1178247,24
1233203,21
1340615,24
1033712,20
1281965,24
1037514,109
1297117,109
1010495,111
1482368,102
1318695,147
1348460,115
1338367,113
1393195,107
1223629,112
1424988,94
1211590,72
1243253,657
1092227,72
1318993,73
1445601,89
1292773,79
1307199,1310
1476894,1042
1117265,79
1388554,86
1105308,232
1107240,237
1387470,244
1184143,227
1072620,252
1460051,243
1111278,287
1442651,308
1409134,308
1051968,228
1120331,45
1281035,42
1293493,46
1139973,33
1493676,31
1211354,25
1352909,31
1337721,28
1113910,28
1102135,23
1425377,33
1422384,28
1230598,26
1411707,25
1409949,27
1144878,31
1422767,46
1284889,57
1223585,394
1206396,388
1378160,394
1052245,315
1430890,1294
1383977,993
1045804,583
1156318,478
1291422,1581
1380683,1332
1157321,59
1127659,106
1235689,101
1256556,138
1065319,70
1496936,58
1009706,54
1111605,45
1004134,40
1377031,35
1112513,25
1053460,16
1193479,21
1109243,18
1187105,21
1372911,18
1499803,72
1209794,68
1016566,66
1195041,54
1139039,52
1057767,52
1220076,75
1336292,84
1020982,75
1489603,60
1135573,22
1061984,26
1462450,222
1127074,203
1038259,31
1149922,24
1279581,29
1324180,97
1470662,94
1283213,105
1378795,99
1170047,98
1061263,97
1181328,105
1102835,107
1346782,97
1214346,87
1229842,47
1108968,39
1121701,38
1066693,37
1208257,35
1270239,25
1348062,125
1368447,126
1219540,125
1321207,124
1000642,125
1076525,127
1122408,138
1382330,164
1433378,170
1392074,131
1109747,147
1075276,151
1478089,154
1113423,145
1388642,150
1073366,145
1111214,162
1456596,182
1153622,179
1116753,153
1017288,155
1451772,165
1119297,165
1138638,165
1434726,149
1003447,147
1458918,187
1101879,151
1336104,148
1348705,133
1465396,48
1376423,48
1481206,51
1009569,47
1387274,47
1310708,47
1155929,47
1314559,51
1097259,42
1109233,97
1070475,102
1022232,97
1275544,93
1108444,137
1406546,114
1167154,112
1476614,110
1234726,102
1451631,88
1050057,57
1361060,90
1331292,86
1283598,86
1499806,80
1018726,79
1408381,91
1272485,98
1362852,70
1129500,49
1062525,70
1235519,70
1369995,70
1075387,70
1400898,73
1224959,71
1421340,87
1220168,107
1439539,77
1470046,82
1391149,138
1297146,129
1410054,131
1364916,138
1233541,122
1422209,123
1083629,143
1368507,128
1198651,129
1283960,107
1231476,75
1349761,89
1482768,87
1002536,79
1419887,97
1248501,108
1291944,132
1436867,102
1257323,115
1132521,95
1030230,407
1093409,437
1249587,391
1130025,381
1394076,456
1349917,439
1033575,524
1209870,390
1482022,383
1430894,291
1382800,141
1226060,75
1418431,84
1048428,96
1362840,90
1240846,92
1259183,106
1070288,139
1467073,151
1379768,117
1406956,266
1311326,267
1387939,275
1049891,230
1237190,239
1212519,224
1209918,287
1154373,258
1205630,240
1354206,185
1288571,23
1120855,108
1133824,129
1196734,25
1060062,33
1164785,30
1336298,206
1405041,179
1060513,173
1353037,200
1383969,187
1480033,172
1068087,197
1128618,207
1204524,184
1156177,136
1229710,119
1075135,122
1185011,140
1105675,90
1189309,203
1257953,240
1435140,148
1268931,132
1250643,107
1373331,99
1314804,41
1085036,45
1054001,47
1288387,30
1286151,51
1247116,35
1019807,26
1412520,26
1161669,48
1082827,44
1433386,26
1156715,25
1179911,48
1179936,41
1233478,50
1399946,44
1032955,43
1002856,39
1287783,64
1166709,64
1346583,64
1286122,64
1204381,17
1029430,17
1323538,16
1416779,16
1253163,15
1332638,64
1330372,63
1177255,66
1477268,54
1189551,38
1114827,63
1278141,48
1364476,42
1096012,25
1259676,18
1203050,16
1313304,95
1128930,57
1099709,20
1105749,24
1179700,24
1431582,27
1152692,28
1076816,30
1054611,30
1478275,34
1030592,34
1432030,39
1119155,30
1076400,29
1440313,77
1102018,94
1239878,108
1113947,141
1095118,90
1266382,50
1222099,51
1289441,48
1479532,39
1125619,46
1087987,76
1167708,74
1214743,71
1355453,64
1045081,105
1459993,109
1434614,92
1335959,78
1397855,70
1171886,59
1191038,30
1007240,30
1294794,31
1246825,28
1364329,134
1286535,147
1373312,165
1198624,155
1003799,145
1256663,133
1412094,173
1220509,147
1167611,142
1318187,121
1009831,450
1388765,718
1359919,471
1241983,419
1179995,490
1212359,481
1376509,2010
1052051,1817
1404009,428
1339522,324
1318327,18
1233545,15
1476335,15
1302373,15
1105644,152
1415361,125
1045371,125
1005596,111
1044413,118
1038816,103
1209003,142
1083324,150
1311779,147
1404668,95
1188630,49
1412947,50
1072334,51
1377155,50
1025414,49
1354738,45
1246940,55
1222461,58
1066086,54
1336313,45
1026962,314
1019750,274
1052756,312
1199363,299
1268913,314
1301467,296
1203194,374
1182935,420
1163522,460
1072037,349
1447951,14
1409401,14
1086420,14
1331890,15
1178120,113
1247967,111
1423994,113
1036223,111
1416797,177
1301576,160
1212594,120
1026960,114
1370443,107
1165387,92
1386562,249
1316517,834
1067207,265
1093937,254
1111260,249
1445136,225
1110219,1635
1398603,1475
1081181,190
1190478,170
1003254,256
1467189,240
1391034,211
1402736,205
1359141,254
1385854,198
1364965,256
1323652,268
1488422,271
1426492,212
1397082,38
1183542,37
1297522,43
1138417,23
1318183,26
1207002,27
1142667,25
1167396,23
1060989,27
1091688,50
1316599,29
1153086,23
1162850,28
1205495,37
1166342,28
1052895,22
1419947,354
1126746,338
1037962,355
1047146,343
1204425,968
1235062,850
1103243,596
1120213,498
1270215,1415
1279495,1034
1191198,53
1392035,62
1415566,70
1206608,99
1133034,50
1063358,29
1381777,34
1137331,33
1193871,29
1219698,31
1386138,29
1128376,29
1028398,25
1378005,21
1408874,20
1073159,21
1312708,20
1005967,71
1122653,70
1192154,73
1291405,81
1246214,85
1145228,95
1343513,90
1231000,74
1482446,20
1117272,20
1099679,71
1401233,80
1112808,21
1432401,13
1410871,24
1162651,23
1016899,24
1204132,160
1079439,169
1037012,170
1232389,179
1392405,195
1282001,175
1496357,191
1461201,180
1128577,174
1300341,135
1344720,29
1463100,29
1465046,23
1017841,23
1025415,23
1017556,26
1017987,26
1230486,18
1267865,181
1083326,156
1408065,144
1328158,144
1052607,183
1363852,144
1403750,168
1021705,191
1489126,182
1298290,148
1279562,417
1286209,404
1184252,433
1398745,386
1240758,385
1389985,370
1163173,464
1174671,423
1358679,388
1187231,314
1252109,22
1159089,25
1469555,23
1483071,22
1057435,81
1008958,82
1228910,72
1273259,75
1047684,110
1083469,109
1148001,88
1458865,84
1490628,72
1049275,58
1226940,129
1031082,114
1166031,106
1046186,110
1228900,116
1432549,107
1399393,89
1041932,97
1245703,93
1355224,68
1215604,51
1051743,52
1277562,55
1113170,56
1494387,54
1372244,51
1049141,66
1074239,67
1128774,62
1376540,55
1437760,313
1108262,276
1168331,312
1141138,254
1335501,289
1460874,277
1459975,334
1214021,290
1192427,277
1011073,229
1003568,48
1304019,48
1001350,52
1079923,50
1484969,63
1190493,59
1134077,79
1379147,57
1042262,65
1480338,49
1443390,157
1277919,162
1436754,174
1390757,152
1370531,174
1439508,152
1157260,174
1012488,156
1453079,149
1049953,98
1239800,57
1309077,33
1378564,40
1368027,50
1082858,53
1425354,40
1125176,45
1427076,58
1099647,60
1422391,42
1004160,171
1253731,167
1452541,169
1207513,156
1453485,151
1060476,152
1051838,180
1006214,154
1154326,143
1010806,124
1079506,21
1164049,18
1426844,70
1135475,82
1410231,22
1062733,426
1319141,437
1134128,441
1470083,386
1173705,433
1167231,401
1166855,543
1316448,579
1315318,520
1328973,399
1224798,429
1111734,414
1035513,437
1320280,363
1243378,1011
1312036,1032
1351501,700
1485680,530
1031838,445
1055470,369
1108200,122
1177218,142
1162136,157
1001218,128
1244163,146
1220606,135
1339373,180
1152169,203
1310691,205
1435894,95
1478521,119
1086088,98
1254550,109
1173254,105
1348587,104
1358767,84
1078871,135
1031293,156
1221401,141
1192753,107
1313303,34
1012264,39
1206239,42
1020767,33
1029535,81
1382856,43
1407934,39
1109538,33
1136023,31
1126260,75
1180004,73
1163284,109
1258768,75
1498538,73
1096137,89
1343181,124
1488101,138
1176648,117
1126581,82
1154721,17
1028416,16
1128999,17
1341159,19
1125927,48
1065645,90
1139142,88
1210716,111
1042827,89
1368817,64
1496025,83
1158456,68
1118651,66
1077192,53
1277378,85
1249354,122
1428806,160
1333703,101
1090094,127
1241511,122
1082030,127
1307675,168
1102882,197
1403544,145
1031656,109
1057468,110
1254869,109
1301393,108
1418380,113
1425208,111
1498214,127
1059414,154
1354141,160
1357261,140
1471596,25
1244888,22
1435749,137
1206662,146
1289837,21
1321832,17
1396477,34
1293366,25
1057374,22
1013823,19
1407630,52
1100203,50
1290556,52
1027327,49
1385322,81
1081549,84
1319225,116
1446058,74
1046977,70
1065843,63
1384266,38
1467641,81
1130404,84
1082755,106
1256784,76
1350726,33
1202811,46
1006695,36
1310669,55
1079853,29
1166693,78
1378906,78
1007982,88
1322216,80
1182054,148
1336720,110
1472124,118
1146016,109
1200229,100
1347107,77
1461518,25
1008079,18
1005877,21
1246057,446
1034621,433
1116418,463
1273111,353
1039920,383
1075647,372
1309041,530
1272308,453
1135659,411
1184324,349
1429396,461
1316018,1514
1147117,426
1499092,420
1373243,555
1168909,470
1124988,3256
1034545,2421
1386995,412
1481215,365
1485905,19
1446239,17
1365715,17
1214310,15
1125217,14
1077074,13
1066882,15
1201006,373
1352126,361
1320721,384
1207481,338
1174504,354
1279294,331
1223663,429
1285597,455
1131213,428
1251757,349
1316737,78
1336425,143
1175819,153
1405199,72
1206594,125
1104790,144
1374234,141
1488555,202
1050887,222
1136383,186
1326753,92
1066019,99
1324215,93
1480680,97
1365726,101
1050102,102
1472375,115
1320171,134
1357176,137
1057971,115
1422296,39
1375422,40
1121472,36
1348142,36
1427919,34
1133355,46
1225464,50
1296900,42
1337907,39
1245457,638
1324576,613
1054723,624
1240913,600
1403942,690
1004923,648
1429694,844
1029910,880
1228946,861
1119476,766
1153063,17
1387862,15
1338145,14
1010613,16
1411001,18
1254639,202
1062163,195
1314655,200
1214604,174
1499996,448
1076322,380
1295832,284
1059505,251
1435781,220
1450486,195
1400252,151
1043916,1671
1334266,171
1332401,132
1424541,165
1269115,150
1325639,2831
1413444,2211
1150346,233
1194832,117
1467164,505
1164908,471
1182446,539
1393856,483
1161200,559
1242357,519
1344145,687
1430031,700
1193698,649
1449017,543
1480348,26
1105352,26
1056548,24
1204384,22
1389300,27
1159245,26
1007386,22
1086612,39
1383381,24
1211544,17
1117090,21
1305028,20
1497650,17
1258805,26
1298831,26
1416755,20
1395061,23
1493859,32
1165027,29
1325065,29
1173236,18
1461461,322
1031143,321
1338319,349
1382544,288
1271586,1517
1269024,1308
1167686,557
1361654,432
1223632,1977
1333660,1458
1369149,24
1299994,60
1379722,44
1492813,87
1267473,58
1496114,27
1422934,36
1272585,28
1225073,34
1489149,23
1133031,52
1129020,35
1011397,31
1074564,18
1375237,22
1059977,20
1088641,143
1428749,143
1314335,162
1380138,147
1497901,141
1457740,145
1251460,202
1073802,190
1188251,176
1424484,142
1259215,19
1430121,220
1106796,205
1157026,49
1182802,36
1241573,26
1455381,274
1025335,274
1216649,307
1308574,277
1207111,279
1170636,269
1092905,369
1102625,318
1088738,288
1227946,231
1396228,33
1451374,26
1387655,22
1141553,27
1486055,25
1353727,20
1427372,81
1307655,79
1311140,84
1446095,81
1018911,80
1199464,81
1219081,95
1189218,111
1161886,111
1164974,94
1075689,241
1487402,239
1253839,249
1180477,229
1047246,248
1466888,236
1021666,293
1283025,292
1469190,290
1391079,227
1284482,288
1000105,311
1131405,330
1026786,293
1401169,270
1385345,293
1417732,382
1106209,324
1446703,284
1013495,241
1151385,39
1306511,42
1366410,36
1006403,37
1119932,44
1043407,57
1444521,50
1256754,52
1283179,49
1196826,149
1387452,143
1230711,150
1236120,146
1185618,319
1213184,237
1004268,225
1136398,198
1279574,169
1204333,131
1390444,57
1462554,204
1438751,148
1170801,95
1210459,87
1460994,117
1440018,83
1164610,86
1488966,69
1242930,42
1390101,44
1465566,49
1000399,42
1137195,61
1469869,64
1147978,54
1231088,50
1101374,358
1155055,408
1146684,465
1055690,400
1102117,410
1432286,413
1006749,537
1070762,455
1337657,410
1478088,374
1360628,48
1131297,52
1201315,54
1342955,52
1109874,76
1240433,80
1487214,111
1064794,80
1398521,78
1310802,70
1187527,416
1266277,451
1424653,422
1293173,483
1230491,500
1259128,429
1159755,669
1061646,466
1071202,463
1479720,348
1308655,198
1208083,63
1406102,83
1146795,79
1207125,88
1373978,91
1425009,104
1159178,129
1149792,134
1101270,115
1003426,622
1336097,599
1097994,614
1230031,529
1409887,592
1296679,546
1152195,700
1042129,612
1218255,557
1159094,464
1455053,100
1294863,125
1154504,42
1253115,36
1441342,32
1129865,31
1411712,33
1451554,31
1095043,373
1329450,261
1125836,291
1430034,240
1142440,272
1044380,244
1303629,333
1291262,294
1348532,283
1099484,202
1171803,308
1123524,303
1090759,317
1407952,285
1135688,767
1389266,740
1418776,396
1073552,330
1022559,305
1483098,242
1339708,98
1470087,87
1032828,91
1124041,88
1369678,88
1461502,73
1143046,99
1456341,109
1035674,105
1128260,91
1077741,66
1116828,48
1104430,36
1006876,68
1038889,60
1229088,41
1341616,42
1392433,38
1430712,86
1446867,80
1068263,76
1028358,68
1237914,70
1119781,61
1084443,91
1075103,90
1430774,80
1463395,66
1170237,27
1152704,27
1167595,23
1417527,24
1057642,41
1211529,66
1491460,68
1173218,56
1196727,58
1215876,49
1392155,70
1255627,63
1131296,60
1372817,33
1363668,33
1378609,29
1397881,143
1353011,118
1239441,26
1038504,25
1326400,38
1026836,36
1334475,29
1434413,27
1026176,42
1298077,46
1245848,47
1035147,44
1263020,101
1387986,102
1047301,114
1367333,64
1445108,59
1245784,137
1052527,142
1154093,138
1112092,162
1063008,117
1136777,70
1041377,80
1007970,71
1059438,59
1479835,60
1383133,98
1134647,91
1056045,93
1313529,90
1147431,103
1130814,93
1309558,107
1030937,97
1112119,90
1117017,71
1239136,71
1271587,71
1038585,73
1392239,64
1290122,65
1108124,57
1041100,69
1004768,71
1156294,53
1425233,47
1343050,215
1101383,218
1240963,210
1193266,176
1109229,192
1188459,190
1254738,236
1384680,192
1245643,181
1083613,156
1081347,512
1452904,740
1043817,460
1291371,447
1123762,479
1334397,480
1460060,2020
1360251,1779
1281762,452
1439399,336
1456841,28
1151987,29
1085268,30
1247499,21
1059572,22
1058761,21
1213428,21
1231149,21
1112851,21
1000917,22
1379980,237
1445903,217
1025963,188
1462601,168
1341646,171
1225833,157
1158773,186
1228545,169
1144060,168
1006721,148
1164093,69
1435780,67
1061961,68
1440940,67
1160251,67
1477670,63
1356831,74
1156352,81
1344824,77
1314386,64
1485491,430
1493366,385
1244054,385
1339975,432
1493137,468
1482630,470
1237519,605
1414111,613
1290325,655
1064432,529
1029248,26
1106987,29
1366046,29
1359583,26
1380921,25
1369493,27
1289695,27
1110768,150
1338863,144
1382552,142
1465531,122
1241642,151
1344808,132
1268761,159
1092893,128
1219577,138
1197753,104
1067587,251
1030802,679
1058272,256
1469310,231
1135977,236
1457455,235
1336420,1507
1044036,1306
1089556,204
1330753,167
1104767,435
1331057,416
1203291,428
1325692,404
1200019,411
1101366,503
1410252,525
1412366,539
1491157,431
1159926,79
1148781,76
1420464,90
1310990,54
1195644,59
1491489,49
1143648,76
1128910,46
1439261,43
1139047,85
1098155,77
1202577,75
1149766,42
1375995,43
1028380,37
1490332,42
1415018,35
1152702,31
1203390,25
1420693,39
1076949,36
1473548,55
1445518,31
1486977,35
1205567,28
1417445,63
1008417,37
1094914,35
1335339,34
1489978,421
1143124,427
1478947,445
1341530,409
1448998,958
1460556,928
1425588,662
1447660,609
1204319,1615
1152041,1090
1031113,83
1109588,103
1042999,91
1121263,135
1272311,80
1035417,44
1488435,52
1110234,53
1046452,44
1154396,37
1161124,76
1012281,43
1440975,48
1028809,21
1052765,39
1272908,31
1431024,24
1133290,25
1235620,24
1484884,22
1348620,118
1319291,112
1141726,119
1401741,109
1489392,102
1139984,98
1131770,125
1194241,151
1065106,128
1386594,109
1268551,108
1073089,116
1139610,36
1329960,32
1355420,38
1311633,32
1337310,34
1148023,25
1441522,167
1138443,155
1135202,153
1107821,149
1188980,167
1416036,164
1301771,169
1088259,153
1270555,152
1272194,129
1499793,50
1309793,50
1350159,43
1269768,40
1100287,36
1167804,34
1192141,41
1402406,37
1340231,31
1419886,24
1260343,201
1182877,239
1217356,224
1379965,226
1441304,202
1448107,230
1063294,232
1023485,248
1253042,248
1336992,211
1449051,222
1468878,233
1433312,245
1189831,234
1350933,227
1499642,221
1002220,248
1354819,233
1175159,229
1273334,183
1167786,52
1301245,54
1254662,55
1406214,51
1455960,49
1049062,46
1433561,53
1187892,56
1492015,50
1034544,45
1263414,90
1475968,93
1213459,93
1098128,91
1166118,112
1044631,96
1170333,103
1436012,90
1190243,87
1411936,74
1462062,114
1462250,142
1478840,123
1272125,113
1173592,136
1082757,114
1315888,126
1228962,108
1218951,119
1450157,79
1261300,97
1168313,96
1363268,100
1110969,106
1065108,104
1075576,103
1195998,124
1107358,138
1346015,133
1341848,102
1117382,217
1336905,217
1029565,232
1220068,211
1323831,214
1064599,201
1427131,243
1042031,221
1468651,216
1208468,183
1177476,107
1295274,113
1273741,116
1342863,116
1186787,205
1476397,188
1405693,239
1087697,136
1383887,144
1310014,119
1096435,325
1230201,329
1327424,355
1132325,301
1273416,355
1205384,306
1262956,361
1122503,309
1151545,301
1154377,196
1364266,180
1011680,70
1119959,86
1158717,82
1065220,82
1019539,79
1280259,93
1026271,113
1397525,123
1293237,99
1253918,279
1360008,272
1474314,275
1161152,227
1177267,236
1107037,237
1173268,284
1267108,255
1037485,273
1368561,208
1187183,20
1039161,21
1206949,121
1295773,92
1173347,28
1296351,18
1117059,25
1399077,24
1082409,38
1067565,455
1139300,387
1208174,409
1011793,377
1154581,423
1385320,372
1439856,485
1340904,460
1171791,433
1071982,356
1443474,436
1451076,410
1435826,438
1191886,380
1263052,1058
1263612,1056
1233431,518
1036701,488
1492648,431
1193094,349
1430287,147
1058569,144
1492697,150
1056546,143
1204210,174
1224718,140
1053778,207
1030896,177
1088431,193
1032604,142
1278927,42
1313959,48
1034410,46
1169758,40
1054997,93
1091093,84
1440267,43
1139782,45
1022113,39
1044881,32
1406716,190
1168881,179
1213366,188
1086686,179
1061143,183
1017207,171
1414578,205
1102297,205
1216870,203
1373185,170
1251629,36
1156628,35
1160666,34
1298962,30
1053397,31
1056878,32
1111308,33
1479578,31
1288087,28
1471120,29
1046475,53
1493330,103
1444927,94
1213229,86
1439048,75
1289710,62
1139483,92
1330572,84
1278620,62
1482738,43
1436768,50
1187402,51
1484931,263
1160983,190
1204951,37
1323946,37
1139023,56
1017883,48
1452460,53
1368853,42
1206015,60
1081991,66
1052440,69
1251515,66
1177457,83
1143868,85
1012312,108
1082444,76
1231667,79
1294198,76
1001589,112
1245764,144
1173024,138
1140780,172
1099951,93
1276819,59
1042565,72
1334897,68
1079864,58
1455309,46
1249865,138
1060602,145
1183244,133
1451782,124
1134905,252
1183036,175
1388259,149
1037543,147
1034628,140
1252651,116
1033716,81
1290880,89
1277555,83
1018412,69
1237270,75
1091196,61
1393399,79
1291765,75
1315398,52
1386568,52
1252163,279
1380398,280
1436318,281
1065215,240
1079999,267
1278358,256
1497315,311
1349361,267
1168663,254
1364764,216
1382522,422
1278260,1032
1499444,397
1395990,371
1490371,408
1239951,404
1336054,2918
1377724,2122
1237631,358
1286591,315
1032092,20
1412836,19
1096428,18
1023786,16
1044596,15
1247191,16
1458427,16
1341137,15
1216688,301
1474661,247
1309062,270
1437313,236
1095693,249
1268258,220
1284565,282
1124262,257
1054665,274
1112624,200
1030655,136
1442612,141
1059397,144
1254831,144
1033383,143
1358859,140
1091267,169
1106379,182
1398968,179
1413888,152
1316160,656
1419545,641
1062437,629
1181575,723
1143023,781
1278339,736
1282203,909
1080746,954
1296937,960
1210564,844
1498130,27
1423053,27
1162538,26
1156343,25
1155176,24
1140696,26
1348589,28
1274735,27
1144733,155
1471235,163
1133933,162
1301416,154
1197228,377
1390628,328
1265180,204
1034409,196
1125602,180
1331846,164
1219136,232
1111993,1143
1130159,138
1447928,163
1425338,208
1144306,177
1054489,2399
1164986,1951
1031723,136
1066069,151
1022008,457
1438700,439
1314739,438
1316314,447
1050661,490
1317396,487
1179891,594
1035233,622
1011404,631
1306324,532
1311882,58
1262231,64
1044776,63
1388783,64
1124343,56
1343601,48
1424831,60
1366075,54
1117973,40
1412333,41
1232239,60
1443246,78
1231783,73
1047398,39
1436104,42
1411819,36
1126514,39
1432466,34
1332733,29
1052922,40
1445257,46
1397451,38
1335660,46
1113039,52
1259989,37
1435221,52
1423989,61
1007274,44
1248694,495
1231562,479
1130546,524
1484346,474
1442704,1813
1231053,1658
1483761,658
1347385,584
1330482,2356
1185291,1609
1224132,82
1317197,104
1241367,90
1390190,132
1072198,85
1244605,47
1202906,43
1148817,43
1210527,66
1482028,37
1251007,36
1356261,17
1468996,27
1048360,24
1207133,23
1183999,25
1042446,24
1427250,25
1105380,151
1243006,152
1095300,154
1483804,143
1354048,148
1179559,145
1254839,178
1458313,170
1081002,170
1491158,140
1163656,212
1103189,187
1106730,31
1146782,45
1347859,37
1309782,36
1211246,189
1296046,182
1025817,188
1324612,186
1473661,215
1261002,199
1352677,224
1025143,206
1292861,214
1104929,173
1430481,35
1207788,34
1065786,32
1375055,29
1430795,29
1278380,26
1091685,30
1464998,27
1341777,24
1138248,299
1490626,300
1281487,299
1082441,279
1482938,301
1184923,279
1326973,334
1192047,356
1267180,372
1246324,385
1097109,354
1173687,359
1131198,424
1310234,404
1065673,405
1213540,357
1274015,430
1077171,402
1296692,371
1012505,337
1257968,66
1225233,69
1377517,70
1114069,62
1427908,64
1079074,63
1139550,74
1171872,69
1371558,62
1207630,155
1045125,170
1497213,147
1258001,152
1079563,327
1179847,278
1064410,191
1376454,183
1181980,172
1477762,142
1181474,85
1220195,128
1137571,115
1168297,110
1353136,122
1472975,104
1433727,132
1473901,102
1191319,109
1416495,85
1226362,156
1058055,158
1237424,165
1097480,166
1239094,161
1427548,159
1134215,180
1101934,179
1227132,191
1107600,173
1074380,273
1040219,344
1075922,360
1483577,416
1187970,316
1226360,321
1189058,379
1037004,347
1069941,368
1433285,312
1105113,244
1277408,237
1085386,247
1407082,250
1385752,305
1212643,299
1021280,346
1402014,249
1242573,302
1204789,242
1008328,319
1356975,342
1426728,356
1376105,360
1030585,372
1413560,336
1046211,425
1466477,337
1464177,344
1007464,257
1237346,222
1016003,92
1366429,116
1454944,116
1159279,112
1255341,134
1168385,156
1414891,196
1455705,181
1099051,159
1133067,342
1333880,335
1359714,334
1108942,287
1270430,304
1158007,284
1073033,334
1035826,303
1394665,288
1325149,245
1148964,34
1301591,31
1054238,111
1432687,135
1369820,25
1142224,29
1222928,38
1126137,34
1289761,36
1105042,26
1300295,73
1175047,75
1470434,97
1130199,68
1137849,73
1199578,63
1242043,78
1375038,69
1027496,50
1204718,50
1195576,498
1446499,473
1195279,478
1010758,434
1354889,473
1347174,447
1101194,595
1152426,605
1425660,554
1486207,431
1202850,463
1392817,494
1416778,491
1371311,448
1308810,1050
1458963,1118
1145504,683
1266884,613
1194501,552
1054423,410
1295451,45
1456593,47
1367486,5
1457634,103
1270934,29
1143105,32
1062418,123
1368546,113
1200473,142
1130835,132
1047685,123
1126061,119
1163821,167
1169619,175
1401462,151
1073198,125
1199424,35
1017200,37
1257467,37
1050839,28
1108091,84
1041705,48
1233321,34
1368544,33
1475574,33
1030570,30
1059894,108
1389405,100
1288556,112
1126299,113
1201059,104
1105093,98
1053387,139
1009972,151
1273474,143
1142240,106
1089204,16
1333903,15
1088611,38
1089153,71
1042206,55
1268813,61
1233183,45
1073477,70
1200055,46
1027765,41
1336904,57
1290936,71
1077142,43
1052585,47
1466748,67
1311945,44
1382023,43
1162454,49
1430846,91
1062961,100
1100322,95
1394157,99
1045296,98
1383490,101
1420177,105
1393398,119
1127680,150
1197145,178
1443014,161
1135504,15
1039343,153
1452266,111
1297518,21
1148882,35
1210043,24
1345687,29
1377152,30
1124601,26
1492708,27
1163223,22
1339037,26
1256412,42
1231690,41
1253859,40
1436052,35
1174062,33
1228388,49
1474450,118
1097238,141
1227931,172
1329104,117
1006640,57
1046575,59
1146138,51
1191939,38
1484976,128
1489133,119
1288241,120
1225058,114
1093359,222
1175825,167
1003353,167
1286252,146
1322978,131
1299602,107
1432390,25
1251736,22
1496308,19
1017856,20
1058968,21
1190208,420
1345826,425
1141415,442
1008850,353
1327250,361
1495708,348
1104677,495
1160493,432
1320703,379
1027062,331
1322431,619
1268993,2040
1144211,604
1489736,553
1175246,629
1125431,623
1412006,2895
1241406,2389
1118679,605
1342717,524
1299363,17
1273355,16
1240489,14
1210148,15
1328963,14
1439151,319
1403041,303
1374095,333
1465788,306
1145397,300
1315899,280
1174807,350
1135854,390
1033339,377
1021348,292
1208448,48
1213834,68
1394883,63
1294077,52
1234987,37
1450781,72
1254800,84
1158154,98
1308725,127
1446887,129
1262361,125
1451679,120
1418604,124
1078051,117
1208168,137
1041890,162
1378832,196
1159213,177
1093737,29
1200754,33
1143224,28
1297207,34
1428215,25
1341299,34
1272207,35
1085056,31
1481640,347
1031471,358
1241213,359
1055152,344
1075123,386
1365959,353
1195304,486
1211091,486
1373638,690
1091949,628
1393810,15
1103739,17
1064148,17
1355980,255
1185374,248
1386984,252
1485511,227
1287135,457
1470658,422
1199186,339
1042536,298
1003304,270
1364923,231
1085341,345
1331710,2012
1275541,295
1341427,267
1190610,284
1470105,269
1059086,2748
1170745,2221
1190647,347
1217666,239
1317164,204
1404058,212
1099698,212
1225205,191
1120109,208
1317198,201
1485133,265
1011810,263
1212950,399
1022775,339
1308216,28
1001837,26
1010451,27
1163875,22
1044014,18
1011280,17
1492792,28
1464863,28
1361159,26
1156261,27
1239283,23
1246844,43
1382200,48
1040381,32
1383194,29
1483614,569
1158128,541
1352318,552
1229307,524
1420379,1564
1130528,1460
1066609,832
1486088,740
1492838,3024
1328470,2168
1081769,40
1427746,100
1389098,84
1205560,113
1273304,66
1342728,32
1430130,50
1488705,46
1114349,48
1282630,27
1187473,63
1318026,32
1155627,35
1236638,15
1367579,21
1386706,19
1127458,21
1347832,158
1081122,144
1135583,181
1317214,161
1108123,140
1259625,131
1030257,216
1044613,202
1091363,199
1227543,172
1188655,18
1457066,110
1136292,96
1094514,36
1002965,30
1213573,23
1490689,28
1271981,435
1483269,406
1187987,490
1048292,445
1311383,493
1272295,466
1091585,580
1153982,550
1251268,477
1284150,409
1286897,39
1248048,37
1005493,35
1267340,31
1239904,30
1277516,25
1303470,29
1481719,24
1402112,22
1027373,62
1053078,61
1246247,60
1445153,64
1131144,62
1022645,61
1347554,72
1036573,89
1190178,108
1053533,93
1304520,121
1419372,125
1288833,139
1435274,121
1314299,124
1451163,119
1230602,148
1223589,169
1313223,168
1425457,141
1449224,228
1204575,231
1142402,258
1023335,238
1247584,208
1156954,226
1311902,303
1442346,252
1108742,234
1345988,205
1298775,26
1395159,26
1303699,23
1176341,24
1435013,25
1324100,24
1375569,256
1222642,234
1008853,237
1498918,224
1109016,403
1331054,376
1054844,330
1053706,291
1379618,254
1466164,210
1374168,56
1041129,87
1279473,89
1325155,88
1113630,72
1025725,64
1420947,98
1281621,72
1380927,64
1030996,55
1359223,45
1207971,46
1497598,51
1002230,45
1361399,47
1145097,42
1029048,67
1182337,70
1471562,61
1057859,56
1246239,288
1346290,315
1239205,357
1365667,302
1363773,288
1438163,298
1124497,406
1035904,338
1217859,300
1032275,256
1094996,28
1458686,31
1260284,34
1049246,48
1032350,49
1227412,73
1022589,48
1210589,44
1483750,229
1279331,221
1285467,234
1239556,235
1177527,256
1497342,239
1479242,337
1457016,247
1113685,248
1222266,107
1130670,54
1221942,49
1335895,47
1347237,44
1335483,54
1201957,70
1245394,67
1283139,61
1159875,301
1068162,295
1304851,327
1031011,254
1366117,259
1081454,252
1155890,358
1143009,303
1109837,280
1420026,229
1073318,13
1219979,15
1417619,97
1310817,61
1163382,14
1182396,26
1054132,22
1360123,17
1256829,18
1122414,20
1469496,21
1490414,31
1281725,262
1285268,223
1385760,228
1467681,209
1237618,226
1097503,205
1041008,234
1191686,291
1110858,257
1009792,188
1153258,198
1261101,190
1003559,204
1147045,199
1212345,717
1209256,624
1033560,301
1099076,218
1249361,232
1003543,187
1366721,105
1369157,103
1357947,111
1034851,108
1441985,106
1444957,102
1036924,142
1018734,124
1040888,130
1209466,93
1247389,44
1446359,43
1301912,40
1400145,38
1235060,91
1074206,69
1276086,37
1282178,39
1258552,32
1084942,22
1154649,81
1155410,79
1155845,80
1128430,71
1196226,75
1399997,70
1412783,91
1384724,91
1446797,85
1430688,69
1397921,18
1486556,16
1030646,16
1195477,17
1086065,72
1287867,87
1366235,83
1068779,73
1082221,75
1300287,68
1104414,69
1394387,53
1065082,54
1261807,61
1399983,18
1392715,65
1411551,105
1210413,14
1321360,23
1427732,37
1381451,39
1273296,39
1175998,39
1072824,43
1470215,43
1430558,53
1166112,38
1203344,42
1299061,39
1342610,86
1096847,143
1072878,122
1124042,161
1466895,94
1497250,57
1387934,62
1085459,61
1492225,57
1142718,44
1457058,101
1424908,94
1200217,94
1044787,84
1364727,105
1307772,87
1237451,94
1223865,90
1294200,80
1427298,67
1213120,30
1128126,29
1085143,31
1230402,31
1181195,29
1241991,30
1319873,31
1069963,168
1304127,173
1313628,195
1361296,169
1026014,169
1489921,162
1120076,215
1304941,183
1481457,165
1458967,136
1064603,492
1280020,796
1080428,497
1364032,461
1340335,541
1192024,509
1062785,1784
1365356,1521
1160539,504
1436896,382
1207359,20
1249113,17
1412865,17
1299237,15
1185486,16
1478163,15
1155205,15
1004297,141
1237737,111
1230705,113
1319258,111
1267633,119
1168400,103
1294658,117
1109580,118
1394030,117
1296678,87
1345635,51
1364763,52
1109062,54
1316392,52
1098691,49
1312916,49
1494672,57
1288751,65
1447072,61
1144125,52
1165135,238
1365978,186
1425692,183
1352787,252
1106798,226
1151845,207
1446773,265
1000259,294
1361688,326
1339452,252
1266036,16
1355728,16
1359687,16
1490276,16
1110725,167
1051747,142
1409553,147
1155898,139
1331091,160
1004645,145
1484601,161
1176259,142
1164274,136
1175834,111
1227396,275
1475697,855
1275455,279
1098208,250
1100709,269
1141206,229
1393239,1826
1496220,1454
1117606,231
1158804,188
1280129,163
1114886,168
1163765,171
1406367,175
1142814,263
1294699,181
1379642,223
1244589,233
1100387,246
1323102,186
1177540,29
1136502,29
1491362,33
1250840,33
1016153,27
1050973,30
1358467,33
1436626,29
1181846,66
1133369,58
1372452,47
1105445,41
1233676,36
1248416,28
1170610,37
1236319,25
1290214,22
1488157,35
1479779,33
1427043,29
1310388,27
1015884,58
1180421,27
1359547,60
1410710,39
1446311,41
1452837,24
1477870,445
1215216,415
1285681,481
1314990,434
1337450,1001
1095122,1127
1164460,858
1260186,625
1268073,1887
1264095,1315
1312991,49
1223786,96
1252201,73
1008278,109
1040076,47
1365093,37
1478529,40
1376960,40
1286449,33
1059103,28
1342550,39
1427813,32
1468070,33
1198993,18
1096212,23
1175396,21
1055343,20
1027386,20
1027603,19
1126082,58
1095804,66
1284871,77
1412582,59
1352134,76
1014758,53
1239271,79
1343596,81
1343455,72
1259932,67
1319798,18
1315760,133
1399760,85
1293278,26
1225808,27
1407284,28
1118637,21
1003511,177
1388877,173
1183200,174
1031478,232
1481797,250
1450040,194
1391988,221
1325950,205
1034337,201
1401405,157
1309036,30
1486121,30
1094193,27
1238414,23
1257291,25
1339559,24
1078324,24
1189106,25
1422129,22
1158245,18
1170036,74
1467615,63
1024239,52
1495288,67
1214497,66
1135850,68
1463434,70
1181187,82
1044453,79
1239433,60
1490132,427
1480622,440
1345970,443
1002734,408
1071118,399
1209765,409
1377968,496
1180975,435
1197780,436
1138204,350
1234971,29
1296050,28
1007089,28
1085266,26
1488516,29
1410651,29
1162178,115
1028250,107
1162284,100
1153095,97
1089838,123
1400665,98
1383706,108
1123698,106
1148219,107
1369726,83
1487745,137
1258801,151
1394487,154
1386178,138
1033130,149
1123301,133
1189931,148
1213578,124
1392146,134
1172957,105
1004822,57
1447907,65
1027560,63
1475205,62
1317475,59
1143854,60
1487269,72
1110968,82
1361934,62
1124862,64
1479327,273
1034228,292
1016160,305
1116053,273
1296120,282
1027940,284
1120072,315
1142743,295
1498844,281
1254537,213
1010463,51
1297352,55
1050702,53
1155579,50
1133161,68
1324163,60
1338945,92
1320612,60
1371459,71
1104555,59
1347240,152
1443123,158
1155221,163
1052491,167
1145651,167
1408518,152
1388157,185
1165523,148
1023502,147
1292007,141
1280466,58
1285179,66
1180700,65
1145185,64
1436680,62
1202037,72
1131039,86
1247144,93
1423783,133
1080009,133
1216295,135
1150345,122
1005265,126
1453080,119
1427992,139
1319455,127
1198216,114
1256336,95
1152804,19
1439914,18
1097710,44
1257810,83
1302677,20
1154154,23
1337180,23
1056340,20
1279269,23
1152002,22
1329468,23
1402266,489
1292844,471
1349547,477
1001035,417
1311694,475
1338401,432
1285535,547
1493498,604
1306863,563
1031721,434
1220913,487
1410292,463
1163414,471
1105889,402
1179154,985
1082621,1312
1164863,589
1392002,564
1150054,523
1431400,399
1492231,209
1036457,140
1335135,207
1158436,207
1364866,205
1401916,198
1333504,227
1426546,252
1487694,279
1371620,223
1082679,161
1152188,145
1112827,154
1432923,154
1327449,147
1131015,144
1058774,183
1031584,173
1295532,174
1314481,163
1367157,58
1203857,59
1144711,52
1080313,47
1096602,118
1004511,79
1003574,53
1136626,50
1357905,47
1359107,36
1061395,145
1343240,140
1427859,153
1374160,139
1231678,137
1155753,121
1250372,157
1006089,163
1128300,163
1108889,143
1161719,21
1412839,19
1345390,22
1208097,64
1200860,90
1071175,92
1377468,75
1035511,76
1083867,100
1217287,62
1492759,233
1393518,240
1459471,210
1335272,272
1013130,238
1441346,251
1289569,279
1318211,288
1100972,341
1062346,275
1337818,130
1141482,133
1076650,138
1123940,140
1037301,148
1235133,155
1309929,165
1385475,198
1282871,211
1222112,179
1286976,38
1469796,42
1340685,317
1190687,305
1032024,53
1045292,33
1329344,63
1060659,47
1003967,50
1460613,146
1327688,144
1057303,147
1233931,150
1123396,200
1248066,192
1334332,229
1284319,148
1091082,167
1006636,155
1118546,73
1477507,131
1402350,142
1307281,179
1269672,111
1388621,55
1363690,71
1396538,68
1432230,66
1432434,49
1157808,128
1300805,114
1402946,114
1075510,110
1350471,250
1300102,190
1314991,123
1434599,118
1061560,113
1033765,96
1201769,68
1262439,66
1063388,69
1374518,73
1382830,66
1308127,56
1195303,73
1389536,77
1218017,53
1311218,49
1017920,365
1464492,351
1447167,347
1150968,302
1325663,339
1491428,309
1267263,407
1055918,361
1087693,335
1356066,279
1206999,333
1220242,1264
1158723,316
1004679,363
1436738,402
1411737,366
1322953,2855
1485619,2589
1451702,269
1028427,255
1021833,36
1403718,32
1159072,26
1296434,22
1050306,22
1482885,24
1426257,384
1071899,373
1017674,379
1307337,336
1299070,416
1450331,337
1492206,419
1038082,485
1053057,459
1328779,395
1408726,257
1316397,183
1470572,275
1069529,168
1144116,229
1445719,265
1076655,276
1081706,320
1387906,346
1049778,278
1050836,96
1328615,98
1065297,101
1261401,100
1469920,101
1478651,109
1441997,117
1291316,136
1444966,140
1102147,120
1049400,53
1375249,56
1018609,60
1111529,55
1272559,57
1026662,70
1366360,67
1302524,59
1267165,1096
1262997,1040
1088775,1028
1217709,1032
1430418,1089
1275478,1055
1435295,1233
1346982,1333
1160970,1358
1310566,1203
1244866,27
1484515,26
1402186,24
1228789,24
1150337,25
1475694,26
1476370,28
1092027,287
1174462,233
1309288,213
1325177,216
1371419,515
1372954,607
1219907,291
1044361,252
1000595,249
1424899,246
1220962,148
1059573,1506
1371967,109
1008058,122
1307575,161
1482143,140
1167859,2847
1151969,2332
1327497,108
1021678,107
1414458,562
1306516,519
1180610,537
1323085,541
1212285,568
1039279,557
1395825,686
1386899,709
1216036,677
1225001,608
1055980,40
1163248,44
1248223,49
1115289,52
1175889,47
1104604,40
1493205,47
1461580,46
1116567,27
1056911,43
1165133,53
1045201,34
1070414,41
1221347,35
1305920,39
1402463,38
1274256,34
1246396,33
1005749,35
1347755,29
1462314,26
1427008,32
1376522,49
1331312,45
1439245,40
1287196,49
1121802,448
1083360,422
1387604,431
1297521,386
1148106,1561
1054831,1633
1340381,741
1471793,607
1214188,3004
1358310,2504
1154235,69
1170609,75
1411927,107
1295307,61
1284250,29
1201392,39
1041425,39
1387685,62
1458669,30
1388858,106
1402783,83
1158859,40
1237454,34
1307597,36
1439838,30
1169331,32
1448891,209
1144366,193
1201215,201
1014486,194
1076076,199
1197521,189
1448108,226
1464025,220
1050487,221
1300350,204
1244383,32
1209362,38
1175433,318
1041996,254
1281845,40
1481458,31
1226086,50
1324219,45
1151124,39
1216755,35
1333438,218
1489328,225
1477002,231
1098852,215
1164983,224
1290361,228
1256809,285
1186105,269
1393199,248
1017459,206
1022949,45
1144435,42
1080644,40
1433984,33
1377389,30
1364496,36
1026523,30
1002825,23
1136894,100
1179973,111
1042531,111
1216221,114
1462430,115
1249510,110
1276527,119
1205823,143
1448426,146
1028218,121
1105486,295
1495174,303
1004376,297
1320784,264
1489187,297
1318303,266
1481749,328
1216902,327
1184723,355
1226502,290
1461216,216
1105982,251
1040547,245
1024773,331
1237216,201
1084227,217
1444516,266
1412875,259
1425330,223
1298435,187
1143296,46
1218455,44
1305125,39
1041777,43
1377731,47
1438743,205
1339840,187
1445860,164
1312582,166
1354697,393
1107407,295
1085344,199
1165006,187
1369299,179
1398637,146
1223814,76
1183147,101
1221280,97
1272917,97
1022602,74
1457798,123
1145318,81
1291779,83
1071387,54
1161381,66
1463809,72
1043945,71
1428660,70
1231167,68
1263934,69
1283930,84
1165506,88
1246532,90
1167940,83
1006832,190
1388700,222
1139792,241
1092679,216
1441471,207
1453398,195
1055317,275
1403310,216
1014083,206
1136618,183
1269949,95
1015470,98
1209078,96
1029273,119
1224671,136
1249789,165
1127161,110
1459424,140
1255187,123
1273610,865
1494860,845
1469809,702
1289384,718
1440943,790
1455095,726
1356813,874
1435344,728
1250601,746
1388615,598
1014137,229
1220175,127
1018456,156
1396001,172
1128557,166
1097352,166
1362664,191
1282704,227
1322287,240
1382848,192
1363870,406
1070361,392
1157864,389
1125057,320
1359188,361
1334054,363
1272692,444
1026490,388
1181159,354
1085144,302
1220086,35
1012081,201
1494281,215
1268702,36
1155654,41
1389451,54
1456024,45
1476914,33
1214790,58
1314337,58
1027602,63
1372056,62
1301451,60
1361172,47
1241383,65
1379284,67
1235705,53
1182403,36
1348084,147
1052783,140
1198932,149
1316195,130
1354895,136
1080862,124
1201850,143
1268084,159
1476536,147
1251873,105
1305176,98
1383497,101
1037756,111
1139395,46
1292208,138
1217371,167
1236727,114
1066688,115
1050944,91
1489321,66
1209309,105
1003753,101
1377975,104
1173009,95
1125362,96
1089147,77
1032271,122
1304946,125
1313934,110
1420456,78
1435029,15
1268871,16
1446385,26
1137736,20
1464178,20
1129429,15
1173914,16
1209410,41
1286612,40
1349508,37
1094927,38
1277410,56
1179754,35
1319597,33
1139374,15
1046291,9
1017579,45
1269118,60
1430936,6
1020389,76
1397322,15
1222271,12
1292674,74
1437835,61
1397433,33
1318618,18
1003233,17
1020071,19
1026349,23
1057370,27
1267098,22
1374721,19
1264193,21
1001959,26
1114825,25
1063760,17
1256517,20
1444323,124
1063688,122
1267215,126
1225113,113
1001235,137
1260541,112
1488536,128
1416203,132
1394998,114
1425594,80
1319480,90
1101584,90
1169870,93
1098498,77
1363190,82
1130649,75
1492037,111
1151988,103
1044024,87
1426570,65
1031682,175
1434359,440
1012465,150
1005381,203
1224590,195
1172089,168
1403309,1037
1092034,917
1236029,167
1168852,133
1099677,143
1093858,143
1059843,152
1012745,143
1430112,143
1479236,128
1103994,156
1093267,184
1173814,162
1082751,12
1310040,72
1495262,84
1472174,62
1251039,22
1039265,24
1208172,20
1112432,19
1409411,21
1451100,22
1074440,19
1034558,61
1176365,69
1094576,66
1392466,63
1055474,76
1217360,55
1271801,93
1345064,108
1401294,102
1024879,75
1057421,145
1246771,143
1232056,150
1034367,140
1033617,172
1003218,143
1481969,178
1038947,159
1396320,136
1043673,102
1034125,87
1007900,401
1104045,100
1349952,65
1183866,90
1398163,87
1188811,675
1431359,650
1022402,104
1113928,84
1147078,72
1065907,74
1354825,72
1177980,71
1201164,83
1003099,73
1002495,108
1365578,124
1419626,104
1195370,73
1297532,18
1192446,14
1039474,15
1282502,12
1190011,198
1061568,184
1389377,205
1358438,188
1089351,789
1474431,612
1323284,269
1355349,234
1419613,771
1367988,663
1283225,17
1203085,25
1190203,19
1446915,16
1119724,18
1070558,13
1139943,22
1184750,146
1496674,142
1066650,153
1000985,153
1486680,147
1341774,133
1339391,181
1308505,193
1435633,159
1386849,124
1379099,45
1219650,44
1356379,30
1380958,139
1342952,129
1339521,149
1093789,157
1403569,162
1352929,124
1380785,172
1278694,166
1460527,137
1361358,115
1459822,57
1305254,57
1451735,63
1129026,53
1148456,61
1219726,55
1430307,79
1253049,71
1432323,52
1348068,90
1244298,90
1260622,94
1349633,84
1150838,96
1030243,86
1220817,112
1246990,99
1149550,84
1231529,59
1317716,127
1126370,120
1008110,129
1423383,116
1004659,145
1038509,118
1407977,142
1026691,136
1024597,120
1116633,84
1345747,35
1420393,27
1358056,43
1406018,28
1035550,36
1097311,31
1192832,16
1176978,23
1171909,24
1428117,22
1423315,25
1265837,26
1356525,25
1205477,17
1428458,154
1228888,158
1497243,177
1318753,148
1355554,139
1059984,168
1094135,183
1316514,168
1205603,137
1222855,113
1220274,70
1271480,60
1342721,62
1336270,48
1364688,65
1281752,62
1093297,87
1027654,66
1365653,60
1425548,34
1008773,24
1008574,22
1108380,25
1345723,21
1280856,31
1217729,28
1312629,80
1343650,83
1343822,84
1325627,72
1240091,69
1027368,63
1235410,94
1360992,81
1069927,62
1160894,41
1433729,238
1074540,195
1209661,214
1407586,196
1258824,200
1463585,182
1240414,228
1347735,254
1456243,242
1294366,158
1267876,160
1494455,157
1214425,163
1363784,123
1418399,546
1055166,558
1281197,204
1142620,179
1392306,161
1143676,137
1136999,71
1287425,74
1111884,77
1387039,63
1463169,67
1083258,58
1490887,89
1006545,87
1400409,85
1240207,67
1173342,39
1306896,40
1010409,32
1394810,74
1077316,67
1135228,32
1302997,35
1102705,31
1148385,27
1427360,128
1079149,90
1075559,14
1325619,14
1276615,71
1191397,98
1257720,88
1217814,90
1169274,87
1447542,78
1466039,74
1066597,60
1096629,72
1266012,50
1271431,77
1008008,11
1095570,19
1055136,121
1336000,162
1472836,173
1191333,182
1235816,124
1483921,66
1395368,79
1094038,72
1105815,59
1314631,51
1026138,116
1191882,102
1344759,107
1411078,105
1369846,127
1109552,100
1381175,123
1192894,118
1001951,113
1421430,86
1429773,192
1240373,207
1467559,213
1242372,168
1242379,166
1218259,178
1142876,230
1403767,184
1232994,167
1107845,146
1066977,573
1467682,853
1085069,552
1418851,490
1217236,589
1174458,567
1195403,2603
1220035,2159
1462839,490
1287164,395
1001071,17
1429537,16
1378787,13
1347235,191
1247051,114
1076387,119
1443855,108
1028510,113
1219752,98
1179883,122
1204147,132
1000796,122
1314952,94
1442368,26
1384173,24
1104417,19
1377616,26
1253092,30
1064390,35
1374399,32
1145942,26
1306281,97
1042427,102
1039235,105
1270474,123
1387994,130
1204001,120
1146761,156
1160004,183
1274185,186
1271542,142
1124445,14
1417329,14
1468716,89
1049153,97
1418671,93
1440725,89
1043632,111
1131507,87
1109600,136
1024610,96
1404758,90
1337054,76
1152418,291
1461002,892
1122525,320
1359951,290
1345367,284
1292317,260
1375107,1924
1301610,1814
1150676,191
1116620,197
1299709,130
1454164,132
1068339,142
1131994,132
1452032,136
1268214,128
1261241,154
1209168,183
1106716,181
1104690,136
1179493,18
1048344,13
1186948,39
1435035,52
1376824,42
1298051,16
1020593,16
1177502,21
1156704,17
1191925,27
1058785,37
1471133,33
1071254,22
1087869,23
1437124,26
1440286,27
1115564,24
1314342,384
1407720,357
1050572,397
1471014,374
1102279,998
1073296,769
1001420,583
1310282,501
1214363,1876
1203613,1315
1118702,70
1345691,132
1013458,123
1414435,137
1102838,74
1356018,45
1397416,61
1024198,54
1069242,49
1492637,37
1194849,51
1248010,61
1419217,73
1328270,65
1454997,77
1067822,71
1258110,76
1348027,71
1256555,96
1181713,96
1414766,90
1017146,73
1287363,43
1056033,52
1198423,15
1364412,10
1066449,16
1005166,16
1296158,178
1192897,177
1242406,192
1266765,193
1439805,195
1228845,187
1398564,212
1034193,233
1340687,370
1000237,169
1398867,32
1498335,29
1125114,28
1090818,24
1319634,23
1099027,22
1486214,27
1102434,24
1167018,18
1299648,58
1470573,45
1092183,46
1450872,49
1084546,55
1432435,48
1443500,59
1131071,66
1368660,61
1403213,43
1107202,415
1263782,423
1331170,453
1460264,369
1426141,375
1234948,385
1421162,486
1058212,422
1103651,390
1066515,315
1462332,19
1279293,24
1332514,127
1140533,121
1212897,123
1287056,119
1048549,140
1020570,114
1137531,130
1086367,152
1316077,130
1061575,88
1303294,105
1376825,137
1324963,123
1165658,115
1483489,118
1294285,92
1403800,104
1132303,101
1257856,110
1019496,94
1387167,27
1162278,29
1028630,35
1201509,31
1429858,32
1455208,37
1101218,44
1335329,43
1103583,35
1359875,480
1337050,425
1391771,472
1146344,418
1302275,432
1425677,421
1359004,546
1480962,466
1323812,422
1061472,358
1206863,20
1389125,22
1425734,23
1173685,25
1349089,30
1421410,37
1090311,29
1442624,124
1497803,141
1208465,139
1088239,117
1120442,148
1399354,127
1180298,155
1471974,123
1013299,122
1420814,81
1287492,35
1064175,20
1396116,20
1167138,31
1316677,24
1233252,157
1253592,165
1398291,169
1240628,143
1499610,137
1374566,148
1407030,186
1394499,156
1456666,142
1026147,125
1096290,13
1014622,15
1188670,250
1141504,209
1413796,233
1202092,203
1050649,223
1267399,205
1398009,243
1362163,281
1014376,268
1126925,184
1022475,371
1237898,361
1036089,361
1406614,325
1370785,941
1499126,892
1381677,460
1024838,403
1334533,348
1227943,307
1263791,85
1459846,87
1470758,102
1038905,86
1373055,91
1408796,82
1021287,108
1362049,105
1305031,109
1152312,95
1440771,44
1187170,42
1333857,37
1403116,78
1445194,66
1007138,38
1187461,38
1026257,35
1441563,30
1070835,102
1305429,96
1055665,101
1157152,89
1311164,91
1427990,89
1104489,119
1111825,147
1447194,105
1363630,86
1084048,18
1406741,14
1130968,16
1218838,17
1476647,46
1289757,74
1303822,68
1332264,57
1135584,66
1438137,51
1294141,78
1320980,53
1234430,55
1023244,39
1055728,56
1482952,33
1096103,120
1441078,130
1324485,34
1181824,42
1471619,42
1084847,36
1027455,45
1281529,42
1013702,42
1304798,41
1066172,49
1032931,48
1180413,61
1437438,44
1334218,51
1347941,46
1389643,71
1315664,108
1359741,108
1411569,142
1347488,79
1225994,52
1327384,57
1244799,55
1180905,61
1301631,51
1168148,105
1469529,101
1391432,101
1314764,103
1315854,120
1480821,100
1127406,121
1404354,109
1489408,108
1174805,83
1037167,98
1261905,99
1231013,94
1286531,81
1404655,86
1366645,72
1123959,90
1015959,85
1296737,62
1224486,62
1360259,223
1208838,207
1097126,212
1155822,188
1399625,196
1248988,192
1306893,227
1092132,189
1024168,184
1049337,158
1035365,472
1415138,715
1127856,463
1172386,428
1117249,490
1003516,480
1279245,2139
1256438,1530
1202794,484
1044876,366
1207506,19
1270213,23
1320039,18
1147947,17
1223081,17
1419834,265
1330961,168
1435944,166
1172547,139
1444883,160
1306041,147
1321470,169
1019808,193
1053634,173
1175478,126
1463966,80
1031861,78
1124451,83
1497710,80
1070647,82
1037784,79
1326168,97
1441485,100
1022671,99
1283181,84
1083889,347
1378453,350
1434331,339
1311554,354
1111904,409
1430955,395
1455829,494
1182896,541
1205862,561
1215917,426
1140520,15
1401330,17
1370827,202
1210510,191
1444583,186
1180513,182
1153574,217
1463014,208
1079096,216
1196866,183
1421929,182
1305781,153
1355984,267
1193016,765
1338781,273
1268959,262
1080975,279
1156713,248
1277454,1650
1480116,1243
1416723,233
1370466,217
1121896,254
1093815,254
1171798,247
1110818,255
1368837,294
1016415,277
1300798,339
1093179,364
1305192,383
1095872,281
1057541,68
1144479,68
1265509,69
1193741,52
1401074,57
1290336,50
1472495,57
1030352,61
1304927,41
1452763,54
1181252,46
1048036,40
1365192,27
1247734,31
1047893,29
1476634,34
1219150,31
1418704,27
1234436,36
1450413,34
1174742,30
1011859,36
1231323,45
1085320,28
1030496,44
1133342,51
1425452,34
1349084,535
1301951,460
1055047,472
1109479,477
1196856,1085
1100420,1041
1426580,670
1032184,643
1461768,1464
1058161,1139
1482071,42
1118423,81
1143761,77
1173022,111
1302221,35
1175233,41
1174841,49
1160861,62
1434397,47
1474096,43
1335769,19
1045993,31
1349802,16
1177881,25
1457076,20
1443780,20
1292750,21
1211721,20
1067400,20
1433069,98
1397198,95
1379504,114
1185911,97
1091958,110
1109333,99
1167180,120
1081167,122
1087268,106
1221495,95
1053449,32
1041898,113
1309464,133
1351500,30
1342397,34
1320336,32
1009743,26
1294351,209
1082781,207
1119851,223
1467408,197
1210552,232
1096404,219
1273993,236
1219560,223
1082763,213
1491444,161
1203029,33
1344951,35
1180354,29
1325435,30
1445951,30
1294628,26
1419171,19
1004866,116
1174471,123
1499724,132
1303018,130
1484881,140
1336482,127
1263568,145
1014154,167
1145983,172
1329014,137
1043533,298
1263261,296
1204894,320
1284763,286
1434903,298
1160971,278
1285880,330
1019892,289
1069139,282
1125818,222
1167503,59
1051775,59
1241441,54
1111497,55
1381275,55
1401879,59
1255183,61
1011053,51
1052343,153
1036170,151
1338985,149
1076504,141
1253353,142
1197539,124
1012486,144
1127637,130
1452181,126
1488970,103
1311318,88
1181114,123
1238128,104
1349833,101
1318144,119
1187485,87
1467015,103
1460483,87
1412024,82
1187938,78
1483675,107
1044692,109
1309244,119
1315121,117
1244194,122
1029370,84
1406179,121
1087358,145
1062484,144
1286223,115
1411487,228
1434063,228
1107783,244
1067126,188
1067371,222
1245636,213
1305132,262
1439843,229
1408670,227
1320423,180
1147326,66
1487198,67
1127530,69
1215467,66
1404880,86
1219365,80
1192293,100
1058833,81
1211291,86
1493775,78
1260238,236
1448531,226
1353151,255
1409437,198
1357379,254
1339529,204
1471069,274
1360746,209
1452041,227
1398366,130
1208370,53
1472409,41
1145189,63
1375565,52
1171033,50
1337888,63
1184696,66
1350494,75
1464443,73
1029249,60
1382621,270
1368162,273
1180259,274
1284213,228
1320512,247
1058888,246
1496541,287
1192877,256
1221066,243
1000531,193
1368579,23
1320374,111
1176713,75
1300373,22
1397866,23
1386107,30
1320006,27
1286910,27
1492031,43
1360663,42
1185115,45
1027999,41
1262160,39
1008521,46
1494129,44
1407133,34
1193391,197
1216224,206
1211468,205
1204072,185
1344591,214
1484430,176
1271581,226
1467395,245
1286932,221
1117604,157
1446214,204
1372850,211
1206927,225
1094093,181
1332724,584
1145862,564
1189322,276
1140102,220
1048802,207
1251786,185
1240478,120
1062248,106
1457291,122
1286949,138
1113433,108
1102829,112
1427631,145
1090565,152
1300353,142
1308012,113
1048558,33
1383758,34
1389582,31
1201819,27
1121620,57
1397812,49
1324630,28
1222494,26
1403403,24
1140050,23
1494088,96
1397155,96
1449226,99
1133501,88
1467808,124
1074575,91
1486099,133
1048727,126
1006233,118
1068633,91
1213448,15
1084107,14
1157687,15
1293087,14
1311764,60
1477226,58
1373589,60
1482068,54
1373505,48
1374634,43
1415718,55
1481039,55
1264789,32
1275191,120
1135404,133
1134765,21
1365045,20
1331309,34
1334098,28
1046455,31
1473987,19
1382211,22
1030032,21
1177914,22
1367594,26
1056805,27
1008514,30
1277523,26
1074310,24
1269004,33
1222155,60
1384559,94
1445028,81
1196216,100
1269071,91
1119152,44
1282614,53
1476589,47
1381427,37
1419068,35
1246867,107
1208872,110
1443503,116
1079579,114
1402483,131
1158661,111
1295298,124
1211532,116
1365024,109
1300579,82
1088345,181
1356809,185
1080195,191
1426286,172
1013600,176
1112824,168
1484768,210
1468658,177
1025677,166
1202168,141
1324376,391
1209888,804
1013207,409
1032261,385
1436558,420
1137097,393
1262296,1830
1254566,1638
1057706,344
1487137,302
1150878,16
1093883,14
1005103,14
1387118,189
1247256,124
1431663,120
1317967,101
1070796,115
1231736,102
1147571,122
1287198,114
1310572,121
1474583,92
1291932,44
1404048,45
1465742,49
1223823,47
1426137,46
1459860,42
1430159,56
1021450,58
1276823,53
1349255,43
1249505,217
1206767,209
1094469,236
1278323,233
1173977,258
1140787,246
1116819,310
1252003,448
1352888,400
1128508,280
1390449,148
1083362,135
1224403,148
1197207,134
1219833,149
1009290,128
1320991,140
1248026,136
1292318,126
1055337,99
1000116,182
1499174,696
1254585,205
1301578,177
1454563,183
1235291,167
1153581,1020
1065743,877
1441830,155
1071687,133
1235991,245
1357362,238
1224648,249
1042687,234
1435100,269
1386731,249
1030695,307
1254045,328
1392602,348
1443272,257
1374367,35
1212449,48
1219033,38
1108446,19
1207845,22
1336688,20
1289787,19
1207552,42
1487007,25
1209615,34
1497854,23
1070733,22
1299413,23
1037986,23
1174242,26
1456990,40
1102292,422
1135029,405
1320860,437
1480834,345
1066544,816
1076907,807
1308113,605
1351526,555
1072003,1518
1162592,1060
1248568,53
1443519,42
1141805,59
1241572,41
1060117,23
1095707,24
1091182,24
1463873,23
1388692,33
1142485,35
1492454,18
1341745,26
1487956,22
1272459,25
1042371,20
1347537,141
1041719,151
1295444,157
1278768,150
1440616,153
1213359,143
1107278,174
1431670,172
1129977,159
1312066,132
1319481,79
1363648,91
1280225,22
1354295,26
1399761,26
1280365,219
1127415,213
1055248,215
1203463,204
1381766,235
1093377,210
1119745,362
1251432,242
1286984,220
1309768,172
1395486,28
1052944,27
1187833,27
1143497,24
1164512,25
1140262,22
1142480,24
1108132,23
1362940,22
1227656,18
1260972,85
1448800,75
1329069,84
1137381,96
1118094,90
1185269,77
1247893,112
1455149,120
1338727,118
1293085,95
1022670,333
1098084,335
1395007,358
1008082,327
1255856,314
1212779,311
1213187,373
1112212,338
1155253,317
1146461,251
1414636,157
1417793,139
1057520,150
1004214,137
1058135,143
1003459,114
1366195,133
1336103,125
1385647,115
1171591,87
1043700,39
1330119,71
1134462,72
1067376,75
1312395,55
1358238,62
1083003,64
1243872,58
1065542,49
1331381,35
1033631,48
1413962,53
1396181,50
1267612,49
1062790,48
1412337,64
1191743,68
1236936,60
1444312,54
1031664,221
1494935,222
1471250,233
1028420,219
1201168,210
1044920,211
1398093,251
1342490,232
1348533,221
1402030,185
1248175,38
1118685,41
1014131,39
1025147,41
1346618,44
1300033,48
1463743,62
1178038,43
1171185,51
1110962,65
1091807,289
1182872,281
1036586,287
1235005,252
1070988,299
1132084,265
1134359,310
1433692,254
1312122,263
1211899,168
1440242,69
1071747,37
1255434,37
1358588,49
1075081,48
1444995,52
1123405,59
1369584,61
1274564,48
1379701,247
1162985,250
1309985,251
1181215,220
1156744,211
1062078,212
1075144,258
1283850,227
1066268,221
1491526,176
1253958,19
1345883,44
1289049,79
1088169,15
1335974,18
1473427,22
1113898,386
1302251,326
1074640,357
1279043,316
1027337,363
1117583,316
1499218,407
1415442,388
1279459,393
1484875,281
1136982,501
1451719,481
1387920,496
1297893,422
1423597,1182
1153606,1289
1068952,638
1101454,598
1184273,542
1292802,437
1305756,143
1334411,141
1489347,144
1394547,122
1031100,171
1046296,126
1405738,168
1070227,166
1125353,153
1283683,139
1486052,68
1433039,66
1306038,54
1438909,51
1246961,115
1089876,92
1089133,63
1102306,62
1480951,48
1033763,41
1144073,123
1191055,123
1181166,139
1077761,118
1198249,124
1003774,114
1105094,156
1297253,153
1255680,147
1356046,126
1149541,42
1315946,36
1130490,35
1455454,30
1052719,33
1253938,35
1380861,34
1243278,32
1251759,73
1313449,73
1299247,74
1011658,52
1429750,61
1478428,49
1092421,56
1076975,49
1072256,51
1262007,63
1277261,59
1452624,346
1326094,309
1111913,63
1006757,48
1352307,69
1083018,61
1168700,64
1394147,48
1207902,96
1350935,100
1115240,102
1222986,100
1287849,132
1391368,134
1290682,156
1012825,101
1306478,120
1391652,107
1404904,74
1304742,101
1178964,139
1052107,146
1071420,135
1362930,61
1216157,77
1389546,75
1249514,68
1270031,52
1294598,143
1179239,152
1050303,147
1087011,143
1227664,277
1163122,191
1095113,168
1202063,161
1444462,156
1019836,137
1168044,129
1068035,130
1179968,137
1386801,100
1129631,120
1463595,101
1194176,119
1199855,114
1478743,81
1475126,71
1077708,281
1336265,279
1102611,277
1281991,241
1179481,255
1150635,261
1422895,321
1213113,276
1167346,269
1295691,225
1447908,456
1372928,1126
1132512,427
1132676,416
1151245,437
1175015,412
1111506,3360
1001680,2542
1290443,388
1327452,360
1389512,34
1034827,31
1033446,29
1434236,28
1460815,27
1494171,29
1442168,26
1285602,28
1094372,243
1053666,209
1351771,216
1064374,197
1317412,210
1300491,186
1466619,234
1149000,273
1113377,220
1402941,173
1224442,195
1149258,197
1115642,199
1137861,217
1321337,177
1456547,193
1239251,234
1016677,251
1295373,256
1199633,216
1207745,621
1332437,577
1295195,594
1238168,711
1401191,808
1320351,736
1015073,908
1440436,961
1488196,974
1084735,818
1359162,26
1443654,29
1402507,29
1242371,28
1416825,26
1084128,26
1317479,27
1096050,28
1118030,30
1051015,29
1151085,281
1150146,289
1322647,276
1301833,258
1457613,494
1325195,388
1359067,318
1425528,309
1453846,295
1282703,256
1022766,306
1462456,1282
1154248,225
1147729,220
1263599,274
1030093,229
1262202,2758
1408762,1968
1095333,238
1319045,224
1158313,540
1100676,545
1158135,537
1171800,515
1026264,570
1321385,564
1050460,687
1146215,744
1419175,753
1372396,666
1301176,125
1224034,118
1331102,139
1365952,92
1252222,95
1121534,77
1141516,95
1258187,92
1459196,71
1429767,62
1406304,52
1374485,56
1095596,57
1368104,34
1444468,36
1051830,45
1394484,42
1131655,37
1150992,30
1040372,42
1237367,48
1434129,40
1164972,32
1419007,33
1067868,33
1442880,32
1310723,42
1493855,39
1296951,37
1399854,571
1394510,572
1045208,591
1496500,522
1363459,2066
1071433,1847
1336903,872
1221557,763
1117672,2988
1090698,2065
1252213,53
1299848,60
1448417,87
1073006,41
1148432,32
1332496,41
1219073,41
1438003,31
1195553,63
1342462,45
1049247,48
1216539,20
1219585,39
1266338,31
1377021,25
1219958,26
1217087,24
1219445,142
1220798,143
1202899,156
1479383,130
1409834,146
1193733,131
1337968,170
1061532,167
1031241,154
1224330,144
1273205,42
1167783,46
1462600,244
1264988,249
1369393,41
1173623,37
1069542,59
1254356,49
1220623,51
1376159,41
1488744,266
1463122,260
1319687,265
1247231,249
1230288,306
1488675,277
1422970,331
1051688,302
1167223,287
1459041,229
1135750,41
1029579,38
1008796,40
1277631,33
1481378,32
1348069,35
1283100,34
1360701,29
1326014,205
1363993,218
1065978,224
1124674,220
1031580,227
1076145,223
1062552,276
1043014,289
1219837,298
1496028,245
1370308,343
1085737,362
1135400,417
1190020,446
1491603,352
1421823,323
1124519,400
1060240,381
1213853,339
1489926,304
1045879,83
1115000,79
1479186,83
1152086,77
1232423,88
1338458,54
1391466,83
1176775,84
1026126,81
1020680,78
1187407,173
1188742,167
1462532,160
1428580,157
1266752,351
1493963,259
1228618,198
1269353,195
1130227,175
1352515,154
1405754,80
1462537,113
1073284,112
1143333,94
1391582,104
1246710,90
1056463,103
1008614,90
1356351,103
1118153,62
1375132,168
1444878,177
1481499,185
1271829,184
1414372,178
1021248,176
1444240,219
1406839,228
1040908,212
1356602,201
1471895,298
1452669,276
1254741,293
1400085,251
1080022,290
1157952,241
1133636,319
1218626,357
1273704,274
1120877,238
1110134,172
1197052,175
1032047,180
1304997,176
1368918,221
1078393,227
1118619,275
1411856,194
1130724,228
1486220,202
1351735,396
1004481,418
1479465,426
1396311,378
1349762,434
1045436,367
1147287,496
1136838,388
1326030,386
1198850,296
1328665,138
1320507,86
1245813,119
1475592,118
1038031,107
1419046,111
1401794,131
1291874,147
1383474,166
1318041,140
1003371,423
1359908,424
1016502,415
1396732,358
1333058,366
1492727,364
1339466,440
1237611,391
1465922,362
1014413,314
1098767,48
1279968,50
1430777,215
1077154,206
1491416,42
1189411,39
1121542,58
1096392,49
1345025,42
1025888,42
1360530,565
1319476,549
1045099,521
1445467,460
1109996,528
1440417,486
1437101,609
1029001,697
1121941,627
1359060,484
1038600,506
1046027,518
1479609,594
1272693,554
1395444,1558
1178578,1711
1100120,654
1432675,730
1475773,598
1366625,491
1027667,170
1189946,153
1021695,148
1261027,135
1246152,141
1172447,189
1119251,78
1113612,210
1363498,161
1034750,230
1053349,233
1038291,228
1435821,215
1307291,204
1027398,200
1282035,244
1302999,246
1344130,242
1482823,202
1494106,55
1197419,52
1349078,50
1152665,45
1149622,165
1306213,88
1402790,47
1161069,51
1256887,43
1307235,36
1292295,227
1399190,217
1266238,221
1444705,198
1470695,196
1390864,176
1348562,247
1144931,242
1206962,236
1308925,211
1461376,26
1049919,30
1135861,22
1141169,40
1468767,82
1161253,91
1458704,60
1153704,54
1458020,48
1130233,78
1461252,53
1474533,51
1153827,37
1150000,87
1135028,77
1254653,88
1083295,103
1361680,98
1001624,39
1468167,87
1305260,150
1440011,155
1196056,115
1015226,113
1339966,118
1133854,117
1341586,122
1031378,125
1066825,128
1445758,139
1120047,168
1132152,179
1448722,153
1164468,37
1376712,50
1367646,339
1298238,264
1398643,38
1325274,36
1183298,59
1174310,52
1487849,41
1228616,42
1072809,178
1448418,166
1321874,194
1417088,174
1153076,330
1186368,291
1335600,348
1028529,217
1408664,262
1485113,221
1090779,65
1274893,119
1256154,117
1178881,159
1496602,113
1363863,54
1208445,66
1094342,61
1166273,55
1199984,43
1225216,122
1421630,112
1482077,116
1015148,106
1355744,236
1371099,181
1329499,141
1433843,142
1068858,126
1031013,102
1434474,75
1103153,74
1376770,72
1495479,85
1141469,67
1038934,78
1012475,80
1138392,46
1486675,47
1081039,391
1160606,365
1475934,380
1446692,302
1093602,340
1341098,324
1457395,425
1158067,369
1048678,338
1304391,285
1103899,318
1440086,1339
1233427,307
1431673,290
1272569,345
1374065,338
1465484,2669
1033877,2593
1377670,263
1320396,235
1055872,29
1086214,29
1097976,28
1237099,26
1126164,23
1090327,23
1428535,23
1498754,25
1429174,537
1420037,525
1483609,537
1058279,481
1030092,520
1261440,455
1130092,570
1098918,658
1208791,596
1203036,522
1035466,113
1397224,109
1076146,118
1448564,31
1194817,79
1480765,96
1183307,176
1219991,177
1361881,187
1142410,163
1133931,70
1252838,71
1142162,72
1376318,71
1081486,73
1363674,80
1449824,98
1353652,97
1234686,83
1407930,43
1262868,45
1122970,45
1044940,42
1381660,44
1252882,41
1369127,56
1055591,59
1288550,57
1265645,53
1067356,1167
1282200,1075
1137357,1134
1396043,1100
1269970,1114
1350440,1082
1308326,1293
1242087,1394
1043619,1568
1222185,1401
1270686,25
1184845,27
1330894,25
1067964,28
1300660,24
1305187,27
1211863,27
1476145,27
1313695,28
1009224,213
1440261,191
1226702,194
1100074,181
1394039,482
1013085,361
1200472,296
1309177,270
1410555,253
1454059,233
1178356,160
1117913,1846
1170183,248
1484069,119
1227336,168
1271122,141
1128406,2651
1413258,2146
1356382,199
1057904,134
1402145,566
1475657,600
1467695,624
1147970,618
1378850,580
1121390,588
1237926,701
1492615,744
1006586,832
1000914,803
1253128,61
1037684,36
1482036,30
1405609,38
1116488,27
1102348,42
1223837,71
1160879,49
1018065,60
1207162,71
1368739,64
1126912,59
1331346,62
1154903,58
1207416,551
1387833,480
1149195,518
1482011,653
1255519,1800
1230230,1902
1453288,757
1313222,672
1179829,3612
1381272,3085
1220305,38
1262942,99
1331634,105
1256019,163
1209053,75
1495820,35
1224577,43
1424443,48
1137664,45
1496575,31
1309366,113
1193003,80
1030480,67
1006018,22
1100845,36
1129615,51
1452758,38
1464006,278
1110657,259
1237923,253
1322369,217
1201860,240
1293914,222
1030911,292
1248673,284
1117487,264
1062083,239
1034224,38
1214264,389
1252968,308
1281877,42
1055267,32
1450619,47
1140133,40
1381871,282
1208129,271
1294110,281
1393207,260
1361224,270
1071035,268
1008040,335
1280618,300
1225125,287
1340348,242
1133718,30
1442140,31
1205338,30
1209426,26
1373086,22
1422131,21
1303565,24
1421454,20
1119550,17
1004410,87
1054492,92
1029733,91
1177231,81
1456961,84
1015288,88
1077552,98
1488566,119
1184657,128
1399814,104
1205618,293
1156440,311
1069575,286
1049835,280
1208125,270
1092107,266
1246248,309
1200152,328
1183897,336
1391457,289
1077080,287
1235413,320
1363192,374
1294031,306
1340407,303
1009810,302
1207212,380
1484000,306
1466931,379
1049774,275
1493390,81
1107738,78
1354760,79
1152740,74
1488573,72
1254335,69
1277416,84
1495339,90
1269606,82
1467660,76
1261758,138
1383028,129
1100816,129
1011186,117
1167614,292
1487942,257
1095222,185
1061572,159
1165313,147
1237510,132
1439251,69
1202885,103
1495109,98
1287808,85
1135792,86
1336861,82
1161565,121
1106260,83
1410886,81
1282451,67
1062042,47
1091060,51
1349895,80
1094183,43
1245680,54
1225773,56
1487581,71
1476033,83
1081813,76
1417238,78
1455516,192
1136179,243
1406428,293
1367101,249
1003446,252
1222905,230
1130480,291
1444668,254
1194100,246
1009225,211
1405077,117
1059635,113
1271568,114
1244089,116
1265246,252
1266540,205
1448665,220
1229877,128
1213424,143
1385344,161
1078717,753
1042405,688
1164413,677
1161731,818
1413059,848
1369957,801
1087168,953
1367814,755
1271501,768
1102552,599
1234697,137
1112506,83
1359586,101
1341593,110
1216771,106
1416809,105
1460059,122
1327917,154
1452772,169
1142843,140
1230871,468
1438599,430
1304303,432
1459823,378
1179762,434
1200300,396
1268189,495
1186251,441
1145216,401
1056319,339
1270356,205
1295495,177
1110276,44
1085916,37
1175672,35
1420970,61
1146248,63
1493195,65
1062944,66
1242833,60
1468396,53
1278331,69
1177901,72
1439633,42
1239742,347
1463605,343
1115062,349
1080694,323
1403223,336
1058371,291
1260035,399
1119877,436
1364771,383
1309451,276
1091337,377
1067887,420
1381756,409
1208306,359
1275036,603
1372659,683
1293301,522
1242985,464
1498374,421
1397018,342
1325001,83
1166942,93
1279987,99
1161127,101
1305115,87
1417280,96
1177789,80
1314218,122
1184287,127
1389191,105
1468082,284
1288867,261
1441255,282
1214742,268
1441994,264
1247355,248
1281129,324
1135082,314
1180798,301
1014022,243
1064715,32
1222096,33
1331278,32
1308134,26
1282672,69
1285191,40
1067610,28
1450588,30
1130786,29
1249067,181
1353480,180
1009158,195
1310983,189
1397538,185
1114236,171
1307389,228
1488789,217
1247508,203
1174313,167
1458394,16
1410058,15
1259885,15
1372618,41
1356431,65
1310702,66
1193664,52
1033546,54
1282739,71
1256432,50
1038203,32
1386720,77
1230317,65
1426825,75
1095464,83
1407626,86
1499434,95
1091316,121
1359888,52
1303070,134
1218776,132
1421988,136
1069629,140
1024500,144
1496161,145
1499073,170
1201097,199
1481016,203
1010567,167
1300533,30
1135306,201
1191685,136
1411826,27
1240720,27
1024033,45
1197503,36
1299438,49
1144255,52
1215569,56
1011286,50
1023628,76
1190645,95
1461607,58
1083166,64
1230195,54
1036190,44
1268737,70
1064545,101
1261566,115
1444737,77
1223485,35
1140087,47
1012078,45
1086440,48
1256557,34
1211267,114
1361772,112
1486238,129
1299905,118
1312920,150
1364559,121
1368295,142
1371908,138
1279456,132
1006430,98
1350437,367
1239916,350
1385485,386
1405350,297
1132871,319
1379933,320
1095292,424
1292161,373
1099989,337
1210814,275
1323236,342
1366790,1050
1411775,263
1360888,276
1145757,328
1498106,315
1334795,2691
1465746,2038
1268625,321
1431795,236
1390196,18
1071864,16
1431774,13
1421532,405
1028461,401
1275186,412
1193030,370
1103832,384
1464245,354
1154085,447
1483205,477
1212985,444
1078587,378
1249518,110
1402512,67
1471457,104
1073637,104
1487515,26
1146888,89
1344425,205
1205825,125
1079675,135
1278487,57
1162091,131
1485716,132
1123773,135
1315565,143
1344422,143
1371858,148
1356796,173
1414563,197
1394323,201
1469547,166
1184440,34
1382956,39
1365266,44
1251220,35
1243970,38
1256599,35
1439037,45
1251058,49
1035192,40
1366948,37
1001412,514
1389027,509
1406711,496
1070287,487
1084653,561
1137633,523
1233884,660
1315294,673
1282318,692
1206406,594
1178015,14
1411070,194
1011507,177
1043439,179
1174150,169
1142750,405
1368289,341
1334468,250
1227184,226
1203740,206
1250707,170
1211901,176
1131553,1307
1237309,108
1096812,118
1200160,155
1308355,136
1166147,2486
1387365,1795
1210136,136
1090451,111
1495114,279
1438706,280
1352093,279
1422053,254
1332317,288
1178329,270
1467909,353
1347977,347
1445235,353
1365395,264
1218158,35
1053275,33
1387243,31
1340776,25
1232517,21
1431745,22
1409084,22
1238567,20
1332352,26
1056398,26
1458594,23
1165358,23
1215907,22
1048759,26
1073586,30
1461970,28
1139288,28
1364414,311
1063313,302
1101076,327
1187916,278
1400819,1267
1451604,826
1378838,441
1402916,363
1027653,1781
1301859,1627
1184567,28
1008654,65
1446086,63
1014434,109
1068604,53
1288249,28
1389080,30
1153559,34
1329008,59
1305198,32
1491765,31
1154973,15
1484482,20
1223398,19
1181412,25
1229754,24
1416643,258
1472800,246
1439087,269
1049933,238
1021975,242
1289229,208
1143368,303
1147171,277
1110507,262
1419295,227
1283293,29
1213221,239
1479763,241
1318333,31
1391833,22
1177177,46
1239490,38
1151322,31
1354125,30
1251542,199
1002198,198
1182114,224
1317797,188
1099240,208
1147027,200
1387532,278
1337131,245
1122711,211
1025876,171
1050592,34
1140398,33
1222795,34
1076157,29
1234963,27
1412995,24
1384852,26
1012906,29
1409929,24
1314185,21
1089683,166
1268696,169
1242095,170
1265774,166
1071735,176
1308362,173
1096086,193
1215049,219
1041134,227
1187872,182
1271646,173
1304503,174
1464644,181
1415679,172
1177460,170
1499858,161
1301887,199
1020443,215
1464381,214
1291113,172
1015560,436
1041893,309
1418371,340
1135509,309
1314498,272
1059275,283
1029762,351
1489207,299
1493103,275
1240314,239
1127292,34
1110530,33
1163817,35
1407890,32
1467062,33
1234965,38
1321783,35
1349364,33
1342102,33
1180457,213
1144924,199
1106874,194
1066372,175
1297157,358
1359349,284
1186984,248
1171282,233
1392045,211
1236497,174
1211448,68
1294685,94
1058284,112
1027595,97
1497001,87
1211478,74
1270199,99
1252414,77
1476428,71
1352942,59
1072941,46
1205668,49
1034901,47
1230021,44
1375305,63
1241472,68
1479790,59
1196151,53
1148182,289
1079479,332
1093571,357
1241585,319
1011801,320
1006238,287
1381531,376
1032631,319
1111856,303
1010402,250
1188409,30
1253465,34
1364047,35
1438407,47
1369768,50
1109523,68
1365702,50
1385875,56
1340798,51
1391392,380
1049233,381
1369730,397
1115309,400
1223995,438
1026616,407
1377442,535
1113981,377
1396513,381
1018206,284
1488237,30
1042330,37
1210286,41
1097524,62
1430200,60
1304771,47
1449013,481
1303892,463
1059770,463
1014749,391
1375882,419
1155784,411
1295753,529
1228425,471
1024113,423
1306885,354
1244005,24
1293359,180
1015816,149
1434478,23
1360908,24
1070701,35
1334443,407
1343145,273
1117345,287
1088047,258
1339590,283
1498193,253
1001062,375
1329524,343
1151507,342
1302668,249
1331816,207
1360289,204
1442400,218
1148661,182
1446413,712
1026328,687
1042450,431
1031516,230
1257318,251
1157812,175
1212040,141
1451556,136
1346851,133
1046242,129
1228211,130
1458620,130
1473716,156
1157852,157
1185048,150
1309272,118
1483429,29
1043719,29
1302279,23
1371110,52
1355822,28
1404951,29
1053730,147
1010218,139
1202683,144
1228604,151
1140034,173
1316768,135
1108944,179
1393643,176
1488743,154
1443959,128
1262825,15
1307828,15
1182352,15
1381638,60
1313863,49
1316934,36
1486656,37
1280956,50
1093956,28
1200158,30
1144617,43
1249151,19
1387003,21
1068151,80
1145192,97
1019300,21
1027883,23
1055295,22
1442130,26
1065230,30
1358044,35
1373810,24
1199192,53
1223894,49
1297394,64
1305104,105
1109213,75
1183920,30
1020603,40
1324824,38
1280934,33
1077308,31
1481863,62
1007957,57
1339071,56
1169545,55
1365154,84
1170147,69
1423554,65
1478005,66
1073474,60
1432644,50
1451189,185
1319974,189
1075761,192
1327287,170
1316742,177
1052054,170
1271387,224
1318938,189
1337499,170
1011067,153
1135341,253
1222330,637
1020208,197
1092468,216
1289204,279
1370281,229
1315725,2183
1343984,1517
1254687,187
1311762,179
1468256,16
1241732,196
1268097,127
1116853,133
1166592,118
1144994,126
1435366,112
1409185,133
1186891,125
1468882,128
1042127,95
1451380,50
1189023,51
1461090,54
1481882,50
1378385,50
1374425,46
1099673,62
1252862,57
1218015,50
1497813,425
1094690,445
1152196,410
1003610,444
1479704,450
1068127,462
1222762,572
1324076,572
1473003,633
1343036,554
1195504,14
1265192,80
1391916,80
1117970,73
1334075,78
1241599,114
1033182,105
1063335,88
1247373,85
1201329,84
1204591,69
1205389,82
1497052,718
1253644,78
1183386,74
1493328,102
1413701,87
1105691,1387
1055151,1106
1020087,88
1489983,84
1008981,256
1480916,308
1174520,284
1408456,294
1103391,323
1108102,322
1108547,393
1238197,367
1043675,437
1268656,348
1349650,27
1349515,28
1172039,29
1211613,21
1407466,19
1293997,21
1097574,18
1426499,21
1136386,21
1175313,14
1280040,25
1113557,40
1167651,31
1103745,26
1078400,28
1268218,264
1058122,291
1207997,306
1148911,253
1419809,1185
1397824,1146
1295121,401
1132197,341
1217059,1692
1375917,1210
1306328,35
1393921,36
1065989,35
1156779,76
1475586,55
1230085,26
1402888,24
1262107,22
1165440,16
1439872,20
1262098,18
1383733,19
1397334,158
1366713,156
1286305,162
1006243,159
1261020,158
1279885,144
1281283,178
1040223,168
1134676,157
1418998,135
1458189,102
1038003,80
1478214,27
1093346,19
1117929,88
1404071,96
1157917,101
1193704,123
1211792,116
1445638,115
1408825,119
1235778,116
1328196,109
1173310,98
1496802,27
1348096,22
1468251,19
1463160,23
1181627,24
1035323,21
1157473,104
1082120,115
1311644,90
1403849,119
1030973,123
1294107,90
1136233,104
1226958,113
1189088,104
1427596,88
1248502,406
1275605,459
1277097,482
1071792,438
1143304,426
1419745,411
1395178,505
1490842,429
1211335,418
1078987,378
1313185,23
1268956,24
1231863,77
1180672,87
1320094,81
1443667,77
1012943,107
1334448,95
1291911,88
1425808,85
1205259,87
1295164,74
1308175,69
1370405,76
1282792,73
1432249,66
1001655,56
1433288,73
1377265,48
1077514,50
1366276,57
1398540,59
1313557,61
1027599,59
1161401,60
1275190,58
1232986,69
1021553,74
1486782,74
1164083,67
1357661,241
1319382,259
1364660,332
1461293,254
1415413,285
1145327,258
1345207,339
1338642,284
1155695,287
1395102,229
1086984,35
1445161,37
1358903,41
1040402,37
1486092,46
1447947,47
1475790,58
1471246,49
1237169,53
1197885,47
1075943,224
1096442,231
1142841,233
1291558,230
1176446,248
1483366,200
1455302,261
1166094,207
1007265,229
1070372,129
1053804,52
1227588,26
1441375,46
1412656,42
1467462,36
1295378,39
1370534,51
1054541,56
1316692,43
1495032,139
1458343,139
1382652,140
1170520,134
1474124,121
1488816,125
1235127,149
1008418,132
1289314,127
1470891,106
1348889,17
1154829,52
1384196,48
1306515,14
1017067,24
1190728,510
1122286,488
1435775,478
1320899,433
1036809,499
1496763,458
1131538,553
1318282,638
1363101,590
1076052,490
1205256,567
1305186,552
1131831,550
1198452,497
1267199,1317
1158066,1408
1061242,699
1429684,697
1425949,665
1103470,548
1149088,357
1065238,402
1343697,344
1075666,399
1049332,408
1098357,372
1318694,396
1269402,449
1100430,468
1254841,420
1217878,129
1482713,128
1356321,131
1070528,129
1339004,124
1448727,110
1208422,160
1280808,170
1010670,165
1175851,143
1158507,48
1215713,49
1116456,53
1059102,44
1134168,167
1182924,89
1065507,47
1485305,46
1317467,42
1464615,36
1106508,171
1154157,159
1238399,169
1378815,164
1442340,161
1109352,138
1494813,190
1150862,196
1491323,189
1243524,168
1154390,21
1025514,23
1345499,22
1427225,23
1332354,72
1181409,118
1174194,110
1476979,90
1100732,98
1214733,77
1471144,110
1000187,75
1133779,74
1496005,62
1386755,380
1183033,411
1206094,413
1423546,595
1202896,529
1125038,450
1244936,576
1367021,771
1441592,731
1011620,630
1491160,81
1097281,86
1133994,84
1449596,88
1061666,92
1284544,95
1198144,104
1330348,127
1255123,131
1149007,106
1056047,45
1165483,48
1477841,393
1314848,311
1274780,52
1128321,44
1170029,61
1426318,42
1414178,54
1312357,122
1079199,120
1443865,126
1069717,117
1331934,167
1107151,264
1193708,236
1435293,177
1271891,162
1070444,139
1115383,81
1468137,170
1222703,153
1183120,230
1466677,154
1288363,62
1009315,77
1387250,76
1375589,76
1398464,59
1446632,138
1383245,138
1465945,131
1335462,115
1036403,253
1486367,207
1367873,155
1339617,141
1067651,132
1173991,110
1445432,65
1450298,73
1054815,73
1432609,69
1055289,63
1230087,77
1190688,77
1284979,47
1090382,49
1276630,456
1229533,406
1367722,434
1168617,358
1268563,376
1312594,359
1392051,463
1118654,420
1207039,390
1220371,332
1068999,409
1140321,1581
1200100,383
1223618,378
1421303,502
1154848,423
1199454,3560
1216781,3187
1089356,354
1174345,316
1394582,22
1481387,28
1073171,32
1068236,20
1266223,21
1057929,23
1456769,554
1230032,533
1268149,535
1388306,501
1124599,512
1339069,480
1049350,570
1342306,656
1246717,632
1147802,538
1299563,507
1229149,488
1213565,425
1335791,449
1185320,481
1090346,476
1103112,568
1371505,474
1362932,741
1390394,664
1011505,58
1471059,60
1199518,59
1047470,64
1105399,65
1071892,66
1125120,66
1077092,86
1333879,89
1076556,76
1075661,49
1047450,55
1373247,67
1240059,40
1000748,62
1320186,71
1365852,62
1472456,58
1106809,1067
1318582,1173
1438968,1215
1361549,1134
1057783,1189
1004386,1131
1315211,1381
1428093,1575
1163409,1604
1040148,1435
1252762,20
1106173,19
1144801,18
1027413,19
1321282,22
1228341,256
1363066,246
1172793,241
1246739,235
1093307,499
1412731,442
1425925,320
1228645,288
1076130,279
1074690,246
1370340,165
1446737,1837
1308118,177
1016936,183
1045999,204
1498872,162
1484932,3163
1403279,2708
1336453,180
1412376,111
1353415,674
1460235,773
1445553,771
1447369,809
1028990,845
1184922,768
1153898,1035
1198610,1106
1079437,1033
1472394,867
1269365,48
1350519,52
1210918,75
1199788,43
1022092,36
1446920,36
1399913,41
1320053,40
1051225,33
1025401,31
1087675,49
1202724,41
1430923,49
1477208,39
1499767,52
1252468,43
1416927,33
1189918,47
1408983,46
1426060,41
1402675,661
1136265,582
1372264,643
1358297,582
1273291,2665
1442423,2359
1400040,777
1094162,736
1285324,3555
1394930,3112
1118490,47
1407007,119
1416211,93
1035322,155
1284600,89
1437468,45
1333953,53
1188932,54
1284311,56
1071854,41
1275536,109
1212852,49
1052678,30
1495323,18
1437219,32
1006087,323
1365677,275
1247434,280
1133192,256
1076769,254
1064194,244
1166910,307
1021413,299
1486243,300
1094528,256
1081138,40
1480419,455
1274066,330
1208290,35
1161914,42
1387841,62
1192549,50
1463256,44
1130627,43
1149775,348
1440024,322
1315773,347
1209109,352
1292547,361
1370307,340
1053860,424
1010398,366
1264859,352
1041529,300
1255799,35
1169305,39
1259815,38
1285901,29
1255690,30
1231986,28
1189783,28
1029982,26
1014155,26
1230263,68
1356234,67
1406832,67
1223170,65
1082570,67
1291460,69
1454651,74
1103851,93
1405218,91
1145032,80
1368715,326
1313982,337
1430625,338
1499731,414
1171657,442
1100507,411
1281814,468
1157707,507
1063227,524
1142405,480
1487221,205
1294443,243
1350731,258
1465065,255
1135508,232
1408826,224
1134711,283
1372355,251
1267073,264
1176281,223
1009975,67
1118236,71
1417628,71
1452920,63
1001425,67
1264890,43
1330041,70
1009331,78
1052528,68
1226125,63
1415161,144
1378355,145
1360766,140
1077952,122
1416031,290
1468541,258
1152380,184
1110478,175
1358068,154
1263993,140
1336730,110
1366938,158
1255590,161
1224012,153
1034565,149
1477986,132
1128826,175
1174307,112
1100873,130
1261480,91
1394741,77
1280982,80
1302103,83
1364546,87
1116564,70
1334387,82
1250606,122
1404482,97
1379887,111
1235095,105
1493917,310
1454261,354
1289707,383
1412987,316
1415928,367
1440190,325
1036613,390
1067502,360
1122463,340
1417728,319
1370120,87
1422221,91
1110747,97
1427960,94
1030226,283
1024822,254
1216003,299
1113104,136
1250210,153
1087198,140
1268579,794
1493246,708
1001078,647
1182492,748
1181111,798
1104288,756
1163574,891
1270201,743
1395431,723
1208254,586
1005154,329
1497165,126
1228974,134
1331336,141
1262992,143
1135041,147
1297570,165
1413110,199
1158052,216
1398579,183
1204388,505
1403497,494
1238372,489
1379979,446
1423085,470
1421718,445
1164086,554
1276724,496
1256991,447
1311616,393
1278396,44
1466102,47
1266200,277
1017736,221
1010615,30
1201367,31
1325701,50
1176563,43
1057329,44
1159457,48
1236521,56
1429989,60
1386785,55
1289858,47
1062235,55
1426016,56
1128705,37
1173801,36
1003367,277
1028838,214
1351864,206
1397932,188
1020398,216
1198928,183
1489710,238
1469373,223
1466874,210
1115459,159
1474319,273
1385096,293
1310846,320
1396501,268
1079083,1362
1331772,1127
1357329,371
1084641,310
1447721,282
1418429,236
1332886,110
1425258,106
1268577,116
1234680,108
1047888,104
1034989,127
1205178,130
1210375,136
1451900,128
1444837,105
1279830,33
1325920,36
1197346,36
1429177,30
1457124,75
1006400,62
1131539,32
1231939,30
1442439,29
1080327,84
1006454,81
1272369,82
1172167,101
1056647,80
1470064,76
1382964,106
1041090,124
1365341,102
1197741,120
1265086,27
1025507,26
1337756,27
1414441,25
1359350,24
1017068,24
1346333,23
1139636,29
1311646,42
1313410,37
1143282,28
1433094,34
1271999,29
1233889,55
1162125,46
1014856,289
1487099,235
1423099,41
1386823,35
1012293,52
1046847,47
1254043,44
1488174,58
1305399,64
1207940,63
1460712,77
1296610,74
1323323,96
1231970,66
1323329,70
1312264,65
1226350,77
1167345,90
1061654,82
1218300,124
1021754,78
1260202,49
1478629,58
1282500,56
1143492,50
1296537,41
1491817,131
1236541,121
1435363,115
1364798,114
1019894,130
1158989,119
1167619,124
1365428,123
1307258,127
1090656,94
1494561,77
1060853,75
1401384,81
1213006,69
1040424,68
1467724,61
1154131,75
1172007,71
1157530,56
1240791,191
1399973,191
1476518,192
1143346,176
1107324,178
1090739,178
1116922,216
1174553,181
1268473,174
1278195,154
1333707,429
1110292,758
1197580,411
1301394,371
1292157,444
1088390,401
1308041,1933
1090223,1403
1402826,436
1303923,323
1103146,22
1183926,20
1464530,18
1018488,18
1239986,17
1138796,18
1036193,220
1286961,151
1367592,139
1164085,124
1469544,141
1257007,111
1354912,138
1036445,141
1318405,141
1483334,107
1160511,97
1049364,105
1361089,105
1498268,102
1243089,102
1057687,102
1278925,122
1200813,133
1029236,127
1298996,101
1352373,626
1145134,671
1285247,648
1485963,648
1410494,732
1194947,705
1479842,929
1141874,929
1219813,970
1020182,811
1469038,15
1478388,16
1301661,198
1209721,185
1470110,179
1260568,176
1366712,202
1063924,192
1209955,218
1074154,183
1416019,170
1039342,147
1266311,244
1036751,765
1482256,247
1279507,238
1283752,252
1047164,251
1361501,1771
1168500,1398
1287087,194
1338978,159
1243030,427
1342622,399
1474891,418
1107378,480
1120819,483
1195282,483
1335120,621
1377332,621
1318602,690
1106208,533
1140411,47
1109072,49
1334308,52
1063638,43
1405532,48
1360411,33
1030666,53
1039447,52
1408990,51
1160540,26
1202321,24
1105638,32
1071851,25
1319327,52
1077816,35
1147355,35
1423096,30
1152289,31
1490790,24
1443298,37
1292453,47
1433070,38
1224601,32
1078845,451
1486614,423
1407632,455
1492844,392
1279914,1644
1216593,1612
1328013,586
1439928,533
1216659,1779
1042279,1227
1353682,32
1012255,45
1288892,55
1059605,97
1471499,85
1211375,31
1401429,42
1234238,36
1141019,33
1339243,29
1065243,65
1087717,51
1266842,36
1373847,18
1091380,27
1214073,21
1058764,23
1227612,23
1013373,149
1384974,136
1022529,148
1312426,132
1271890,141
1485813,131
1098649,168
1299861,165
1389595,156
1499162,140
1342250,30
1304171,171
1147881,177
1296614,25
1428090,27
1317898,30
1032701,31
1227283,31
1098073,179
1291511,174
1482488,178
1497978,184
1173007,192
1158796,192
1313035,202
1416376,192
1472372,170
1185689,142
1162498,33
1132304,32
1447875,30
1248758,25
1266463,24
1057655,23
1159054,24
1356535,26
1350253,22
1033531,20
1041420,194
1198108,192
1027212,182
1475322,189
1172141,261
1393742,224
1266346,235
1377521,240
1400997,250
1019222,198
1200921,230
1033908,252
1018332,277
1248754,278
1230538,241
1317270,238
1123969,289
1336390,261
1233276,250
1064304,203
1440680,56
1460672,56
1216744,57
1235794,53
1226151,54
1319892,51
1222758,58
1326527,54
1004505,52
1212716,105
1275664,99
1098504,104
1452295,94
1149279,119
1218556,106
1411529,114
1354563,108
1322625,96
1294117,81
1410028,71
1036232,66
1455107,80
1421652,68
1494678,78
1296401,62
1160998,65
1056097,62
1356467,57
1412784,47
1067429,130
1334969,134
1411562,141
1475191,140
1188752,142
1296548,135
1272906,167
1123142,178
1286263,178
1433634,156
1144693,182
1032662,216
1370978,241
1122083,215
1211601,239
1357283,201
1194866,248
1287568,225
1268488,222
1129395,178
1177184,87
1070083,91
1297768,97
1350667,94
1333592,239
1425926,162
1293905,185
1462420,126
1209830,140
1334845,126
1387633,345
1247743,356
1117537,359
1079065,301
1180290,366
1415350,327
1206483,403
1339817,338
1295357,300
1340117,214
1132769,121
1199188,67
1169788,79
1423621,66
1018563,69
1080853,81
1285450,93
1326234,110
1132323,108
1222544,91
1433611,386
1186967,390
1173866,380
1448932,328
1229078,352
1232693,344
1391815,411
1386900,363
1404957,350
1415551,297
1079171,28
1263378,29
1169912,126
1058707,107
1395362,25
1225413,35
1084326,26
1150748,48
1040838,53
1451834,49
1375324,47
1203305,46
1276111,46
1089354,36
1456270,38
1231504,462
1430097,451
1162031,444
1272750,390
1320907,457
1061083,418
1349906,571
1368565,562
1056508,526
1176726,421
1057026,639
1090905,596
1041602,640
1473384,595
1247041,1970
1006972,1637
1112156,802
1014063,732
1257761,694
1337096,567
1020633,217
1384720,243
1351858,263
1458481,248
1458802,259
1166438,263
1427174,303
1063469,343
1284641,321
1057638,281
1176123,99
1053426,104
1362188,106
1472327,98
1206366,101
1257964,93
1480277,114
1465217,116
1284838,119
1319585,108
1181839,68
1131518,68
1268768,64
1391032,57
1260481,139
1069609,93
1324346,55
1046579,60
1232070,49
1173143,41
1267634,57
1465123,59
1362254,63
1237389,59
1466483,57
1041421,57
1060615,81
1326935,75
1421533,72
1069064,62
1232845,45
1061266,42
1496650,43
1276290,40
1184775,38
1404104,38
1216877,41
1288726,41
1006248,39
1019604,34
1462054,54
1155430,92
1116479,83
1178750,64
1332949,99
1119799,67
1357303,67
1417777,47
1137724,217
1423011,251
1438518,249
1018827,170
1429932,235
1294970,241
1273324,257
1153382,285
1262708,320
1061420,288
1129706,97
1025300,99
1412369,102
1125357,100
1389049,104
1488501,103
1132673,115
1448288,143
1469785,148
1424009,123
1005733,58
1199112,67
1147013,443
1154039,298
1270940,62
1250143,53
1427638,74
1047461,58
1054157,74
1429640,323
1419037,330
1031315,327
1456519,316
1238858,478
1433450,461
1273195,512
1388619,350
1433284,375
1207528,348
1020914,109
1184809,179
1101299,188
1049974,203
1307058,139
1402432,86
1330573,105
1093878,103
1170942,108
1136234,77
1336913,67
1481273,68
1232719,70
1297029,64
1227586,122
1138532,119
1217013,95
1257492,92
1166466,82
1461892,69
1157087,118
1338101,123
1028066,128
1198902,151
1272992,147
1445613,129
1106028,164
1072843,142
1074625,77
1110407,68
1399261,396
1454243,398
1091379,410
1409591,315
1225625,363
1298752,346
1386787,438
1391503,386
1099252,362
1144316,307
1171130,530
1365329,1738
1171863,504
1473197,478
1274263,555
1277137,513
1156522,3924
1387414,3390
1134038,462
1081483,379
1133643,39
1308370,36
1306499,35
1443284,34
1244740,29
1431655,30
1348094,31
1373197,30
1175329,450
1224703,434
1300896,441
1445437,418
1408590,423
1180221,399
1328800,475
1238224,535
1445032,526
1433797,439
1418017,237
1265394,215
1446150,217
1203063,205
1112304,254
1087179,223
1393208,198
1437433,345
1083339,314
1010307,270
1443244,58
1186542,59
1191341,57
1206576,59
1400158,57
1415414,59
1225162,61
1375215,76
1152899,76
1484953,66
1154169,143
1107329,147
1108464,150
1143995,155
1134896,136
1279926,143
1414764,183
1321694,169
1220511,171
1103032,146
1240615,1400
1397490,1395
1355088,1398
1401705,1416
1422185,1465
1390157,1478
1460838,1669
1377519,1793
1310657,1843
1491023,1653
1035528,40
1244162,43
1335442,41
1034995,40
1299500,38
1483231,39
1361035,42
1042151,39
1169768,40
1074099,287
1489678,283
1028985,284
1049598,261
1240507,494
1263294,451
1318084,349
1484213,327
1383207,297
1235435,272
1242759,245
1038515,1458
1434725,247
1076706,214
1053052,260
1321083,213
1173318,2941
1011628,2186
1449610,247
1293946,202
1125250,840
1037647,868
1138222,850
1266103,900
1003947,901
1348210,915
1145349,1095
1373036,1210
1309199,1204
1171211,1065
1276632,76
1006869,67
1490016,67
1367690,56
1200641,54
1317691,59
1378510,57
1197398,48
1460062,40
1432590,35
1107995,39
1311380,34
1140546,32
1303417,66
1154781,38
1322706,41
1489068,879
1064789,810
1178264,791
1482167,769
1414147,2695
1318708,2099
1457640,935
1496743,928
1439487,3404
1117036,2952
1464172,57
1204098,101
1014795,99
1420298,130
1412351,76
1107519,50
1286582,59
1201131,60
1253449,59
1233036,40
1062376,131
1399544,83
1130725,72
1066832,30
1175537,49
1320313,39
1416932,47
1474917,46
1134238,37
1397808,157
1149154,151
1274284,152
1414652,140
1357536,141
1225370,122
1383879,167
1418145,167
1400390,158
1422708,157
1198571,45
1181119,308
1249298,248
1419601,43
1119650,37
1409495,61
1327005,50
1303327,41
1080254,41
1414658,195
1474459,196
1272721,229
1174028,209
1484299,230
1319711,207
1457607,262
1167481,241
1471887,235
1456063,202
1321067,84
1232285,91
1342696,66
1389072,58
1057764,55
1108277,64
1123242,58
1294566,46
1476847,41
1414426,87
1143644,86
1022628,87
1271798,84
1296135,84
1245834,88
1195290,96
1001552,115
1207003,114
1143977,99
1049986,667
1058080,657
1385476,623
1197433,623
1157667,630
1462354,630
1447886,740
1414248,787
1071904,809
1233401,759
1048213,244
1447792,276
1422192,283
1333331,283
1345321,282
1359424,261
1188609,328
1351203,267
1121215,298
1325999,241
1055041,227
1260187,228
1372516,240
1478820,223
1281981,233
1170276,221
1352878,261
1086413,265
1174609,260
1210516,216
1216868,183
1312485,152
1114376,142
1214610,134
1092849,308
1423702,255
1067336,174
1112246,160
1128675,157
1260223,141
1064865,86
1010319,120
1398591,124
1301497,104
1221429,110
1387628,97
1065479,128
1374782,95
1064336,100
1402535,69
1378097,218
1052288,233
1280063,230
1488358,235
1146421,234
1261997,231
1273271,272
1379056,286
1320666,286
1282552,244
1012356,170
1280965,199
1067057,239
1007605,244
1292992,261
1478678,217
1251025,293
1134701,247
1225717,268
1238986,222
1193124,306
1056666,307
1312685,301
1336457,299
1454072,433
1360725,413
1070791,477
1284859,324
1000502,359
1091118,339
1310137,786
1303810,726
1277815,668
1239684,806
1244622,839
1417395,792
1301940,953
1209454,786
1280610,805
1110072,682
1315006,433
1274070,178
1460463,188
1180088,198
1086621,258
1199102,212
1263657,247
1354041,283
1270384,298
1270266,244
1388270,488
1206660,464
1347411,456
1130577,411
1218895,480
1188923,435
1420775,524
1264839,471
1131282,444
1289857,373
1187232,47
1154629,52
1071327,327
1104104,213
1424002,44
1278069,41
1162475,63
1315112,54
1278374,44
1156508,47
1221970,124
1039156,125
1013847,128
1269940,147
1249208,138
1032032,120
1381878,154
1179267,146
1103358,80
1031522,71
1441429,440
1205987,404
1126546,424
1062138,374
1168666,426
1428344,459
1192653,463
1025988,530
1092801,492
1466330,365
1253435,364
1003790,376
1407686,336
1386117,958
1041553,985
1160729,498
1105240,429
1275872,389
1064239,318
1129687,184
1037739,193
1342075,150
1480121,178
1102860,135
1483078,101
1004285,230
1069331,211
1434986,194
1305194,125
1124507,119
1348574,121
1265021,117
1134259,124
1124696,104
1475116,157
1214823,159
1395004,140
1238037,135
1128404,49
1234039,51
1204827,50
1152216,46
1302724,113
1323021,74
1003827,50
1145179,49
1072806,42
1101824,38
1327840,129
1489316,125
1191403,146
1162076,128
1079663,126
1018683,123
1134125,168
1097271,168
1341114,147
1302813,129
1200785,24
1214706,26
1095511,25
1226081,50
1368710,76
1312690,70
1047653,59
1189012,58
1469136,70
1302705,56
1017688,56
1398113,37
1362599,350
1120329,386
1301366,431
1002209,498
1240302,441
1233562,368
1110335,464
1348050,491
1058578,543
1335537,441
1098570,50
1073553,52
1044020,54
1165391,43
1204487,45
1472749,314
1244370,276
1437863,37
1336959,30
1394160,56
1131763,47
1063451,39
1140662,41
1288250,100
1157702,98
1107474,97
1128343,95
1101634,131
1119422,133
1023345,175
1298978,105
1207170,125
1312063,112
1383510,62
1393228,91
1417616,96
1129132,174
1301112,87
1333133,52
1177896,70
1183511,61
1474158,63
1043355,44
1023619,65
1486661,68
1130825,69
1046603,63
1129769,130
1104503,122
1340182,97
1488407,91
1280734,83
1153942,71
1473989,251
1292670,253
1256986,249
1164851,207
1093705,218
1181024,210
1398775,275
1177612,229
1208371,213
1414249,186
1452353,306
1024727,1070
1275924,281
1174973,297
1336295,337
1407628,302
1215558,2817
1095301,2479
1129955,340
1150712,268
1469299,20
1119669,19
1192004,19
1374612,18
1130206,16
1029916,15
1414039,14
1276937,16
1025011,16
1148633,392
1269822,392
1122710,381
1368824,352
1267281,373
1010516,339
1207782,400
1107897,452
1355123,439
1245170,502
1394634,478
1107583,492
1278108,384
1328969,416
1102011,405
1333022,483
1320534,515
1077386,523
1233535,472
1194207,40
1448370,41
1079356,42
1184629,45
1071294,48
1093908,50
1239978,48
1263128,63
1188114,65
1042781,61
1279275,72
1305159,69
1195872,72
1271171,76
1287009,60
1125745,65
1067289,77
1114177,90
1432227,103
1087470,65
1237947,776
1452835,805
1029462,817
1365321,809
1377892,882
1378346,902
1261333,1104
1427333,1189
1157382,1157
1168967,1068
1297182,23
1200350,25
1050596,23
1347479,26
1157094,167
1356002,161
1016138,161
1309641,161
1499969,371
1318960,340
1132759,219
1156703,201
1347366,190
1479828,166
1353276,120
1310745,1193
1259126,98
1399815,106
1479063,133
1280384,107
1273328,2359
1329675,1937
1296742,108
1097552,95
1175098,520
1107789,468
1472551,536
1434395,539
1204957,571
1066271,513
1201647,635
1207963,647
1224651,645
1102821,527
1252491,37
1245895,30
1481691,28
1161370,32
1212692,28
1318121,25
1321701,32
1412851,28
1276134,38
1410177,31
1169782,28
1017948,33
1155477,34
1307971,32
1467101,306
1455580,364
1073869,370
1164529,319
1242649,1392
1458824,1333
1205276,591
1153862,469
1026311,2108
1100814,1321
1433607,50
1325788,99
1222062,90
1095953,141
1192192,75
1003275,39
1419391,52
1213380,56
1449132,48
1025691,34
1166120,84
1492774,53
1389720,65
1029230,25
1352343,38
1368955,34
1012363,38
1318880,31
1122068,29
1320801,184
1363348,183
1006930,170
1033851,168
1405700,171
1456057,165
1495295,207
1403913,192
1493423,199
1157998,180
1169405,270
1122567,270
1141716,49
1133958,42
1199519,40
1411918,42
1089046,182
1420568,153
1094571,172
1015407,178
1343753,167
1290825,174
1247241,202
1383868,186
1419894,181
1048220,164
1401237,52
1093184,51
1037033,48
1462031,37
1294471,35
1324469,38
1037484,39
1455758,33
1140449,26
1452600,31
1462180,33
1210051,38
1448582,35
1153239,38
1292579,52
1444618,52
1253969,43
1066074,211
1040567,215
1033848,224
1060668,210
1364029,220
1062630,207
1094506,242
1358659,260
1465329,274
1440816,225
1453624,184
1366879,156
1066766,155
1218935,155
1456740,166
1272288,153
1229915,182
1295433,165
1187828,196
1426162,149
1390856,45
1064665,46
1440509,46
1239126,45
1396561,46
1352708,43
1169282,50
1368073,50
1087742,47
1239602,42
1254600,101
1187584,95
1256962,104
1250767,97
1183162,217
1279361,168
1441846,128
1025243,130
1301264,117
1087640,97
1045918,83
1060939,102
1453084,108
1389584,83
1109929,81
1195022,82
1303129,108
1470042,82
1425214,79
1480181,62
1120639,66
1421206,71
1357988,75
1004611,75
1274230,79
1339747,86
1035696,86
1021984,101
1019163,99
1364760,90
1098207,169
1144332,146
1001298,140
1052493,135
1116984,126
1358488,143
1479481,167
1479982,149
1250243,143
1224186,126
1476141,88
1092873,93
1411938,97
1288977,93
1414035,125
1477480,131
1441461,164
1334203,110
1011084,139
1272016,121
1291804,468
1083211,434
1459930,400
1080771,423
1290984,509
1371092,471
1129462,594
1146886,432
1075732,438
1481125,334
1383646,160
1262046,81
1031233,106
1313003,119
1111253,124
1464277,119
1449649,139
1241310,177
1311108,185
1359316,148
1328056,365
1338235,352
1424127,370
1006231,314
1217979,331
1256515,303
1230515,379
1167123,342
1186034,322
1459062,260
1131248,42
1159026,221
1196992,170
1019725,27
1038502,45
1345899,32
1149789,35
1434408,289
1331367,283
1151568,307
1038126,240
1105246,301
1354383,254
1375571,348
1188956,312
1350405,303
1040755,207
1329810,316
1095638,329
1045471,360
1026941,322
1383816,964
1342743,853
1081079,454
1404092,361
1497047,351
1077049,288
1298757,123
1346606,134
1350474,142
1096561,122
1424462,126
1257115,128
1448606,160
1410308,156
1397778,182
1274838,137
1181744,26
1086282,31
1342834,32
1191933,26
1455688,70
1156031,63
1463066,30
1307453,32
1328288,26
1170261,212
1200413,191
1249578,204
1392101,208
1076983,191
1395094,194
1291487,229
1166161,220
1237836,212
1109620,179
1353433,20
1279339,20
1205295,20
1431212,20
1271186,19
1491686,18
1180510,18
1383885,18
1341913,71
1144509,70
1210738,76
1472270,52
1374106,54
1241273,52
1388278,77
1483740,68
1052572,53
1401309,28
1400990,124
1259749,141
1240225,25
1092082,43
1227429,34
1097232,39
1312352,33
1268573,45
1232796,52
1035942,54
1299417,50
1386090,63
1016464,64
1303501,79
1176686,53
1080504,56
1446354,54
1181712,65
1274821,112
1159957,112
1131022,131
1194633,67
1148248,43
1027752,48
1286552,52
1087904,48
1343655,36
1289665,117
1359744,105
1216979,112
1007979,108
1267184,171
1475359,115
1399772,115
1044288,113
1204605,105
1166180,87
1029581,62
1049770,67
1239437,91
1218181,63
1439193,70
1461309,56
1203974,77
1039123,72
1269935,49
1189136,46
1297968,253
1259331,261
1135133,263
1421534,238
1413771,244
1178643,229
1078554,288
1495417,250
1274485,239
1335756,197
1201137,357
1320497,958
1483134,346
1363331,295
1186216,370
1068689,478
1371487,2915
1379605,2494
1207029,245
1436681,240
1052630,22
1260318,18
1257768,17
1221459,16
1080389,297
1256024,249
1328739,266
1245033,232
1252741,258
1424447,231
1139612,275
1498209,327
1123645,302
1323759,239
1292034,94
1157559,99
1208584,102
1290817,103
1427899,105
1161944,104
1217185,118
1259287,131
1192548,129
1177141,108
1255407,492
1338733,476
1482136,498
1147855,501
1311799,579
1306558,565
1494027,719
1265348,923
1083041,914
1003331,693
1084671,25
1127039,24
1111671,21
1149061,21
1432334,18
1036706,18
1173657,18
1099347,217
1376287,207
1124300,209
1468244,183
1015025,302
1083819,243
1217848,227
1298548,209
1434356,188
1482492,165
1320819,269
1248373,922
1008294,282
1232116,246
1255594,279
1318738,376
1446799,2185
1486944,1772
1386805,174
1413768,164
1462608,398
1418346,399
1491979,394
1407308,394
1010422,453
1108134,425
1224076,536
1140817,557
1025411,567
1403656,447
1217471,56
1104854,57
1256148,66
1458926,52
1412413,60
1006284,46
1426761,56
1139068,53
1316420,37
1259792,35
1483645,50
1349724,47
1427122,47
1072907,28
1453758,32
1131668,29
1442229,36
1065535,34
1390209,29
1462612,25
1489860,52
1389663,35
1206646,34
1365027,22
1283496,28
1262779,27
1435474,32
1294014,37
1132104,33
1018393,35
1258354,803
1133666,597
1066784,657
1167841,614
1468687,1446
1328290,1259
1240567,818
1424215,763
1057722,2093
1349429,1282
1053488,42
1058362,72
1281230,71
1053785,111
1324241,69
1039288,37
1386011,45
1143236,47
1233422,38
1272934,35
1242088,52
1209556,35
1052913,33
1266188,22
1249279,23
1125302,23
1272411,23
1039622,25
1075384,230
1332431,226
1141830,244
1032755,226
1183226,213
1444861,207
1465487,267
1116043,244
1155353,238
1394606,194
1211649,32
1338544,30
1206721,164
1213726,164
1121296,26
1341927,28
1126590,40
1017637,39
1116834,44
1179503,29
1158599,209
1218897,209
1144162,240
1191552,198
1419930,235
1068714,216
1034417,260
1153354,236
1402994,227
1174600,175
1067348,29
1000557,29
1141868,26
1193883,23
1477660,25
1374717,27
1005512,23
1481939,22
1194957,106
1209298,102
1491117,112
1021817,116
1238437,124
1088320,99
1353310,113
1151804,142
1275812,144
1152280,110
1253246,258
1210078,301
1364359,317
1015692,302
1200780,301
1473909,262
1114235,337
1035523,301
1060105,287
1130600,232
1409129,39
1150723,42
1181288,38
1303570,36
1076136,37
1496530,36
1131674,161
1262299,136
1213601,126
1300132,120
1305748,205
1087593,146
1494276,143
1004602,125
1218108,117
1485765,98
1369461,88
1332257,135
1208274,114
1084190,105
1054679,117
1381709,92
1006574,110
1100330,94
1459804,97
1074270,88
1323505,180
1159662,181
1458025,189
1453177,192
1314608,190
1134764,177
1150022,217
1086312,259
1465717,195
1279859,197
1134014,225
1472460,248
1492825,252
1415612,313
1019478,273
1059110,240
1204889,296
1169118,267
1451461,260
1112696,210
1236946,103
1434549,107
1120418,115
1403037,142
1144287,226
1358838,208
1290736,207
1259881,118
1401133,142
1126127,131
1169445,427
1004578,429
1179600,452
1308774,386
1302648,453
1319128,386
1088656,474
1299376,402
1292193,394
1305988,295
1015328,150
1459453,62
1051019,76
1321503,64
1055145,64
1234463,62
1010315,73
1374626,91
1186950,99
1285406,79
1318631,300
1250084,299
1307634,297
1149758,263
1067032,264
1434813,269
1002560,323
1156579,284
1396591,277
1392103,228
1249940,20
1425455,21
1154185,70
1015552,96
1082946,16
1286570,27
1254729,66
1006149,65
1412957,72
1252535,55
1339142,60
1442360,55
1303970,68
1111277,67
1317971,44
1003422,44
1270759,493
1251827,371
1441633,431
1246760,352
1077996,410
1059707,382
1256407,488
1046867,479
1336797,455
1335237,342
1089648,233
1237824,227
1443604,260
1315244,179
1254893,781
1019982,595
1395631,325
1498515,278
1233129,229
1478969,202
1429360,67
1120903,68
1255283,73
1228809,56
1257624,80
1066626,74
1383790,84
1236459,91
1158042,77
1110951,72
1094399,42
1171262,48
1216042,33
1040672,81
1164094,75
1290899,38
1362590,39
1436155,30
1141020,118
1137816,122
1268877,124
1177855,116
1418558,128
1134734,116
1325056,156
1145992,163
1049420,144
1362616,123
1384912,15
1473127,57
1323704,82
1329092,74
1245072,60
1238938,50
1084196,45
1442846,47
1025058,14
1428338,25
1090704,42
1320112,12
1297638,10
1337109,17
1385171,23
1155836,112
1234570,191
1066501,196
1306678,230
1115733,149
1166572,103
1442966,131
1460038,87
1193240,76
1434050,62
1129340,162
1182360,159
1478755,153
1287636,141
1439136,287
1311021,200
1483148,186
1084470,169
1177978,148
1199834,125
1210152,18
1281696,17
1051001,20
1056902,19
1386579,231
1252232,261
1392509,257
1473748,216
1194125,225
1452660,218
1313545,300
1220899,255
1176114,229
1368957,188
1290080,544
1089612,1337
1439182,448
1453938,428
1416600,538
1061133,773
1444912,3294
1021121,2649
1317447,442
1115697,383
1439020,15
1161356,17
1359174,16
1181972,14
1140677,13
1254006,15
1249389,392
1144725,251
1024456,288
1333259,254
1158440,269
1245351,249
1209146,328
1336601,307
1229162,294
1147384,217
1202967,48
1266951,73
1123101,41
1397105,48
1451801,47
1410965,61
1132536,61
1089582,55
1009115,48
1443523,216
1163835,211
1494285,229
1318970,214
1230640,233
1350989,219
1469698,300
1157662,334
1365942,358
1241167,267
1474470,15
1199867,14
1410274,14
1424399,15
1275961,14
1123239,191
1300003,162
1142646,167
1406271,153
1081205,402
1272773,285
1107862,226
1445770,212
1114381,188
1415547,153
1160077,244
1091853,910
1330691,673
1415863,200
1334478,235
1141705,561
1420680,2522
1487401,1969
1204380,249
1052413,191
1242874,169
1077197,177
1127975,185
1230110,182
1166412,187
1066808,177
1470409,235
1342442,240
1139563,252
1003833,192
1013568,26
1458838,23
1242946,22
1117852,24
1444202,22
1240782,19
1377760,24
1197572,40
1109827,43
1259868,39
1363824,24
1225867,27
1199703,41
1393980,29
1376514,23
1302656,51
1141699,58
1433132,43
1454906,32
1474457,32
1353854,64
1238870,55
1102120,34
1381727,36
1165621,437
1067751,413
1367529,454
1419376,367
1217634,1677
1435817,1360
1388704,632
1050100,563
1447978,2232
1223297,1686
1057692,55
1208998,102
1142079,97
1114122,145
1348065,89
1123612,45
1147172,51
1449879,48
1410895,38
1474990,31
1462527,44
1486074,22
1393559,21
1126109,24
1454486,19
1483756,18
1138537,17
1325573,78
1051613,83
1191347,102
1459200,74
1119462,80
1353313,84
1265434,119
1338064,116
1391890,134
1094290,96
1494524,70
1122982,80
1247940,22
1492928,17
1447707,329
1306135,310
1375347,367
1210263,313
1031578,366
1224519,334
1094254,425
1331126,377
1412296,347
1464457,277
1429670,34
1048429,34
1266516,26
1064371,23
1010582,28
1279234,27
1140213,24
1462914,20
1028151,84
1078943,85
1254456,97
1282678,91
1182119,96
1430557,90
1044051,109
1372892,115
1120515,109
1489688,92
1247162,438
1272298,407
1423076,476
1080130,427
1053710,451
1164565,405
1205751,520
1210368,467
1260599,435
1121115,376
1198240,147
1144385,141
1437302,138
1132630,123
1101586,284
1091445,174
1295002,158
1448868,147
1435790,121
1431208,121
1431365,146
1385563,144
1087230,119
1471543,124
1097979,98
1256441,132
1444251,102
1213606,114
1296465,98
1269338,50
1196617,53
1158962,55
1378735,52
1249741,49
1350135,48
1431352,70
1267745,73
1257221,59
1045903,407
1168162,371
1199171,416
1192330,360
1026480,353
1359515,336
1183397,434
1352135,379
1263834,343
1219655,306
1104882,48
1064112,48
1103507,46
1359439,44
1362263,58
1115404,61
1495441,80
1263659,54
1492790,59
1472842,50
1220718,229
1035762,227
1005331,230
1144722,222
1375730,228
1053781,207
1221582,282
1101521,201
1464391,203
1118931,158
1402087,48
1267543,19
1031981,26
1131800,24
1226628,25
1429379,32
1084519,42
1054929,45
1111818,36
1127792,218
1148446,212
1099206,237
1109184,179
1229777,188
1297617,192
1237610,249
1069068,205
1090735,196
1383176,169
1318530,56
1349996,47
1102502,18
1079296,361
1264719,350
1431686,353
1320803,327
1011233,369
1377962,322
1192944,439
1405148,456
1405071,408
1123716,316
1453825,386
1309172,382
1227764,424
1149701,371
1030628,910
1058252,986
1491947,526
1494597,457
1401368,407
1435257,359
1475740,94
1441634,72
1473188,99
1453677,101
1138281,96
1365133,122
1201008,88
1221090,84
1252788,75
1312378,133
1121476,128
1452533,138
1151293,140
1048430,136
1078682,110
1174467,173
1076674,177
1054235,154
1438311,136
1172173,28
1211628,33
1114022,30
1119679,25
1098728,64
1402934,47
1022522,24
1190225,26
1280461,183
1042807,173
1403241,179
1184545,181
1338050,163
1026597,156
1451444,221
1001753,215
1244369,211
1114154,168
1251743,15
1216807,15
1044810,14
1329636,45
1292821,75
1107124,75
1295439,58
1052382,62
1108059,72
1292720,75
1149871,57
1133587,34
1411654,91
1217172,61
1447046,45
1367645,21
1001659,80
1228444,82
1433924,119
1371163,136
1408863,117
1477833,36
1283271,36
1257511,38
1159801,35
1099699,38
1378391,38
1419443,42
1302328,55
1455533,59
1466302,52
1216929,171
1314022,63
1313140,15
1224624,33
1401467,24
1352497,29
1448084,53
1362746,56
1267173,54
1105075,51
1307999,73
1488767,72
1040530,100
1131755,64
1492694,65
1027892,58
1099057,46
1225458,89
1010715,94
1387667,141
1346873,112
1408529,29
1164196,46
1067861,42
1286769,49
1310185,35
1112704,99
1055978,95
1093150,102
1332210,95
1045586,190
1399769,158
1428523,131
1056581,126
1447191,116
1384034,92
1137590,27
1263027,27
1396476,29
1393708,23
1098120,21
1146079,19
1176683,24
1236232,25
1043714,20
1112290,17
1315890,357
1251960,351
1344744,389
1285953,286
1222463,313
1380883,305
1155889,421
1190568,364
1429669,326
1351758,259
1122867,470
1428085,1366
1055368,417
1181140,413
1192825,463
1497180,417
1248212,3390
1144793,3071
1361907,421
1307127,385
1296593,16
1288029,15
1136665,13
1374497,14
1038293,14
1113345,433
1129168,410
1156793,438
1095528,388
1306049,380
1282473,369
1316409,475
1394640,501
1009777,486
1386654,400
1154407,107
1423212,94
1413911,123
1007465,125
1392733,116
1343164,90
1114869,131
1399552,167
1208940,96
1112607,45
1040360,44
1119698,44
1325998,46
1147410,46
1305088,49
1158546,64
1323328,65
1158006,53
1119887,32
1165697,35
1403211,40
1443517,28
1014151,735
1374002,716
1417996,695
1141881,715
1219590,780
1373220,776
1355558,977
1042282,1056
1323969,1055
1480827,999
1181254,19
1150997,19
1379420,18
1033770,16
1451868,18
1108405,233
1481278,221
1127853,215
1069729,194
1028848,422
1201050,364
1278761,276
1182751,241
1494451,225
1346198,189
1367068,214
1393667,1787
1263571,203
1395629,168
1395320,210
1486344,185
1100089,2916
1316600,2620
1133091,223
1497480,136
1196661,499
1496261,486
1194929,506
1209119,501
1397954,517
1433003,515
1306725,650
1355897,681
1064394,687
1299518,636
1100813,26
1103179,28
1349648,28
1360039,26
1008284,22
1372827,24
1022366,24
1247275,21
1250692,28
1166812,29
1075237,28
1284106,23
1132690,17
1021330,19
1173609,20
1161832,22
1084054,25
1196971,20
1287686,21
1490438,21
1377459,48
1284858,29
1215512,25
1013410,462
1306922,420
1407650,448
1115185,383
1300326,1461
1348608,1231
1077818,647
1431835,526
1314817,2278
1066068,1746
1236383,60
1051153,44
1403654,82
1458515,59
1092603,23
1406779,29
1363499,26
1308591,45
1445820,24
1339495,47
1031284,15
1011989,17
1092978,12
1416822,20
1044644,19
1400124,17
1020688,22
1132214,217
1299296,196
1328803,207
1334503,190
1383625,198
1448378,189
1069438,249
1171702,235
1152361,230
1150037,204
1198481,129
1397183,124
1149053,23
1380157,42
1016217,32
1237054,373
1044369,366
1157822,398
1420945,372
1375200,405
1358278,362
1205185,472
1362253,448
1263433,403
1337606,340
1266676,29
1311688,29
1369119,23
1391955,22
1095582,21
1236493,22
1350052,24
1396061,21
1422724,27
1416267,27
1023518,29
1210701,27
1084100,29
1161473,28
1245334,33
1471348,43
1155624,44
1303316,38
1072688,103
1082037,117
1248088,165
1240215,173
1140940,173
1372767,158
1319511,185
1163430,191
1024275,195
1176115,182
1230753,283
1459901,307
1283901,330
1420906,308
1125326,258
1280096,290
1256216,363
1497839,302
1056161,279
1249726,243
1038455,24
1434793,22
1160822,19
1346146,133
1428646,134
1449241,133
1411131,121
1001411,164
1385630,175
1237972,153
1078865,139
1319741,132
1309594,105
1146287,78
1352895,101
1378461,102
1426530,100
1437824,88
1028205,77
1326348,108
1025298,89
1421003,76
1356082,64
1213133,35
1400057,39
1006359,39
1478327,41
1264778,37
1296198,51
1091285,51
1188584,306
1289252,324
1121717,358
1165494,321
1133975,286
1017195,303
1473572,388
1156194,353
1420711,310
1050364,258
1218991,41
1036017,40
1114325,60
1038860,60
1322237,63
1073235,60
1314434,58
1418720,51
1245711,264
1063433,277
1035108,355
1352358,267
1074658,307
1499594,291
1056537,374
1255064,260
1421744,269
1109478,201
1194904,43
1371113,24
1478926,27
1218200,29
1194155,31
1393791,31
1356548,51
1087090,50
1362391,37
1000962,358
1031818,364
1467100,385
1034605,298
1101780,352
1002344,327
1046072,430
1442812,352
1345228,317
1113888,270
1219117,14
1297015,88
1202918,83
1354197,20
1268287,31
1242062,25
1046820,19
1013774,21
1383287,17
1249173,19
1402527,16
1088465,437
1321672,405
1493321,416
1486372,394
1411581,436
1338165,388
1206135,477
1093502,537
1461412,497
1015740,421
1189256,416
1128323,428
1326661,312
1242328,1154
1210696,1086
1120940,509
1045314,484
1270338,445
1491051,358
1321001,334
1149554,323
1321455,355
1220031,307
1249562,296
1221659,318
1448873,369
1201558,376
1112961,387
1441542,313
1227620,116
1060282,124
1212298,119
1324089,103
1160616,110
1125254,110
1367408,143
1164080,149
1095594,133
1441231,116
1418316,44
1028314,44
1376664,48
1001180,41
1317946,100
1162285,60
1183217,34
1344949,35
1207523,36
1102512,112
1361643,105
1135403,115
1171163,90
1473307,97
1038042,91
1053898,131
1496571,145
1142142,136
1162420,126
1199487,19
1373867,20
1424223,18
1451930,21
1370497,20
1065924,21
1083741,38
1234248,69
1088860,77
1356258,64
1302259,55
1152733,39
1484698,72
1261194,50
1230150,43
1107553,41
1100828,386
1201667,374
1162414,338
1162048,393
1360889,417
1070154,397
1242415,398
1009155,448
1007348,491
1257698,362
1386147,62
1477962,64
1164241,63
1313079,64
1489391,67
1217690,70
1403412,72
1067902,93
1016818,97
1451414,83
1144387,42
1357820,46
1123456,364
1000586,325
1286790,52
1115930,37
1193439,56
1219711,54
1438799,93
1011484,95
1146910,99
1078476,98
1273798,136
1381479,143
1414898,171
1313752,102
1097004,130
1295157,117
1065465,61
1344156,102
1055855,103
1234968,154
1249681,86
1066635,42
1064923,51
1167876,50
1053807,49
1237785,36
1471314,110
1249240,107
1119440,110
1039592,108
1014849,228
1196535,158
1292202,137
1275446,136
1454082,126
1373757,102
1346922,54
1058487,56
1357585,57
1246808,68
1099146,58
1412353,51
1468339,62
1313065,64
1490279,38
1444037,278
1032563,282
1412227,283
1397626,246
1215207,247
1284712,253
1480206,331
1344652,282
1362439,272
1089623,228
1175542,448
1314812,1497
1408441,439
1198898,348
1096814,461
1019929,417
1050747,3498
1059227,2612
1304119,367
1062397,357
1213487,20
1167608,17
1037042,479
1363682,462
1129795,464
1212698,424
1432412,448
1307351,416
1028375,487
1429330,543
1488638,531
1413805,448
1068732,257
1459985,187
1275261,272
1178436,277
1118377,269
1222153,287
1121953,327
1108733,327
1243875,324
1444290,310
1410568,71
1201705,70
1422145,66
1265812,67
1143936,73
1207164,71
1035471,77
1182115,93
1301690,94
1043957,83
1412117,68
1239970,69
1415533,68
1058293,84
1328879,58
1188626,58
1184088,62
1131958,84
1014626,77
1350558,66
1470774,748
1299041,734
1105837,729
1082803,715
1023822,808
1312925,796
1089746,991
1133734,1035
1096643,1032
1095601,903
1118778,16
1318169,17
1167507,19
1415526,17
1461383,20
1010375,290
1440426,268
1154587,244
1079575,236
1158030,486
1362696,457
1066731,325
1347823,291
1295629,274
1318474,275
1013232,175
1252214,1561
1390132,158
1114889,140
1096101,178
1459986,141
1173416,2836
1044076,2402
1112081,126
1128597,115
1117544,644
1417850,577
1211259,613
1431972,617
1475506,655
1409045,649
1410758,785
1368841,807
1409653,819
1251129,712
1472488,43
1461331,45
1253822,43
1407561,49
1191571,33
1492538,28
1143486,34
1004907,33
1127961,30
1186842,37
1008262,36
1274142,35
1048054,27
1384843,27
1351109,26
1353818,32
1063035,34
1352845,34
1128433,681
1407888,631
1212422,623
1279701,556
1453508,2605
1349422,2099
1292070,792
1124122,752
1192277,2906
1413046,1924
1028748,45
1443200,73
1043603,61
1219673,128
1152131,55
1393223,31
1420107,39
1216873,40
1190133,47
1430193,31
1014965,121
1078132,44
1292424,38
1255258,15
1066079,26
1105879,29
1411353,30
1449547,26
1234887,177
1125678,175
1435855,180
1056982,166
1107898,168
1420115,160
1382425,217
1456487,212
1204895,213
1271507,187
1229377,35
1038196,28
1008268,393
1429686,240
1258400,67
1168925,42
1036885,46
1480686,310
1317736,278
1209072,278
1100649,300
1305444,302
1491431,277
1378334,361
1225887,303
1326777,293
1133252,239
1097687,40
1139498,42
1411557,43
1333045,33
1318193,29
1406669,30
1405764,32
1147888,26
1488755,22
1151189,300
1024790,299
1164052,301
1230002,275
1441669,295
1407711,274
1002962,332
1307976,339
1328697,350
1193459,287
1331356,237
1397910,228
1033866,245
1185243,315
1340832,203
1422405,208
1000907,264
1140986,244
1166061,232
1147826,198
1174075,59
1121861,60
1427424,56
1202501,54
1211307,62
1391383,61
1051248,61
1124427,53
1143781,121
1122608,113
1173756,111
1218630,105
1072974,250
1271370,220
1108945,148
1303182,137
1323756,128
1219727,110
1398197,52
1089695,117
1356105,103
1402798,79
1291085,70
1404814,66
1428083,99
1203717,62
1111706,55
1394938,40
1108936,86
1105792,92
1306121,97
1393546,96
1452330,99
1384949,89
1369516,108
1386732,120
1402801,119
1487219,108
1487448,284
1189549,248
1264146,257
1352579,235
1165448,240
1203426,222
1123527,285
1219158,254
1356081,246
1251853,221
1359239,91
1323864,93
1110355,97
1234810,94
1092030,121
1262482,132
1327710,165
1431000,108
1223860,134
1381768,121
1451012,534
1035076,543
1161618,523
1443293,560
1071762,603
1489624,580
1436386,689
1396514,553
1039985,557
1458659,414
1478260,218
1211763,100
1461264,129
1452748,142
1454882,149
1178109,153
1151588,178
1093068,206
1069584,217
1188384,174
1019856,452
1203766,413
1355799,408
1344056,369
1439488,378
1402415,370
1026211,447
1370612,394
1218651,375
1374767,315
1095558,31
1230790,35
1219964,197
1230004,162
1283749,27
1081422,29
1068866,34
1102942,40
1413625,42
1266101,46
1006570,47
1102106,42
1392645,39
1136584,48
1453858,48
1029171,29
1194113,29
1336189,267
1039864,223
1378231,236
1339671,200
1314578,237
1403828,199
1249231,253
1311330,285
1476081,268
1413988,195
1431384,294
1487673,286
1068668,293
1063833,249
1393194,676
1359636,702
1108677,372
1304133,291
1485109,303
1485137,236
1045996,94
1044730,102
1150354,101
1446291,103
1001106,83
1356071,85
1101252,111
1223036,116
1134987,114
1062304,89
1116597,34
1145893,37
1025496,36
1218778,70
1153423,60
1357408,34
1286873,32
1402952,30
1170957,26
1361706,91
1014000,77
1039951,82
1473600,71
1265560,86
1462466,73
1114666,92
1443948,110
1401506,88
1253336,77
1229602,31
1486505,32
1487852,29
1445743,27
1310175,29
1134018,27
1448035,25
1296975,52
1029539,64
1304389,60
1110541,64
1331960,66
1218721,53
1154883,58
1490445,39
1181176,29
1356273,23
1412186,99
1114401,140
1228683,20
1337833,18
1050850,29
1457667,28
1024014,28
1171411,56
1257636,58
1074009,50
1145515,62
1248367,70
1298875,76
1448070,54
1179183,58
1395822,50
1303811,44
1412306,128
1087455,91
1028514,135
1467820,68
1491649,49
1474249,43
1028658,42
1491544,36
1163145,30
1433035,75
1459830,70
1174361,67
1250822,57
1078406,93
1499791,78
1233243,71
1149972,72
1014740,63
1022510,52
1235837,87
1371786,80
1493420,97
1010170,65
1425445,71
1273778,65
1270680,72
1376166,75
1164762,54
1344143,50
1160893,143
1236978,151
1453878,160
1246866,144
1302283,143
1064732,140
1141248,176
1080727,152
1487939,148
1295266,125
1013660,237
1093949,619
1429810,189
1130721,211
1138486,239
1372175,219
1272747,2124
1182172,1440
1026845,186
1346301,168
1272184,26
1340133,25
1233411,26
1194326,25
1498415,23
1074808,23
1216412,22
1241604,23
1345822,22
1372115,192
1423689,161
1293491,159
1308693,149
1209311,169
1110021,136
1277171,155
1020754,151
1161508,147
1374528,121
1197461,107
1329651,107
1040737,107
1480946,110
1498109,98
1002703,99
1349426,111
1004288,127
1444755,135
1074093,109
1115748,557
1281521,554
1451363,565
1430974,563
1461605,616
1248805,605
1365062,744
1413517,785
1079468,901
1462434,722
1056092,24
1365006,23
1456089,24
1446786,23
1040817,23
1109353,22
1487989,23
1121159,22
1222840,108
1460813,113
1487066,111
1079005,112
1388676,162
1371072,142
1297231,110
1016210,110
1210558,112
1123675,95
1086030,168
1394115,661
1278363,96
1085675,93
1091432,109
1484666,104
1459972,1487
1025645,1128
1253204,93
1150554,81
1353589,365
1083761,364
1017978,374
1204607,353
1179263,415
1287664,377
1101142,475
1259598,481
1403541,500
1101243,385
1202680,55
1343708,53
1386496,80
1391427,46
1230052,49
1047182,43
1131586,49
1169082,49
1065210,34
1322258,33
1062507,40
1369946,36
1266139,37
1317106,27
1200557,28
1442391,30
1141389,30
1209068,22
1048616,26
1161399,58
1246499,31
1173875,23
1295803,23
1382915,28
1270557,29
1387232,283
1234509,300
1131712,318
1041891,259
1189265,1169
1242154,992
1271716,480
1241557,385
1056516,1720
1103361,1212
1333733,37
1001630,58
1071359,57
1309758,85
1363781,46
1275758,32
1335742,33
1385596,30
1379435,38
1065819,38
1192767,30
1281501,23
1307572,21
1456322,22
1431483,73
1062258,76
1333906,77
1106524,70
1290036,66
1184862,75
1096073,88
1031537,95
1203109,80
1071558,70
1101932,21
1044801,25
1079827,71
1285141,124
1075442,20
1499597,17
1343162,33
1476106,124
1049161,100
1364913,105
1193107,96
1180048,121
1358834,118
1151399,136
1044081,106
1466579,109
1014859,97
1332396,32
1266400,30
1472252,25
1003603,24
1409616,24
1059512,21
1484676,186
1368949,190
1329321,189
1375533,192
1107947,193
1425745,185
1273134,220
1436258,240
1254725,242
1421375,189
1325792,153
1193535,148
1218040,155
1236341,156
1062111,149
1128983,153
1391564,177
1321495,153
1210468,152
1203757,137
1412587,32
1433116,36
1042053,36
1124635,34
1154252,34
1279658,32
1407745,34
1186723,36
1470954,34
1368908,32
1374038,97
1153248,107
1345956,96
1393237,90
1014560,124
1012199,100
1077136,94
1119709,99
1046854,97
1283164,78
1314508,70
1471054,96
1128581,84
1166222,75
1188988,88
1134994,83
1378089,78
1135823,73
1235260,45
1377286,111
1308546,111
1196922,119
1163908,117
1085465,119
1068315,112
1234038,135
1038950,149
1444536,148
1283324,127
1191789,140
1438073,158
1172474,185
1280261,193
1275016,204
1145855,163
1232971,219
1224224,191
1062528,186
1057817,156
1337490,126
1433830,131
1304337,133
1167678,134
1299855,163
1311195,169
1432084,201
1180256,137
1421002,165
1053628,133
1121324,260
1026413,306
1070072,327
1146493,264
1023501,333
1453489,262
1038965,327
1347849,264
1045776,268
1452750,180
1021010,76
1136984,42
1234163,45
1215779,49
1370085,47
1152832,43
1214420,49
1143861,63
1223574,75
1456445,64
1030306,204
1056828,197
1140717,188
1289609,172
1355546,171
1104076,168
1172744,198
1031169,178
1242193,164
1145750,144
1050897,87
1272957,111
1122296,25
1152640,25
1183320,33
1436037,49
1110617,64
1028234,53
1061389,43
1272403,46
1034465,39
1040003,46
1163226,487
1031803,475
1429552,482
1126332,424
1204816,481
1356232,431
1017032,536
1074980,601
1405502,554
1012125,428
1169730,508
1326969,503
1290989,511
1324687,449
1435521,1074
1424670,1316
1217911,662
1445424,611
1307778,567
1109546,444
1322878,250
1050289,260
1361083,223
1159200,239
1180812,227
1378506,239
1287932,247
1314601,300
1360376,359
1316856,202
1401754,113
1091471,91
1300817,105
1193216,90
1060409,110
1209654,95
1282653,128
1425189,136
1361061,132
1099961,103
1476887,47
1108169,42
1344879,44
1017490,38
1176469,96
1130081,65
1058797,44
1296440,41
1341876,39
1042340,32
1480288,88
1388976,90
1119648,98
1321873,91
1261615,92
1427961,91
1363989,124
1410687,137
1431485,138
1457142,115
1190838,33
1280906,36
1123939,35
1338164,34
1455555,30
1478284,33
1151232,31
1129758,29
1436307,45
1144232,84
1206831,71
1035382,61
1196146,56
1260615,54
1312498,84
1136753,55
1489232,54
1035832,42
1061276,247
1015088,234
1292002,224
1285083,225
1343995,249
1304918,238
1017601,280
1180813,302
1169611,339
1346633,283
1207310,100
1452410,107
1318219,114
1260006,121
1372927,125
1133760,126
1075937,133
1025820,166
1310403,176
1030704,147
1415287,47
1180965,46
1113679,298
1357660,307
1161674,45
1334489,35
1069619,60
1315618,53
1274761,42
1185715,43
1281482,253
1185994,247
1101359,283
1224536,284
1416326,448
1489036,398
1432032,400
1485473,227
1191888,293
1140077,269
1307302,54
1177684,82
1331883,74
1425911,133
1293866,85
1062563,45
1201874,66
1153088,62
1234655,70
1157099,40
1161036,138
1135545,128
1442958,134
1314621,120
1388384,224
1227978,151
1301241,178
1184839,155
1046279,176
1167856,150
1113162,83
1384889,107
1442329,109
1199138,105
1401990,101
1238679,88
1464254,99
1140293,103
1457212,59
1189272,67
1271696,302
1139577,301
1148826,331
1317428,231
1018320,255
1099215,258
1402594,353
1180246,292
1047356,274
1486518,232
1223600,381
1358943,1232
1092417,372
1198010,348
1048692,406
1184868,400
1302853,3379
1011499,2525
1413467,323
1233653,277
1434166,31
1432772,29
1496055,30
1399699,27
1037988,24
1104148,24
1193669,26
1279111,26
1121988,427
1115180,442
1008616,442
1359199,395
1466525,398
1060044,369
1237487,458
1445380,521
1070424,495
1324840,437
1210001,264
1406512,273
1476709,251
1469794,263
1227316,267
1434845,257
1026204,302
1325430,287
1311405,338
1487564,308
1012771,104
1492039,106
1409644,112
1069560,118
1230159,114
1451740,128
1223669,129
1480159,151
1329548,158
1008093,138
1240273,86
1245225,91
1103636,94
1309363,90
1095731,87
1444210,96
1270167,123
1040828,146
1271717,103
1112011,102
1123214,1445
1038791,1418
1134852,1410
1403461,1475
1002912,1528
1089089,1494
1082554,1662
1353572,1744
1015394,1780
1320654,1699
1450412,28
1346636,27
1142017,30
1232162,29
1258738,28
1440844,29
1355348,29
1047465,351
1052061,318
1246412,299
1305157,260
1412668,539
1196150,476
1023855,347
1497263,316
1163695,301
1447975,297
1083097,198
1181871,1665
1040695,145
1063801,154
1341226,200
1009874,161
1079968,2522
1331936,1992
1325121,215
1370183,166
1161630,918
1021993,919
1179517,913
1332254,928
1319159,966
1356974,976
1290939,1104
1401750,1160
1064767,1203
1070383,1099
1105919,65
1270179,61
1026319,59
1032990,43
1166528,42
1156987,44
1015916,32
1448825,29
1212228,31
1301184,31
1201561,26
1315874,27
1291984,24
1364501,33
1410066,30
1349184,545
1130619,465
1096780,465
1352350,409
1467630,1466
1225027,1856
1319162,687
1196160,591
1304965,2664
1163371,2004
1410444,49
1447902,92
1220066,91
1395996,118
1050155,66
1405958,37
1460942,49
1156794,46
1259715,54
1290300,35
1407667,125
1268061,66
1435514,60
1118148,26
1110023,40
1016117,39
1057728,41
1269429,41
1398750,37
1307215,44
1053207,174
1381358,173
1255638,190
1176118,179
1043550,167
1369209,151
1359946,198
1311666,192
1064580,200
1006230,171
1415441,32
1178941,350
1146905,232
1344481,46
1495378,35
1337557,44
1246312,257
1171690,281
1445691,294
1086007,237
1304601,471
1292707,316
1350725,371
1126286,336
1167983,305
1340967,254
1321976,35
1088772,37
1446950,37
1210886,32
1321519,30
1454833,27
1231250,29
1060841,30
1063119,25
1368987,22
1106904,109
1345120,112
1121990,118
1432624,120
1306602,116
1096748,128
1346881,135
1417343,162
1248441,166
1369427,141
1034885,260
1188905,259
1000505,261
1155391,259
1175738,271
1346234,263
1177275,305
1379838,316
1492943,325
1308976,271
1086708,227
1137260,201
1412405,195
1407411,208
1333872,225
1469078,202
1445891,229
1306540,208
1015130,198
1306586,177
1288584,131
1216944,122
1394355,126
1285022,117
1462965,124
1205977,133
1349950,150
1340917,141
1191343,126
1262924,107
1106662,226
1095231,216
1210181,180
1032488,172
1351353,350
1277125,312
1277374,262
1030600,212
1497254,196
1294314,170
1120835,71
1168918,87
1010155,82
1219862,79
1262985,78
1489334,105
1272770,76
1139055,76
1005607,56
1433314,137
1145467,136
1375025,145
1095276,149
1187504,164
1167315,112
1162925,176
1129751,183
1154706,179
1428567,161
1432009,194
1119531,191
1430629,206
1258284,255
1404233,184
1059406,198
1141667,235
1354571,233
1284851,211
1266965,184
1403343,221
1050693,175
1389483,202
1028926,209
1164432,335
1022069,294
1424160,310
1466699,183
1013907,257
1325027,204
1111122,707
1152573,664
1139647,627
1194544,709
1473726,768
1357020,714
1226117,841
1018768,676
1259325,689
1497891,533
1011931,338
1108509,116
1137755,138
1313978,146
1154103,185
1023140,188
1398600,180
1300190,196
1019457,238
1443796,186
1251406,486
1077955,471
1432633,461
1135634,397
1053800,427
1300651,411
1403400,505
1084536,448
1422024,418
1067466,368
1181335,35
1407215,241
1250390,199
1119553,26
1431014,29
1141140,42
1362663,28
1258340,44
1477586,78
1232549,74
1421415,80
1499661,90
1390906,83
1392104,74
1341715,83
1459707,89
1213952,57
1319632,60
1284837,664
1493378,638
1108062,623
1199115,566
1234045,650
1150824,618
1195695,733
1437201,836
1332203,787
1025247,681
1350211,1104
1108160,967
1306384,956
1301386,1068
1359640,2468
1065859,2822
1461969,964
1456556,1024
1186540,911
1188205,734
1062543,410
1398189,422
1466289,391
1184561,407
1388769,414
1022676,415
1107883,483
1457400,503
1084848,507
1301668,417
1191468,110
1043523,98
1106934,111
1232746,100
1150178,98
1464884,94
1454215,130
1276479,124
1157583,133
1435668,110
1061430,160
1289127,167
1205864,168
1239910,156
1410666,335
1312333,220
1485353,124
1257696,154
1103602,150
1380060,126
1078789,113
1258021,101
1033797,124
1351003,102
1258210,97
1050711,108
1134300,141
1385089,136
1353835,137
1121782,113
1417469,41
1399537,38
1357556,33
1173518,33
1165681,30
1135715,35
1461113,32
1162104,101
1140483,160
1256636,151
1226418,127
1426747,123
1229906,112
1177248,147
1438430,110
1011649,104
1495463,86
1123146,509
1283686,551
1013187,576
1209472,560
1074286,595
1182203,502
1270377,661
1129511,547
1480157,671
1036327,562
1336480,128
1230167,131
1161027,127
1474084,131
1018008,140
1078258,141
1191793,160
1463167,189
1209802,203
1316201,175
1480252,50
1157948,50
1484457,317
1342379,290
1008085,49
1235730,45
1021989,61
1450107,53
1347721,359
1025278,366
1179188,363
1087166,353
1157826,485
1249459,623
1180417,722
1120848,364
1014416,376
1424299,351
1103877,148
1410995,191
1106286,186
1079826,237
1299309,189
1156239,112
1167739,149
1035520,137
1474882,141
1436002,107
1106947,81
1038730,94
1007039,92
1109602,82
1307498,129
1163586,138
1454022,123
1319449,103
1221686,95
1450663,81
1278837,112
1430956,117
1058059,124
1391914,135
1284694,121
1047034,105
1128200,135
1362834,136
1372825,80
1261755,70
1114322,495
1169375,479
1242200,470
1477386,398
1394203,432
1276366,411
1138700,510
1009855,468
1375467,450
1495420,370
1494572,744
1443408,2894
1046238,649
1046430,568
1258929,640
1162336,621
1119487,4847
1390966,4545
1207032,570
1277215,421
1350522,70
1137795,53
1002793,56
1461455,49
1171371,38
1322633,39
1164057,43
1440801,43
1490055,37
1193418,657
1198884,624
1410268,589
1319050,589
1201688,616
1309747,563
1445768,683
1161906,767
1010865,737
1362178,633
1335657,470
1371464,459
1322076,500
1192580,454
1315446,503
1477854,499
1198926,490
1206563,606
1342655,605
1290673,565
1223905,115
1266392,115
1291976,109
1164193,122
1394245,120
1414710,118
1006345,132
1152630,158
1332072,171
1387257,142
1099622,145
1224371,148
1078580,155
1354327,151
1069327,145
1290290,145
1036858,178
1410348,187
1330379,172
1065783,162
1185434,1701
1101049,1641
1101699,1623
1089294,1704
1480593,1824
1339799,1834
1261433,2054
1397430,2062
1083089,2023
1138673,2003
1088540,45
1085191,49
1338003,46
1203469,39
1255321,41
1178671,38
1061782,41
1346062,46
1088986,39
1410375,341
1103878,326
1415587,301
1320629,295
1259587,634
1435587,659
1222378,431
1148437,396
1307388,362
1203171,331
1023532,294
1429992,2189
1020444,329
1217757,231
1323110,307
1428418,272
1339749,3646
1300869,3430
1077843,212
1490233,180
1266519,964
1137275,1047
1266254,1034
1125205,1094
1282243,1032
1265496,1132
1269069,1341
1421700,1489
1095834,1483
1175473,1267
1478221,68
1387281,66
1446736,68
1040382,68
1130883,66
1218824,52
1315250,72
1148711,72
1169207,45
1192336,41
1258982,58
1126069,64
1316507,68
1171598,57
1418313,51
1290649,41
1390837,51
1197163,51
1030401,43
1483696,35
1129265,71
1012371,66
1415273,66
1070312,58
1345540,54
1336029,59
1217162,70
1272790,73
1301604,60
1405386,1146
1167724,1064
1126396,1070
1237585,1178
1405719,3521
1406813,3773
1285817,1368
1386434,1413
1062686,3964
1258300,3805
1227192,99
1404963,141
1175735,161
1104176,251
1222583,125
1080833,81
1088693,92
1272865,87
1476491,86
1038852,69
1139472,115
1112793,78
1175594,72
1298517,22
1255481,49
1080589,50
1128383,36
1201129,42
1136805,233
1311206,219
1041160,220
1117290,205
1136497,197
1126149,190
1014383,255
1363114,253
1421040,241
1355617,214
1005745,342
1498006,286
1009210,50
1430653,39
1214827,60
1222373,47
1371009,40
1053905,46
1364079,272
1115318,254
1454707,279
1012151,353
1402108,305
1136298,300
1196671,368
1173061,331
1275935,330
1316352,269
1160060,75
1029300,76
1202641,75
1305385,62
1392013,55
1473273,52
1210621,58
1385103,59
1483936,51
1127484,44
1334472,132
1364248,131
1349737,139
1487287,132
1426756,132
1459447,140
1224526,152
1127290,181
1114943,186
1179480,156
1353114,674
1253464,684
1242076,696
1340873,701
1412456,672
1210302,710
1404230,843
1199301,899
1323295,906
1325558,857
1435797,282
1230293,337
1476138,340
1378907,421
1463942,308
1066858,303
1141573,359
1482473,334
1315422,352
1154170,279
1098408,111
1466943,118
1001101,118
1219612,110
1165887,111
1125271,105
1413674,121
1425133,160
1104431,123
1468731,103
1268382,138
1212416,133
1258074,129
1443392,119
1297279,197
1354271,240
1349257,179
1085416,169
1458913,169
1392222,139
1252749,157
1205708,233
1268510,213
1407369,184
1305864,195
1396943,181
1399299,238
1314371,177
1099354,192
1339781,144
1091951,212
1414650,216
1122981,228
1030360,225
1272696,206
1146788,217
1056095,260
1406516,263
1021686,263
1005332,226
1225674,229
1334883,304
1138288,316
1175267,295
1463904,329
1357643,261
1361886,368
1115214,309
1440633,307
1173767,255
1195122,210
1078493,222
1327218,221
1076853,208
1416374,299
1383696,416
1028933,523
1161361,242
1073713,279
1287364,230
1363184,819
1199993,772
1497719,747
1027254,868
1033201,932
1105714,859
1088152,1014
1105750,800
1001499,828
1445468,713
1171323,554
1164578,249
1457732,292
1305267,289
1051084,271
1356816,288
1374452,333
1464106,358
1165966,374
1439454,319
1405793,634
1087935,575
1482706,570
1391417,513
1352442,558
1445173,532
1194190,635
1492896,597
1044219,545
1047140,464
1270897,38
1314522,41
1377865,365
1347818,234
1124731,41
1487297,50
1378911,40
1461034,44
1172455,101
1256536,94
1089322,105
1155514,111
1086787,99
1322050,84
1314452,109
1397380,115
1127289,71
1205071,67
1051139,260
1252119,161
1442758,160
1316588,135
1026142,154
1456297,142
1303542,156
1376226,144
1124573,143
1214594,109
1413230,141
1288873,140
1497306,154
1045529,104
1211162,387
1363689,398
1353804,306
1224929,147
1087629,303
1007589,207
1158737,76
1372362,75
1219920,77
1103872,70
1397755,72
1402368,72
1481384,110
1303248,94
1493585,92
1207746,62
1141137,24
1087160,29
1159717,29
1474172,48
1162341,42
1131373,25
1459844,24
1246489,108
1496832,101
1383829,114
1252476,101
1249332,100
1480810,94
1096564,127
1298371,134
1482350,141
1239703,114
1314748,14
1145540,14
1351129,14
1029384,14
1102053,42
1078797,71
1270116,55
1195405,49
1431006,38
1036045,61
1323407,41
1071612,44
1412128,44
1329839,11
1122832,65
1160992,108
1198402,115
1311634,140
1475918,109
1310608,45
1402246,54
1148436,45
1156317,38
1413495,76
1392268,72
1223784,77
1230218,62
1277563,71
1129549,60
1036213,73
1038824,70
1202518,62
1059545,49
1011440,242
1477503,202
1130262,147
1346600,138
1339163,146
1204193,157
1159117,186
1210989,149
1392125,141
1469797,121
1359351,415
1090440,915
1398868,440
1370143,389
1312652,471
1299021,435
1105415,1896
1243449,1797
1372564,366
1123616,314
1278640,19
1161784,230
1274462,131
1110391,135
1083245,114
1321283,130
1249754,108
1053779,128
1034869,149
1429223,148
1479594,97
1065649,29
1247475,27
1017376,29
1069813,28
1146173,31
1046576,35
1070359,31
1261208,28
1295739,160
1371494,167
1242910,168
1297462,161
1408420,181
1468795,175
1322980,234
1278810,249
1286425,263
1287421,190
1137875,90
1066080,85
1421641,84
1365140,84
1095442,101
1076755,85
1404791,90
1035671,86
1431880,77
1143822,61
1233267,174
1394833,667
1179749,221
1296432,176
1442048,177
1285582,161
1402829,1444
1272532,1317
1484749,152
1118851,119
1009685,180
1103790,181
1081466,181
1067689,188
1320892,197
1425915,191
1265570,224
1117394,235
1131780,232
1242389,160
1049606,27
1345251,27
1033602,25
1353342,23
1099601,19
1242070,19
1165673,21
1272610,45
1304675,33
1111610,26
1103610,22
1119849,21
1025188,49
1452732,26
1198164,276
1159741,283
1495381,297
1279465,250
1089873,688
1126918,747
1193654,448
1392600,347
1007620,1093
1046609,782
1089220,48
1448499,78
1480977,61
1165626,104
1400690,76
1398185,38
1287476,34
1002446,29
1280812,28
1496509,24
1411840,19
1333737,21
1455813,17
1032114,16
1202461,86
1224855,80
1453460,97
1241492,89
1049602,78
1235695,75
1474850,105
1228447,121
1128513,91
1193256,96
1339264,82
1358351,64
1032540,13
1143118,19
1064557,174
1040647,168
1429401,176
1220103,164
1044804,175
1359148,166
1329120,182
1459893,165
1285114,164
1105654,134
1190701,22
1351946,20
1042350,20
1484593,18
1121456,18
1019250,18
1291968,16
1147536,14
1474772,73
1016615,88
1018551,73
1480247,74
1395898,76
1448266,68
1231701,80
1012670,92
1240287,90
1463854,78
1093731,471
1269050,491
1023961,509
1388114,448
1175925,455
1109214,437
1095490,546
1430226,476
1479522,450
1349727,363
1030237,27
1225930,92
1385412,92
1107223,93
1006102,85
1053334,109
1464589,85
1030302,97
1274071,99
1260736,83
1133680,72
1065468,47
1467769,76
1032172,68
1115458,66
1266940,73
1443467,59
1173395,74
1332233,58
1042157,59
1130326,42
1094332,32
1433395,33
1180934,35
1060487,38
1171147,31
1375433,42
1006863,43
1114839,38
1048552,33
1249809,382
1460215,427
1098302,425
1018556,351
1153013,382
1406628,365
1493850,472
1367571,386
1142375,358
1125901,292
1470260,34
1216773,32
1346299,36
1463665,33
1269039,153
1472378,152
1484598,163
1422402,139
1398699,169
1143869,147
1347349,188
1309756,139
1462779,133
1339369,97
1335552,25
1309956,17
1093896,21
1284066,28
1483726,32
1258953,23
1391442,157
1074147,153
1098053,155
1169805,137
1032075,138
1322932,135
1402445,158
1165145,138
1479434,122
1103124,107
1449517,30
1078767,19
1040825,158
1281373,106
1451370,107
1247939,125
1138400,112
1229203,101
1072744,122
1009271,114
1238845,115
1139373,79
1253878,361
1433742,351
1271361,344
1318816,293
1013289,753
1360747,777
1245642,386
1145973,346
1219376,356
1211106,275
1114881,54
1037344,51
1030428,53
1312113,51
1000666,42
1146575,50
1350267,55
1384048,53
1331565,51
1166954,50
1333239,35
1009910,43
1435998,40
1271673,34
1066592,69
1220416,63
1473341,33
1224761,33
1214246,30
1110589,28
1262540,37
1323752,36
1343272,49
1008406,55
1426204,50
1423852,57
1340706,54
1362799,69
1018544,45
1317712,34
1180122,34
1379374,33
1210748,31
1314686,31
1226697,31
1485349,30
1278322,30
1279690,27
1299263,26
1428130,69
1287120,55
1441706,57
1496140,53
1023202,48
1224457,43
1307990,50
1393706,45
1476089,40
1240676,37
1345447,33
1457860,35
1248698,129
1138253,120
1176245,31
1075398,27
1438275,40
1055999,37
1293041,44
1011525,25
1401432,158
1465418,153
1483716,160
1378475,158
1032528,197
1090692,189
1207091,222
1302076,166
1109560,174
1235803,150
1213514,64
1285974,85
1406254,60
1208820,93
1482217,58
1195960,46
1342435,60
1237820,56
1429024,48
1266035,38
1046904,66
1371198,67
1332404,61
1472665,58
1463208,122
1190516,112
1180232,81
1248961,77
1471954,71
1148848,55
1156598,88
1473807,90
1131135,102
1342618,76
1034517,78
1029594,66
1331308,87
1395057,77
1473348,62
1288937,55
1441890,190
1452815,199
1050471,200
1319582,172
1495342,181
1125330,182
1274663,226
1311575,186
1339048,175
1085391,150
1403092,286
1126737,609
1261324,251
1472510,246
1442794,285
1029656,274
1335249,1854
1283680,1620
1379654,286
1273760,214
1191899,17
1476984,16
1289334,16
1114108,16
1141281,15
1346518,16
1401883,15
1145177,15
1247809,140
1233056,93
1288355,92
1030091,81
1325706,90
1136765,82
1159283,103
1165972,117
1452428,93
1019402,77
1483718,164
1423393,163
1471097,166
1051052,167
1022326,165
1013503,158
1425115,192
1479423,199
1454891,204
1468117,212
1296483,330
1265643,335
1243332,334
1017985,327
1002910,379
1214298,361
1265634,470
1490788,492
1054015,516
1394286,383
1148358,24
1096127,26
1396438,27
1335466,26
1472716,26
1357170,27
1151847,25
1124932,120
1263980,117
1405603,118
1457882,108
1243722,140
1418093,176
1268970,132
1175091,120
1179357,115
1411541,94
1195341,160
1343858,761
1149711,114
1381929,125
1434781,148
1435147,133
1075399,1502
1215485,1248
1205968,130
1423129,114
1159992,302
1349938,308
1440017,299
1021112,291
1087316,323
1382875,306
1223460,370
1140043,410
1358812,423
1384056,308
1342187,62
1283499,86
1236942,82
1188311,60
1441301,59
1306594,51
1216717,65
1067885,59
1282886,45
1000233,40
1311852,68
1222345,62
1378449,39
1100820,38
1423483,42
1412050,37
1062359,28
1329444,25
1083984,58
1120774,35
1396398,47
1380584,28
1193984,24
1038260,40
1096751,40
1394382,41
1362855,28
1365771,346
1210842,357
1244960,379
1303233,573
1284547,1537
1161437,1337
1317740,510
1086077,432
1016409,1646
1188996,1232
1278915,55
1468021,61
1087191,103
1461999,56
1427004,34
1432803,37
1150675,37
1303708,77
1359559,62
1064015,47
1284449,24
1030923,42
1435938,33
1060856,30
1412869,32
1335568,28
1035831,27
1217335,39
1124524,40
1294240,47
1370016,49
1427371,57
1297702,44
1108874,74
1294741,71
1011365,58
1052867,21
1011799,90
1375108,85
1064800,23
1252259,29
1238568,32
1056683,110
1483536,108
1480346,141
1298778,114
1198542,136
1391592,128
1330306,134
1276537,126
1402353,117
1416208,102
1054533,36
1157714,32
1375702,28
1404614,27
1365090,25
1464373,30
1414357,32
1259160,22
1257518,119
1086855,121
1155554,129
1492370,126
1148565,132
1253739,123
1487411,141
1332302,153
1314671,154
1103515,121
1122707,203
1103679,243
1248120,249
1135939,234
1412925,218
1040396,222
1265718,264
1170956,230
1175645,219
1132794,187
1056722,103
1177655,104
1484447,107
1169645,102
1323495,95
1457994,94
1155386,101
1409690,106
1275226,107
1430027,94
1097512,90
1278606,84
1182176,76
1401690,71
1294690,127
1008247,119
1180958,87
1236313,80
1474566,79
1243283,66
1143378,51
1467572,60
1395698,50
1056127,47
1153514,50
1097871,44
1446962,51
1194289,42
1251230,59
1240222,30
1111500,110
1165860,115
1317781,116
1135395,122
1059630,120
1043255,114
1287061,140
1115066,152
1196696,150
1466154,194
1404278,170
1218127,184
1357828,190
1286946,179
1159274,168
1178338,178
1481479,208
1284324,190
1116325,183
1112007,160
1289683,146
1000119,146
1162607,144
1135134,149
1067483,189
1103070,186
1191139,224
1365136,160
1051164,185
1385999,153
1008440,213
1359692,194
1010337,199
1056526,178
1321568,201
1219292,185
1433307,223
1061618,180
1276246,178
1202816,134
1160436,117
1305800,81
1023318,97
1367061,98
1335602,95
1205053,92
1372471,108
1029950,130
1326414,136
1279850,100
1227875,313
1069980,300
1495290,293
1038896,257
1349870,275
1442117,274
1199882,323
1499647,286
1326814,278
1404384,218
1200189,24
1031655,25
1123469,58
1492791,20
1293873,34
1127793,25
1026804,29
1331929,34
1327940,76
1466241,82
1330314,78
1383693,90
1088604,76
1020884,63
1490846,83
1313483,74
1131997,56
1143391,52
1425882,447
1435973,332
1255329,374
1269710,294
1094190,359
1290576,324
1457996,428
1343838,437
1193872,370
1172875,291
1263016,397
1142936,387
1144128,424
1300682,329
1366778,943
1270725,858
1305979,467
1337785,439
1048223,363
1261923,311
1410135,238
1357911,224
1362697,224
1435716,212
1116399,206
1082279,209
1320535,254
1184574,238
1355189,262
1300394,190
1274108,54
1146546,43
1042812,43
1478834,36
1493024,83
1225700,70
1034437,34
1310192,38
1425307,36
1420788,30
1265438,148
1381530,144
1377302,158
1042953,144
1463037,149
1290141,141
1216489,182
1023277,176
1014891,168
1036389,145
1123588,27
1137982,25
1290815,26
1313954,26
1443431,27
1022780,25
1258137,61
1409965,76
1278238,80
1425828,70
1217136,61
1003704,62
1255164,76
1395186,48
1115897,36
1138371,43
1232649,48
1019322,235
1469891,235
1299342,34
1362461,31
1018204,50
1370089,46
1191951,47
1216596,37
1319105,67
1293933,72
1442076,73
1074410,70
1412637,88
1377213,95
1325614,121
1058873,83
1201538,86
1090414,73
1092006,99
1113366,144
1493948,129
1120175,179
1137339,66
1356946,56
1372407,63
1486442,61
1302946,53
1172140,43
1082298,115
1150221,116
1397772,113
1140032,109
1053049,150
1349760,127
1445268,119
1309908,122
1016495,123
1441001,98
1443270,277
1030388,276
1166420,291
1096295,213
1274331,262
1002232,260
1354780,313
1479882,266
1385985,248
1149204,209
1057623,317
1412835,816
1420561,248
1112700,271
1351941,298
1061668,292
1310851,2428
1304053,1771
1352827,264
1105191,236
1073338,38
1260742,29
1205947,30
1028104,28
1021162,25
1208304,26
1265589,26
1069778,28
1220154,308
1085877,269
1246917,287
1396429,264
1318103,272
1113641,244
1310037,314
1383149,298
1008601,282
1318291,204
1038393,110
1108100,114
1452155,120
1346627,123
1171357,121
1472644,105
1419717,135
1051295,147
1129172,152
1259575,126
1450701,389
1224760,407
1363494,401
1324577,409
1491314,460
1158272,439
1412751,533
1112151,580
1219827,714
1187185,615
1438649,23
1482787,21
1492355,23
1080700,22
1303897,21
1071840,21
1007028,20
1266357,170
1001960,178
1123252,171
1014522,162
1276354,353
1493476,261
1109491,201
1473460,190
1077871,182
1288980,154
1324265,156
1035112,995
1052770,114
1277335,136
1215978,155
1063075,140
1436856,1781
1448738,1384
1464317,148
1254705,117
1119729,410
1178379,408
1168706,420
1171672,412
1432899,454
1268541,436
1006145,547
1441960,580
1183895,650
1460906,572
1188111,71
1228717,66
1140317,68
1331594,47
1292643,52
1449768,50
1028507,47
1127166,41
1334493,31
1004715,55
1226758,52
1297773,52
1230585,57
1158190,63
1328451,51
1493704,43
1258825,47
1361685,45
1480130,51
1116522,376
1408421,387
1186097,397
1092362,384
1477329,1473
1453733,1264
1173815,565
1227706,493
1390410,2244
1133184,1734
1379437,47
1064876,79
1087207,82
1221083,114
1435425,39
1217777,41
1472769,44
1425021,42
1323453,38
1357754,31
1403993,79
1341505,57
1412612,52
1088156,21
1470729,36
1454734,32
1276891,24
1017785,27
1029297,24
1011377,27
1414821,157
1244720,159
1129605,171
1189914,157
1327944,152
1139728,152
1157061,193
1248368,203
1468695,176
1223120,156
1298566,37
1438231,38
1019113,170
1331921,153
1387698,28
1411389,27
1469298,44
1004343,37
1008761,48
1325331,42
1212642,116
1294647,120
1241369,127
1217149,116
1032147,141
1219775,135
1175440,154
1182013,149
1213041,140
1271942,116
1337117,32
1245831,33
1053654,31
1197171,27
1144802,25
1043869,21
1381072,25
1171071,24
1048783,20
1463108,235
1001682,234
1286957,243
1083317,226
1413058,254
1145683,230
1175281,277
1145346,306
1036709,377
1218544,328
1101610,342
1351558,372
1401050,416
1062617,375
1307656,371
1206410,355
1490925,397
1391911,363
1340955,348
1226464,307
1018136,67
1029029,68
1465478,69
1288816,63
1274958,62
1233905,59
1432851,69
1004906,68
1109687,56
1110286,156
1233965,160
1430108,152
1241891,151
1350034,326
1302694,245
1075807,188
1342142,173
1000429,167
1103152,142
1055930,93
1156896,127
1127311,118
1000085,110
1228116,115
1074082,104
1226267,105
1207668,89
1482926,95
1462202,78
1451314,136
1241621,146
1439785,148
1128198,152
1247376,156
1230053,154
1007110,182
1174598,188
1069511,188
1382684,166
1315755,294
1393509,310
1193820,326
1419813,292
1395058,288
1476749,287
1089646,339
1008397,307
1202688,284
1118090,246
1361990,146
1338782,148
1199873,156
1452537,151
1378521,182
1125415,178
1005390,219
1044864,159
1337110,181
1367705,157
1023497,312
1420872,351
1297788,348
1050978,314
1476707,370
1135907,323
1294289,412
1439672,317
1005400,321
1106965,235
1375660,89
1214818,59
1446657,66
1139069,65
1080378,64
1225400,63
1087184,71
1002928,88
1082837,95
1303408,75
1342222,308
1300602,301
1441282,303
1217675,262
1108498,279
1110838,274
1397560,323
1373044,287
1245969,283
1099449,233
1430079,31
1476280,114
1259451,131
1193717,26
1351136,27
1345768,35
1222106,35
1162888,32
1013213,439
1379891,370
1259771,378
1312682,360
1264722,380
1419650,357
1100432,458
1154554,442
1197778,406
1451525,314
1073524,716
1492503,695
1097156,702
1036028,668
1250001,1607
1450557,1516
1090506,812
1032054,777
1007532,727
1207482,575
1204818,100
1250170,103
1433375,121
1227077,136
1348980,95
1206710,88
1361864,117
1302647,123
1441050,117
1144575,100
1182843,117
1261157,113
1076108,107
1244122,110
1469746,161
1254766,156
1064331,107
1137161,97
1037024,86
1176682,64
1333742,45
1206421,48
1199447,50
1437393,58
1095013,70
1022502,43
1096667,72
1443356,71
1021862,79
1219773,50
1001694,38
1458319,39
1453928,37
1271876,34
1223179,33
1491332,34
1398619,34
1262833,90
1035721,125
1309705,118
1176972,100
1258259,108
1095494,97
1379760,113
1486057,96
1210597,65
1003757,49
1297446,45
1203897,164
1149983,198
1001057,49
1146776,43
1180036,55
1478663,52
1312163,53
1132288,42
1491279,168
1484227,161
1291300,163
1152408,159
1453476,333
1198342,290
1244347,253
1324684,212
1044984,194
1346952,162
1316400,190
1083200,298
1048200,239
1258790,252
1373316,212
1446348,187
1151739,151
1045943,166
1070522,155
1033219,128
1371044,110
1179641,98
1068951,102
1154773,97
1206027,111
1252042,91
1438934,110
1220519,111
1168203,108
1015629,82
1196482,148
1282002,170
1056173,165
1086341,115
1321524,118
1011877,101
1046443,128
1378361,122
1047794,85
1372137,75
1080908,312
1384303,294
1303454,297
1136324,255
1396390,276
1078618,258
1251281,325
1272811,290
1137638,276
1037638,224
1209858,551
1296504,988
1089951,598
1418192,538
1303765,603
1101167,572
1126491,2768
1346249,2306
1329704,545
1020188,439
1054299,70
1407581,60
1151268,60
1243764,66
1061269,44
1115069,47
1278926,50
1178509,48
1266557,39
1473804,39
1272751,188
1087871,162
1476514,166
1328253,147
1370622,151
1113809,138
1438925,169
1389329,181
1108768,163
1081595,145
1075131,286
1309581,300
1043060,300
1363133,297
1024818,323
1376229,263
1493527,332
1389102,339
1355724,347
1215039,285
1268331,428
1030648,419
1033468,419
1452010,422
1164883,482
1265395,456
1214244,596
1307226,667
1425834,681
1105463,560
1037477,58
1451848,56
1203271,56
1010063,53
1167197,48
1252536,49
1344470,49
1252711,48
1066432,43
1086268,170
1320108,156
1091017,162
1457179,158
1173309,179
1349037,166
1085442,188
1196756,175
1173632,167
1331567,150
1222963,264
1499679,505
1010515,272
1025362,259
1230047,279
1374924,243
1373130,2043
1381535,1769
1069435,265
1255737,210
1058344,357
1414470,351
1252992,356
1115685,502
1421486,490
1320342,525
1021911,517
1251776,398
1320427,147
1031538,146
1489660,154
1452051,103
1227420,102
1144362,98
1331426,114
1040158,107
1255792,74
1378330,65
1302794,86
1411915,104
1302369,56
1134484,58
1419727,52
1321403,69
1028769,59
1313984,46
1056035,63
1221682,70
1002568,65
1255054,61
1181530,57
1247660,47
1151461,56
1043385,55
1154027,61
1313337,62
1449237,677
1420866,711
1230996,738
1036444,739
1158613,1623
1317168,1546
1066661,1145
1385189,1013
1327428,2577
1212895,1970
1110618,154
1085758,185
1133637,227
1184081,253
1410147,167
1292973,152
1373391,123
1318034,121
1066826,108
1041770,84
1128915,76
1036796,73
1495717,67
1238113,23
1252052,43
1448172,47
1064804,36
1097704,34
1017698,34
1489247,30
1043262,63
1065768,66
1113838,72
1471676,80
1476130,85
1291979,55
1394751,79
1393045,70
1448276,49
1370348,45
1286862,197
1442399,134
1489786,40
1129044,33
1379305,53
1216016,46
1228377,55
1387910,39
1352055,171
1426244,168
1123307,172
1187131,172
1016479,167
1478596,172
1394265,206
1162586,186
1058953,183
1276377,159
1360068,85
1371280,86
1023669,83
1219542,79
1316408,72
1013880,64
1064488,73
1079799,70
1427116,59
1215881,45
1417277,192
1206235,199
1105979,204
1299770,200
1472997,214
1247176,195
1035903,236
1016929,254
1100790,269
1479035,218
1474849,344
1429831,343
1298145,365
1009025,334
1219314,337
1019977,328
1326829,404
1343998,367
1052262,359
1402114,295
1184166,154
1100491,164
1173954,175
1102454,168
1014336,155
1386947,154
1488697,187
1036702,196
1098488,163
1359565,148
1254718,160
1096729,144
1369718,150
1217617,150
1286578,149
1437847,130
1322492,150
1309498,140
1137040,131
1461366,105
1343254,138
1106393,170
1440560,159
1229099,152
1141119,150
1076364,135
1344236,158
1264716,136
1145320,150
1227743,109
1228572,337
1435819,329
1041203,340
1328928,340
1331644,346
1058015,344
1082947,391
1238939,405
1158689,407
1321731,342
1146271,334
1265318,334
1482215,370
1033033,301
1056742,338
1312218,307
1156082,398
1014030,372
1335399,362
1218567,298
1408337,271
1288784,265
1178037,275
1322672,269
1126772,465
1021990,452
1024324,412
1066118,343
1389581,321
1174172,262
1263405,417
1094102,403
1111871,401
1328174,390
1353691,414
1333805,385
1481693,467
1277844,388
1327740,363
1180851,270
1489645,344
1297802,146
1439742,174
1261421,166
1294183,170
1395845,174
1052419,193
1373422,223
1420267,238
1262326,195
1094044,466
1201394,445
1428524,434
1141719,370
1385522,412
1083350,399
1443671,481
1453498,447
1107034,411
1388982,361
1348122,43
1195043,123
1023820,126
1277956,40
1326556,34
1338236,50
1328575,45
1281640,52
1273491,39
1068138,136
1232383,138
1198565,152
1013266,105
1172129,115
1239868,95
1177634,119
1094700,132
1010401,80
1374959,74
1261815,317
1205802,209
1158437,219
1185619,186
1387699,212
1241704,186
1215503,226
1239569,216
1026880,197
1144032,134
1183974,155
1141626,155
1366149,166
1291788,150
1102782,280
1354607,271
1487646,191
1042342,173
1113528,143
1356527,113
1218491,62
1484322,63
1151767,59
1379516,89
1093013,86
1131842,76
1379192,60
1164653,27
1293396,29
1272003,27
1037765,45
1001642,42
1414348,26
1143714,23
1471305,20
1133739,91
1008228,82
1240884,90
1411585,74
1497767,79
1401894,79
1209535,98
1456302,107
1246946,97
1147337,74
1177147,15
1051057,14
1233695,15
1239403,13
1060753,31
1119891,50
1069032,55
1229488,51
1055325,48
1390803,50
1475741,46
1278947,35
1388606,33
1371081,85
1222683,61
1241053,19
1203040,16
1190765,26
1271271,16
1303527,21
1389418,27
1053095,26
1365299,27
1406978,51
1371746,70
1241146,76
1389119,95
1431115,57
1457241,38
1424409,46
1335563,39
1401836,30
1266690,24
1478944,65
1438086,70
1368420,54
1289617,51
1405882,80
1004738,63
1305073,70
1005418,60
1423957,56
1132799,39
1023989,130
1005046,129
1348128,136
1150426,120
1079960,121
1141648,113
1056058,148
1310662,129
1205504,111
1128779,81
1399692,138
1110338,287
1344252,122
1433165,119
1359495,129
1221849,120
1465226,904
1141860,865
1208459,119
1278981,103
1455218,15
1312752,14
1226109,13
1146029,16
1080487,13
1053540,186
1134540,146
1102820,147
1029112,136
1252841,135
1447963,115
1345192,133
1487792,130
1167627,131
1294557,99
1004475,32
1242141,34
1385315,33
1234172,36
1144864,35
1311445,41
1030912,34
1493213,26
1243020,273
1433764,294
1124103,273
1031825,265
1437782,321
1087645,282
1185456,359
1450862,381
1465438,380
1035890,267
1453860,13
1041241,85
1110918,79
1323227,75
1136649,77
1456699,99
1366403,95
1324878,100
1049721,89
1326657,84
1478019,63
1393811,51
1207811,185
1106883,56
1258707,47
1145823,54
1359971,768
1368559,762
1373869,98
1424334,68
1416839,217
1218844,218
1170492,208
1091303,215
1367373,236
1241826,210
1023270,261
1495450,270
1383578,281
1482218,204
1444590,29
1399766,32
1115507,27
1273428,22
1242533,23
1053728,22
1269124,23
1300935,22
1498558,23
1339600,24
1120015,24
1448047,25
1058173,28
1439659,27
1072117,158
1318647,164
1421019,174
1477029,157
1013006,631
1278451,511
1109484,218
1107714,301
1168641,748
1499828,553
1470180,33
1107668,49
1040244,62
1337508,80
1287186,73
1099744,29
1283746,36
1444198,35
1202765,28
1199433,22
1080300,35
1486308,19
1059653,22
1474599,16
1384693,65
1322554,61
1178760,77
1280994,63
1169970,67
1215801,59
1373619,79
1093145,79
1293553,74
1059909,59
1045506,18
1195197,56
1165390,59
1185989,13
1309434,12
1247782,64
1155368,67
1150198,62
1287438,76
1473418,67
1473086,83
1415610,76
1323180,67
1060321,58
1008295,24
1406013,22
1161177,22
1375519,18
1090722,17
1048023,16
1443046,16
1148002,16
1238277,13
1172788,64
1393553,71
1035358,68
1299647,66
1272919,70
1334372,55
1159056,85
1302378,100
1190534,90
1011587,60
1268964,176
1082167,221
1462810,245
1311154,191
1364772,249
1193167,193
1180673,256
1139384,213
1445987,194
1324588,161
1415824,91
1363283,98
1419755,80
1086173,79
1413277,110
1016959,86
1483464,96
1395407,91
1158140,84
1167044,62
1473056,85
1248411,106
1087749,89
1270524,87
1470352,90
1047720,68
1296849,97
1433596,68
1078212,72
1075257,49
1171351,42
1283654,42
1123687,42
1304243,41
1484480,37
1135766,48
1267957,52
1050543,52
1144794,37
1326956,129
1188873,154
1112492,176
1413955,166
1259051,181
1478797,147
1196861,178
1337536,160
1244907,145
1088470,119
1139397,45
1342523,45
1218415,47
1332894,47
1115820,57
1310215,53
1438038,70
1301300,49
1207357,54
1049307,43
1489999,185
1333839,184
1394740,189
1208062,171
1105498,206
1345238,161
1171401,202
1186923,161
1405756,157
1352556,116
1210059,57
1349592,33
1391378,58
1290510,38
1169717,117
1166085,118
1142943,124
1091779,103
1457944,98
1452906,95
1420162,118
1331177,105
1081036,91
1230194,72
1289562,67
1494991,77
1330838,18
1111071,22
1390004,259
1131461,193
1355543,190
1346717,155
1299881,187
1407705,167
1295754,205
1383355,220
1466509,182
1119188,152
1033089,459
1318359,474
1298800,485
1321396,413
1068992,964
1142258,825
1272163,571
1187745,519
1156399,490
1044889,388
1057232,48
1320833,54
1369479,47
1006298,55
1064762,40
1129316,60
1035694,65
1470238,74
1083401,53
1370288,49
1375236,65
1295197,63
1376197,57
1113687,56
1041821,111
1108999,94
1171733,55
1416057,53
1195673,46
1227566,39
1319822,53
1473225,66
1002219,56
1427842,44
1356650,66
1312521,58
1343939,62
1224754,68
1361200,63
1375139,58
1261700,31
1432738,31
1316698,30
1180814,27
1168545,27
1321009,27
1424621,72
1210629,83
1141894,87
1457583,74
1375272,66
1475274,79
1318787,58
1115387,50
1354710,36
1117073,29
1021595,130
1153428,124
1153751,32
1436928,33
1054276,43
1037192,38
1026121,39
1281292,30
1342195,73
1384634,69
1360973,72
1448657,71
1210194,91
1463652,87
1356887,104
1456771,78
1005761,83
1263233,71
1081095,131
1295977,147
1490516,156
1045075,210
1484827,117
1336250,71
1158108,82
1336818,75
1433602,65
1330516,55
1119881,87
1489802,88
1161807,85
1483303,82
1017142,116
1063060,94
1066390,105
1199793,93
1285908,83
1014062,67
1090029,80
1100027,84
1168048,84
1122277,81
1239782,85
1274801,62
1150293,82
1050718,80
1187229,57
1481854,53
1115935,216
1379826,227
1034449,231
1494433,203
1314973,199
1299718,199
1050411,244
1313326,206
1457605,191
1028118,157
1163547,363
1222222,962
1144242,360
1092325,347
1271702,431
1149836,389
1345268,1671
1261549,1667
1220364,381
1098869,298
1098789,33
1463302,29
1151283,25
1417011,26
1004415,25
1025892,26
1295957,25
1256602,189
1294220,120
1119592,119
1280859,105
1375368,116
1130751,100
1273306,120
1040504,125
1282341,125
1070446,89
1198253,199
1095728,200
1212520,202
1421593,203
1288418,208
1311286,199
1289986,236
1421436,248
1379297,245
1206791,202
1161084,320
1351984,324
1196384,313
1231951,330
1004647,363
1441493,337
1337172,545
1127689,518
1321298,530
1475476,382
1449997,26
1258363,27
1058379,25
1407103,27
1453903,27
1281020,27
1431191,29
1194658,131
1029622,130
1317286,131
1226194,118
1239666,144
1088324,121
1144598,133
1085401,121
1230963,124
1286715,100
1089771,195
1390452,404
1095968,218
1070305,201
1183331,202
1327461,187
1069534,1525
1292884,1417
1133018,199
1134748,147
1401228,265
1495883,251
1186113,261
1452283,254
1478258,277
1197751,261
1124970,323
1131633,358
1414498,368
1453888,254
1209279,71
1373404,84
1013139,80
1340194,62
1129388,65
1441579,54
1335268,64
1128265,66
1136500,47
1246191,39
1276289,77
1435279,67
1162830,62
1073000,46
1401183,51
1072044,47
1035271,51
1085183,49
1176711,34
1395665,42
1070135,45
1463031,27
1483255,26
1318108,34
1413088,32
1375547,33
1398482,30
1140432,36
1157084,480
1071457,454
1355774,471
1265739,497
1074567,850
1448820,1066
1348391,710
1427610,639
1400131,1832
1405867,1302
1228200,90
1057561,116
1080973,101
1041492,126
1027189,61
1475924,58
1310318,59
1010555,54
1467609,46
1321932,41
1356983,67
1262915,43
1242479,43
1016202,21
1130121,31
1200066,27
1290975,24
1353668,45
1394143,44
1065122,53
1128401,46
1353148,43
1377111,45
1091560,60
1357578,67
1332402,80
1031326,50
1276097,25
1284109,25
1267460,124
1198100,107
1270388,24
1308702,33
1280892,102
1362773,107
1288832,133
1326830,105
1251729,122
1062043,123
1419475,125
1166145,114
1291777,107
1457955,87
1346194,57
1325434,53
1269059,52
1179248,44
1376126,41
1308022,36
1370470,39
1487779,39
1141792,31
1245821,25
1493372,98
1015693,100
1397319,100
1361853,159
1037616,162
1069003,113
1429561,132
1379641,157
1380619,155
1305515,120
1101987,318
1047110,324
1339318,334
1479870,321
1220382,311
1470691,291
1284825,364
1242012,310
1166976,316
1146827,245
1039223,85
1061702,82
1148419,82
1357744,80
1317350,75
1485381,74
1459186,80
1159770,95
1477445,71
1469635,66
1174890,87
1292473,91
1188656,90
1384836,85
1216650,157
1409048,111
1246782,111
1068780,97
1147387,90
1296580,76
1002279,95
1166240,83
1243150,92
1388951,112
1386008,99
1224735,95
1142767,104
1362483,89
1098955,78
1239456,52
1152313,137
1293336,147
1430932,150
1300078,152
1284526,146
1078971,140
1427939,173
1066486,187
1185418,185
1141599,155
1400215,222
1247779,221
1190162,239
1355682,220
1441240,227
1399620,215
1169123,257
1002043,237
1358854,229
1237549,186
1177959,163
1159030,171
1315155,169
1030152,177
1022652,207
1403044,208
1261360,265
1250564,185
1412208,223
1481851,174
1146927,223
1309361,225
1466185,240
1061824,198
1151262,267
1319965,201
1140038,268
1483664,199
1104312,211
1218581,136
1260659,186
1171808,92
1325488,118
1441608,114
1108947,127
1322938,125
1026148,139
1073403,166
1296867,181
1374201,138
1188533,264
1464491,271
1364844,262
1194071,231
1292957,243
1351452,237
1330418,282
1349506,253
1107763,241
1071025,190
1451749,29
1141262,27
1426163,113
1416107,119
1109049,27
1469962,26
1048165,36
1400718,35
1032396,34
1172572,28
1464617,76
1034668,75
1487535,73
1152696,83
1389891,66
1261414,61
1397480,72
1104924,55
1168000,55
1373268,46
1072684,406
1103729,371
1207433,371
1105905,336
1359815,378
1222246,332
1452554,436
1238125,466
1101607,408
1472622,314
1080956,498
1044579,458
1250099,483
1049132,441
1230152,997
1274608,1237
1222984,579
1245282,543
1419732,506
1356967,396
1357398,160
1377246,175
1416156,137
1007490,157
1244788,120
1294502,150
1083790,193
1240964,188
1353443,211
1404746,174
1495669,95
1363126,86
1194682,82
1249099,71
1169404,79
1389391,67
1228033,89
1356727,94
1063529,94
1123761,94
1217656,47
1473669,49
1309566,45
1087211,41
1172247,112
1354486,65
1422321,42
1331642,45
1030455,40
1320982,32
1322377,92
1337290,103
1196913,86
1460320,81
1153742,85
1462187,86
1478440,117
1329534,127
1221070,110
1030670,95
1047663,20
1097854,18
1115528,17
1440671,16
1243528,57
1331317,78
1473731,79
1261584,64
1017120,76
1414341,70
1390714,78
1111735,60
1113139,64
1382163,41
1077114,175
1363975,195
1421658,178
1308751,162
1092608,191
1337744,106
1463499,275
1160082,284
1370253,287
1228452,205
1372445,92
1460621,96
1057891,100
1305397,102
1147034,111
1367941,116
1222993,123
1353139,149
1386779,157
1147372,137
1474421,28
1490720,35
1005087,164
1087532,197
1232497,26
1179522,27
1172252,133
1258413,138
1028216,140
1212479,149
1258609,192
1411597,191
1344894,232
1340890,151
1294652,170
1221638,142
1013719,83
1048034,146
1359469,148
1025208,187
1420334,132
1123336,61
1127683,78
1427154,71
1374026,74
1224238,55
1281588,75
1058708,63
1249152,63
1496799,58
1368119,139
1065633,121
1181948,84
1403753,84
1242671,76
1141635,60
1134020,63
1200607,78
1414515,85
1063015,77
1195031,65
1385813,58
1052650,72
1288831,71
1338846,51
1363882,377
1012992,393
1127841,385
1145990,278
1058431,334
1086764,315
1470381,406
1209282,359
1475925,337
1034380,278
1467152,461
1465667,1240
1226596,415
1230945,426
1132296,470
1288951,428
1312949,2960
1079710,2606
1402174,360
1200214,325
1441014,34
1294079,29
1245940,30
1262561,25
1228009,21
1042616,24
1455308,22
1349678,275
1324969,268
1372061,284
1479677,246
1004495,258
1150150,255
1228822,298
1358085,336
1406245,320
1263663,136
1232131,176
1163541,130
1073589,160
1127608,168
1430822,192
1123111,179
1039277,210
1148728,254
1206354,189
1491344,71
1245780,73
1150550,65
1296322,77
1363297,76
1022421,73
1374992,81
1290071,96
1360420,98
1354178,83
1092576,74
1016837,72
1146781,73
1270326,69
1489539,72
1268557,73
1154429,86
1476508,105
1234783,83
1432128,76
1224992,521
1311411,544
1058810,541
1180280,536
1171237,605
1345370,570
1361205,698
1020415,715
1490702,733
1214923,634
1460611,28
1213443,28
1054892,29
1458950,27
1042596,28
1289149,142
1062037,141
1021922,131
1246387,128
1050369,303
1301966,239
1203616,175
1280359,154
1105804,148
1258734,137
1438001,169
1056305,1523
1275552,102
1200793,129
1020858,149
1050581,137
1348257,2490
1264375,2097
1489838,310
1442240,112
1268353,288
1295313,300
1086365,296
1072664,269
1271325,312
1468915,288
1396555,360
1082289,366
1471863,377
1288038,293
1302415,47
1126786,44
1317399,46
1371275,39
1459796,34
1439681,31
1366611,37
1031204,35
1483452,31
1476539,27
1410483,34
1491036,37
1269485,67
1233924,36
1477973,62
1235360,36
1331407,52
1358318,41
1025989,36
1043811,67
1415501,525
1049470,497
1266052,536
1074993,538
1430441,1836
1307721,1757
1478265,723
1268385,652
1103038,2229
1332843,1532
1073519,48
1461040,104
1471285,90
1040724,114
1249171,96
1452081,36
1146258,51
1044017,50
1006107,62
1221523,34
1344385,97
1436547,53
1192028,61
1028423,41
1021459,39
1391751,35
1058107,34
1029816,41
1202457,90
1325872,86
1006258,121
1482596,97
1477781,87
1043154,105
1099878,131
1233810,118
1032702,110
1480809,213
1038990,246
1410350,43
1087974,42
1360174,33
1471735,36
1139762,190
1480807,187
1251882,202
1042128,192
1440519,215
1417530,187
1484259,233
1253370,210
1018465,192
1029599,170
1361099,59
1072658,56
1217898,58
1231107,45
1293246,50
1228135,41
1415887,39
1426026,39
1362004,32
1375131,25
1298212,66
1157067,64
1295122,64
1274216,65
1252812,66
1088086,62
1261754,71
1333671,88
1318074,85
1232469,164
1183342,169
1029141,162
1387433,148
1038005,159
1412517,154
1358836,173
1099898,189
1323584,193
1009805,167
1159227,213
1223342,238
1464888,253
1450801,248
1493470,229
1377169,221
1032774,272
1456120,255
1210638,251
1042424,193
1350192,84
1440033,88
1351402,87
1114529,94
1432643,99
1293693,93
1293367,79
1383338,95
1003354,87
1154695,79
1136004,100
1307097,97
1071750,105
1390124,95
1013355,140
1475975,152
1437293,104
1243092,103
1369093,105
1145169,89
1063825,86
1295983,125
1459115,114
1131911,99
1143573,116
1115937,101
1452274,114
1086585,82
1254545,95
1497981,81
1416559,73
1125481,82
1276151,86
1370194,87
1357541,88
1079050,82
1165645,104
1217413,109
1092817,103
1277293,229
1485183,268
1094380,296
1315060,259
1493552,249
1434384,302
1019990,306
1279847,275
1089493,269
1439739,222
1189064,77
1361970,95
1308459,95
1336379,88
1024127,109
1485280,120
1146264,152
1163887,111
1050678,129
1198759,106
1342993,426
1055560,386
1107812,391
1267000,404
1163620,431
1062556,422
1029070,529
1035424,377
1039304,389
1355785,293
1252840,85
1170057,45
1380376,53
1441462,55
1053752,63
1337074,55
1116914,61
1234605,83
1040269,97
1326502,79
1242600,238
1271366,238
1125915,231
1473338,200
1349036,206
1100265,209
1350569,257
1466616,214
1379221,204
1326947,162
1473813,31
1395873,28
1027495,137
1002997,119
1452915,21
1239630,37
1069886,27
1151908,54
1401512,52
1333316,57
1070294,63
1171212,69
1152269,51
1372888,63
1425235,64
1446660,40
1365220,35
1106438,420
1149208,339
1053587,355
1470456,312
1447078,358
1049813,315
1221830,456
1032394,417
1141538,381
1367679,281
1272720,313
1481022,304
1212344,359
1222203,300
1318349,786
1120074,697
1065792,429
1313139,574
1400723,346
1344090,268
1461237,81
1086120,80
1232933,81
1317953,73
1153701,74
1457380,77
1177992,91
1243007,100
1132306,95
1102349,78
1479142,52
1380922,52
1330549,51
1285430,45
1163892,111
1175194,89
1471675,44
1425334,44
1128357,39
1219427,30
1493677,97
1395010,93
1247358,127
1240240,86
1259542,97
1218111,87
1336611,128
1303301,124
1012579,115
1153179,102
1118587,17
1026154,17
1426628,14
1395715,16
1216068,44
1258714,75
1216185,62
1427998,66
1368745,53
1221546,51
1086371,57
1392642,27
1447408,36
1206105,121
1268836,122
1286111,58
1198552,21
1388970,42
1346514,36
1441521,34
1247480,54
1490597,52
1000213,65
1019871,62
1346793,79
1321968,53
1163208,60
1238200,51
1079007,67
1402048,116
1020825,120
1324304,113
1422884,58
1395107,48
1315511,55
1280458,54
1016568,47
1389176,37
1187665,111
1016028,110
1462415,106
1020336,105
1316569,128
1383376,132
1429395,121
1353028,116
1143026,93
1009102,124
1022584,115
1020358,94
1330506,102
1137539,88
1028018,82
1163862,92
1230530,81
1131155,69
1090713,62
1179951,227
1457723,228
1306822,247
1169520,214
1497732,228
1165065,210
1004518,271
1216801,224
1167114,211
1327982,185
1315764,442
1237251,671
1465135,436
1205005,378
1121434,457
1440825,418
1023350,2364
1084568,1996
1207158,427
1489889,321
1171684,29
1099028,27
1145845,25
1076297,24
1322331,23
1243217,23
1429661,22
1197131,21
1176424,22
1416093,166
1442196,131
1020213,146
1302699,118
1364586,124
1303163,109
1180229,148
1341997,159
1147960,163
1305871,120
1239839,128
1160158,128
1208555,130
1060804,127
1074276,127
1433675,117
1301442,142
1012153,156
1283463,163
1011568,132
1487991,540
1173983,533
1455460,549
1093777,579
1284038,643
1398418,601
1100317,795
1050205,806
1355831,892
1205352,691
1117812,16
1187507,16
1011457,15
1269505,17
1092093,174
1272876,162
1383303,158
1458502,151
1023747,186
1069991,161
1471500,182
1476176,156
1350709,148
1335032,127
1076879,368
1062656,824
1426834,364
1458426,328
1329563,337
1486783,315
1460257,2092
1021535,1858
1299660,249
1355379,198
1460540,284
1109530,298
1140660,288
1015607,296
1039868,330
1179336,302
1156949,391
1416864,419
1229607,447
1488828,347
1357349,82
1444390,79
1063846,70
1146800,74
1178839,64
1257808,66
1279711,76
1173475,70
1142151,48
1453811,45
1127057,55
1373401,48
1418621,26
1464167,26
1099840,26
1441363,29
1009825,26
1486357,25
1078903,23
1337962,60
1376906,60
1218064,48
1104338,40
1079072,28
1304812,29
1125197,34
1422466,65
1352120,37
1047024,383
1102777,387
1083061,453
1251353,403
1149589,997
1097127,909
1495930,772
1385548,677
1215768,1318
1414645,1118
1068176,39
1364233,63
1364564,67
1423013,86
1116729,47
1123237,30
1232919,29
1230330,29
1142498,55
1389988,36
1215805,34
1034507,17
1036452,32
1175443,21
1337742,19
1010245,22
1288211,21
1267896,21
1346875,106
1199426,92
1240750,114
1138618,128
1149289,108
1102916,102
1017666,127
1106702,134
1487597,128
1098178,108
1331327,34
1462161,30
1073905,117
1000380,125
1138868,20
1033486,24
1257642,32
1047803,30
1246340,31
1014026,151
1315279,149
1188897,163
1165067,160
1065299,164
1010051,162
1435027,184
1196131,170
1197288,164
1251652,142
1439531,32
1496216,33
1186355,33
1177200,28
1455577,28
1090001,25
1208761,26
1226903,26
1423338,23
1103810,21
1421075,64
1210247,68
1322916,77
1385551,89
1189895,94
1358912,77
1134301,99
1337366,113
1024231,106
1081336,89
1334406,193
1312641,197
1478725,218
1330625,239
1322160,198
1493176,196
1401269,238
1322867,218
1119772,216
1046510,180
1150288,83
1324267,86
1441751,83
1390749,85
1181666,109
1036614,98
1004792,98
1391550,92
1163155,89
1413929,75
1205702,54
1454933,107
1220578,107
1343850,97
1387572,86
1117169,72
1209150,99
1019692,71
1441344,64
1254542,128
1136802,133
1176603,140
1340138,138
1321675,138
1214676,136
1294408,167
1361085,182
1487225,177
1476364,149
1396170,196
1439116,206
1029205,212
1340752,191
1401840,196
1329672,185
1147453,232
1017140,215
1295838,207
1422043,173
1105195,53
1205040,54
1240058,58
1365659,57
1222239,70
1370409,66
1273441,87
1262804,74
1175785,74
1422436,60
1187958,259
1109561,252
1434574,288
1033891,239
1424493,280
1188565,246
1089009,280
1447457,235
1192636,238
1227524,150
1478225,84
1415631,42
1455622,63
1260616,59
1142328,54
1181346,58
1496795,59
1093473,90
1033302,90
1226646,68
1143077,229
1117887,229
1167183,229
1389242,200
1238107,198
1466306,201
1250420,248
1271945,212
1181613,202
1066252,164
1374036,19
1492052,84
1316849,51
1161969,14
1255438,28
1437428,23
1142607,21
1010649,20
1102030,78
1117071,80
1175372,85
1095747,65
1179084,70
1074971,58
1167812,89
1229440,59
1414406,65
1271005,47
1224868,168
1497155,144
1330797,147
1280679,140
1299109,135
1078691,117
1102864,138
1377131,154
1045486,126
1271657,89
1013278,266
1163568,324
1035134,328
1453924,298
1242112,653
1328774,683
1482353,379
1046966,324
1276295,281
1253177,207
1260226,38
1411677,33
1250015,35
1337063,31
1043837,38
1308940,56
1458855,52
1263616,40
1367996,29
1473223,28
1410509,29
1201828,28
1029994,25
1132590,48
1283691,41
1320652,26
1347707,25
1024189,25
1401716,22
1273502,26
1059327,27
1125014,37
1174617,31
1311410,45
1163684,29
1396950,51
1264284,38
1287395,51
1199233,33
1238242,15
1399512,16
1081462,15
1383858,16
1449012,15
1146539,26
1225650,30
1387823,24
1025159,27
1389919,136
1366353,162
1462136,21
1329665,33
1230382,30
1311631,22
1368971,68
1253684,73
1083443,70
1493905,69
1217220,87
1147901,85
1166225,108
1073327,72
1428894,78
1220082,60
1476123,53
1227002,88
1354703,89
1157900,104
1133698,42
1222949,39
1349351,39
1085992,39
1402411,35
1168970,27
1000121,45
1309103,46
1030633,44
1021972,41
1187246,52
1285859,51
1120598,58
1027293,53
1345841,47
1172393,37
1005855,108
1244463,107
1262324,92
1230360,64
1426771,74
1169581,67
1440278,82
1406927,64
1473278,52
1224295,136
1232647,122
1159985,125
1439329,111
1371825,122
1308807,110
1056665,142
1355328,129
1033485,117
1167571,85
1250796,308
1071801,550
1429716,300
1106133,268
1435076,337
1262025,315
1227005,1538
1242523,1361
1212286,285
1459181,226
1427098,15
1312958,16
1014001,15
1481946,125
1452327,71
1097734,85
1134494,72
1162121,79
1294270,67
1363905,86
1465173,107
1120799,97
1313703,75
1484433,113
1348987,117
1178504,123
1242843,121
1258554,116
1270294,112
1051906,137
1107709,127
1322690,134
1366614,106
1117909,413
1387886,403
1344564,383
1155339,409
1270105,455
1299390,423
1402691,533
1435663,554
1499834,642
1185266,510
1237110,16
1116388,16
1106605,15
1473729,15
1166622,16
1029223,15
1018802,104
1030588,100
1230579,102
1000916,99
1163834,122
1062420,96
1037052,122
1302226,105
1005678,106
1095882,78
1313401,164
1401641,304
1146686,196
1343078,157
1376033,155
1259435,149
1131938,1015
1415856,949
1452412,139
1472537,115
1214618,288
1364865,292
1133180,288
1008164,297
1166614,323
1204365,303
1426744,370
1145434,395
1302570,398
1158968,282
1056709,44
1211183,45
1403943,43
1474539,38
1150521,41
1330860,44
1049031,40
1108108,33
1030576,27
1233091,42
1389024,36
1412346,26
1386934,32
1121174,28
1323222,24
1213475,22
1403371,24
1126656,19
1046942,26
1298678,23
1370968,50
1111518,22
1083594,296
1171318,280
1081759,320
1338433,270
1020719,931
1191824,874
1054201,404
1408379,340
1352836,1161
1126752,879
1068042,43
1268785,51
1489368,57
1060922,72
1292555,44
1215011,26
1114342,31
1174381,30
1398181,26
1267040,46
1213543,26
1491297,21
1487429,24
1321137,22
1152850,23
1449044,22
1293409,21
1420343,18
1216168,52
1393536,58
1172903,55
1040248,50
1027819,49
1302314,60
1380981,60
1496803,60
1315046,44
1232718,22
1420003,54
1391562,23
1009784,19
1055315,28
1454173,27
1281401,75
1097202,69
1132518,70
1291236,66
1406117,76
1346714,77
1191410,82
1275019,75
1250849,68
1451903,57
1430887,33
1298742,32
1390131,31
1419763,27
1070037,25
1081843,29
1091185,26
1089335,153
1018974,151
1089923,159
1061591,155
1372023,158
1089056,152
1443312,174
1165874,191
1441628,240
1188416,189
1289201,121
1275470,102
1119919,108
1063131,104
1320694,98
1188527,100
1004507,121
1109296,110
1045706,107
1154017,77
1249671,88
1135295,83
1265976,86
1385434,84
1155714,85
1430856,80
1148716,93
1404257,91
1426656,86
1008950,73
1129558,51
1491166,59
1138952,62
1054087,54
1288016,58
1440743,59
1355736,75
1409385,67
1412256,65
1408387,42
1170902,56
1278003,55
1430621,40
1096892,42
1095830,45
1156213,39
1480615,43
1188126,35
1178819,21
1230380,173
1346678,168
1277900,173
1420768,168
1206978,166
1175333,163
1488302,195
1355175,205
1190308,192
1161328,155
1124650,124
1022714,100
1295553,104
1401083,98
1173065,101
1198959,95
1054906,117
1181597,108
1468666,103
1486532,81
1240209,132
1182135,140
1212347,146
1192604,151
1453727,178
1344150,183
1293329,218
1247615,146
1230168,171
1218623,137
1106482,186
1224475,199
1008740,195
1413584,184
1072859,212
1136158,177
1278807,211
1499074,181
1120923,175
1370620,118
1368711,115
1210049,69
1043535,82
1446240,82
1092746,80
1399286,82
1277933,93
1104911,106
1483091,114
1265203,90
1233669,231
1090616,224
1384865,223
1195450,200
1044873,193
1370005,196
1433199,233
1117633,203
1357097,193
1034463,155
1018868,23
1160479,89
1498867,59
1486013,19
1088819,27
1055319,27
1433933,29
1188123,21
1373011,93
1239312,93
1203643,91
1165037,89
1474320,92
1220537,77
1426208,105
1009398,120
1244519,96
1469983,53
1026366,121
1368308,120
1065778,181
1119688,83
1360028,200
1497401,210
1181755,110
1339401,115
1098229,99
1079642,78
1240618,103
1454523,103
1127908,110
1137267,94
1432625,94
1090433,87
1173379,106
1020333,123
1261895,114
1356790,82
1111869,21
1464999,24
1291641,25
1238288,44
1398779,42
1382490,22
1313356,154
1098373,151
1445551,171
1161659,145
1234799,146
1430511,142
1118431,182
1302929,183
1019797,160
1292764,127
1185766,14
1401710,32
1134227,30
1322698,17
1005828,21
1148634,17
1401112,20
1396750,23
1265951,20
1386843,105
1004313,118
1041032,103
1370332,125
1482514,61
1497233,59
1178054,68
1369446,62
1284559,53
1300214,44
1269393,125
1092013,113
1102465,122
1237518,113
1354195,133
1438434,109
1033807,124
1395793,122
1038462,117
1346626,94
1423116,168
1009513,174
1170173,166
1425176,142
1137715,157
1359285,151
1193489,186
1377436,155
1487481,145
1098551,122
1187281,536
1430870,933
1410217,509
1048131,464
1364347,559
1117008,879
1328770,1901
1345869,1338
1071799,479
1330035,392
1032173,15
1495208,14
1383002,15
1402872,47
1435861,45
1178853,45
1122331,50
1240938,36
1296533,58
1466523,61
1334815,56
1308211,21
1256813,26
1266863,23
1296573,26
1493672,23
1183189,22
1402501,83
1305350,84
1416500,74
1061620,96
1356623,101
1135009,85
1039371,120
1358442,143
1330108,144
1368952,106
1462550,14
1369178,14
1127368,15
1115599,131
1038256,102
1331730,118
1497225,111
1081286,128
1304131,104
1481379,121
1169752,120
1302845,115
1195185,83
1149992,266
1122208,803
1460719,301
1378323,254
1256770,262
1422410,331
1345825,936
1246051,1183
1090476,233
1450161,205
1356370,97
1245069,80
1295639,93
1305904,96
1292177,108
1317384,101
1121211,118
1021640,126
1210569,124
1442046,88
1321821,23
1064144,22
1453686,18
1167008,16
1039041,17
1498885,14
1184297,12
1093750,32
1450524,25
1318369,36
1076401,50
1343116,29
1145496,22
1351476,283
1052953,286
1076286,322
1093380,278
1261614,1010
1255779,669
1444017,442
1275886,390
1248091,1255
1182264,658
1338299,48
1369916,66
1102096,63
1095800,21
1198327,34
1250772,33
1160375,26
1107432,23
1060946,36
1042183,29
1369620,21
1122156,16
1175348,19
1363391,17
1063775,105
1495203,95
1101411,105
1092440,92
1145502,96
1466400,87
1079464,111
1049098,112
1142848,117
1213627,78
1343897,19
1036537,31
1243770,44
1180979,18
1039804,15
1369285,22
1054396,19
1278952,17
1377409,190
1360361,195
1377051,207
1164969,195
1140859,203
1291354,198
1358775,225
1346906,203
1013720,184
1292460,156
1244578,38
1474430,39
1322499,64
1365197,40
1362232,44
1371779,37
1264908,49
1458255,65
1348866,55
1013564,40
1247790,380
1475065,345
1091144,375
1401772,318
1055430,340
1216862,348
1087415,419
1363888,351
1353104,330
1281332,266
1006892,19
1498669,20
1181152,18
1246156,20
1185338,20
1179564,19
1271415,131
1079926,118
1491328,129
1370913,113
1150110,136
1289002,105
1154816,129
1161426,121
1425253,118
1055652,87
1366540,26
1466142,27
1282021,33
1471786,30
1471184,30
1158034,29
1044415,38
1190027,35
1025744,31
1449443,375
1091600,344
1252477,365
1368442,319
1061735,346
1141220,336
1014144,401
1228466,344
1235177,332
1463183,260
1198427,31
1362374,28
1319966,34
1076970,31
1072338,42
1324663,29
1099626,66
1184336,70
1239385,81
1367023,61
1220533,84
1268409,67
1409006,87
1365750,73
1155946,59
1049715,37
1140522,21
1308262,28
1075712,33
1318240,37
1046741,26
1442998,89
1143694,102
1499298,108
1351721,90
1336045,78
1416593,87
1493857,111
1105475,127
1449195,83
1093850,70
1340596,19
1011398,31
1103720,14
1067294,16
1046037,582
1165089,565
1065795,539
1046290,523
1158811,576
1485195,524
1263562,621
1450493,728
1081449,669
1280539,547
1222518,725
1395897,708
1491382,694
1027914,681
1159704,2052
1256817,1767
1227051,822
1191531,733
1284327,708
1423686,603
1049725,201
1215092,243
1495796,215
1438076,209
1128271,139
1481158,234
1063232,258
1057013,311
1367340,323
1093991,254
1351594,123
1370272,136
1485920,132
1020051,110
1102709,113
1069020,112
1072489,159
1428154,157
1119021,148
1294168,144
1428679,72
1018876,76
1286035,68
1189314,58
1401061,169
1408505,105
1256086,59
1471256,63
1046971,52
1339604,42
1004476,121
1179367,125
1282419,131
1314155,124
1480818,120
1213921,115
1054327,152
1402384,156
1489585,156
1284450,142
1095362,44
1295510,47
1079425,40
1127426,39
1492121,36
1275922,40
1444429,39
1028719,36
1234695,32
1157221,77
1279092,120
1177494,118
1087017,95
1466728,89
1439667,99
1360145,117
1419779,87
1433653,98
1163712,73
1187024,323
1441270,336
1477046,275
1323027,332
1411082,363
1195466,321
1263804,440
1062879,475
1008287,408
1456652,331
1277897,158
1496861,163
1070216,163
1136807,159
1244852,168
1122945,168
1042841,190
1283397,221
1394281,235
1425621,197
1199897,54
1058203,56
1083931,507
1141481,323
1475372,55
1111675,57
1257162,71
1122641,61
1006713,50
1242123,54
1140599,316
1287375,294
1106683,297
1178326,283
1062658,394
1442310,383
1031482,444
1274961,291
1193794,331
1173046,270
1073405,118
1388386,216
1015635,211
1265850,274
1275880,167
1255232,83
1087043,103
1369894,103
1271614,100
1423644,79
1365843,131
1277788,130
1331408,122
1366942,111
1131169,165
1319595,143
1083661,140
1468982,135
1437287,127
1346942,107
1387120,124
1274992,125
1334251,136
1042062,138
1347891,127
1224265,114
1052043,141
1334827,141
1073391,80
1152066,441
1291763,452
1419497,459
1343368,349
1406483,404
1387465,393
1292366,486
1050874,454
1305270,413
1267518,367
1488118,476
1150157,2010
1447158,471
1373666,431
1053742,497
1142160,467
1318873,4004
1405202,3541
1483332,453
1021804,331
1069078,44
1090320,38
1286831,41
1375719,33
1076781,30
1067044,31
1067311,33
1431689,34
1272650,32
1005375,613
1304158,599
1441552,565
1184251,516
1093975,584
1293881,528
1339191,663
1217665,744
1152701,702
1058476,601
1135586,394
1065825,397
1423534,422
1280440,369
1053814,417
1256199,408
1119525,426
1475701,458
1047518,511
1497173,332
1027610,116
1118499,126
1376750,127
1372751,129
1014613,132
1499206,141
1394950,149
1270313,177
1388225,185
1102682,156
1373049,148
1374934,157
1466642,164
1196961,162
1204608,160
1302893,156
1211146,194
1447746,203
1279444,201
1443192,176
1173972,1968
1350644,1912
1103990,1937
1093038,1930
1435909,2051
1158632,2080
1044666,2322
1022214,2156
1109852,2113
1103251,1893
1245151,45
1091280,45
1216346,44
1075875,38
1262452,37
1067301,35
1411464,37
1255011,39
1405681,39
1242338,36
1219724,321
1058377,296
1195401,287
1484640,272
1430136,572
1194693,583
1238795,409
1445130,375
1495302,355
1457745,317
1228826,209
1032558,1774
1116835,215
1281436,207
1392727,237
1107967,207
1497229,3076
1412855,2807
1176830,164
1181052,125
1026093,1045
1185453,1048
1315380,1021
1413823,1106
1010266,1113
1091121,1165
1126295,1378
1322521,1491
1345620,1489
1273456,1174
1017181,72
1437992,74
1342908,76
1028601,85
1396722,77
1467939,64
1149914,77
1399635,77
1012701,46
1244464,50
1386370,50
1216014,54
1368555,46
1113123,43
1345794,36
1119492,38
1111125,39
1412767,43
1450857,34
1173917,79
1155630,62
1356121,77
1050288,64
1162283,51
1489209,47
1351254,66
1216122,59
1321233,70
1378592,58
1243144,847
1179049,818
1122106,825
1128795,807
1161911,3381
1291485,3264
1164130,990
1304828,987
1375598,3901
1226809,2835
1055745,61
1373254,131
1254780,131
1064535,165
1262880,137
1210758,62
1241336,73
1340262,67
1179825,71
1194213,49
1408547,214
1221819,125
1075060,128
1122942,41
1101877,56
1394784,46
1193406,48
1286648,51
1422458,40
1375901,54
1108850,214
1315916,215
1474269,219
1054140,199
1120723,197
1305234,199
1301459,253
1376519,242
1134580,242
1485791,224
1451083,42
1445603,471
1484744,331
1038904,51
1031321,40
1407540,65
1039587,53
1156578,48
1312025,52
1040401,327
1114965,294
1104316,311
1112568,285
1428843,324
1230914,304
1075523,345
1488572,326
1070158,319
1326706,275
1088269,65
1056626,65
1103377,63
1083185,52
1311976,49
1494852,46
1424685,50
1365452,53
1144977,48
1487150,37
1269737,168
1220695,167
1260241,166
1413776,168
1096175,173
1028988,166
1163114,188
1379872,214
1434750,231
1149128,193
1050787,510
1393875,510
1012578,511
1198302,502
1145147,513
1088945,520
1031019,607
1451871,673
1484128,668
1403902,571
1230428,320
1258533,371
1461975,386
1051521,357
1449613,407
1301242,425
1388334,406
1462301,374
1256292,347
1375741,293
1272397,113
1030881,110
1389672,117
1082933,113
1255464,108
1180074,106
1476554,122
1316356,120
1492732,103
1086058,207
1028415,195
1239901,179
1252904,175
1201095,279
1150029,246
1353626,215
1480847,202
1008536,196
1335480,173
1401571,139
1090332,183
1387352,239
1457410,178
1463710,165
1023300,164
1303377,214
1370092,144
1226369,150
1125244,116
1435758,92
1449932,96
1115199,99
1384407,93
1478571,94
1074049,92
1205729,117
1437531,125
1214154,120
1128210,115
1472617,264
1484423,324
1379556,332
1151642,376
1491312,386
1154462,380
1126102,376
1016428,325
1395652,318
1008390,277
1099643,286
1405566,282
1334187,281
1144637,280
1223108,392
1104258,365
1476710,425
1175881,267
1457081,345
1336815,276
1179494,1041
1424073,975
1245852,934
1365636,1088
1106708,1128
1153454,1045
1249506,1161
1172413,964
1444494,976
1478307,808
1391175,288
1013490,159
1085873,195
1115883,219
1368173,224
1471715,215
1016398,255
1077222,289
1165593,313
1491929,257
1384377,540
1032299,546
1202009,513
1439062,484
1265686,534
1051255,515
1424001,608
1280472,542
1294818,501
1388456,430
1416231,41
1083836,43
1331096,266
1368030,277
1345512,37
1292810,35
1087300,52
1343012,44
1161779,40
1319688,41
1333542,116
1486982,120
1107205,127
1390807,145
1466492,128
1334010,109
1270293,144
1074290,144
1041760,80
1445115,76
1264796,381
1023315,322
1210647,376
1426497,329
1235375,374
1350360,334
1469630,437
1277210,414
1146622,367
1036876,277
1425196,206
1491984,188
1344138,217
1283089,195
1170506,620
1411866,459
1194304,261
1113435,213
1237466,239
1271238,176
1363159,140
1364616,140
1429146,144
1464202,130
1068354,136
1005203,126
1414175,174
1481232,160
1129914,156
1238863,120
1008215,27
1411724,31
1245081,27
1484308,53
1202024,47
1052405,23
1042014,26
1000162,25
1027805,23
1311397,162
1477907,155
1216651,162
1123580,161
1417666,157
1002038,148
1084662,183
1489354,178
1158075,166
1042125,136
1251613,15
1168245,15
1160402,14
1422509,14
1158511,16
1147099,15
1320661,66
1384396,70
1132599,66
1146902,69
1261255,71
1257915,49
1345160,71
1337595,56
1390310,51
1062489,23
1063831,111
1255299,87
1413299,21
1168202,32
1057456,28
1266795,40
1169272,45
1102241,44
1211490,43
1399529,52
1378037,55
1040540,61
1146566,43
1331389,50
1315441,42
1372739,49
1421522,72
1259696,77
1129512,89
1067118,37
1438160,35
1051817,45
1499922,39
1111061,36
1066167,31
1314843,74
1347403,78
1212494,82
1279696,74
1138980,96
1198904,91
1222111,87
1438733,86
1398572,80
1319182,65
1185945,51
1093579,52
1032870,54
1214375,47
1177759,54
1274988,57
1427628,52
1142944,40
1384967,254
1061803,260
1465247,258
1378051,229
1009948,235
1480310,217
1382879,279
1456342,237
1010920,228
1056436,180
1429213,234
1382855,579
1200363,186
1084567,219
1498562,247
1469153,218
1037102,2053
1427400,1763
1409674,185
1459589,174
1341539,17
1358202,15
1082994,15
1280847,15
1137255,317
1449924,207
1146408,190
1109325,164
1089155,180
1260361,160
1069628,206
1476185,249
1304452,242
1456018,169
1168634,62
1050143,66
1448384,66
1492295,63
1368624,49
1036112,60
1483648,68
1406961,75
1386811,70
1323791,61
1334064,301
1474493,306
1452523,302
1109460,290
1397686,454
1436925,354
1271835,431
1266289,465
1172743,574
1028916,496
1315521,15
1072330,16
1337149,15
1275118,15
1162539,17
1196722,105
1490941,116
1040784,105
1294243,99
1352466,151
1452753,117
1050510,109
1115545,109
1188052,112
1071305,99
1247277,67
1052474,489
1108974,84
1371893,75
1367438,92
1449624,75
1484270,1215
1183169,1107
1286878,77
1144960,85
1053700,298
1196897,298
1100864,302
1095250,288
1314012,322
1177213,297
1312239,357
1371943,382
1269951,393
1124463,302
1490942,41
1170667,35
1143819,35
1179359,23
1475609,22
1027289,25
1378115,26
1021057,23
1449942,26
1249222,19
1208517,25
1062744,23
1243058,23
1293688,16
1100724,23
1439573,40
1373315,29
1222836,19
1335629,279
1278780,290
1067138,290
1438654,248
1115605,1041
1129879,939
1107382,390
1430066,310
1125215,1666
1053604,1191
1384170,31
1136582,74
1349156,82
1058093,57
1483101,25
1029890,32
1474722,29
1475193,67
1135844,47
1398655,30
1315808,15
1103978,29
1470282,26
1269302,22
1227936,24
1408686,150
1070194,139
1403968,150
1123130,151
1245806,180
1495941,136
1470501,167
1015807,167
1391639,192
1482372,143
1391156,23
1045104,19
1103952,119
1454713,80
1375968,18
1007084,13
1052745,29
1158748,110
1286519,112
1309602,123
1372560,139
1128131,130
1162379,118
1456855,140
1248994,144
1472655,133
1455569,105
1122155,26
1220591,25
1075151,23
1276712,23
1499384,21
1359818,18
1079711,90
1233988,99
1397501,92
1009945,91
1299667,103
1393892,89
1234576,112
1134369,120
1353368,121
1340396,91
1440443,409
1127755,463
1073642,471
1442597,435
1123801,407
1016113,421
1077256,495
1417275,438
1127001,409
1426278,365
1476353,30
1446591,34
1060246,133
1423262,134
1142875,129
1381048,104
1457123,166
1159627,123
1389785,120
1105548,124
1149460,116
1274740,94
1080233,47
1031203,64
1139190,73
1104740,70
1290913,66
1430451,65
1335989,77
1162693,71
1305141,51
1013437,54
1233671,59
1320120,62
1025076,66
1223519,63
1054214,63
1308065,62
1240654,72
1200050,79
1345355,77
1068268,70
1270445,282
1343543,310
1155966,326
1283403,273
1121260,275
1480060,282
1334159,336
1491288,290
1211269,276
1478541,237
1452943,55
1417264,53
1191088,53
1396054,52
1292602,60
1297445,67
1453344,78
1211395,59
1014021,67
1346976,56
1048031,256
1456955,272
1381063,303
1277432,285
1099897,290
1250071,258
1463021,317
1353948,252
1033537,255
1486601,166
1420868,61
1180967,36
1168582,44
1200756,44
1231412,41
1169013,66
1331116,81
1125203,70
1348911,55
1086613,270
1421320,269
1090620,272
1069506,226
1325531,232
1083569,230
1313290,286
1080704,246
1164623,245
1302218,187
1194353,51
1132414,51
1031339,281
1169426,215
1079503,216
1097103,184
1285304,215
1402825,180
1089017,229
1010820,205
1015441,202
1231147,150
1105986,236
1348536,239
1433325,239
1167618,184
1277541,602
1444093,600
1263410,264
1451230,254
1204224,226
1397681,198
1182144,105
1495363,106
1424798,113
1166644,104
1437121,108
1336858,103
1452469,124
1033949,136
1049040,118
1323615,95
1269746,40
1433619,38
1001640,34
1194935,32
1188770,69
1081277,41
1396237,38
1361791,35
1142156,30
1301647,25
1194788,91
1118413,78
1463339,90
1322713,80
1217125,89
1149362,73
1063625,110
1315041,119
1337564,110
1400460,83
1319113,16
1346923,15
1006410,70
1374185,64
1128146,55
1107192,59
1429267,51
1348839,61
1062422,39
1152761,51
1103794,27
1116108,25
1030078,25
1442249,114
1255211,110
1128793,25
1385567,22
1261731,28
1401816,27
1088743,33
1108362,36
1418907,39
1440868,37
1073521,40
1271078,30
1032225,42
1383271,37
1178834,37
1302037,30
1245159,75
1066967,75
1183823,87
1359292,129
1488400,82
1175823,43
1100095,59
1302501,53
1007438,49
1320986,39
1218892,91
1244188,90
1285096,88
1236380,80
1063163,106
1204772,95
1093786,100
1174817,89
1486767,84
1488426,65
1293017,50
1097133,51
1374574,59
1085531,46
1361255,43
1472554,47
1064428,59
1044578,37
1432364,33
1154515,132
1077412,128
1372989,135
1085876,114
1232949,117
1109936,113
1487950,147
1097184,126
1140272,119
1493015,90
1109605,335
1070941,837
1103072,321
1451491,326
1176188,362
1132187,344
1360286,1647
1008508,1428
1390829,284
1390931,252
1155697,19
1208514,16
1387955,16
1091512,16
1163909,15
1054161,15
1221242,139
1075306,107
1472117,105
1361785,108
1299678,112
1478932,92
1477313,127
1028047,128
1111646,121
1100366,97
1342337,48
1439494,46
1006332,46
1419759,44
1395664,44
1129361,43
1380842,46
1050958,53
1105354,51
1450106,43
1409427,348
1100468,359
1411863,353
1010693,356
1004925,418
1265382,390
1239027,497
1462013,517
1464784,545
1440692,413
1087631,16
1202597,102
1489659,104
1327758,108
1234609,111
1039028,118
1470903,102
1195946,119
1033329,110
1214830,101
1240032,83
1099603,187
1353172,673
1019198,209
1391487,176
1386397,175
1370849,177
1055063,1241
1398646,1073
1124512,137
1209189,92
1000264,271
1253533,275
1109365,272
1492072,255
1369989,293
1233753,291
1113550,340
1119683,358
1351878,365
1143262,256
1272587,30
1290655,28
1166069,29
1099209,32
1004210,28
1445895,32
1493529,28
1128880,49
1306327,38
1443388,23
1232007,23
1473506,22
1408066,26
1055072,25
1295169,23
1398942,21
1224218,27
1258934,28
1154519,25
1335469,25
1333990,24
1404629,18
1113566,26
1403272,28
1265773,324
1199865,358
1246934,394
1122674,338
1218607,1098
1117180,983
1395756,551
1200879,485
1354961,1270
1254236,975
1378973,55
1365889,52
1404113,61
1420948,103
1085578,35
1461775,43
1222138,36
1446108,30
1080246,25
1195326,19
1082828,93
1269378,88
1349534,108
1333349,110
1363871,95
1004201,107
1208483,117
1308393,126
1176480,116
1267608,95
1229780,24
1474801,65
1196064,74
1094602,21
1341838,26
1471444,27
1443416,32
1350236,23
1463712,112
1162339,117
1104304,125
1313355,120
1452462,127
1036900,121
1390732,125
1318748,119
1417446,105
1400458,89
1281325,29
1335270,28
1432911,23
1243734,23
1412550,23
1096371,24
1414904,21
1268663,19
1016463,63
1014561,64
1023254,57
1261641,52
1242929,60
1066835,49
1084108,64
1273171,87
1310686,79
1429564,66
1024089,206
1250260,184
1079833,189
1205357,179
1391126,176
1033330,178
1362777,207
1205882,188
1370541,185
1175659,147
1027143,44
1493357,95
1455534,95
1178953,101
1365007,90
1331624,111
1051517,99
1111575,113
1343235,112
1409057,104
1225360,74
1485114,62
1120103,74
1049722,73
1284522,77
1342647,73
1086255,64
1434155,66
1487073,75
1210002,57
1336168,44
1179146,101
1077679,104
1356561,108
1445899,109
1056607,110
1471104,104
1157790,124
1281062,133
1128363,127
1147010,105
1079844,173
1343311,148
1222710,161
1444309,143
1430049,143
1107484,142
1449523,160
1204458,153
1349810,141
1233956,119
1267409,55
1020645,52
1076446,56
1158633,51
1137733,68
1330234,83
1165516,55
1232019,64
1087910,53
1153545,217
1291261,222
1132971,239
1184517,199
1481481,228
1072917,205
1124052,251
1120927,200
1270649,209
1318939,126
1085957,59
1308794,35
1456287,55
1171254,49
1120570,45
1457111,41
1299687,46
1274831,58
1202928,61
1223002,48
1369030,193
1243985,195
1334645,192
1133418,168
1483507,163
1182900,170
1029886,196
1218586,171
1305277,151
1468483,132
1391127,23
1001197,23
1185326,98
1049627,56
1006124,19
1298818,23
1179858,32
