id,num_orders
1177098,793
1486011,700
1301735,606
1273097,521
1450902,494
1158165,447
1077876,527
1479002,534
1281555,499
1220629,414
1287288,1235
1149272,1133
1430093,953
1157251,949
1364131,1633
1227970,1263
1411427,738
1033512,642
1249878,532
1449349,435
1386036,420
1177651,389
1261268,372
1316488,315
1297387,344
1240915,281
1140431,372
1013079,383
1361178,366
1097810,296
1391435,169
1099528,173
1117969,190
1054117,188
1103779,197
1285350,196
1367217,265
1416683,247
1118412,246
1293675,205
1330467,174
1189762,194
1408479,190
1375495,193
1361615,315
1498846,229
1145843,230
1310857,226
1315483,223
1074295,192
1279057,102
1092985,113
1259030,149
1326687,156
1373522,186
1157350,186
1250173,241
1152295,223
1348202,220
1284570,183
1158868,52
1047566,75
1209129,105
1004886,138
1195396,173
1271245,171
1093884,170
1259014,155
1399101,214
1437934,273
1416330,239
1302476,236
1146657,254
1057285,237
1349227,291
1368165,238
1422379,253
1086047,199
1002589,688
1017711,621
1211204,497
1345688,465
1210501,452
1084025,422
1239272,464
1022695,421
1011110,425
1005560,388
1225988,114
1366211,127
1324708,146
1184103,167
1310794,193
1388767,204
1272864,247
1133154,256
1344662,256
1038802,218
1467437,76
1329046,90
1057669,364
1331479,332
1232705,157
1401490,161
1196960,205
1119175,196
1149199,186
1297151,162
1408811,450
1237636,423
1008635,419
1481250,355
1481724,526
1458403,459
1438049,464
1197105,334
1181471,334
1352308,281
1399262,258
1398440,294
1472243,324
1342553,347
1303872,271
1374742,207
1160087,267
1449481,251
1409784,247
1181977,203
1236099,146
1088551,164
1438339,179
1374498,186
1173658,254
1008292,248
1045869,247
1284400,233
1228589,232
1136450,206
1192132,229
1277023,222
1226033,232
1383481,222
1345596,251
1346637,231
1099736,276
1070940,263
1283616,211
1412687,191
1078901,792
1229539,709
1340614,607
1428262,477
1018915,457
1038769,412
1103105,487
1360988,435
1298022,395
1492789,335
1051818,725
1147532,2063
1246221,604
1000164,609
1315204,514
1268614,453
1303680,1912
1399880,1376
1494417,473
1272597,368
1418909,80
1396660,94
1175187,107
1317753,128
1034244,150
1040435,154
1349623,195
1431405,193
1179430,187
1176893,167
1449984,760
1292983,672
1115570,614
1200857,479
1344262,469
1203477,413
1187267,488
1044893,499
1220430,459
1320834,395
1198931,507
1430253,416
1196393,455
1480687,425
1097181,391
1499604,368
1408309,436
1053367,436
1066051,368
1073193,326
1161079,69
1134692,86
1444677,109
1417557,137
1292994,169
1461469,178
1382786,222
1259677,234
1148205,234
1325721,204
1179236,105
1447264,128
1007165,147
1094157,170
1037639,222
1043566,205
1071289,241
1230721,249
1281633,247
1381624,211
1134786,1585
1052017,1446
1209585,1247
1115016,1069
1101235,899
1448019,877
1315737,897
1039269,851
1436545,805
1445418,657
1252654,74
1067370,89
1415662,107
1423314,136
1367043,161
1234416,161
1368612,204
1175687,201
1126635,197
1215026,170
1307333,393
1077544,347
1461548,354
1155304,330
1076344,466
1479849,461
1337089,358
1436130,333
1097496,314
1095473,279
1397206,251
1132317,1394
1249794,277
1235645,281
1267815,281
1024354,262
1106620,1595
1277874,1174
1128160,312
1088442,257
1008071,630
1351714,596
1278748,562
1033118,537
1432496,496
1231141,470
1026727,564
1077204,544
1438728,511
1424161,413
1232750,157
1240251,168
1324350,173
1315410,198
1492833,218
1136861,205
1295531,257
1280308,246
1167103,192
1389109,173
1355488,97
1216663,119
1363746,140
1128710,150
1042523,184
1110118,175
1290610,222
1145669,209
1286261,199
1325159,177
1011543,146
1058360,149
1007123,156
1412939,168
1014783,191
1113754,191
1273175,238
1248159,229
1457927,208
1115454,189
1214752,1534
1058556,1410
1353953,1269
1408738,1044
1483186,1494
1052629,1301
1466020,839
1051717,770
1431922,1926
1216601,1584
1238090,163
1214968,210
1079476,220
1165310,242
1176334,245
1012940,169
1250538,250
1199727,227
1467998,234
1007279,208
1061973,232
1281392,174
1023051,202
1158061,136
1142648,185
1404159,190
1348850,223
1379341,220
1403602,191
1229591,200
1009044,209
1066687,208
1167748,212
1075832,217
1151308,225
1262900,206
1080258,274
1497570,251
1316773,245
1173901,201
1020490,67
1054376,86
1066575,460
1428927,381
1195774,153
1482761,154
1359976,204
1054274,195
1197821,180
1048829,161
1273910,317
1238143,316
1474729,303
1350239,283
1440237,287
1105342,266
1001956,338
1114835,309
1115501,307
1184958,246
1155995,186
1040659,184
1311681,190
1433355,187
1271815,207
1242344,196
1200743,247
1436480,233
1279838,223
1251356,196
1076920,134
1489348,144
1249911,157
1429083,178
1014635,201
1274715,205
1084623,250
1486084,258
1007567,262
1005224,222
1018869,412
1079368,400
1093376,394
1041123,341
1430566,361
1040612,328
1392552,388
1281620,391
1005866,380
1037632,310
1386889,499
1173359,499
1367247,483
1482433,449
1257584,423
1114301,424
1421477,430
1010322,410
1366678,376
1190900,325
1268984,224
1082662,237
1341057,236
1198596,234
1360054,250
1316119,240
1182553,275
1312899,274
1279295,262
1179644,227
1195643,263
1400933,259
1006845,284
1244972,258
1211835,329
1245361,297
1205492,300
1459875,281
1369352,271
1279631,236
1197470,277
1364127,303
1473365,303
1413843,348
1116354,296
1185582,260
1359183,320
1259615,263
1175328,282
1017133,219
1073550,264
1052320,275
1218304,263
1403013,263
1213321,262
1059546,256
1037013,316
1030517,303
1413036,290
1010010,247
1446578,558
1465365,587
1026935,517
1117406,472
1304553,414
1221568,409
1385364,478
1387510,400
1020597,396
1419393,340
1003760,336
1207260,332
1110869,329
1146477,307
1207346,476
1408082,414
1376120,425
1407386,302
1497500,310
1194367,263
1272083,1082
1099221,975
1406384,840
1360566,862
1050703,708
1419040,619
1255087,695
1169109,555
1231535,534
1475079,435
1121637,737
1286192,377
1076099,386
1135164,347
1243831,369
1247648,308
1080752,354
1006812,351
1205020,340
1281256,291
1185139,661
1297480,604
1051229,580
1012762,476
1005712,469
1290480,420
1107751,484
1448045,429
1320697,388
1343551,331
1465107,65
1041761,84
1359065,398
1083748,355
1174518,150
1309393,154
1173584,202
1362180,192
1402804,181
1379904,161
1234402,212
1232348,202
1186038,199
1228924,219
1420063,232
1224017,222
1456472,273
1387675,260
1043351,206
1426735,181
1190633,608
1234168,532
1187850,484
1461408,431
1324628,417
1043320,376
1112006,434
1431890,460
1142113,431
1473136,358
1129467,767
1440344,695
1199647,628
1329067,706
1310720,1027
1187699,1179
1490972,544
1188019,482
1393545,441
1196202,368
1289523,287
1306275,275
1123768,290
1495866,270
1251443,288
1112488,255
1248124,320
1361909,304
1484093,303
1137757,252
1049366,122
1442356,123
1344308,147
1057310,162
1450163,191
1249769,178
1328737,233
1358230,225
1245395,225
1227902,195
1141892,74
1023603,88
1009205,106
1401622,129
1056837,256
1399479,193
1380035,177
1187248,187
1052075,181
1190890,160
1224120,140
1083028,145
1435741,157
1227990,179
1102401,186
1494941,187
1405194,238
1160706,236
1389486,234
1475674,184
1117711,23
1268268,46
1084245,96
1436228,120
1044490,69
1119951,131
1148469,130
1040533,145
1182305,181
1058670,166
1069033,219
1052272,183
1102729,199
1439572,163
1091114,373
1066926,404
1042657,356
1126990,338
1135737,339
1264507,325
1220181,380
1483607,385
1465019,388
1142488,319
1103283,171
1398797,185
1198936,183
1206071,195
1148030,230
1293650,228
1200910,260
1285518,263
1080615,266
1254886,231
1083754,64
1462240,365
1135487,310
1018722,147
1172707,194
1162264,162
1086936,258
1207218,255
1040287,262
1430895,255
1029036,298
1338150,366
1352621,426
1068287,264
1032470,274
1455331,229
1244516,100
1327333,202
1077866,198
1157697,232
1359546,183
1083789,140
1186701,203
1307736,199
1169772,195
1423832,167
1052776,128
1017418,134
1084980,150
1049695,169
1152112,248
1073128,211
1400065,229
1078686,222
1442361,214
1438146,188
1229328,67
1154798,80
1258593,102
1214967,132
1415050,159
1249408,156
1217205,203
1403443,151
1323989,507
1063221,470
1375428,430
1171835,343
1175458,350
1022677,325
1064513,392
1141542,354
1254313,333
1429469,268
1140772,623
1473886,1823
1040538,546
1300105,479
1254975,440
1468203,395
1147088,1855
1225845,1355
1449493,396
1168141,331
1472121,45
1486257,59
1290578,81
1323798,107
1176875,131
1329642,167
1060343,157
1217405,143
1290002,671
1480585,615
1132573,526
1057544,465
1185226,429
1332114,395
1006557,452
1223406,477
1165398,449
1252122,382
1043572,510
1120725,430
1493836,421
1382069,396
1262029,386
1436339,359
1171914,392
1222059,397
1179976,379
1312713,320
1168741,109
1108197,124
1322681,130
1446803,158
1460737,189
1378544,184
1223144,228
1415427,230
1238698,240
1273113,211
1024905,83
1161371,90
1335725,105
1185623,132
1495661,157
1059370,165
1485382,218
1136555,222
1113434,216
1476173,186
1098228,1452
1080847,1266
1064602,1103
1093227,921
1177861,785
1259611,699
1274836,759
1030333,707
1249982,678
1188591,569
1387134,28
1055877,52
1308549,73
1205716,100
1471019,133
1245854,135
1453386,150
1234023,141
1302153,278
1246959,275
1433203,272
1339909,264
1161885,389
1437209,403
1357587,321
1418362,295
1118797,288
1109876,248
1103484,222
1179187,1297
1262515,231
1050801,241
1209593,253
1129604,236
1471717,1593
1147030,1154
1374174,281
1347061,216
1101375,682
1398435,653
1353965,589
1183936,548
1311911,508
1062494,486
1410039,574
1187463,545
1082477,520
1345516,414
1302404,54
1319320,71
1363194,91
1150515,113
1465309,133
1373073,175
1164383,162
1302775,146
1439889,73
1043720,81
1065834,114
1272505,146
1356980,144
1028730,196
1124574,192
1369044,186
1157352,165
1197335,723
1098456,640
1004231,609
1348678,732
1069114,1380
1120606,1432
1116595,600
1124659,535
1403491,1616
1124415,1341
1380381,75
1110397,148
1051554,170
1158465,216
1120697,166
1080382,133
1288728,193
1023715,189
1010857,184
1432432,161
1343027,109
1048501,82
1154647,109
1019399,142
1272535,142
1321418,179
1473948,173
1083699,159
1258695,162
1293810,198
1321966,177
1376274,201
1453454,198
1341931,220
1133750,200
1452164,257
1142445,241
1334127,242
1074156,213
1097952,51
1438615,69
1068496,403
1000100,344
1134437,139
1292242,191
1413791,170
1490069,167
1314145,145
1019214,319
1340547,289
1367086,310
1188841,294
1344109,277
1378136,276
1393759,318
1352569,303
1480595,289
1349200,235
1236400,53
1153639,73
1004909,126
1347302,169
1448703,170
1291242,164
1224254,149
1265051,121
1303545,131
1241905,140
1156187,165
1164364,193
1368515,190
1371309,232
1270509,236
1023956,263
1175778,232
1400016,418
1371135,396
1386866,381
1263387,339
1316202,350
1238695,327
1269164,389
1212464,385
1458850,372
1164926,305
1439647,256
1321232,298
1055592,356
1241427,360
1072422,299
1381948,258
1459193,356
1107012,295
1484291,290
1189072,251
1217722,68
1024786,91
1164714,108
1487084,135
1194216,163
1333009,165
1400194,187
1220768,176
1206564,179
1448674,170
1237375,176
1323061,189
1205077,322
1281460,260
1483448,255
1406717,239
1439670,232
1311889,207
1408468,97
1025542,167
1160326,171
1443402,166
1226069,195
1175779,190
1495888,248
1226727,204
1088993,217
1162495,174
1171266,99
1018646,120
1224157,148
1476159,168
1481437,184
1137703,174
1443319,231
1297612,202
1366087,216
1219884,194
1495062,394
1079487,418
1415325,398
1347027,328
1006493,352
1005118,302
1486530,375
1269555,348
1250542,324
1218398,271
1088412,184
1341714,191
1317606,200
1191523,208
1373558,267
1144418,330
1482712,391
1290408,238
1044002,253
1156368,217
1040430,943
1087004,794
1042794,695
1359630,719
1059906,612
1340375,546
1167679,632
1118042,485
1433454,469
1414239,378
1333032,395
1074655,164
1017569,198
1047271,215
1364823,261
1081645,255
1193498,298
1308101,272
1295480,287
1026912,255
1170447,502
1141028,481
1283426,442
1353711,378
1053353,362
1077335,349
1347043,411
1222655,369
1413603,338
1166615,285
1251605,51
1207693,61
1108927,299
1388671,258
1286860,116
1306117,182
1493718,157
1289654,154
1140803,138
1164395,69
1131843,88
1437106,111
1360876,139
1383471,166
1008063,162
1465304,211
1045061,206
1461030,157
1207213,151
1247289,908
1005108,846
1034753,752
1306222,620
1383467,571
1264972,511
1061474,586
1132437,607
1115805,560
1016058,476
1137610,1421
1480777,1319
1494822,1141
1464047,1185
1472699,1619
1376448,1543
1282271,809
1408615,748
1023846,631
1243501,536
1129707,473
1260334,447
1021163,401
1140966,397
1243209,364
1083760,343
1381446,411
1005261,392
1252533,363
1188240,320
1160081,113
1008310,125
1221080,133
1059966,159
1242487,184
1421837,173
1057534,230
1323943,218
1064030,215
1498348,195
1136118,169
1134200,171
1145773,183
1190892,190
1466336,328
1134658,244
1459356,221
1426808,226
1296652,218
1348796,187
1120430,153
1247851,158
1031048,171
1106408,180
1029543,204
1193017,194
1261642,256
1395556,235
1005813,239
1037275,208
1442044,71
1307339,84
1196209,109
1482208,130
1379112,157
1128418,160
1467469,201
1120268,202
1346817,193
1441892,170
1113611,124
1265885,171
1466429,187
1180816,191
1315750,213
1407545,200
1420309,261
1262288,216
1069047,235
1135656,192
1086750,470
1159714,495
1240555,466
1124593,422
1083372,419
1186898,387
1000649,434
1356969,426
1305931,413
1223568,337
1025605,213
1046412,222
1115576,220
1199659,234
1499049,253
1324623,245
1322481,286
1231854,287
1219611,281
1341241,242
1213246,80
1303698,93
1137709,521
1185120,398
1371702,163
1208218,165
1035515,215
1386342,203
1143967,187
1377191,167
1008206,506
1479104,481
1207945,461
1061234,398
1453841,431
1154063,514
1219733,498
1399265,352
1458672,355
1496971,309
1233312,241
1264605,357
1068894,274
1056311,323
1305530,256
1103403,202
1257959,250
1124544,251
1079989,238
1463282,203
1467510,179
1191200,191
1173754,202
1262678,205
1390007,320
1039345,240
1350477,254
1110823,250
1211565,239
1350329,211
1072530,246
1445154,231
1472817,247
1232736,245
1378869,257
1272128,239
1049965,286
1034550,274
1050805,217
1181479,199
1329551,867
1327025,764
1122935,678
1493967,518
1342800,481
1130779,430
1209612,499
1082880,457
1355118,413
1313071,356
1364001,1072
1158273,2221
1179879,804
1072628,689
1078195,606
1014743,533
1093556,1936
1394305,1452
1180962,543
1317465,432
1285290,81
1283478,94
1403548,118
1126214,130
1264973,152
1305760,157
1357985,201
1341978,199
1017304,192
1110867,785
1137245,696
1403820,631
1256510,531
1353789,500
1007195,452
1400253,518
1290777,527
1287202,491
1387179,414
1147262,570
1240702,521
1198318,486
1326921,461
1136997,393
1449211,413
1285242,460
1429995,470
1118227,459
1477410,388
1082079,188
1399206,193
1071064,203
1338613,218
1279640,232
1218656,238
1255347,279
1196682,276
1175536,273
1176180,224
1032497,190
1354339,201
1494544,213
1340571,222
1191782,233
1186849,234
1367532,283
1107386,273
1065339,268
1323008,229
1332667,2468
1039351,2204
1319273,1852
1305518,1536
1327143,1215
1272171,1024
1223757,1000
1090089,955
1128850,888
1446344,834
1379360,96
1203113,110
1341899,129
1163110,148
1229974,174
1392905,171
1155992,214
1287197,209
1290426,200
1067530,177
1171352,563
1182678,461
1065067,438
1239466,369
1223222,691
1422513,507
1446621,400
1453468,367
1361280,326
1449340,292
1369843,354
1388974,2049
1256351,350
1418345,322
1410772,305
1347615,282
1229128,1395
1275233,1267
1238848,340
1404060,291
1075942,1299
1458788,1328
1108592,1238
1091948,1095
1028978,916
1480899,815
1043364,848
1390783,791
1083460,742
1113545,616
1203532,144
1404661,148
1019816,170
1152557,191
1262290,216
1118117,202
1389659,251
1375700,244
1089820,189
1019878,176
1254872,119
1174768,118
1364143,139
1412578,148
1327394,176
1015386,170
1117354,219
1151394,209
1287520,200
1357767,177
1316684,112
1039434,112
1115675,132
1135243,154
1240466,188
1057585,176
1278666,230
1300574,228
1207105,227
1035393,194
1020081,1593
1190755,1445
1167256,1278
1096372,1080
1218496,1672
1475974,1464
1373463,871
1256563,789
1123285,1937
1173215,1507
1279379,145
1451598,259
1304937,238
1231953,313
1168898,216
1353870,168
1165749,227
1230695,221
1242560,217
1228365,186
1413930,237
1022252,155
1139910,162
1001888,137
1210850,193
1407222,185
1370845,222
1266898,224
1151883,206
1277683,189
1487280,223
1123603,222
1206298,219
1337824,213
1053213,234
1177201,219
1374187,272
1021300,254
1490308,250
1306497,218
1279131,127
1269144,118
1276382,563
1116326,435
1404622,175
1275681,163
1194463,222
1304635,211
1205095,194
1478466,175
1010552,372
1331672,366
1457969,359
1368801,338
1455031,344
1011328,308
1162772,367
1227348,338
1255226,321
1145821,265
1470186,112
1178919,132
1418928,142
1081244,156
1077806,185
1152499,178
1370097,223
1020769,216
1400947,205
1018985,184
1414158,226
1416216,243
1192089,245
1115764,248
1473840,258
1302530,252
1237322,295
1004831,292
1153638,289
1084874,245
1109804,563
1054832,544
1352123,504
1423856,470
1435666,447
1354480,414
1246275,484
1336436,474
1432832,444
1165254,362
1339938,425
1210385,486
1099728,447
1023338,413
1011542,382
1155592,344
1019661,421
1392027,379
1316583,355
1097877,315
1494216,294
1182532,280
1290506,271
1470108,269
1267485,268
1334810,240
1222803,284
1484176,273
1028575,265
1179192,228
1374892,203
1350025,213
1271551,223
1135607,222
1094534,417
1402997,347
1276985,303
1050864,276
1438304,271
1172618,230
1248315,210
1203731,273
1423330,262
1175893,246
1120441,264
1195707,248
1333706,304
1334557,249
1243318,266
1190535,220
1116374,390
1018735,392
1205948,376
1083732,357
1124304,337
1068682,300
1061931,368
1188547,346
1197855,338
1395274,281
1431703,498
1351595,449
1409355,420
1315567,389
1429778,358
1414869,347
1027375,416
1022544,394
1022578,342
1078001,311
1267686,420
1143283,387
1162708,372
1327015,340
1396741,390
1224020,457
1173723,530
1430604,326
1263640,326
1429780,274
1022953,1682
1495360,1562
1029946,1291
1089615,1194
1112962,999
1210844,884
1283830,926
1242056,720
1129081,673
1213128,571
1234220,1602
1358932,585
1456061,486
1001605,469
1495976,434
1186697,403
1318247,465
1304912,458
1116992,443
1415286,402
1398257,985
1247585,882
1035021,760
1221774,618
1152647,569
1124283,494
1232726,562
1362645,504
1418889,454
1261781,385
1256386,78
1057182,91
1263231,434
1084274,338
1082354,158
1472006,165
1310908,212
1374704,198
1285971,185
1412159,164
1115708,264
1092272,267
1219683,243
1310626,251
1027118,270
1335607,247
1371511,291
1273740,280
1181728,219
1251517,196
1485369,311
1103569,302
1314410,281
1430695,269
1145013,274
1468147,256
1412754,314
1032733,313
1213087,308
1008542,236
1209550,290
1441788,282
1494973,285
1276788,272
1469801,363
1416169,476
1351029,358
1231616,262
1066223,265
1173940,219
1432305,127
1283783,140
1146363,149
1465455,171
1036398,186
1203802,171
1456889,231
1478238,223
1049845,222
1100984,190
1084587,37
1190800,61
1039931,80
1073152,104
1481762,177
1334284,161
1029180,160
1084257,158
1317402,143
1079777,170
1270643,162
1446195,179
1484197,190
1200304,206
1287827,197
1248108,252
1403904,233
1021726,220
1376640,201
1380277,20
1041176,42
1297002,64
1066076,96
1259666,136
1088323,136
1292401,58
1290034,93
1332253,113
1014996,131
1163030,156
1440934,147
1349753,195
1249975,161
1056109,171
1357053,139
1350810,130
1054426,141
1289065,157
1471242,187
1055911,182
1123788,243
1347514,245
1324777,248
1322645,194
1095958,66
1434822,83
1242168,103
1273859,132
1012400,160
1215030,169
1208743,209
1490547,221
1401627,214
1358531,185
1188645,214
1162484,206
1013447,120
1118218,178
1404874,155
1226475,149
1000846,133
1356581,71
1013345,84
1442195,105
1215930,128
1408973,186
1238444,187
1420458,248
1131404,189
1086225,212
1169837,187
1203992,49
1145754,88
1199358,111
1243074,158
1256588,167
1478036,126
1392760,180
1385580,175
1457759,173
1042647,150
1058867,65
1310991,87
1269866,112
1128791,136
1036302,183
1214927,186
1275245,214
1358702,199
1146124,195
1318590,165
1370271,37
1000409,59
1422995,78
1439692,137
1284951,168
1175049,169
1185125,120
1415191,243
1003274,240
1148714,238
1305683,222
1438635,237
1321983,221
1326115,281
1144115,240
1257509,232
1022568,195
1379917,253
1031253,694
1024232,220
1136080,246
1250344,265
1469473,260
1019938,1033
1231475,815
1380749,240
1214542,204
1303074,20
1148161,41
1411642,113
1028210,153
1226546,299
1395289,287
1189355,278
1443779,262
1370125,266
1375670,243
1441077,301
1325306,304
1215047,294
1329687,239
1482844,187
1201815,192
1331830,213
1049699,200
1333824,231
1005047,228
1434656,267
1421537,248
1170030,261
1333229,216
1432554,70
1036321,86
1340270,106
1134217,133
1031549,162
1238585,167
1312452,210
1201497,218
1199397,215
1213797,184
1062232,35
1329787,59
1381422,79
1041718,135
1025446,162
1030594,172
1171225,603
1113088,600
1421572,491
1231421,477
1155226,466
1050090,384
1462159,506
1262088,438
1059783,456
1068765,349
1024581,42
1278254,63
1210203,123
1142069,123
1393711,163
1028000,117
1133330,138
1425669,146
1240821,164
1398217,214
1288267,217
1054056,244
1252270,221
1134544,221
1239796,187
1082924,101
1010839,800
1462666,111
1015385,166
1477694,162
1017174,159
1339356,772
1251909,739
1237409,168
1235681,438
1473044,414
1165704,402
1327609,391
1382591,326
1258870,345
1340640,411
1165396,394
1460743,386
1210591,279
1439204,37
1456232,63
1281119,85
1306776,102
1146091,131
1475252,130
1221331,171
1072871,166
1036557,161
1249595,146
1423465,31
1191423,53
1041334,78
1462748,101
1098172,146
1265747,133
1071053,184
1260150,182
1467327,175
1039490,153
1282588,311
1340515,293
1000357,293
1329859,271
1377570,772
1198647,463
1243803,355
1393212,299
1413792,1114
1114795,743
1073984,30
1296525,84
1026899,93
1161777,133
1069257,142
1003011,117
1015640,164
1053602,165
1236743,160
1298612,146
1171522,39
1298237,59
1217098,72
1079423,126
1072315,122
1092628,184
1077145,180
1428079,185
1121116,196
1144786,217
1151671,205
1289400,256
1159996,235
1223966,231
1268664,202
1437271,23
1420669,45
1425768,219
1287294,218
1052619,148
1328041,124
1350959,175
1042549,177
1437111,195
1166579,189
1485217,209
1438722,211
1179775,246
1064722,234
1116704,233
1161161,191
1194491,33
1342433,76
1237362,101
1486738,131
1070617,165
1478278,164
1089189,164
1487636,147
1335161,44
1149326,65
1184109,83
1250917,116
1157950,148
1165272,151
1045564,197
1031512,205
1267384,206
1165991,175
1224499,258
1022104,245
1332421,228
1233349,264
1412941,272
1498242,236
1054399,316
1030700,306
1460017,278
1461262,218
1244952,148
1287128,170
1163539,199
1235684,195
1483944,207
1142725,211
1323315,263
1254188,231
1115861,229
1075316,204
1104842,29
1369219,72
1243216,101
1409284,137
1046968,171
1073731,176
1055416,178
1289214,120
1221524,133
1043470,143
1076426,162
1038594,211
1344687,205
1031647,231
1294819,211
1152672,213
1415430,182
1120552,69
1329211,105
1077637,115
1269584,131
1320063,144
1243523,192
1443457,160
1091205,173
1059392,144
1381859,44
1203139,84
1468809,115
1097142,139
1494739,233
1133318,172
1489756,198
1478252,173
1158974,97
1312320,118
1140924,156
1450893,197
1149920,169
1165858,190
1098563,241
1373446,239
1129872,208
1392880,183
1468382,56
1486459,74
1457277,100
1160131,151
1107036,158
1313365,213
1114748,174
1492680,193
1338998,170
1369288,397
1097299,371
1288385,351
1075490,337
1276034,334
1335661,296
1263819,368
1307045,285
1023914,293
1438726,229
1107949,235
1255934,118
1049619,130
1102290,137
1010584,164
1079013,167
1239770,215
1415070,229
1234331,231
1147425,202
1159953,320
1484891,303
1076815,291
1375783,266
1057460,271
1047283,251
1282357,312
1019252,276
1180163,261
1403728,216
1399943,28
1031064,167
1285677,167
1422692,128
1472670,125
1245179,167
1098339,130
1415077,321
1167273,290
1478601,294
1085278,265
1413452,282
1282205,257
1050183,307
1090747,312
1326067,308
1355437,230
1147147,269
1366465,267
1081854,254
1099585,222
1033845,452
1027173,330
1053974,298
1149325,267
1485355,267
1114099,208
1192440,155
1302703,144
1362241,165
1170120,185
1134558,204
1083778,194
1359599,246
1146050,258
1243817,259
1385751,202
1318214,97
1354676,118
1043464,130
1095610,163
1445857,157
1165646,218
1109736,197
1250867,198
1104719,167
1161020,33
1433370,56
1209170,76
1031572,101
1069568,175
1406673,152
1485136,157
1380450,164
1457409,160
1189724,146
1277505,97
1071404,93
1194259,121
1492522,145
1483263,159
1300957,162
1391820,211
1444828,197
1235646,208
1149262,184
1051940,26
1172631,49
1248197,97
1241439,128
1429867,126
1169083,165
1017091,136
1233024,31
1221654,69
1228894,85
1344123,109
1374880,132
1347248,175
1225854,151
1126089,167
1104094,150
1260322,244
1300752,257
1035344,207
1371644,225
1308196,246
1412339,236
1039687,267
1331189,272
1424339,256
1357786,222
1449682,56
1319818,79
1169218,98
1221116,129
1216692,160
1429369,169
1131747,208
1041188,217
1319940,216
1408109,186
1157877,32
1014711,54
1238324,248
1167321,245
1282806,161
1207621,146
1438842,127
1431659,85
1493848,113
1005859,125
1117230,147
1316073,199
1495277,197
1367997,252
1278946,194
1390076,216
1410654,190
1285811,56
1485817,92
1286176,113
1032676,158
1092650,160
1396008,127
1041864,180
1335428,175
1052206,168
1279988,152
1453255,61
1119599,83
1429851,104
1289928,127
1064150,186
1235639,193
1108801,205
1480216,191
1478575,187
1157233,163
1415890,49
1327054,66
1175553,88
1305943,120
1457199,150
1364840,145
1498709,193
1125965,184
1035490,146
1101134,142
1013760,203
1239109,215
1122956,213
1483182,205
1067620,227
1107810,210
1242455,275
1158124,231
1073879,227
1426907,191
1154338,144
1456903,428
1203547,150
1351498,157
1094406,199
1228266,198
1217570,1024
1026120,826
1160422,200
1366903,174
1440445,27
1111819,48
1268765,96
1290397,123
1475801,158
1439793,150
1471569,249
1034052,236
1100285,246
1264101,232
1279549,246
1160529,225
1089518,284
1281168,285
1353592,278
1421768,192
1294900,137
1245219,203
1441584,212
1086294,225
1309019,228
1498185,299
1382755,294
1215093,287
1440248,219
1415276,47
1183251,71
1289437,89
1011312,122
1176696,155
1023764,161
1403023,201
1184878,212
1118194,212
1181673,181
1431945,47
1152849,70
1380942,90
1108913,118
1326790,141
1254119,188
1209328,194
1277966,195
1184480,171
1221985,520
1301321,505
1463289,459
1275946,423
1400875,428
1348564,391
1273247,451
1017611,444
1062279,417
1237961,338
1417054,43
1003607,64
1424179,116
1323747,134
1230958,140
1163294,148
1365966,162
1467823,178
1347467,275
1034811,233
1121415,245
1048682,220
1443052,222
1034404,186
1130574,116
1400224,600
1165216,171
1489607,185
1057854,213
1488677,191
1249972,1035
1096794,782
1187668,188
1164828,166
1428233,344
1094909,340
1332634,323
1226462,320
1022245,325
1082397,312
1136816,373
1478736,356
1468754,351
1392549,278
1015651,66
1092575,85
1168055,131
1157854,161
1053981,159
1487585,154
1088619,142
1460736,28
1396268,52
1270168,126
1279071,124
1068050,152
1348154,158
1149086,144
1430948,322
1125207,326
1191961,329
1079406,301
1402254,784
1313316,608
1389901,371
1434316,322
1200882,1056
1130820,674
1136992,49
1070978,102
1085342,149
1354071,158
1352957,125
1171509,174
1218549,166
1033103,143
1484655,43
1429343,53
1426362,78
1019053,88
1149610,131
1188764,132
1085095,162
1163249,167
1200526,143
1359182,156
1190919,143
1318614,160
1106674,167
1484037,197
1145685,180
1477155,232
1370445,227
1437300,229
1333249,182
1244747,47
1468842,211
1326759,215
1011416,130
1297084,124
1233664,144
1100085,128
1330971,72
1138077,101
1352006,146
1487542,134
1108221,168
1139998,162
1472724,212
1359856,200
1026021,198
1097467,171
1209010,40
1203418,62
1288697,79
1466637,105
1412357,134
1473386,135
1315013,174
1046348,169
1351338,167
1337583,151
1247118,181
1155168,190
1023555,187
1189141,198
1294514,228
1170464,213
1032841,273
1319448,267
1372525,271
1197527,217
1104829,86
1091408,120
1100655,145
1212272,178
1139167,176
1208032,187
1089775,247
1287888,202
1468614,207
1199908,183
1265084,62
1413660,79
1204209,97
1202448,123
1461934,152
1399020,161
1428777,179
1084734,194
1251697,192
1143725,168
1248669,93
1492080,106
1125820,128
1240530,147
1182284,222
1161715,210
1397460,220
1397576,201
1085214,201
1041296,171
1317327,53
1124007,86
1001431,121
1454242,136
1207961,183
1168512,150
1388227,171
1149006,146
1389070,97
1077085,126
1262049,145
1374006,174
1192491,169
1046377,229
1149415,222
1057610,217
1037961,187
1108246,189
1143509,207
1105358,233
1100472,233
1423581,247
1175539,232
1331445,288
1293935,245
1023451,240
1049464,216
1309583,64
1230234,81
1461709,104
1408980,133
1488053,174
1274689,182
1041473,237
1166260,182
1461337,206
1206736,181
1056913,393
1056567,360
1323239,342
1466159,334
1333540,325
1282979,301
1338001,372
1334066,284
1454911,285
1096576,227
1325572,167
1061707,113
1318381,145
1127586,176
1076352,194
1207706,192
1051075,240
1178070,241
1471943,248
1050157,213
1175530,207
1158903,199
1169201,213
1031727,204
1356784,221
1294357,207
1169953,261
1414115,229
1030541,228
1062207,188
1006290,169
1106911,188
1398536,124
1263867,125
1016670,143
1171413,145
1153425,131
1014174,283
1059918,261
1434673,260
1437796,242
1209418,262
1340261,237
1453426,297
1073580,301
1125848,296
1499035,233
1295338,388
1222180,362
1165274,351
1237456,311
1069738,490
1014169,548
1127003,356
1266348,319
1334765,302
1463681,252
1030133,187
1006565,158
1135300,196
1232307,203
1436481,224
1083483,186
1218091,281
1456658,298
1092475,286
1433866,230
1176492,63
1353610,83
1089484,108
1072876,122
1453728,155
1002461,149
1125670,201
1229468,188
1347887,194
1251976,166
1314783,34
1116236,54
1376495,76
1119344,101
1458904,175
1052692,149
1260776,159
1378898,162
1112041,162
1438832,146
1248265,74
1195954,86
1381379,107
1281126,125
1498748,157
1284086,163
1293530,213
1436975,200
1122080,196
1363954,26
1208670,70
1395641,97
1115606,131
1032783,128
1313008,166
1381034,164
1128691,162
1092234,33
1142469,74
1418236,90
1285563,110
1252304,147
1127538,139
1084154,189
1197924,160
1337255,169
1185867,143
1363671,196
1289303,188
1004740,207
1204926,214
1118823,213
1377335,223
1266794,271
1137166,280
1014502,277
1278599,226
1410185,116
1065002,127
1201146,137
1295967,160
1478836,187
1263028,185
1047818,234
1181209,235
1043905,236
1033551,200
1231479,37
1309569,56
1068192,230
1494564,223
1227142,131
1456193,174
1191448,155
1360848,131
1085163,138
1499564,146
1191755,162
1022893,174
1472361,224
1433295,226
1373742,282
1038419,212
1254866,238
1227242,204
1471032,65
1072191,126
1224559,149
1199250,186
1280019,176
1069118,125
1082440,184
1049894,176
1249689,172
1100757,151
1373418,86
1425889,99
1262003,115
1110029,138
1079214,204
1009321,198
1055383,219
1235873,198
1186917,194
1151999,165
1207102,60
1192156,76
1226763,97
1434274,124
1337949,155
1040562,151
1160472,198
1156193,191
1248747,147
1227492,143
1099568,217
1275063,219
1253582,207
1043906,199
1436089,221
1026803,211
1190415,262
1128432,225
1029605,224
1263106,188
1183611,294
1481991,759
1178623,244
1409516,289
1157955,300
1185489,277
1452021,1123
1210378,893
1031376,262
1177597,217
1409502,25
1257355,66
1413100,97
1211003,125
1096378,126
1345861,164
1421914,162
1276698,267
1103064,249
1057956,248
1405565,247
1202685,245
1366788,230
1338435,274
1447615,288
1409269,283
1197167,227
1035001,228
1350978,232
1306161,238
1366727,221
1380882,247
1233397,237
1332984,293
1144564,266
1304218,276
1395217,214
1065392,89
1066756,107
1370689,123
1186797,148
1183418,176
1177408,177
1282300,216
1460464,220
1089717,222
1156808,188
1495432,64
1297290,85
1100886,104
1464389,128
1251720,159
1239853,165
1344807,211
1189431,213
1327017,207
1211035,178
1001797,698
1131807,638
1494899,567
1268958,511
1288154,494
1203405,441
1040370,526
1044833,498
1350447,476
1347690,393
1044455,52
1477801,70
1094263,99
1348081,133
1457172,133
1235797,170
1091749,168
1462573,164
1244735,150
1242870,171
1024593,187
1368146,190
1153680,199
1298252,338
1444981,278
1261913,267
1404886,243
1061342,237
1172110,197
1272052,123
1275436,471
1352301,134
1088922,136
1142032,181
1009193,166
1184241,1000
1274934,727
1320020,380
1155127,164
1207458,353
1408017,331
1090667,320
1397788,327
1227739,324
1362484,310
1097531,365
1082537,356
1484097,351
1325444,270
1251276,35
1309343,56
1103196,106
1394008,137
1047128,133
1340919,173
1342347,172
1478158,124
1358927,48
1062782,69
1011715,84
1214193,135
1366131,133
1189909,175
1307236,169
1220551,164
1402459,42
1392162,64
1446122,72
1043188,103
1230082,135
1305994,130
1348778,174
1002960,180
1489067,176
1269724,159
1045443,374
1326150,381
1467198,384
1027897,351
1432174,960
1248475,704
1393876,409
1162245,378
1274195,1084
1261856,759
1334116,42
1185549,89
1493370,105
1357046,167
1230268,149
1280515,120
1165845,152
1435470,159
1410218,144
1427121,54
1419156,71
1226413,89
1384055,133
1246091,129
1067532,165
1464252,160
1133732,158
1223903,153
1045510,107
1391305,125
1226448,134
1107663,160
1341061,178
1362854,160
1498099,223
1209334,216
1135795,214
1315178,185
1130481,50
1463428,236
1278200,211
1393458,133
1391624,174
1270020,155
1225582,132
1063501,122
1357869,135
1014892,158
1247520,159
1336840,183
1211469,179
1059036,228
1176566,211
1132246,206
1292348,178
1254416,42
1276415,62
1070659,79
1329123,106
1160584,136
1428803,138
1466539,159
1091359,164
1486528,148
1432211,74
1330381,88
1034776,110
1131866,136
1143621,164
1002286,171
1085415,212
1134920,220
1341225,219
1415100,187
1252167,211
1051889,207
1439963,204
1324815,216
1437561,241
1188982,230
1407599,278
1290623,279
1359200,284
1118472,226
1311604,120
1031757,168
1056240,175
1474016,174
1180599,194
1320888,201
1009958,280
1020232,214
1336350,218
1381030,193
1003702,74
1297632,91
1315655,113
1189968,135
1369244,161
1091740,166
1214002,209
1186897,205
1161849,201
1115766,175
1365940,111
1027637,128
1378297,145
1253091,156
1126539,232
1327372,214
1401921,227
1104114,209
1459400,212
1263309,181
1336623,75
1075826,115
1085349,127
1110209,141
1103290,164
1267654,158
1216595,205
1097353,167
1212254,183
1084827,161
1371347,152
1155726,159
1240789,174
1171370,186
1265660,206
1018252,210
1493141,248
1093559,250
1447467,243
1473259,192
1347256,115
1394977,144
1392377,163
1310599,165
1195053,207
1275321,192
1051713,259
1184351,210
1113836,214
1132798,183
1436870,101
1409226,116
1150362,132
1228678,154
1369151,201
1227977,206
1206279,264
1372105,198
1380214,225
1339516,192
1389987,482
1072901,444
1203450,400
1455635,390
1247179,369
1278100,342
1448482,422
1459132,313
1442394,313
1131544,247
1181234,149
1273574,110
1455968,155
1233302,168
1443559,190
1347087,188
1041709,237
1349855,244
1198557,244
1221492,211
1465453,218
1333678,221
1090753,222
1462747,213
1177417,230
1193051,215
1196763,273
1278502,237
1185545,231
1481698,196
1404091,36
1461497,54
1173571,168
1083108,182
1002205,128
1447555,125
1319625,166
1176790,149
1238226,132
1391315,52
1113235,71
1163319,88
1190560,119
1404369,149
1264727,148
1482729,199
1058895,188
1238793,147
1361780,143
1478370,384
1411161,368
1408190,353
1409562,320
1456972,316
1276208,289
1490001,363
1486353,365
1000127,357
1366757,276
1346060,459
1366689,472
1152927,426
1085039,379
1308005,682
1416818,687
1157372,412
1035677,363
1043744,345
1275513,300
1427226,66
1428931,109
1482270,126
1337955,170
1074040,177
1223872,195
1056054,245
1045111,201
1466260,115
1271724,121
1362659,136
1466995,164
1019525,185
1013636,173
1026870,232
1368359,212
1495646,215
1364816,185
1170240,35
1039898,57
1412137,80
1169338,105
1042017,190
1287984,160
1498396,162
1176996,163
1077306,163
1491374,146
1145664,111
1066734,113
1374651,144
1279324,155
1409608,184
1009256,173
1157723,228
1071832,227
1076420,229
1331136,195
1346673,63
1452741,93
1468212,127
1230784,158
1190650,157
1047101,155
1420224,88
1005457,126
1404012,176
1323173,149
1190479,154
1444164,138
1322332,151
1393220,155
1195731,163
1037225,142
1290352,199
1369208,198
1399477,224
1464990,283
1191994,232
1317160,220
1291135,227
1304893,240
1260429,242
1430497,243
1140847,259
1151498,248
1217377,278
1443512,294
1353405,290
1107486,242
1317910,48
1368716,371
1010055,224
1081143,165
1010965,161
1016213,150
1263775,127
1189397,84
1405401,103
1266638,120
1276585,144
1180684,202
1059213,208
1344474,267
1438853,202
1363716,189
1250158,49
1152407,107
1496385,108
1304461,180
1069061,165
1435255,133
1167009,189
1245685,183
1232151,167
1078016,144
1474949,88
1096408,107
1121882,129
1108739,146
1347317,211
1110144,206
1442709,222
1036582,203
1412982,200
1324501,171
1073283,76
1411916,89
1263486,109
1050056,140
1123493,161
1020169,159
1186919,204
1214037,198
1457953,153
1155273,144
1123649,267
1358951,308
1095885,260
1188104,239
1109153,251
1498548,240
1242079,308
1282712,268
1197982,257
1396460,211
1367131,371
1413681,999
1487661,300
1219708,326
1460528,318
1468717,302
1452919,1421
1149490,1088
1391982,282
1198228,239
1426036,22
1120019,43
1072591,120
1020410,119
1078483,158
1128180,155
1325280,154
1278821,377
1436586,361
1029722,356
1134426,322
1261036,305
1178195,286
1086893,341
1170114,352
1038318,340
1088809,277
1133401,116
1189592,143
1170403,146
1003089,171
1299976,177
1180067,139
1245737,279
1209341,263
1009944,268
1341596,185
1386673,166
1234362,174
1288681,171
1493343,191
1265338,210
1121206,214
1032317,263
1455226,265
1411958,244
1141862,209
1419869,41
1021598,64
1352516,87
1356988,118
1108704,452
1349640,403
1233603,414
1240827,367
1054033,386
1398644,349
1303762,429
1272724,424
1423160,405
1055961,321
1260085,18
1403827,92
1481291,117
1432968,169
1452142,172
1249247,191
1379067,194
1105641,329
1073716,262
1045265,264
1296384,238
1031252,230
1367777,201
1434558,145
1253275,1127
1052291,144
1212523,168
1397951,190
1112208,181
1045583,1192
1052724,870
1052729,223
1330575,170
1029294,347
1013001,316
1081183,307
1485036,314
1256807,325
1203716,306
1414123,373
1250749,364
1434042,359
1048122,283
1116916,49
1004559,58
1348312,85
1090148,102
1354566,138
1102343,139
1049158,32
1210473,61
1161610,74
1443205,128
1425213,128
1249853,167
1223675,173
1076570,172
1148902,155
1388739,389
1007829,384
1159448,384
1295887,350
1446997,1025
1440035,858
1041969,432
1350903,378
1402515,1374
1104654,988
1465066,41
1086170,96
1472881,121
1289905,159
1392324,160
1067586,126
1001468,171
1067176,181
1359146,163
1323950,143
1062551,63
1034912,67
1203135,78
1048644,92
1180443,133
1040065,162
1494499,162
1466396,149
1091873,154
1389761,150
1473048,176
1339668,181
1310744,196
1439011,179
1083428,250
1315271,235
1010745,218
1219262,193
1220063,22
1014438,53
1093831,196
1320813,214
1346889,133
1283548,122
1241028,175
1076152,159
1225059,133
1487998,173
1433590,172
1434557,193
1239454,191
1467330,223
1365830,199
1138191,261
1432490,242
1267627,237
1019901,191
1118233,35
1189202,57
1263331,73
1059297,101
1416214,132
1055724,132
1249086,171
1327869,169
1392951,165
1041163,184
1196547,197
1380448,202
1384588,210
1238821,226
1130148,220
1055993,271
1386679,278
1080744,269
1055252,232
1160680,112
1085396,121
1390416,139
1412215,153
1100598,188
1442542,176
1333339,235
1491136,239
1129473,246
1080418,208
1237295,151
1446998,197
1449484,215
1333400,221
1064627,210
1341028,253
1352502,260
1184457,259
1218820,257
1125676,198
1335892,40
1498333,66
1180295,88
1468730,118
1155218,148
1316740,154
1318234,202
1283246,205
1130000,200
1459415,175
1176325,159
1015877,157
1297507,175
1205048,183
1369188,295
1176486,250
1341438,260
1104071,231
1020171,225
1168271,193
1174176,67
1383428,105
1228081,148
1120872,157
1254272,199
1461596,157
1042497,174
1164067,143
1162719,72
1461189,93
1305167,124
1171637,152
1386951,161
1135964,214
1064678,213
1059530,211
1101560,181
1304645,128
1082523,179
1174789,187
1003698,202
1253157,203
1095952,225
1056008,258
1078061,235
1441886,227
1385303,200
1345375,53
1271433,76
1281895,97
1115907,126
1179550,180
1083637,188
1266241,181
1385890,200
1464689,176
1312971,566
1242304,517
1358481,472
1252129,452
1234652,424
1006772,383
1335737,482
1082713,355
1011159,347
1039116,123
1245920,78
1412193,116
1487103,144
1484137,172
1338495,168
1487433,219
1022987,231
1428133,236
1294128,199
1221310,463
1361824,427
1117178,418
1023369,358
1194420,350
1425859,328
1015144,384
1264805,340
1316991,326
1382469,270
1151863,40
1190515,153
1221392,139
1311200,110
1180736,39
1448616,59
1361892,83
1141506,112
1237245,144
1159657,141
1250645,190
1363943,182
1149041,125
1096323,705
1350701,651
1065455,545
1142409,490
1488944,462
1020912,397
1436609,475
1253895,468
1165678,441
1327823,359
1176823,815
1101710,744
1141921,665
1385350,684
1157741,1150
1151119,961
1161188,541
1315527,481
1369399,433
1460667,371
1194932,140
1115132,168
1264565,155
1075641,175
1246631,206
1411198,198
1140498,299
1313588,289
1315048,262
1383782,204
1027016,140
1191829,143
1112122,167
1479265,166
1126587,185
1195982,174
1314692,238
1493689,230
1039169,226
1401014,199
1413802,93
1374584,107
1224680,124
1029041,143
1175602,264
1447145,203
1300870,188
1483261,197
1413577,189
1176990,167
1181520,110
1025776,121
1177948,142
1203571,162
1209590,170
1058406,165
1304622,228
1301362,225
1232376,221
1348216,185
1323477,191
1060474,201
1494909,171
1236863,200
1315101,222
1021195,198
1091479,316
1258153,310
1404475,298
1332940,234
1171521,179
1434146,187
1300093,196
1119480,211
1297275,231
1120782,230
1457486,277
1146680,274
1134271,272
1281939,226
1232717,56
1246974,74
1070455,338
1050349,315
1023950,143
1426156,144
1381963,197
1030017,181
1000438,169
1119483,152
1349533,276
1449142,280
1337248,278
1200866,272
1290309,308
1418797,300
1164582,366
1303136,280
1347698,287
1493799,243
1447686,213
1146210,254
1403685,251
1476020,290
1018738,254
1130157,195
1046978,248
1331178,237
1257741,231
1322423,198
1261811,151
1141743,159
1370665,176
1035256,186
1479691,268
1400324,230
1415004,238
1038432,231
1336056,224
1187092,197
1193098,124
1458214,124
1039561,146
1074938,173
1223395,195
1456334,176
1149120,240
1172680,171
1116900,157
1269834,485
1056163,445
1098695,419
1178203,346
1061470,353
1354722,324
1066795,397
1170494,365
1488737,334
1097182,267
1425142,413
1005746,1379
1369118,406
1260005,437
1010852,399
1215951,359
1438319,1486
1100299,1196
1081163,372
1459649,312
1180223,71
1238801,77
1070150,94
1165612,120
1480839,139
1157017,145
1156189,187
1287339,183
1307947,180
1217805,159
1385333,661
1009702,565
1479251,537
1253248,449
1245868,412
1031763,380
1477396,434
1489091,449
1485086,434
1276165,355
1371595,241
1228275,243
1456589,240
1393900,240
1451902,229
1484282,252
1353419,322
1477668,316
1093917,286
1415280,232
1060921,109
1441064,128
1036623,141
1334537,161
1131845,191
1233303,194
1052105,239
1130360,246
1140184,244
1097453,214
1016845,137
1177882,149
1297460,165
1119491,204
1043097,186
1427114,202
1149568,254
1118707,253
1021503,234
1338844,211
1460444,1834
1476535,1468
1297121,1187
1141103,1011
1274933,846
1435122,759
1486477,782
1195364,763
1301491,711
1059056,599
1419190,45
1273467,87
1120980,111
1288632,146
1272229,144
1012823,186
1424258,179
1114584,176
1365258,157
1497466,309
1486369,285
1280462,287
1329993,272
1015668,510
1162775,419
1239627,335
1191627,302
1102060,306
1232474,259
1211593,217
1411245,1703
1022614,213
1203568,233
1106084,239
1485205,227
1373998,1562
1062654,1019
1201316,265
1370105,218
1139730,710
1301842,651
1251244,583
1183358,539
1059732,515
1151274,477
1072415,562
1469941,544
1288037,508
1325139,403
1231223,102
1190669,123
1376192,133
1146955,146
1056018,175
1258889,211
1218561,201
1466508,191
1109609,166
1335827,143
1165522,152
1110279,169
1143313,178
1083501,198
1428672,184
1219047,234
1259870,233
1342405,223
1354416,204
1271440,1018
1118621,958
1192681,845
1028746,723
1031614,1294
1392506,1111
1343631,692
1185820,630
1356333,1492
1307954,1326
1336105,129
1187686,171
1489882,182
1123496,219
1322525,216
1477958,163
1462588,217
1098622,208
1207399,204
1465439,177
1198021,171
1474866,115
1311455,127
1033015,119
1090571,181
1232737,146
1300878,201
1483287,199
1188526,178
1270382,173
1306234,191
1378503,178
1296522,184
1478474,196
1111452,208
1428885,202
1078876,263
1426995,247
1310613,235
1284993,202
1248779,71
1286196,394
1311264,317
1389854,131
1467104,188
1471259,171
1498881,163
1130256,145
1062490,270
1043605,269
1026057,269
1468053,254
1150560,259
1110568,248
1162730,292
1358189,275
1257386,271
1061706,225
1052384,228
1200598,233
1264244,230
1294669,237
1425440,253
1145895,242
1144262,281
1076977,278
1054344,280
1377594,236
1115056,358
1292390,335
1166952,328
1384513,311
1093599,321
1367894,293
1119869,359
1070129,352
1394194,355
1002435,285
1180646,354
1485809,366
1211075,369
1313206,389
1494204,334
1434483,311
1099251,368
1025379,319
1477569,301
1055674,250
1010243,148
1037655,162
1401737,177
1022228,190
1097803,211
1076303,206
1480464,258
1233512,256
1406320,249
1423616,215
1246502,211
1302001,208
1073776,219
1363056,223
1471341,370
1253143,311
1453040,291
1301753,268
1404546,262
1392729,233
1451807,144
1409671,169
1122214,180
1211769,205
1437385,188
1217993,208
1161892,267
1229478,263
1213094,257
1297883,217
1012855,332
1418147,369
1286032,371
1099298,356
1479230,308
1179950,298
1124263,378
1184587,317
1029660,304
1357396,266
1463406,305
1418001,293
1342588,287
1161315,269
1046297,319
1153933,312
1231645,370
1287870,281
1193177,292
1487003,248
1230693,838
1398262,778
1345832,671
1267250,652
1432764,534
1301486,512
1069354,598
1245836,474
1275241,447
1463775,352
1196334,434
1402996,202
1493032,225
1264183,234
1052529,256
1110240,241
1382389,297
1313142,289
1317341,288
1122806,253
1274226,627
1352572,576
1295323,544
1299017,447
1252039,434
1030444,386
1454269,445
1228734,388
1427970,356
1125886,309
1136112,51
1339197,76
1101505,336
1339810,309
1392791,142
1184046,143
1105735,190
1154260,173
1488663,165
1042242,143
1034878,93
1259675,107
1355647,126
1267774,161
1347236,190
1000392,179
1221328,230
1284731,215
1446589,168
1141794,155
1466161,382
1068090,264
1041144,277
1491093,278
1172503,281
1430344,240
1402925,325
1323039,306
1382156,307
1065731,249
1216354,200
1130102,199
1030597,215
1379599,189
1359056,383
1186410,387
1398042,266
1146321,229
1441295,242
1354132,210
1479808,98
1366617,117
1126860,130
1002342,144
1463533,193
1180427,170
1146882,224
1256418,214
1085624,208
1398280,180
1156018,31
1466660,56
1217010,76
1327864,99
1001108,166
1476698,170
1150678,160
1286496,156
1223345,141
1198378,150
1347688,169
1098095,175
1101245,207
1084840,183
1318929,244
1077102,248
1381116,224
1192516,185
1338874,20
1278449,114
1278499,59
1218247,71
1349858,91
1020219,109
1240731,132
1187353,179
1250784,164
1473793,172
1168482,147
1091234,40
1110776,110
1228744,141
1008610,113
1011775,48
1268989,101
1306448,140
1259442,144
1045010,204
1418055,175
1043212,190
1061891,61
1091493,85
1446133,107
1193998,145
1286572,161
1215083,127
1031438,178
1064741,170
1296913,160
1227442,149
1465660,100
1186359,120
1288078,128
1393617,144
1445824,207
1353206,191
1368925,218
1376133,195
1410979,189
1016413,167
1363984,169
1325683,182
1340269,193
1345716,189
1115561,208
1200166,194
1014090,256
1477799,221
1308074,215
1083942,178
1314516,284
1244449,856
1073390,313
1062675,260
1441123,263
1355242,262
1317677,1073
1314338,648
1148815,240
1395200,219
1118069,20
1350375,42
1162956,92
1020303,127
1352264,290
1476030,193
1049229,210
1207242,211
1360874,220
1308479,198
1143421,266
1408134,259
1207235,257
1430711,208
1343435,42
1382126,66
1247229,92
1323555,110
1049897,145
1028424,147
1017526,195
1329979,196
1129897,193
1415045,166
1220040,182
1275484,199
1272211,189
1290617,209
1321339,248
1458201,237
1219875,302
1085852,302
1334748,305
1224780,240
1389557,40
1224019,92
1002006,116
1058944,96
1439257,129
1197826,130
1161585,148
1078356,223
1164315,219
1117989,225
1037515,199
1348845,198
1009769,169
1399258,92
1111218,563
1282574,112
1167392,129
1184466,162
1271881,152
1352082,853
1277718,545
1070188,179
1159747,175
1445037,204
1332387,221
1146755,214
1125510,221
1468793,253
1474894,240
1246237,294
1468989,297
1264726,304
1023588,231
1049688,79
1212467,114
1225175,131
1235898,95
1023309,149
1344775,151
1131610,150
1103267,143
1003384,292
1118081,272
1105948,292
1191246,265
1141630,544
1483668,546
1004420,349
1077010,313
1296562,946
1299196,578
1257545,46
1104216,63
1330414,92
1212172,140
1470862,155
1180183,157
1476995,159
1303459,157
1170531,141
1370718,39
1191748,55
1280198,72
1301996,87
1364909,131
1011434,131
1458262,162
1217302,151
1194852,138
1049411,111
1182059,123
1252534,144
1233877,159
1297806,185
1339628,180
1203442,246
1061292,218
1070437,215
1400213,181
1480031,122
1486498,129
1160637,122
1095876,136
1161665,122
1215009,127
1340178,150
1197552,167
1397410,169
1104993,203
1051624,198
1296303,248
1209310,229
1129508,229
1169715,185
1463684,36
1378332,56
1426495,73
1331468,100
1079424,132
1357297,130
1416081,171
1196248,168
1089249,163
1173280,148
1313829,57
1448406,82
1010943,90
1268748,123
1065918,156
1306179,159
1045704,207
1403733,222
1096183,219
1457003,175
1316766,195
1379054,248
1184160,277
1464987,257
1492100,263
1133258,231
1401070,306
1105338,283
1179101,265
1078277,231
1255031,125
1213899,132
1405744,144
1410139,156
1424016,237
1459848,201
1269920,223
1451917,203
1325398,201
1045480,173
1345555,58
1131551,96
1191732,118
1103804,129
1483544,163
1002169,157
1228393,209
1442285,178
1276853,186
1005699,159
1394628,55
1491257,77
1020364,95
1254624,123
1427543,151
1483138,157
1264681,211
1086118,215
1218843,206
1303575,176
1137317,200
1181809,264
1263575,269
1020427,247
1247296,248
1459079,238
1432441,302
1489210,262
1173974,251
1180811,238
1004788,29
1090317,75
1221703,134
1040715,150
1304495,206
1189836,174
1231775,190
1147300,170
1252687,194
1185173,201
1002909,207
1024663,205
1394736,230
1427461,202
1093785,260
1066138,206
1006670,217
1163733,171
1196241,56
1368477,101
1311516,139
1041166,177
1484068,186
1370856,192
1151982,172
1395048,138
1390106,155
1299135,164
1317099,162
1445007,180
1072033,177
1320376,236
1108620,209
1288665,200
1389923,172
1305598,16
1193063,103
1237006,129
1036844,122
1310332,114
1225037,593
1176448,539
1014696,481
1145867,417
1293848,414
1202745,365
1319084,433
1401826,449
1398001,431
1316995,344
1449676,757
1366789,668
1009292,629
1464786,557
1376394,863
1076725,780
1488081,554
1300625,492
1457308,420
1222485,344
1309910,61
1487690,109
1261902,96
1063994,113
1238329,170
1383592,241
1236789,242
1450849,242
1210423,205
1118582,135
1250962,157
1371087,169
1061066,172
1075569,184
1396314,170
1126504,238
1021878,232
1483622,234
1166168,193
1460628,55
1425569,77
1013855,93
1117835,119
1037894,240
1343359,183
1325050,172
1373136,176
1414505,169
1011546,151
1302852,131
1295333,134
1476917,156
1237095,169
1166445,195
1367644,183
1036146,235
1400369,229
1221061,236
1304194,195
1092414,24
1145112,67
1021476,96
1455251,131
1265514,127
1098944,167
1381205,166
1396028,144
1402074,72
1496715,118
1376888,124
1037634,137
1143415,166
1293724,156
1421169,210
1197088,175
1278646,185
1133390,157
1064688,83
1450648,110
1302322,113
1272093,141
1223262,182
1429672,188
1110449,240
1322057,254
1076835,234
1214700,211
1223704,274
1476902,271
1265371,265
1130424,265
1198811,269
1045236,257
1309125,301
1495133,298
1338580,293
1408893,246
1293143,42
1312686,66
1262037,322
1093130,254
1104439,132
1223276,136
1428246,184
1166219,170
1433812,160
1029438,140
1394412,170
1463475,173
1073615,180
1312562,188
1104551,250
1170391,304
1211759,315
1280831,224
1122865,244
1364734,219
1425711,88
1374100,178
1159933,172
1371677,232
1217301,186
1239629,136
1147289,197
1100532,192
1397074,186
1218270,162
1084541,124
1078304,120
1060861,146
1090108,160
1394990,240
1354562,229
1251620,225
1237932,217
1381017,212
1044217,192
1459390,75
1373833,92
1001171,114
1454798,141
1075821,169
1064096,161
1073773,208
1197565,203
1315474,156
1219768,351
1338022,347
1229678,338
1109532,290
1494638,299
1032122,278
1165413,349
1475544,305
1387338,286
1410167,229
1172350,408
1058305,1294
1441315,359
1226927,390
1148821,362
1169225,323
1047892,1775
1327045,1363
1435007,317
1477335,259
1187218,35
1473646,53
1445208,74
1128443,97
1007092,128
1177336,129
1308369,152
1169740,156
1437845,143
1305204,591
1169115,502
1485207,470
1133327,413
1144895,393
1265135,343
1217432,399
1465199,434
1127418,411
1065475,352
1208945,191
1205027,122
1370543,188
1184858,163
1241780,212
1257683,181
1127095,283
1402380,291
1271788,292
1417694,207
1016090,173
1378218,180
1490162,187
1007961,198
1048476,221
1363750,214
1377977,254
1177453,261
1096484,256
1490021,217
1158592,65
1220323,84
1079738,103
1272815,131
1082719,163
1428980,166
1307591,213
1244359,219
1309989,213
1129187,186
1373369,1460
1159100,1278
1078309,1092
1444543,921
1403090,752
1091288,678
1357059,761
1258709,720
1016250,670
1291439,583
1035769,26
1141007,49
1092629,71
1470124,129
1270442,130
1032642,169
1499459,166
1465076,164
1378578,151
1271294,250
1297171,225
1484782,245
1125260,238
1044825,411
1403738,315
1419512,297
1407678,279
1097909,265
1308103,229
1064482,130
1344498,1294
1019358,141
1197065,173
1014215,199
1465986,180
1221712,1375
1343053,1023
1150330,213
1064636,187
1171380,677
1257945,679
1164850,610
1317829,552
1494403,522
1372964,510
1028254,590
1394819,585
1239193,532
1466747,453
1456648,88
1035374,85
1154323,92
1142259,108
1449907,141
1083651,157
1193931,157
1317257,143
1260574,53
1430521,67
1009487,87
1302905,115
1164224,151
1005212,145
1353130,185
1051730,189
1057003,189
1024922,161
1047047,717
1012909,656
1446430,636
1004539,617
1297841,1379
1190458,1288
1300063,577
1483559,498
1492798,1647
1289811,1389
1236266,60
1042049,116
1156490,132
1040519,184
1233817,154
1209622,125
1344427,182
1232899,177
1435021,172
1397443,150
1106569,102
1370150,83
1290947,95
1053250,99
1093368,146
1100342,143
1040528,137
1236914,182
1178409,199
1276499,205
1292548,208
1091700,215
1201373,207
1179723,258
1021693,252
1383719,243
1171600,210
1325197,57
1098189,254
1389806,257
1346354,121
1343497,178
1018121,148
1147448,130
1439086,170
1297322,185
1392169,203
1180066,217
1125019,204
1091233,211
1148765,277
1422960,260
1269068,254
1464291,196
1242518,50
1059185,67
1340927,84
1227103,109
1083081,138
1476267,139
1442954,179
1310205,176
1462837,172
1233491,156
1342926,336
1165718,314
1127141,294
1253795,287
1312242,294
1427198,273
1326605,317
1135723,310
1303003,302
1255517,248
1334250,239
1226115,242
1221502,240
1129603,239
1300912,308
1066331,280
1055924,343
1135533,331
1412599,323
1381463,274
1018619,254
1280720,284
1495944,290
1039816,308
1022447,285
1095815,263
1166087,325
1116674,298
1342580,287
1100337,239
1403792,70
1243588,94
1375821,111
1009681,136
1125124,161
1375223,184
1334811,206
1111727,214
1203809,208
1124837,182
1006036,226
1089355,215
1023077,214
1088502,216
1154308,358
1361686,284
1001984,271
1265825,258
1370764,250
1102828,211
1004325,72
1376221,119
1478833,135
1478982,160
1394276,160
1076577,209
1165520,175
1238261,192
1498440,164
1181820,87
1346625,104
1062616,123
1207682,159
1178918,188
1301717,172
1283401,235
1376997,237
1274050,235
1071845,208
1391787,219
1387016,244
1457848,247
1419824,237
1458527,235
1045618,256
1341626,281
1231600,259
1419408,253
1493367,223
1045597,81
1315063,105
1236135,121
1099461,147
1200980,210
1396714,277
1344886,336
1099376,206
1473464,228
1172936,196
1174606,933
1463004,805
1383441,685
1132416,684
1486024,598
1475054,526
1480696,619
1392220,470
1218477,447
1391805,362
1380357,285
1284608,124
1497786,150
1257181,174
1329389,212
1131741,212
1333616,258
1149680,255
1254249,260
1055471,227
1074653,473
1394503,433
1395980,422
1256087,371
1149138,356
1423280,332
1038388,388
1410171,353
1317093,332
1296819,284
1481530,59
1325113,210
1260387,174
1404040,135
1090120,128
1120131,174
1472113,161
1331429,150
1180567,140
1381332,82
1137404,100
1258488,128
1013599,155
1163018,158
1083750,202
1355784,199
1273699,131
1221446,389
1074066,214
1265692,250
1454467,252
1109664,261
1259106,250
1353996,303
1449409,303
1393405,284
1347221,225
1270817,211
1044231,221
1202376,208
1475127,192
1425943,503
1190637,443
1066705,277
1443612,220
1074216,230
1287822,180
1325209,48
1203492,72
1182168,104
1278151,124
1007474,160
1458641,160
1054272,212
1238139,214
1255484,200
1063187,160
1437236,46
1014725,64
1296501,86
1270123,112
1122246,205
1315303,197
1077352,174
1118613,176
1315359,169
1067323,146
1250269,63
1408921,95
1277776,99
1182721,121
1055751,160
1311052,169
1005347,205
1143886,193
1494235,166
1374299,91
1312726,115
1047397,157
1067203,145
1285850,58
1342935,73
1210576,95
1416916,114
1238947,144
1491185,140
1023806,186
1253183,159
1450451,169
1203153,144
1294764,41
1021481,112
1388663,128
1005817,123
1052769,138
1463481,121
1345403,74
1214405,137
1360048,149
1379939,211
1450536,73
1110389,95
1328210,128
1479518,198
1317775,146
1244418,140
1490466,181
1344579,168
1406296,157
1332403,145
1263164,99
1228342,111
1423496,131
1194920,150
1354931,194
1038199,182
1497822,225
1439583,207
1207936,196
1334538,168
1346629,52
1444033,72
1428610,129
1084617,127
1072459,170
1143336,150
1078228,155
1240376,138
1129647,183
1371024,191
1337771,218
1272173,195
1250737,227
1395336,212
1077178,262
1412257,226
1133657,217
1141832,182
1005610,603
1051619,801
1291501,521
1224135,447
1452525,410
1241673,375
1130888,1258
1136512,837
1198927,371
1379462,304
1328618,18
1084551,42
1492201,91
1388229,123
1116211,127
1025464,117
1172770,137
1432452,155
1025860,176
1295788,154
1185678,210
1210461,226
1405891,225
1164030,189
1191446,60
1405911,108
1047099,140
1492888,143
1167184,196
1400097,197
1423468,198
1192481,169
1113951,155
1075058,169
1395991,183
1060374,198
1344988,238
1379139,218
1216578,277
1347909,288
1124487,295
1314422,223
1133017,93
1122672,125
1208622,127
1174195,122
1052297,113
1436823,128
1076795,136
1403006,156
1076963,194
1191952,186
1235630,238
1238367,213
1427300,212
1032658,175
1207270,214
1161743,576
1298916,351
1026022,225
1193241,219
1171101,218
1164137,973
1321775,613
1378647,243
1231116,194
1095435,183
1323949,176
1395799,174
1145737,187
1238384,227
1042036,215
1351219,266
1085203,275
1371386,283
1219723,204
1374416,33
1189323,127
1337676,123
1003680,163
1022823,156
1082992,151
1474734,140
1342334,55
1175207,70
1033599,84
1129747,103
1057371,132
1495511,127
1354900,169
1425005,167
1368872,159
1433769,145
1349382,47
1250534,60
1080873,83
1139207,133
1018091,129
1147190,175
1128435,165
1157339,160
1276177,397
1450019,405
1174173,401
1261967,386
1107899,617
1287052,591
1234527,467
1498591,391
1147438,953
1228840,656
1114215,53
1179414,77
1177028,101
1216396,156
1248865,142
1060936,138
1402609,174
1011086,164
1201586,156
1102627,146
1175109,59
1279214,76
1443674,119
1422706,78
1221151,94
1131821,113
1490426,133
1049070,161
1169917,163
1327124,221
1112819,208
1323892,199
1456199,174
1330908,100
1351797,119
1229044,120
1101241,114
1161125,159
1060114,147
1015937,128
1410873,186
1174564,206
1191920,202
1125314,208
1062361,222
1475531,214
1373526,259
1219223,232
1345121,235
1316865,190
1194915,33
1391656,75
1248453,101
1089414,133
1101295,134
1455678,155
1381518,161
1301363,144
1363338,95
1408074,106
1204391,121
1153172,142
1385784,184
1094777,173
1287845,223
1052223,226
1087971,231
1015674,187
1013988,471
1103117,436
1424721,428
1452145,383
1114030,352
1415291,339
1025202,403
1064176,358
1265298,338
1282575,284
1370636,88
1148724,100
1293002,120
1198272,143
1263025,177
1125955,172
1366177,221
1150078,201
1217839,197
1264814,170
1035972,115
1444561,109
1111719,130
1182641,143
1305667,169
1303118,160
1419860,202
1222718,171
1090797,191
1443743,160
1371785,51
1474865,72
1163334,92
1402147,122
1294333,151
1131529,159
1416476,209
1237795,214
1168507,209
1306170,180
1076467,379
1379585,332
1434055,355
1019051,302
1342691,300
1210023,291
1254730,352
1028198,311
1215471,300
1484039,247
1344207,37
1132553,60
1036433,81
1199141,110
1443462,158
1413086,166
1397477,221
1307344,184
1205066,203
1307499,176
1067824,214
1273706,235
1042603,230
1090725,226
1350396,245
1238736,222
1471183,281
1229870,219
1497134,231
1120206,176
1234483,68
1238365,55
1078467,90
1006405,149
1066302,144
1214466,197
1265100,203
1237497,211
1269056,179
1015263,207
1060235,205
1174360,213
1479343,206
1247572,217
1033654,214
1260212,274
1010680,239
1296051,224
1387077,188
1162720,74
1012076,101
1338102,122
1205675,19
1152949,41
1458882,114
1237811,378
1033758,361
1499951,341
1053599,318
1404089,323
1418689,295
1285966,363
1234568,375
1242215,343
1077297,286
1231512,482
1117072,465
1091750,437
1147110,383
1027059,800
1363829,525
1060391,419
1296093,385
1411783,340
1076732,301
1102338,159
1167549,197
1152757,197
1103421,199
1408137,206
1250988,220
1315404,279
1275358,282
1256963,271
1427933,228
1306276,112
1112398,120
1457331,153
1202120,157
1321446,186
1029940,172
1274550,233
1179351,229
1308289,218
1202474,180
1306442,40
1287716,60
1317791,84
1104534,105
1426930,192
1347464,159
1018032,163
1450217,164
1356206,165
1393103,146
1281383,88
1239082,100
1018331,129
1290273,151
1022303,174
1328781,161
1321002,227
1466438,219
1021318,216
1362220,181
1282522,26
1208631,49
1119538,98
1414474,128
1219364,127
1253166,166
1349187,163
1458875,143
1115978,89
1351227,109
1109039,122
1117896,139
1472568,178
1492493,129
1036719,246
1442242,226
1290442,216
1461010,198
1263119,221
1171474,215
1068463,282
1098663,258
1285209,285
1379975,210
1004280,94
1468273,107
1054292,126
1411885,148
1272392,177
1298954,181
1449468,225
1027500,234
1074865,238
1306435,203
1402334,40
1249185,61
1350424,391
1027208,324
1444476,133
1274272,132
1099884,179
1445659,167
1176168,160
1129742,138
1258874,179
1345579,179
1308325,192
1210380,192
1392336,247
1197638,250
1129536,314
1261211,234
1432540,249
1132812,217
1140900,67
1035004,147
1328690,149
1236944,213
1072931,168
1214395,126
1217642,186
1058775,177
1233784,170
1027593,151
1423030,139
1486929,138
1036243,153
1380531,171
1028031,234
1357262,210
1076524,230
1166204,214
1006312,211
1287529,183
1088111,66
1474529,91
1143054,116
1258914,149
1441756,148
1006816,197
1284992,165
1302350,153
1441293,142
1494423,301
1037582,292
1186135,308
1035444,268
1412430,277
1471318,261
1302798,317
1140942,294
1352739,273
1444822,223
1180697,434
1288985,1160
1498800,384
1062934,368
1002696,359
1204196,345
1416492,1668
1113253,1156
1353961,318
1320692,269
1224947,29
1418302,53
1384132,69
1252877,121
1161599,124
1173529,160
1407391,153
1391735,384
1095368,363
1291104,340
1164263,293
1236985,304
1397015,282
1202662,343
1257054,349
1188918,339
1307324,268
1061800,248
1306774,231
1010856,232
1099608,247
1115724,227
1125554,237
1140698,312
1220959,307
1389206,277
1268227,236
1240408,108
1235156,131
1262731,143
1249918,164
1313158,188
1460940,189
1357469,233
1485800,236
1006987,239
1456848,202
1285816,102
1277532,129
1119159,141
1365522,154
1251959,179
1134918,166
1281698,215
1170505,227
1460584,186
1170339,183
1359066,863
1328835,814
1375031,708
1180363,581
1079995,563
1468705,515
1041884,607
1161571,586
1049477,539
1363599,443
1233504,29
1459135,52
1418509,71
1493410,100
1040420,133
1030025,132
1290035,169
1184610,168
1093868,145
1235293,236
1051981,201
1388536,221
1112176,223
1150649,377
1114185,271
1306071,276
1382323,261
1014526,251
1103982,218
1111935,186
1258199,1210
1377853,150
1203979,190
1019804,213
1406890,198
1357343,1268
1415791,896
1013842,220
1325819,181
1191706,561
1131459,525
1336230,487
1425283,447
1320850,421
1057220,399
1490464,480
1245748,458
1433608,424
1027214,351
1080063,57
1126189,92
1418559,106
1424045,133
1463075,166
1474709,164
1124673,140
1194601,36
1262092,58
1223819,86
1165334,106
1298535,136
1090792,141
1491705,176
1438548,177
1124545,176
1455070,158
1239125,432
1333514,381
1380095,383
1140243,337
1160343,743
1243839,617
1021807,440
1130037,399
1440281,1467
1273879,1075
1265408,41
1151818,92
1346361,115
1292333,171
1252777,151
1267738,119
1063344,170
1068820,165
1260624,143
1452241,107
1014950,64
1067474,94
1401322,93
1204393,141
1435552,167
1303906,159
1038580,146
1019593,204
1251424,208
1222327,215
1217414,206
1162493,223
1065461,210
1094705,268
1035017,258
1286859,256
1046651,219
1455922,37
1137631,290
1040830,250
1294878,138
1247132,133
1010388,180
1363337,165
1325129,137
1142696,254
1301239,240
1084390,247
1072219,230
1338035,249
1009375,238
1037247,279
1282209,263
1208037,257
1457135,213
1320138,44
1220238,64
1478119,82
1019734,107
1055862,137
1354636,138
1014814,160
1270332,165
1081737,66
1407633,83
1014398,100
1491825,127
1270741,157
1040458,167
1093081,206
1479989,220
1295162,217
1293636,189
1051218,342
1096610,341
1109216,318
1491934,299
1325802,314
1279856,289
1041468,353
1038351,336
1312390,329
1077444,266
1034569,177
1348908,193
1356772,220
1449864,235
1382979,209
1417525,221
1289590,278
1140301,248
1107381,245
1049531,211
1330395,83
1304104,97
1463362,116
1322487,141
1076412,163
1358172,165
1101734,215
1310017,214
1060069,213
1197296,185
1180839,174
1344920,176
1004828,180
1266015,194
1235237,324
1156851,244
1324338,254
1321628,240
1257443,231
1417117,200
1463442,70
1127666,113
1184220,119
1451779,133
1005436,158
1178960,156
1288797,209
1038899,172
1264535,184
1343261,162
1090050,133
1447677,137
1280003,157
1285815,181
1089192,184
1200656,191
1171313,249
1235880,242
1449369,243
1287691,204
1299126,132
1079774,166
1332266,185
1229811,187
1062210,196
1062104,199
1104032,275
1328757,238
1493096,228
1371361,202
1464606,114
1444631,129
1202718,143
1488002,163
1153686,217
1007842,219
1425079,280
1197475,211
1437825,203
1015345,454
1359792,460
1389163,416
1002689,411
1280135,403
1228164,364
1068045,448
1068382,341
1127032,340
1475728,266
1324560,197
1149962,107
1161738,146
1270394,176
1266485,194
1099379,194
1404662,268
1396212,272
1025197,271
1437767,231
1242898,336
1087842,336
1374875,310
1333723,291
1206548,297
1193522,275
1055113,341
1319063,296
1033641,285
1349975,231
1086605,38
1491536,53
1381527,243
1490168,222
1115261,129
1470240,128
1343554,146
1003166,146
1076264,131
1198829,42
1436892,63
1336163,87
1359435,114
1406006,148
1228411,142
1095767,188
1479107,185
1433670,148
1112065,143
1170791,241
1345683,218
1433582,233
1228255,233
1312287,248
1193512,215
1443615,277
1430898,281
1492660,265
1307783,208
1227060,318
1174088,305
1456565,303
1420269,263
1304477,426
1308904,484
1077994,332
1495715,287
1399551,279
1183503,234
1195179,131
1441260,146
1454430,141
1044544,163
1203407,184
1292029,184
1222883,238
1037300,221
1221223,224
1462723,188
1402079,40
1324129,61
1310176,79
1395065,104
1399254,186
1422826,191
1322590,164
1403469,165
1432116,161
1113063,147
1332509,138
1446201,152
1149507,163
1415178,171
1053667,192
1197479,191
1123521,243
1253597,228
1131618,237
1110181,180
1072892,24
1366226,48
1406814,68
1399900,119
1453972,157
1143501,154
1384906,134
1299966,81
1349681,87
1462077,130
1191532,172
1410443,160
1277208,175
1089516,145
1473125,37
1025898,62
1481945,175
1342457,163
1399342,129
1262038,127
1158328,169
1444289,159
1211619,153
1041733,139
1359903,51
1319788,74
1094142,93
1186546,120
1243712,170
1443685,174
1160800,225
1112142,187
1343542,207
1034394,181
1250665,86
1366207,134
1168628,143
1462832,176
1319647,160
1490847,139
1327465,192
1242046,178
1410134,170
1267932,152
1290868,156
1023440,156
1259984,174
1003155,181
1490242,216
1201903,207
1483945,238
1280071,220
1345002,220
1427380,182
1342252,91
1051272,108
1121108,128
1067445,134
1341870,164
1054616,153
1069917,198
1128963,185
1094414,162
1215898,150
1052668,261
1144863,251
1221336,241
1343682,223
1313499,246
1017949,229
1452342,281
1118519,251
1327104,239
1071026,210
1076214,538
1187657,981
1295030,445
1085476,402
1385886,391
1284793,352
1308836,1217
1205106,908
1101970,335
1021912,262
1277491,24
1318189,43
1284961,144
1396542,139
1441218,144
1308789,131
1170472,231
1326395,191
1102915,198
1490422,199
1338949,217
1400753,197
1281302,254
1262498,246
1373759,253
1020854,205
1079691,89
1373162,109
1313922,126
1470329,161
1043208,159
1498149,172
1209198,221
1130285,220
1350042,220
1015074,187
1390579,287
1436947,290
1045739,263
1318087,279
1223698,308
1436625,275
1383644,348
1045356,356
1121593,361
1114635,278
1488584,22
1010075,46
1363457,97
1078002,129
1380388,128
1147439,147
1138141,197
1236945,208
1369433,209
1379985,214
1424254,240
1441674,217
1280345,266
1022802,239
1166846,233
1377696,197
1173823,283
1217625,639
1164729,275
1326219,258
1068568,261
1003219,243
1278744,998
1066418,745
1410131,253
1298180,222
1473058,328
1463455,310
1248427,298
1173141,295
1471497,312
1455556,288
1305973,342
1456111,346
1311369,353
1084924,265
1394807,116
1002603,136
1345677,142
1174767,145
1237037,173
1477215,159
1266148,197
1285970,192
1347126,171
1239988,153
1424446,64
1380755,81
1179458,94
1013425,106
1207452,139
1404575,133
1461727,172
1083782,168
1318780,163
1154806,149
1222837,45
1494714,78
1452148,88
1442947,107
1105018,145
1182886,148
1475789,182
1224009,189
1092076,188
1190987,163
1435748,491
1301304,436
1110939,462
1390665,396
1445202,641
1429305,600
1093306,454
1122466,404
1017266,984
1398485,678
1426610,53
1068662,89
1419823,112
1072966,156
1186069,146
1490467,126
1123207,169
1494119,169
1405706,162
1211830,147
1457528,67
1208175,103
1257230,96
1211873,143
1321469,157
1454866,156
1101141,160
1221444,145
1438300,144
1190997,158
1053941,158
1083391,171
1187634,198
1154076,189
1373500,244
1102839,228
1083225,226
1165740,193
1196726,31
1364592,56
1458526,157
1008710,155
1014602,130
1010378,120
1084749,166
1442543,149
1458994,130
1337584,187
1031733,198
1106938,206
1481223,209
1448207,224
1061949,220
1470638,263
1202732,242
1091243,241
1260998,192
1095889,38
1008708,62
1234865,81
1388725,109
1053371,138
1369483,135
1189443,174
1338379,172
1069031,170
1429960,151
1186964,115
1202630,140
1269934,162
1339581,193
1436109,183
1101500,246
1023599,249
1442172,253
1157371,194
1051519,428
1053169,416
1385699,406
1107959,354
1144512,340
1289744,305
1350862,385
1374335,338
1055230,329
1095155,276
1448374,57
1122401,76
1160411,96
1066841,121
1320649,149
1118447,157
1046582,198
1467232,202
1023000,198
1363046,173
1048888,202
1440463,200
1480971,195
1104556,203
1099037,240
1382085,218
1426428,268
1342409,238
1003012,233
1210445,200
1342393,92
1476851,133
1376464,136
1233406,149
1150316,177
1153339,169
1282883,215
1412451,190
1352136,205
1041636,165
1028680,143
1488449,163
1470231,171
1196664,185
1135015,204
1222652,199
1419491,257
1261676,252
1377965,253
1337424,209
1390104,365
1401313,341
1439166,344
1197083,311
1224626,309
1044870,288
1395535,349
1031550,312
1058951,305
1272619,254
1355143,136
1077979,145
1247091,155
1239269,178
1401108,209
1244411,211
1106091,268
1409870,214
1419636,240
1396890,202
1046653,289
1101904,272
1359440,280
1324289,287
1268704,272
1064201,248
1332108,300
1219927,248
1111265,254
1201333,194
1282305,70
1015273,59
1003496,90
1333430,128
1253867,158
1487063,164
1371085,205
1254330,216
1385952,216
1341588,186
1133297,306
1088344,292
1269200,291
1494636,265
1257870,274
1141742,258
1321297,310
1368535,274
1437216,257
1109703,218
1179278,25
1255632,47
1187631,117
1418705,147
1041291,154
1436774,143
1455799,124
1143109,59
1011891,74
1098671,96
1331472,111
1470509,148
1336461,143
1167780,187
1121948,176
1021401,157
1052604,148
1363995,261
1136010,167
1232767,185
1290532,191
1428670,216
1394002,197
1391373,268
1405516,248
1237484,249
1060387,201
1478644,316
1109347,308
1144523,315
1355267,280
1114402,586
1251813,433
1009379,339
1006717,311
1376856,283
1164305,235
1467138,48
1469634,67
1126946,101
1142560,136
1034126,164
1405173,150
1264903,204
1116430,188
1118886,206
1452755,162
1300311,35
1181698,61
1413278,83
1325912,107
1424801,179
1385976,186
1126583,166
1411848,161
1245639,147
1074197,55
1258810,68
1355439,93
1391099,111
1094315,158
1011887,183
1403191,149
1218617,21
1344068,64
1057905,97
1354317,130
1023964,161
1368796,160
1395219,157
1407735,37
1262889,61
1345333,84
1471495,113
1392516,133
1373275,156
1437465,161
1414571,141
1134995,37
1170554,57
1171279,153
1314329,171
1077953,130
1073741,127
1323445,148
1411845,149
1245004,134
1205164,85
1357235,108
1056761,124
1292906,148
1374092,194
1344550,192
1177395,246
1351443,212
1428011,220
1190207,190
1074105,76
1203176,133
1272135,146
1021670,193
1321867,180
1084372,134
1373961,191
1435336,178
1176491,170
1321540,156
1262383,93
1007731,106
1018360,123
1041924,142
1459762,187
1486936,175
1355001,214
1418344,198
1334087,196
1304546,168
1096482,124
1008772,150
1499988,162
1269910,158
1471306,190
1290508,176
1234301,211
1455478,203
1382910,172
1111577,152
1186445,214
1114751,199
1463133,202
1366545,198
1345589,221
1097457,205
1207501,266
1206620,229
1166459,225
1189297,189
1155036,334
1034867,665
1054736,301
1030998,293
1131331,303
1225246,295
1232890,734
1426081,618
1476284,308
1482150,255
1190145,28
1289484,48
1052303,69
1454730,123
1423762,125
1327489,162
1259996,135
1051651,115
1001905,104
1224660,126
1076185,143
1143891,168
1175181,153
1075374,214
1044528,216
1105318,224
1017270,175
1154559,161
1112058,178
1387533,188
1337831,199
1225379,219
1201924,211
1227658,262
1119868,256
1152662,253
1276162,212
1025721,388
1457412,384
1251774,371
1380718,352
1262455,375
1043759,339
1153098,413
1142567,410
1044267,396
1263998,306
1133681,18
1322128,42
1381323,63
1143816,95
1097664,122
1091771,142
1404076,144
1481626,150
1427862,156
1300692,159
1004607,180
1285568,235
1089895,195
1111467,246
1428614,224
1410589,219
1255320,188
1112459,207
1276338,457
1104702,221
1146677,206
1417511,237
1137692,213
1199840,630
1302643,602
1009642,319
1001037,196
1276142,256
1333143,252
1487777,249
1395108,267
1042584,283
1274476,261
1055703,321
1247424,322
1302516,329
1171030,243
1257617,91
1365501,106
1257346,132
1474262,133
1410391,162
1065521,152
1478066,194
1108700,183
1306433,165
1286442,151
1389878,68
1231344,73
1333981,91
1424822,103
1138058,138
1492576,137
1409649,176
1001450,171
1308291,165
1133040,151
1071661,36
1018080,54
1478849,72
1383628,99
1226202,123
1127373,159
1065120,167
1354994,166
1450673,154
1115906,291
1004246,293
1176343,308
1358268,312
1016244,886
1168290,657
1497528,389
1487577,345
1261598,733
1210751,518
1465377,39
1049616,84
1054088,104
1014345,153
1157820,170
1008109,133
1296788,183
1129632,172
1270431,168
1095162,54
1469210,74
1157584,81
1414860,98
1357223,138
1387218,137
1137145,161
1112572,163
1104172,158
1088612,149
1230896,90
1345259,105
1006250,120
1310622,143
1166099,173
1431128,165
1072570,220
1115681,207
1220849,199
1048938,178
1285263,25
1438175,138
1229282,131
1349904,129
1264314,124
1007527,167
1483373,150
1197587,129
1116996,83
1286575,109
1323853,128
1349597,139
1174376,178
1259305,177
1446318,213
1165802,200
1134201,199
1352852,171
1496897,44
1188175,62
1378200,83
1214209,108
1137486,140
1242539,137
1241717,159
1060354,166
1138143,148
1060806,181
1297235,180
1249239,191
1024103,204
1318385,229
1015306,210
1102204,263
1331093,270
1112099,272
1096804,204
1150467,153
1145033,166
1206358,183
1497477,186
1153911,204
1248932,208
1459766,272
1153131,238
1491472,246
1136775,205
1440883,67
1485910,105
1107925,133
1432815,161
1028235,179
1490043,186
1494266,207
1150869,200
1245747,177
1331957,110
1088564,123
1306940,144
1018699,157
1448364,206
1036363,190
1383483,238
1213867,212
1029199,207
1032834,182
1498066,58
1439262,84
1376645,98
1142228,124
1343351,150
1269436,148
1301125,196
1379552,171
1287518,176
1021872,155
1291288,171
1451221,187
1091430,200
1396310,217
1120159,200
1217315,261
1142552,258
1468892,247
1050380,200
1106879,182
1309039,175
1344699,219
1488800,180
1244775,221
1020796,212
1263671,268
1497604,242
1053653,241
1297442,209
1483833,156
1088765,164
1135371,180
1185079,192
1414429,231
1124700,230
1097789,288
1469614,233
1089927,249
1092532,208
1454364,261
1271463,272
1009181,250
1438685,265
1013485,262
1100145,244
1488304,294
1480437,231
1058997,238
1242119,190
1175167,149
1341146,99
1337250,130
1047318,157
1293562,186
1494999,177
1093795,234
1202102,232
1387050,239
1454073,209
1412672,318
1387977,320
1085005,303
1333190,278
1314140,267
1457102,255
1029390,323
1035747,285
1124009,256
1353005,226
1106138,37
1172262,54
1173109,139
1070986,158
1330214,120
1348534,172
1400294,154
1287371,150
1197492,138
1429191,135
1016691,135
1498160,149
1150323,157
1230498,183
1250530,169
1114903,211
1473148,193
1336352,174
1041201,155
1207875,435
1441899,407
1088601,373
1336659,320
1211198,336
1051921,301
1131960,377
1215447,377
1278933,364
1274572,293
1152272,592
1120199,535
1263854,516
1489178,418
1298616,674
1479853,604
1481165,498
1022706,421
1332316,383
1185615,322
1006532,212
1496202,187
1228432,219
1278894,229
1165880,246
1252492,205
1150452,291
1207023,285
1482128,237
1287733,224
1170969,61
1139622,83
1026791,99
1350098,123
1405296,153
1019197,148
1440115,204
1130244,201
1154927,196
1440235,48
1489750,67
1458738,86
1383402,111
1292308,203
1146229,169
1247834,181
1086618,174
1008385,165
1220660,149
1281563,113
1381705,117
1036303,126
1392380,144
1120250,167
1163736,161
1382021,216
1144237,206
1346381,208
1338612,181
1054864,35
1372965,58
1333426,75
1356004,104
1024747,134
1120011,135
1385060,173
1490527,171
1324608,167
1153097,154
1407062,52
1399725,88
1055663,101
1238317,145
1334149,143
1252107,187
1014424,162
1045929,176
1076974,150
1276400,202
1048870,275
1282969,255
1052757,242
1215424,268
1497593,251
1259844,317
1161985,286
1493763,302
1322822,257
1325888,144
1238350,155
1059632,165
1373882,201
1368795,211
1498061,200
1090724,264
1083415,252
1292299,254
1308336,212
1358623,53
1000662,73
1248470,348
1339347,276
1348246,139
1316602,138
1391976,190
1232445,170
1202382,165
1036178,142
1034611,288
1374733,290
1448305,270
1420537,269
1304263,291
1265562,288
1374023,342
1172343,275
1022093,288
1056075,243
1335255,69
1140702,141
1403528,166
1098625,214
1249422,200
1233077,143
1004548,195
1086671,182
1371703,177
1450481,155
1402597,98
1050351,123
1409072,130
1365294,148
1050495,215
1038405,200
1360974,222
1092395,205
1133574,204
1237123,175
1393567,104
1050202,115
1051269,129
1294662,155
1416111,188
1347737,178
1437947,231
1125457,214
1222122,163
1443391,152
1444649,266
1101109,267
1394444,267
1412054,238
1469601,254
1369165,238
1408164,304
1266701,270
1335307,253
1294489,217
1325002,503
1115161,1249
1022436,413
1009320,401
1059149,391
1381797,349
1182231,1658
1365708,1089
1170204,346
1288220,291
1057573,35
1476812,53
1302236,101
1088753,150
1290461,149
1339397,153
1004423,373
1182211,352
1287217,334
1364719,302
1393217,296
1372970,274
1255664,346
1343873,345
1182906,342
1349421,269
1086209,260
1263662,237
1400162,250
1322060,257
1407685,265
1256423,257
1366093,309
1091579,305
1218417,288
1086325,239
1219510,104
1258031,116
1254371,127
1366427,165
1140603,184
1394553,182
1315638,226
1210068,254
1303043,237
1208742,203
1441678,163
1310240,159
1183018,168
1465748,186
1416451,187
1067886,202
1147342,248
1027770,232
1086495,243
1115754,221
1236999,954
1129005,840
1060160,771
1139012,665
1009801,609
1499374,541
1130038,640
1136954,604
1214539,564
1341789,464
1245261,52
1256719,73
1314459,120
1200620,163
1105095,164
1320422,143
1207536,237
1490420,236
1367274,253
1198611,246
1079668,386
1214548,282
1351077,293
1276935,275
1220000,269
1201804,235
1255670,175
1178631,914
1187815,167
1232901,201
1041132,290
1165069,204
1067128,1281
1296288,898
1482384,234
1354149,200
1199822,492
1306963,455
1352289,429
1487534,417
1043614,407
1388656,376
1464836,452
1072381,430
1388909,414
1280894,326
1437743,59
1096922,74
1125018,109
1092303,141
1150462,138
1422780,182
1426062,173
1299613,170
1339963,152
1047669,50
1431233,62
1395626,83
1138941,111
1027348,138
1126025,139
1484689,178
1224719,185
1001894,190
1045452,175
1253965,570
1273495,521
1427581,531
1182139,455
1295304,1256
1421037,791
1270843,503
1074647,453
1382460,1459
1241247,1100
1167949,60
1363403,99
1489033,141
1086137,198
1374063,173
1099116,128
1139669,182
1403410,180
1359459,172
1363262,154
1001524,94
1277278,77
1040180,105
1441382,101
1118212,140
1021448,141
1103660,180
1320976,179
1122586,159
1405315,161
1432075,157
1214183,147
1254559,170
1420772,183
1284435,202
1490537,192
1395998,249
1375781,236
1343300,228
1046381,201
1106454,51
1044419,71
1152711,366
1142883,263
1149305,121
1495438,188
1334966,167
1244264,161
1226196,145
1299559,188
1114519,197
1065280,209
1484962,205
1207808,224
1473304,222
1406454,272
1209617,257
1027031,252
1498763,197
1241244,52
1455780,70
1454724,87
1477134,112
1330995,143
1207514,144
1399018,184
1262276,179
1431194,174
1427037,156
1269656,136
1472696,150
1031228,154
1123593,179
1319830,201
1468554,206
1219034,259
1481004,267
1439152,275
1368778,230
1254681,233
1471178,237
1172228,239
1040523,239
1488427,261
1367962,248
1353492,296
1466210,299
1117823,295
1159601,245
1245385,219
1364335,255
1469871,264
1333035,250
1117868,256
1335106,246
1122846,302
1466980,272
1485499,275
1141529,222
1144903,93
1337479,110
1073830,133
1422858,159
1112045,174
1401547,179
1275465,229
1309030,223
1318453,223
1149470,190
1254290,155
1459998,173
1070652,167
1464131,181
1442610,267
1092384,237
1326611,249
1098833,231
1175421,233
1105577,199
1084506,55
1228415,103
1455355,114
1329060,129
1343251,164
1222999,153
1274850,206
1275996,174
1343377,182
1494843,153
1329590,179
1219468,173
1405838,206
1148515,249
1127606,219
1003132,197
1194753,290
1090177,252
1086521,245
1002439,196
1215373,209
1310434,252
1162008,257
1499690,239
1164966,254
1312179,242
1055616,306
1416327,268
1460374,258
1417288,225
1145961,201
1370257,202
1128571,214
1271253,214
1318179,258
1471607,264
1466744,323
1063250,250
1159917,262
1237960,228
1328513,663
1470893,612
1278366,517
1117505,486
1395759,477
1118718,419
1412625,517
1047563,401
1178879,375
1432042,315
1497989,338
1343340,223
1160549,253
1162252,259
1174967,269
1402905,281
1249355,325
1051286,323
1082555,295
1494002,247
1468736,421
1476289,417
1248662,396
1245505,345
1316510,348
1164569,319
1108976,379
1386393,333
1488071,317
1073468,259
1096522,53
1460063,72
1233398,246
1109675,224
1011640,138
1376882,134
1241681,182
1170489,169
1094898,158
1158425,139
1154663,129
1334262,134
1308881,146
1259517,169
1292623,192
1224591,184
1439789,232
1291420,216
1215295,170
1216208,157
1213249,285
1469431,252
1230216,263
1209533,259
1308993,269
1432440,231
1102468,311
1446868,294
1334640,290
1192568,228
1150058,219
1211349,221
1430745,223
1284527,194
1493152,482
1163720,476
1430286,360
1161810,218
1134065,225
1200718,175
1164145,67
1401174,73
1240971,96
1022654,117
1067611,170
1068928,174
1168286,238
1084785,199
1342342,206
1342060,177
1046255,36
1275184,60
1100005,81
1181108,104
1284846,183
1362043,191
1129309,166
1167386,166
1382153,160
1359621,87
1394966,110
1076123,121
1051967,142
1337804,185
1265780,186
1073998,230
1027170,211
1029422,202
1384721,181
1466652,18
1150331,62
1211169,93
1375138,127
1090971,69
1227742,101
1345960,126
1014733,150
1068702,176
1373444,164
1212321,212
1119341,176
1356353,183
1282158,149
1366995,138
1301880,139
1005450,133
1468001,136
1125354,119
1447544,94
1229650,138
1253863,153
1497718,102
1164662,181
1365958,177
1348953,202
1315684,187
1285364,142
1109511,197
1345131,211
1394786,150
1215065,147
1288325,102
1122843,114
1233710,147
1005691,162
1009524,194
1306525,191
1060469,229
1013479,199
1215019,194
1183058,173
1191625,20
1480072,124
1305847,121
1382421,320
1345514,296
1106834,309
1155281,264
1075698,268
1160642,255
1415496,312
1111687,277
1441059,257
1041033,216
1282016,716
1465194,965
1448283,596
1295058,501
1414292,470
1441562,427
1370349,1080
1180580,1058
1121635,385
1140363,315
1194629,90
1039245,121
1399293,123
1358027,162
1273681,159
1077324,157
1143939,143
1167629,142
1026590,150
1225294,161
1199817,174
1255746,164
1356165,227
1350163,216
1415607,223
1233177,46
1343032,65
1065027,87
1398744,115
1252753,147
1390345,153
1063055,204
1344083,207
1136200,204
1458915,177
1492614,190
1468175,202
1127745,195
1356109,211
1288414,258
1186700,239
1088403,307
1133590,309
1155657,317
1348738,238
1492120,17
1406300,91
1467493,123
1297855,139
1365916,166
1207858,164
1011274,188
1096972,203
1218618,247
1189930,208
1321235,259
1238309,222
1137912,219
1302339,187
1452067,365
1232785,738
1230100,631
1258282,284
1444665,285
1045971,267
1195640,1066
1032181,851
1150358,267
1109305,233
1203473,237
1052376,235
1275300,220
1168517,244
1164780,266
1412431,246
1215826,311
1198539,314
1281207,308
1400789,232
1142733,69
1058741,148
1108175,144
1322786,50
1251536,70
1316879,89
1347430,128
1379600,130
1190160,171
1488976,166
1096987,160
1330271,145
1341115,23
1180055,53
1276549,81
1055810,135
1174252,136
1250701,170
1470418,180
1084864,172
1072273,152
1187272,421
1161844,410
1116856,413
1240063,362
1265862,684
1348612,641
1106972,473
1256383,409
1190784,1018
1183641,697
1122583,92
1074978,142
1263468,170
1011094,180
1451907,176
1288551,143
1134380,213
1193006,215
1175490,144
1055561,143
1076029,55
1391420,51
1288625,79
1429794,127
1080632,129
1165848,140
1283777,48
1155338,155
1260314,140
1337184,131
1428300,122
1321456,246
1023661,239
1108274,250
1005857,240
1299973,243
1308249,241
1039535,285
1386232,256
1312142,254
1216941,208
1076663,54
1116062,75
1373635,91
1223580,114
1206844,144
1184897,178
1399955,173
1172075,168
1194003,153
1079689,95
1130535,111
1031756,125
1064667,141
1099811,185
1265941,174
1077243,227
1228516,233
1490318,236
1253513,188
1208934,578
1499504,536
1312260,502
1300527,438
1204831,419
1087121,395
1045978,459
1346635,400
1358565,373
1466288,317
1466754,97
1291832,142
1497662,129
1037408,101
1003413,126
1244549,149
1046988,170
1042431,200
1495101,191
1397621,232
1195397,203
1363375,200
1400481,176
1272743,89
1030286,135
1056144,141
1207447,180
1465823,191
1391318,172
1081976,219
1282233,191
1435085,194
1335889,162
1233904,45
1247038,69
1332561,91
1194391,120
1303746,149
1274777,158
1305701,209
1363596,209
1010627,208
1368398,182
1325982,465
1089445,503
1147836,474
1483095,427
1479101,412
1457020,375
1438318,441
1130482,387
1363049,363
1171208,308
1495316,34
1419230,58
1411042,83
1406706,109
1202211,157
1491671,167
1314238,219
1497076,182
1465417,198
1160226,194
1390427,218
1493066,204
1484452,205
1228658,238
1261892,212
1248921,273
1117788,216
1297961,220
1123998,167
1284677,45
1476365,46
1431889,70
1305212,131
1036985,169
1170347,184
1317986,189
1307819,175
1015528,258
1325298,248
1448339,267
1137782,230
1253487,240
1178473,237
1275767,299
1110700,263
1158069,243
1479826,208
1232444,103
1320678,110
1281517,104
1029038,113
1397931,136
1303888,173
1070644,169
1448552,205
1438074,209
1070011,200
1095052,129
1232434,150
1071259,165
1002687,152
1289203,339
1423217,444
1471087,257
1049389,194
1099913,157
1113318,78
1229001,97
1433304,117
1401068,153
1187242,148
1359625,199
1185356,184
1040153,179
1008719,155
1350206,23
1495173,46
1128689,96
1001023,145
1285359,136
1420413,157
1342540,155
1079649,153
1154251,96
1185029,107
1067710,133
1416184,149
1093010,170
1226046,153
1255874,209
1480365,194
1240015,201
1072056,171
1010331,38
1059861,126
1096264,134
1057847,100
1267848,140
1353281,140
1435910,185
1133468,195
1271548,26
1257128,125
1458370,118
1303550,49
1081423,83
1176395,98
1452747,130
1249598,150
1453716,125
1301192,171
1451676,169
1157287,168
1189803,146
1147480,63
1423216,85
1286899,106
1480723,126
1406611,168
1357260,172
1170208,200
1097908,183
1415920,176
1271099,151
1217407,132
1011881,153
1407485,159
1295630,144
1053847,178
1144343,175
1478102,228
1025390,198
1302448,190
1246317,162
1010666,222
1313421,799
1000698,164
1092126,198
1473499,223
1209421,206
1387028,914
1061134,511
1162193,216
1099223,201
1412109,45
1023342,62
1461384,124
1317056,116
1039007,131
1300140,140
1335882,148
1286846,177
1459159,165
1406375,219
1254323,218
1421326,213
1036769,176
1188121,65
1288839,127
1452281,165
1423886,171
1429192,148
1170773,23
1343976,117
1008860,147
1208057,154
1398096,112
1094768,129
1458256,140
1469568,163
1042422,190
1281477,185
1427545,250
1398303,244
1297500,256
1184259,202
1247248,62
1050335,171
1389117,161
1091327,174
1191903,193
1473941,241
1361611,203
1390206,237
1067572,212
1462163,208
1022601,174
1436514,62
1428766,573
1031474,103
1205829,116
1470414,156
1330416,144
1215711,771
1234303,460
1459527,197
1091726,185
1494166,94
1425078,107
1280912,123
1101451,143
1102535,177
1192441,165
1095607,224
1367089,224
1159398,232
1234591,190
1276836,19
1114189,63
1364745,147
1217742,142
1066010,143
1108218,129
1226604,51
1330739,126
1234421,121
1265219,161
1199333,166
1083928,174
1041818,150
1270599,214
1287231,192
1412408,209
1349144,222
1224252,628
1395552,483
1402396,288
1215113,251
1078367,762
1206651,425
1197899,27
1286540,55
1248828,86
1085236,127
1208237,116
1482243,141
1056066,148
1248566,130
1076486,29
1214421,65
1016268,128
1394274,129
1216050,101
1198442,119
1181286,140
1242834,149
1320866,171
1479494,159
1338420,222
1234957,192
1470791,188
1183173,167
1342205,118
1221456,134
1265965,152
1468194,166
1130150,199
1146521,174
1243690,233
1144351,215
1025173,216
1272944,172
1219707,64
1007209,73
1082299,95
1067520,116
1352924,152
1410275,146
1039372,199
1256674,206
1295791,209
1236452,165
1058027,64
1274554,87
1329740,135
1167347,150
1451883,152
1198739,163
1117758,212
1452199,195
1254860,187
1194661,162
1309274,21
1131716,65
1283793,124
1218947,122
1383534,123
1349711,140
1224002,165
1138335,214
1390060,190
1443567,236
1060435,204
1393922,196
1224512,168
1095238,35
1221251,105
1405406,140
1284661,180
1478516,169
1223492,114
1112602,135
1040307,170
1081076,161
1359075,179
1087231,184
1191560,238
1044549,214
1128096,202
1381724,180
1461471,21
1439341,45
1211903,98
1213401,140
1070053,145
1279096,198
1251454,162
1213767,177
1071776,158
1015899,54
1068960,73
1428482,91
1493778,110
1084126,153
1166141,142
1059119,204
1344297,170
1172465,171
1192321,140
1171256,39
1105799,42
1252385,99
1086394,135
1323071,136
1089737,184
1399894,191
1336059,196
1114250,167
1157695,72
1059960,93
1323156,109
1307832,121
1430672,156
1083044,146
1019952,202
1310874,181
1206124,170
1467171,146
1292159,223
1200761,200
1152578,203
1165400,212
1468823,229
1233718,210
1067345,261
1272924,279
1064613,264
1417327,217
1080513,301
1196458,299
1443469,268
1375742,249
1072649,478
1309132,345
1290854,325
1127315,284
1441457,279
1165142,234
1049952,51
1310650,65
1236773,90
1173994,132
1441700,154
1402904,150
1376912,198
1308727,196
1064523,187
1043894,163
1063256,33
1455058,56
1078273,81
1242551,103
1330929,161
1315562,173
1228679,162
1015454,164
1217178,159
1377098,64
1382624,76
1309943,97
1234906,123
1319758,158
1142998,156
1078062,211
1396355,200
1377697,192
1131561,171
1095178,56
1115944,74
1274803,102
1095602,135
1067896,169
1221106,163
1368829,141
1002660,42
1006792,74
1466488,113
1367222,145
1022457,139
1104908,184
1225707,159
1061460,177
1340502,146
1279583,31
1183707,111
1394734,145
1168535,116
1410114,163
1156319,150
1197604,147
1215697,131
1320069,66
1444887,90
1475387,107
1346305,132
1177114,171
1002289,172
1361334,231
1020355,189
1342654,208
1315254,181
1098380,55
1349856,105
1468813,128
1337198,183
1179388,159
1215476,134
1122716,189
1406481,181
1373420,163
1102059,98
1065427,115
1004198,117
1141401,143
1225795,179
1414811,178
1047239,211
1229693,200
1224714,194
1192829,166
1081848,91
1157252,107
1462830,136
1386971,132
1338138,161
1181514,154
1089558,195
1365949,184
1441761,158
1025825,145
1010248,185
1304450,193
1045376,206
1425432,194
1029668,215
1116525,209
1100793,266
1174284,230
1054029,219
1364193,183
1366962,239
1453619,524
1129900,257
1433846,258
1475443,249
1086519,241
1213738,1067
1241413,762
1217461,241
1074355,212
1250684,27
1185761,50
1148006,70
1242359,123
1070040,125
1009282,162
1140020,159
1134901,159
1123975,144
1366099,230
1050241,168
1162092,188
1061294,187
1274168,201
1149165,182
1323957,255
1280976,264
1278113,257
1210708,219
1339465,235
1338896,235
1483889,232
1315614,237
1278314,246
1043794,234
1283121,284
1101191,268
1415650,261
1401680,217
1460445,297
1180058,305
1462684,284
1138520,291
1317061,319
1054840,295
1438974,356
1002774,352
1159437,351
1089638,279
1127397,25
1415166,47
1435778,68
1128032,97
1076832,154
1392837,170
1454709,170
1179231,175
1182033,181
1029988,285
1042837,217
1219095,251
1376260,228
1463761,219
1227644,187
1317620,127
1453388,571
1399359,147
1490375,167
1097563,186
1092587,179
1109919,888
1427406,601
1211765,192
1130959,169
1448306,272
1419811,275
1265062,253
1425904,263
1125938,288
1202900,266
1095568,326
1300715,325
1376035,322
1247963,251
1233461,60
1336037,85
1167286,90
1468046,109
1004508,143
1135287,140
1380028,160
1163632,145
1409352,141
1013469,45
1004938,67
1105636,82
1095364,104
1047991,139
1448323,132
1399603,168
1496729,164
1298382,157
1005003,146
1401766,26
1465689,49
1193331,71
1438123,96
1098604,130
1367860,127
1370235,162
1450299,172
1457399,165
1256980,263
1247682,289
1217450,285
1399546,271
1484802,614
1045267,465
1083456,360
1025693,320
1229151,929
1472239,589
1141854,50
1275306,86
1190954,98
1232183,144
1225479,157
1228546,123
1082302,168
1220988,163
1488412,156
1462286,147
1272933,71
1012794,79
1060379,93
1322864,153
1422003,208
1261322,198
1361920,195
1011082,167
1198185,72
1155781,82
1460971,102
1217608,130
1464015,159
1092728,154
1443211,210
1319853,201
1224204,189
1161246,168
1225127,27
1244297,51
1492404,110
1266882,149
1115336,130
1100363,117
1386771,164
1228144,153
1456463,146
1209430,132
1057256,91
1220699,112
1011026,133
1181307,156
1306278,190
1034430,176
1363491,228
1263946,205
1030522,205
1208582,174
1288919,44
1188398,64
1257603,83
1444572,109
1195794,140
1277054,138
1324093,180
1457210,172
1374108,170
1074202,150
1431907,135
1486660,153
1087576,162
1050233,169
1132252,194
1095838,198
1369255,250
1034963,255
1223053,261
1267677,197
1485310,120
1473546,143
1426101,178
1332522,179
1102609,213
1384611,192
1136040,252
1415673,228
1036779,224
1083181,200
1313017,103
1122743,115
1059507,139
1143434,159
1123578,172
1175471,175
1420158,229
1171896,208
1340676,209
1281560,102
1158519,118
1071538,142
1036619,155
1158312,190
1066536,199
1133053,215
1251379,205
1100091,199
1149857,174
1047198,55
1136864,85
1179725,110
1306697,126
1281504,157
1327389,152
1055921,198
1101152,173
1182646,188
1424279,155
1105421,253
1445716,250
1079973,245
1458467,241
1312972,243
1088756,245
1267746,298
1232711,285
1457306,278
1011235,233
1471277,133
1181771,161
1231442,193
1193500,202
1200482,201
1348404,201
1436025,257
1290134,230
1033917,240
1179301,197
1081725,142
1393415,158
1389608,172
1352022,182
1279211,219
1472093,225
1242163,284
1430423,226
1489595,242
1336018,201
1373525,215
1090212,217
1209604,209
1270455,227
1333274,242
1247242,219
1483471,275
1157862,216
1094134,225
1340562,182
1188903,150
1421956,111
1069594,138
1032110,172
1221954,189
1089247,183
1400695,233
1431873,233
1057308,244
1392873,210
1375319,201
1336737,202
1197957,205
1355864,205
1064517,216
1228726,210
1133114,261
1388842,228
1069600,224
1010212,189
1350266,163
1404848,130
1364685,127
1322930,164
1014899,154
1024487,155
1054349,94
1299746,112
1255402,122
1313903,137
1169066,161
1378577,152
1100250,202
1217224,186
1255217,161
1119655,147
1342352,879
1308085,794
1444143,675
1176836,579
1107618,534
1247310,481
1076251,560
1230370,587
1405510,534
1044169,455
1128832,1213
1356616,970
1242991,845
1229614,950
1054269,1266
1386650,1491
1428923,749
1199404,621
1424116,538
1017704,459
1488050,575
1266608,544
1461971,499
1069314,448
1295765,434
1313113,404
1156774,437
1020945,438
1008568,436
1397328,350
1479955,143
1278982,145
1466318,165
1114726,180
1050846,197
1326323,184
1354098,242
1392774,242
1088550,236
1065051,196
1442994,153
1404802,155
1448322,165
1453906,174
1184605,307
1080267,233
1063685,207
1141097,213
1237041,207
1193161,176
1456560,163
1291901,155
1330248,188
1102993,182
1171305,199
1394882,189
1013097,249
1490074,242
1358294,239
1068255,208
1342445,39
1291172,61
1325526,103
1404721,137
1401858,135
1247641,173
1323579,176
1008571,171
1029555,126
1060085,193
1178756,191
1335690,202
1038438,220
1255410,207
1300405,267
1369944,219
1426505,235
1299024,191
1057752,840
1412748,771
1364620,709
1261442,621
1245205,545
1064070,491
1309278,571
1208235,519
1284797,493
1148320,415
1176349,171
1451180,177
1341426,187
1389218,212
1212530,236
1340756,230
1445687,281
1001480,278
1285713,276
1016498,228
1238649,342
1209840,298
1449539,152
1478559,154
1390158,200
1494723,184
1323348,174
1139353,153
1358455,351
1031442,343
1051268,338
1061096,299
1012652,358
1182370,342
1334101,419
1339935,300
1321554,318
1439931,268
1116026,185
1118461,319
1129761,287
1305470,365
1119279,250
1186970,174
1374360,233
1376618,220
1249682,211
1445557,184
1013212,219
1245740,196
1212302,213
1336986,219
1012718,331
1455753,272
1414107,308
1108487,241
1145767,239
1074126,208
1327909,108
1187865,117
1209194,136
1020515,168
1342004,193
1309704,185
1392386,238
1089782,225
1303695,181
1095152,165
1473553,605
1079855,542
1242295,502
1010465,420
1020507,395
1293282,364
1396363,428
1022752,394
1357421,367
1410617,307
1139996,819
1053955,2157
1093507,700
1144866,652
1128043,570
1267998,491
1093360,1880
1494011,1666
1342237,486
1409426,401
1080952,51
1357847,65
1111725,86
1220749,111
1115692,134
1028364,137
1260258,175
1118887,175
1322939,172
1234117,767
1287542,672
1159595,620
1001266,513
1181256,476
1170613,436
1403354,502
1076195,508
1264257,471
1195502,410
1125151,942
1377611,842
1415079,658
1432411,557
1090138,546
1484042,487
1394148,530
1241695,532
1295216,501
1384543,411
1020876,136
1144384,153
1158488,170
1087275,190
1481135,215
1330803,213
1243616,253
1356902,261
1144010,260
1177817,218
1257211,81
1068853,99
1385807,119
1197420,147
1227153,174
1066210,176
1011221,226
1459794,229
1467815,227
1245659,199
1306935,1881
1349929,1656
1391689,1445
1350008,1175
1017175,1019
1230601,878
1353563,921
1460117,873
1366885,831
1096075,707
1063639,49
1350493,69
1262949,88
1403427,114
1146723,144
1332594,145
1018381,189
1255521,184
1004292,182
1224437,161
1437923,435
1083487,356
1472309,341
1217589,325
1214056,620
1343584,493
1352012,445
1115630,318
1260544,304
1304453,268
1268487,354
1123692,1687
1068143,368
1190711,322
1359339,301
1025909,276
1338479,1668
1290319,1411
1409429,339
1105783,253
1399041,905
1185779,876
1055011,813
1080864,729
1247741,643
1041516,592
1157213,685
1168450,674
1392666,642
1024666,494
1141823,67
1242035,87
1181156,111
1038064,140
1398988,166
1473452,165
1310422,212
1108032,207
1055296,167
1220126,155
1113589,102
1491605,117
1299696,129
1280568,144
1313893,173
1330955,166
1208004,209
1173016,202
1462080,193
1375355,169
1230094,123
1025866,123
1451107,135
1416531,145
1282054,175
1450921,159
1161156,209
1091126,216
1252445,210
1433536,176
1339034,1635
1142781,1410
1335631,1247
1134459,1017
1493457,1758
1174658,1554
1247295,827
1256335,747
1295935,1848
1232035,1536
1485405,132
1231774,195
1411004,206
1291762,299
1499681,232
1232710,154
1096139,214
1460120,211
1366542,207
1125681,175
1243692,105
1367348,88
1025160,116
1156586,146
1499625,198
1336867,170
1336320,180
1344543,165
1222669,173
1105933,300
1073276,263
1215795,252
1471342,247
1495234,257
1182328,237
1138810,298
1142707,287
1231327,277
1299213,241
1015842,55
1362249,79
1202195,353
1495580,287
1196447,156
1091996,203
1498511,174
1258236,154
1223314,607
1397885,518
1265343,505
1067951,454
1343456,417
1283754,375
1170441,436
1373829,404
1152698,383
1200354,313
1445388,83
1248715,100
1013539,117
1198405,136
1352697,162
1061216,162
1029414,203
1456131,201
1048715,197
1438492,173
1216741,176
1306218,189
1080375,202
1428386,218
1377936,235
1276173,236
1268572,279
1179178,281
1043271,279
1309384,234
1129929,564
1046382,532
1183543,510
1478269,446
1117518,433
1173083,404
1037186,458
1174472,458
1427657,431
1403435,365
1088835,372
1450335,421
1380455,413
1073789,360
1276695,345
1203994,322
1136726,383
1298827,362
1247598,340
1440729,301
1115349,104
1078995,129
1316171,142
1229599,160
1133642,182
1210879,180
1496663,230
1376737,231
1238615,224
1063947,203
1314432,257
1149171,246
1087492,252
1362637,249
1274851,422
1164898,347
1407146,361
1123371,286
1291337,252
1231383,236
1186826,219
1031599,273
1456388,269
1115977,255
1370192,259
1496330,242
1309382,298
1327692,248
1099768,265
1086319,212
1295236,238
1333324,269
1145620,266
1048752,256
1390781,280
1185214,225
1192395,303
1095976,297
1331958,287
1432224,239
1115994,375
1035138,410
1435247,414
1336877,356
1316005,340
1174524,332
1166020,390
1180767,366
1113149,344
1199960,304
1214772,240
1222650,247
1379128,250
1163871,244
1463945,294
1119237,285
1002773,353
1142372,267
1359413,284
1278587,239
1364919,1341
1267877,1110
1371429,888
1258322,919
1177282,763
1177106,691
1301531,743
1219857,579
1280093,557
1152242,469
1394171,409
1110233,244
1028580,273
1163127,277
1313914,279
1109985,265
1452309,315
1264964,310
1044536,307
1311855,263
1202702,671
1468486,608
1431695,568
1112281,487
1166618,461
1335465,409
1444591,482
1062590,429
1088084,389
1246139,334
1244026,54
1202324,75
1482606,326
1149079,274
1283300,131
1318802,196
1276791,179
1063475,176
1199348,151
1056121,101
1148243,126
1271065,159
1121352,183
1195327,176
1310472,229
1012275,217
1013681,176
1057017,274
1081755,230
1329157,232
1016607,239
1097417,245
1273607,220
1030030,284
1102375,291
1014321,273
1460731,225
1209388,397
1079093,362
1009864,373
1232226,318
1212390,602
1015514,453
1026288,374
1342395,311
1317334,293
1499718,249
1144252,68
1266770,80
1345020,104
1498588,131
1081567,162
1136800,167
1404563,212
1048698,213
1379696,215
1494614,169
1044262,38
1318421,84
1051497,106
1181919,176
1155905,190
1494117,162
1409682,166
1278364,162
1390694,145
1370833,113
1443525,129
1428650,149
1447715,161
1224368,197
1160516,180
1224600,235
1379561,222
1221505,215
1025904,190
1417093,34
1258195,54
1090477,71
1424192,102
1112094,126
1355719,163
1179255,162
1248962,160
1283105,57
1103749,86
1108210,92
1032155,116
1192611,146
1282019,142
1200477,188
1409201,161
1385955,144
1369859,37
1355820,60
1010486,176
1279865,170
1497126,134
1492673,128
1468197,174
1067239,161
1194966,151
1359094,136
1267904,157
1066283,173
1064134,183
1257133,193
1223316,201
1395167,190
1353989,244
1422291,209
1298285,225
1236996,191
1001765,84
1080677,133
1197159,139
1382993,171
1079574,154
1418919,135
1483390,187
1298823,179
1173925,170
1476878,151
1233803,110
1431428,133
1329543,136
1162793,154
1387275,198
1323908,194
1322958,222
1268053,207
1305051,202
1350344,176
1374893,79
1035507,109
1176675,129
1295932,126
1201353,162
1013966,152
1063382,204
1375806,194
1072425,161
1183053,150
1166233,212
1150804,207
1459959,219
1028758,206
1470426,235
1045457,217
1107904,271
1330464,240
1191436,231
1041527,196
1309992,321
1083320,716
1144631,335
1229991,314
1141624,303
1266359,288
1257289,1330
1450042,812
1408203,276
1366613,237
1326039,32
1414267,70
1351716,123
1101161,140
1343335,141
1415914,227
1066165,227
1084729,207
1332928,215
1307584,224
1122837,202
1101186,266
1472746,250
1481360,248
1097637,211
1178734,143
1385359,168
1313891,172
1372544,184
1095090,208
1103849,201
1231318,252
1342423,248
1489884,246
1050683,209
1093651,493
1009004,488
1447838,462
1339194,417
1027184,441
1366421,386
1395557,468
1382148,460
1066186,431
1437787,342
1273643,46
1138260,118
1250575,155
1391663,147
1409188,180
1249625,183
1431237,184
1236537,196
1266099,275
1409991,220
1026632,258
1221355,237
1247935,229
1277356,196
1307732,173
1185822,810
1123946,178
1045423,189
1030906,215
1207533,199
1187581,1153
1210149,745
1239382,230
1175679,190
1112711,346
1374089,350
1118795,329
1140639,323
1083175,334
1492620,311
1175595,375
1381389,368
1252196,369
1125403,289
1119217,57
1277459,77
1453409,98
1242979,116
1175963,145
1429994,142
1072318,187
1023198,151
1173743,144
1407808,72
1007837,88
1439868,100
1035955,136
1294097,134
1419467,170
1059549,168
1003296,163
1050250,148
1164254,62
1329352,84
1318629,91
1497364,124
1372971,147
1382213,157
1168538,187
1007065,191
1436260,190
1131468,167
1065864,363
1373382,347
1204938,372
1497299,322
1369939,920
1413077,662
1329521,385
1014278,356
1322531,1350
1386627,948
1021800,73
1122164,87
1023106,143
1437074,131
1377719,125
1025301,165
1046935,163
1452681,159
1493038,147
1098698,65
1309145,62
1468663,80
1069977,91
1408414,137
1345178,134
1460552,156
1059627,161
1452397,156
1426515,147
1295518,91
1387877,104
1361789,131
1064474,140
1124284,172
1417174,170
1386814,225
1301623,217
1427811,212
1026720,185
1251710,37
1234209,60
1004166,157
1438196,203
1484353,133
1429143,174
1111111,156
1118109,152
1292839,135
1422430,103
1328104,120
1320587,146
1428499,149
1140562,188
1280840,186
1137543,242
1313904,206
1255247,214
1311217,178
1232936,59
1043919,78
1342245,106
1214809,135
1233222,166
1274357,162
1033582,163
1290145,147
1105210,228
1079607,218
1229556,231
1358305,238
1495092,254
1075788,236
1462272,292
1487211,291
1278525,293
1072156,231
1261277,239
1411806,283
1078267,274
1378172,263
1386744,267
1130416,246
1404114,310
1455416,276
1445438,264
1185819,230
1004773,101
1251663,114
1336507,133
1131973,153
1143972,178
1119395,175
1336287,220
1096741,219
1414362,216
1064559,189
1099973,111
1409973,134
1406534,135
1378401,155
1491481,201
1085482,199
1110998,226
1352488,210
1287516,210
1021170,181
1498407,70
1280562,111
1201803,121
1079291,125
1179921,157
1182796,156
1096333,207
1339580,187
1030469,196
1222532,163
1248761,168
1223245,172
1328456,184
1264900,197
1064669,216
1329624,209
1388838,264
1041615,264
1345269,257
1188222,215
1392665,252
1123137,275
1250396,276
1422156,269
1254126,265
1194437,253
1348159,309
1016063,284
1465923,265
1419496,232
1269147,298
1170430,279
1320738,279
1326260,276
1374077,265
1199340,263
1368664,315
1179933,253
1150951,268
1388915,231
1137052,286
1230372,287
1173501,278
1018139,281
1469771,282
1110475,248
1151876,306
1473267,247
1388450,250
1375965,209
1363025,248
1008936,150
1245398,187
1084912,198
1012482,222
1175740,216
1110002,256
1480871,263
1364896,262
1229308,225
1053113,292
1196459,263
1417926,271
1071157,256
1137622,263
1343829,248
1247675,298
1210915,261
1106162,258
1132122,221
1152116,26
1139349,50
1403955,171
1128118,147
1066140,127
1313652,144
1233389,141
1200593,133
1233269,493
1346803,446
1469088,417
1188853,388
1435699,374
1398730,334
1422241,398
1214165,423
1003508,405
1154152,328
1314712,705
1114271,625
1418277,587
1297826,587
1268774,772
1172613,720
1149489,547
1389759,480
1378974,417
1213880,350
1115848,90
1225685,122
1075296,123
1329857,160
1068883,193
1296744,151
1394552,224
1081878,272
1037238,256
1049689,202
1217530,121
1112317,122
1451006,150
1322215,165
1227037,184
1388600,175
1133186,238
1122416,233
1275720,222
1362231,187
1010045,74
1438085,92
1179844,109
1304407,132
1461529,235
1412828,185
1371428,178
1218504,183
1383239,175
1074332,152
1042152,135
1489069,143
1199888,167
1010784,175
1338040,196
1077390,181
1186594,243
1076876,232
1408837,230
1310252,194
1497911,26
1436420,50
1095697,72
1318923,100
1318975,133
1069820,131
1413457,171
1129290,143
1184847,77
1055182,136
1085489,137
1442787,145
1359966,173
1001227,162
1246966,219
1456174,221
1274250,192
1082997,158
1213692,142
1128539,144
1126645,179
1439027,177
1169895,214
1142898,207
1041277,267
1390925,233
1368563,274
1123106,207
1352791,98
1365509,118
1299335,135
1155033,158
1441502,189
1080640,190
1131289,240
1416439,246
1167023,247
1115834,212
1085711,43
1078579,62
1222068,329
1381996,271
1384957,134
1463347,137
1211180,183
1004884,169
1292684,160
1181766,136
1378441,321
1039589,314
1484787,268
1307650,245
1393168,283
1147260,321
1160873,395
1390275,293
1490077,294
1426206,256
1161308,112
1202035,229
1063781,206
1255540,245
1189624,190
1011928,140
1416477,200
1213176,184
1466824,193
1318823,163
1186515,115
1241768,147
1281060,152
1106118,166
1397917,213
1230287,233
1058025,222
1004209,215
1035823,212
1373037,183
1308254,105
1007918,110
1437367,132
1148491,156
1461261,189
1084812,178
1239648,229
1320070,214
1046692,167
1320872,152
1112072,384
1426307,353
1233434,354
1204311,299
1270286,303
1241151,284
1106195,345
1362527,317
1373822,296
1088651,237
1371692,665
1170712,1635
1097376,581
1425470,454
1338306,432
1059092,365
1236134,1726
1420579,1345
1313750,340
1251701,294
1004232,44
1436746,60
1195929,77
1249534,107
1280255,130
1036895,132
1275145,171
1400554,170
1120021,512
1040633,464
1310818,444
1031907,385
1205122,369
1195293,336
1121684,395
1335302,411
1323910,396
1394931,327
1002479,178
1185698,194
1387808,204
1182612,210
1299452,206
1398759,222
1219014,268
1329042,278
1079212,230
1079402,223
1157925,59
1395999,81
1238279,103
1352454,134
1201572,167
1171633,172
1114558,213
1007921,222
1231837,220
1372533,192
1153580,72
1051401,95
1487987,115
1122589,137
1198363,174
1311137,163
1392561,222
1037381,223
1327930,214
1286218,188
1375145,1183
1354719,1052
1416624,868
1162670,752
1473999,668
1415730,589
1070101,674
1149110,654
1268657,617
1125034,506
1161652,30
1311386,55
1353828,75
1109541,105
1141616,135
1087687,136
1086947,175
1449835,173
1256323,168
1427597,152
1037754,298
1076695,265
1086034,297
1053303,270
1112214,485
1301567,353
1259161,321
1170392,299
1061037,287
1285893,250
1492646,195
1460894,1434
1322240,177
1007261,188
1287191,346
1277198,309
1285653,1311
1286918,1040
1325803,239
1041443,202
1232446,640
1381352,619
1168965,550
1300191,508
1391636,477
1475935,455
1413562,529
1129712,501
1181753,473
1094992,379
1208353,57
1166543,73
1059366,95
1039066,132
1460911,156
1436368,153
1006634,196
1226340,194
1402413,130
1187793,62
1076982,80
1478638,98
1470811,113
1027092,146
1413435,172
1311896,163
1026289,157
1163098,154
1092729,63
1161082,71
1465666,113
1398850,153
1319787,145
1304626,188
1292616,195
1344823,198
1189234,172
1253767,691
1487539,643
1238994,607
1195948,542
1220112,1428
1015880,1165
1228793,566
1042610,500
1028951,1529
1160784,1222
1397871,63
1442844,133
1069635,158
1358312,226
1015296,174
1379372,130
1302018,185
1194770,176
1233925,172
1345656,150
1219740,91
1364228,71
1307805,89
1494681,136
1494207,135
1253660,168
1410707,166
1055553,165
1126416,151
1328139,176
1349919,187
1456099,198
1167640,199
1183385,219
1403233,209
1332523,266
1299844,256
1481979,240
1334903,208
1004153,35
1195817,56
1445345,340
1173304,280
1073388,135
1085281,180
1173989,162
1124624,154
1049773,139
1390667,293
1102785,276
1071583,288
1469131,274
1393329,259
1168040,252
1375615,321
1491239,298
1336140,284
1208757,226
1196539,47
1340721,68
1107889,83
1161557,107
1448615,137
1217383,136
1482831,175
1387153,175
1198020,170
1021889,155
1022048,121
1281758,133
1190579,152
1300537,174
1109701,195
1260746,201
1393954,244
1421839,253
1278023,253
1451124,213
1219527,404
1430679,385
1080688,366
1009989,348
1058103,341
1109571,326
1192976,391
1112770,386
1458923,379
1098294,325
1319718,456
1428028,216
1160528,226
1293845,244
1390673,245
1469818,238
1209263,293
1058889,279
1218519,247
1416073,235
1062487,73
1410365,92
1005997,111
1462622,143
1425740,158
1090497,167
1067884,216
1072910,217
1011254,246
1169260,162
1319069,187
1046319,192
1255725,200
1038138,201
1459768,334
1499428,266
1146280,263
1328949,248
1253401,242
1160220,212
1050512,99
1213511,161
1237764,154
1461783,165
1019125,188
1276137,170
1358552,230
1121022,233
1479610,213
1062718,163
1119057,115
1062577,132
1072243,153
1138775,194
1094329,177
1280108,226
1158916,227
1148925,241
1273103,243
1326093,206
1037885,529
1204846,223
1362909,222
1025813,211
1257262,235
1338047,225
1411743,299
1371064,255
1470068,249
1101170,218
1462001,205
1281969,215
1120747,217
1119858,222
1464503,299
1454907,249
1112783,348
1153201,255
1033222,270
1317246,214
1279653,680
1259804,606
1330889,559
1456783,543
1451338,489
1455484,437
1463806,532
1293785,408
1092809,394
1255924,330
1238303,182
1273884,115
1321003,149
1421408,183
1323018,198
1291907,199
1191059,244
1226492,252
1109928,258
1359763,214
1020875,519
1479459,479
1126519,464
1243938,379
1011707,378
1055572,343
1202213,417
1112551,372
1318608,337
1171492,287
1346505,238
1399035,185
1410195,130
1428200,131
1450681,176
1230794,161
1111998,149
1458521,134
1089466,83
1013318,100
1266827,115
1356906,137
1015954,170
1277060,162
1167480,211
1218228,207
1410761,131
1060769,772
1261517,714
1429715,642
1008750,509
1275945,498
1227991,425
1432316,513
1153718,516
1092779,676
1461917,404
1087803,965
1140643,878
1257290,763
1451317,785
1424992,1239
1065017,1290
1195936,644
1404821,562
1384273,497
1218303,415
1300007,429
1169576,408
1483754,358
1248165,357
1113702,327
1455324,317
1313776,379
1077395,363
1140455,378
1139004,294
1397517,129
1160121,151
1111558,164
1466321,168
1138171,183
1014190,169
1038757,230
1263194,230
1473297,234
1196301,195
1364052,136
1038561,143
1061158,166
1170498,178
1334067,313
1354259,235
1045566,209
1137247,213
1325543,203
1362836,177
1220386,118
1106959,125
1152967,150
1280185,159
1165417,186
1270138,178
1207627,239
1058052,221
1180711,218
1093029,196
1267791,40
1310051,61
1407193,81
1197290,110
1261533,142
1453402,141
1406646,157
1016126,148
1097438,143
1016091,204
1311629,201
1004022,203
1298135,221
1078562,200
1254708,268
1494605,222
1370522,233
1079860,187
1220471,548
1485377,573
1403428,531
1230061,457
1402669,445
1231858,391
1351261,462
1274271,453
1377695,442
1207970,356
1183373,150
1345983,166
1070992,169
1329876,187
1471648,214
1035888,213
1349583,260
1063439,266
1408273,265
1201464,223
1477543,54
1390256,77
1178105,437
1443203,338
1394524,192
1278543,130
1474327,196
1348414,183
1390594,171
1309800,153
1392815,405
1115483,380
1148318,372
1205809,336
1497444,373
1095215,364
1056960,426
1251999,317
1188139,331
1134444,273
1124612,140
1463839,242
1405337,223
1045963,241
1404679,214
1487809,164
1008500,225
1346088,234
1309473,213
1440765,175
1351627,158
1441768,163
1370126,191
1292794,205
1308071,260
1470794,235
1164141,242
1170897,237
1077235,230
1205460,201
1256077,108
1135420,116
1425475,130
1104883,164
1070616,184
1119638,182
1287436,236
1390833,224
1130338,178
1221218,162
1013813,583
1210130,545
1113889,499
1131919,409
1347100,402
1203738,363
1216417,427
1075536,389
1248608,360
1231823,308
1284997,746
1392430,2029
1250311,622
1343332,653
1158805,499
1302808,418
1315927,1855
1390178,1542
1319088,428
1400730,340
1049345,70
1173186,74
1310002,96
1401748,119
1127622,141
1352703,144
1196939,188
1062100,181
1464385,178
1261795,159
1441938,721
1202667,632
1144183,571
1279884,495
1067326,451
1174713,409
1039677,493
1070775,496
1090686,456
1351993,382
1486124,540
1177585,502
1119464,467
1181642,412
1235863,417
1169391,388
1405637,435
1413868,421
1162780,385
1006063,334
1218918,128
1221805,148
1351968,157
1276334,184
1176666,208
1490962,207
1209534,250
1429093,258
1207337,259
1237384,213
1149222,122
1117923,141
1166830,158
1120717,202
1499239,184
1102466,196
1197506,249
1298538,247
1134036,273
1061156,190
1306954,1912
1342909,1674
1244760,1380
1431361,1184
1276681,992
1148958,866
1184174,916
1323560,863
1066229,829
1025558,705
1272226,51
1345224,70
1180576,87
1400678,116
1494631,147
1041253,147
1085653,190
1036898,183
1255825,181
1166811,160
1312936,325
1313089,291
1109924,314
1335860,295
1287145,530
1176669,436
1458693,345
1129849,317
1491799,299
1051349,264
1443980,207
1213478,1722
1488938,226
1236270,217
1448872,244
1152021,233
1233583,1580
1254865,1287
1446649,266
1123458,207
1413179,824
1064720,750
1333985,671
1485965,629
1045179,575
1034980,550
1055582,627
1444798,601
1059223,583
1047097,453
1328392,88
1249257,98
1345965,132
1189952,160
1030558,190
1379280,183
1257501,238
1054115,233
1454949,173
1395932,160
1346914,104
1478318,106
1075796,127
1383931,137
1285934,163
1215738,164
1060380,212
1378187,207
1095715,192
1297712,171
1037218,100
1125921,126
1226436,122
1132112,150
1034182,173
1282516,164
1456846,214
1439256,220
1303607,217
1471480,184
1309280,818
1316821,825
1068449,774
1244417,755
1460277,1702
1141964,1573
1341807,705
1374690,637
1116327,1665
1395446,1345
1318251,122
1464601,225
1227075,206
1429094,264
1433405,196
1318005,155
1092639,224
1499150,222
1076176,204
1272010,171
1321757,185
1330209,128
1099026,155
1493281,118
1164689,173
1498076,175
1319999,203
1448350,204
1421711,197
1038221,175
1297481,250
1342441,251
1065384,251
1457965,238
1047619,249
1116321,228
1199733,286
1253782,265
1164408,263
1045723,228
1408514,50
1248845,72
1361418,462
1266589,367
1289418,140
1306674,142
1282683,194
1007581,178
1007038,171
1191930,150
1289632,280
1265199,268
1394596,279
1399350,276
1090499,299
1207469,267
1337311,334
1478789,308
1191669,294
1316515,239
1074816,104
1450974,119
1316042,128
1179169,146
1271167,169
1001293,165
1274820,196
1498345,193
1461834,170
1076787,150
1099423,167
1253791,174
1405583,195
1128016,221
1148287,218
1336749,265
1121493,270
1300038,269
1469353,220
1379869,510
1364543,462
1209429,445
1336922,404
1184984,397
1033802,365
1102254,426
1069100,427
1251110,408
1422931,338
1396463,395
1384942,428
1267286,431
1080373,408
1453390,315
1460261,326
1118334,383
1216971,356
1314150,329
1062635,275
1197947,146
1429990,161
1328020,170
1000304,185
1413854,195
1058705,201
1059717,252
1120318,249
1195881,248
1133957,205
1333350,245
1395760,247
1141879,254
1106071,248
1424549,412
1188351,326
1404749,300
1402018,285
1408756,263
1184746,237
1247919,227
1348282,265
1425154,264
1005220,249
1368923,258
1238630,241
1272350,286
1184813,242
1243023,250
1415987,203
1134877,201
1116838,220
1242837,228
1461295,265
1304951,206
1231273,230
1259733,287
1431813,279
1244857,254
1120215,226
1089252,395
1169044,454
1488310,452
1311865,386
1130736,356
1253835,340
1198939,411
1141237,374
1220100,341
1251272,319
1389126,263
1028984,261
1210725,261
1439307,258
1276761,297
1038564,300
1487161,361
1204026,273
1058780,288
1198260,239
1409283,1038
1369586,861
1208466,799
1105224,794
1160660,641
1070798,568
1436213,680
1262471,525
1040294,495
1148180,401
1174904,486
1310941,275
1072061,293
1096891,295
1050753,297
1372237,285
1480355,328
1464692,317
1205643,317
1255449,257
1343936,661
1024894,585
1225695,555
1327670,482
1136102,446
1029371,399
1108374,464
1313682,411
1446388,379
1061253,321
1256773,56
1156707,71
1225914,362
1188906,274
1175099,140
1213251,144
1318948,193
1140044,180
1453448,169
1482127,145
1492186,132
1451729,162
1175655,179
1232270,210
1386092,201
1146127,244
1007031,233
1252790,181
1208015,164
1460898,273
1472216,266
1497186,263
1281556,251
1319241,275
1211603,249
1200918,307
1489205,306
1345123,296
1436473,233
1412634,262
1004840,272
1370737,266
1148097,239
1230329,370
1264189,309
1471564,295
1207436,264
1117271,260
1456785,212
1034638,105
1321713,134
1229492,115
1017228,152
1347864,188
1358884,184
1157643,265
1014275,258
1273605,210
1492568,208
1429233,67
1373773,73
1103191,95
1184979,123
1261848,156
1460475,156
1171496,214
1341287,205
1149009,199
1075015,179
1363384,41
1207153,62
1311230,102
1445660,160
1388607,148
1339201,156
1255252,158
1093143,156
1239147,144
1428924,66
1232381,109
1448200,135
1347708,163
1362845,158
1125996,212
1015315,203
1100625,202
1102718,173
1366224,44
1442450,65
1070689,96
1459302,151
1214871,144
1103295,55
1402841,88
1453915,123
1204065,154
1429149,144
1256007,195
1288466,160
1212811,172
1244220,148
1230918,173
1146830,130
1283364,189
1366050,176
1202304,215
1374456,203
1284388,262
1298741,268
1361024,260
1085139,191
1115757,60
1164611,94
1071986,125
1062774,156
1465544,164
1156252,205
1338188,216
1475777,215
1363760,184
1298841,30
1331898,163
1339825,150
1078026,128
1110323,164
1164425,128
1154567,110
1384956,104
1409353,112
1010862,144
1183882,238
1438307,217
1149805,282
1038249,183
1288149,208
1217865,181
1170575,54
1459362,98
1350029,137
1467669,178
1014675,164
1280197,129
1220931,179
1336050,181
1299433,179
1024888,161
1306844,65
1365486,82
1177550,103
1131156,125
1343038,185
1420346,184
1147021,202
1476298,192
1342290,155
1122492,39
1369700,59
1020027,79
1206446,111
1306114,142
1125550,139
1348293,181
1188771,171
1482727,209
1057243,208
1126452,211
1342786,193
1384345,220
1479026,207
1400837,261
1386993,230
1024697,223
1117768,187
1433636,280
1271523,652
1413066,227
1052429,266
1080624,258
1433782,261
1429517,976
1211453,730
1148474,247
1403075,201
1326194,45
1179865,64
1298419,94
1455874,125
1177955,156
1071207,148
1288752,358
1167747,280
1467746,275
1122163,261
1200111,271
1282157,255
1072327,309
1358293,312
1179258,299
1433034,247
1242400,170
1183728,155
1480985,156
1309302,193
1129620,218
1140646,204
1364451,267
1404202,248
1196684,266
1134530,214
1287497,62
1105062,79
1395783,102
1105017,130
1148887,160
1209537,169
1261074,205
1165109,216
1008951,212
1025002,182
1021362,34
1248311,56
1127567,78
1294035,109
1005287,140
1408576,141
1476703,189
1138460,192
1455947,190
1499341,176
1257724,514
1138065,499
1331635,464
1089050,421
1209677,426
1178390,384
1232486,455
1165663,442
1115081,421
1294491,353
1172071,43
1065500,64
1395805,95
1335487,135
1483824,137
1417531,127
1078215,120
1196339,133
1325211,152
1196940,162
1222681,244
1075794,234
1054169,234
1285808,212
1207618,209
1336847,178
1481561,81
1430507,669
1273196,89
1402786,126
1313810,160
1422861,153
1182953,856
1431576,652
1336624,184
1358256,150
1466648,302
1217089,294
1275462,293
1461365,283
1159522,287
1442492,272
1426884,345
1223006,331
1257596,333
1313402,254
1076417,30
1113562,75
1306781,103
1437817,134
1095654,132
1037188,170
1193062,118
1116791,31
1078593,53
1301677,72
1431143,98
1335729,128
1273431,125
1291651,124
1046453,27
1270301,51
1321242,70
1027253,125
1013732,126
1024533,164
1027745,169
1401756,331
1200397,329
1336135,326
1127302,293
1086163,753
1158899,481
1418131,355
1011342,327
1383378,964
1329788,584
1413355,35
1453914,82
1165320,113
1057838,163
1302966,156
1035293,128
1021717,173
1428648,176
1437108,176
1166881,156
1390263,51
1221841,55
1393273,73
1408322,88
1414454,128
1214045,157
1039828,155
1179927,77
1254793,94
1351626,111
1361626,143
1474171,169
1020749,162
1283888,218
1218770,211
1493085,203
1104390,181
1392730,28
1124619,47
1027577,110
1215288,150
1011785,131
1010577,130
1204806,120
1174460,151
1013394,156
1263967,177
1498604,171
1124137,200
1040051,183
1291601,243
1095188,226
1073321,223
1205283,190
1248898,27
1442657,54
1016320,75
1350450,100
1050645,131
1295212,148
1120237,153
1448221,140
1041643,56
1241401,77
1286172,92
1348808,122
1200960,154
1069495,163
1375220,203
1280709,212
1363658,210
1192217,179
1254129,205
1298211,191
1226852,188
1080756,198
1357125,227
1037900,209
1018982,263
1206804,263
1434708,269
1350481,218
1356462,98
1206990,119
1374639,150
1248955,179
1488819,176
1314173,189
1422028,248
1474301,205
1421735,211
1329364,196
1297374,73
1205205,93
1267715,114
1096759,133
1371599,158
1196904,165
1275453,208
1205146,206
1195095,196
1157236,171
1200113,59
1405527,78
1412772,99
1191506,120
1286282,193
1393333,191
1456278,206
1199618,185
1209903,183
1166888,157
1417296,59
1233935,85
1447608,101
1070930,119
1347324,151
1421863,142
1423458,192
1314357,163
1472011,176
1202692,147
1204108,62
1320421,84
1157131,102
1493504,132
1027269,153
1071193,161
1153084,209
1154191,213
1319139,205
1223887,174
1113523,112
1198977,136
1114413,164
1388713,164
1394714,183
1159948,194
1323802,256
1194854,216
1470372,215
1048695,192
1225474,77
1287737,84
1239768,104
1289902,124
1113656,207
1369685,206
1266061,266
1011495,175
1298947,195
1293685,172
1045465,386
1081681,361
1421624,345
1451474,335
1163083,335
1083920,305
1031606,374
1133029,288
1003561,295
1290934,236
1020564,171
1178892,77
1119268,105
1493433,139
1264710,169
1318684,169
1289831,216
1387575,222
1364643,223
1254679,190
1326548,228
1258579,211
1429577,207
1057122,207
1132453,228
1452892,212
1430832,274
1481540,235
1405175,230
1261253,188
1198643,19
1371814,42
1211409,115
1108597,141
1397712,124
1087010,118
1187741,131
1488904,123
1051180,30
1447326,51
1312294,74
1037296,105
1066036,137
1274650,133
1360248,175
1313926,137
1376399,134
1197966,236
1108691,232
1407227,224
1156240,229
1359242,250
1101112,227
1396786,287
1214504,281
1305039,270
1066722,224
1010949,253
1257911,260
1155840,241
1005910,253
1268420,386
1499109,328
1022495,310
1050999,239
1481138,243
1388481,205
1412015,90
1176447,88
1253823,138
1494779,166
1036773,167
1208909,220
1248167,232
1392970,226
1444295,178
1057981,67
1297433,91
1064848,113
1323764,128
1020465,154
1332048,150
1089745,212
1310777,201
1455214,194
1189682,167
1097913,95
1218649,144
1138627,132
1483004,133
1465355,136
1095932,107
1086204,122
1347932,147
1323389,158
1360373,181
1369485,173
1156482,224
1473466,207
1107803,216
1361421,184
1124678,121
1075990,131
1400926,36
1383499,73
1126038,89
1286555,103
1375120,145
1159696,135
1088236,177
1217593,167
1136291,174
1317437,142
1461229,116
1183783,151
1343779,146
1335558,172
1221537,192
1081323,174
1389983,241
1261113,238
1387450,232
1338940,207
1067321,44
1051361,115
1030392,138
1155915,125
1229449,119
1132160,164
1152412,24
1489262,46
1116102,71
1086847,102
1348070,149
1241177,158
1413177,213
1180550,175
1366766,32
1198791,61
1327818,80
1331264,118
1204089,148
1053998,118
1077837,167
1329598,164
1246576,161
1485914,67
1299729,87
1460115,112
1299132,140
1137246,175
1251637,175
1221233,208
1151884,194
1187774,190
1156979,161
1204525,94
1347649,118
1493813,162
1140478,158
1482717,116
1166964,338
1246650,322
1436167,316
1354222,275
1135520,277
1087917,259
1025372,316
1105223,278
1119382,260
1412980,214
1264395,218
1199994,493
1264068,196
1102366,238
1411928,236
1302832,226
1430125,1015
1179547,637
1432135,233
1423780,200
1271169,61
1177475,119
1284113,177
1182008,168
1065218,176
1405233,185
1275037,208
1474230,192
1215183,253
1435232,247
1143903,237
1358874,196
1014564,198
1206185,195
1392612,213
1309171,210
1126294,228
1339737,221
1337158,270
1429763,269
1092832,265
1066511,204
1344086,47
1210234,76
1080240,130
1156847,143
1028232,143
1262649,149
1453211,178
1262599,207
1495848,204
1342607,260
1358429,263
1475006,273
1009709,207
1492097,108
1006833,120
1406361,135
1308035,150
1018667,167
1360589,209
1387284,195
1037113,234
1216798,209
1413073,205
1418176,174
1472931,74
1484697,616
1160231,100
1104329,124
1176781,161
1399279,150
1016676,834
1212768,525
1401817,181
1076968,164
1127204,139
1454285,155
1230213,161
1216199,176
1338024,203
1316220,199
1261077,258
1499021,255
1384202,260
1327954,202
1221607,49
1289506,96
1421492,127
1075950,161
1085945,156
1298007,94
1431853,124
1164599,123
1484727,161
1251893,167
1149765,192
1225876,183
1415546,222
1078113,207
1490342,568
1143538,511
1342267,313
1442839,266
1137292,867
1394848,425
1192413,27
1089505,52
1053247,74
1427058,113
1399010,138
1022717,153
1281547,148
1368785,131
1424511,29
1294222,119
1454421,141
1483482,133
1006934,163
1337295,178
1331277,188
1444811,180
1103642,239
1182198,233
1497051,223
1488795,196
1174921,21
1234400,44
1394502,129
1200823,146
1275837,126
1041452,118
1479766,157
1387983,171
1159217,184
1320682,190
1085106,220
1233601,194
1131145,259
1258777,240
1159193,235
1010363,190
1363486,20
1425117,44
1325405,94
1391577,118
1133753,157
1111154,156
1197779,154
1365246,142
1212707,119
1313597,125
1412241,148
1337684,82
1280026,97
1323007,125
1255751,141
1354177,165
1078929,167
1019057,218
1450808,201
1298458,196
1364650,171
1409575,29
1125328,47
1216882,124
1345389,80
1388295,98
1209508,117
1476668,143
1413395,188
1225315,181
1035195,218
1313839,194
1230384,195
1056205,165
1082698,57
1308392,84
1199853,104
1022140,135
1352470,181
1189345,151
1490265,172
1348230,144
1181616,27
1197754,51
1341473,77
1183839,111
1412036,144
1294587,176
1207154,148
1319547,187
1190103,211
1240755,222
1336172,206
1271870,226
1407766,216
1309964,272
1170529,244
1273445,231
1101540,201
1497398,30
1439873,73
1109486,103
1253988,147
1295721,153
1126045,208
1300636,170
1384325,187
1401376,166
1132739,169
1010460,181
1195857,182
1247979,189
1035595,224
1069260,217
1094702,278
1240856,216
1007680,229
1426661,176
1256382,66
1108013,132
1259378,134
1053053,179
1057181,182
1287446,159
1456020,242
1204510,242
1420426,231
1467938,214
1466987,231
1260987,218
1136679,282
1334365,239
1424034,229
1080646,189
1175393,22
1120564,45
1002584,124
1369039,133
1337552,126
1165405,117
1492488,141
1312853,68
1136587,98
1301621,160
1160572,159
1110622,136
1106150,293
1049172,253
1114784,266
1167505,253
1361792,268
1152503,221
1227862,302
1105779,311
1376356,287
1402031,221
1096623,106
1239656,135
1405703,138
1191021,142
1092472,417
1458592,323
1294843,275
1308629,224
1495955,178
1061848,176
1190084,121
1341158,127
1462124,141
1360840,160
1181465,192
1057569,178
1057633,234
1075114,225
1055398,213
1333295,187
1297074,25
1379038,95
1322503,144
1448129,148
1350207,134
1123031,137
1232610,123
1201589,135
1151450,151
1281317,162
1477767,180
1405278,181
1491066,240
1163517,227
1474008,219
1233979,181
1408360,60
1441467,21
1039188,59
1059972,76
1090412,129
1439582,124
1049512,166
1278377,150
1048840,157
1294224,141
1443887,44
1443342,94
1495749,148
1312759,137
1310930,157
1312840,123
1088172,50
1179491,71
1439950,93
1068923,136
1004841,133
1103936,131
1424143,169
1302670,163
1003271,158
1042443,146
1282737,125
1024017,128
1400061,137
1488713,153
1169855,215
1358064,191
1331832,221
1158324,202
1423816,195
1404581,172
1441739,196
1265839,200
1216683,203
1335875,196
1160156,214
1149327,209
1079856,271
1166586,238
1177025,223
1157387,183
1208736,279
1264561,558
1073671,237
1209675,263
1275754,266
1367936,243
1446165,1104
1234429,827
1124690,267
1084106,212
1052283,88
1336838,179
1217775,146
1438573,168
1072145,171
1449639,189
1383383,169
1064086,227
1183107,222
1111109,227
1049747,187
1118719,26
1198172,69
1191230,156
1209839,164
1130885,167
1245977,87
1352817,110
1245183,120
1490092,145
1278462,187
1090267,186
1231613,247
1164334,257
1300150,262
1231259,206
1353044,116
1364881,127
1070795,136
1334338,154
1270230,201
1377631,192
1080033,229
1415642,205
1014478,202
1469693,172
1161439,109
1168002,609
1441244,179
1273528,154
1010262,174
1464628,167
1054992,900
1424027,639
1181485,202
1387632,165
1165288,114
1113019,136
1116213,149
1044947,166
1402049,203
1073679,194
1088866,250
1194180,248
1474476,258
1049402,203
1150785,71
1430351,120
1154657,157
1294881,153
1482963,46
1320236,66
1401300,94
1402219,120
1085905,161
1074853,164
1002726,141
1159511,274
1187456,270
1042038,275
1123472,260
1493200,708
1302806,571
1407912,341
1446984,291
1183152,876
1204185,583
1108978,88
1199511,126
1083409,133
1118263,129
1218876,167
1167285,162
1252700,157
1445581,144
1127512,114
1085656,151
1321845,128
1455472,133
1027884,152
1394720,167
1074634,193
1308475,182
1139202,234
1049629,221
1495048,215
1255867,188
1063225,19
1274489,133
1155113,144
1012556,112
1136132,158
1057620,135
1367681,126
1127237,112
1123531,129
1087129,149
1337331,158
1255536,196
1025123,193
1492236,242
1168750,217
1186584,218
1456847,183
1075416,29
1372842,53
1240169,73
1014713,101
1345243,132
1227735,165
1088888,163
1333761,159
1158242,145
1081099,55
1242607,68
1495219,90
1401482,126
1318810,158
1400541,155
1024895,208
1046431,219
1068378,222
1431933,178
1271591,289
1421944,317
1184062,329
1057805,298
1076888,285
1181549,271
1211353,336
1201369,305
1041442,289
1080016,246
1194305,107
1215404,109
1373267,128
1317965,145
1102462,184
1228578,183
1450338,223
1140085,201
1353087,197
1399873,169
1199864,75
1427938,97
1040108,114
1232520,145
1140444,146
1491788,191
1017798,174
1078602,174
1432281,146
1474925,33
1487930,76
1062946,109
1250578,141
1251241,173
1054675,189
1430035,190
1320248,275
1384763,305
1373622,324
1226738,288
1329412,274
1475103,276
1222607,333
1202378,293
1191895,275
1446321,239
1116078,23
1438279,69
1260468,122
1307543,181
1412237,165
1008257,176
1287575,159
1187973,145
1432844,152
1041119,183
1308270,179
1365491,239
1355275,186
1152106,192
1099823,158
1054861,180
1000718,190
1184753,196
1086068,183
1128378,200
1195583,196
1497882,253
1104126,218
1317079,210
1282758,178
1155200,131
1324217,129
1473072,121
1343671,159
1026843,142
1125834,427
1189808,353
1441262,313
1055391,311
1296574,315
1448485,264
1075573,349
1349629,334
1024221,314
1209177,257
1043846,177
1187193,175
1401517,187
1451717,201
1137204,446
1394137,391
1293060,312
1084654,218
1235655,229
1198297,188
1356764,104
1146613,121
1337790,131
1005714,155
1047886,183
1490612,177
1248990,234
1106562,214
1197378,210
1296853,188
1402753,33
1425375,80
1028038,101
1345814,179
1498239,201
1440240,162
1313487,158
1172976,157
1173479,139
1108099,96
1140422,106
1476136,131
1183601,141
1392652,177
1281225,167
1076397,219
1455589,225
1427470,198
1378157,179
1249463,39
1159521,113
1007336,29
1492890,73
1416727,83
1274743,103
1060770,141
1304904,132
1420681,178
1046677,162
1331432,167
1392564,148
1007301,24
1087412,44
1070032,190
1307443,159
1141999,152
1409598,117
1279045,45
1423195,69
1488981,129
1133119,149
1452440,60
1132502,100
1407149,148
1282673,192
1268753,152
1284746,124
1005070,175
1019974,171
1309173,159
1480639,146
1446457,91
1362996,108
1090500,124
1304163,144
1078416,187
1059592,181
1162316,213
1158244,199
1366358,192
1314753,168
1286080,27
1335910,48
1006041,82
1249283,98
1461362,131
1015427,127
1358416,172
1020212,162
1248147,143
1378174,257
1215064,258
1442250,258
1075519,239
1182344,244
1160732,233
1334546,294
1166553,249
1450602,239
1267841,199
1253078,326
1102244,626
1189123,328
1003545,293
1304674,285
1428307,272
1142838,1208
1350187,953
1074022,270
1431871,223
1437490,47
1466259,65
1253695,95
1286044,108
1283002,230
1382675,192
1272292,216
1480386,205
1365169,216
1384166,195
1497042,264
1363181,266
1294124,243
1009747,206
1283339,51
1267181,90
1332082,114
1315779,145
1265919,147
1130549,198
1468217,202
1117415,200
1177808,172
1020966,157
1210680,170
1007010,179
1426974,196
1167015,232
1208134,229
1088146,291
1384893,296
1295493,304
1237768,227
1025533,15
1473799,123
1178769,103
1386312,124
1129935,128
1441314,148
1154339,187
1308805,186
1094696,227
1268433,201
1357317,198
1068361,171
1281581,157
1112950,359
1394268,151
1356848,150
1115980,176
1215913,168
1260394,935
1236784,689
1131319,179
1207117,162
1470747,193
1410454,197
1329627,188
1053569,204
1098179,238
1489281,227
1230739,285
1117763,284
1016076,279
1020937,214
1018712,32
1045845,53
1329309,77
1161877,95
1226026,132
1492109,129
1040086,172
1412950,164
1340735,146
1233208,141
1151954,65
1288009,88
1273694,124
1488686,141
1193844,141
1257412,130
1015655,29
1316041,75
1296576,90
1400039,103
1194635,131
1313348,131
1119000,169
1027462,173
1371466,163
1134961,152
1485722,306
1143142,295
1272200,317
1387344,292
1138217,852
1325439,635
1072277,366
1314839,334
1443394,1091
1371303,809
1110848,52
1205741,85
1442808,102
1323796,141
1032128,154
1467255,123
1132370,173
1087561,168
1123735,158
1319373,145
1494589,34
1395269,43
1319608,66
1414354,85
1120550,130
1168667,125
1039323,156
1174079,154
1138894,102
1332326,104
1443795,132
1269616,142
1432258,177
1147987,170
1295928,220
1287051,210
1158914,205
1361913,190
1136100,143
1395576,139
1125717,120
1185462,166
1494897,162
1135110,112
1269099,133
1313849,150
1120599,160
1180650,192
1092730,190
1411549,231
1202252,203
1323841,211
1102250,180
1340912,31
1150418,52
1225337,73
1168528,98
1043153,122
1456419,145
1243421,145
1010145,137
1018571,64
1069802,87
1401957,98
1404213,125
1316048,161
1158712,162
1479461,214
1208718,221
1185405,220
1198952,179
1474845,423
1157526,530
1148769,514
1070034,365
1140349,330
1137134,302
1410300,443
1101704,417
1294776,318
1027926,282
1420629,95
1104909,123
1287283,102
1261591,131
1478055,133
1275336,151
1492006,195
1373733,184
1133943,225
1134075,200
1252216,196
1365824,174
1422465,102
1066872,127
1335313,142
1474073,149
1164921,174
1348022,164
1253188,210
1018552,185
1346530,195
1339297,162
1220358,53
1301699,72
1406291,92
1467067,120
1025513,148
1312658,156
1465977,206
1276636,209
1322947,204
1443723,178
1088449,355
1038747,426
1074323,428
1425596,308
1365619,295
1343273,285
1162807,406
1212269,322
1132139,295
1132973,248
1318675,49
1121665,76
1157481,134
1127473,187
1171397,166
1057180,178
1147842,161
1152981,226
1355233,227
1151463,241
1002763,224
1354095,251
1392836,218
1283010,287
1394082,222
1094935,224
1151706,181
1200731,65
1141438,51
1399751,87
1108673,113
1273336,145
1238435,147
1295267,194
1459297,201
1018011,203
1159162,177
1278056,116
1023979,138
1226314,158
1071038,154
1373670,176
1056884,172
1362578,225
1094443,202
1389248,195
1243448,167
1413481,19
1360278,40
1378063,101
1166004,135
1418240,122
1484087,161
1040229,127
1300041,134
1316313,415
1308796,381
1139258,355
1493273,322
1296204,332
1184448,295
1102185,361
1015283,374
1335904,367
1132706,289
1247498,584
1111828,531
1050509,490
1225960,433
1127936,1032
1066415,649
1358786,455
1090286,418
1161679,381
1432350,324
1374582,208
1185511,214
1386250,216
1008427,223
1172238,232
1019043,231
1103612,283
1393402,241
1232866,271
1021932,226
1295018,68
1114607,89
1359954,120
1019313,134
1059851,171
1476929,156
1410152,214
1220929,204
1319121,209
1236073,188
1309919,43
1274531,64
1327243,82
1077904,105
1296259,196
1244754,162
1455282,164
1496731,169
1197177,164
1324344,106
1280829,139
1343500,150
1132022,154
1259861,183
1231386,179
1372949,232
1095880,223
1321490,224
1015489,195
1080169,32
1397944,70
1198786,99
1264775,131
1384255,129
1421779,151
1185691,138
1434682,66
1354008,111
1408531,115
1466423,138
1356737,161
1189941,152
1088646,202
1392976,169
1303529,181
1280402,302
1233708,224
1482059,280
1493098,252
1347717,269
1408089,254
1444918,303
1433357,309
1339315,317
1384499,259
1121169,86
1441170,105
1084363,116
1283429,147
1279398,177
1259805,180
1083814,226
1489761,234
1207479,240
1100808,207
1078039,43
1409480,71
1375526,334
1475219,266
1065416,134
1133414,133
1203590,182
1454122,164
1300661,156
1307899,136
1051496,195
1029671,215
1319750,219
1130635,215
1281671,258
1116333,263
1312450,326
1001732,251
1452847,270
1341886,228
1224175,67
1223150,147
1060365,148
1055160,201
1435103,161
1159771,130
1388818,186
1058809,180
1343550,175
1039843,152
1092200,98
1495200,115
1046120,133
1001638,156
1192455,204
1405377,204
1041927,222
1189301,207
1340940,204
1461400,176
1326313,177
1276735,80
1163652,116
1417376,139
1122299,166
1008743,160
1032920,207
1138081,203
1318665,155
1372995,148
1143198,321
1044391,313
1106036,299
1312310,272
1259739,276
1144461,258
1309137,314
1237369,285
1302878,265
1082810,218
1483907,425
1367832,1200
1070518,346
1392636,386
1023524,358
1462648,324
1229441,1622
1423953,1299
1114245,319
1306638,260
1308439,75
1295096,98
1439811,125
1306205,126
1299332,165
1352223,164
1479831,164
1339805,374
1243256,346
1138267,347
1335166,309
1250508,312
1475951,291
1342720,345
1306068,353
1398609,341
1356536,279
1273131,242
1427047,222
1228987,234
1117910,248
1325084,264
1146767,241
1199571,302
1266900,304
1164756,292
1180117,248
1233241,66
1054223,88
1289081,106
1250107,134
1280555,166
1292298,175
1083856,215
1361332,224
1299828,218
1195665,192
1164822,97
1420293,113
1341606,131
1037322,150
1345040,177
1114649,165
1136853,226
1494238,211
1405723,217
1470269,160
1264350,1182
1169852,1004
1392031,938
1140763,771
1359423,696
1145373,599
1381586,699
1486989,657
1061075,614
1018684,523
1415482,25
1122374,47
1092204,68
1388240,98
1204116,133
1055426,130
1481106,152
1086401,157
1045123,144
1319982,172
1206301,195
1476808,201
1074527,212
1297918,331
1116946,276
1326550,271
1354092,246
1175470,247
1352189,212
1233536,159
1441005,1276
1380607,136
1247012,178
1458093,203
1126592,195
1025339,1352
1024722,921
1216193,228
1011181,183
1121765,599
1154015,560
1193249,610
1025216,532
1487129,479
1132636,455
1011414,548
1368489,527
1369233,477
1458746,368
1381318,46
1179843,82
1019442,102
1247604,138
1331326,141
1201206,181
1186649,164
1158671,150
1226279,27
1353248,54
1407293,83
1281098,136
1078058,130
1394187,163
1348427,175
1186575,173
1363247,156
1297230,744
1167634,675
1053043,643
1423915,563
1055545,1430
1114758,1173
1318987,587
1397343,491
1370186,1321
1472161,1220
1276697,39
1336467,91
1203758,113
1172892,173
1037310,184
1251864,130
1045336,183
1186000,181
1070140,179
1434891,146
1392770,74
1444603,68
1067990,89
1293324,93
1358355,139
1216349,139
1274362,171
1029262,171
1318994,149
1363865,152
1033638,168
1101622,172
1191317,199
1404911,194
1131961,244
1243385,229
1060454,233
1343387,204
1121979,58
1403567,308
1487459,270
1017917,130
1062761,130
1468345,176
1393161,159
1059386,155
1499860,137
1396041,179
1283359,187
1118053,205
1017722,212
1312573,219
1430516,212
1314619,277
1140198,252
1454863,245
1388620,197
1346863,53
1201289,69
1183310,83
1364257,110
1143199,167
1278126,163
1458264,162
1380871,150
1273251,83
1431518,99
1230572,137
1062492,167
1497120,172
1030045,216
1261209,228
1132637,233
1188748,203
1458080,304
1453206,299
1199568,288
1248799,272
1039738,304
1201156,285
1474243,339
1017840,331
1048357,319
1398873,257
1036027,142
1083550,178
1250165,208
1290283,202
1051440,207
1228552,225
1487438,295
1427474,231
1158915,251
1059423,202
1395026,138
1078445,138
1296395,151
1419507,158
1136027,168
1219400,182
1327846,232
1203267,229
1346275,215
1189866,179
1313319,123
1146335,132
1359932,151
1070174,161
1267950,221
1426151,243
1132474,237
1151371,225
1332269,222
1274328,195
1198368,52
1194111,106
1278568,116
1413620,135
1226250,164
1151079,155
1196663,238
1124985,177
1265526,199
1171114,159
1180389,187
1377809,195
1419087,190
1497642,199
1427519,215
1419847,199
1429378,266
1366456,286
1051466,254
1437244,210
1369746,171
1191177,195
1359579,217
1008422,234
1361514,253
1083765,208
1208100,283
1103916,250
1268975,244
1386877,216
1023579,144
1311954,154
1488452,168
1274486,182
1473937,234
1191349,236
1227321,300
1197558,228
1230982,248
1173627,213
1259982,538
1060557,523
1365049,488
1386676,452
1021036,431
1391925,398
1333552,478
1303490,377
1410175,357
1053503,300
1163661,329
1248345,203
1027074,221
1105101,229
1428483,252
1305049,245
1252301,286
1392558,285
1321571,278
1226420,240
1088812,396
1142629,371
1320284,355
1178821,325
1470043,316
1120815,293
1484461,358
1284339,317
1162814,296
1003890,246
1016178,46
1453325,63
1411725,300
1168060,236
1303062,130
1061634,130
1062614,175
1060096,161
1289801,152
1265042,135
1155844,63
1467304,80
1344265,100
1229723,127
1045622,154
1189950,153
1262458,198
1449096,198
1172065,149
1044476,144
1144948,273
1105663,241
1292184,242
1409156,246
1219848,252
1446882,224
1130658,289
1117216,263
1180146,276
1123723,215
1092214,351
1193244,350
1473093,346
1015778,304
1353466,591
1449756,509
1113140,341
1365891,298
1331579,296
1234776,254
1217244,73
1236590,83
1312208,105
1054258,124
1020243,159
1464033,161
1362544,214
1365100,205
1147950,200
1326431,173
1323979,45
1126741,67
1152714,86
1243749,111
1239508,196
1175845,192
1284532,166
1151282,172
1084295,164
1498639,146
1406743,74
1038286,95
1221279,111
1322887,131
1215429,166
1388757,165
1459085,212
1472642,220
1207215,195
1422972,181
1351470,29
1432777,71
1441916,99
1322235,130
1024988,130
1440966,166
1041786,158
1457838,142
1458507,59
1436526,106
1046795,111
1157453,130
1157467,154
1250220,148
1253502,193
1449527,177
1215320,177
1323683,148
1487270,28
1201241,52
1181074,139
1216318,143
1016515,121
1175256,116
1109308,166
1155018,153
1055106,147
1330159,132
1100362,92
1323732,109
1297694,127
1482935,147
1453370,194
1217703,189
1349362,251
1498376,204
1247371,219
1389523,190
1434827,86
1487985,126
1202772,145
1436244,167
1326422,152
1219713,132
1389801,182
1061995,174
1385517,166
1250239,150
1023444,159
1462006,161
1238059,178
1313063,188
1487782,266
1489141,222
1244156,242
1197199,226
1347013,222
1222394,188
1344049,70
1139130,77
1136868,98
1135794,111
1269572,149
1287268,183
1312626,145
1349215,141
1424470,222
1465908,223
1433007,230
1348099,210
1248768,235
1348933,220
1473910,282
1081562,241
1413965,230
1404408,190
1154217,353
1230706,715
1496234,279
1080295,307
1410013,289
1492218,346
1142595,1258
1341806,816
1270406,277
1449841,242
1407648,29
1123096,49
1444293,71
1130663,105
1442756,126
1260453,126
1349171,150
1094765,152
1477758,212
1435423,191
1135179,195
1178848,196
1311551,212
1188755,194
1126623,256
1225608,265
1061139,247
1265832,213
1422855,129
1492002,135
1025759,151
1014641,174
1380163,187
1405883,191
1441114,240
1322295,236
1271703,238
1126947,204
1233869,459
1478615,451
1081273,413
1452584,401
1082717,390
1009386,453
1251805,500
1390565,432
1301315,412
1033019,338
1173361,26
1400135,49
1489440,69
1278953,100
1463175,133
1471485,130
1020768,151
1152664,157
1324280,143
1099632,161
1112056,172
1225810,180
1182550,192
1046330,304
1011226,222
1253903,250
1182041,231
1389945,226
1363040,200
1144372,190
1244397,706
1192419,152
1423648,172
1211910,197
1027316,241
1221224,1023
1030268,613
1018816,213
1290329,195
1466568,357
1429643,356
1301120,343
1377778,328
1271409,334
1168372,318
1469059,385
1067430,373
1155421,370
1136593,298
1412025,43
1287019,67
1396176,104
1331977,139
1017414,171
1043534,50
1443689,73
1347861,90
1080052,128
1117513,132
1428659,169
1236742,166
1359593,162
1430032,147
1101512,37
1221917,60
1450030,74
1311807,100
1380508,133
1059445,133
1110999,169
1133144,188
1173000,185
1422208,163
1324958,424
1254383,395
1160460,407
1285982,365
1434894,926
1478111,622
1208714,447
1257730,395
1204027,1284
1234660,826
1379557,35
1206972,77
1036821,109
1281479,143
1086556,148
1249198,122
1273640,168
1154247,159
1039516,141
1086615,45
1074491,53
1331967,76
1247169,89
1314566,135
1207802,151
1217120,149
1085153,152
1096124,142
1324643,62
1348063,87
1215254,100
1163471,129
1343129,160
1323659,165
1341726,209
1084459,202
1318775,201
1256838,175
1137669,165
1276624,153
1439602,128
1243108,122
1160233,170
1289462,150
1070377,131
1140632,156
1120911,164
1080511,173
1005706,192
1252996,212
1068406,206
1132811,250
1036698,230
1142085,229
1291286,186
1355770,37
1063009,61
1374169,80
1210839,105
1429939,135
1370140,133
1470437,170
1472579,169
1451674,166
1462767,151
1426126,107
1436356,125
1252819,141
1026971,157
1149602,192
1324150,184
1265505,235
1415266,236
1194917,253
1205287,200
1216607,332
1347976,384
1468668,375
1351362,326
1210795,324
1211587,298
1110361,359
1498310,315
1405934,299
1444235,257
1413454,69
1045716,88
1353423,106
1154956,130
1019221,157
1230883,163
1329315,203
1090421,207
1218834,203
1207249,177
1096870,135
1396409,152
1037656,163
1014037,183
1432248,238
1454232,211
1432921,241
1499865,226
1491511,222
1141545,192
1395659,103
1006261,166
1357284,133
1397297,145
1084335,176
1099952,161
1490160,211
1498026,179
1354418,198
1174084,167
1031835,205
1124713,215
1231192,222
1430845,223
1372144,239
1167420,234
1437265,282
1400908,270
1032713,263
1414921,223
1138409,245
1074677,289
1249229,298
1034893,273
1236619,266
1073611,260
1398971,317
1191159,279
1179404,272
1158107,234
1170010,123
1063594,134
1276959,148
1079134,172
1249813,203
1282607,205
1216484,267
1083050,214
1126864,230
1304998,193
1254131,279
1288768,276
1236684,273
1159256,262
1046393,276
1144740,240
1387143,302
1376447,237
1090955,241
1367945,201
1062966,117
1215173,85
1423125,113
1304852,139
1021724,170
1093088,168
1200538,217
1489037,221
1008838,221
1169203,193
1050959,326
1428574,292
1434386,291
1381322,271
1052185,271
1024283,265
1247559,315
1012208,278
1047132,261
1111480,222
1020431,187
1226209,186
1448463,130
1265029,177
1371818,161
1001148,133
1362812,551
1239762,355
1254062,351
1040412,324
1107366,331
1372047,298
1386015,364
1015227,348
1268228,348
1369293,272
1057989,312
1094537,324
1264303,310
1379614,280
1333333,378
1476899,368
1186550,325
1030934,278
1262550,266
1352451,234
1427314,202
1151744,184
1013929,198
1302552,204
1026832,229
1427606,189
1339299,257
1074211,262
1319989,230
1209709,213
1102908,35
1421244,59
1435074,79
1497104,103
1013820,171
1405691,175
1030857,161
1448901,165
1296889,160
1362892,145
1177846,154
1216716,164
1485789,177
1000405,195
1377293,211
1149679,177
1357633,265
1069951,247
1394657,240
1342487,218
1103781,44
1260990,66
1186075,148
1420628,141
1033678,127
1159897,63
1055147,70
1058034,98
1437001,133
1237714,129
1464379,178
1312387,158
1185155,29
1116803,49
1168006,120
1174164,158
1026794,128
1053982,113
1318678,164
1325393,141
1250190,130
1374738,54
1248806,63
1245972,91
1002128,112
1083476,187
1449458,161
1482122,242
1214569,189
1309837,193
1340245,185
1128407,58
1003796,88
1251253,101
1252353,134
1291714,142
1080543,130
1469694,174
1233157,167
1474573,162
1219309,150
1004249,86
1294600,105
1361715,112
1429336,138
1077780,191
1270581,186
1450900,210
1059120,195
1378120,189
1121365,168
1057980,156
1252149,167
1106978,178
1083553,176
1486382,199
1160547,193
1052664,253
1221494,219
1029101,212
1034243,176
1474190,218
1210832,806
1384764,238
1464581,231
1449113,231
1221115,223
1213496,1087
1232809,763
1187479,253
1388369,195
1495776,65
1168775,93
1355384,124
1017536,157
1033467,150
1087374,133
1344569,223
1059351,193
1332121,207
1256130,227
1288076,213
1470264,197
1187374,265
1247292,260
1352064,255
1026735,210
1474051,53
1164344,75
1253909,93
1313512,122
1187666,153
1000831,159
1361966,207
1228440,207
1222358,203
1259767,176
1083024,392
1027186,391
1226206,363
1193020,366
1208269,452
1441531,338
1201640,406
1412072,485
1063733,454
1196516,315
1481613,26
1404146,48
1037597,98
1303077,129
1400354,127
1460258,166
1258158,160
1391288,161
1259464,146
1022162,79
1043840,96
1339738,105
1384661,140
1209720,201
1455897,181
1127451,208
1363426,191
1217809,187
1309141,166
1195458,105
1344468,544
1109661,174
1022560,138
1019323,166
1146209,159
1378286,851
1356402,633
1499223,180
1276621,164
1496726,244
1040688,254
1359566,239
1322847,248
1419205,273
1376392,253
1471555,319
1157631,317
1446675,316
1171196,240
1281533,30
1093990,54
1209374,73
1421623,94
1251384,131
1051395,128
1139627,168
1180107,162
1325722,140
1118152,39
1330397,63
1361124,89
1178707,104
1413986,132
1241852,130
1283593,174
1238865,180
1028109,172
1183910,152
1180242,351
1118832,342
1173239,355
1418951,308
1029810,760
1463479,459
1196208,364
1369533,338
1267353,1051
1120902,638
1204473,45
1363790,78
1089488,83
1321307,147
1209154,141
1276722,159
1042434,161
1272062,155
1408207,142
1139545,37
1370338,51
1441728,75
1250654,87
1383155,146
1063345,132
1447665,114
1312133,127
1173106,119
1272624,179
1327619,192
1434019,166
1111401,233
1455666,212
1393896,216
1078164,196
1090469,43
1127551,90
1130340,123
1071794,130
1343891,131
1029979,120
1494201,61
1110232,83
1191425,108
1083831,126
1114637,164
1444450,166
1002579,212
1136776,203
1227062,198
1253118,171
1333423,41
1060388,65
1167613,82
1056566,106
1304142,140
1058319,136
1093672,174
1305060,169
1022178,168
1267082,150
1222568,106
1315683,128
1122220,147
1374913,159
1443718,187
1402391,180
1172117,235
1460512,240
1057481,246
1435184,193
1154591,225
1029511,285
1122897,282
1327188,264
1058238,270
1241404,260
1004561,302
1293729,275
1454012,260
1251881,223
1494214,34
1447416,61
1295580,82
1062579,128
1326138,171
1454801,178
1251730,176
1495918,159
1165001,105
1215402,113
1367986,132
1173733,164
1195787,218
1013331,187
1224522,215
1478189,196
1287261,199
1100902,171
1474455,49
1264948,85
1485074,93
1489039,114
1348732,147
1105602,140
1007891,188
1077300,173
1329141,176
1259803,154
1360415,74
1127043,87
1059133,110
1204248,138
1217680,165
1167403,167
1427762,218
1055201,217
1486591,213
1011382,186
1310544,163
1408249,197
1442686,241
1004124,203
1028308,218
1185785,240
1481414,260
1185694,243
1075073,231
1230994,202
1379639,94
1131581,120
1156328,148
1245306,158
1471389,187
1364328,192
1436549,275
1463916,211
1390277,212
1107277,194
1357918,216
1447229,224
1005089,234
1251525,231
1446516,257
1364017,226
1451683,275
1029269,222
1140303,229
1295180,191
1152177,118
1017399,77
1145891,122
1413242,128
1397636,152
1273228,155
1106083,216
1455436,221
1210472,211
1179024,186
1233530,186
1497414,195
1070634,192
1207686,198
1237150,210
1110076,201
1154847,258
1461549,227
1154617,221
1084175,191
1186995,293
1210151,261
1381179,267
1461982,261
1427117,272
1119080,236
1086505,318
1494879,317
1173357,296
1272563,238
1304421,425
1121467,435
1262305,412
1247788,363
1015891,643
1309128,691
1005399,436
1006498,373
1435652,346
1299727,307
1194476,97
1212725,112
1190444,132
1254939,147
1111305,180
1331353,171
1022768,224
1380047,214
1488338,217
1152614,200
1096268,55
1474006,88
1325326,99
1383158,117
1161026,211
1447296,204
1150094,173
1246960,173
1495161,152
1356515,152
1292414,158
1486912,173
1112470,197
1398419,211
1308975,200
1342069,269
1451824,232
1460152,233
1498359,215
1163148,38
1013434,62
1156755,80
1482906,110
1242262,138
1231518,136
1218599,174
1414865,171
1001701,168
1469466,154
1424863,91
1380652,107
1000734,125
1005335,141
1404053,166
1446011,162
1171263,202
1116171,171
1312433,188
1338621,158
1465064,53
1449755,69
1386365,205
1024030,199
1046592,140
1152096,135
1421359,182
1316044,168
1181013,157
1070137,139
1146852,125
1295497,143
1371269,149
1295314,175
1151009,216
1338515,269
1285058,314
1281399,221
1343836,228
1140896,203
1008749,149
1489542,159
1392767,162
1089465,204
1260208,201
1415229,144
1481494,197
1103454,191
1098157,178
1130726,159
1225453,182
1369168,188
1103558,188
1211285,195
1139460,248
1215932,206
1126306,247
1339455,230
1071891,222
1161712,190
1026497,121
1086610,127
1321124,135
1310618,146
1361581,175
1465472,160
1217409,209
1044635,199
1291482,171
1436060,152
1314539,285
1047310,263
1285948,261
1435237,238
1016992,252
1149757,237
1193059,297
1083302,263
1476967,251
1192208,209
1419882,791
1404698,1069
1445592,626
1051753,541
1437653,503
1016753,460
1061979,1581
1166878,1101
1077710,444
1151813,366
1331608,37
1040462,56
1491082,74
1380987,114
1238332,155
1343421,155
1455377,157
1401181,285
1098169,177
1414810,208
1036855,210
1103761,219
1042253,205
1235632,280
1045651,278
1411635,275
1323063,231
1443157,294
1330934,289
1316177,277
1278699,269
1238056,272
1129006,262
1407025,305
1221491,303
1480631,294
1492689,251
1117594,613
1486028,569
1135738,521
1222614,477
1406377,474
1244061,426
1003197,504
1289790,484
1036601,467
1050954,363
1094126,33
1270770,52
1382259,72
1349385,101
1329858,132
1168409,132
1183464,169
1372710,169
1070786,167
1180446,152
1152619,345
1339008,324
1094930,318
1372645,297
1458283,360
1363817,299
1425272,318
1331011,297
1213126,272
1022307,240
1193613,645
1194956,803
1267495,401
1057705,379
1428544,348
1242885,318
1075410,1323
1261158,939
1311456,317
1068712,259
1246456,557
1213389,531
1011038,461
1403857,447
1377782,436
1354740,398
1195560,480
1000845,465
1188391,433
1310969,331
1349423,91
1072222,100
1474968,129
1286832,132
1206362,162
1206240,151
1240574,195
1046701,185
1316364,160
1201456,152
1393626,60
1033993,91
1252764,99
1397241,105
1266837,138
1367769,136
1234359,176
1047082,172
1058253,166
1120533,151
1243607,69
1444377,83
1399251,87
1211270,123
1389781,153
1041281,153
1499053,189
1034495,188
1411800,189
1339180,166
1026340,674
1426674,640
1178617,595
1384129,540
1094924,981
1473719,872
1086535,602
1319044,519
1082944,1259
1416679,950
1383333,76
1442804,102
1019682,116
1142103,168
1456298,155
1198846,130
1355892,178
1354917,173
1419588,163
1470635,79
1311030,83
1098457,110
1347629,98
1024016,135
1020196,138
1349568,160
1296974,162
1384332,158
1112022,148
1063805,177
1169301,170
1236391,177
1487226,207
1043032,212
1052339,202
1319985,256
1118019,271
1065364,232
1280176,208
1197882,49
1336558,63
1304381,248
1364534,217
1382408,137
1486487,137
1227369,183
1417012,171
1332262,161
1207324,145
1471695,332
1379662,305
1068011,317
1332593,287
1145163,292
1418885,268
1486990,324
1094413,293
1067435,287
1171175,231
1170587,50
1009387,68
1471282,89
1446802,111
1318609,142
1219191,141
1256714,181
1426027,178
1114280,176
1233775,157
1384107,297
1055966,298
1137846,276
1138651,276
1475804,295
1437784,274
1233590,334
1175552,328
1457208,328
1306640,251
1492548,318
1499518,325
1300407,321
1204844,296
1495928,299
1143934,283
1235352,342
1068392,310
1433681,308
1162384,257
1440330,101
1416370,111
1358159,129
1341131,155
1050479,181
1120227,178
1296492,225
1271141,210
1178189,215
1100128,151
1117429,153
1338037,170
1362739,177
1340320,233
1117884,198
1250167,242
1284344,223
1462931,216
1257974,195
1078594,67
1177300,121
1440074,126
1381202,146
1121088,169
1472538,166
1008764,214
1095641,191
1270236,196
1487114,171
1413653,344
1456294,333
1493346,329
1253423,310
1464461,313
1258298,294
1490920,345
1064573,327
1082240,314
1256806,266
1054024,299
1332189,305
1457769,303
1398069,275
1433872,290
1149035,266
1163601,333
1181945,302
1082740,301
1389913,251
1465517,192
1495193,200
1002309,207
1472784,213
1473380,252
1010982,311
1221848,360
1445942,238
1145830,250
1139043,213
1158925,486
1275715,458
1350790,413
1391141,393
1235746,379
1386957,338
1124751,408
1340094,334
1091113,330
1152565,261
1450571,358
1419513,173
1328548,192
1253135,206
1354514,224
1310755,219
1469390,267
1479042,270
1204703,270
1096925,229
1177199,475
1052133,463
1130890,427
1379400,371
1003688,362
1400232,340
1487971,398
1123740,350
1495516,332
1055893,284
1204356,48
1369059,69
1351937,241
1004040,222
1399111,135
1418848,133
1245910,177
1335062,162
1323447,154
1154097,140
1243434,99
1440438,112
1477230,123
1041606,148
1079764,172
1322204,159
1388371,210
1191040,194
1345720,168
1226984,154
1103552,353
1095975,301
1396135,304
1361416,295
1028341,297
1176218,259
1044843,348
1244513,319
1075589,317
1165362,251
1454684,456
1445429,445
1442692,394
1320541,341
1477747,627
1038111,697
1423052,412
1326454,370
1405676,334
1114439,290
1054413,145
1060287,160
1053202,179
1107001,184
1260188,222
1389884,200
1011812,255
1035060,246
1225651,232
1269716,207
1423243,58
1056176,73
1086057,89
1181477,115
1096384,208
1261427,199
1126466,171
1251550,174
1344627,170
1240320,150
1100592,139
1151563,157
1072177,165
1157690,174
1067421,188
1049469,191
1177757,249
1121323,235
1259921,237
1270504,203
1148734,33
1484172,55
1415096,99
1477460,133
1307102,132
1033661,169
1254297,169
1169748,166
1351915,44
1287757,88
1246353,97
1161031,115
1492892,153
1231162,142
1069357,195
1237460,169
1154573,178
1252295,147
1441237,49
1310322,70
1341706,224
1199338,234
1402927,138
1059264,134
1056575,182
1226667,168
1184350,161
1116990,137
1068099,73
1380215,86
1147717,106
1336774,133
1300589,180
1151202,186
1092291,244
1158536,202
1048271,216
1321815,194
1341469,94
1074570,158
1183904,165
1161695,205
1427233,166
1019963,156
1064759,193
1260965,183
1489804,171
1499105,155
1138163,108
1275435,128
1242346,135
1303020,155
1390581,199
1467768,187
1497257,231
1458496,209
1331663,209
1337395,178
1098324,135
1473216,134
1288843,146
1336958,152
1374798,182
1285831,165
1157343,210
1055864,203
1149140,167
1375688,151
1005415,276
1254165,254
1287323,267
1197742,229
1098491,250
1064484,238
1316610,296
1295783,260
1310563,245
1264587,210
1023439,582
1079927,851
1096318,487
1182017,443
1450646,419
1294005,383
1307672,1385
1056291,1132
1041967,360
1161052,290
1115378,42
1126975,59
1425062,78
1421083,103
1430111,129
1310837,130
1323552,168
1449312,168
1303502,218
1390650,180
1149555,206
1214070,190
1142508,214
1221143,190
1391855,275
1295014,260
1077590,264
1306567,213
1130901,190
1360630,205
1461640,209
1439173,221
1247601,225
1473103,227
1072711,280
1016474,267
1496045,266
1293797,218
1497941,610
1278537,594
1355035,544
1143583,500
1020166,462
1406416,426
1203123,515
1480428,500
1420069,471
1125502,373
1024935,97
1289109,128
1459553,141
1134348,144
1111393,230
1355898,221
1130917,233
1149958,223
1036356,278
1455529,248
1491854,281
1234170,254
1391597,247
1183080,208
1402530,284
1102476,640
1498269,292
1428840,254
1336198,267
1225617,259
1133951,1165
1325664,897
1172045,256
1381124,214
1405281,564
1140630,533
1179175,477
1328240,441
1148498,441
1444150,399
1184976,475
1455643,463
1054872,437
1465520,337
1128843,85
1315539,99
1242462,108
1350802,136
1096746,158
1129487,150
1183500,196
1041769,185
1239451,163
1217436,148
1358603,63
1457940,80
1049890,87
1328556,100
1349869,135
1061284,132
1009353,171
1431845,167
1422420,163
1413250,149
1297493,64
1006600,86
1024745,105
1401938,116
1015892,152
1168659,155
1467272,189
1372762,185
1070911,197
1162490,172
1062386,493
1058455,462
1038618,480
1012910,453
1273816,802
1015970,614
1133607,506
1462127,428
1005260,1205
1178206,788
1099372,69
1151684,127
1062706,130
1000462,176
1113146,154
1286451,145
1209288,187
1071743,173
1406565,163
1303623,148
1101312,77
1274220,75
1046363,89
1124945,92
1163384,141
1453188,148
1039477,165
1110194,163
1173932,159
1317154,148
1265971,176
1376692,186
1025739,188
1490685,189
1233592,218
1242586,211
1417742,259
1085830,241
1125663,235
1277434,200
1073593,41
1069567,64
1337776,257
1412396,222
1155177,135
1187206,134
1028786,177
1397179,165
1309690,155
1024218,140
1070732,175
1223304,179
1107079,193
1454774,198
1040018,219
1141787,215
1085213,260
1061709,240
1097923,237
1388988,195
1407946,48
1130479,68
1019957,86
1131530,110
1332626,141
1178951,173
1025702,167
1026610,169
1112746,153
1184133,320
1460544,307
1232535,294
1479916,298
1115572,310
1494124,281
1283670,333
1285656,330
1399178,329
1113406,248
1190768,234
1251345,283
1280927,287
1343610,266
1154445,261
1403823,260
1311885,324
1339877,293
1418984,291
1300135,240
1200592,147
1260242,153
1395800,167
1453905,179
1443736,198
1464242,197
1048256,242
1160937,239
1349435,238
1174466,205
1089398,162
1087733,171
1234773,181
1359835,189
1148989,235
1365592,208
1309184,254
1378698,234
1386797,229
1330452,194
1351826,88
1277872,128
1314199,131
1019082,146
1370963,171
1286139,163
1456597,207
1432834,189
1104820,204
1139260,173
1337305,247
1130316,255
1040709,263
1158635,242
1431499,259
1084752,252
1274093,302
1342313,290
1455649,283
1114608,243
1310892,229
1199038,264
1140872,269
1295778,262
1130685,245
1196193,245
1407837,304
1209313,283
1407123,270
1362036,230
1296768,162
1434488,168
1074836,182
1470035,188
1390700,232
1044974,230
1196047,290
1000316,235
1319295,250
1022883,212
1074755,405
1265478,427
1079551,404
1284323,397
1088414,391
1059042,317
1333252,363
1385541,319
1436174,302
1207409,238
1237302,167
1302873,113
1402640,153
1101215,177
1384496,192
1020464,196
1370973,243
1140008,246
1128860,254
1321905,209
1040493,368
1266782,370
1334924,341
1100862,322
1313064,306
1102764,282
1249006,344
1353126,305
1190022,292
1299662,246
1353069,39
1012130,56
1495700,207
1298675,180
1369804,112
1034705,145
1398806,143
1187068,134
1463531,99
1305395,111
1148186,122
1289382,164
1364225,153
1492483,198
1234254,196
1322227,171
1277972,150
1416876,509
1199684,478
1169253,446
1431942,389
1124620,374
1292462,346
1157971,420
1376744,439
1346422,413
1366798,340
1339641,782
1480786,693
1418641,643
1366988,624
1056350,1133
1177798,1008
1295143,537
1347530,484
1468567,435
1467885,367
1313505,262
1428532,281
1177648,244
1260235,266
1023852,255
1389275,246
1312237,316
1418312,314
1341648,289
1381447,253
1029884,71
1066120,87
1369386,118
1059676,140
1429101,175
1172837,156
1158730,221
1408804,210
1179836,208
1168556,183
1309096,102
1260976,111
1333433,126
1267474,147
1128942,268
1342545,206
1021203,190
1438920,201
1073117,194
1401981,170
1497894,116
1483400,131
1187366,138
1092508,157
1105494,185
1061530,179
1192020,233
1057605,231
1287959,219
1073416,184
1126584,50
1229122,71
1005407,94
1315629,119
1271290,149
1394658,147
1046637,191
1493956,186
1391775,161
1047036,70
1033147,126
1193901,131
1354229,166
1452022,159
1310666,216
1232566,178
1483477,190
1288112,159
1117255,391
1263274,402
1039799,355
1463547,339
1078142,349
1040684,321
1171583,363
1321027,363
1269832,383
1411302,293
1352627,142
1165481,153
1215378,172
1271516,187
1163658,215
1230965,211
1365652,253
1431943,262
1144443,261
1385200,220
1240353,63
1343801,81
1140936,401
1233169,324
1140705,146
1426262,147
1467381,197
1374112,181
1275546,173
1444197,151
1458629,334
1285260,322
1241716,309
1311102,295
1141241,333
1441734,321
1225616,379
1440398,298
1184580,305
1163115,266
1346652,107
1117959,213
1491102,179
1208881,226
1115005,192
1025834,150
1002587,212
1191834,209
1266002,206
1106897,176
1372662,162
1421424,164
1200145,163
1495791,179
1442540,251
1304455,229
1398733,236
1499629,228
1333510,223
1028768,193
1395056,126
1395859,136
1446160,152
1229730,177
1064133,196
1206668,189
1033644,243
1081570,226
1245157,178
1476211,161
1394735,465
1372987,449
1026483,409
1068862,342
1279450,344
1425955,319
1186148,387
1381909,349
1431593,330
1454362,265
1065376,597
1159794,1840
1094504,975
1260311,568
1011813,524
1483839,500
1402324,1807
1264747,1589
1125632,410
1036941,332
1140959,43
1303406,61
1315724,81
1471838,108
1387664,134
1083939,136
1498015,176
1311461,175
1252908,171
1209578,490
1109999,460
1305434,433
1027247,385
1483090,362
1202770,340
1226985,410
1376393,425
1248664,406
1266859,521
1031078,447
1050610,456
1453965,392
1376725,391
1214462,366
1439200,412
1281767,409
1133908,387
1078694,333
1476169,126
1108613,140
1355314,150
1209386,176
1295170,197
1212610,200
1329325,244
1212536,250
1432242,250
1233757,213
1359281,184
1492687,189
1478985,196
1252493,205
1111872,217
1450249,235
1342064,288
1181360,280
1207317,264
1001439,230
1259591,1911
1327142,1660
1249310,1398
1337116,1160
1426288,966
1178106,832
1112605,898
1297011,848
1015985,801
1413327,679
1418086,38
1241569,60
1384829,80
1140269,109
1334770,141
1246235,137
1482782,183
1138104,178
1288442,174
1233239,157
1296700,437
1176152,359
1490730,349
1126270,325
1482237,571
1317530,455
1235841,361
1023943,323
1210305,305
1303610,272
1392342,405
1265893,1622
1300383,669
1113155,348
1113616,356
1194554,318
1412744,1735
1046474,1384
1250174,324
1154990,264
1167271,865
1393728,782
1109152,707
1366322,641
1101391,579
1478799,539
1215120,633
1428408,610
1100774,577
1495413,445
1328783,62
1489537,86
1359618,102
1417079,133
1292079,159
1032899,162
1278865,208
1258520,205
1062432,158
1496537,151
1066654,95
1434239,112
1252662,149
1189165,147
1158238,199
1245281,194
1080663,182
1454861,159
1049973,61
1205070,89
1127296,104
1408881,126
1299062,147
1072387,145
1089940,194
1200410,207
1169666,208
1109817,179
1300828,1056
1223412,987
1040191,876
1241259,740
1111087,1424
1207821,1417
1399584,731
1115966,643
1198576,1734
1400578,1460
1245436,75
1472988,147
1439147,136
1057936,224
1413477,186
1181097,146
1353808,206
1444602,192
1402889,180
1425006,159
1485050,106
1406914,88
1368481,113
1348179,110
1418832,149
1332124,151
1087115,189
1086536,177
1064213,158
1300128,222
1175832,204
1383898,210
1178026,208
1496047,227
1132421,209
1488470,263
1463699,251
1156176,245
1182836,221
1147081,58
1434553,78
1100311,395
1018405,306
1239465,133
1129652,199
1401086,182
1381340,178
1258644,152
1443036,330
1053161,318
1153904,323
1137845,304
1357976,300
1455063,273
1032554,348
1271162,328
1255596,299
1433839,251
1421036,65
1240396,82
1052736,100
1318399,119
1198182,142
1059854,167
1445630,169
1052571,153
1366366,115
1127930,130
1420586,136
1418510,161
1098578,189
1379530,192
1116454,240
1337912,247
1097049,248
1434232,216
1201964,486
1189658,479
1059263,452
1394190,393
1236690,395
1441691,360
1334605,421
1410693,417
1107017,404
1374145,327
1045821,204
1222113,281
1217271,271
1341683,259
1009555,259
1309392,246
1315349,321
1480966,290
1225163,275
1198644,244
1208849,285
1441614,309
1248156,288
1485601,250
1312698,268
1419409,251
1122933,331
1244035,275
1008087,273
1133047,222
1226797,151
1337287,155
1352856,182
1303705,190
1194545,286
1412631,252
1175214,256
1183617,249
1121929,239
1368598,207
1185564,110
1009043,185
1177149,171
1269966,176
1296374,180
1493329,243
1012549,210
1097146,214
1069577,177
1242697,224
1087963,249
1294670,260
1111304,259
1363038,264
1313011,245
1099771,289
1199619,291
1095691,277
1101436,274
1198242,273
1184246,308
1253028,312
1330281,275
1209338,276
1161018,325
1261445,338
1353033,292
1237434,283
1102543,246
1242716,305
1249009,292
1495394,285
1274734,270
1024355,317
1103357,308
1399642,368
1345916,319
1228419,316
1169119,247
1113492,926
1366158,812
1439432,733
1053389,710
1036237,611
1283801,531
1406109,634
1097535,497
1294933,476
1149663,380
1261102,408
1151084,243
1188460,281
1013566,272
1197612,283
1279695,266
1107242,313
1078963,307
1117593,307
1270954,259
1333325,631
1347680,578
1257619,537
1325342,453
1343161,438
1298632,389
1374260,448
1043910,397
1324159,374
1196203,316
1187416,59
1327498,81
1280962,353
1145871,307
1298088,145
1416084,152
1025418,196
1112152,185
1156397,171
1200616,145
1015576,121
1462952,132
1300731,140
1057777,168
1077697,193
1083512,188
1043832,239
1073718,227
1404165,175
1383574,161
1277521,263
1170512,237
1370401,236
1452526,239
1204032,256
1122526,224
1463003,299
1025274,291
1347318,285
1321328,219
1067839,389
1483725,384
1300490,377
1496218,326
1317787,687
1283497,502
1441003,367
1386255,305
1315234,301
1191121,261
1284152,50
1466198,67
1199378,86
1397692,124
1370363,144
1400901,144
1201023,200
1164774,187
1358350,186
1204434,170
1176816,31
1422919,56
1083560,73
1468201,98
1183572,172
1039852,174
1007766,163
1454545,164
1471552,160
1270068,65
1443132,93
1097219,114
1049932,154
1323340,146
1131342,203
1380580,194
1213905,187
1471972,166
1413083,51
1449954,70
1122166,99
1238788,133
1055667,147
1409994,152
1453234,140
1257317,83
1361294,141
1379698,138
1342320,187
1328836,161
1121055,172
1080422,154
1262302,47
1123997,61
1037357,156
1388566,163
1002941,116
1488200,169
1465957,151
1173465,139
1424985,142
1249481,164
1095297,175
1128364,184
1441697,226
1091221,218
1129825,276
1400537,227
1418187,247
1000954,207
1082700,122
1187505,155
1274638,158
1425827,204
1278517,159
1396283,151
1431261,193
1068792,179
1132616,170
1200149,153
1339820,96
1438802,109
1435671,135
1484168,151
1198444,194
1492945,177
1163707,223
1243932,210
1151562,202
1186321,176
1447666,84
1306889,93
1155251,109
1413745,140
1269383,163
1057636,154
1089983,198
1234828,174
1250556,173
1420610,149
1066603,180
1255787,203
1301525,202
1273784,198
1406571,220
1127643,201
1338351,257
1301867,224
1013460,219
1239990,184
1439857,427
1214145,627
1321197,353
1206526,343
1183250,346
1350692,332
1386804,1076
1153957,878
1130559,363
1164242,257
1378610,30
1235782,48
1306210,97
1240822,125
1095002,127
1079749,165
1058365,161
1294522,161
1080282,110
1079666,114
1175781,130
1001246,144
1025857,170
1432632,156
1073456,213
1181173,197
1475537,198
1123999,175
1137944,116
1104736,130
1325754,148
1329527,168
1012530,187
1299937,185
1356631,238
1464535,235
1494205,235
1478093,198
1485637,313
1214130,329
1277790,296
1014247,302
1415059,324
1107132,298
1011846,360
1036998,365
1006386,374
1412745,287
1114571,50
1484014,97
1193951,122
1467342,161
1348621,159
1203499,209
1430576,186
1341179,210
1093872,210
1414499,231
1423493,205
1477931,262
1161696,234
1428932,239
1093840,204
1022986,232
1290504,496
1370181,249
1069368,222
1440724,231
1210781,224
1291900,929
1303057,675
1357157,225
1130746,188
1039889,330
1347952,320
1129722,302
1023285,310
1330789,335
1334275,302
1183235,362
1278095,348
1161492,358
1189870,262
1423664,56
1164216,80
1493943,90
1221196,119
1473953,151
1474289,151
1319200,185
1468811,177
1465665,164
1283607,148
1141693,66
1044743,81
1231111,84
1289132,114
1050938,145
1267675,137
1482800,175
1306570,167
1453612,164
1419275,149
1229473,52
1119490,61
1083272,78
1256710,100
1146418,133
1459739,147
1020805,172
1371287,172
1461333,152
1253476,357
1302292,357
1435862,377
1174009,341
1379685,607
1482582,515
1019288,397
1413176,351
1487325,855
1180897,571
1398879,59
1021611,88
1130738,112
1459114,163
1464656,136
1093919,138
1307454,171
1293285,171
1083784,165
1185727,151
1220571,50
1473421,54
1317080,75
1193964,92
1279482,136
1089000,133
1069545,141
1189067,148
1169197,139
1356966,69
1417092,87
1437968,109
1001749,133
1059349,171
1292411,161
1350514,209
1326021,202
1253272,200
1154525,173
1453346,168
1040282,155
1238900,167
1125618,113
1286968,167
1474139,159
1319696,147
1267159,137
1335217,117
1252627,143
1248791,151
1352296,160
1053563,185
1154102,184
1290045,226
1470601,209
1186545,209
1178586,175
1012027,46
1047777,69
1040476,81
1186084,109
1245279,129
1373676,168
1015578,168
1165831,165
1401263,152
1475390,253
1463410,204
1292372,202
1439264,208
1102131,236
1209977,219
1138279,276
1411809,278
1358060,279
1313166,216
1176220,229
1039778,225
1004425,220
1203269,222
1224424,238
1011146,235
1340082,286
1239108,259
1435204,260
1041304,219
1298065,71
1377872,93
1376854,114
1444587,137
1036541,166
1354025,169
1007242,211
1053458,211
1160895,179
1410872,137
1176285,142
1081672,146
1139063,169
1099030,218
1054104,194
1267211,238
1239395,216
1050376,214
1475466,185
1235986,53
1284206,102
1210694,117
1209335,135
1266488,160
1291850,160
1400961,204
1256315,171
1403345,148
1280070,139
1054478,148
1331984,187
1373602,178
1042290,188
1253575,191
1348829,239
1171409,244
1103726,239
1470466,206
1221540,177
1337388,181
1234863,193
1466692,194
1010591,219
1343778,210
1441368,269
1060968,242
1416037,243
1406540,208
1059461,176
1317440,190
1005508,194
1421850,207
1376322,237
1435805,239
1314953,296
1129714,241
1048311,253
1215194,210
1043169,253
1208467,264
1048369,242
1125626,247
1261246,266
1404288,240
1291939,292
1470656,225
1454603,242
1499149,185
1413707,143
1195152,98
1356694,133
1170280,155
1022388,180
1059761,172
1262783,226
1278245,229
1352086,238
1156922,207
1325594,216
1049667,219
1011124,216
1461927,216
1480136,230
1488207,220
1160805,269
1049976,241
1377134,229
1431854,200
1386974,38
1198524,54
1129402,122
1319244,159
1360006,117
1204701,166
1345464,151
1407657,148
1170013,138
1074218,111
1474997,120
1066976,130
1389077,153
1095921,172
1150235,161
1098314,210
1159403,179
1265800,184
1461619,157
1173091,385
1022036,347
1100321,345
1159673,313
1397068,321
1130731,291
1067260,356
1435116,356
1238094,345
1450540,277
1198224,414
1033177,394
1466058,367
1056871,330
1185031,701
1094661,614
1455353,414
1139412,331
1227744,329
1338180,281
1416516,177
1076235,187
1300518,194
1129548,192
1203648,213
1009223,196
1231638,263
1418807,251
1286622,239
1082562,202
1238634,35
1229625,57
1018177,80
1138702,104
1013831,183
1289847,159
1111285,164
1378876,167
1110506,162
1210067,144
1156700,153
1143542,171
1114521,186
1225380,186
1442696,203
1201493,190
1189643,261
1067946,241
1090206,230
1421095,190
1296233,62
1373548,121
1264067,132
1411185,121
1109203,47
1054094,93
1080059,105
1000890,119
1304878,151
1340130,147
1165289,200
1315803,165
1087548,179
1488603,151
1484915,63
1384503,46
1040011,111
1287103,125
1465270,162
1195244,165
1315953,182
1447359,252
1351534,249
1311428,190
1063614,88
1442280,107
1416939,122
1452470,150
1018327,176
1433963,177
1000967,226
1028432,230
1412243,230
1120664,195
1230421,26
1414288,49
1441254,236
1467889,229
1268631,121
1486559,178
1231346,147
1172938,60
1309897,76
1451216,99
1085409,119
1495023,178
1167774,179
1007013,240
1099596,186
1260443,210
1224794,181
1359667,37
1226780,71
1226506,112
1016231,172
1015558,164
1086235,128
1052327,181
1162208,168
1054680,159
1408716,142
1053999,131
1078323,137
1447474,154
1011007,167
1476273,247
1499088,211
1461407,232
1421014,216
1143695,212
1226838,184
1308367,43
1243977,62
1149575,87
1173936,109
1427278,141
1307614,181
1086494,175
1460795,143
1178324,323
1272303,309
1499934,302
1377140,278
1055053,276
1216159,259
1157645,326
1239651,285
1068029,268
1343834,214
1228159,522
1432714,1150
1425342,390
1411709,392
1113498,372
1302003,347
1265026,1546
1254847,1019
1057178,331
1279677,277
1424540,20
1416590,40
1299299,63
1475668,111
1199264,153
1245301,149
1310361,367
1229774,338
1342822,326
1120392,288
1032653,288
1494618,263
1047535,325
1233071,334
1255103,312
1158290,260
1111332,120
1245702,141
1047541,151
1169085,158
1339027,188
1320276,182
1325057,237
1068290,229
1157302,230
1442262,186
1301207,83
1236347,101
1154900,118
1128636,147
1461973,174
1123342,176
1094031,219
1319514,227
1155242,225
1474460,191
1295663,35
1314294,65
1436210,83
1177426,127
1325329,154
1259603,132
1277405,194
1425203,200
1079289,195
1170446,171
1040703,699
1012461,660
1431639,614
1121810,546
1054385,523
1106975,472
1094087,565
1140825,570
1340524,507
1133545,417
1056933,16
1205375,89
1244886,123
1490530,158
1472953,158
1416699,154
1450088,216
1343302,196
1032041,211
1326038,208
1031312,341
1191484,277
1285572,271
1115177,248
1343512,237
1147761,209
1349223,143
1118544,1225
1247856,136
1053624,164
1355907,191
1182340,184
1063432,1184
1367168,799
1220587,254
1137033,180
1009276,488
1355967,479
1439212,470
1145363,447
1001921,418
1159863,405
1347974,495
1012491,467
1373298,456
1355523,388
1237748,45
1448117,60
1222779,79
1163092,98
1254173,132
1333036,163
1219684,156
1227375,134
1235035,21
1279289,38
1425722,63
1291220,122
1400709,120
1215159,175
1298578,159
1477704,388
1082297,376
1250718,387
1304517,346
1007597,750
1419099,694
1152031,409
1244420,359
1016563,1368
1021222,996
1213361,57
1065345,85
1179779,142
1127531,155
1443957,125
1051118,172
1496945,161
1264920,157
1084873,62
1365195,58
1495418,75
1260705,89
1050759,134
1020079,132
1118213,168
1035969,168
1270851,169
1123143,155
1135820,163
1019852,159
1385419,194
1078271,202
1458841,216
1410422,194
1061333,259
1315882,246
1020053,240
1431676,199
1068073,24
1270780,216
1254304,180
1435213,117
1438178,179
1492822,152
1358808,130
1316805,215
1333390,230
1067670,243
1018043,232
1105588,226
1456750,226
1271465,290
1416907,261
1121489,253
1313498,205
1029830,26
1255557,94
1193203,120
1324205,159
1441042,151
1485303,134
1367431,100
1307589,118
1346931,140
1108071,170
1061545,173
1102240,217
1293894,225
1090685,225
1010064,198
1348411,262
1401298,259
1243982,261
1408791,252
1300733,264
1233212,235
1347782,306
1497644,304
1397906,298
1132342,239
1310816,220
1086028,224
1254784,235
1482667,233
1189684,228
1170143,256
1327596,291
1003526,259
1241837,247
1230803,217
1260111,41
1145076,62
1003527,82
1171152,106
1295117,135
1131852,141
1122805,204
1454318,193
1369172,203
1051784,182
1118223,193
1148984,169
1498148,187
1441671,193
1024004,305
1304737,262
1296839,254
1043326,239
1449009,230
1267008,218
1435764,43
1150568,80
1357621,94
1398059,114
1312126,147
1171028,166
1456299,197
1151991,160
1401355,183
1231048,153
1298774,44
1235244,71
1240781,132
1200378,186
1451628,192
1401927,193
1139987,173
1377423,252
1002890,281
1421154,284
1404777,255
1314971,261
1144315,262
1063944,315
1118760,277
1109972,261
1033868,227
1142412,53
1159551,75
1348513,147
1276231,158
1413676,216
1159070,171
1085513,191
1076736,173
1201488,500
1364365,443
1237813,415
1264986,421
1161714,389
1462364,352
1160219,451
1266694,353
1495739,322
1152498,256
1094580,70
1364788,51
1284049,81
1180721,114
1446241,149
1159038,153
1429602,200
1231740,218
1008596,213
1486204,182
1143221,485
1178515,477
1278720,450
1134672,372
1287970,357
1409175,341
1292612,404
1036703,361
1028807,338
1096407,286
1197880,16
1377256,44
1283042,140
1449143,166
1358960,111
1432265,139
1392147,134
1416956,97
1180681,180
1376592,163
1427081,173
1127933,179
1393998,205
1102692,191
1263996,259
1325073,240
1383672,255
1365529,206
1226869,300
1137477,263
1022881,260
1408325,233
1331391,862
1455182,571
1083054,296
1379716,267
1475256,278
1486316,232
1392618,73
1300685,94
1284845,108
1117229,128
1442984,163
1478254,166
1022424,213
1471167,202
1149469,199
1481394,177
1063798,31
1185056,51
1157246,70
1100173,97
1355003,173
1459340,171
1495807,158
1320329,161
1419826,159
1334195,157
1158959,77
1168138,86
1428415,116
1472745,128
1480196,164
1429232,159
1218254,213
1177828,208
1417973,195
1275299,171
1257450,25
1036368,45
1252682,125
1386895,155
1022118,131
1165138,125
1306099,129
1308493,155
1423901,140
1180874,180
1337324,155
1416785,145
1346647,26
1463718,49
1307693,129
1277463,143
1162273,154
1112550,141
1030887,125
1481903,36
1004955,80
1191405,110
1100937,156
1099346,167
1006648,217
1258772,183
1148904,202
1064510,178
1357694,191
1022331,190
1087516,193
1346348,201
1253337,156
1496382,149
1126128,199
1417871,188
1381232,181
1146102,157
1254802,123
1203845,129
1268876,145
1215618,162
1119962,210
1175969,212
1381779,237
1182831,203
1279959,172
1032374,138
1491271,154
1282860,148
1461586,174
1056737,164
1255684,187
1207004,189
1167140,183
1142809,206
1080730,235
1056322,244
1420723,223
1184112,219
1221119,182
1077779,421
1018451,615
1311096,378
1246267,378
1137454,355
1229053,337
1397257,1156
1422386,756
1127343,315
1110599,261
1232302,53
1117757,68
1356088,95
1054158,125
1416387,125
1170771,163
1498811,163
1386710,162
1309812,146
1238676,180
1310902,135
1453266,162
1073500,151
1280655,176
1034918,159
1048380,221
1464476,228
1198550,231
1165233,186
1119609,58
1438719,75
1178675,116
1458337,149
1255092,155
1042514,199
1315305,207
1364529,207
1017902,177
1198616,277
1177611,281
1077911,271
1305831,285
1098936,318
1189364,293
1495457,355
1193672,355
1177716,358
1125817,281
1111309,42
1421985,92
1205461,149
1094241,121
1045722,169
1168534,156
1315421,171
1495102,177
1182051,241
1101602,222
1389254,273
1458614,223
1422666,216
1178714,188
1144441,229
1438212,568
1309826,250
1415208,226
1388897,230
1115522,225
1325299,1033
1203825,594
1408481,246
1120407,215
1119975,257
1296989,253
1256467,240
1478418,254
1141172,284
1237197,262
1215871,308
1015109,311
1173440,313
1115717,235
1045972,53
1026874,72
1385087,91
1035285,100
1305696,132
1303994,129
1466731,170
1378417,167
1449238,142
1003325,34
1240097,56
1170203,92
1218774,135
1228340,146
1058496,177
1070810,177
1098200,174
1137125,152
1215383,401
1145836,388
1159106,386
1237283,357
1182497,1050
1479658,797
1009750,432
1457332,372
1397423,934
1376094,610
1244100,92
1446941,116
1212398,123
1006361,178
1396082,163
1175684,128
1481585,181
1190598,174
1404442,165
1372716,162
1427335,77
1093994,91
1403727,136
1137634,148
1171787,147
1039292,151
1047032,141
1174657,107
1216142,117
1335320,131
1198136,148
1392278,179
1114780,172
1112554,225
1012132,215
1453182,209
1220398,183
1026834,23
1351780,119
1075062,140
1025615,121
1490297,159
1394090,146
1038974,146
1367692,131
1126893,120
1443158,139
1371034,154
1356978,162
1320321,189
1077288,190
1233845,235
1002018,213
1397022,220
1323243,176
1130427,45
1075107,64
1440829,80
1207427,106
1078383,138
1066458,171
1135503,166
1040443,166
1348806,151
1173978,88
1434024,107
1191693,127
1461833,176
1097071,202
1344039,201
1143636,259
1451337,234
1241407,254
1422806,205
1402295,327
1189249,332
1227160,340
1022032,299
1467840,308
1295041,280
1316293,344
1184400,307
1264550,304
1307651,249
1120804,59
1007549,108
1431812,131
1318982,172
1062544,179
1225764,179
1292156,162
1250391,128
1250127,122
1139409,136
1474247,158
1353816,214
1264512,194
1136184,230
1389677,203
1167194,204
1285662,177
1014959,64
1195124,105
1439732,148
1240501,155
1424527,178
1418384,157
1443889,191
1252731,174
1378709,180
1246695,161
1338426,63
1423024,81
1371483,103
1391878,126
1044434,160
1196870,166
1363303,214
1228539,217
1312262,210
1289077,186
1131178,228
1209021,208
1174663,224
1178992,222
1241787,233
1142788,230
1081125,284
1397164,255
1412741,252
1110318,215
1318877,65
1308024,85
1058696,105
1064291,136
1337610,178
1405795,184
1357410,240
1207443,192
1452851,210
1468089,188
1154031,162
1266339,162
1403985,183
1467236,197
1263011,216
1392759,199
1149931,247
1476644,204
1009485,205
1387837,163
1283298,131
1152567,82
1292779,111
1408601,128
1395390,161
1364974,165
1198587,205
1074370,218
1330798,220
1150034,194
1150952,132
1000239,153
1368564,161
1209006,170
1225892,183
1180844,177
1080998,229
1352952,204
1161538,203
1462226,172
1129628,46
1240833,105
1294006,119
1333321,149
1101343,153
1200089,187
1014910,177
1174372,157
1169548,145
1226297,218
1197276,158
1118245,171
1347953,172
1444841,199
1419767,180
1385803,249
1065852,237
1354618,233
1029652,184
1048319,171
1449399,171
1377941,182
1033540,193
1475649,599
1438471,381
1444680,248
1494734,205
1206012,215
1331601,205
1170077,83
1321401,91
1013138,107
1488317,130
1380337,162
1277314,171
1442299,205
1393959,199
1251204,193
1297987,178
1187117,22
1007858,48
1369451,97
1413606,198
1313151,141
1226412,169
1417240,154
1089929,137
1132041,76
1376468,95
1370975,107
1426059,132
1497986,162
1150833,163
1457734,206
1238587,199
1176143,193
1360564,164
1372749,108
1463356,29
1040334,66
1113748,80
1050828,133
1051165,166
1414894,149
1460597,160
1135055,141
1047124,43
1461952,117
1105467,128
1395033,127
1185551,121
1121561,43
1022493,69
1018666,97
1362060,135
1301397,140
1182334,147
1291602,40
1486846,59
1402486,91
1485489,145
1071651,129
1163508,129
1214601,148
1245847,151
1429824,136
1109033,102
1347075,104
1383125,124
1184487,139
1162155,176
1377489,176
1470294,225
1173002,192
1215737,191
1474101,160
1062167,32
1240800,74
1057352,95
1089842,135
1278279,128
1421622,151
1090305,143
1420842,91
1170153,119
1165214,126
1194921,133
1459130,163
1313669,157
1353513,208
1247163,195
1461187,190
1055062,160
1497770,258
1321774,374
1376752,267
1099178,244
1040232,262
1317487,244
1179988,870
1251333,678
1164536,286
1083292,248
1349813,90
1157241,123
1003495,122
1276154,159
1107468,156
1208439,156
1476005,128
1424569,89
1181440,119
1006444,137
1132047,155
1273403,142
1035309,204
1201822,201
1498182,203
1165756,166
1470598,51
1203967,71
1217868,94
1015274,122
1300202,149
1108806,155
1254873,201
1199090,201
1265564,194
1121842,167
1312130,194
1284072,214
1390606,203
1177870,225
1217412,256
1391279,248
1000635,305
1070142,307
1158077,309
1263948,234
1193421,61
1156344,92
1485835,126
1027573,124
1266107,160
1021981,132
1015055,145
1205726,139
1281507,150
1336471,173
1371096,206
1298833,202
1479793,239
1144663,215
1103525,211
1197547,177
1296043,121
1237520,373
1229220,179
1047440,172
1005311,179
1016408,176
1329187,703
1353734,473
1084794,241
1360072,237
1432207,154
1394210,168
1443225,171
1342526,184
1449114,216
1123390,213
1247236,271
1261392,275
1489922,280
1401658,207
1310639,40
1310614,54
1320270,149
1021422,131
1231315,31
1294120,53
1256367,93
1494072,128
1350289,117
1497576,28
1074887,46
1342968,66
1428256,124
1012009,124
1476296,162
1107262,161
1180712,218
1282937,227
1497422,244
1227980,243
1025770,725
1136598,558
1189975,344
1420919,279
1050733,667
1353409,446
1034239,31
1303445,51
1136905,74
1421265,129
1267023,119
1136504,141
1095993,122
1126729,36
1079069,42
1292980,83
1303079,87
1462333,129
1019410,128
1438716,160
1435109,148
1144962,61
1420185,82
1112604,102
1361559,120
1285104,160
1376099,151
1214290,204
1410003,195
1268568,187
1406091,39
1415989,79
1211232,125
1424836,123
1376616,113
1107196,135
1413500,93
1406133,113
1350713,131
1453725,143
1362405,172
1053239,171
1157912,217
1376542,209
1409362,204
1379033,171
1183423,49
1193727,68
1400533,97
1283484,129
1260253,130
1327267,151
1067574,48
1025091,71
1153270,96
1394193,118
1142889,152
1158789,151
1287972,205
1206482,216
1212175,211
1016096,167
1432981,143
1023890,159
1109225,181
1270197,179
1186395,207
1416108,199
1017675,261
1394196,240
1004465,228
1012703,195
1253619,92
1239241,100
1169578,109
1016228,138
1071564,173
1045441,174
1317808,220
1329582,191
1414635,185
1380886,160
1173597,60
1254262,76
1254768,87
1224126,114
1198629,142
1206547,145
1101674,189
1205025,160
1365276,176
1414784,148
1316568,83
1456931,102
1237087,123
1304436,150
1238935,173
1321591,168
1196912,218
1455585,210
1252744,211
1272139,212
1487244,149
1329414,157
1499372,179
1257824,175
1497563,203
1271281,200
1242958,261
1221756,241
1463746,229
1196527,196
1236535,25
1076788,49
1300917,70
1174577,100
1231316,141
1489870,132
1230866,185
1091117,182
1222002,181
1493218,161
1312818,183
1452472,201
1035476,200
1264026,199
1339727,233
1214712,226
1160566,252
1010653,222
1229452,214
1176747,180
1323954,46
1254479,56
1440217,73
1252943,124
1108815,167
1161763,183
1416819,205
1193778,160
1300983,173
1122637,176
1411939,179
1031959,200
1303625,193
1238349,249
1252660,212
1349638,208
1300844,176
1276319,94
1437773,125
1203934,123
1309094,115
1144647,137
1281864,42
1274790,62
1386829,82
1190878,106
1455637,137
1417791,134
1190587,178
1076991,154
1195531,158
1400538,140
1430582,455
1285990,400
1477291,362
1356384,344
1150281,353
1370080,299
1460451,373
1348031,381
1044121,349
1133254,290
1278014,669
1403459,596
1317166,555
1101385,472
1426987,987
1034494,749
1491377,499
1464250,419
1022006,386
1148475,326
1484671,68
1228708,86
1324032,101
1103003,120
1430610,157
1195267,206
1236706,194
1340005,200
1217303,170
1003775,91
1343878,104
1226007,117
1099098,143
1009486,233
1330192,246
1446159,187
1334259,187
1091570,185
1102858,160
1420778,107
1477933,121
1197090,128
1390893,148
1421101,179
1499403,167
1382081,221
1140362,215
1093489,207
1356618,182
1423088,64
1192006,81
1474663,110
1085309,142
1336011,140
1363332,180
1135752,173
1043065,152
1187227,92
1079197,121
1006967,136
1242972,166
1250142,184
1319491,214
1043915,173
1221198,183
1237425,160
1492794,67
1140775,82
1013635,215
1175249,220
1229061,150
1471915,146
1104983,195
1009083,177
1045986,167
1233374,152
1209101,181
1038551,184
1293094,198
1425780,205
1150996,236
1220665,241
1068227,304
1098287,247
1065954,260
1117031,219
1286663,156
1217322,232
1178898,225
1442104,270
1069214,213
1431479,159
1485687,217
1353255,208
1114499,201
1297409,175
1458579,138
1159489,151
1384833,158
1367817,175
1222696,242
1006871,203
1442863,225
1083688,218
1264958,211
1100547,183
1020009,165
1283055,185
1059560,165
1310135,168
1498194,191
1012741,188
1183714,235
1407622,215
1295424,161
1483037,297
1127728,283
1253251,284
1044711,250
1246779,268
1428427,255
1483396,315
1117421,283
1249450,262
1446810,220
1488993,482
1173486,995
1058307,382
1411973,387
1272886,374
1014260,340
1481364,1605
1126940,1108
1306695,327
1067847,275
1093258,51
1209561,63
1275913,81
1461176,110
1059013,137
1336430,137
1154879,176
1027714,173
1404182,216
1273647,173
1267729,195
1416232,193
1376813,224
1484156,187
1118664,255
1470343,255
1198659,241
1497568,206
1072349,252
1060176,261
1380226,257
1270763,259
1414842,259
1006679,251
1258071,297
1247670,291
1150813,283
1215972,238
1402068,434
1414079,420
1027086,404
1376822,372
1473650,391
1318829,353
1485144,430
1440877,420
1259634,410
1197323,328
1461060,43
1286426,61
1005386,79
1326015,109
1216054,140
1042609,139
1052663,164
1274204,166
1317813,151
1076102,261
1446470,265
1034950,270
1251250,256
1124996,392
1329337,286
1052063,296
1393099,281
1291876,273
1239530,233
1128989,147
1250468,692
1128007,146
1305327,177
1443163,201
1349532,193
1463940,1149
1067683,738
1497405,224
1427690,195
1131692,339
1325899,337
1035806,292
1192752,311
1154621,322
1105567,301
1351561,365
1284314,362
1119425,362
1071315,280
1246537,109
1380847,125
1294936,130
1044935,146
1138879,172
1176172,159
1051931,215
1002959,200
1448369,166
1449451,156
1105139,118
1115844,128
1008005,142
1368689,136
1115922,172
1345103,167
1246054,208
1454376,197
1252642,190
1081770,165
1011869,80
1053029,87
1314053,91
1084167,124
1335565,165
1082784,161
1403001,194
1434417,197
1413074,191
1246394,171
1219340,692
1050739,669
1081641,625
1284180,530
1454969,1118
1294205,951
1275885,569
1479530,486
1208280,1401
1214026,998
1396005,112
1174114,152
1357653,155
1200505,197
1142397,180
1412678,151
1335177,197
1370526,187
1120043,181
1208972,163
1044205,91
1377609,92
1020582,102
1141498,106
1185774,149
1321317,149
1044208,171
1462768,175
1193401,168
1323629,154
1310109,85
1140274,98
1208581,120
1163752,143
1469436,170
1319124,166
1313925,219
1385981,213
1446581,207
1437446,177
1258414,50
1174433,70
1055153,194
1067334,203
1128244,139
1412206,137
1387722,180
1218541,169
1275925,161
1256153,141
1122590,147
1473145,158
1498862,165
1468073,198
1118231,191
1087099,249
1258783,226
1260565,223
1291095,185
1205721,65
1121544,87
1142191,106
1238740,125
1182987,156
1005888,154
1254577,193
1192747,187
1456541,184
1223264,160
1103707,177
1059508,182
1243642,191
1122553,199
1437856,221
1024334,215
1094451,269
1469441,275
1148888,278
1076174,215
1411749,318
1015942,368
1363447,359
1453406,322
1430928,296
1209243,288
1457115,356
1443790,318
1263578,294
1474898,261
1267831,242
1358267,234
1117920,228
1328212,230
1009729,356
1247718,256
1207734,271
1118433,265
1181657,256
1278379,223
1134421,116
1132261,150
1320763,164
1435856,175
1164020,196
1221554,192
1319256,236
1137425,216
1029137,228
1103208,192
1138911,266
1165664,282
1066867,270
1358058,264
1494749,271
1180274,268
1224290,322
1426563,308
1298595,299
1148750,252
1005991,279
1116883,302
1363374,297
1096571,283
1184430,263
1451172,269
1066128,329
1034948,308
1326066,283
1102430,240
1005839,340
1142609,332
1424764,318
1255897,308
1164600,319
1442420,307
1471794,355
1299929,297
1251682,303
1187963,256
1077995,396
1453805,379
1368058,378
1145535,343
1467638,347
1401067,302
1196492,366
1153756,314
1257122,313
1204857,254
1218069,288
1301983,145
1421520,177
1198628,194
1309951,214
1342026,213
1356728,262
1105141,270
1079507,267
1463915,222
1233795,428
1053494,401
1394036,380
1225441,336
1009382,329
1192637,301
1467684,358
1489795,320
1496426,303
1471166,250
1233270,40
1449283,61
1266186,155
1343496,149
1126475,137
1206173,129
1263095,172
1238031,162
1038208,152
1431065,137
1357861,130
1112729,127
1334347,136
1107165,149
1065013,180
1222552,164
1070954,214
1036421,200
1278133,174
1420350,156
1372959,311
1087440,290
1105500,285
1161104,268
1355011,284
1482584,256
1051069,307
1116511,317
1356690,309
1014995,242
1363250,375
1391402,361
1370933,355
1370147,340
1013543,404
1488019,539
1491784,361
1439153,299
1365373,297
1497842,237
1013839,45
1118156,107
1174124,122
1140152,151
1174722,172
1161921,175
1265011,235
1133560,227
1114035,222
1298165,202
1294042,82
1428145,115
1207278,122
1051663,131
1181734,161
1126206,159
1134606,212
1113723,193
1397919,201
1491918,174
1043312,60
1147478,80
1451559,107
1218312,190
1286106,162
1112082,163
1426235,165
1003250,165
1259326,145
1050893,46
1316942,83
1067443,90
1061638,122
1068385,147
1062592,144
1335692,207
1099468,187
1445308,177
1183480,162
1317126,17
1472200,91
1490235,46
1174386,81
1358409,116
1256452,143
1466565,137
1487695,177
1185809,178
1494354,167
1023978,136
1085749,159
1352707,165
1278123,192
1062709,186
1250818,211
1349155,259
1454309,256
1194145,264
1307270,219
1050861,121
1045222,131
1220930,143
1443773,163
1154727,191
1094658,190
1465044,233
1288182,235
1360946,238
1466464,204
1121475,26
1286904,54
1023709,165
1401955,200
1355254,128
1335658,168
1377502,150
1034536,145
1163567,130
1344633,118
1478109,152
1219029,162
1305096,172
1226722,220
1015804,216
1380027,276
1114802,210
1083269,238
1041594,199
1377282,56
1394329,112
1206840,144
1369644,176
1411752,162
1337720,122
1463866,184
1379819,172
1291108,168
1290527,149
1205756,69
1438927,84
1036746,105
1285741,124
1390805,170
1372636,178
1395249,201
1037450,194
1177169,188
1123384,162
1464318,215
1015193,209
1497309,212
1452792,199
1151297,217
1105382,210
1410900,266
1029010,232
1297299,228
1490816,185
1091889,213
1044397,967
1191281,162
1180756,221
1025950,241
1309748,215
1101949,1125
1110111,709
1310574,230
1176036,192
1074826,29
1440334,49
1169864,72
1440104,98
1085197,118
1287693,143
1165333,145
1126706,273
1385420,272
1430739,258
1042357,243
1249746,260
1093106,236
1086128,287
1157763,291
1057624,284
1031076,232
1377992,133
1424787,162
1075935,168
1092103,177
1391640,197
1285669,175
1295471,262
1078557,215
1420653,262
1296870,207
1428528,62
1400203,83
1055380,101
1182933,130
1483633,161
1450450,171
1357576,208
1065959,217
1495520,212
1198518,183
1282663,46
1193174,66
1350874,88
1253271,141
1198619,143
1247621,193
1022520,193
1258083,196
1355498,171
1138175,502
1165312,472
1419232,446
1093243,416
1146579,431
1250371,393
1441494,458
1146752,438
1427935,416
1012377,343
1178247,65
1233203,127
1340615,159
1033712,158
1281965,137
1037514,114
1297117,127
1010495,138
1482368,157
1318695,199
1348460,200
1338367,230
1393195,205
1223629,207
1424988,177
1211590,63
1243253,564
1092227,110
1318993,118
1445601,162
1292773,149
1307199,881
1476894,588
1117265,177
1388554,164
1105308,219
1107240,223
1387470,220
1184143,238
1072620,258
1460051,247
1111278,307
1442651,304
1409134,304
1051968,238
1120331,51
1281035,66
1293493,92
1139973,108
1493676,138
1211354,136
1352909,174
1337721,168
1113910,170
1102135,146
1425377,53
1422384,100
1230598,129
1411707,131
1409949,168
1144878,174
1422767,175
1284889,166
1223585,390
1206396,387
1378160,379
1052245,335
1430890,911
1383977,530
1045804,404
1156318,349
1291422,855
1380683,689
1157321,60
1127659,113
1235689,122
1256556,167
1065319,158
1496936,166
1009706,168
1111605,164
1004134,144
1377031,29
1112513,66
1053460,87
1193479,126
1109243,126
1187105,144
1372911,124
1499803,79
1209794,98
1016566,108
1195041,126
1139039,153
1057767,153
1220076,199
1336292,206
1020982,197
1489603,168
1135573,24
1061984,52
1462450,207
1127074,196
1038259,138
1149922,138
1279581,125
1324180,95
1470662,110
1283213,131
1378795,141
1170047,168
1061263,164
1181328,213
1102835,201
1346782,202
1214346,174
1229842,82
1108968,135
1121701,140
1066693,174
1208257,162
1270239,147
1348062,127
1368447,137
1219540,144
1321207,167
1000642,193
1076525,195
1122408,236
1382330,235
1433378,238
1392074,201
1109747,145
1075276,157
1478089,163
1113423,172
1388642,203
1073366,193
1111214,245
1456596,252
1153622,259
1116753,206
1017288,136
1451772,171
1119297,183
1138638,187
1434726,200
1003447,192
1458918,264
1101879,219
1336104,221
1348705,190
1465396,48
1376423,70
1481206,87
1009569,119
1387274,146
1310708,151
1155929,197
1314559,194
1097259,165
1109233,110
1070475,123
1022232,132
1275544,153
1108444,202
1406546,196
1167154,228
1476614,203
1234726,198
1451631,175
1050057,63
1361060,104
1331292,111
1283598,129
1499806,158
1018726,151
1408381,198
1272485,180
1362852,175
1129500,140
1062525,67
1235519,87
1369995,101
1075387,127
1400898,161
1224959,166
1421340,213
1220168,242
1439539,183
1470046,182
1391149,121
1297146,153
1410054,167
1364916,172
1233541,192
1422209,190
1083629,245
1368507,215
1198651,213
1283960,182
1231476,65
1349761,101
1482768,118
1002536,135
1419887,178
1248501,184
1291944,240
1436867,189
1257323,207
1132521,185
1030230,425
1093409,429
1249587,387
1130025,340
1394076,360
1349917,321
1033575,392
1209870,301
1482022,299
1430894,247
1382800,138
1226060,89
1418431,117
1048428,152
1362840,180
1240846,173
1259183,222
1070288,224
1467073,229
1379768,205
1406956,265
1311326,259
1387939,254
1049891,230
1237190,241
1212519,224
1209918,285
1154373,250
1205630,242
1354206,205
1288571,24
1120855,118
1133824,147
1196734,125
1060062,139
1164785,124
1336298,206
1405041,185
1060513,195
1353037,219
1383969,219
1480033,197
1068087,268
1128618,259
1204524,254
1156177,203
1229710,139
1075135,145
1185011,157
1105675,135
1189309,237
1257953,216
1435140,229
1268931,208
1250643,185
1373331,167
1314804,44
1085036,111
1054001,143
1288387,135
1286151,190
1247116,149
1019807,26
1412520,97
1161669,144
1082827,150
1433386,153
1156715,146
1179911,47
1179936,69
1233478,87
1399946,114
1032955,146
1002856,144
1287783,198
1166709,193
1346583,191
1286122,180
1204381,17
1029430,41
1323538,92
1416779,117
1253163,155
1332638,66
1330372,77
1177255,100
1477268,139
1189551,133
1114827,176
1278141,163
1364476,170
1096012,146
1259676,24
1203050,44
1313304,150
1128930,139
1099709,125
1105749,163
1179700,146
1431582,29
1152692,52
1076816,75
1054611,104
1478275,145
1030592,152
1432030,210
1119155,179
1076400,194
1440313,80
1102018,121
1239878,141
1113947,178
1095118,171
1266382,135
1222099,180
1289441,168
1479532,158
1125619,162
1087987,81
1167708,86
1214743,108
1355453,131
1045081,178
1459993,181
1434614,210
1335959,188
1397855,179
1171886,156
1191038,53
1007240,73
1294794,126
1246825,161
1364329,142
1286535,173
1373312,194
1198624,187
1003799,200
1256663,185
1412094,248
1220509,213
1167611,213
1318187,180
1009831,460
1388765,612
1359919,402
1241983,360
1179995,353
1212359,347
1376509,1106
1052051,866
1404009,310
1339522,247
1318327,21
1233545,61
1476335,120
1302373,153
1105644,144
1415361,128
1045371,144
1005596,159
1044413,178
1038816,163
1209003,239
1083324,229
1311779,242
1404668,189
1188630,49
1412947,68
1072334,88
1377155,117
1025414,147
1354738,151
1246940,198
1222461,199
1066086,197
1336313,168
1026962,299
1019750,261
1052756,265
1199363,264
1268913,279
1301467,264
1203194,340
1182935,337
1163522,341
1072037,256
1447951,40
1409401,92
1086420,117
1331890,156
1178120,125
1247967,129
1423994,145
1036223,162
1416797,209
1301576,209
1212594,231
1026960,199
1370443,196
1165387,173
1386562,233
1316517,518
1067207,240
1093937,230
1111260,234
1445136,226
1110219,924
1398603,629
1081181,228
1190478,190
1003254,243
1467189,214
1391034,192
1402736,207
1359141,265
1385854,224
1364965,271
1323652,278
1488422,278
1426492,221
1397082,45
1183542,58
1297522,83
1138417,99
1318183,129
1207002,164
1142667,157
1167396,155
1060989,52
1091688,83
1316599,101
1153086,128
1162850,124
1205495,176
1166342,173
1052895,147
1419947,300
1126746,297
1037962,321
1047146,306
1204425,548
1235062,467
1103243,386
1120213,322
1270215,785
1279495,481
1191198,52
1392035,80
1415566,103
1206608,149
1133034,146
1063358,124
1381777,163
1137331,161
1193871,155
1219698,153
1386138,48
1128376,74
1028398,125
1378005,150
1408874,143
1073159,144
1312708,136
1005967,72
1122653,86
1192154,101
1291405,138
1246214,191
1145228,191
1343513,190
1231000,167
1482446,18
1117272,41
1099679,100
1401233,135
1112808,124
1432401,117
1410871,158
1162651,146
1016899,126
1204132,154
1079439,172
1037012,187
1232389,204
1392405,224
1282001,213
1496357,263
1461201,234
1128577,236
1300341,191
1344720,32
1463100,74
1465046,101
1017841,133
1025415,131
1017556,168
1017987,168
1230486,142
1267865,181
1083326,147
1408065,154
1328158,169
1052607,217
1363852,192
1403750,241
1021705,244
1489126,246
1298290,196
1279562,401
1286209,384
1184252,400
1398745,348
1240758,329
1389985,310
1163173,377
1174671,333
1358679,327
1187231,266
1252109,124
1159089,162
1469555,166
1483071,163
1057435,86
1008958,103
1228910,115
1273259,142
1047684,190
1083469,187
1148001,214
1458865,188
1490628,183
1049275,160
1226940,123
1031082,135
1166031,137
1046186,153
1228900,179
1432549,166
1399393,203
1041932,198
1245703,205
1355224,170
1215604,45
1051743,70
1277562,90
1113170,118
1494387,147
1372244,150
1049141,203
1074239,203
1128774,202
1376540,177
1437760,319
1108262,282
1168331,289
1141138,271
1335501,271
1460874,263
1459975,318
1214021,292
1192427,269
1011073,225
1003568,47
1304019,69
1001350,92
1079923,121
1484969,161
1190493,159
1134077,217
1379147,183
1042262,198
1480338,174
1443390,154
1277919,168
1436754,184
1390757,191
1370531,212
1439508,197
1157260,248
1012488,214
1453079,214
1049953,161
1239800,65
1309077,57
1378564,83
1368027,121
1082858,153
1425354,153
1125176,196
1427076,202
1099647,206
1422391,178
1004160,173
1253731,181
1452541,191
1207513,189
1453485,203
1060476,194
1051838,250
1006214,222
1154326,216
1010806,186
1079506,20
1164049,41
1426844,95
1135475,138
1410231,127
1062733,463
1319141,414
1134128,398
1470083,359
1173705,341
1167231,316
1166855,391
1316448,399
1315318,387
1328973,304
1224798,435
1111734,395
1035513,376
1320280,345
1243378,700
1312036,644
1351501,481
1485680,351
1031838,308
1055470,283
1108200,109
1177218,140
1162136,155
1001218,160
1244163,199
1220606,188
1339373,255
1152169,259
1310691,263
1435894,175
1478521,107
1086088,112
1254550,131
1173254,148
1348587,175
1358767,161
1078871,229
1031293,227
1221401,219
1192753,184
1313303,34
1012264,56
1206239,80
1020767,101
1029535,185
1382856,165
1407934,163
1109538,157
1136023,143
1126260,84
1180004,97
1163284,133
1258768,142
1498538,163
1096137,168
1343181,227
1488101,222
1176648,215
1126581,174
1154721,41
1028416,93
1128999,119
1341159,133
1125927,46
1065645,100
1139142,118
1210716,152
1042827,165
1368817,145
1496025,202
1158456,176
1118651,190
1077192,165
1277378,96
1249354,115
1428806,153
1333703,152
1090094,184
1241511,169
1082030,239
1307675,241
1102882,255
1403544,193
1031656,107
1057468,125
1254869,140
1301393,157
1418380,187
1425208,188
1498214,237
1059414,244
1354141,244
1357261,208
1471596,27
1244888,49
1435749,171
1206662,187
1289837,125
1321832,121
1396477,173
1293366,158
1057374,147
1013823,132
1407630,49
1100203,69
1290556,89
1027327,120
1385322,180
1081549,186
1319225,252
1446058,192
1046977,209
1065843,184
1384266,37
1467641,93
1130404,117
1082755,149
1256784,153
1350726,127
1202811,182
1006695,168
1310669,159
1079853,141
1166693,87
1378906,105
1007982,128
1322216,148
1182054,214
1336720,193
1472124,220
1146016,207
1200229,199
1347107,171
1461518,66
1008079,117
1005877,143
1246057,430
1034621,393
1116418,384
1273111,318
1039920,327
1075647,312
1309041,380
1272308,339
1135659,321
1184324,262
1429396,483
1316018,1229
1147117,389
1499092,381
1373243,406
1168909,350
1124988,1538
1034545,1011
1386995,336
1481215,277
1485905,22
1446239,43
1365715,64
1214310,93
1125217,124
1077074,159
1066882,159
1201006,351
1352126,319
1320721,314
1207481,290
1174504,288
1279294,269
1223663,332
1285597,335
1131213,317
1251757,262
1316737,95
1336425,142
1175819,160
1405199,140
1206594,192
1104790,200
1374234,237
1488555,282
1050887,266
1136383,223
1326753,96
1066019,114
1324215,122
1480680,154
1365726,178
1050102,180
1472375,226
1320171,233
1357176,231
1057971,198
1422296,62
1375422,83
1121472,113
1348142,147
1427919,154
1133355,207
1225464,209
1296900,202
1337907,177
1245457,646
1324576,597
1054723,544
1240913,478
1403942,468
1004923,426
1429694,506
1029910,483
1228946,456
1119476,374
1153063,93
1387862,125
1338145,125
1010613,165
1411001,154
1254639,200
1062163,197
1314655,215
1214604,205
1499996,343
1076322,289
1295832,281
1059505,257
1435781,246
1450486,208
1400252,124
1043916,1208
1334266,144
1332401,173
1424541,186
1269115,177
1325639,1193
1413444,820
1150346,260
1194832,177
1467164,463
1164908,434
1182446,426
1393856,385
1161200,381
1242357,369
1344145,445
1430031,440
1193698,404
1449017,333
1480348,70
1105352,101
1056548,132
1204384,127
1389300,175
1159245,174
1007386,137
1086612,81
1383381,97
1211544,126
1117090,160
1305028,159
1497650,134
1258805,31
1298831,52
1416755,96
1395061,126
1493859,129
1165027,154
1325065,156
1173236,144
1461461,289
1031143,304
1338319,314
1382544,311
1271586,1062
1269024,781
1167686,428
1361654,371
1223632,1261
1333660,940
1369149,25
1299994,69
1379722,88
1492813,147
1267473,142
1496114,125
1422934,171
1272585,163
1225073,155
1489149,138
1133031,56
1129020,53
1011397,69
1074564,88
1375237,129
1059977,125
1088641,143
1428749,153
1314335,176
1380138,178
1497901,199
1457740,191
1251460,258
1073802,234
1188251,227
1424484,192
1259215,43
1430121,227
1106796,219
1157026,166
1182802,158
1241573,127
1455381,250
1025335,246
1216649,252
1308574,250
1207111,239
1170636,239
1092905,304
1102625,280
1088738,270
1227946,216
1396228,32
1451374,126
1387655,122
1141553,150
1486055,149
1353727,138
1427372,89
1307655,103
1311140,122
1446095,145
1018911,173
1199464,176
1219081,224
1189218,231
1161886,231
1164974,198
1075689,234
1487402,228
1253839,227
1180477,231
1047246,257
1466888,240
1021666,297
1283025,293
1469190,295
1391079,240
1284482,246
1000105,269
1131405,284
1026786,270
1401169,250
1385345,256
1417732,318
1106209,286
1446703,263
1013495,230
1151385,58
1306511,80
1366410,105
1006403,136
1119932,156
1043407,206
1444521,195
1256754,204
1283179,178
1196826,164
1387452,173
1230711,187
1236120,196
1185618,312
1213184,249
1004268,257
1136398,242
1279574,233
1204333,199
1390444,65
1462554,191
1438751,171
1170801,169
1210459,152
1460994,210
1440018,174
1164610,189
1488966,158
1242930,41
1390101,69
1465566,90
1000399,136
1137195,189
1469869,198
1147978,198
1231088,174
1101374,361
1155055,400
1146684,409
1055690,338
1102117,323
1432286,318
1006749,382
1070762,336
1337657,316
1478088,271
1360628,46
1131297,69
1201315,90
1342955,121
1109874,174
1240433,181
1487214,244
1064794,190
1398521,209
1310802,182
1187527,418
1266277,424
1424653,411
1293173,408
1230491,383
1259128,339
1159755,459
1061646,349
1071202,340
1479720,266
1308655,187
1208083,86
1406102,116
1146795,142
1207125,176
1373978,178
1425009,224
1159178,234
1149792,231
1101270,202
1003426,609
1336097,546
1097994,519
1230031,438
1409887,403
1296679,376
1152195,438
1042129,383
1218255,354
1159094,301
1455053,170
1294863,157
1154504,160
1253115,154
1441342,74
1129865,131
1411712,170
1451554,165
1095043,373
1329450,219
1125836,244
1430034,253
1142440,263
1044380,229
1303629,317
1291262,298
1348532,293
1099484,238
1171803,301
1123524,287
1090759,269
1407952,246
1135688,510
1389266,429
1418776,302
1073552,258
1022559,258
1483098,223
1339708,96
1470087,98
1032828,125
1124041,141
1369678,174
1461502,163
1143046,214
1456341,205
1035674,205
1128260,181
1077741,66
1116828,86
1104430,104
1006876,180
1038889,202
1229088,169
1341616,171
1392433,153
1430712,78
1446867,93
1068263,111
1028358,132
1237914,166
1119781,162
1084443,211
1075103,202
1430774,196
1463395,169
1170237,68
1152704,126
1167595,156
1417527,150
1057642,46
1211529,79
1491460,100
1173218,114
1196727,144
1215876,140
1392155,188
1255627,171
1131296,183
1372817,149
1363668,32
1378609,50
1397881,185
1353011,170
1239441,127
1038504,122
1326400,169
1026836,160
1334475,149
1434413,136
1026176,35
1298077,60
1245848,84
1035147,112
1263020,199
1387986,191
1047301,249
1367333,176
1445108,164
1245784,134
1052527,161
1154093,167
1112092,193
1063008,177
1136777,138
1041377,189
1007970,180
1059438,170
1479835,167
1383133,94
1134647,101
1056045,127
1313529,151
1147431,186
1130814,181
1309558,223
1030937,208
1112119,200
1117017,174
1239136,69
1271587,81
1038585,102
1392239,120
1290122,153
1108124,148
1041100,190
1004768,179
1156294,156
1425233,144
1343050,220
1101383,216
1240963,211
1193266,197
1109229,220
1188459,210
1254738,266
1384680,231
1245643,224
1083613,189
1081347,451
1452904,632
1043817,391
1291371,368
1123762,362
1334397,338
1460060,1127
1360251,888
1281762,315
1439399,255
1456841,31
1151987,50
1085268,71
1247499,95
1059572,127
1058761,127
1213428,165
1231149,163
1112851,164
1000917,148
1379980,213
1445903,200
1025963,181
1462601,201
1341646,216
1225833,197
1158773,262
1228545,253
1144060,253
1006721,212
1164093,66
1435780,83
1061961,103
1440940,133
1160251,158
1477670,163
1356831,211
1156352,217
1344824,211
1314386,181
1485491,402
1493366,357
1244054,330
1339975,364
1493137,381
1482630,361
1237519,439
1414111,392
1290325,384
1064432,296
1029248,27
1106987,48
1366046,70
1359583,98
1380921,131
1369493,163
1289695,137
1110768,169
1338863,166
1382552,169
1465531,178
1241642,222
1344808,210
1268761,265
1092893,223
1219577,237
1197753,187
1067587,254
1030802,563
1058272,248
1469310,216
1135977,230
1457455,232
1336420,940
1044036,671
1089556,233
1330753,190
1104767,406
1331057,418
1203291,375
1325692,333
1200019,334
1101366,372
1410252,373
1412366,366
1491157,284
1159926,75
1148781,89
1420464,113
1310990,116
1195644,154
1491489,145
1143648,174
1128910,153
1439261,143
1139047,74
1098155,90
1202577,107
1149766,106
1375995,142
1028380,137
1490332,178
1415018,172
1152702,166
1203390,150
1420693,39
1076949,59
1473548,89
1445518,103
1486977,138
1205567,132
1417445,183
1008417,180
1094914,177
1335339,155
1489978,340
1143124,359
1478947,365
1341530,348
1448998,639
1460556,582
1425588,416
1447660,357
1204319,899
1152041,573
1031113,84
1109588,105
1042999,112
1121263,169
1272311,158
1035417,128
1488435,178
1110234,173
1046452,163
1154396,150
1161124,64
1012281,59
1440975,83
1028809,91
1052765,140
1272908,136
1431024,158
1133290,162
1235620,158
1484884,146
1348620,114
1319291,124
1141726,138
1401741,155
1489392,181
1139984,169
1131770,230
1194241,228
1065106,212
1386594,188
1268551,182
1073089,165
1139610,131
1329960,118
1355420,170
1311633,157
1337310,148
1148023,133
1441522,158
1138443,165
1135202,172
1107821,181
1188980,206
1416036,204
1301771,248
1088259,224
1270555,226
1272194,188
1499793,51
1309793,67
1350159,85
1269768,113
1100287,141
1167804,141
1192141,180
1402406,172
1340231,171
1419886,154
1260343,185
1182877,224
1217356,228
1379965,232
1441304,240
1448107,234
1063294,265
1023485,267
1253042,260
1336992,210
1449051,212
1468878,236
1433312,249
1189831,248
1350933,251
1499642,238
1002220,288
1354819,268
1175159,265
1273334,227
1167786,54
1301245,73
1254662,90
1406214,120
1455960,147
1049062,152
1433561,198
1187892,201
1492015,198
1034544,173
1263414,106
1475968,115
1213459,132
1098128,153
1166118,196
1044631,180
1170333,228
1436012,206
1190243,203
1411936,175
1462062,104
1462250,150
1478840,142
1272125,155
1173592,185
1082757,171
1315888,209
1228962,192
1218951,206
1450157,166
1261300,95
1168313,113
1363268,130
1110969,153
1065108,175
1075576,175
1195998,229
1107358,227
1346015,225
1341848,196
1117382,207
1336905,210
1029565,230
1220068,231
1323831,242
1064599,233
1427131,292
1042031,263
1468651,257
1208468,219
1177476,102
1295274,122
1273741,136
1342863,152
1186787,247
1476397,224
1405693,282
1087697,196
1383887,208
1310014,189
1096435,316
1230201,310
1327424,321
1132325,286
1273416,302
1205384,264
1262956,317
1122503,263
1151545,261
1154377,208
1364266,165
1011680,78
1119959,110
1158717,143
1065220,167
1019539,167
1280259,216
1026271,226
1397525,228
1293237,198
1253918,267
1360008,258
1474314,255
1161152,228
1177267,241
1107037,232
1173268,286
1267108,248
1037485,255
1368561,214
1187183,27
1039161,46
1206949,139
1295773,147
1173347,132
1296351,121
1117059,159
1399077,144
1082409,148
1067565,446
1139300,350
1208174,358
1011793,327
1154581,329
1385320,290
1439856,369
1340904,345
1171791,347
1071982,286
1443474,442
1451076,391
1435826,372
1191886,336
1263052,718
1263612,610
1233431,366
1036701,328
1492648,291
1193094,253
1430287,134
1058569,150
1492697,165
1056546,171
1204210,210
1224718,188
1053778,258
1030896,225
1088431,242
1032604,189
1278927,41
1313959,64
1034410,86
1169758,109
1054997,204
1091093,191
1440267,171
1139782,174
1022113,168
1044881,154
1406716,187
1168881,184
1213366,187
1086686,195
1061143,221
1017207,209
1414578,258
1102297,244
1216870,241
1373185,203
1251629,35
1156628,55
1160666,72
1298962,102
1053397,134
1056878,134
1111308,171
1479578,168
1288087,165
1471120,152
1046475,68
1493330,116
1444927,121
1213229,134
1439048,162
1289710,155
1139483,202
1330572,188
1278620,183
1482738,150
1436768,50
1187402,70
1484931,271
1160983,211
1204951,137
1323946,135
1139023,181
1017883,166
1452460,159
1368853,140
1206015,60
1081991,82
1052440,105
1251515,130
1177457,177
1143868,183
1012312,247
1082444,201
1231667,216
1294198,191
1001589,110
1245764,149
1173024,152
1140780,204
1099951,175
1276819,138
1042565,189
1334897,180
1079864,170
1455309,153
1249865,142
1060602,167
1183244,165
1451782,179
1134905,252
1183036,227
1388259,232
1037543,225
1034628,219
1252651,187
1033716,79
1290880,100
1277555,111
1018412,124
1237270,156
1091196,148
1393399,191
1291765,180
1315398,157
1386568,145
1252163,268
1380398,268
1436318,262
1065215,244
1079999,260
1278358,246
1497315,303
1349361,274
1168663,264
1364764,215
1382522,405
1278260,888
1499444,331
1395990,346
1490371,327
1239951,307
1336054,1458
1377724,1013
1237631,290
1286591,250
1032092,26
1412836,45
1096428,64
1023786,121
1044596,121
1247191,158
1458427,159
1341137,157
1216688,278
1474661,224
1309062,240
1437313,237
1095693,245
1268258,215
1284565,280
1124262,269
1054665,273
1112624,220
1030655,138
1442612,150
1059397,169
1254831,180
1033383,197
1358859,198
1091267,246
1106379,247
1398968,245
1413888,209
1316160,654
1419545,573
1062437,541
1181575,569
1143023,500
1278339,431
1282203,511
1080746,495
1296937,473
1210564,399
1498130,28
1423053,50
1162538,98
1156343,130
1155176,129
1140696,149
1348589,153
1274735,142
1144733,151
1471235,173
1133933,183
1301416,189
1197228,284
1390628,248
1265180,252
1034409,234
1125602,231
1331846,196
1219136,203
1111993,916
1130159,141
1447928,194
1425338,216
1144306,208
1054489,1261
1164986,890
1031723,225
1066069,199
1022008,416
1438700,411
1314739,373
1316314,368
1050661,369
1317396,350
1179891,424
1035233,401
1011404,381
1306324,303
1311882,60
1262231,78
1044776,93
1388783,120
1124343,147
1343601,142
1424831,183
1366075,172
1117973,153
1412333,144
1232239,58
1443246,90
1231783,106
1047398,101
1436104,140
1411819,138
1126514,161
1432466,160
1332733,145
1052922,41
1445257,69
1397451,79
1335660,108
1113039,147
1259989,140
1435221,191
1423989,195
1007274,160
1248694,397
1231562,420
1130546,415
1484346,380
1442704,1053
1231053,821
1483761,455
1347385,400
1330482,1340
1185291,910
1224132,70
1317197,105
1241367,118
1390190,162
1072198,173
1244605,163
1202906,167
1148817,164
1210527,54
1482028,54
1251007,74
1356261,88
1468996,135
1048360,131
1207133,157
1183999,158
1042446,155
1427250,144
1105380,142
1243006,156
1095300,171
1483804,174
1354048,195
1179559,192
1254839,243
1458313,230
1081002,231
1491158,185
1163656,209
1103189,192
1106730,134
1146782,177
1347859,149
1309782,136
1211246,165
1296046,181
1025817,193
1324612,196
1473661,224
1261002,219
1352677,267
1025143,247
1292861,239
1104929,200
1430481,34
1207788,54
1065786,74
1375055,99
1430795,131
1278380,128
1091685,152
1464998,159
1341777,144
1138248,283
1490626,282
1281487,265
1082441,267
1482938,281
1184923,267
1326973,323
1192047,319
1267180,316
1246324,295
1097109,347
1173687,356
1131198,399
1310234,336
1065673,337
1213540,286
1274015,367
1077171,328
1296692,304
1012505,264
1257968,64
1225233,88
1377517,107
1114069,131
1427908,162
1079074,168
1139550,200
1171872,205
1371558,179
1207630,167
1045125,193
1497213,184
1258001,196
1079563,308
1179847,263
1064410,259
1376454,247
1181980,237
1477762,205
1181474,86
1220195,132
1137571,143
1168297,151
1353136,182
1472975,170
1433727,220
1473901,189
1191319,206
1416495,167
1226362,151
1058055,165
1237424,183
1097480,195
1239094,211
1427548,206
1134215,256
1101934,243
1227132,254
1107600,215
1074380,258
1040219,335
1075922,344
1483577,348
1187970,281
1226360,284
1189058,349
1037004,304
1069941,298
1433285,252
1105113,237
1277408,238
1085386,243
1407082,244
1385752,273
1212643,265
1021280,320
1402014,263
1242573,275
1204789,234
1008328,320
1356975,328
1426728,324
1376105,328
1030585,317
1413560,293
1046211,357
1466477,283
1464177,290
1007464,230
1237346,200
1016003,98
1366429,136
1454944,157
1159279,183
1255341,206
1168385,252
1414891,253
1455705,252
1099051,216
1133067,324
1333880,316
1359714,299
1108942,268
1270430,284
1158007,266
1073033,325
1035826,292
1394665,277
1325149,234
1148964,35
1301591,53
1054238,189
1432687,179
1369820,127
1142224,124
1222928,169
1126137,159
1289761,147
1105042,131
1300295,74
1175047,88
1470434,124
1130199,125
1137849,157
1199578,149
1242043,194
1375038,183
1027496,157
1204718,147
1195576,530
1446499,444
1195279,415
1010758,400
1354889,367
1347174,335
1101194,412
1152426,426
1425660,402
1486207,317
1202850,476
1392817,475
1416778,431
1371311,359
1308810,659
1458963,556
1145504,436
1266884,371
1194501,343
1054423,313
1295451,73
1456593,112
1367486,125
1457634,241
1270934,164
1143105,154
1062418,126
1368546,115
1200473,153
1130835,168
1047685,182
1126061,177
1163821,237
1169619,225
1401462,222
1073198,188
1199424,35
1017200,56
1257467,76
1050839,100
1108091,204
1041705,159
1233321,164
1368544,166
1475574,158
1030570,143
1059894,115
1389405,116
1288556,142
1126299,155
1201059,172
1105093,160
1053387,228
1009972,224
1273474,219
1142240,184
1089204,16
1333903,61
1088611,34
1089153,75
1042206,106
1268813,144
1233183,131
1073477,182
1200055,162
1027765,164
1336904,57
1290936,86
1077142,82
1052585,116
1466748,161
1311945,149
1382023,183
1162454,188
1430846,245
1062961,100
1100322,113
1394157,129
1045296,153
1383490,181
1420177,182
1393398,232
1127680,240
1197145,272
1443014,224
1135504,23
1039343,180
1452266,175
1297518,118
1148882,146
1210043,139
1345687,131
1377152,27
1124601,51
1492708,75
1163223,101
1339037,148
1256412,165
1231690,196
1253859,195
1436052,201
1174062,177
1228388,53
1474450,119
1097238,151
1227931,206
1329104,177
1006640,165
1046575,174
1146138,169
1191939,146
1484976,144
1489133,149
1288241,168
1225058,176
1093359,272
1175825,236
1003353,237
1286252,226
1322978,218
1299602,183
1432390,44
1251736,68
1496308,98
1017856,131
1058968,171
1190208,404
1345826,401
1141415,378
1008850,317
1327250,320
1495708,297
1104677,370
1160493,328
1320703,299
1027062,247
1322431,609
1268993,1587
1144211,506
1489736,479
1175246,430
1125431,394
1412006,1248
1241406,1037
1118679,393
1342717,324
1299363,44
1273355,64
1240489,93
1210148,130
1328963,136
1439151,320
1403041,284
1374095,293
1465788,290
1145397,276
1315899,258
1174807,316
1135854,331
1033339,317
1021348,254
1208448,75
1213834,88
1394883,121
1294077,147
1234987,151
1450781,206
1254800,224
1158154,222
1308725,116
1446887,125
1262361,140
1451679,161
1418604,188
1078051,184
1208168,230
1041890,235
1378832,260
1159213,227
1093737,31
1200754,76
1143224,106
1297207,143
1428215,148
1341299,201
1272207,191
1085056,171
1481640,342
1031471,342
1241213,334
1055152,309
1075123,334
1365959,306
1195304,375
1211091,377
1373638,459
1091949,362
1393810,41
1103739,128
1064148,114
1355980,245
1185374,228
1386984,244
1485511,241
1287135,401
1470658,329
1199186,308
1042536,277
1003304,260
1364923,224
1085341,320
1331710,1488
1275541,239
1341427,270
1190610,256
1470105,246
1059086,1192
1170745,1005
1190647,289
1217666,217
1317164,197
1404058,202
1099698,200
1225205,215
1120109,239
1317198,229
1485133,302
1011810,305
1212950,362
1022775,308
1308216,37
1001837,54
1010451,74
1163875,97
1044014,128
1011280,117
1492792,32
1464863,54
1361159,98
1156261,132
1239283,131
1246844,175
1382200,182
1040381,174
1383194,157
1483614,594
1158128,555
1352318,518
1229307,475
1420379,952
1130528,821
1066609,535
1486088,461
1492838,1629
1328470,1161
1081769,43
1427746,97
1389098,112
1205560,159
1273304,154
1342728,119
1430130,173
1488705,174
1114349,167
1282630,146
1187473,68
1318026,59
1155627,73
1236638,90
1367579,138
1386706,126
1127458,125
1347832,153
1081122,146
1135583,185
1317214,189
1108123,195
1259625,187
1030257,262
1044613,242
1091363,244
1227543,207
1188655,47
1457066,165
1136292,160
1094514,161
1002965,156
1213573,146
1490689,135
1271981,475
1483269,398
1187987,404
1048292,381
1311383,347
1272295,335
1091585,370
1153982,357
1251268,332
1284150,270
1286897,41
1248048,61
1005493,78
1267340,106
1239904,135
1277516,134
1303470,160
1481719,162
1402112,145
1027373,65
1053078,83
1246247,101
1445153,133
1131144,161
1022645,170
1347554,214
1036573,226
1190178,247
1053533,216
1304520,122
1419372,134
1288833,151
1435274,164
1314299,195
1451163,190
1230602,248
1223589,258
1313223,259
1425457,206
1449224,192
1204575,210
1142402,233
1023335,224
1247584,228
1156954,234
1311902,289
1442346,251
1108742,240
1345988,210
1298775,28
1395159,100
1303699,135
1176341,139
1435013,171
1324100,174
1375569,226
1222642,212
1008853,242
1498918,238
1109016,379
1331054,304
1054844,291
1053706,273
1379618,256
1466164,225
1374168,53
1041129,95
1279473,110
1325155,131
1113630,154
1025725,155
1420947,201
1281621,173
1380927,180
1030996,152
1359223,45
1207971,71
1497598,92
1002230,120
1361399,150
1145097,159
1029048,216
1182337,218
1471562,210
1057859,184
1246239,284
1346290,307
1239205,317
1365667,286
1363773,273
1438163,278
1124497,346
1035904,301
1217859,283
1032275,235
1094996,22
1458686,48
1260284,73
1049246,146
1032350,158
1227412,219
1022589,172
1210589,165
1483750,228
1279331,213
1285467,207
1239556,243
1177527,264
1497342,243
1479242,338
1457016,250
1113685,262
1222266,128
1130670,80
1221942,105
1335895,147
1347237,152
1335483,202
1201957,215
1245394,215
1283139,186
1159875,317
1068162,294
1304851,298
1031011,264
1366117,271
1081454,250
1155890,319
1143009,292
1109837,265
1420026,222
1073318,20
1219979,45
1417619,147
1310817,155
1163382,123
1182396,167
1054132,127
1360123,40
1256829,66
1122414,93
1469496,128
1490414,160
1281725,246
1285268,212
1385760,215
1467681,219
1237618,233
1097503,215
1041008,273
1191686,287
1110858,274
1009792,221
1153258,183
1261101,191
1003559,190
1147045,200
1212345,458
1209256,383
1033560,277
1099076,225
1249361,240
1003543,207
1366721,96
1369157,104
1357947,133
1034851,154
1441985,182
1444957,174
1036924,239
1018734,212
1040888,214
1209466,181
1247389,38
1446359,59
1301912,83
1400145,107
1235060,186
1074206,190
1276086,165
1282178,165
1258552,162
1084942,142
1154649,78
1155410,101
1155845,108
1128430,135
1196226,164
1399997,163
1412783,213
1384724,201
1446797,195
1430688,174
1397921,44
1486556,122
1030646,128
1195477,117
1086065,62
1287867,97
1366235,112
1068779,128
1082221,156
1300287,156
1104414,191
1394387,167
1065082,177
1261807,157
1399983,21
1392715,97
1411551,131
1210413,113
1321360,117
1427732,34
1381451,58
1273296,81
1175998,111
1072824,157
1470215,165
1430558,220
1166112,184
1203344,198
1299061,177
1342610,84
1096847,137
1072878,137
1124042,189
1466895,159
1497250,131
1387934,185
1085459,177
1492225,167
1142718,148
1457058,108
1424908,107
1200217,125
1044787,142
1364727,177
1307772,175
1237451,209
1223865,194
1294200,190
1427298,166
1213120,32
1128126,53
1085143,77
1230402,98
1181195,133
1241991,169
1319873,148
1069963,183
1304127,185
1313628,206
1361296,191
1026014,208
1489921,201
1120076,265
1304941,225
1481457,217
1458967,179
1064603,477
1280020,647
1080428,404
1364032,394
1340335,374
1192024,350
1062785,840
1365356,689
1160539,343
1436896,287
1207359,23
1249113,43
1412865,93
1299237,114
1185486,155
1478163,153
1155205,150
1004297,140
1237737,124
1230705,143
1319258,155
1267633,178
1168400,161
1294658,213
1109580,207
1394030,215
1296678,176
1345635,53
1364763,75
1109062,96
1316392,123
1098691,150
1312916,156
1494672,204
1288751,206
1447072,203
1144125,174
1165135,207
1365978,182
1425692,179
1352787,258
1106798,250
1151845,233
1446773,307
1000259,309
1361688,307
1339452,243
1266036,42
1355728,115
1359687,152
1490276,124
1110725,189
1051747,162
1409553,176
1155898,178
1331091,236
1004645,214
1484601,261
1176259,226
1164274,220
1175834,184
1227396,275
1475697,601
1275455,259
1098208,232
1100709,249
1141206,223
1393239,972
1496220,587
1117606,240
1158804,200
1280129,152
1114886,169
1163765,175
1406367,189
1142814,276
1294699,207
1379642,263
1244589,274
1100387,280
1323102,212
1177540,35
1136502,54
1491362,78
1250840,100
1016153,123
1050973,165
1358467,145
1436626,151
1181846,71
1133369,80
1372452,95
1105445,116
1233676,141
1248416,124
1170610,153
1236319,150
1290214,138
1488157,32
1479779,54
1427043,74
1310388,100
1015884,147
1180421,135
1359547,188
1410710,179
1446311,179
1452837,151
1477870,377
1215216,364
1285681,403
1314990,357
1337450,572
1095122,549
1164460,423
1260186,347
1268073,901
1264095,573
1312991,50
1223786,96
1252201,104
1008278,156
1040076,140
1365093,124
1478529,168
1376960,166
1286449,159
1059103,145
1342550,40
1427813,53
1468070,78
1198993,89
1096212,135
1175396,131
1055343,159
1027386,157
1027603,140
1126082,60
1095804,77
1284871,107
1412582,126
1352134,166
1014758,153
1239271,209
1343596,201
1343455,195
1259932,173
1319798,41
1315760,157
1399760,152
1293278,151
1225808,141
1407284,138
1118637,126
1003511,161
1388877,176
1183200,183
1031478,211
1481797,230
1450040,209
1391988,262
1325950,238
1034337,233
1401405,193
1309036,30
1486121,52
1094193,73
1238414,99
1257291,132
1339559,131
1078324,168
1189106,166
1422129,164
1158245,148
1170036,71
1467615,86
1024239,94
1495288,128
1214497,154
1135850,157
1463434,206
1181187,218
1044453,216
1239433,171
1490132,423
1480622,423
1345970,405
1002734,362
1071118,338
1209765,326
1377968,391
1180975,353
1197780,335
1138204,283
1234971,55
1296050,78
1007089,134
1085266,137
1488516,180
1410651,180
1162178,129
1028250,120
1162284,129
1153095,156
1089838,209
1400665,183
1383706,228
1123698,203
1148219,202
1369726,169
1487745,117
1258801,145
1394487,158
1386178,155
1033130,192
1123301,174
1189931,215
1213578,189
1392146,205
1172957,164
1004822,53
1447907,81
1027560,100
1475205,125
1317475,153
1143854,164
1487269,209
1110968,220
1361934,193
1124862,178
1479327,271
1034228,288
1016160,293
1116053,269
1296120,275
1027940,258
1120072,318
1142743,292
1498844,282
1254537,232
1010463,50
1297352,74
1050702,91
1155579,119
1133161,169
1324163,161
1338945,226
1320612,185
1371459,203
1104555,175
1347240,144
1443123,161
1155221,182
1052491,197
1145651,212
1408518,198
1388157,254
1165523,202
1023502,208
1292007,148
1280466,69
1285179,100
1180700,132
1145185,156
1436680,161
1202037,207
1131039,214
1247144,211
1423783,127
1080009,145
1216295,163
1150345,159
1005265,183
1453080,174
1427992,226
1319455,208
1198216,196
1256336,178
1152804,19
1439914,43
1097710,89
1257810,136
1302677,151
1154154,139
1337180,122
1056340,23
1279269,69
1152002,125
1329468,129
1402266,477
1292844,461
1349547,423
1001035,368
1311694,361
1338401,337
1285535,405
1493498,424
1306863,396
1031721,316
1220913,466
1410292,463
1163414,434
1105889,395
1179154,675
1082621,698
1164863,438
1392002,367
1150054,333
1431400,285
1492231,200
1036457,172
1335135,206
1158436,209
1364866,225
1401916,220
1333504,270
1426546,280
1487694,271
1371620,217
1082679,159
1152188,145
1112827,166
1432923,181
1327449,196
1131015,194
1058774,245
1031584,226
1295532,230
1314481,204
1367157,54
1203857,69
1144711,89
1080313,113
1096602,213
1004511,174
1003574,169
1136626,179
1357905,170
1359107,149
1061395,154
1343240,152
1427859,171
1374160,175
1231678,196
1155753,182
1250372,229
1006089,223
1128300,233
1108889,197
1161719,20
1412839,122
1345390,153
1208097,63
1200860,114
1071175,118
1377468,134
1035511,160
1083867,199
1217287,157
1492759,239
1393518,221
1459471,209
1335272,227
1013130,232
1441346,236
1289569,289
1318211,261
1100972,287
1062346,228
1337818,124
1141482,134
1076650,151
1123940,175
1037301,197
1235133,201
1309929,241
1385475,249
1282871,253
1222112,215
1286976,41
1469796,61
1340685,320
1190687,290
1032024,144
1045292,136
1329344,178
1060659,164
1003967,133
1460613,142
1327688,153
1057303,162
1233931,182
1123396,234
1248066,231
1334332,299
1284319,222
1091082,246
1006636,211
1118546,74
1477507,152
1402350,169
1307281,212
1269672,180
1388621,129
1363690,190
1396538,182
1432230,176
1432434,155
1157808,132
1300805,129
1402946,145
1075510,161
1350471,253
1300102,226
1314991,214
1434599,199
1061560,193
1033765,169
1201769,66
1262439,81
1063388,102
1374518,132
1382830,163
1308127,155
1195303,204
1389536,203
1218017,157
1311218,152
1017920,348
1464492,335
1447167,318
1150968,282
1325663,292
1491428,269
1267263,341
1055918,302
1087693,277
1356066,229
1206999,343
1220242,1058
1158723,259
1004679,394
1436738,322
1411737,307
1322953,1441
1485619,1116
1451702,276
1028427,232
1021833,57
1403718,75
1159072,99
1296434,126
1050306,126
1482885,149
1426257,365
1071899,335
1017674,330
1307337,302
1299070,317
1450331,275
1492206,339
1038082,348
1053057,331
1328779,270
1408726,226
1316397,185
1470572,232
1069529,192
1144116,236
1445719,232
1076655,279
1081706,284
1387906,279
1049778,223
1050836,97
1328615,109
1065297,125
1261401,151
1469920,181
1478651,185
1441997,226
1291316,231
1444966,233
1102147,203
1049400,57
1375249,79
1018609,100
1111529,128
1272559,159
1026662,193
1366360,197
1302524,177
1267165,1027
1262997,893
1088775,797
1217709,681
1430418,622
1275478,540
1435295,636
1346982,608
1160970,566
1310566,473
1244866,25
1484515,66
1402186,97
1228789,124
1150337,162
1475694,155
1476370,141
1092027,259
1174462,231
1309288,235
1325177,236
1371419,439
1372954,363
1219907,286
1044361,259
1000595,262
1424899,240
1220962,138
1059573,1152
1371967,127
1008058,169
1307575,195
1482143,182
1167859,1283
1151969,963
1327497,209
1021678,185
1414458,491
1306516,446
1180610,422
1323085,418
1212285,395
1039279,376
1395825,452
1386899,438
1216036,412
1225001,335
1055980,38
1163248,62
1248223,84
1115289,115
1175889,145
1104604,139
1493205,186
1461580,181
1116567,126
1056911,44
1165133,88
1045201,102
1070414,136
1221347,138
1305920,176
1402463,172
1274256,167
1246396,34
1005749,50
1347755,69
1462314,125
1427008,127
1376522,172
1331312,182
1439245,180
1287196,171
1121802,362
1083360,346
1387604,372
1297521,367
1148106,1019
1054831,825
1340381,524
1471793,418
1214188,1595
1358310,1372
1154235,85
1170609,107
1411927,157
1295307,154
1284250,119
1201392,167
1041425,167
1387685,169
1458669,146
1388858,81
1402783,92
1158859,125
1237454,157
1307597,160
1439838,140
1169331,146
1448891,211
1144366,202
1201215,204
1014486,203
1076076,227
1197521,210
1448108,260
1464025,241
1050487,244
1300350,214
1244383,37
1209362,62
1175433,319
1041996,277
1281845,139
1481458,140
1226086,178
1324219,170
1151124,164
1216755,132
1333438,221
1489328,226
1477002,229
1098852,226
1164983,235
1290361,229
1256809,287
1186105,261
1393199,262
1017459,209
1022949,44
1144435,63
1080644,77
1433984,104
1377389,123
1364496,149
1026523,155
1002825,143
1136894,102
1179973,121
1042531,135
1216221,158
1462430,185
1249510,182
1276527,228
1205823,238
1448426,243
1028218,207
1105486,286
1495174,282
1004376,269
1320784,257
1489187,284
1318303,257
1481749,320
1216902,319
1184723,314
1226502,256
1461216,200
1105982,231
1040547,241
1024773,280
1237216,210
1084227,225
1444516,282
1412875,265
1425330,234
1298435,209
1143296,46
1218455,112
1305125,135
1041777,157
1377731,153
1438743,215
1339840,188
1445860,199
1312582,204
1354697,345
1107407,264
1085344,255
1165006,239
1369299,231
1398637,198
1223814,75
1183147,116
1221280,120
1272917,139
1022602,149
1457798,207
1145318,168
1291779,184
1071387,152
1161381,65
1463809,86
1043945,104
1428660,131
1231167,161
1263934,166
1283930,221
1165506,223
1246532,217
1167940,190
1006832,192
1388700,238
1139792,242
1092679,233
1441471,233
1453398,227
1055317,308
1403310,249
1014083,249
1136618,217
1269949,84
1015470,101
1209078,138
1029273,192
1224671,201
1249789,268
1127161,202
1459424,224
1255187,195
1273610,890
1494860,756
1469809,592
1289384,534
1440943,483
1455095,448
1356813,539
1435344,418
1250601,403
1388615,341
1014137,221
1220175,136
1018456,169
1396001,200
1128557,215
1097352,209
1362664,256
1282704,262
1322287,268
1382848,220
1363870,426
1070361,383
1157864,361
1125057,324
1359188,320
1334054,303
1272692,362
1026490,323
1181159,297
1085144,245
1220086,30
1012081,220
1494281,219
1268702,138
1155654,140
1389451,186
1456024,167
1476914,147
1214790,58
1314337,74
1027602,94
1372056,123
1301451,154
1361172,149
1241383,200
1379284,196
1235705,166
1182403,138
1348084,139
1052783,147
1198932,160
1316195,161
1354895,190
1080862,174
1201850,226
1268084,228
1476536,232
1251873,181
1305176,102
1383497,110
1037756,134
1139395,100
1292208,209
1217371,213
1236727,214
1066688,199
1050944,177
1489321,156
1209309,96
1003753,117
1377975,129
1173009,148
1125362,167
1089147,155
1032271,214
1304946,202
1313934,193
1420456,168
1435029,42
1268871,65
1446385,136
1137736,133
1464178,154
1129429,151
1173914,130
1209410,71
1286612,103
1349508,135
1094927,135
1277410,176
1179754,152
1319597,164
1139374,141
1046291,6
1017579,66
1269118,89
1430936,88
1020389,181
1397322,144
1222271,137
1292674,110
1437835,144
1397433,164
1318618,41
1003233,94
1020071,134
1026349,139
1057370,193
1267098,163
1374721,177
1264193,67
1001959,104
1114825,154
1063760,150
1256517,151
1444323,118
1063688,136
1267215,146
1225113,165
1001235,211
1260541,190
1488536,223
1416203,200
1394998,193
1425594,165
1319480,95
1101584,111
1169870,129
1098498,133
1363190,164
1130649,159
1492037,215
1151988,193
1044024,187
1426570,160
1031682,174
1434359,412
1012465,166
1005381,200
1224590,218
1172089,203
1403309,630
1092034,475
1236029,214
1168852,196
1099677,138
1093858,142
1059843,152
1012745,167
1430112,188
1479236,176
1103994,230
1093267,231
1173814,227
1082751,59
1310040,182
1495262,203
1472174,178
1251039,23
1039265,68
1208172,100
1112432,135
1409411,174
1451100,178
1074440,175
1034558,71
1176365,92
1094576,106
1392466,131
1055474,168
1217360,162
1271801,221
1345064,230
1401294,234
1024879,189
1057421,142
1246771,155
1232056,166
1034367,177
1033617,238
1003218,205
1481969,239
1038947,216
1396320,211
1043673,177
1034125,86
1007900,317
1104045,117
1349952,122
1183866,157
1398163,150
1188811,527
1431359,420
1022402,172
1113928,158
1147078,72
1065907,85
1354825,105
1177980,132
1201164,169
1003099,160
1002495,217
1365578,223
1419626,226
1195370,184
1297532,68
1192446,96
1039474,151
1282502,133
1190011,212
1061568,191
1389377,202
1358438,209
1089351,567
1474431,452
1323284,285
1355349,245
1419613,546
1367988,503
1283225,65
1203085,104
1190203,133
1446915,116
1119724,158
1070558,153
1139943,141
1184750,142
1496674,133
1066650,141
1000985,167
1486680,191
1341774,173
1339391,232
1308505,221
1435633,215
1386849,185
1379099,82
1219650,111
1356379,154
1380958,120
1342952,133
1339521,156
1093789,176
1403569,196
1352929,174
1380785,234
1278694,218
1460527,222
1361358,177
1459822,55
1305254,77
1451735,97
1129026,116
1148456,153
1219726,149
1430307,193
1253049,199
1432323,164
1348068,82
1244298,92
1260622,122
1349633,131
1150838,168
1030243,169
1220817,213
1246990,198
1149550,188
1231529,167
1317716,121
1126370,129
1008110,149
1423383,168
1004659,214
1038509,189
1407977,229
1026691,203
1024597,200
1116633,169
1345747,49
1420393,90
1358056,130
1406018,124
1035550,165
1097311,151
1192832,132
1176978,49
1171909,74
1428117,104
1423315,168
1265837,174
1356525,172
1205477,152
1428458,116
1228888,134
1497243,169
1318753,160
1355554,182
1059984,201
1094135,247
1316514,222
1205603,208
1222855,181
1220274,68
1271480,76
1342721,91
1336270,110
1364688,143
1281752,141
1093297,199
1027654,169
1365653,173
1425548,139
1008773,40
1008574,64
1108380,128
1345723,130
1280856,167
1217729,178
1312629,77
1343650,99
1343822,114
1325627,131
1240091,158
1027368,149
1235410,203
1360992,183
1069927,175
1160894,149
1433729,220
1074540,202
1209661,206
1407586,217
1258824,224
1463585,200
1240414,269
1347735,269
1456243,261
1294366,212
1267876,139
1494455,152
1214425,164
1363784,197
1418399,441
1055166,358
1281197,255
1142620,218
1392306,215
1143676,183
1136999,70
1287425,88
1111884,109
1387039,124
1463169,160
1083258,158
1490887,214
1006545,204
1400409,205
1240207,174
1173342,38
1306896,58
1010409,102
1394810,173
1077316,174
1135228,160
1302997,161
1102705,159
1148385,144
1427360,189
1079149,159
1075559,61
1325619,107
1276615,68
1191397,108
1257720,114
1217814,136
1169274,160
1447542,156
1466039,197
1066597,179
1096629,186
1266012,155
1271431,119
1008008,121
1095570,120
1055136,111
1336000,157
1472836,168
1191333,195
1235816,180
1483921,135
1395368,194
1094038,180
1105815,168
1314631,151
1026138,109
1191882,110
1344759,133
1411078,154
1369846,197
1109552,179
1381175,231
1192894,209
1001951,199
1421430,170
1429773,190
1240373,213
1467559,218
1242372,190
1242379,209
1218259,207
1142876,265
1403767,230
1232994,219
1107845,181
1066977,545
1467682,722
1085069,453
1418851,402
1217236,382
1174458,356
1195403,1249
1220035,977
1462839,334
1287164,263
1001071,43
1429537,143
1378787,131
1347235,167
1247051,117
1076387,138
1443855,152
1028510,177
1219752,161
1179883,226
1204147,225
1000796,222
1314952,185
1442368,50
1384173,96
1104417,125
1377616,135
1253092,188
1064390,188
1374399,192
1145942,165
1306281,94
1042427,122
1039235,136
1270474,166
1387994,201
1204001,196
1146761,260
1160004,274
1274185,277
1271542,218
1124445,15
1417329,119
1468716,97
1049153,114
1418671,127
1440725,147
1043632,183
1131507,177
1109600,247
1024610,199
1404758,192
1337054,171
1152418,284
1461002,603
1122525,267
1359951,246
1345367,238
1292317,228
1375107,1007
1301610,741
1150676,237
1116620,193
1299709,124
1454164,138
1068339,149
1131994,165
1452032,194
1268214,193
1261241,248
1209168,256
1106716,268
1104690,197
1179493,128
1048344,142
1186948,47
1435035,68
1376824,84
1298051,124
1020593,122
1177502,164
1156704,130
1191925,28
1058785,61
1471133,98
1071254,125
1087869,125
1437124,154
1440286,161
1115564,147
1314342,350
1407720,315
1050572,345
1471014,308
1102279,552
1073296,406
1001420,353
1310282,322
1214363,968
1203613,582
1118702,72
1345691,132
1013458,134
1414435,167
1102838,155
1356018,127
1397416,181
1024198,173
1069242,164
1492637,147
1194849,85
1248010,116
1419217,77
1328270,84
1454997,109
1067822,131
1258110,168
1348027,162
1256555,215
1181713,201
1414766,199
1017146,171
1287363,85
1056033,121
1198423,121
1364412,111
1066449,137
1005166,139
1296158,179
1192897,183
1242406,192
1266765,202
1439805,216
1228845,205
1398564,254
1034193,240
1340687,323
1000237,188
1398867,33
1498335,54
1125114,77
1090818,101
1319634,131
1099027,130
1486214,171
1102434,169
1167018,142
1299648,58
1470573,67
1092183,86
1450872,118
1084546,155
1432435,153
1443500,206
1131071,217
1368660,218
1403213,168
1107202,379
1263782,360
1331170,369
1460264,319
1426141,316
1234948,307
1421162,376
1058212,336
1103651,324
1066515,267
1462332,98
1279293,126
1332514,148
1140533,148
1212897,168
1287056,180
1048549,224
1020570,206
1137531,243
1086367,237
1316077,229
1061575,180
1303294,91
1376825,141
1324963,144
1165658,149
1483489,177
1294285,156
1403800,205
1132303,191
1257856,197
1019496,170
1387167,27
1162278,75
1028630,106
1201509,140
1429858,142
1455208,198
1101218,202
1335329,199
1103583,171
1359875,431
1337050,413
1391771,411
1146344,359
1302275,338
1425677,325
1359004,390
1480962,350
1323812,325
1061472,266
1206863,20
1389125,45
1425734,98
1173685,139
1349089,147
1421410,208
1090311,166
1442624,122
1497803,155
1208465,166
1088239,157
1120442,200
1399354,183
1180298,239
1471974,188
1013299,197
1420814,156
1287492,42
1064175,63
1396116,97
1167138,147
1316677,136
1233252,156
1253592,174
1398291,189
1240628,177
1499610,195
1374566,194
1407030,257
1394499,219
1456666,208
1026147,176
1096290,118
1014622,129
1188670,255
1141504,220
1413796,232
1202092,235
1050649,237
1267399,217
1398009,275
1362163,283
1014376,278
1126925,227
1022475,363
1237898,337
1036089,305
1406614,284
1370785,675
1499126,509
1381677,347
1024838,301
1334533,267
1227943,248
1263791,81
1459846,94
1470758,128
1038905,139
1373055,170
1408796,164
1021287,217
1362049,208
1305031,207
1152312,182
1440771,39
1187170,63
1333857,106
1403116,176
1445194,184
1007138,163
1187461,164
1026257,165
1441563,146
1070835,95
1305429,123
1055665,124
1157152,147
1311164,172
1427990,166
1104489,225
1111825,228
1447194,205
1363630,179
1084048,43
1406741,64
1130968,144
1218838,139
1476647,48
1289757,89
1303822,106
1332264,117
1135584,150
1438137,142
1294141,194
1320980,177
1234430,176
1023244,147
1055728,51
1482952,55
1096103,141
1441078,165
1324485,128
1181824,171
1471619,152
1084847,147
1027455,44
1281529,63
1013702,85
1304798,115
1066172,162
1032931,170
1180413,222
1437438,186
1334218,207
1347941,181
1389643,64
1315664,109
1359741,130
1411569,161
1347488,165
1225994,129
1327384,180
1244799,172
1180905,178
1301631,160
1168148,123
1469529,121
1391432,129
1314764,154
1315854,199
1480821,183
1127406,231
1404354,206
1489408,207
1174805,175
1037167,94
1261905,108
1231013,123
1286531,136
1404655,162
1366645,152
1123959,198
1015959,186
1296737,163
1224486,149
1360259,208
1208838,210
1097126,209
1155822,201
1399625,224
1248988,209
1306893,256
1092132,227
1024168,224
1049337,193
1035365,449
1415138,630
1127856,392
1172386,382
1117249,364
1003516,346
1279245,1166
1256438,753
1202794,326
1044876,267
1207506,46
1270213,70
1320039,122
1147947,123
1223081,159
1419834,231
1330961,156
1435944,181
1172547,179
1444883,201
1306041,188
1321470,253
1019808,260
1053634,252
1175478,204
1463966,77
1031861,96
1124451,116
1497710,140
1070647,165
1037784,170
1326168,219
1441485,218
1022671,217
1283181,188
1083889,314
1378453,314
1434331,297
1311554,307
1111904,337
1430955,303
1455829,361
1182896,364
1205862,365
1215917,285
1140520,17
1401330,121
1370827,204
1210510,200
1444583,196
1180513,207
1153574,245
1463014,218
1079096,272
1196866,237
1421929,234
1305781,196
1355984,258
1193016,537
1338781,257
1268959,244
1080975,243
1156713,236
1277454,995
1480116,602
1416723,242
1370466,216
1121896,247
1093815,239
1171798,225
1110818,248
1368837,276
1016415,257
1300798,315
1093179,322
1305192,324
1095872,238
1057541,67
1144479,85
1265509,105
1193741,114
1401074,150
1290336,145
1472495,186
1030352,176
1304927,137
1452763,50
1181252,67
1048036,78
1365192,100
1247734,134
1047893,134
1476634,171
1219150,167
1418704,143
1234436,41
1450413,55
1174742,100
1011859,136
1231323,141
1085320,168
1030496,176
1133342,175
1425452,158
1349084,425
1301951,382
1055047,381
1109479,366
1196856,666
1100420,590
1426580,420
1032184,374
1461768,715
1058161,656
1482071,42
1118423,98
1143761,115
1173022,158
1302221,133
1175233,131
1174841,179
1160861,176
1434397,146
1474096,43
1335769,41
1045993,67
1349802,90
1177881,132
1457076,130
1443780,156
1292750,155
1211721,153
1067400,142
1433069,90
1397198,102
1379504,130
1185911,143
1091958,179
1109333,171
1167180,224
1081167,216
1087268,206
1221495,183
1053449,32
1041898,174
1309464,167
1351500,156
1342397,152
1320336,143
1009743,137
1294351,193
1082781,196
1119851,218
1467408,207
1210552,233
1096404,219
1273993,262
1219560,241
1082763,241
1491444,197
1203029,32
1344951,74
1180354,103
1325435,134
1445951,164
1294628,157
1419171,142
1004866,110
1174471,126
1499724,146
1303018,163
1484881,203
1336482,185
1263568,242
1014154,245
1145983,256
1329014,196
1043533,298
1263261,282
1204894,294
1284763,276
1434903,284
1160971,261
1285880,319
1019892,292
1069139,282
1125818,240
1167503,77
1051775,96
1241441,121
1111497,149
1381275,157
1401879,199
1255183,204
1011053,172
1052343,161
1036170,173
1338985,174
1076504,188
1253353,226
1197539,209
1012486,253
1127637,234
1452181,227
1488970,192
1311318,77
1181114,128
1238128,127
1349833,137
1318144,170
1187485,154
1467015,200
1460483,188
1412024,188
1187938,170
1483675,107
1044692,119
1309244,145
1315121,163
1244194,194
1029370,162
1406179,234
1087358,232
1062484,233
1286223,200
1411487,239
1434063,228
1107783,250
1067126,227
1067371,254
1245636,237
1305132,299
1439843,268
1408670,264
1320423,226
1147326,62
1487198,81
1127530,101
1215467,127
1404880,173
1219365,176
1192293,228
1058833,190
1211291,209
1493775,183
1260238,220
1448531,209
1353151,232
1409437,223
1357379,250
1339529,223
1471069,278
1360746,218
1452041,229
1398366,177
1208370,58
1472409,66
1145189,101
1375565,121
1171033,152
1337888,164
1184696,209
1350494,215
1464443,215
1029249,185
1382621,254
1368162,255
1180259,248
1284213,233
1320512,240
1058888,231
1496541,285
1192877,250
1221066,241
1000531,209
1368579,24
1320374,120
1176713,141
1300373,127
1397866,122
1386107,164
1320006,153
1286910,143
1492031,46
1360663,64
1185115,87
1027999,107
1262160,131
1008521,176
1494129,167
1407133,152
1193391,193
1216224,192
1211468,198
1204072,200
1344591,225
1484430,197
1271581,270
1467395,280
1286932,267
1117604,213
1446214,204
1372850,205
1206927,207
1094093,185
1332724,424
1145862,395
1189322,265
1140102,225
1048802,218
1251786,201
1240478,114
1062248,118
1457291,129
1286949,162
1113433,176
1102829,172
1427631,228
1090565,217
1300353,211
1308012,182
1048558,29
1383758,53
1389582,73
1201819,97
1121620,165
1397812,168
1324630,158
1222494,160
1403403,155
1140050,141
1494088,83
1397155,102
1449226,118
1133501,133
1467808,186
1074575,164
1486099,222
1048727,207
1006233,205
1068633,175
1213448,17
1084107,39
1157687,92
1293087,131
1311764,61
1477226,78
1373589,91
1482068,118
1373505,143
1374634,138
1415718,183
1481039,167
1264789,142
1275191,152
1135404,172
1134765,127
1365045,121
1331309,168
1334098,155
1046455,148
1473987,129
1382211,24
1030032,48
1177914,73
1367594,137
1056805,145
1008514,204
1277523,176
1074310,191
1269004,192
1222155,56
1384559,95
1445028,111
1196216,141
1269071,174
1119152,131
1282614,178
1476589,169
1381427,156
1419068,146
1246867,114
1208872,118
1443503,128
1079579,153
1402483,208
1158661,188
1295298,231
1211532,206
1365024,197
1300579,169
1088345,183
1356809,189
1080195,198
1426286,188
1013600,213
1112824,200
1484768,257
1468658,225
1025677,216
1202168,179
1324376,387
1209888,689
1013207,344
1032261,331
1436558,325
1137097,300
1262296,1036
1254566,794
1057706,287
1487137,242
1150878,42
1093883,92
1005103,123
1387118,180
1247256,114
1431663,140
1317967,148
1070796,177
1231736,159
1147571,220
1287198,208
1310572,216
1474583,180
1291932,42
1404048,66
1465742,89
1223823,116
1426137,145
1459860,147
1430159,199
1021450,199
1276823,194
1349255,166
1249505,224
1206767,215
1094469,217
1278323,227
1173977,262
1140787,247
1116819,306
1252003,368
1352888,324
1128508,238
1390449,168
1083362,164
1224403,177
1197207,184
1219833,229
1009290,201
1320991,245
1248026,222
1292318,221
1055337,182
1000116,183
1499174,455
1254585,199
1301578,188
1454563,202
1235291,198
1153581,611
1065743,516
1441830,222
1071687,193
1235991,222
1357362,215
1224648,203
1042687,228
1435100,257
1386731,240
1030695,299
1254045,300
1392602,306
1443272,231
1374367,37
1212449,64
1219033,83
1108446,122
1207845,139
1336688,138
1289787,124
1207552,40
1487007,49
1209615,70
1497854,124
1070733,126
1299413,164
1037986,165
1174242,160
1456990,156
1102292,347
1135029,346
1320860,366
1480834,316
1066544,500
1076907,438
1308113,369
1351526,325
1072003,778
1162592,466
1248568,68
1443519,84
1141805,122
1241572,146
1060117,153
1095707,154
1091182,148
1463873,137
1388692,62
1142485,80
1492454,91
1341745,136
1487956,132
1272459,145
1042371,148
1347537,126
1041719,139
1295444,154
1278768,175
1440616,194
1213359,187
1107278,238
1431670,221
1129977,218
1312066,184
1319481,125
1363648,149
1280225,111
1354295,141
1399761,119
1280365,201
1127415,200
1055248,205
1203463,204
1381766,233
1093377,219
1119745,332
1251432,240
1286984,231
1309768,196
1395486,28
1052944,49
1187833,73
1143497,99
1164512,130
1140262,128
1142480,168
1108132,165
1362940,162
1227656,146
1260972,84
1448800,86
1329069,112
1137381,137
1118094,176
1185269,164
1247893,224
1455149,225
1338727,235
1293085,181
1022670,314
1098084,305
1395007,322
1008082,301
1255856,290
1212779,275
1213187,337
1112212,302
1155253,289
1146461,236
1414636,161
1417793,155
1057520,168
1004214,180
1058135,219
1003459,205
1366195,239
1336103,217
1385647,213
1171591,181
1043700,43
1330119,84
1134462,103
1067376,118
1312395,147
1358238,140
1083003,188
1243872,173
1065542,172
1331381,146
1033631,45
1413962,89
1396181,118
1267612,148
1062790,153
1412337,202
1191743,205
1236936,204
1444312,178
1031664,233
1494935,221
1471250,236
1028420,231
1201168,242
1044920,233
1398093,296
1342490,263
1348533,257
1402030,219
1248175,37
1118685,62
1014131,82
1025147,112
1346618,156
1300033,165
1463743,217
1178038,182
1171185,198
1110962,201
1091807,264
1182872,258
1036586,255
1235005,240
1070988,261
1132084,233
1134359,286
1433692,230
1312122,239
1211899,191
1440242,76
1071747,57
1255434,83
1358588,118
1075081,152
1444995,156
1123405,200
1369584,200
1274564,174
1379701,227
1162985,239
1309985,230
1181215,226
1156744,232
1062078,223
1075144,282
1283850,239
1066268,235
1491526,199
1253958,41
1345883,95
1289049,140
1088169,112
1335974,135
1473427,138
1113898,379
1302251,301
1074640,311
1279043,299
1027337,303
1117583,258
1499218,338
1415442,327
1279459,322
1484875,248
1136982,504
1451719,478
1387920,479
1297893,402
1423597,759
1153606,725
1068952,442
1101454,362
1184273,341
1292802,305
1305756,143
1334411,141
1489347,155
1394547,164
1031100,209
1046296,178
1405738,237
1070227,227
1125353,230
1283683,193
1486052,61
1433039,90
1306038,97
1438909,119
1246961,214
1089876,204
1089133,177
1102306,181
1480951,175
1033763,152
1144073,121
1191055,131
1181166,163
1077761,163
1198249,190
1003774,182
1105094,239
1297253,232
1255680,225
1356046,191
1149541,40
1315946,62
1130490,81
1455454,124
1052719,162
1253938,164
1380861,161
1243278,146
1251759,71
1313449,95
1299247,105
1011658,120
1429750,142
1478428,143
1092421,193
1076975,161
1072256,179
1262007,62
1277261,76
1452624,310
1326094,270
1111913,139
1006757,131
1352307,184
1083018,172
1168700,163
1394147,143
1207902,89
1350935,114
1115240,130
1222986,152
1287849,198
1391368,202
1290682,261
1012825,211
1306478,226
1391652,197
1404904,77
1304742,107
1178964,154
1052107,196
1071420,188
1362930,137
1216157,194
1389546,184
1249514,181
1270031,157
1294598,160
1179239,176
1050303,179
1087011,194
1227664,286
1163122,221
1095113,236
1202063,226
1444462,224
1019836,195
1168044,124
1068035,129
1179968,157
1386801,154
1129631,188
1463595,174
1194176,212
1199855,199
1478743,170
1475126,155
1077708,266
1336265,271
1102611,265
1281991,234
1179481,252
1150635,245
1422895,306
1213113,275
1167346,262
1295691,211
1447908,434
1372928,1016
1132512,386
1132676,376
1151245,352
1175015,323
1111506,1648
1001680,1112
1290443,325
1327452,268
1389512,38
1034827,74
1033446,99
1434236,128
1460815,161
1494171,164
1442168,163
1285602,147
1094372,247
1053666,211
1351771,212
1064374,218
1317412,226
1300491,211
1466619,269
1149000,284
1113377,268
1402941,219
1224442,193
1149258,204
1115642,208
1137861,226
1321337,216
1456547,220
1239251,268
1016677,263
1295373,263
1199633,223
1207745,550
1332437,550
1295195,497
1238168,569
1401191,537
1320351,446
1015073,527
1440436,500
1488196,471
1084735,391
1359162,28
1443654,53
1402507,73
1242371,99
1416825,132
1084128,132
1317479,170
1096050,170
1118030,165
1051015,152
1151085,255
1150146,281
1322647,273
1301833,259
1457613,413
1325195,307
1359067,306
1425528,284
1453846,268
1282703,233
1022766,255
1462456,1025
1154248,204
1147729,224
1263599,248
1030093,234
1262202,1410
1408762,942
1095333,239
1319045,223
1158313,488
1100676,498
1158135,452
1171800,418
1026264,428
1321385,393
1050460,467
1146215,462
1419175,427
1372396,346
1301176,113
1224034,122
1331102,153
1365952,142
1252222,169
1121534,159
1141516,202
1258187,191
1459196,167
1429767,154
1406304,54
1374485,76
1095596,96
1368104,104
1444468,130
1051830,173
1394484,170
1131655,165
1150992,149
1040372,36
1237367,73
1434129,80
1164972,103
1419007,136
1067868,137
1442880,174
1310723,181
1493855,181
1296951,163
1399854,553
1394510,535
1045208,536
1496500,441
1363459,1114
1071433,908
1336903,534
1221557,452
1117672,1437
1090698,1040
1252213,51
1299848,97
1448417,138
1073006,141
1148432,125
1332496,157
1219073,161
1438003,141
1195553,67
1342462,63
1049247,87
1216539,92
1219585,139
1266338,138
1377021,162
1219958,164
1217087,144
1219445,135
1220798,153
1202899,163
1479383,168
1409834,199
1193733,187
1337968,243
1061532,233
1031241,227
1224330,195
1273205,48
1167783,67
1462600,259
1264988,248
1369393,138
1173623,137
1069542,181
1254356,167
1220623,159
1376159,139
1488744,242
1463122,241
1319687,245
1247231,232
1230288,255
1488675,242
1422970,303
1051688,276
1167223,266
1459041,217
1135750,40
1029579,62
1008796,83
1277631,107
1481378,137
1348069,170
1283100,161
1360701,146
1326014,218
1363993,221
1065978,226
1124674,239
1031580,261
1076145,251
1062552,306
1043014,305
1219837,308
1496028,241
1370308,324
1085737,349
1135400,362
1190020,355
1491603,297
1421823,283
1124519,353
1060240,319
1213853,289
1489926,252
1045879,84
1115000,104
1479186,122
1152086,142
1232423,188
1338458,153
1391466,216
1176775,216
1026126,212
1020680,189
1187407,185
1188742,195
1462532,199
1428580,200
1266752,326
1493963,241
1228618,255
1269353,243
1130227,234
1352515,206
1405754,87
1462537,136
1073284,137
1143333,149
1391582,173
1246710,164
1056463,214
1008614,190
1356351,211
1118153,166
1375132,164
1444878,178
1481499,190
1271829,205
1414372,217
1021248,212
1444240,269
1406839,266
1040908,249
1356602,221
1471895,302
1452669,273
1254741,280
1400085,267
1080022,274
1157952,237
1133636,320
1218626,308
1273704,264
1120877,232
1110134,168
1197052,180
1032047,190
1304997,207
1368918,245
1078393,247
1118619,305
1411856,242
1130724,257
1486220,217
1351735,385
1004481,413
1479465,376
1396311,355
1349762,353
1045436,310
1147287,388
1136838,311
1326030,312
1198850,257
1328665,140
1320507,105
1245813,142
1475592,164
1038031,185
1419046,188
1401794,239
1291874,241
1383474,250
1318041,215
1003371,435
1359908,412
1016502,385
1396732,349
1333058,327
1492727,307
1339466,370
1237611,331
1465922,309
1014413,258
1098767,50
1279968,67
1430777,223
1077154,221
1491416,142
1189411,120
1121542,177
1096392,166
1345025,154
1025888,139
1360530,573
1319476,514
1045099,463
1445467,403
1109996,405
1440417,359
1437101,425
1029001,460
1121941,428
1359060,350
1038600,540
1046027,549
1479609,559
1272693,579
1395444,929
1178578,901
1100120,497
1432675,479
1475773,387
1366625,320
1027667,156
1189946,162
1021695,165
1261027,182
1246152,182
1172447,251
1119251,194
1113612,298
1363498,220
1034750,211
1053349,219
1038291,220
1435821,213
1307291,227
1027398,214
1282035,268
1302999,253
1344130,247
1482823,210
1494106,54
1197419,77
1349078,91
1152665,116
1149622,243
1306213,182
1402790,171
1161069,177
1256887,169
1307235,149
1292295,218
1399190,212
1266238,221
1444705,208
1470695,225
1390864,208
1348562,273
1144931,257
1206962,253
1308925,216
1461376,24
1049919,47
1135861,67
1141169,45
1468767,98
1161253,114
1458704,124
1153704,154
1458020,150
1130233,202
1461252,169
1474533,179
1153827,146
1150000,83
1135028,96
1254653,126
1083295,144
1361680,181
1001624,173
1468167,212
1305260,238
1440011,247
1196056,208
1015226,107
1339966,126
1133854,137
1341586,159
1031378,190
1066825,192
1445758,240
1120047,248
1132152,248
1448722,212
1164468,35
1376712,59
1367646,368
1298238,283
1398643,132
1325274,139
1183298,185
1174310,171
1487849,158
1228616,139
1072809,178
1448418,174
1321874,216
1417088,195
1153076,308
1186368,285
1335600,357
1028529,251
1408664,274
1485113,238
1090779,64
1274893,141
1256154,165
1178881,216
1496602,186
1363863,139
1208445,191
1094342,178
1166273,171
1199984,150
1225216,130
1421630,140
1482077,158
1015148,175
1355744,307
1371099,272
1329499,241
1433843,226
1068858,217
1031013,191
1434474,65
1103153,81
1376770,102
1495479,161
1141469,156
1038934,201
1012475,198
1138392,152
1486675,145
1081039,390
1160606,334
1475934,346
1446692,292
1093602,300
1341098,282
1457395,348
1158067,312
1048678,289
1304391,234
1103899,328
1440086,1144
1233427,293
1431673,342
1272569,303
1374065,291
1465484,1254
1033877,1190
1377670,290
1320396,230
1055872,34
1086214,51
1097976,72
1237099,100
1126164,127
1090327,127
1428535,166
1498754,167
1429174,526
1420037,472
1483609,462
1058279,378
1030092,362
1261440,316
1130092,390
1098918,405
1208791,402
1203036,340
1035466,115
1397224,114
1076146,132
1448564,117
1194817,189
1480765,193
1183307,305
1219991,302
1361881,291
1142410,240
1133931,95
1252838,119
1142162,139
1376318,170
1081486,171
1363674,216
1449824,227
1353652,227
1234686,199
1407930,44
1262868,66
1122970,91
1044940,120
1381660,152
1252882,158
1369127,210
1055591,212
1288550,207
1265645,181
1067356,1057
1282200,899
1137357,836
1396043,697
1269970,604
1350440,529
1308326,609
1242087,622
1043619,666
1222185,532
1270686,24
1184845,48
1330894,71
1067964,99
1300660,132
1305187,131
1211863,154
1476145,157
1313695,144
1009224,180
1440261,189
1226702,210
1100074,209
1394039,387
1013085,286
1200472,278
1309177,275
1410555,264
1454059,230
1178356,150
1117913,1409
1170183,258
1484069,170
1227336,211
1271122,193
1128406,1163
1413258,954
1356382,235
1057904,197
1402145,469
1475657,470
1467695,487
1147970,450
1378850,388
1121390,366
1237926,444
1492615,442
1006586,466
1000914,393
1253128,70
1037684,104
1482036,125
1405609,166
1116488,133
1102348,47
1223837,88
1160879,87
1018065,144
1207162,152
1368739,200
1126912,205
1331346,193
1154903,175
1207416,496
1387833,459
1149195,469
1482011,538
1255519,961
1230230,808
1453288,539
1313222,465
1179829,1637
1381272,1335
1220305,40
1262942,105
1331634,147
1256019,184
1209053,149
1495820,121
1224577,173
1424443,174
1137664,168
1496575,148
1309366,94
1193003,79
1030480,92
1006018,94
1100845,132
1129615,173
1452758,163
1464006,279
1110657,255
1237923,234
1322369,225
1201860,251
1293914,229
1030911,290
1248673,268
1117487,254
1062083,230
1034224,53
1214264,359
1252968,286
1281877,141
1055267,138
1450619,161
1140133,137
1381871,266
1208129,258
1294110,260
1393207,246
1361224,250
1071035,238
1008040,304
1280618,280
1225125,268
1340348,224
1133718,33
1442140,56
1205338,77
1209426,103
1373086,130
1422131,128
1303565,154
1421454,157
1119550,145
1004410,91
1054492,108
1029733,128
1177231,150
1456961,182
1015288,183
1077552,233
1488566,237
1184657,242
1399814,208
1205618,313
1156440,311
1069575,259
1049835,265
1208125,265
1092107,253
1246248,312
1200152,326
1183897,322
1391457,263
1077080,294
1235413,314
1363192,352
1294031,275
1340407,282
1009810,280
1207212,351
1484000,282
1466931,312
1049774,244
1493390,81
1107738,95
1354760,112
1152740,137
1488573,163
1254335,166
1277416,214
1495339,219
1269606,210
1467660,186
1261758,155
1383028,162
1100816,166
1011186,184
1167614,347
1487942,284
1095222,268
1061572,247
1165313,235
1237510,209
1439251,71
1202885,127
1495109,142
1287808,138
1135792,168
1336861,160
1161565,222
1106260,184
1410886,201
1282451,170
1062042,50
1091060,74
1349895,120
1094183,119
1245680,154
1225773,163
1487581,215
1476033,220
1081813,214
1417238,190
1455516,237
1136179,257
1406428,272
1367101,253
1003446,257
1222905,240
1130480,306
1444668,269
1194100,265
1009225,232
1405077,121
1059635,121
1271568,136
1244089,163
1265246,249
1266540,238
1448665,278
1229877,195
1213424,218
1385344,222
1078717,783
1042405,682
1164413,618
1161731,595
1413059,531
1369957,488
1087168,580
1367814,459
1271501,417
1102552,341
1234697,139
1112506,93
1359586,126
1341593,157
1216771,182
1416809,179
1460059,227
1327917,241
1452772,246
1142843,211
1230871,462
1438599,437
1304303,418
1459823,380
1179762,359
1200300,337
1268189,402
1186251,361
1145216,331
1056319,272
1270356,235
1295495,196
1110276,141
1085916,147
1175672,130
1420970,54
1146248,71
1493195,93
1062944,125
1242833,151
1468396,151
1278331,202
1177901,200
1439633,151
1239742,341
1463605,321
1115062,303
1080694,298
1403223,281
1058371,265
1260035,342
1119877,334
1364771,323
1309451,257
1091337,357
1067887,386
1381756,356
1208306,386
1275036,441
1372659,416
1293301,372
1242985,326
1498374,298
1397018,256
1325001,82
1166942,106
1279987,127
1161127,148
1305115,173
1417280,183
1177789,205
1314218,231
1184287,237
1389191,197
1468082,284
1288867,250
1441255,254
1214742,246
1441994,249
1247355,234
1281129,291
1135082,275
1180798,265
1014022,232
1064715,31
1222096,53
1331278,73
1308134,98
1282672,183
1285191,157
1067610,160
1450588,163
1130786,161
1249067,193
1353480,183
1009158,199
1310983,209
1397538,221
1114236,200
1307389,267
1488789,246
1247508,237
1174313,194
1458394,18
1410058,120
1259885,135
1372618,40
1356431,78
1310702,99
1193664,114
1033546,137
1282739,184
1256432,160
1038203,136
1386720,88
1230317,95
1426825,129
1095464,172
1407626,204
1499434,228
1091316,227
1359888,181
1303070,122
1218776,132
1421988,147
1069629,174
1024500,194
1496161,193
1499073,237
1201097,242
1481016,247
1010567,204
1300533,54
1135306,200
1191685,162
1411826,132
1240720,125
1024033,175
1197503,160
1299438,51
1144255,70
1215569,93
1011286,119
1023628,171
1190645,229
1461607,180
1083166,201
1230195,178
1036190,47
1268737,84
1064545,130
1261566,167
1444737,165
1223485,121
1140087,176
1012078,173
1086440,168
1256557,150
1211267,126
1361772,140
1486238,158
1299905,178
1312920,227
1364559,215
1368295,234
1371908,225
1279456,223
1006430,186
1350437,351
1239916,326
1385485,323
1405350,289
1132871,281
1379933,275
1095292,341
1292161,295
1099989,277
1210814,226
1323236,345
1366790,905
1411775,276
1360888,300
1145757,307
1498106,286
1334795,1444
1465746,973
1268625,287
1431795,232
1390196,22
1071864,42
1431774,142
1421532,366
1028461,339
1275186,334
1193030,294
1103832,303
1464245,279
1154085,338
1483205,344
1212985,326
1078587,258
1249518,101
1402512,84
1471457,120
1073637,153
1487515,137
1146888,186
1344425,267
1205825,246
1079675,255
1278487,155
1162091,119
1485716,135
1123773,147
1315565,172
1344422,189
1371858,190
1356796,235
1414563,238
1394323,243
1469547,201
1184440,39
1382956,66
1365266,88
1251220,114
1243970,147
1256599,153
1439037,203
1251058,209
1035192,203
1366948,179
1001412,493
1389027,481
1406711,429
1070287,405
1084653,408
1137633,374
1233884,451
1315294,431
1282318,414
1206406,332
1178015,90
1411070,195
1011507,193
1043439,207
1174150,204
1142750,341
1368289,263
1334468,266
1227184,247
1203740,240
1250707,209
1211901,163
1131553,956
1237309,124
1096812,162
1200160,186
1308355,179
1166147,1184
1387365,756
1210136,211
1090451,184
1495114,259
1438706,260
1352093,249
1422053,257
1332317,275
1178329,259
1467909,327
1347977,327
1445235,324
1365395,245
1218158,45
1053275,63
1387243,79
1340776,99
1232517,128
1431745,162
1409084,161
1238567,137
1332352,30
1056398,70
1458594,91
1165358,127
1215907,127
1048759,168
1073586,176
1461970,172
1139288,154
1364414,308
1063313,280
1101076,279
1187916,276
1400819,807
1451604,506
1378838,361
1402916,318
1027653,1053
1301859,951
1184567,30
1008654,77
1446086,100
1014434,156
1068604,156
1288249,120
1389080,152
1153559,156
1329008,68
1305198,58
1491765,80
1154973,89
1484482,134
1223398,134
1181412,169
1229754,149
1416643,251
1472800,248
1439087,236
1049933,235
1021975,242
1289229,225
1143368,288
1147171,261
1110507,258
1419295,224
1283293,32
1213221,283
1479763,243
1318333,131
1391833,130
1177177,180
1239490,165
1151322,153
1354125,135
1251542,198
1002198,197
1182114,218
1317797,203
1099240,227
1147027,218
1387532,288
1337131,257
1122711,245
1025876,200
1050592,33
1140398,56
1222795,75
1076157,100
1234963,131
1412995,131
1384852,169
1012906,172
1409929,166
1314185,151
1089683,157
1268696,170
1242095,176
1265774,189
1071735,213
1308362,208
1096086,253
1215049,256
1041134,253
1187872,212
1271646,164
1304503,162
1464644,171
1415679,181
1177460,212
1499858,199
1301887,264
1020443,261
1464381,268
1291113,208
1015560,449
1041893,269
1418371,295
1135509,281
1314498,260
1059275,264
1029762,325
1489207,284
1493103,272
1240314,233
1127292,35
1110530,61
1163817,79
1407890,110
1467062,142
1234965,185
1321783,187
1349364,191
1342102,168
1180457,211
1144924,208
1106874,222
1066372,218
1297157,356
1359349,268
1186984,269
1171282,262
1392045,251
1236497,217
1211448,67
1294685,104
1058284,118
1027595,132
1497001,159
1211478,150
1270199,201
1252414,169
1476428,174
1352942,145
1072941,46
1205668,70
1034901,89
1230021,135
1375305,188
1241472,194
1479790,195
1196151,172
1148182,281
1079479,318
1093571,323
1241585,293
1011801,291
1006238,258
1381531,336
1032631,288
1111856,281
1010402,238
1188409,29
1253465,55
1364047,78
1438407,149
1369768,165
1109523,221
1365702,177
1385875,200
1340798,179
1391392,370
1049233,354
1369730,348
1115309,353
1223995,345
1026616,317
1377442,402
1113981,308
1396513,310
1018206,244
1488237,72
1042330,113
1210286,174
1097524,194
1430200,200
1304771,176
1449013,450
1303892,444
1059770,412
1014749,363
1375882,337
1155784,321
1295753,389
1228425,351
1024113,332
1306885,267
1244005,32
1293359,190
1015816,189
1434478,129
1360908,123
1070701,171
1334443,380
1343145,229
1117345,242
1088047,258
1339590,259
1498193,225
1001062,338
1329524,305
1151507,303
1302668,237
1331816,213
1360289,204
1442400,193
1148661,191
1446413,441
1026328,408
1042450,322
1031516,209
1257318,227
1157812,184
1212040,132
1451556,141
1346851,140
1046242,160
1228211,185
1458620,177
1473716,232
1157852,218
1185048,217
1309272,187
1483429,50
1043719,75
1302279,97
1371110,169
1355822,153
1404951,153
1053730,137
1010218,139
1202683,146
1228604,175
1140034,204
1316768,182
1108944,237
1393643,227
1488743,226
1443959,181
1262825,41
1307828,114
1182352,133
1381638,73
1313863,83
1316934,105
1486656,135
1280956,171
1093956,151
1200158,162
1144617,149
1249151,17
1387003,42
1068151,116
1145192,139
1019300,48
1027883,75
1055295,106
1442130,151
1065230,160
1358044,217
1373810,180
1199192,52
1223894,71
1297394,99
1305104,140
1109213,155
1183920,122
1020603,168
1324824,166
1280934,158
1077308,146
1481863,73
1007957,86
1339071,106
1169545,129
1365154,178
1170147,179
1423554,202
1478005,192
1073474,186
1432644,159
1451189,195
1319974,193
1075761,202
1327287,187
1316742,212
1052054,203
1271387,266
1318938,238
1337499,224
1011067,188
1135341,230
1222330,532
1020208,215
1092468,233
1289204,262
1370281,229
1315725,1168
1343984,707
1254687,231
1311762,202
1468256,121
1241732,180
1268097,126
1116853,153
1166592,167
1144994,184
1435366,167
1409185,229
1186891,216
1468882,229
1042127,185
1451380,52
1189023,72
1461090,95
1481882,120
1378385,151
1374425,156
1099673,189
1252862,195
1218015,172
1497813,427
1094690,438
1152196,412
1003610,395
1479704,357
1068127,369
1222762,441
1324076,392
1473003,420
1343036,362
1195504,39
1265192,79
1391916,95
1117970,111
1334075,134
1241599,184
1033182,181
1063335,216
1247373,194
1201329,193
1204591,165
1205389,75
1497052,512
1253644,132
1183386,124
1493328,160
1413701,152
1105691,889
1055151,543
1020087,178
1489983,168
1008981,267
1480916,305
1174520,278
1408456,287
1103391,306
1108102,296
1108547,356
1238197,317
1043675,355
1268656,281
1349650,32
1349515,53
1172039,77
1211613,92
1407466,123
1293997,143
1097574,127
1426499,23
1136386,95
1175313,120
1280040,123
1113557,169
1167651,165
1103745,160
1078400,150
1268218,264
1058122,272
1207997,283
1148911,252
1419809,694
1397824,602
1295121,344
1132197,303
1217059,910
1375917,601
1306328,37
1393921,62
1065989,81
1156779,133
1475586,149
1230085,135
1402888,50
1262107,69
1165440,86
1439872,127
1262098,147
1383733,124
1397334,146
1366713,143
1286305,157
1006243,178
1261020,200
1279885,188
1281283,246
1040223,226
1134676,221
1418998,188
1458189,125
1038003,133
1478214,133
1093346,118
1117929,78
1404071,100
1157917,119
1193704,151
1211792,179
1445638,173
1408825,223
1235778,200
1328196,202
1173310,172
1496802,48
1348096,125
1468251,121
1463160,160
1181627,159
1035323,159
1157473,105
1082120,135
1311644,129
1403849,159
1030973,181
1294107,166
1136233,224
1226958,222
1189088,227
1427596,188
1248502,392
1275605,413
1277097,424
1071792,367
1143304,341
1419745,327
1395178,385
1490842,340
1211335,319
1078987,273
1313185,70
1268956,118
1231863,86
1180672,101
1320094,118
1443667,142
1012943,186
1334448,181
1291911,217
1425808,195
1205259,196
1295164,168
1308175,69
1370405,87
1282792,101
1432249,118
1001655,145
1433288,188
1377265,160
1077514,174
1366276,54
1398540,76
1313557,97
1027599,125
1161401,155
1275190,164
1232986,211
1021553,213
1486782,206
1164083,180
1357661,249
1319382,246
1364660,280
1461293,250
1415413,258
1145327,235
1345207,319
1338642,287
1155695,272
1395102,238
1086984,35
1445161,65
1358903,86
1040402,115
1486092,158
1447947,170
1475790,221
1471246,182
1237169,201
1197885,176
1075943,209
1096442,229
1142841,226
1291558,246
1176446,258
1483366,214
1455302,280
1166094,227
1007265,240
1070372,180
1053804,58
1227588,53
1441375,90
1412656,116
1467462,148
1295378,188
1370534,194
1054541,202
1316692,173
1495032,141
1458343,164
1382652,166
1170520,175
1474124,187
1488816,186
1235127,247
1008418,209
1289314,203
1470891,175
1348889,15
1154829,88
1384196,113
1306515,119
1017067,157
1190728,484
1122286,441
1435775,415
1320899,375
1036809,370
1496763,342
1131538,408
1318282,444
1363101,416
1076052,337
1205256,557
1305186,540
1131831,504
1198452,466
1267199,845
1158066,731
1061242,499
1429684,428
1425949,395
1103470,343
1149088,347
1065238,356
1343697,308
1075666,329
1049332,324
1098357,309
1318694,349
1269402,347
1100430,343
1254841,278
1217878,139
1482713,141
1356321,155
1070528,171
1339004,187
1448727,182
1208422,235
1280808,236
1010670,231
1175851,199
1158507,50
1215713,67
1116456,91
1059102,114
1134168,239
1182924,183
1065507,169
1485305,176
1317467,168
1464615,148
1106508,165
1154157,165
1238399,176
1378815,186
1442340,211
1109352,193
1494813,251
1150862,241
1491323,246
1243524,208
1154390,22
1025514,66
1345499,126
1427225,121
1332354,82
1181409,128
1174194,144
1476979,146
1100732,174
1214733,160
1471144,215
1000187,176
1133779,188
1496005,166
1386755,360
1183033,342
1206094,352
1423546,442
1202896,405
1125038,326
1244936,411
1367021,480
1441592,412
1011620,329
1491160,80
1097281,99
1133994,117
1449596,146
1061666,177
1284544,179
1198144,226
1330348,233
1255123,237
1149007,203
1056047,41
1165483,65
1477841,360
1314848,309
1274780,133
1128321,137
1170029,160
1426318,158
1414178,144
1312357,111
1079199,123
1443865,144
1069717,159
1331934,226
1107151,288
1193708,293
1435293,226
1271891,228
1070444,202
1115383,78
1468137,185
1222703,168
1183120,241
1466677,198
1288363,134
1009315,193
1387250,183
1375589,184
1398464,160
1446632,147
1383245,147
1465945,164
1335462,171
1036403,278
1486367,242
1367873,234
1339617,221
1067651,220
1173991,186
1445432,62
1450298,102
1054815,134
1432609,160
1055289,159
1230087,204
1190688,201
1284979,157
1090382,148
1276630,453
1229533,390
1367722,382
1168617,319
1268563,320
1312594,303
1392051,369
1118654,330
1207039,302
1220371,242
1068999,415
1140321,1384
1200100,340
1223618,411
1421303,399
1154848,340
1199454,1767
1216781,1476
1089356,349
1174345,266
1394582,23
1481387,53
1073171,76
1068236,122
1266223,130
1057929,158
1456769,558
1230032,490
1268149,459
1388306,395
1124599,378
1339069,338
1049350,397
1342306,426
1246717,414
1147802,352
1299563,470
1229149,452
1213565,365
1335791,358
1185320,363
1090346,348
1103112,417
1371505,349
1362932,517
1390394,411
1011505,62
1471059,81
1199518,100
1047470,130
1105399,165
1071892,169
1125120,209
1077092,220
1333879,222
1076556,193
1075661,87
1047450,122
1373247,177
1240059,149
1000748,211
1320186,217
1365852,210
1472456,188
1106809,1036
1318582,1042
1438968,905
1361549,737
1057783,639
1004386,567
1315211,668
1428093,701
1163409,656
1040148,547
1252762,20
1106173,42
1144801,94
1027413,128
1321282,138
1228341,251
1363066,255
1172793,258
1246739,250
1093307,442
1412731,344
1425925,308
1228645,283
1076130,272
1074690,239
1370340,119
1446737,1385
1308118,152
1016936,192
1045999,210
1498872,189
1484932,1493
1403279,1153
1336453,250
1412376,188
1353415,589
1460235,632
1445553,563
1447369,540
1028990,471
1184922,414
1153898,542
1198610,522
1079437,444
1472394,357
1269365,45
1350519,72
1210918,99
1199788,115
1022092,141
1446920,138
1399913,180
1320053,175
1051225,167
1025401,151
1087675,52
1202724,60
1430923,81
1477208,105
1499767,145
1252468,143
1416927,180
1189918,181
1408983,183
1426060,164
1402675,589
1136265,546
1372264,552
1358297,492
1273291,1303
1442423,1117
1400040,518
1094162,468
1285324,1618
1394930,1286
1118490,49
1407007,123
1416211,116
1035322,184
1284600,166
1437468,123
1333953,179
1188932,175
1284311,171
1071854,151
1275536,103
1212852,85
1052678,82
1495323,95
1437219,124
1006087,284
1365677,265
1247434,253
1133192,233
1076769,257
1064194,231
1166910,287
1021413,272
1486243,269
1094528,233
1081138,57
1480419,396
1274066,288
1208290,136
1161914,141
1387841,188
1192549,169
1463256,163
1130627,138
1149775,329
1440024,301
1315773,312
1209109,308
1292547,293
1370307,278
1053860,347
1010398,308
1264859,296
1041529,244
1255799,36
1169305,60
1259815,82
1285901,106
1255690,135
1231986,134
1189783,172
1029982,170
1014155,169
1230263,68
1356234,86
1406832,106
1223170,134
1082570,167
1291460,172
1454651,215
1103851,227
1405218,228
1145032,202
1368715,319
1313982,317
1430625,300
1499731,356
1171657,346
1100507,331
1281814,383
1157707,379
1063227,369
1142405,307
1487221,215
1294443,252
1350731,257
1465065,256
1135508,234
1408826,235
1134711,297
1372355,267
1267073,272
1176281,219
1009975,65
1118236,89
1417628,109
1452920,134
1001425,185
1264890,144
1330041,212
1009331,215
1052528,206
1226125,184
1415161,161
1378355,160
1360766,176
1077952,182
1416031,304
1468541,250
1152380,246
1110478,240
1358068,228
1263993,200
1336730,109
1366938,179
1255590,166
1224012,177
1034565,198
1477986,185
1128826,252
1174307,199
1100873,216
1261480,173
1394741,73
1280982,95
1302103,112
1364546,156
1116564,155
1334387,169
1250606,258
1404482,196
1379887,221
1235095,195
1493917,301
1454261,329
1289707,331
1412987,288
1415928,314
1440190,270
1036613,346
1067502,313
1122463,292
1417728,263
1370120,83
1422221,101
1110747,123
1427960,147
1030226,289
1024822,271
1216003,332
1113104,205
1250210,224
1087198,198
1268579,818
1493246,706
1001078,594
1182492,582
1181111,537
1104288,463
1163574,566
1270201,434
1395431,396
1208254,336
1005154,338
1497165,149
1228974,168
1331336,184
1262992,214
1135041,207
1297570,255
1413110,265
1158052,270
1398579,229
1204388,528
1403497,498
1238372,463
1379979,395
1423085,367
1421718,350
1164086,418
1276724,372
1256991,339
1311616,292
1278396,41
1466102,60
1266200,245
1017736,256
1010615,130
1201367,131
1325701,178
1176563,163
1057329,137
1159457,67
1236521,92
1429989,123
1386785,152
1289858,155
1062235,198
1426016,196
1128705,150
1173801,143
1003367,286
1028838,195
1351864,210
1397932,222
1020398,233
1198928,208
1489710,280
1469373,274
1466874,270
1115459,219
1474319,258
1385096,268
1310846,275
1396501,260
1079083,916
1331772,579
1357329,337
1084641,269
1447721,253
1418429,224
1332886,103
1425258,109
1268577,134
1234680,153
1047888,182
1034989,189
1205178,237
1210375,223
1451900,214
1444837,185
1279830,33
1325920,55
1197346,74
1429177,100
1457124,180
1006400,184
1131539,162
1231939,155
1442439,141
1080327,84
1006454,93
1272369,110
1172167,150
1056647,167
1470064,162
1382964,219
1041090,223
1365341,205
1197741,201
1265086,67
1025507,97
1337756,129
1414441,127
1359350,164
1017068,155
1346333,141
1139636,32
1311646,60
1313410,129
1143282,123
1433094,166
1271999,161
1233889,57
1162125,69
1014856,252
1487099,222
1423099,136
1386823,135
1012293,154
1046847,154
1254043,136
1488174,77
1305399,99
1207940,124
1460712,172
1296610,175
1323323,230
1231970,195
1323329,208
1312264,184
1226350,67
1167345,90
1061654,107
1218300,161
1021754,170
1260202,130
1478629,179
1282500,174
1143492,164
1296537,152
1491817,155
1236541,145
1435363,153
1364798,177
1019894,219
1158989,209
1167619,236
1365428,222
1307258,220
1090656,182
1494561,74
1060853,87
1401384,108
1213006,123
1040424,153
1467724,148
1154131,191
1172007,179
1157530,163
1240791,205
1399973,206
1476518,203
1143346,201
1107324,220
1090739,213
1116922,260
1174553,233
1268473,230
1278195,189
1333707,424
1110292,653
1197580,364
1301394,349
1292157,364
1088390,329
1308041,1096
1090223,719
1402826,319
1303923,262
1103146,25
1183926,96
1464530,114
1018488,138
1239986,141
1138796,130
1036193,197
1286961,151
1367592,164
1164085,164
1469544,194
1257007,175
1354912,239
1036445,231
1318405,237
1483334,203
1160511,95
1049364,114
1361089,129
1498268,152
1243089,178
1057687,178
1278925,227
1200813,224
1029236,223
1298996,191
1352373,595
1145134,629
1285247,499
1485963,464
1410494,464
1194947,406
1479842,548
1141874,479
1219813,447
1020182,361
1469038,62
1478388,126
1301661,198
1209721,199
1470110,198
1260568,206
1366712,238
1063924,209
1209955,262
1074154,234
1416019,228
1039342,195
1266311,235
1036751,549
1482256,240
1279507,224
1283752,229
1047164,243
1361501,1012
1168500,660
1287087,238
1338978,203
1243030,404
1342622,394
1474891,378
1107378,433
1120819,365
1195282,335
1335120,466
1377332,399
1318602,445
1106208,307
1140411,51
1109072,68
1334308,91
1063638,136
1405532,169
1360411,126
1030666,55
1039447,72
1408990,91
1160540,128
1202321,132
1105638,149
1071851,131
1319327,47
1077816,60
1147355,74
1423096,101
1152289,134
1490790,128
1443298,173
1292453,178
1433070,168
1224601,155
1078845,373
1486614,369
1407632,376
1492844,345
1279914,1071
1216593,890
1328013,425
1439928,367
1216659,1004
1042279,700
1353682,33
1012255,67
1288892,94
1059605,135
1471499,163
1211375,123
1401429,167
1234238,164
1141019,158
1339243,148
1065243,50
1087717,63
1266842,78
1373847,89
1091380,134
1214073,151
1058764,149
1227612,135
1013373,137
1384974,134
1022529,154
1312426,164
1271890,193
1485813,187
1098649,241
1299861,221
1389595,217
1499162,192
1342250,27
1304171,173
1147881,171
1296614,128
1428090,125
1317898,143
1032701,145
1227283,130
1098073,163
1291511,182
1482488,181
1497978,193
1173007,215
1158796,210
1313035,249
1416376,236
1472372,222
1185689,191
1162498,32
1132304,55
1447875,73
1248758,100
1266463,130
1057655,131
1159054,167
1356535,165
1350253,164
1033531,148
1041420,188
1198108,196
1027212,187
1475322,207
1172141,273
1393742,242
1266346,276
1377521,270
1400997,275
1019222,213
1200921,239
1033908,274
1018332,285
1248754,266
1230538,259
1317270,258
1123969,315
1336390,288
1233276,281
1064304,238
1440680,56
1460672,78
1216744,96
1235794,123
1226151,153
1319892,162
1222758,192
1326527,196
1004505,175
1212716,122
1275664,128
1098504,141
1452295,158
1149279,204
1218556,199
1411529,234
1354563,214
1322625,209
1294117,184
1410028,58
1036232,82
1455107,106
1421652,118
1494678,153
1296401,147
1160998,190
1056097,171
1356467,177
1412784,153
1067429,124
1334969,139
1411562,154
1475191,174
1188752,194
1296548,191
1272906,245
1123142,239
1286263,237
1433634,206
1144693,242
1032662,265
1370978,268
1122083,256
1211601,260
1357283,242
1194866,302
1287568,271
1268488,265
1129395,233
1177184,80
1070083,95
1297768,125
1350667,148
1333592,251
1425926,200
1293905,252
1462420,200
1209830,212
1334845,189
1387633,316
1247743,331
1117537,313
1079065,289
1180290,303
1415350,265
1206483,332
1339817,272
1295357,259
1340117,212
1132769,145
1199188,72
1169788,118
1423621,139
1018563,164
1080853,184
1285450,220
1326234,224
1132323,223
1222544,191
1433611,371
1186967,358
1173866,347
1448932,315
1229078,307
1232693,290
1391815,336
1386900,289
1404957,280
1415551,236
1079171,28
1263378,50
1169912,173
1058707,152
1395362,128
1225413,137
1084326,125
1150748,48
1040838,70
1451834,112
1375324,143
1203305,178
1276111,165
1089354,154
1456270,145
1231504,433
1430097,430
1162031,403
1272750,349
1320907,352
1061083,314
1349906,421
1368565,399
1056508,384
1176726,300
1057026,630
1090905,585
1041602,555
1473384,502
1247041,1205
1006972,857
1112156,528
1014063,455
1257761,408
1337096,353
1020633,200
1384720,216
1351858,221
1458481,216
1458802,246
1166438,242
1427174,303
1063469,300
1284641,275
1057638,238
1176123,98
1053426,117
1362188,127
1472327,151
1206366,181
1257964,168
1480277,220
1465217,213
1284838,213
1319585,188
1181839,73
1131518,86
1268768,106
1391032,128
1260481,233
1069609,184
1324346,177
1046579,182
1232070,175
1173143,155
1267634,64
1465123,84
1362254,101
1237389,124
1466483,151
1041421,151
1060615,205
1326935,205
1421533,198
1069064,176
1232845,44
1061266,68
1496650,85
1276290,111
1184775,143
1404104,142
1216877,184
1288726,180
1006248,177
1019604,157
1462054,56
1155430,99
1116479,125
1178750,140
1332949,196
1119799,164
1357303,178
1417777,154
1137724,190
1423011,196
1438518,201
1018827,193
1429932,227
1294970,227
1273324,280
1153382,271
1262708,273
1061420,220
1129706,104
1025300,117
1412369,129
1125357,158
1389049,189
1488501,189
1132673,240
1448288,248
1469785,249
1424009,214
1005733,51
1199112,79
1147013,367
1154039,287
1270940,142
1250143,142
1427638,167
1047461,163
1054157,144
1429640,314
1419037,319
1031315,303
1456519,285
1238858,338
1433450,324
1273195,391
1388619,305
1433284,312
1207528,276
1020914,109
1184809,207
1101299,192
1049974,206
1307058,185
1402432,147
1330573,210
1093878,204
1170942,200
1136234,171
1336913,83
1481273,104
1232719,123
1297029,141
1227586,217
1138532,201
1217013,221
1257492,207
1166466,200
1461892,174
1157087,126
1338101,130
1028066,150
1198902,175
1272992,202
1445613,190
1106028,242
1072843,210
1074625,172
1110407,156
1399261,385
1454243,353
1091379,364
1409591,296
1225625,311
1298752,294
1386787,359
1391503,325
1099252,291
1144316,241
1171130,523
1365329,1449
1171863,453
1473197,475
1274263,409
1277137,369
1156522,1774
1387414,1477
1134038,370
1081483,294
1133643,43
1308370,60
1306499,78
1443284,108
1244740,132
1431655,134
1348094,150
1373197,143
1175329,420
1224703,405
1300896,391
1445437,334
1408590,326
1180221,304
1328800,364
1238224,368
1445032,366
1433797,299
1418017,212
1265394,209
1446150,210
1203063,200
1112304,243
1087179,216
1393208,248
1437433,325
1083339,275
1010307,221
1443244,55
1186542,80
1191341,100
1206576,130
1400158,159
1415414,171
1225162,210
1375215,220
1152899,217
1484953,191
1154169,143
1107329,152
1108464,167
1143995,193
1134896,200
1279926,198
1414764,262
1321694,246
1220511,236
1103032,210
1240615,1361
1397490,1228
1355088,1017
1401705,821
1422185,736
1390157,664
1460838,730
1377519,724
1310657,651
1491023,574
1035528,41
1244162,64
1335442,81
1034995,138
1299500,136
1483231,175
1361035,175
1042151,171
1169768,156
1074099,258
1489678,275
1028985,273
1049598,261
1240507,416
1263294,326
1318084,314
1484213,293
1383207,283
1235435,241
1242759,208
1038515,1321
1434725,185
1076706,209
1053052,233
1321083,217
1173318,1429
1011628,948
1449610,247
1293946,207
1125250,697
1037647,736
1138222,631
1266103,616
1003947,529
1348210,497
1145349,613
1373036,597
1309199,551
1171211,447
1276632,78
1006869,85
1490016,105
1367690,121
1200641,150
1317691,187
1378510,181
1197398,175
1460062,154
1432590,34
1107995,59
1311380,129
1140546,162
1303417,187
1154781,167
1322706,155
1489068,895
1064789,780
1178264,731
1482167,675
1414147,1451
1318708,1092
1457640,601
1496743,555
1439487,1578
1117036,1325
1464172,63
1204098,114
1014795,136
1420298,182
1412351,158
1107519,129
1286582,193
1201131,185
1253449,182
1233036,156
1062376,107
1399544,94
1130725,99
1066832,105
1175537,151
1320313,147
1416932,185
1474917,186
1134238,162
1397808,166
1149154,149
1274284,173
1414652,181
1357536,196
1225370,189
1383879,243
1418145,231
1400390,225
1422708,205
1198571,66
1181119,278
1249298,249
1419601,143
1119650,137
1409495,184
1327005,170
1303327,162
1080254,141
1414658,205
1474459,206
1272721,220
1174028,218
1484299,233
1319711,221
1457607,287
1167481,262
1471887,258
1456063,211
1321067,104
1232285,126
1342696,134
1389072,153
1057764,154
1108277,204
1123242,195
1294566,185
1476847,165
1414426,85
1143644,105
1022628,122
1271798,149
1296135,180
1245834,184
1195290,232
1001552,239
1207003,240
1143977,208
1049986,581
1058080,552
1385476,513
1197433,456
1157667,431
1462354,411
1447886,480
1414248,464
1071904,438
1233401,372
1048213,222
1447792,252
1422192,259
1333331,257
1345321,265
1359424,240
1188609,318
1351203,272
1121215,278
1325999,226
1055041,217
1260187,213
1372516,227
1478820,220
1281981,235
1170276,232
1352878,275
1086413,269
1174609,261
1210516,221
1216868,176
1312485,160
1114376,176
1214610,180
1092849,289
1423702,235
1067336,247
1112246,237
1128675,236
1260223,203
1064865,78
1010319,137
1398591,139
1301497,141
1221429,173
1387628,162
1065479,214
1374782,179
1064336,192
1402535,162
1378097,212
1052288,230
1280063,232
1488358,244
1146421,247
1261997,243
1273271,298
1379056,286
1320666,276
1282552,236
1012356,187
1280965,215
1067057,235
1007605,241
1292992,258
1478678,235
1251025,306
1134701,264
1225717,268
1238986,222
1193124,302
1056666,291
1312685,290
1336457,275
1454072,327
1360725,314
1070791,377
1284859,286
1000502,295
1091118,257
1310137,811
1303810,687
1277815,619
1239684,584
1244622,530
1417395,465
1301940,572
1209454,446
1280610,421
1110072,346
1315006,396
1274070,205
1460463,214
1180088,225
1086621,264
1199102,232
1263657,287
1354041,287
1270384,278
1270266,244
1388270,523
1206660,471
1347411,451
1130577,387
1218895,365
1188923,347
1420775,418
1264839,369
1131282,343
1289857,293
1187232,45
1154629,67
1071327,333
1104104,259
1424002,132
1278069,137
1162475,183
1315112,170
1278374,162
1156508,141
1221970,123
1039156,134
1013847,149
1269940,175
1249208,197
1032032,189
1381878,238
1179267,215
1103358,174
1031522,157
1441429,413
1205987,363
1126546,357
1062138,322
1168666,331
1428344,332
1192653,358
1025988,375
1092801,359
1466330,340
1253435,338
1003790,319
1407686,303
1386117,615
1041553,553
1160729,368
1105240,305
1275872,291
1064239,257
1129687,169
1037739,198
1342075,167
1480121,196
1102860,192
1483078,172
1004285,302
1069331,291
1434986,277
1305194,118
1124507,127
1348574,143
1265021,163
1134259,186
1124696,171
1475116,235
1214823,225
1395004,218
1238037,192
1128404,50
1234039,69
1204827,90
1152216,116
1302724,213
1323021,170
1003827,170
1145179,176
1072806,167
1101824,147
1327840,133
1489316,133
1191403,158
1162076,164
1079663,185
1018683,184
1134125,241
1097271,233
1341114,217
1302813,193
1200785,49
1214706,70
1095511,124
1226081,48
1368710,87
1312690,99
1047653,115
1189012,150
1469136,184
1302705,156
1017688,171
1398113,143
1362599,307
1120329,335
1301366,334
1002209,356
1240302,319
1233562,268
1110335,343
1348050,319
1058578,337
1335537,252
1098570,54
1073553,73
1044020,94
1165391,47
1204487,64
1472749,347
1244370,279
1437863,131
1336959,131
1394160,179
1131763,165
1063451,157
1140662,136
1288250,97
1157702,106
1107474,125
1128343,146
1101634,206
1119422,207
1023345,275
1298978,210
1207170,228
1312063,201
1383510,65
1393228,102
1417616,121
1129132,208
1301112,165
1333133,126
1177896,185
1183511,177
1474158,172
1043355,152
1023619,80
1486661,101
1130825,119
1046603,139
1129769,213
1104503,208
1340182,219
1488407,206
1280734,196
1153942,171
1473989,246
1292670,256
1256986,258
1164851,232
1093705,248
1181024,231
1398775,297
1177612,259
1208371,246
1414249,203
1452353,306
1024727,918
1275924,260
1174973,293
1336295,299
1407628,280
1215558,1478
1095301,1204
1129955,304
1150712,231
1469299,26
1119669,45
1192004,67
1374612,97
1130206,124
1029916,126
1414039,161
1276937,161
1025011,161
1148633,345
1269822,337
1122710,311
1368824,295
1267281,300
1010516,274
1207782,335
1107897,339
1355123,326
1245170,482
1394634,420
1107583,426
1278108,314
1328969,317
1102011,292
1333022,367
1320534,364
1077386,333
1233535,313
1194207,45
1448370,65
1079356,87
1184629,119
1071294,154
1093908,163
1239978,203
1263128,214
1188114,213
1042781,184
1279275,74
1305159,88
1195872,107
1271171,152
1287009,151
1125745,167
1067289,220
1114177,219
1432227,227
1087470,171
1237947,721
1452835,670
1029462,644
1365321,557
1377892,561
1378346,512
1261333,593
1427333,578
1157382,532
1168967,439
1297182,23
1200350,67
1050596,125
1347479,136
1157094,161
1356002,182
1016138,181
1309641,194
1499969,319
1318960,278
1132759,268
1156703,242
1347366,232
1479828,207
1353276,114
1310745,1036
1259126,134
1399815,162
1479063,188
1280384,177
1273328,1197
1329675,887
1296742,205
1097552,176
1175098,478
1107789,404
1472551,458
1434395,429
1204957,406
1066271,350
1201647,429
1207963,406
1224651,388
1102821,314
1252491,37
1245895,102
1481691,130
1161370,145
1212692,145
1318121,133
1321701,55
1412851,98
1276134,137
1410177,131
1169782,170
1017948,171
1155477,166
1307971,157
1467101,270
1455580,303
1073869,309
1164529,290
1242649,850
1458824,702
1205276,434
1153862,345
1026311,1335
1100814,862
1433607,52
1325788,111
1222062,120
1095953,184
1192192,158
1003275,124
1419391,179
1213380,177
1449132,169
1025691,148
1166120,80
1492774,68
1389720,99
1029230,95
1352343,138
1368955,168
1012363,161
1318880,166
1122068,150
1320801,190
1363348,184
1006930,179
1033851,184
1405700,212
1456057,199
1495295,262
1403913,236
1493423,233
1157998,202
1169405,257
1122567,249
1141716,167
1133958,168
1199519,161
1411918,139
1089046,185
1420568,163
1094571,187
1015407,195
1343753,213
1290825,207
1247241,262
1383868,244
1419894,241
1048220,203
1401237,52
1093184,71
1037033,84
1462031,136
1294471,136
1324469,172
1037484,170
1455758,170
1140449,154
1452600,32
1462180,105
1210051,144
1448582,145
1153239,194
1292579,204
1444618,207
1253969,182
1066074,204
1040567,204
1033848,213
1060668,223
1364029,240
1062630,230
1094506,286
1358659,280
1465329,281
1440816,236
1453624,175
1366879,159
1066766,191
1218935,189
1456740,214
1272288,205
1229915,265
1295433,235
1187828,251
1426162,195
1390856,43
1064665,67
1440509,87
1239126,116
1396561,148
1352708,155
1169282,201
1368073,204
1087742,204
1239602,178
1254600,111
1187584,128
1256962,143
1250767,157
1183162,239
1279361,236
1441846,235
1025243,223
1301264,219
1087640,189
1045918,82
1060939,111
1453084,122
1389584,130
1109929,158
1195022,157
1303129,204
1470042,173
1425214,182
1480181,156
1120639,59
1421206,84
1357988,104
1004611,130
1274230,165
1339747,181
1035696,210
1021984,223
1019163,216
1364760,192
1098207,160
1144332,160
1001298,169
1052493,167
1116984,187
1358488,197
1479481,257
1479982,227
1250243,221
1224186,193
1476141,81
1092873,98
1411938,120
1288977,143
1414035,201
1477480,202
1441461,265
1334203,200
1011084,224
1272016,194
1291804,432
1083211,409
1459930,346
1080771,362
1290984,359
1371092,335
1129462,408
1146886,316
1075732,327
1481125,261
1383646,157
1262046,104
1031233,136
1313003,166
1111253,192
1464277,188
1449649,240
1241310,245
1311108,246
1359316,211
1328056,352
1338235,342
1424127,338
1006231,282
1217979,297
1256515,269
1230515,341
1167123,297
1186034,282
1459062,234
1131248,44
1159026,193
1196992,179
1019725,131
1038502,173
1345899,145
1149789,130
1434408,311
1331367,263
1151568,279
1038126,264
1105246,279
1354383,241
1375571,322
1188956,311
1350405,296
1040755,239
1329810,304
1095638,305
1045471,317
1026941,261
1383816,599
1342743,418
1081079,335
1404092,282
1497047,284
1077049,253
1298757,118
1346606,147
1350474,162
1096561,169
1424462,191
1257115,197
1448606,241
1410308,228
1397778,245
1274838,198
1181744,27
1086282,53
1342834,78
1191933,100
1455688,176
1156031,175
1463066,142
1307453,152
1328288,138
1170261,200
1200413,191
1249578,200
1392101,217
1076983,225
1395094,213
1291487,267
1166161,252
1237836,246
1109620,207
1353433,22
1279339,46
1205295,68
1431212,96
1271186,130
1491686,160
1180510,160
1383885,138
1341913,71
1144509,86
1210738,111
1472270,119
1374106,150
1241273,151
1388278,200
1483740,174
1052572,178
1401309,32
1400990,148
1259749,166
1240225,128
1092082,171
1227429,154
1097232,147
1312352,134
1268573,49
1232796,78
1035942,95
1299417,124
1386090,172
1016464,179
1303501,237
1176686,195
1080504,211
1446354,187
1181712,62
1274821,121
1159957,138
1131022,175
1194633,156
1148248,127
1027752,178
1286552,172
1087904,164
1343655,149
1289665,134
1359744,137
1216979,155
1007979,173
1267184,222
1475359,208
1399772,234
1044288,215
1204605,212
1166180,182
1029581,68
1049770,87
1239437,124
1218181,125
1439193,160
1461309,149
1203974,196
1039123,186
1269935,159
1189136,147
1297968,252
1259331,250
1135133,251
1421534,235
1413771,255
1178643,232
1078554,302
1495417,262
1274485,251
1335756,207
1201137,354
1320497,811
1483134,335
1363331,286
1186216,305
1068689,361
1371487,1356
1379605,1045
1207029,269
1436681,240
1052630,26
1260318,92
1257768,124
1221459,134
1080389,263
1256024,228
1328739,242
1245033,239
1252741,249
1424447,220
1139612,277
1498209,291
1123645,273
1323759,235
1292034,90
1157559,106
1208584,124
1290817,151
1427899,177
1161944,175
1217185,226
1259287,225
1192548,223
1177141,196
1255407,452
1338733,423
1482136,387
1147855,368
1311799,386
1306558,354
1494027,430
1265348,507
1083041,466
1003331,323
1084671,22
1127039,66
1111671,96
1149061,128
1432334,125
1036706,164
1173657,163
1099347,222
1376287,210
1124300,234
1468244,213
1015025,299
1083819,240
1217848,276
1298548,245
1434356,236
1482492,206
1320819,255
1248373,644
1008294,244
1232116,224
1255594,234
1318738,297
1446799,1084
1486944,799
1386805,228
1413768,199
1462608,353
1418346,361
1491979,342
1407308,333
1010422,338
1108134,314
1224076,377
1140817,368
1025411,367
1403656,280
1217471,57
1104854,74
1256148,94
1458926,111
1412413,146
1006284,138
1426761,181
1139068,174
1316420,153
1259792,144
1483645,51
1349724,71
1427122,85
1072907,99
1453758,133
1131668,132
1442229,174
1065535,168
1390209,163
1462612,148
1489860,54
1389663,62
1206646,77
1365027,95
1283496,131
1262779,129
1435474,174
1294014,179
1132104,173
1018393,157
1258354,651
1133666,492
1066784,511
1167841,430
1468687,802
1328290,667
1240567,488
1424215,415
1057722,1092
1349429,698
1053488,44
1058362,81
1281230,100
1053785,153
1324241,165
1039288,129
1386011,181
1143236,179
1233422,170
1272934,159
1242088,46
1209556,50
1052913,75
1266188,124
1249279,124
1125302,154
1272411,143
1039622,136
1075384,220
1332431,228
1141830,224
1032755,225
1183226,238
1444861,224
1465487,283
1116043,256
1155353,257
1394606,212
1211649,35
1338544,52
1206721,225
1213726,196
1121296,131
1341927,125
1126590,173
1017637,159
1116834,149
1179503,133
1158599,199
1218897,199
1144162,229
1191552,212
1419930,236
1068714,221
1034417,280
1153354,250
1402994,241
1174600,198
1067348,52
1000557,71
1141868,99
1193883,130
1477660,128
1374717,151
1005512,157
1481939,143
1194957,111
1209298,119
1491117,137
1021817,160
1238437,195
1088320,185
1353310,244
1151804,252
1275812,253
1152280,196
1253246,258
1210078,312
1364359,316
1015692,288
1200780,288
1473909,258
1114235,335
1035523,295
1060105,284
1130600,242
1409129,42
1150723,82
1181288,113
1303570,171
1076136,176
1496530,156
1131674,164
1262299,160
1213601,168
1300132,187
1305748,271
1087593,216
1494276,256
1004602,230
1218108,225
1485765,191
1369461,85
1332257,129
1208274,136
1084190,145
1054679,172
1381709,162
1006574,210
1100330,192
1459804,196
1074270,169
1323505,167
1159662,184
1458025,194
1453177,208
1314608,220
1134764,208
1150022,267
1086312,277
1465717,234
1279859,214
1134014,245
1472460,264
1492825,273
1415612,284
1019478,264
1059110,243
1204889,315
1169118,277
1451461,267
1112696,233
1236946,93
1434549,116
1120418,136
1403037,183
1144287,254
1358838,232
1290736,264
1259881,193
1401133,216
1126127,193
1169445,439
1004578,393
1179600,401
1308774,342
1302648,355
1319128,304
1088656,370
1299376,302
1292193,299
1305988,240
1015328,166
1459453,77
1051019,115
1321503,139
1055145,166
1234463,170
1010315,215
1374626,223
1186950,223
1285406,192
1318631,287
1250084,286
1307634,279
1149758,264
1067032,253
1434813,255
1002560,313
1156579,281
1396591,263
1392103,221
1249940,21
1425455,43
1154185,119
1015552,157
1082946,123
1286570,118
1254729,64
1006149,81
1412957,105
1252535,113
1339142,149
1442360,143
1303970,191
1111277,179
1317971,155
1003422,147
1270759,473
1251827,353
1441633,344
1246760,322
1077996,322
1059707,288
1256407,367
1046867,352
1336797,344
1335237,269
1089648,226
1237824,210
1443604,218
1315244,200
1254893,506
1019982,367
1395631,284
1498515,256
1233129,220
1478969,210
1429360,59
1120903,83
1255283,109
1228809,123
1257624,170
1066626,178
1383790,214
1236459,207
1158042,196
1110951,180
1094399,33
1171262,81
1216042,103
1040672,187
1164094,197
1290899,167
1362590,169
1436155,143
1141020,104
1137816,121
1268877,143
1177855,155
1418558,183
1134734,179
1325056,233
1145992,222
1049420,213
1362616,186
1384912,113
1473127,59
1323704,89
1329092,99
1245072,110
1238938,131
1084196,144
1442846,158
1025058,39
1428338,115
1090704,132
1320112,124
1297638,119
1337109,167
1385171,100
1155836,106
1234570,224
1066501,197
1306678,233
1115733,204
1166572,147
1442966,227
1460038,182
1193240,178
1434050,151
1129340,182
1182360,185
1478755,192
1287636,199
1439136,296
1311021,230
1483148,246
1084470,234
1177978,225
1199834,198
1210152,19
1281696,43
1051001,145
1056902,144
1386579,243
1252232,243
1392509,245
1473748,222
1194125,241
1452660,235
1313545,301
1220899,262
1176114,245
1368957,198
1290080,558
1089612,1197
1439182,389
1453938,399
1416600,392
1061133,488
1444912,1501
1021121,1046
1317447,321
1115697,276
1439020,18
1161356,42
1359174,62
1181972,120
1140677,121
1254006,134
1249389,393
1144725,224
1024456,250
1333259,245
1158440,245
1245351,220
1209146,296
1336601,284
1229162,277
1147384,229
1202967,69
1266951,109
1123101,110
1397105,151
1451801,157
1410965,209
1132536,212
1089582,206
1009115,176
1443523,235
1163835,217
1494285,230
1318970,236
1230640,268
1350989,255
1469698,319
1157662,326
1365942,325
1241167,246
1474470,41
1199867,62
1410274,93
1424399,118
1275961,117
1123239,185
1300003,177
1142646,193
1406271,197
1081205,345
1272773,249
1107862,259
1445770,237
1114381,230
1415547,201
1160077,226
1091853,703
1330691,490
1415863,208
1334478,224
1141705,406
1420680,1208
1487401,821
1204380,228
1052413,208
1242874,158
1077197,192
1127975,186
1230110,213
1166412,236
1066808,222
1470409,300
1342442,298
1139563,298
1003833,232
1013568,29
1458838,50
1242946,74
1117852,95
1444202,133
1240782,128
1377760,155
1197572,40
1109827,64
1259868,81
1363824,95
1225867,130
1199703,172
1393980,147
1376514,134
1302656,48
1141699,76
1433132,87
1454906,108
1474457,140
1353854,151
1238870,193
1102120,173
1381727,153
1165621,393
1067751,399
1367529,405
1419376,351
1217634,1096
1435817,709
1388704,455
1050100,414
1447978,1315
1223297,964
1057692,53
1208998,108
1142079,128
1114122,176
1348065,173
1123612,131
1147172,189
1449879,173
1410895,158
1474990,141
1462527,47
1486074,50
1393559,68
1126109,126
1454486,125
1483756,158
1138537,140
1325573,75
1051613,92
1191347,122
1459200,130
1119462,170
1353313,167
1265434,226
1338064,214
1391890,220
1094290,174
1494524,136
1122982,182
1247940,157
1492928,137
1447707,314
1306135,288
1375347,315
1210263,278
1031578,282
1224519,266
1094254,329
1331126,294
1412296,282
1464457,219
1429670,55
1048429,79
1266516,130
1064371,125
1010582,168
1279234,165
1140213,163
1462914,148
1028151,89
1078943,111
1254456,129
1282678,149
1182119,182
1430557,179
1044051,237
1372892,237
1120515,239
1489688,196
1247162,460
1272298,393
1423076,399
1080130,352
1053710,337
1164565,308
1205751,382
1210368,341
1260599,319
1121115,276
1198240,164
1144385,155
1437302,165
1132630,177
1101586,281
1091445,228
1295002,218
1448868,217
1435790,190
1431208,118
1431365,140
1385563,150
1087230,154
1471543,184
1097979,165
1256441,218
1444251,194
1213606,206
1296465,177
1269338,48
1196617,73
1158962,95
1378735,123
1249741,150
1350135,159
1431352,213
1267745,214
1257221,176
1045903,431
1168162,353
1199171,370
1192330,317
1026480,297
1359515,283
1183397,362
1352135,321
1263834,301
1219655,258
1104882,52
1064112,72
1103507,92
1359439,117
1362263,167
1115404,179
1495441,234
1263659,189
1492790,203
1472842,180
1220718,195
1035762,213
1005331,220
1144722,237
1375730,246
1053781,226
1221582,283
1101521,212
1464391,219
1118931,183
1402087,62
1267543,45
1031981,76
1131800,107
1226628,134
1429379,182
1084519,194
1054929,200
1111818,175
1127792,226
1148446,209
1099206,221
1109184,207
1229777,220
1297617,219
1237610,279
1069068,252
1090735,235
1383176,199
1318530,107
1349996,117
1102502,131
1079296,340
1264719,325
1431686,317
1320803,305
1011233,305
1377962,269
1192944,345
1405148,344
1405071,326
1123716,248
1453825,356
1309172,343
1227764,354
1149701,306
1030628,669
1058252,612
1491947,365
1494597,312
1401368,299
1435257,256
1475740,94
1441634,99
1473188,140
1453677,172
1138281,173
1365133,228
1201008,186
1221090,202
1252788,197
1312378,124
1121476,131
1452533,149
1151293,178
1048430,188
1078682,178
1174467,238
1076674,235
1054235,225
1438311,197
1172173,27
1211628,52
1114022,72
1119679,96
1098728,177
1402934,164
1022522,158
1190225,160
1280461,185
1042807,172
1403241,174
1184545,199
1338050,210
1026597,193
1451444,262
1001753,245
1244369,242
1114154,205
1251743,91
1216807,146
1044810,134
1329636,39
1292821,80
1107124,105
1295439,145
1052382,140
1108059,188
1292720,167
1149871,173
1133587,144
1411654,90
1217172,84
1447046,83
1367645,104
1001659,188
1228444,232
1433924,257
1371163,240
1408863,197
1477833,37
1283271,60
1257511,82
1159801,115
1099699,152
1378391,159
1419443,203
1302328,217
1455533,215
1466302,186
1216929,192
1314022,155
1313140,111
1224624,144
1401467,147
1352497,133
1448084,50
1362746,73
1267173,92
1105075,122
1307999,183
1488767,184
1040530,248
1131755,189
1492694,206
1027892,182
1099057,47
1225458,112
1010715,132
1387667,189
1346873,182
1408529,123
1164196,179
1067861,171
1286769,166
1310185,146
1112704,107
1055978,126
1093150,141
1332210,161
1045586,222
1399769,210
1428523,224
1056581,210
1447191,206
1384034,178
1137590,23
1263027,47
1396476,72
1393708,102
1098120,134
1146079,132
1176683,178
1236232,174
1043714,139
1112290,136
1315890,332
1251960,326
1344744,330
1285953,284
1222463,284
1380883,269
1155889,338
1190568,295
1429669,274
1351758,221
1122867,474
1428085,1168
1055368,364
1181140,389
1192825,348
1497180,333
1248212,1624
1144793,1195
1361907,309
1307127,268
1296593,63
1288029,93
1136665,114
1374497,138
1038293,138
1113345,405
1129168,365
1156793,351
1095528,312
1306049,303
1282473,277
1316409,345
1394640,353
1009777,346
1386654,277
1154407,113
1423212,110
1413911,146
1007465,187
1392733,182
1343164,209
1114869,241
1399552,248
1208940,179
1112607,67
1040360,88
1119698,120
1325998,154
1147410,159
1305088,202
1158546,215
1323328,214
1158006,181
1119887,32
1165697,59
1403211,116
1443517,121
1014151,675
1374002,645
1417996,543
1141881,511
1219590,480
1373220,448
1355558,539
1042282,518
1323969,480
1480827,431
1181254,19
1150997,43
1379420,94
1033770,133
1451868,118
1108405,217
1481278,206
1127853,223
1069729,225
1028848,390
1201050,288
1278761,283
1182751,255
1494451,251
1346198,209
1367068,189
1393667,1313
1263571,140
1395629,191
1395320,211
1486344,196
1100089,1236
1316600,921
1133091,246
1497480,181
1196661,479
1496261,455
1194929,443
1209119,418
1397954,399
1433003,385
1306725,477
1355897,462
1064394,434
1299518,367
1100813,24
1103179,47
1349648,71
1360039,98
1008284,122
1372827,167
1022366,165
1247275,133
1250692,37
1166812,52
1075237,72
1284106,95
1132690,118
1021330,142
1173609,140
1161832,22
1084054,51
1196971,123
1287686,122
1490438,162
1377459,181
1284858,169
1215512,152
1013410,431
1306922,399
1407650,381
1115185,348
1300326,988
1348608,694
1077818,443
1431835,367
1314817,1426
1066068,1045
1236383,70
1051153,86
1403654,147
1458515,153
1092603,117
1406779,163
1363499,162
1308591,163
1445820,143
1339495,45
1031284,92
1011989,130
1092978,128
1416822,166
1044644,158
1400124,146
1020688,151
1132214,213
1299296,193
1328803,203
1334503,209
1383625,219
1448378,210
1069438,270
1171702,246
1152361,251
1150037,215
1198481,165
1397183,161
1149053,126
1380157,174
1016217,158
1237054,378
1044369,326
1157822,335
1420945,316
1375200,306
1358278,282
1205185,338
1362253,318
1263433,297
1337606,240
1266676,29
1311688,51
1369119,97
1391955,129
1095582,128
1236493,168
1350052,166
1396061,163
1422724,30
1416267,54
1023518,77
1210701,108
1084100,146
1161473,151
1245334,197
1471348,210
1155624,210
1303316,182
1072688,112
1082037,131
1248088,173
1240215,177
1140940,210
1372767,200
1319511,262
1163430,263
1024275,268
1176115,220
1230753,226
1459901,260
1283901,282
1420906,277
1125326,245
1280096,257
1256216,327
1497839,283
1056161,265
1249726,236
1038455,50
1434793,127
1160822,129
1346146,139
1428646,153
1449241,171
1411131,183
1001411,233
1385630,235
1237972,241
1078865,227
1319741,224
1309594,191
1146287,69
1352895,109
1378461,127
1426530,131
1437824,160
1028205,151
1326348,205
1025298,190
1421003,180
1356082,151
1213133,31
1400057,59
1006359,109
1478327,144
1264778,150
1296198,186
1091285,190
1188584,251
1289252,286
1121717,307
1165494,288
1133975,249
1017195,261
1473572,328
1156194,303
1420711,278
1050364,238
1218991,59
1036017,108
1114325,166
1038860,176
1322237,206
1073235,194
1314434,203
1418720,179
1245711,252
1063433,250
1035108,275
1352358,255
1074658,273
1499594,251
1056537,328
1255064,250
1421744,251
1109478,201
1194904,58
1371113,48
1478926,75
1218200,109
1194155,142
1393791,149
1356548,191
1087090,199
1362391,176
1000962,368
1031818,348
1467100,360
1034605,299
1101780,306
1002344,292
1046072,355
1442812,307
1345228,283
1113888,236
1219117,42
1297015,151
1202918,150
1354197,113
1268287,166
1242062,146
1046820,17
1013774,66
1383287,95
1249173,133
1402527,112
1088465,432
1321672,378
1493321,365
1486372,338
1411581,335
1338165,301
1206135,373
1093502,375
1461412,366
1015740,405
1189256,377
1128323,370
1326661,355
1242328,762
1210696,498
1120940,375
1045314,347
1270338,316
1491051,273
1321001,337
1149554,328
1321455,306
1220031,294
1249562,277
1221659,282
1448873,332
1201558,305
1112961,310
1441542,233
1227620,116
1060282,131
1212298,145
1324089,148
1160616,182
1125254,172
1367408,230
1164080,218
1095594,209
1441231,184
1418316,38
1028314,63
1376664,87
1001180,112
1317946,221
1162285,180
1183217,139
1344949,150
1207523,141
1102512,122
1361643,122
1135403,149
1171163,150
1473307,179
1038042,165
1053898,230
1496571,227
1142142,222
1162420,197
1199487,43
1373867,65
1424223,125
1451930,121
1370497,141
1065924,125
1083741,38
1234248,72
1088860,106
1356258,120
1302259,149
1152733,137
1484698,197
1261194,153
1230150,163
1107553,145
1100828,359
1201667,316
1162414,284
1162048,286
1360889,302
1070154,284
1242415,331
1009155,330
1007348,322
1257698,243
1386147,65
1477962,87
1164241,109
1313079,135
1489391,166
1217690,175
1403412,217
1067902,226
1016818,229
1451414,201
1144387,53
1357820,65
1123456,311
1000586,293
1286790,136
1115930,132
1193439,155
1219711,134
1438799,84
1011484,99
1146910,121
1078476,145
1273798,208
1381479,213
1414898,280
1313752,210
1097004,229
1295157,202
1065465,63
1344156,116
1055855,128
1234968,190
1249681,156
1066635,122
1064923,178
1167876,172
1053807,166
1237785,148
1471314,110
1249240,122
1119440,139
1039592,159
1014849,243
1196535,220
1292202,237
1275446,220
1454082,215
1373757,186
1346922,50
1058487,72
1357585,94
1246808,124
1099146,153
1412353,152
1468339,198
1313065,194
1490279,129
1444037,267
1032563,277
1412227,267
1397626,246
1215207,254
1284712,248
1480206,301
1344652,273
1362439,263
1089623,210
1175542,457
1314812,1304
1408441,382
1198898,379
1096814,366
1019929,345
1050747,1728
1059227,1173
1304119,330
1062397,283
1213487,47
1167608,145
1037042,464
1363682,428
1129795,404
1212698,352
1432412,343
1307351,309
1028375,364
1429330,366
1488638,370
1413805,306
1068732,243
1459985,200
1275261,245
1178436,240
1118377,252
1222153,250
1121953,304
1108733,277
1243875,277
1444290,231
1410568,69
1201705,88
1422145,107
1265812,134
1143936,170
1207164,173
1035471,210
1182115,220
1301690,220
1043957,194
1412117,67
1239970,87
1415533,105
1058293,155
1328879,152
1188626,191
1184088,199
1131958,220
1014626,213
1350558,182
1470774,730
1299041,675
1105837,597
1082803,539
1023822,517
1312925,472
1089746,556
1133734,528
1096643,491
1095601,402
1118778,63
1318169,93
1167507,128
1415526,158
1461383,158
1010375,268
1440426,255
1154587,262
1079575,253
1158030,430
1362696,335
1066731,307
1347823,278
1295629,266
1318474,257
1013232,156
1252214,1263
1390132,140
1114889,177
1096101,211
1459986,191
1173416,1363
1044076,1046
1112081,206
1128597,188
1117544,565
1417850,546
1211259,502
1431972,459
1475506,432
1409045,411
1410758,493
1368841,458
1409653,438
1251129,354
1472488,42
1461331,65
1253822,88
1407561,116
1191571,131
1492538,130
1143486,170
1004907,165
1127961,158
1186842,34
1008262,54
1274142,73
1048054,126
1384843,127
1351109,163
1353818,171
1063035,171
1352845,154
1128433,691
1407888,643
1212422,592
1279701,499
1453508,1342
1349422,1080
1292070,528
1124122,474
1192277,1497
1413046,1005
1028748,47
1443200,91
1043603,104
1219673,162
1152131,148
1393223,120
1420107,169
1216873,166
1190133,166
1430193,148
1014965,113
1078132,73
1292424,85
1255258,120
1066079,134
1105879,165
1411353,162
1449547,146
1234887,182
1125678,190
1435855,202
1056982,192
1107898,216
1420115,203
1382425,268
1456487,250
1204895,248
1271507,210
1229377,32
1038196,61
1008268,363
1429686,282
1258400,175
1168925,159
1036885,135
1480686,286
1317736,260
1209072,267
1100649,254
1305444,269
1491431,246
1378334,316
1225887,285
1326777,276
1133252,226
1097687,37
1139498,57
1411557,79
1333045,102
1318193,131
1406669,130
1405764,151
1147888,158
1488755,145
1151189,284
1024790,275
1164052,280
1230002,270
1441669,283
1407711,263
1002962,322
1307976,327
1328697,322
1193459,255
1331356,258
1397910,241
1033866,245
1185243,279
1340832,223
1422405,224
1000907,302
1140986,260
1166061,249
1147826,220
1174075,58
1121861,80
1427424,122
1202501,151
1211307,193
1391383,196
1051248,199
1124427,175
1143781,123
1122608,139
1173756,159
1218630,169
1072974,265
1271370,248
1108945,242
1303182,227
1323756,225
1219727,195
1398197,53
1089695,139
1356105,127
1402798,131
1291085,149
1404814,164
1428083,211
1203717,162
1111706,173
1394938,144
1108936,78
1105792,99
1306121,119
1393546,149
1452330,190
1384949,175
1369516,225
1386732,226
1402801,224
1487219,200
1487448,296
1189549,259
1264146,268
1352579,252
1165448,256
1203426,239
1123527,306
1219158,273
1356081,264
1251853,233
1359239,85
1323864,102
1110355,122
1234810,144
1092030,200
1262482,203
1327710,266
1431000,204
1223860,225
1381768,194
1451012,544
1035076,501
1161618,450
1443293,446
1071762,422
1489624,382
1436386,451
1396514,360
1039985,358
1458659,294
1478260,211
1211763,132
1461264,158
1452748,187
1454882,205
1178109,202
1151588,250
1093068,256
1069584,261
1188384,220
1019856,434
1203766,395
1355799,360
1344056,342
1439488,328
1402415,300
1026211,365
1370612,327
1218651,304
1374767,248
1095558,27
1230790,59
1219964,234
1230004,194
1283749,131
1081422,125
1068866,125
1102942,35
1413625,59
1266101,83
1006570,116
1102106,147
1392645,143
1136584,196
1453858,190
1029171,148
1194113,142
1336189,229
1039864,201
1378231,225
1339671,218
1314578,237
1403828,216
1249231,280
1311330,285
1476081,281
1413988,224
1431384,304
1487673,281
1068668,264
1063833,238
1393194,506
1359636,434
1108677,304
1304133,251
1485109,264
1485137,232
1045996,92
1044730,109
1150354,131
1446291,153
1001106,166
1356071,163
1101252,220
1223036,208
1134987,206
1062304,173
1116597,30
1145893,56
1025496,76
1218778,156
1153423,161
1357408,161
1286873,158
1402952,158
1170957,142
1361706,89
1014000,102
1039951,112
1473600,134
1265560,169
1462466,163
1114666,206
1443948,216
1401506,192
1253336,174
1229602,33
1486505,73
1487852,101
1445743,133
1310175,145
1134018,150
1448035,138
1296975,51
1029539,85
1304389,99
1110541,119
1331960,154
1218721,148
1154883,187
1490445,157
1181176,145
1356273,22
1412186,115
1114401,168
1228683,125
1337833,118
1050850,165
1457667,142
1024014,129
1171411,53
1257636,82
1074009,118
1145515,158
1248367,173
1298875,220
1448070,183
1179183,202
1395822,175
1303811,50
1412306,112
1087455,118
1028514,169
1467820,158
1491649,131
1474249,176
1028658,167
1491544,160
1163145,148
1433035,86
1459830,95
1174361,118
1250822,132
1078406,182
1499791,183
1233243,208
1149972,196
1014740,188
1022510,165
1235837,87
1371786,89
1493420,120
1010170,126
1425445,155
1273778,150
1270680,190
1376166,179
1164762,161
1344143,144
1160893,156
1236978,180
1453878,186
1246866,182
1302283,196
1064732,190
1141248,250
1080727,219
1487939,212
1295266,176
1013660,231
1093949,547
1429810,208
1130721,227
1138486,245
1372175,231
1272747,1154
1182172,698
1026845,231
1346301,205
1272184,30
1340133,49
1233411,69
1194326,99
1498415,124
1074808,126
1216412,164
1241604,163
1345822,161
1372115,182
1423689,154
1293491,171
1308693,176
1209311,200
1110021,180
1277171,242
1020754,230
1161508,229
1374528,193
1197461,99
1329651,115
1040737,129
1480946,154
1498109,170
1002703,172
1349426,221
1004288,221
1444755,215
1074093,186
1115748,509
1281521,492
1451363,467
1430974,441
1461605,438
1248805,402
1365062,482
1413517,456
1079468,520
1462434,365
1056092,45
1365006,66
1456089,97
1446786,130
1040817,160
1109353,158
1487989,156
1121159,144
1222840,117
1460813,131
1487066,141
1079005,156
1388676,213
1371072,192
1297231,230
1016210,205
1210558,206
1123675,176
1086030,155
1394115,534
1278363,121
1085675,129
1091432,171
1484666,164
1459972,923
1025645,531
1253204,184
1150554,172
1353589,352
1083761,339
1017978,327
1204607,327
1179263,333
1287664,314
1101142,381
1259598,366
1403541,359
1101243,282
1202680,49
1343708,70
1386496,102
1391427,111
1230052,142
1047182,137
1131586,178
1169082,169
1065210,150
1322258,143
1062507,38
1369946,58
1266139,79
1317106,98
1200557,131
1442391,165
1141389,163
1209068,139
1048616,26
1161399,76
1246499,79
1173875,129
1295803,128
1382915,151
1270557,142
1387232,273
1234509,284
1131712,302
1041891,274
1189265,676
1242154,534
1271716,374
1241557,312
1056516,1010
1103361,627
1333733,42
1001630,82
1071359,99
1309758,141
1363781,149
1275758,128
1335742,166
1385596,163
1379435,56
1065819,78
1192767,122
1281501,150
1307572,142
1456322,144
1431483,79
1062258,102
1333906,113
1106524,136
1290036,167
1184862,165
1096073,215
1031537,206
1203109,194
1071558,170
1101932,20
1044801,45
1079827,109
1285141,146
1075442,128
1499597,117
1343162,136
1476106,113
1049161,121
1364913,133
1193107,139
1180048,178
1358834,179
1151399,236
1044081,187
1466579,204
1014859,173
1332396,30
1266400,54
1472252,128
1003603,125
1409616,142
1059512,126
1484676,179
1368949,190
1329321,185
1375533,207
1107947,224
1425745,210
1273134,266
1436258,276
1254725,277
1421375,215
1325792,159
1193535,168
1218040,186
1236341,193
1062111,208
1128983,204
1391564,263
1321495,234
1210468,231
1203757,205
1412587,35
1433116,58
1042053,79
1124635,111
1154252,143
1279658,149
1407745,192
1186723,191
1470954,194
1368908,168
1374038,105
1153248,125
1345956,133
1393237,150
1014560,199
1012199,186
1077136,224
1119709,202
1046854,203
1283164,174
1314508,71
1471054,102
1128581,112
1166222,152
1188988,152
1134994,194
1378089,184
1135823,187
1235260,153
1377286,103
1308546,118
1196922,139
1163908,160
1085465,183
1068315,176
1234038,230
1038950,228
1444536,223
1283324,200
1191789,152
1438073,180
1172474,207
1280261,234
1275016,243
1145855,199
1232971,279
1224224,238
1062528,232
1057817,206
1337490,126
1433830,133
1304337,151
1167678,169
1299855,208
1311195,216
1432084,264
1180256,212
1421002,228
1053628,196
1121324,259
1026413,287
1070072,296
1146493,261
1023501,287
1453489,246
1038965,302
1347849,242
1045776,246
1452750,196
1021010,83
1136984,59
1234163,91
1215779,121
1370085,153
1152832,158
1214420,202
1143861,212
1223574,214
1456445,181
1030306,202
1056828,191
1140717,197
1289609,194
1355546,212
1104076,211
1172744,260
1031169,225
1242193,219
1145750,188
1050897,119
1272957,151
1122296,125
1152640,119
1183320,166
1436037,46
1110617,74
1028234,87
1061389,112
1272403,143
1034465,140
1040003,160
1163226,454
1031803,434
1429552,411
1126332,366
1204816,357
1356232,320
1017032,394
1074980,409
1405502,392
1012125,317
1169730,492
1326969,469
1290989,473
1324687,405
1435521,685
1424670,711
1217911,443
1445424,370
1307778,333
1109546,310
1322878,249
1050289,254
1361083,230
1159200,247
1180812,242
1378506,248
1287932,278
1314601,288
1360376,296
1316856,212
1401754,122
1091471,118
1300817,139
1193216,150
1060409,182
1209654,172
1282653,223
1425189,221
1361061,215
1099961,183
1476887,46
1108169,62
1344879,83
1017490,110
1176469,203
1130081,165
1058797,166
1296440,173
1341876,165
1042340,148
1480288,94
1388976,112
1119648,130
1321873,151
1261615,169
1427961,165
1363989,223
1410687,220
1431485,220
1457142,191
1190838,33
1280906,54
1123939,75
1338164,104
1455555,135
1478284,150
1151232,155
1129758,141
1436307,46
1144232,94
1206831,103
1035382,116
1196146,147
1260615,142
1312498,197
1136753,165
1489232,174
1035832,147
1061276,230
1015088,206
1292002,207
1285083,215
1343995,239
1304918,231
1017601,295
1180813,286
1169611,283
1346633,238
1207310,95
1452410,112
1318219,134
1260006,154
1372927,186
1133760,189
1075937,238
1025820,248
1310403,245
1030704,212
1415287,44
1180965,63
1113679,315
1357660,285
1161674,134
1334489,134
1069619,181
1315618,167
1274761,159
1185715,138
1281482,237
1185994,233
1101359,263
1224536,262
1416326,324
1489036,302
1432032,336
1485473,244
1191888,279
1140077,248
1307302,56
1177684,93
1331883,106
1425911,166
1293866,162
1062563,127
1201874,186
1153088,174
1234655,175
1157099,151
1161036,146
1135545,152
1442958,163
1314621,164
1388384,234
1227978,200
1301241,237
1184839,226
1046279,242
1167856,201
1113162,83
1384889,111
1442329,130
1199138,141
1401990,169
1238679,161
1464254,211
1140293,207
1457212,156
1189272,153
1271696,293
1139577,289
1148826,300
1317428,240
1018320,258
1099215,250
1402594,320
1180246,283
1047356,260
1486518,214
1223600,377
1358943,1147
1092417,317
1198010,359
1048692,337
1184868,321
1302853,1645
1011499,1109
1413467,289
1233653,238
1434166,36
1432772,53
1496055,72
1399699,101
1037988,127
1104148,160
1193669,162
1279111,160
1121988,399
1115180,383
1008616,367
1359199,320
1466525,315
1060044,294
1237487,361
1445380,368
1070424,360
1324840,301
1210001,251
1406512,249
1476709,236
1469794,252
1227316,258
1434845,240
1026204,298
1325430,267
1311405,286
1487564,242
1012771,95
1492039,119
1409644,135
1069560,157
1230159,185
1451740,188
1223669,233
1480159,238
1329548,241
1008093,206
1240273,82
1245225,103
1103636,121
1309363,147
1095731,172
1444210,180
1270167,238
1040828,242
1271717,212
1112011,195
1123214,1370
1038791,1200
1134852,1051
1403461,861
1002912,763
1089089,626
1082554,663
1353572,627
1015394,630
1320654,536
1450412,29
1346636,53
1142017,72
1232162,100
1258738,132
1440844,165
1355348,140
1047465,308
1052061,283
1246412,287
1305157,257
1412668,415
1196150,351
1023855,305
1497263,280
1163695,268
1447975,252
1083097,193
1181871,1252
1040695,143
1063801,182
1341226,209
1009874,196
1079968,1105
1331936,914
1325121,230
1370183,206
1161630,869
1021993,804
1179517,721
1332254,650
1319159,578
1356974,538
1290939,588
1401750,553
1064767,548
1070383,462
1105919,68
1270179,83
1026319,94
1032990,108
1166528,140
1156987,157
1015916,139
1448825,33
1212228,56
1301184,73
1201561,127
1315874,129
1291984,167
1364501,171
1410066,164
1349184,474
1130619,444
1096780,420
1352350,420
1467630,906
1225027,934
1319162,490
1196160,420
1304965,1330
1163371,1091
1410444,53
1447902,107
1220066,133
1395996,166
1050155,155
1405958,122
1460942,175
1156794,174
1259715,170
1290300,150
1407667,89
1268061,79
1435514,94
1118148,95
1110023,140
1016117,139
1057728,171
1269429,173
1398750,157
1307215,160
1053207,165
1381358,187
1255638,199
1176118,198
1043550,215
1369209,200
1359946,247
1311666,236
1064580,244
1006230,193
1415441,49
1178941,303
1146905,247
1344481,134
1495378,154
1337557,129
1246312,242
1171690,273
1445691,271
1086007,230
1304601,349
1292707,264
1350725,317
1126286,295
1167983,276
1340967,229
1321976,34
1088772,58
1446950,76
1210886,101
1321519,131
1454833,131
1231250,171
1060841,171
1063119,167
1368987,152
1106904,106
1345120,126
1121990,141
1432624,159
1306602,186
1096748,190
1346881,239
1417343,247
1248441,247
1369427,211
1034885,250
1188905,247
1000505,246
1155391,251
1175738,268
1346234,255
1177275,308
1379838,313
1492943,312
1308976,255
1086708,215
1137260,198
1412405,217
1407411,221
1333872,237
1469078,232
1445891,276
1306540,248
1015130,242
1306586,213
1288584,121
1216944,130
1394355,148
1285022,161
1462965,185
1205977,199
1349950,254
1340917,224
1191343,212
1262924,185
1106662,224
1095231,228
1210181,202
1032488,210
1351353,313
1277125,264
1277374,274
1030600,240
1497254,233
1294314,218
1120835,62
1168918,108
1010155,133
1219862,154
1262985,156
1489334,201
1272770,173
1139055,182
1005607,155
1433314,134
1145467,146
1375025,164
1095276,177
1187504,205
1167315,177
1162925,249
1129751,251
1154706,247
1428567,208
1432009,183
1119531,196
1430629,207
1258284,247
1404233,202
1059406,216
1141667,277
1354571,255
1284851,240
1266965,215
1403343,205
1050693,186
1389483,216
1028926,224
1164432,296
1022069,278
1424160,314
1466699,232
1013907,269
1325027,214
1111122,736
1152573,644
1139647,550
1194544,531
1473726,489
1357020,440
1226117,527
1018768,409
1259325,384
1497891,312
1011931,333
1108509,140
1137755,165
1313978,189
1154103,237
1023140,236
1398600,249
1300190,248
1019457,272
1443796,220
1251406,471
1077955,468
1432633,417
1135634,361
1053800,349
1300651,335
1403400,390
1084536,350
1422024,336
1067466,274
1181335,63
1407215,265
1250390,223
1119553,127
1431014,127
1141140,174
1362663,148
1258340,131
1477586,75
1232549,87
1421415,109
1499661,142
1390906,166
1392104,161
1341715,214
1459707,208
1213952,158
1319632,152
1284837,656
1493378,605
1108062,551
1199115,471
1234045,448
1150824,405
1195695,483
1437201,487
1332203,457
1025247,372
1350211,1110
1108160,918
1306384,779
1301386,804
1359640,1241
1065859,1295
1461969,636
1456556,553
1186540,479
1188205,406
1062543,386
1398189,397
1466289,374
1184561,360
1388769,345
1022676,331
1107883,382
1457400,373
1084848,355
1301668,297
1191468,115
1043523,114
1106934,140
1232746,154
1150178,175
1464884,168
1454215,228
1276479,218
1157583,219
1435668,187
1061430,130
1289127,145
1205864,160
1239910,170
1410666,288
1312333,221
1485353,203
1257696,203
1103602,206
1380060,177
1078789,127
1258021,122
1033797,149
1351003,160
1258210,177
1050711,175
1134300,238
1385089,222
1353835,222
1121782,184
1417469,60
1399537,80
1357556,108
1173518,140
1165681,135
1135715,176
1461113,164
1162104,94
1140483,163
1256636,165
1226418,164
1426747,190
1229906,178
1177248,236
1438430,198
1011649,206
1495463,178
1123146,472
1283686,473
1013187,461
1209472,426
1074286,407
1182203,354
1270377,438
1129511,358
1480157,412
1036327,333
1336480,132
1230167,151
1161027,157
1474084,178
1018008,205
1078258,206
1191793,250
1463167,260
1209802,263
1316201,219
1480252,47
1157948,65
1484457,357
1342379,294
1008085,140
1235730,152
1021989,161
1450107,137
1347721,361
1025278,365
1179188,349
1087166,329
1157826,364
1249459,447
1180417,497
1120848,298
1014416,305
1424299,266
1103877,139
1410995,196
1106286,196
1079826,233
1299309,227
1156239,169
1167739,227
1035520,216
1474882,211
1436002,180
1106947,92
1038730,115
1007039,126
1109602,142
1307498,184
1163586,201
1454022,233
1319449,211
1221686,198
1450663,171
1278837,104
1430956,115
1058059,136
1391914,161
1284694,183
1047034,174
1128200,229
1362834,216
1372825,169
1261755,161
1114322,468
1169375,450
1242200,419
1477386,328
1394203,349
1276366,329
1138700,386
1009855,351
1375467,332
1495420,269
1494572,710
1443408,2011
1046238,597
1046430,529
1258929,489
1162336,429
1119487,1932
1390966,1604
1207032,442
1277215,336
1350522,67
1137795,73
1002793,92
1461455,116
1171371,136
1322633,140
1164057,179
1440801,179
1490055,175
1193418,687
1198884,623
1410268,539
1319050,482
1201688,442
1309747,392
1445768,460
1161906,472
1010865,445
1362178,371
1335657,446
1371464,431
1322076,450
1192580,380
1315446,374
1477854,344
1198926,378
1206563,401
1342655,375
1290673,323
1223905,113
1266392,126
1291976,132
1164193,162
1394245,188
1414710,188
1006345,236
1152630,244
1332072,245
1387257,211
1099622,137
1224371,150
1078580,166
1354327,181
1069327,200
1290290,202
1036858,254
1410348,255
1330379,233
1065783,208
1185434,1709
1101049,1603
1101699,1392
1089294,1129
1480593,917
1339799,790
1261433,857
1397430,792
1083089,737
1138673,651
1088540,43
1085191,67
1338003,86
1203469,112
1255321,143
1178671,143
1061782,185
1346062,179
1088986,154
1410375,319
1103878,295
1415587,297
1320629,287
1259587,417
1435587,443
1222378,334
1148437,302
1307388,287
1203171,255
1023532,239
1429992,1882
1020444,219
1217757,218
1323110,242
1428418,221
1339749,1638
1300869,1278
1077843,250
1490233,205
1266519,865
1137275,933
1266254,818
1125205,728
1282243,593
1265496,591
1269069,661
1421700,648
1095834,630
1175473,504
1478221,62
1387281,80
1446736,99
1040382,132
1130883,159
1218824,156
1315250,202
1148711,199
1169207,157
1192336,148
1258982,63
1126069,85
1316507,105
1171598,124
1418313,153
1290649,150
1390837,195
1197163,188
1030401,181
1483696,156
1129265,71
1012371,85
1415273,100
1070312,146
1345540,141
1336029,192
1217162,195
1272790,199
1301604,171
1405386,1342
1167724,1252
1126396,1103
1237585,905
1405719,1568
1406813,1568
1285817,791
1386434,693
1062686,1595
1258300,1474
1227192,92
1404963,143
1175735,186
1104176,250
1222583,179
1080833,138
1088693,201
1272865,195
1476491,196
1038852,166
1139472,98
1112793,91
1175594,109
1298517,100
1255481,152
1080589,160
1128383,148
1201129,162
1136805,226
1311206,222
1041160,214
1117290,216
1136497,225
1126149,213
1014383,274
1363114,257
1421040,257
1355617,218
1005745,280
1498006,254
1009210,145
1430653,146
1214827,192
1222373,177
1371009,169
1053905,144
1364079,252
1115318,242
1454707,251
1012151,294
1402108,256
1136298,254
1196671,319
1173061,294
1275935,282
1316352,225
1160060,72
1029300,92
1202641,106
1305385,127
1392013,150
1473273,153
1210621,194
1385103,190
1483936,187
1127484,163
1334472,134
1364248,144
1349737,160
1487287,178
1426756,200
1459447,206
1224526,248
1127290,260
1114943,262
1179480,219
1353114,627
1253464,610
1242076,573
1340873,499
1412456,448
1210302,433
1404230,525
1199301,507
1323295,472
1325558,415
1435797,277
1230293,326
1476138,313
1378907,351
1463942,276
1066858,280
1141573,341
1482473,306
1315422,303
1154170,248
1098408,102
1466943,122
1001101,140
1219612,158
1165887,181
1125271,178
1413674,227
1425133,248
1104431,217
1468731,189
1268382,150
1212416,161
1258074,177
1443392,187
1297279,252
1354271,253
1349257,248
1085416,242
1458913,241
1392222,203
1252749,145
1205708,208
1268510,212
1407369,201
1305864,227
1396943,208
1399299,268
1314371,227
1099354,233
1339781,191
1091951,205
1414650,213
1122981,223
1030360,230
1272696,227
1146788,233
1056095,290
1406516,272
1021686,267
1005332,221
1225674,235
1334883,303
1138288,302
1175267,288
1463904,301
1357643,249
1361886,344
1115214,293
1440633,285
1173767,245
1195122,205
1078493,229
1327218,230
1076853,233
1416374,280
1383696,340
1028933,412
1161361,247
1073713,255
1287364,219
1363184,809
1199993,739
1497719,667
1027254,693
1033201,611
1105714,495
1088152,627
1105750,466
1001499,458
1445468,363
1171323,539
1164578,241
1457732,267
1305267,266
1051084,274
1356816,261
1374452,310
1464106,316
1165966,316
1439454,266
1405793,648
1087935,569
1482706,530
1391417,445
1352442,419
1445173,383
1194190,440
1492896,388
1044219,357
1047140,312
1270897,37
1314522,67
1377865,298
1347818,254
1124731,140
1487297,162
1378911,154
1461034,138
1172455,88
1256536,103
1089322,125
1155514,155
1086787,178
1322050,166
1314452,218
1397380,212
1127289,168
1205071,157
1051139,264
1252119,162
1442758,173
1316588,177
1026142,195
1456297,187
1303542,253
1376226,225
1124573,247
1214594,189
1413230,137
1288873,146
1497306,161
1045529,184
1211162,335
1363689,328
1353804,270
1224929,174
1087629,313
1007589,239
1158737,77
1372362,83
1219920,110
1103872,128
1397755,163
1402368,162
1481384,225
1303248,206
1493585,201
1207746,166
1141137,28
1087160,51
1159717,74
1474172,145
1162341,146
1131373,137
1459844,123
1246489,92
1496832,103
1383829,132
1252476,141
1249332,172
1480810,161
1096564,221
1298371,215
1482350,219
1239703,198
1314748,15
1145540,120
1351129,125
1029384,114
1102053,49
1078797,82
1270116,93
1195405,140
1431006,139
1036045,180
1323407,155
1071612,171
1412128,153
1329839,122
1122832,55
1160992,107
1198402,141
1311634,169
1475918,180
1310608,134
1402246,184
1148436,169
1156317,155
1413495,87
1392268,96
1223784,115
1230218,131
1277563,168
1129549,171
1036213,207
1038824,188
1202518,188
1059545,160
1011440,269
1477503,197
1130262,172
1346600,175
1339163,196
1204193,199
1159117,252
1210989,217
1392125,208
1469797,175
1359351,427
1090440,772
1398868,368
1370143,342
1312652,351
1299021,322
1105415,1037
1243449,823
1372564,287
1123616,244
1278640,68
1161784,201
1274462,137
1110391,139
1083245,153
1321283,181
1249754,165
1053779,230
1034869,230
1429223,228
1479594,176
1065649,52
1247475,102
1017376,137
1069813,138
1146173,183
1046576,188
1070359,187
1261208,162
1295739,147
1371494,161
1242910,162
1297462,183
1408420,217
1468795,206
1322980,275
1278810,277
1286425,290
1287421,215
1137875,103
1066080,102
1421641,117
1365140,143
1095442,172
1076755,172
1404791,217
1035671,196
1431880,191
1143822,163
1233267,163
1394833,437
1179749,210
1296432,185
1442048,195
1285582,191
1402829,832
1272532,616
1484749,220
1118851,169
1009685,162
1103790,174
1081466,170
1067689,191
1320892,220
1425915,216
1265570,268
1117394,272
1131780,273
1242389,200
1049606,32
1345251,69
1033602,98
1353342,157
1099601,148
1242070,144
1165673,24
1272610,66
1304675,67
1111610,94
1103610,120
1119849,155
1025188,176
1452732,144
1198164,250
1159741,239
1495381,273
1279465,237
1089873,434
1126918,428
1193654,327
1392600,286
1007620,678
1046609,449
1089220,54
1448499,84
1480977,100
1165626,145
1400690,169
1398185,130
1287476,170
1002446,162
1280812,152
1496509,143
1411840,42
1333737,66
1455813,118
1032114,112
1202461,77
1224855,99
1453460,122
1241492,146
1049602,165
1235695,160
1474850,218
1228447,211
1128513,188
1193256,178
1339264,120
1358351,138
1032540,113
1143118,135
1064557,156
1040647,176
1429401,186
1220103,195
1044804,218
1359148,212
1329120,258
1459893,239
1285114,235
1105654,192
1190701,25
1351946,44
1042350,68
1484593,96
1121456,130
1019250,145
1291968,146
1147536,135
1474772,74
1016615,90
1018551,96
1480247,127
1395898,161
1448266,159
1231701,203
1012670,214
1240287,216
1463854,172
1093731,418
1269050,455
1023961,433
1388114,354
1175925,362
1109214,340
1095490,404
1430226,357
1479522,338
1349727,282
1030237,118
1225930,104
1385412,105
1107223,130
1006102,145
1053334,186
1464589,179
1030302,223
1274071,203
1260736,193
1133680,167
1065468,49
1467769,89
1032172,95
1115458,116
1266940,153
1443467,146
1173395,195
1332233,179
1042157,180
1130326,152
1094332,31
1433395,55
1180934,77
1060487,134
1171147,137
1375433,188
1006863,189
1114839,189
1048552,168
1249809,362
1460215,378
1098302,384
1018556,318
1153013,317
1406628,300
1493850,366
1367571,325
1142375,297
1125901,247
1470260,129
1216773,139
1346299,152
1463665,168
1269039,146
1472378,168
1484598,174
1422402,171
1398699,205
1143869,193
1347349,248
1309756,196
1462779,202
1339369,162
1335552,124
1309956,125
1093896,171
1284066,181
1483726,182
1258953,164
1391442,153
1074147,163
1098053,171
1169805,167
1032075,187
1322932,177
1402445,238
1165145,206
1479434,199
1103124,175
1449517,88
1078767,122
1040825,145
1281373,113
1451370,134
1247939,165
1138400,173
1229203,162
1072744,219
1009271,206
1238845,226
1139373,178
1253878,342
1433742,327
1271361,304
1318816,268
1013289,549
1360747,533
1245642,319
1145973,281
1219376,285
1211106,240
1114881,47
1037344,73
1030428,84
1312113,115
1000666,144
1146575,145
1350267,197
1384048,185
1331565,183
1166954,167
1333239,36
1009910,66
1435998,81
1271673,106
1066592,167
1220416,175
1473341,166
1224761,166
1214246,161
1110589,144
1262540,41
1323752,61
1343272,85
1008406,118
1426204,149
1423852,157
1340706,195
1362799,201
1018544,181
1317712,34
1180122,55
1379374,74
1210748,103
1314686,135
1226697,138
1485349,176
1278322,170
1279690,167
1299263,152
1428130,65
1287120,77
1441706,96
1496140,116
1023202,148
1224457,144
1307990,191
1393706,161
1476089,173
1240676,151
1345447,36
1457860,52
1248698,149
1138253,156
1176245,128
1075398,123
1438275,169
1055999,156
1293041,149
1011525,133
1401432,154
1465418,152
1483716,172
1378475,188
1032528,231
1090692,222
1207091,280
1302076,226
1109560,241
1235803,208
1213514,62
1285974,99
1406254,99
1208820,137
1482217,156
1195960,133
1342435,183
1237820,179
1429024,165
1266035,151
1046904,78
1371198,94
1332404,113
1472665,137
1463208,190
1190516,200
1180232,211
1248961,195
1471954,188
1148848,162
1156598,89
1473807,105
1131135,132
1342618,139
1034517,159
1029594,150
1331308,197
1395057,182
1473348,161
1288937,145
1441890,207
1452815,205
1050471,218
1319582,197
1495342,225
1125330,215
1274663,265
1311575,235
1339048,225
1085391,192
1403092,280
1126737,571
1261324,246
1472510,258
1442794,260
1029656,247
1335249,1072
1283680,809
1379654,287
1273760,212
1191899,22
1476984,44
1289334,66
1114108,123
1141281,124
1346518,161
1401883,158
1145177,137
1247809,114
1233056,96
1288355,119
1030091,135
1325706,160
1136765,156
1159283,205
1165972,216
1452428,205
1019402,170
1483718,166
1423393,172
1471097,177
1051052,192
1022326,207
1013503,203
1425115,256
1479423,249
1454891,248
1468117,234
1296483,327
1265643,321
1243332,303
1017985,303
1002910,334
1214298,305
1265634,375
1490788,370
1054015,372
1394286,291
1148358,26
1096127,47
1396438,69
1335466,98
1472716,123
1357170,144
1151847,128
1124932,131
1263980,146
1405603,155
1457882,165
1243722,205
1418093,218
1268970,232
1175091,210
1179357,206
1411541,172
1195341,140
1343858,585
1149711,137
1381929,157
1434781,192
1435147,181
1075399,881
1215485,628
1205968,191
1423129,176
1159992,283
1349938,280
1440017,259
1021112,279
1087316,279
1382875,266
1223460,332
1140043,330
1358812,324
1384056,245
1342187,61
1283499,94
1236942,110
1188311,120
1441301,153
1306594,148
1216717,190
1067885,176
1282886,153
1000233,144
1311852,92
1222345,109
1378449,107
1100820,141
1423483,173
1412050,167
1062359,162
1329444,146
1083984,54
1120774,76
1396398,109
1380584,138
1193984,134
1038260,176
1096751,177
1394382,176
1362855,158
1365771,327
1210842,328
1244960,325
1303233,421
1284547,999
1161437,723
1317740,375
1086077,337
1016409,946
1188996,632
1278915,77
1468021,104
1087191,142
1461999,153
1427004,130
1432803,160
1150675,162
1303708,79
1359559,71
1064015,81
1284449,96
1030923,140
1435938,137
1060856,162
1412869,166
1335568,160
1035831,151
1217335,40
1124524,64
1294240,87
1370016,119
1427371,154
1297702,150
1108874,204
1294741,198
1011365,187
1052867,45
1011799,126
1375108,135
1064800,117
1252259,164
1238568,140
1056683,105
1483536,130
1480346,159
1298778,156
1198542,191
1391592,187
1330306,236
1276537,214
1402353,216
1416208,178
1054533,35
1157714,75
1375702,102
1404614,133
1365090,130
1464373,169
1414357,168
1259160,144
1257518,120
1086855,136
1155554,148
1492370,164
1148565,199
1253739,197
1487411,248
1332302,244
1314671,248
1103515,194
1122707,224
1103679,243
1248120,253
1135939,244
1412925,243
1040396,239
1265718,299
1170956,261
1175645,252
1132794,217
1056722,100
1177655,118
1484447,133
1169645,156
1323495,179
1457994,176
1155386,222
1409690,217
1275226,212
1430027,188
1097512,100
1278606,108
1182176,120
1401690,145
1294690,205
1008247,193
1180958,218
1236313,194
1474566,192
1243283,165
1143378,53
1467572,79
1395698,94
1056127,109
1153514,145
1097871,139
1446962,185
1194289,160
1251230,178
1240222,149
1111500,102
1165860,125
1317781,140
1135395,162
1059630,182
1043255,181
1287061,237
1115066,234
1196696,231
1466154,229
1404278,159
1218127,207
1357828,196
1286946,212
1159274,221
1178338,212
1481479,276
1284324,244
1116325,237
1112007,206
1289683,146
1000119,149
1162607,165
1135134,185
1067483,221
1103070,224
1191139,277
1365136,225
1051164,241
1385999,202
1008440,205
1359692,197
1010337,207
1056526,209
1321568,226
1219292,208
1433307,262
1061618,209
1276246,215
1202816,178
1160436,110
1305800,92
1023318,131
1367061,150
1335602,173
1205053,171
1372471,220
1029950,223
1326414,219
1279850,190
1227875,296
1069980,288
1495290,274
1038896,262
1349870,264
1442117,253
1199882,306
1499647,270
1326814,258
1404384,219
1200189,25
1031655,47
1123469,93
1492791,118
1293873,159
1127793,143
1026804,139
1331929,130
1327940,75
1466241,97
1330314,110
1383693,140
1088604,158
1020884,151
1490846,197
1313483,184
1131997,159
1143391,145
1425882,446
1435973,315
1255329,311
1269710,298
1094190,306
1290576,267
1457996,355
1343838,340
1193872,328
1172875,263
1263016,374
1142936,359
1144128,358
1300682,326
1366778,597
1270725,441
1305979,342
1337785,317
1048223,279
1261923,247
1410135,228
1357911,218
1362697,220
1435716,216
1116399,236
1082279,227
1320535,284
1184574,257
1355189,270
1300394,203
1274108,50
1146546,62
1042812,84
1478834,105
1493024,191
1225700,190
1034437,164
1310192,168
1425307,164
1420788,144
1265438,143
1381530,160
1377302,167
1042953,175
1463037,203
1290141,194
1216489,255
1023277,236
1014891,231
1036389,196
1123588,67
1137982,96
1290815,131
1313954,143
1443431,146
1022780,137
1258137,61
1409965,89
1278238,112
1425828,125
1217136,149
1003704,151
1255164,197
1395186,157
1115897,146
1138371,44
1232649,64
1019322,250
1469891,230
1299342,134
1362461,132
1018204,177
1370089,164
1191951,155
1216596,138
1319105,66
1293933,89
1442076,110
1074410,133
1412637,178
1377213,184
1325614,247
1058873,202
1201538,214
1090414,190
1092006,87
1113366,138
1493948,155
1120175,206
1137339,151
1356946,129
1372407,185
1486442,179
1302946,168
1172140,151
1082298,128
1150221,137
1397772,151
1140032,165
1053049,219
1349760,213
1445268,230
1309908,215
1016495,213
1441001,182
1443270,267
1030388,283
1166420,277
1096295,232
1274331,263
1002232,257
1354780,312
1479882,278
1385985,257
1149204,214
1057623,300
1412835,701
1420561,244
1112700,271
1351941,279
1061668,268
1310851,1299
1304053,832
1352827,266
1105191,238
1073338,38
1260742,54
1205947,71
1028104,100
1021162,126
1208304,129
1265589,167
1069778,159
1220154,289
1085877,230
1246917,255
1396429,252
1318103,253
1113641,222
1310037,292
1383149,276
1008601,274
1318291,227
1038393,111
1108100,124
1452155,142
1346627,162
1171357,188
1472644,181
1419717,233
1051295,232
1129172,233
1259575,200
1450701,364
1224760,372
1363494,340
1324577,346
1491314,359
1158272,328
1412751,394
1112151,398
1219827,483
1187185,384
1438649,23
1482787,46
1492355,67
1080700,96
1303897,131
1071840,143
1007028,127
1266357,159
1001960,190
1123252,193
1014522,196
1276354,306
1493476,231
1109491,254
1473460,237
1077871,235
1288980,197
1324265,145
1035112,726
1052770,151
1277335,168
1215978,194
1063075,183
1436856,888
1448738,678
1464317,218
1254705,195
1119729,368
1178379,380
1168706,365
1171672,363
1432899,359
1268541,337
1006145,403
1441960,396
1183895,456
1460906,373
1188111,63
1228717,82
1140317,97
1331594,108
1292643,143
1449768,176
1028507,170
1127166,166
1334493,148
1004715,53
1226758,72
1297773,89
1230585,122
1158190,158
1328451,152
1493704,187
1258825,187
1361685,180
1480130,166
1116522,312
1408421,326
1186097,338
1092362,332
1477329,1014
1453733,642
1173815,413
1227706,374
1390410,1399
1133184,1047
1379437,48
1064876,85
1087207,114
1221083,161
1435425,135
1217777,131
1472769,170
1425021,169
1323453,162
1357754,148
1403993,62
1341505,73
1412612,82
1088156,94
1470729,138
1454734,137
1276891,157
1017785,163
1029297,158
1011377,149
1414821,145
1244720,156
1129605,179
1189914,183
1327944,206
1139728,193
1157061,257
1248368,251
1468695,230
1223120,205
1298566,50
1438231,67
1019113,189
1331921,199
1387698,133
1411389,128
1469298,174
1004343,161
1008761,151
1325331,145
1212642,123
1294647,132
1241369,154
1217149,158
1032147,195
1219775,193
1175440,246
1182013,221
1213041,221
1271942,180
1337117,32
1245831,55
1053654,75
1197171,102
1144802,133
1043869,130
1381072,168
1171071,161
1048783,143
1463108,219
1001682,223
1286957,218
1083317,221
1413058,250
1145683,236
1175281,294
1145346,293
1036709,337
1218544,266
1101610,324
1351558,350
1401050,370
1062617,335
1307656,317
1206410,296
1490925,362
1391911,319
1340955,299
1226464,260
1018136,68
1029029,90
1465478,110
1288816,131
1274958,159
1233905,166
1432851,212
1004906,214
1109687,177
1110286,164
1233965,175
1430108,181
1241891,194
1350034,308
1302694,240
1075807,252
1342142,246
1000429,241
1103152,201
1055930,91
1156896,132
1127311,137
1000085,144
1228116,172
1074082,165
1226267,205
1207668,186
1482926,197
1462202,169
1451314,134
1241621,153
1439785,167
1128198,179
1247376,199
1230053,199
1007110,251
1174598,251
1069511,248
1382684,210
1315755,285
1393509,308
1193820,319
1419813,294
1395058,271
1476749,268
1089646,329
1008397,290
1202688,279
1118090,238
1361990,149
1338782,146
1199873,173
1452537,180
1378521,219
1125415,217
1005390,281
1044864,230
1337110,244
1367705,212
1023497,304
1420872,298
1297788,318
1050978,294
1476707,305
1135907,271
1294289,337
1439672,264
1005400,272
1106965,214
1375660,95
1214818,79
1446657,104
1139069,132
1080378,160
1225400,168
1087184,208
1002928,222
1082837,219
1303408,192
1342222,296
1300602,289
1441282,276
1217675,261
1108498,268
1110838,259
1397560,315
1373044,278
1245969,263
1099449,223
1430079,33
1476280,135
1259451,160
1193717,126
1351136,121
1345768,167
1222106,150
1162888,130
1013213,419
1379891,369
1259771,343
1312682,345
1264722,316
1419650,287
1100432,369
1154554,352
1197778,344
1451525,276
1073524,703
1492503,681
1097156,614
1036028,511
1250001,1053
1450557,851
1090506,519
1032054,454
1007532,393
1207482,324
1204818,103
1250170,119
1433375,140
1227077,165
1348980,171
1206710,166
1361864,226
1302647,215
1441050,209
1144575,182
1182843,103
1261157,122
1076108,131
1244122,157
1469746,232
1254766,226
1064331,210
1137161,195
1037024,187
1176682,164
1333742,41
1206421,72
1199447,92
1437393,130
1095013,164
1022502,152
1096667,209
1443356,203
1021862,216
1219773,169
1001694,38
1458319,59
1453928,77
1271876,107
1223179,138
1491332,139
1398619,176
1262833,86
1035721,126
1309705,144
1176972,149
1258259,178
1095494,167
1379760,215
1486057,189
1210597,161
1003757,53
1297446,65
1203897,189
1149983,209
1001057,141
1146776,132
1180036,182
1478663,168
1312163,156
1132288,141
1491279,172
1484227,178
1291300,187
1152408,204
1453476,317
1198342,281
1244347,297
1324684,254
1044984,253
1346952,217
1316400,194
1083200,256
1048200,216
1258790,237
1373316,223
1446348,212
1151739,215
1045943,217
1070522,206
1033219,181
1371044,122
1179641,125
1068951,138
1154773,163
1206027,196
1252042,187
1438934,232
1220519,213
1168203,209
1015629,179
1196482,140
1282002,163
1056173,173
1086341,156
1321524,186
1011877,171
1046443,216
1378361,203
1047794,178
1372137,156
1080908,293
1384303,288
1303454,276
1136324,257
1396390,266
1078618,247
1251281,308
1272811,275
1137638,261
1037638,214
1209858,539
1296504,1005
1089951,500
1418192,425
1303765,411
1101167,380
1126491,1459
1346249,1136
1329704,383
1020188,312
1054299,66
1407581,78
1151268,97
1243764,126
1061269,143
1115069,145
1278926,190
1178509,182
1266557,180
1473804,158
1272751,192
1087871,162
1476514,179
1328253,176
1370622,199
1113809,186
1438925,249
1389329,252
1108768,242
1081595,205
1075131,288
1309581,294
1043060,281
1363133,278
1024818,289
1376229,254
1493527,312
1389102,307
1355724,297
1215039,248
1268331,381
1030648,376
1033468,352
1452010,345
1164883,367
1265395,333
1214244,400
1307226,415
1425834,393
1105463,309
1037477,60
1451848,77
1203271,95
1010063,119
1167197,148
1252536,151
1344470,193
1252711,185
1066432,183
1086268,188
1320108,184
1091017,198
1457179,197
1173309,226
1349037,205
1085442,265
1196756,238
1173632,230
1331567,199
1222963,235
1499679,403
1010515,259
1025362,247
1230047,253
1374924,234
1373130,1179
1381535,919
1069435,268
1255737,205
1058344,334
1414470,324
1252992,304
1115685,381
1421486,383
1320342,378
1021911,365
1251776,278
1320427,140
1031538,143
1489660,166
1452051,146
1227420,178
1144362,171
1331426,211
1040158,199
1255792,178
1378330,160
1302794,93
1411915,131
1302369,118
1134484,153
1419727,151
1321403,206
1028769,194
1313984,180
1056035,63
1221682,80
1002568,93
1255054,119
1181530,151
1247660,145
1151461,197
1043385,193
1154027,197
1313337,176
1449237,697
1420866,623
1230996,633
1036444,538
1158613,772
1317168,737
1066661,604
1385189,526
1327428,1120
1212895,1024
1110618,136
1085758,160
1133637,209
1184081,231
1410147,200
1292973,188
1373391,197
1318034,199
1066826,189
1041770,169
1128915,75
1036796,82
1495717,107
1238113,103
1252052,139
1448172,145
1064804,170
1097704,171
1017698,164
1489247,153
1043262,59
1065768,82
1113838,106
1471676,145
1476130,176
1291979,152
1394751,192
1393045,167
1448276,56
1370348,67
1286862,211
1442399,207
1489786,141
1129044,140
1379305,185
1216016,169
1228377,162
1387910,139
1352055,161
1426244,174
1123307,174
1187131,182
1016479,209
1478596,203
1394265,253
1162586,234
1058953,234
1276377,193
1360068,85
1371280,103
1023669,116
1219542,141
1316408,164
1013880,163
1064488,204
1079799,200
1427116,193
1215881,168
1417277,194
1206235,197
1105979,190
1299770,204
1472997,233
1247176,217
1035903,267
1016929,284
1100790,285
1479035,214
1474849,349
1429831,320
1298145,327
1009025,304
1219314,294
1019977,281
1326829,345
1343998,309
1052262,302
1402114,247
1184166,158
1100491,175
1173954,185
1102454,204
1014336,209
1386947,209
1488697,259
1036702,264
1098488,232
1359565,207
1254718,175
1096729,171
1369718,182
1217617,197
1286578,233
1437847,202
1322492,255
1309498,237
1137040,230
1461366,194
1343254,119
1106393,168
1440560,170
1229099,175
1141119,194
1076364,185
1344236,237
1264716,212
1145320,220
1227743,180
1228572,329
1435819,333
1041203,323
1328928,307
1331644,300
1058015,291
1082947,342
1238939,325
1158689,310
1321731,266
1146271,377
1265318,339
1482215,342
1033033,293
1056742,305
1312218,286
1156082,353
1014030,323
1335399,310
1218567,258
1408337,271
1288784,273
1178037,265
1322672,264
1126772,375
1021990,327
1024324,339
1066118,292
1389581,282
1174172,237
1263405,392
1094102,372
1111871,353
1328174,346
1353691,337
1333805,307
1481693,367
1277844,301
1327740,291
1180851,225
1489645,355
1297802,168
1439742,198
1261421,209
1294183,227
1395845,218
1052419,267
1373422,270
1420267,268
1262326,227
1094044,477
1201394,478
1428524,454
1141719,380
1385522,356
1083350,346
1443671,410
1453498,366
1107034,341
1388982,298
1348122,68
1195043,183
1023820,176
1277956,136
1326556,132
1338236,178
1328575,165
1281640,155
1273491,139
1068138,130
1232383,139
1198565,162
1013266,154
1172129,186
1239868,171
1177634,217
1094700,212
1010401,176
1374959,162
1261815,282
1205802,177
1158437,198
1185619,203
1387699,224
1241704,199
1215503,275
1239569,271
1026880,248
1144032,201
1183974,153
1141626,168
1366149,166
1291788,169
1102782,274
1354607,225
1487646,254
1042342,221
1113528,197
1356527,174
1218491,121
1484322,155
1151767,153
1379516,207
1093013,194
1131842,189
1379192,167
1164653,28
1293396,51
1272003,72
1037765,143
1001642,147
1414348,153
1143714,144
1471305,132
1133739,95
1008228,96
1240884,123
1411585,137
1497767,171
1401894,164
1209535,210
1456302,201
1246946,192
1147337,168
1177147,17
1051057,60
1233695,92
1239403,131
1060753,37
1119891,79
1069032,117
1229488,144
1055325,140
1390803,180
1475741,169
1278947,175
1388606,151
1371081,116
1222683,137
1241053,124
1203040,116
1190765,135
1271271,121
1303527,97
1389418,135
1053095,142
1365299,155
1406978,51
1371746,79
1241146,107
1389119,144
1431115,161
1457241,130
1424409,180
1335563,164
1401836,154
1266690,141
1478944,77
1438086,99
1368420,101
1289617,125
1405882,162
1004738,168
1305073,195
1005418,181
1423957,175
1132799,153
1023989,145
1005046,156
1348128,170
1150426,170
1079960,196
1141648,185
1056058,245
1310662,213
1205504,204
1128779,169
1399692,131
1110338,279
1344252,144
1433165,157
1359495,200
1221849,192
1465226,748
1141860,567
1208459,193
1278981,169
1455218,18
1312752,61
1226109,91
1146029,146
1080487,140
1053540,166
1134540,140
1102820,150
1029112,171
1252841,183
1447963,169
1345192,225
1487792,215
1167627,222
1294557,179
1004475,31
1242141,75
1385315,106
1234172,139
1144864,177
1311445,179
1030912,180
1493213,159
1243020,279
1433764,277
1124103,268
1031825,264
1437782,298
1087645,266
1185456,327
1450862,329
1465438,324
1035890,255
1453860,120
1041241,91
1110918,99
1323227,114
1136649,141
1456699,182
1366403,185
1324878,223
1049721,196
1326657,196
1478019,164
1393811,43
1207811,177
1106883,90
1258707,137
1145823,133
1359971,614
1368559,554
1373869,176
1424334,146
1416839,197
1218844,201
1170492,195
1091303,214
1367373,239
1241826,226
1023270,291
1495450,287
1383578,279
1482218,222
1444590,32
1399766,57
1115507,72
1273428,94
1242533,131
1053728,128
1269124,166
1300935,153
1498558,50
1339600,98
1120015,130
1448047,162
1058173,164
1439659,159
1072117,140
1318647,158
1421019,176
1477029,181
1013006,411
1278451,361
1109484,264
1107714,278
1168641,656
1499828,481
1470180,34
1107668,61
1040244,93
1337508,131
1287186,161
1099744,128
1283746,171
1444198,173
1202765,164
1199433,152
1080300,31
1486308,42
1059653,114
1474599,113
1384693,63
1322554,79
1178760,103
1280994,123
1169970,158
1215801,157
1373619,205
1093145,197
1293553,191
1059909,167
1045506,14
1195197,83
1165390,119
1185989,123
1309434,116
1247782,79
1155368,107
1150198,122
1287438,165
1473418,156
1473086,206
1415610,193
1323180,190
1060321,166
1008295,25
1406013,47
1161177,67
1375519,97
1090722,129
1048023,126
1443046,149
1148002,150
1238277,138
1172788,57
1393553,92
1035358,106
1299647,127
1272919,159
1334372,153
1159056,207
1302378,222
1190534,218
1011587,173
1268964,195
1082167,227
1462810,244
1311154,220
1364772,251
1193167,219
1180673,290
1139384,250
1445987,240
1324588,211
1415824,93
1363283,112
1419755,119
1086173,144
1413277,186
1016959,175
1483464,214
1395407,195
1158140,192
1167044,165
1473056,77
1248411,117
1087749,116
1270524,132
1470352,159
1047720,151
1296849,202
1433596,168
1078212,184
1075257,154
1171351,44
1283654,65
1123687,112
1304243,142
1484480,144
1135766,193
1267957,192
1050543,192
1144794,167
1326956,146
1188873,172
1112492,205
1413955,204
1259051,225
1478797,192
1196861,260
1337536,231
1244907,220
1088470,192
1139397,47
1342523,65
1218415,88
1332894,119
1115820,152
1310215,157
1438038,209
1301300,176
1207357,189
1049307,167
1489999,172
1333839,188
1394740,192
1208062,193
1105498,234
1345238,193
1171401,256
1186923,202
1405756,210
1352556,173
1210059,61
1349592,54
1391378,144
1290510,137
1169717,114
1166085,130
1142943,145
1091779,148
1457944,169
1452906,165
1420162,214
1331177,194
1081036,185
1230194,163
1289562,92
1494991,135
1330838,125
1111071,135
1390004,257
1131461,181
1355543,196
1346717,191
1299881,221
1407705,190
1295754,271
1383355,263
1466509,253
1119188,215
1033089,425
1318359,432
1298800,418
1321396,350
1068992,671
1142258,500
1272163,392
1187745,336
1156399,324
1044889,279
1057232,43
1320833,73
1369479,91
1006298,118
1064762,142
1129316,155
1035694,197
1470238,215
1083401,186
1370288,168
1375236,58
1295197,78
1376197,96
1113687,120
1041821,205
1108999,198
1171733,175
1416057,177
1195673,171
1227566,150
1319822,44
1473225,77
1002219,88
1427842,113
1356650,154
1312521,160
1343939,202
1224754,201
1361200,196
1375139,171
1261700,28
1432738,70
1316698,98
1180814,153
1168545,141
1321009,132
1424621,65
1210629,95
1141894,110
1457583,152
1375272,146
1475274,192
1318787,162
1115387,172
1354710,33
1117073,54
1021595,180
1153428,170
1153751,130
1436928,128
1054276,171
1037192,157
1026121,151
1281292,135
1342195,65
1384634,88
1360973,107
1448657,133
1210194,184
1463652,182
1356887,237
1456771,194
1005761,211
1263233,187
1081095,123
1295977,171
1490516,176
1045075,207
1484827,187
1336250,143
1158108,195
1336818,186
1433602,178
1330516,158
1119881,95
1489802,112
1161807,125
1483303,143
1017142,192
1063060,186
1066390,227
1199793,201
1285908,193
1014062,170
1090029,87
1100027,106
1168048,117
1122277,141
1239782,164
1274801,154
1150293,201
1050718,188
1187229,163
1481854,148
1115935,226
1379826,227
1034449,227
1494433,222
1314973,227
1299718,218
1050411,273
1313326,239
1457605,231
1028118,190
1163547,365
1222222,746
1144242,329
1092325,306
1271702,326
1149836,305
1345268,760
1261549,792
1220364,293
1098869,238
1098789,33
1463302,54
1151283,96
1417011,130
1004415,129
1025892,149
1295957,153
1256602,173
1294220,119
1119592,134
1280859,156
1375368,180
1130751,165
1273306,222
1040504,214
1282341,224
1070446,181
1198253,197
1095728,207
1212520,212
1421593,219
1288418,228
1311286,223
1289986,276
1421436,268
1379297,258
1206791,218
1161084,295
1351984,297
1196384,274
1231951,290
1004647,315
1441493,287
1337172,421
1127689,357
1321298,359
1475476,277
1449997,27
1258363,98
1058379,130
1407103,128
1453903,148
1281020,149
1431191,143
1194658,153
1029622,157
1317286,171
1226194,175
1239666,209
1088324,201
1144598,246
1085401,226
1230963,221
1286715,186
1089771,189
1390452,324
1095968,211
1070305,206
1183331,224
1327461,211
1069534,932
1292884,705
1133018,230
1134748,181
1401228,245
1495883,221
1186113,225
1452283,238
1478258,268
1197751,248
1124970,305
1131633,307
1414498,314
1453888,232
1209279,74
1373404,97
1013139,110
1340194,122
1129388,156
1441579,148
1335268,190
1128265,180
1136500,162
1246191,147
1276289,74
1435279,81
1162830,100
1073000,112
1401183,149
1072044,146
1035271,191
1085183,181
1176711,151
1395665,35
1070135,80
1463031,99
1483255,130
1318108,129
1413088,170
1375547,176
1398482,173
1140432,157
1157084,428
1071457,389
1355774,409
1265739,379
1074567,503
1448820,621
1348391,438
1427610,382
1400131,979
1405867,642
1228200,89
1057561,122
1080973,126
1041492,168
1027189,158
1475924,145
1310318,188
1010555,175
1467609,166
1321932,151
1356983,57
1262915,62
1242479,80
1016202,95
1130121,133
1200066,138
1290975,139
1353668,39
1394143,66
1065122,90
1128401,112
1353148,148
1377111,148
1091560,202
1357578,194
1332402,207
1031326,164
1276097,28
1284109,50
1267460,156
1198100,158
1270388,128
1308702,167
1280892,87
1362773,114
1288832,148
1326830,148
1251729,178
1062043,182
1419475,225
1166145,208
1291777,200
1457955,172
1346194,57
1325434,74
1269059,91
1179248,118
1376126,146
1308022,144
1370470,188
1487779,177
1141792,174
1245821,155
1493372,102
1015693,114
1397319,135
1361853,188
1037616,212
1069003,178
1429561,234
1379641,239
1380619,243
1305515,191
1101987,310
1047110,308
1339318,315
1479870,293
1220382,292
1470691,271
1284825,336
1242012,295
1166976,296
1146827,243
1039223,88
1061702,100
1148419,115
1357744,145
1317350,167
1485381,170
1459186,214
1159770,220
1477445,198
1469635,184
1174890,104
1292473,124
1188656,139
1384836,151
1216650,223
1409048,190
1246782,232
1068780,208
1147387,200
1296580,177
1002279,85
1166240,91
1243150,114
1388951,143
1386008,165
1224735,157
1142767,206
1362483,174
1098955,187
1239456,153
1152313,136
1293336,149
1430932,164
1300078,179
1284526,201
1078971,196
1427939,251
1066486,248
1185418,245
1141599,208
1400215,286
1247779,257
1190162,273
1355682,257
1441240,258
1399620,247
1169123,300
1002043,270
1358854,269
1237549,225
1177959,151
1159030,172
1315155,176
1030152,196
1022652,234
1403044,229
1261360,303
1250564,236
1412208,251
1481851,206
1146927,218
1309361,214
1466185,212
1061824,213
1151262,261
1319965,212
1140038,285
1483664,219
1104312,232
1218581,179
1260659,176
1171808,101
1325488,137
1441608,158
1108947,188
1322938,193
1026148,239
1073403,239
1296867,247
1374201,209
1188533,252
1464491,266
1364844,248
1194071,250
1292957,252
1351452,236
1330418,293
1349506,250
1107763,248
1071025,214
1451749,31
1141262,52
1426163,134
1416107,149
1109049,128
1469962,124
1048165,167
1400718,154
1032396,146
1172572,133
1464617,75
1034668,89
1487535,107
1152696,137
1389891,157
1261414,151
1397480,196
1104924,166
1168000,168
1373268,145
1072684,392
1103729,326
1207433,340
1105905,304
1359815,306
1222246,282
1452554,343
1238125,349
1101607,325
1472622,260
1080956,490
1044579,437
1250099,428
1049132,384
1230152,626
1274608,681
1222984,396
1245282,347
1419732,336
1356967,277
1357398,147
1377246,158
1416156,142
1007490,177
1244788,186
1294502,201
1083790,266
1240964,250
1353443,267
1404746,219
1495669,102
1363126,110
1194682,123
1249099,138
1169404,166
1389391,157
1228033,212
1356727,206
1063529,205
1123761,188
1217656,51
1473669,71
1309566,86
1087211,112
1172247,208
1354486,167
1422321,168
1331642,171
1030455,166
1320982,147
1322377,97
1337290,122
1196913,118
1460320,140
1153742,172
1462187,164
1478440,217
1329534,218
1221070,209
1030670,182
1047663,43
1097854,65
1115528,117
1440671,155
1243528,59
1331317,90
1473731,107
1261584,114
1017120,157
1414341,147
1390714,191
1111735,165
1113139,182
1382163,148
1077114,163
1363975,193
1421658,175
1308751,166
1092608,213
1337744,175
1463499,314
1160082,309
1370253,286
1228452,220
1372445,87
1460621,112
1057891,129
1305397,149
1147034,181
1367941,178
1222993,225
1353139,233
1386779,233
1147372,202
1474421,28
1490720,54
1005087,228
1087532,241
1232497,130
1179522,125
1172252,122
1258413,142
1028216,151
1212479,175
1258609,229
1411597,224
1344894,288
1340890,213
1294652,240
1221638,207
1013719,79
1048034,158
1359469,165
1025208,217
1420334,188
1123336,131
1127683,193
1427154,181
1374026,179
1224238,155
1281588,74
1058708,91
1249152,114
1496799,132
1368119,204
1065633,205
1181948,214
1403753,194
1242671,191
1141635,166
1134020,60
1200607,89
1414515,111
1063015,132
1195031,158
1385813,153
1052650,198
1288831,191
1338846,150
1363882,370
1012992,358
1127841,348
1145990,284
1058431,295
1086764,277
1470381,337
1209282,291
1475925,277
1034380,229
1467152,448
1465667,1117
1226596,368
1230945,392
1132296,358
1288951,335
1312949,1484
1079710,1164
1402174,311
1200214,249
1441014,31
1294079,51
1245940,71
1262561,100
1228009,125
1042616,144
1455308,145
1349678,245
1324969,244
1372061,247
1479677,228
1004495,242
1150150,231
1228822,279
1358085,281
1406245,281
1263663,124
1232131,174
1163541,143
1073589,183
1127608,207
1430822,204
1123111,247
1039277,254
1148728,271
1206354,209
1491344,67
1245780,88
1150550,105
1296322,136
1363297,167
1022421,168
1374992,212
1290071,220
1360420,217
1354178,188
1092576,73
1016837,89
1146781,108
1270326,132
1489539,162
1268557,165
1154429,216
1476508,227
1234783,204
1432128,187
1224992,512
1311411,484
1058810,457
1180280,428
1171237,430
1345370,387
1361205,456
1020415,444
1490702,419
1214923,336
1460611,31
1213443,72
1054892,100
1458950,133
1042596,123
1289149,158
1062037,162
1021922,168
1246387,182
1050369,267
1301966,240
1203616,243
1280359,226
1105804,228
1258734,194
1438001,153
1056305,1169
1275552,128
1200793,177
1020858,205
1050581,190
1348257,1186
1264375,854
1489838,297
1442240,167
1268353,279
1295313,269
1086365,263
1072664,268
1271325,281
1468915,268
1396555,340
1082289,332
1471863,325
1288038,252
1302415,50
1126786,67
1317399,87
1371275,109
1459796,137
1439681,135
1366611,174
1031204,167
1483452,164
1476539,149
1410483,40
1491036,60
1269485,97
1233924,110
1477973,154
1235360,144
1331407,193
1358318,187
1025989,186
1043811,173
1415501,502
1049470,467
1266052,466
1074993,434
1430441,1091
1307721,879
1478265,498
1268385,422
1103038,1261
1332843,892
1073519,50
1461040,111
1471285,123
1040724,162
1249171,169
1452081,123
1146258,180
1044017,173
1006107,172
1221523,151
1344385,95
1436547,68
1192028,100
1028423,131
1021459,165
1391751,160
1058107,144
1029816,155
1202457,86
1325872,99
1006258,136
1482596,171
1477781,156
1043154,212
1099878,211
1233810,207
1032702,184
1480809,220
1038990,207
1410350,164
1087974,153
1360174,145
1471735,132
1139762,183
1480807,189
1251882,202
1042128,202
1440519,231
1417530,205
1484259,272
1253370,246
1018465,240
1029599,193
1361099,60
1072658,77
1217898,95
1231107,116
1293246,151
1228135,149
1415887,187
1426026,178
1362004,175
1375131,154
1298212,67
1157067,85
1295122,107
1274216,134
1252812,163
1088086,168
1261754,209
1333671,221
1318074,217
1232469,166
1183342,166
1029141,167
1387433,172
1038005,203
1412517,196
1358836,253
1099898,259
1323584,263
1009805,213
1159227,203
1223342,224
1464888,239
1450801,250
1493470,243
1377169,233
1032774,293
1456120,268
1210638,260
1042424,212
1350192,82
1440033,105
1351402,120
1114529,155
1432643,183
1293693,180
1293367,196
1383338,211
1003354,210
1154695,184
1136004,112
1307097,116
1071750,140
1390124,150
1013355,220
1475975,223
1437293,226
1243092,212
1369093,205
1145169,181
1063825,87
1295983,125
1459115,140
1131911,142
1143573,170
1115937,159
1452274,205
1086585,175
1254545,189
1497981,164
1416559,65
1125481,96
1276151,118
1370194,142
1357541,170
1079050,171
1165645,225
1217413,220
1092817,217
1277293,205
1485183,252
1094380,284
1315060,252
1493552,254
1434384,270
1019990,306
1279847,275
1089493,270
1439739,232
1189064,69
1361970,108
1308459,125
1336379,143
1024127,191
1485280,194
1146264,258
1163887,191
1050678,216
1198759,191
1342993,409
1055560,368
1107812,356
1267000,357
1163620,348
1062556,320
1029070,401
1035424,314
1039304,316
1355785,247
1252840,83
1170057,74
1380376,97
1441462,127
1053752,160
1337074,167
1116914,209
1234605,223
1040269,220
1326502,194
1242600,235
1271366,226
1125915,219
1473338,214
1349036,229
1100265,220
1350569,289
1466616,244
1379221,237
1326947,197
1473813,29
1395873,53
1027495,181
1002997,167
1452915,116
1239630,142
1069886,126
1151908,51
1401512,71
1333316,94
1070294,124
1171212,160
1152269,154
1372888,198
1425235,190
1446660,148
1365220,143
1106438,420
1149208,307
1053587,302
1470456,299
1447078,305
1049813,266
1221830,359
1032394,336
1141538,332
1367679,259
1272720,289
1481022,282
1212344,288
1222203,240
1318349,495
1120074,403
1065792,334
1313139,402
1400723,261
1344090,224
1461237,83
1086120,91
1232933,108
1317953,135
1153701,162
1457380,169
1177992,217
1243007,212
1132306,208
1102349,178
1479142,49
1380922,70
1330549,88
1285430,112
1163892,206
1175194,200
1471675,170
1425334,172
1128357,165
1219427,143
1493677,92
1395010,110
1247358,146
1240240,144
1259542,174
1218111,170
1336611,230
1303301,215
1012579,209
1153179,187
1118587,43
1026154,65
1426628,123
1395715,116
1216068,42
1258714,83
1216185,95
1427998,142
1368745,133
1221546,173
1086371,174
1392642,140
1447408,29
1206105,136
1268836,151
1286111,137
1198552,112
1388970,166
1346514,153
1441521,127
1247480,47
1490597,112
1000213,163
1019871,173
1346793,225
1321968,186
1163208,207
1238200,179
1079007,67
1402048,126
1020825,141
1324304,162
1422884,147
1395107,129
1315511,179
1280458,175
1016568,166
1389176,148
1187665,121
1016028,134
1462415,139
1020336,163
1316569,206
1383376,236
1429395,206
1353028,198
1143026,182
1009102,116
1022584,114
1020358,125
1330506,151
1137539,169
1028018,161
1163862,203
1230530,184
1131155,170
1090713,148
1179951,222
1457723,214
1306822,239
1169520,213
1497732,244
1165065,222
1004518,288
1216801,245
1167114,234
1327982,200
1315764,416
1237251,600
1465135,381
1205005,341
1121434,362
1440825,328
1023350,1144
1084568,887
1207158,315
1489889,256
1171684,34
1099028,70
1145845,94
1076297,126
1322331,125
1243217,169
1429661,163
1197131,161
1176424,146
1416093,160
1442196,138
1020213,162
1302699,165
1364586,184
1303163,173
1180229,252
1341997,246
1147960,245
1305871,211
1239839,129
1160158,141
1208555,154
1060804,174
1074276,193
1433675,187
1301442,243
1012153,234
1283463,233
1011568,202
1487991,459
1173983,410
1455460,394
1093777,372
1284038,375
1398418,345
1100317,424
1050205,420
1355831,417
1205352,309
1117812,19
1187507,44
1011457,129
1269505,117
1092093,185
1272876,191
1383303,189
1458502,194
1023747,261
1069991,222
1471500,270
1476176,235
1350709,225
1335032,196
1076879,337
1062656,659
1426834,290
1458426,264
1329563,271
1486783,268
1460257,1038
1021535,780
1299660,241
1355379,211
1460540,266
1109530,265
1140660,258
1015607,273
1039868,283
1179336,269
1156949,333
1416864,330
1229607,330
1488828,243
1357349,80
1444390,96
1063846,106
1146800,132
1178839,156
1257808,154
1279711,199
1173475,187
1142151,166
1453811,148
1127057,50
1373401,84
1418621,100
1464167,136
1099840,137
1441363,169
1009825,163
1486357,155
1078903,141
1337962,55
1376906,78
1218064,88
1104338,139
1079072,132
1304812,170
1125197,172
1422466,185
1352120,161
1047024,322
1102777,315
1083061,369
1251353,317
1149589,562
1097127,456
1495930,380
1385548,366
1215768,727
1414645,551
1068176,40
1364233,80
1364564,108
1423013,148
1116729,148
1123237,156
1232919,161
1230330,158
1142498,60
1389988,54
1215805,75
1034507,86
1036452,137
1175443,116
1337742,160
1010245,159
1288211,152
1267896,141
1346875,99
1199426,104
1240750,128
1138618,167
1149289,182
1102916,173
1017666,224
1106702,212
1487597,212
1098178,183
1331327,32
1462161,49
1073905,193
1000380,173
1138868,126
1033486,123
1257642,146
1047803,147
1246340,130
1014026,134
1315279,153
1188897,176
1165067,186
1065299,206
1010051,191
1435027,252
1196131,229
1197288,227
1251652,188
1439531,33
1496216,57
1186355,76
1177200,103
1455577,134
1090001,132
1208761,170
1226903,168
1423338,164
1103810,149
1421075,65
1210247,85
1322916,108
1385551,137
1189895,175
1358912,164
1134301,223
1337366,229
1024231,230
1081336,188
1334406,185
1312641,226
1478725,247
1330625,237
1322160,233
1493176,235
1401269,298
1322867,269
1119772,267
1046510,221
1150288,106
1324267,115
1441751,130
1390749,156
1181666,194
1036614,185
1004792,230
1391550,210
1163155,206
1413929,181
1205702,60
1454933,109
1220578,127
1343850,137
1387572,163
1117169,155
1209150,209
1019692,170
1441344,156
1254542,125
1136802,141
1176603,158
1340138,174
1321675,190
1214676,193
1294408,247
1361085,244
1487225,242
1476364,203
1396170,207
1439116,222
1029205,226
1340752,230
1401840,236
1329672,231
1147453,298
1017140,266
1295838,263
1422043,223
1105195,50
1205040,71
1240058,97
1365659,122
1222239,172
1370409,181
1273441,236
1262804,189
1175785,207
1422436,182
1187958,244
1109561,248
1434574,269
1033891,247
1424493,270
1188565,242
1089009,283
1447457,249
1192636,244
1227524,195
1478225,95
1415631,70
1455622,109
1260616,129
1142328,153
1181346,169
1496795,209
1093473,226
1033302,220
1226646,184
1143077,219
1117887,219
1167183,218
1389242,215
1238107,229
1466306,227
1250420,285
1271945,243
1181613,237
1066252,200
1374036,44
1492052,110
1316849,126
1161969,113
1255438,161
1437428,143
1142607,143
1010649,130
1102030,79
1117071,94
1175372,115
1095747,122
1179084,156
1074971,148
1167812,200
1229440,175
1414406,172
1271005,146
1224868,157
1497155,138
1330797,154
1280679,173
1299109,187
1078691,172
1102864,229
1377131,233
1045486,225
1271657,192
1013278,274
1163568,314
1035134,272
1453924,258
1242112,452
1328774,502
1482353,326
1046966,280
1276295,260
1253177,229
1260226,56
1411677,78
1250015,105
1337063,139
1043837,139
1308940,198
1458855,194
1263616,181
1367996,154
1473223,25
1410509,51
1201828,69
1029994,96
1132590,155
1283691,152
1320652,157
1347707,158
1024189,155
1401716,138
1273502,31
1059327,54
1125014,79
1174617,106
1311410,148
1163684,138
1396950,197
1264284,170
1287395,191
1199233,155
1238242,18
1399512,62
1081462,123
1383858,123
1449012,141
1146539,90
1225650,121
1387823,128
1025159,49
1389919,141
1366353,164
1462136,113
1329665,165
1230382,142
1311631,129
1368971,68
1253684,90
1083443,105
1493905,131
1217220,164
1147901,170
1166225,223
1073327,188
1428894,199
1220082,174
1476123,52
1227002,99
1354703,131
1157900,159
1133698,143
1222949,135
1349351,174
1085992,166
1402411,158
1168970,147
1000121,57
1309103,71
1030633,88
1021972,116
1187246,161
1285859,158
1120598,198
1027293,180
1345841,172
1172393,153
1005855,105
1244463,115
1262324,120
1230360,131
1426771,160
1169581,150
1440278,195
1406927,175
1473278,150
1224295,153
1232647,159
1159985,172
1439329,168
1371825,198
1308807,189
1056665,247
1355328,211
1033485,208
1167571,170
1250796,293
1071801,407
1429716,294
1106133,263
1435076,278
1262025,264
1227005,871
1242523,646
1212286,272
1459181,226
1427098,114
1312958,125
1014001,116
1481946,106
1452327,80
1097734,109
1134494,122
1162121,157
1294270,143
1363905,198
1465173,203
1120799,201
1313703,167
1484433,106
1348987,127
1178504,143
1242843,163
1258554,181
1270294,179
1051906,231
1107709,221
1322690,226
1366614,189
1117909,377
1387886,343
1344564,323
1155339,324
1270105,343
1299390,312
1402691,385
1435663,369
1499834,437
1185266,328
1237110,18
1116388,40
1106605,93
1473729,125
1166622,125
1029223,120
1018802,127
1030588,116
1230579,138
1000916,154
1163834,193
1062420,173
1037052,231
1302226,205
1005678,194
1095882,169
1313401,160
1401641,246
1146686,188
1343078,178
1376033,197
1259435,191
1131938,736
1415856,584
1452412,205
1472537,184
1214618,280
1364865,255
1133180,262
1008164,269
1166614,273
1204365,263
1426744,316
1145434,319
1302570,320
1158968,241
1056709,41
1211183,61
1403943,81
1474539,106
1150521,136
1330860,172
1049031,159
1108108,143
1030576,139
1233091,68
1389024,78
1412346,125
1386934,159
1121174,156
1323222,154
1213475,18
1403371,92
1126656,120
1046942,125
1298678,161
1370968,174
1111518,150
1083594,265
1171318,246
1081759,274
1338433,247
1020719,661
1191824,523
1054201,337
1408379,279
1352836,753
1126752,414
1068042,45
1268785,73
1489368,100
1060922,134
1292555,145
1215011,124
1114342,150
1174381,150
1398181,134
1267040,44
1213543,68
1491297,89
1487429,130
1321137,127
1152850,158
1449044,152
1293409,151
1420343,141
1216168,54
1393536,69
1172903,119
1040248,145
1027819,143
1302314,194
1380981,185
1496803,185
1315046,163
1232718,42
1420003,90
1391562,124
1009784,119
1055315,157
1454173,145
1281401,72
1097202,95
1132518,107
1291236,126
1406117,161
1346714,162
1191410,204
1275019,198
1250849,193
1451903,165
1430887,35
1298742,56
1390131,74
1419763,129
1070037,130
1081843,150
1091185,155
1089335,140
1018974,153
1089923,158
1061591,180
1372023,202
1089056,195
1443312,249
1165874,250
1441628,299
1188416,216
1289201,133
1275470,133
1119919,150
1063131,164
1320694,183
1188527,188
1004507,242
1109296,217
1045706,226
1154017,191
1249671,92
1135295,105
1265976,117
1385434,146
1155714,171
1430856,168
1148716,214
1404257,210
1426656,207
1008950,180
1129558,63
1491166,86
1138952,106
1054087,127
1288016,159
1440743,167
1355736,207
1409385,192
1412256,188
1408387,159
1170902,58
1278003,76
1430621,107
1096892,138
1095830,139
1156213,167
1480615,175
1188126,170
1178819,150
1230380,156
1346678,176
1277900,178
1420768,192
1206978,205
1175333,202
1488302,259
1355175,253
1190308,237
1161328,202
1124650,127
1022714,126
1295553,148
1401083,153
1173065,186
1198959,182
1054906,235
1181597,218
1468666,216
1486532,182
1240209,133
1182135,155
1212347,169
1192604,180
1453727,209
1344150,212
1293329,270
1247615,217
1230168,234
1218623,190
1106482,180
1224475,193
1008740,196
1413584,198
1072859,225
1136158,205
1278807,262
1499074,220
1120923,214
1370620,172
1368711,116
1210049,86
1043535,117
1446240,142
1092746,167
1399286,166
1277933,214
1104911,217
1483091,219
1265203,190
1233669,219
1090616,219
1384865,218
1195450,218
1044873,226
1370005,221
1433199,268
1117633,239
1357097,231
1034463,198
1018868,41
1160479,110
1498867,117
1486013,115
1088819,158
1055319,144
1433933,142
1188123,128
1373011,100
1239312,111
1203643,130
1165037,141
1474320,163
1220537,152
1426208,210
1009398,216
1244519,213
1469983,157
1026366,108
1368308,125
1065778,212
1119688,109
1360028,235
1497401,190
1181755,200
1339401,191
1098229,165
1079642,153
1240618,92
1454523,107
1127908,130
1137267,137
1432625,161
1090433,158
1173379,208
1020333,206
1261895,197
1356790,166
1111869,23
1464999,47
1291641,96
1238288,146
1398779,151
1382490,139
1313356,132
1098373,148
1445551,169
1161659,170
1234799,187
1430511,185
1118431,246
1302929,230
1019797,224
1292764,188
1185766,120
1401710,81
1134227,97
1322698,122
1005828,133
1148634,117
1401112,117
1396750,143
1265951,137
1386843,95
1004313,121
1041032,127
1370332,161
1482514,153
1497233,146
1178054,192
1369446,178
1284559,169
1300214,151
1269393,122
1092013,115
1102465,142
1237518,157
1354195,201
1438434,188
1033807,227
1395793,197
1038462,195
1346626,169
1423116,171
1009513,184
1170173,178
1425176,167
1137715,197
1359285,192
1193489,257
1377436,222
1487481,207
1098551,177
1187281,515
1430870,824
1410217,422
1048131,385
1364347,367
1117008,538
1328770,1007
1345869,689
1071799,325
1330035,267
1032173,43
1495208,122
1383002,128
1402872,49
1435861,64
1178853,112
1122331,141
1240938,130
1296533,178
1466523,183
1334815,185
1308211,24
1256813,48
1266863,99
1296573,147
1493672,154
1183189,141
1402501,73
1305350,93
1416500,105
1061620,140
1356623,177
1135009,169
1039371,232
1358442,243
1330108,250
1368952,196
1462550,38
1369178,60
1127368,121
1115599,125
1038256,119
1331730,151
1497225,166
1081286,209
1304131,186
1481379,233
1169752,211
1302845,208
1195185,174
1149992,245
1122208,572
1460719,267
1378323,235
1256770,241
1422410,250
1345825,576
1246051,641
1090476,239
1450161,200
1356370,90
1245069,96
1295639,118
1305904,144
1292177,179
1317384,176
1121211,231
1021640,239
1210569,246
1442046,194
1321821,29
1064144,70
1453686,91
1167008,127
1039041,160
1498885,148
1184297,131
1093750,57
1450524,71
1318369,131
1076401,159
1343116,161
1145496,141
1351476,268
1052953,255
1076286,282
1093380,258
1261614,629
1255779,397
1444017,339
1275886,311
1248091,806
1182264,389
1338299,68
1369916,124
1102096,147
1095800,116
1198327,160
1250772,158
1160375,155
1107432,143
1060946,20
1042183,50
1369620,69
1122156,85
1175348,121
1363391,147
1063775,109
1495203,117
1101411,130
1092440,145
1145502,167
1466400,163
1079464,212
1049098,202
1142848,204
1213627,169
1343897,42
1036537,87
1243770,110
1180979,125
1039804,118
1369285,162
1054396,145
1278952,127
1377409,189
1360361,194
1377051,201
1164969,201
1140859,225
1291354,216
1358775,262
1346906,241
1013720,235
1292460,190
1244578,30
1474430,57
1322499,88
1365197,112
1362232,148
1371779,142
1264908,197
1458255,204
1348866,204
1013564,165
1247790,328
1475065,309
1091144,315
1401772,273
1055430,289
1216862,279
1087415,336
1363888,299
1353104,283
1281332,237
1006892,18
1498669,44
1181152,123
1246156,163
1185338,162
1179564,141
1271415,135
1079926,136
1491328,159
1370913,172
1150110,204
1289002,195
1154816,237
1161426,209
1425253,206
1055652,175
1366540,23
1466142,49
1282021,75
1471786,106
1471184,138
1158034,141
1044415,195
1190027,184
1025744,164
1449443,350
1091600,323
1252477,326
1368442,290
1061735,299
1141220,283
1014144,340
1228466,301
1235177,282
1463183,234
1198427,72
1362374,101
1319966,143
1076970,145
1072338,201
1324663,164
1099626,65
1184336,86
1239385,112
1367023,122
1220533,160
1268409,157
1409006,205
1365750,176
1155946,176
1049715,44
1140522,64
1308262,153
1075712,163
1318240,173
1046741,154
1442998,78
1143694,107
1499298,134
1351721,139
1336045,159
1416593,161
1493857,218
1105475,230
1449195,169
1093850,161
1340596,73
1011398,106
1103720,122
1067294,114
1046037,550
1165089,516
1065795,477
1046290,431
1158811,409
1485195,374
1263562,437
1450493,450
1081449,424
1280539,351
1222518,718
1395897,697
1491382,646
1027914,609
1159704,1198
1256817,925
1227051,539
1191531,443
1284327,415
1423686,370
1049725,182
1215092,211
1495796,207
1438076,220
1128271,193
1481158,245
1063232,314
1057013,323
1367340,304
1093991,243
1351594,125
1370272,151
1485920,157
1020051,161
1102709,183
1069020,180
1072489,237
1428154,235
1119021,221
1294168,199
1428679,62
1018876,83
1286035,101
1189314,125
1401061,238
1408505,189
1256086,174
1471256,179
1046971,170
1339604,154
1004476,128
1179367,147
1282419,169
1314155,176
1480818,185
1213921,182
1054327,236
1402384,234
1489585,233
1284450,203
1095362,42
1295510,84
1079425,109
1127426,143
1492121,138
1275922,179
1444429,178
1028719,173
1234695,154
1157221,82
1279092,127
1177494,138
1087017,152
1466728,174
1439667,172
1360145,224
1419779,183
1433653,203
1163712,168
1187024,282
1441270,295
1477046,252
1323027,271
1411082,290
1195466,263
1263804,342
1062879,360
1008287,309
1456652,250
1277897,151
1496861,164
1070216,175
1136807,191
1244852,219
1122945,212
1042841,257
1283397,264
1394281,264
1425621,223
1199897,62
1058203,76
1083931,466
1141481,309
1475372,139
1111675,143
1257162,194
1122641,179
1006713,172
1242123,150
1140599,311
1287375,300
1106683,286
1178326,278
1062658,319
1442310,316
1031482,376
1274961,286
1193794,298
1173046,256
1073405,111
1388386,220
1015635,220
1265850,275
1275880,201
1255232,145
1087043,206
1369894,203
1271614,199
1423644,169
1365843,143
1277788,149
1331408,164
1366942,176
1131169,241
1319595,225
1083661,234
1468982,228
1437287,220
1346942,190
1387120,126
1274992,128
1334251,150
1042062,169
1347891,190
1224265,185
1052043,233
1334827,218
1073391,167
1152066,450
1291763,424
1419497,402
1343368,325
1406483,338
1387465,314
1292366,383
1050874,349
1305270,319
1267518,264
1488118,494
1150157,1631
1447158,449
1373666,432
1053742,391
1142160,359
1318873,1848
1405202,1563
1483332,381
1021804,278
1069078,50
1090320,63
1286831,82
1375719,109
1076781,132
1067044,135
1067311,175
1431689,172
1272650,170
1005375,626
1304158,537
1441552,514
1184251,430
1093975,400
1293881,364
1339191,434
1217665,448
1152701,428
1058476,362
1135586,362
1065825,332
1423534,351
1280440,329
1053814,322
1256199,319
1119525,355
1475701,351
1047518,343
1497173,263
1027610,113
1118499,130
1376750,143
1372751,166
1014613,195
1499206,199
1394950,242
1270313,249
1388225,248
1102682,211
1373049,150
1374934,166
1466642,171
1196961,188
1204608,206
1302893,200
1211146,261
1447746,255
1279444,248
1443192,208
1173972,2016
1350644,1800
1103990,1559
1093038,1188
1435909,993
1158632,857
1044666,904
1022214,828
1109852,790
1103251,664
1245151,42
1091280,65
1216346,84
1075875,111
1262452,140
1067301,140
1411464,179
1255011,175
1405681,171
1242338,154
1219724,321
1058377,275
1195401,292
1484640,279
1430136,413
1194693,383
1238795,327
1445130,303
1495302,292
1457745,256
1228826,164
1032558,1515
1116835,178
1281436,203
1392727,227
1107967,212
1497229,1538
1412855,1269
1176830,249
1181052,199
1026093,860
1185453,833
1315380,739
1413823,676
1010266,610
1091121,559
1126295,649
1322521,620
1345620,590
1273456,434
1017181,68
1437992,87
1342908,107
1028601,139
1396722,164
1467939,158
1149914,207
1399635,200
1012701,137
1244464,53
1386370,76
1216014,93
1368555,116
1113123,146
1345794,143
1119492,188
1111125,178
1412767,179
1450857,151
1173917,77
1155630,79
1356121,110
1050288,128
1162283,149
1489209,150
1351254,203
1216122,204
1321233,199
1378592,170
1243144,840
1179049,823
1122106,764
1128795,717
1161911,1697
1291485,1408
1164130,677
1304828,587
1375598,1654
1226809,1197
1055745,63
1373254,148
1254780,151
1064535,216
1262880,206
1210758,135
1241336,193
1340262,182
1179825,178
1194213,155
1408547,195
1221819,118
1075060,144
1122942,109
1101877,165
1394784,161
1193406,193
1286648,194
1422458,169
1375901,175
1108850,212
1315916,215
1474269,213
1054140,205
1120723,229
1305234,212
1301459,270
1376519,253
1134580,251
1485791,216
1451083,68
1445603,399
1484744,326
1038904,145
1031321,141
1407540,186
1039587,171
1156578,167
1312025,145
1040401,311
1114965,292
1104316,291
1112568,265
1428843,280
1230914,270
1075523,316
1488572,305
1070158,294
1326706,239
1088269,69
1056626,82
1103377,101
1083185,118
1311976,147
1494852,146
1424685,188
1365452,184
1144977,183
1487150,159
1269737,169
1220695,178
1260241,178
1413776,194
1096175,224
1028988,217
1163114,260
1379872,269
1434750,266
1149128,227
1050787,519
1393875,500
1012578,473
1198302,443
1145147,427
1088945,386
1031019,446
1451871,455
1484128,420
1403902,331
1230428,350
1258533,363
1461975,369
1051521,323
1449613,343
1301242,330
1388334,357
1462301,334
1256292,307
1375741,268
1272397,105
1030881,124
1389672,138
1082933,157
1255464,179
1180074,175
1476554,226
1316356,215
1492732,185
1086058,213
1028415,204
1239901,206
1252904,216
1201095,298
1150029,245
1353626,264
1480847,251
1008536,249
1335480,215
1401571,127
1090332,186
1387352,239
1457410,202
1463710,213
1023300,196
1303377,254
1370092,211
1226369,221
1125244,180
1435758,85
1449932,106
1115199,129
1384407,150
1478571,178
1074049,179
1205729,236
1437531,234
1214154,230
1128210,208
1472617,314
1484423,333
1379556,331
1151642,345
1491312,343
1154462,317
1126102,354
1016428,318
1395652,302
1008390,257
1099643,277
1405566,267
1334187,263
1144637,258
1223108,297
1104258,296
1476710,357
1175881,272
1457081,287
1336815,240
1179494,983
1424073,880
1245852,763
1365636,738
1106708,642
1153454,557
1249506,666
1172413,516
1444494,480
1478307,385
1391175,307
1013490,186
1085873,213
1115883,238
1368173,248
1471715,239
1016398,292
1077222,288
1165593,288
1491929,244
1384377,569
1032299,530
1202009,483
1439062,421
1265686,399
1051255,370
1424001,427
1280472,379
1294818,351
1388456,296
1416231,47
1083836,66
1331096,291
1368030,267
1345512,130
1292810,132
1087300,178
1343012,163
1161779,154
1319688,139
1333542,115
1486982,125
1107205,140
1390807,168
1466492,190
1334010,180
1270293,229
1074290,217
1041760,171
1445115,162
1264796,417
1023315,331
1210647,334
1426497,309
1235375,313
1350360,272
1469630,345
1277210,344
1146622,318
1036876,256
1425196,201
1491984,193
1344138,212
1283089,194
1170506,422
1411866,297
1194304,274
1113435,214
1237466,221
1271238,194
1363159,133
1364616,146
1429146,155
1464202,169
1068354,190
1005203,181
1414175,246
1481232,216
1129914,224
1238863,188
1008215,26
1411724,70
1245081,96
1484308,157
1202024,163
1052405,157
1042014,158
1000162,155
1027805,140
1311397,149
1477907,152
1216651,158
1123580,181
1417666,201
1002038,194
1084662,248
1489354,232
1158075,228
1042125,192
1251613,16
1168245,40
1160402,61
1422509,122
1158511,154
1147099,150
1320661,68
1384396,82
1132599,103
1146902,124
1261255,157
1257915,151
1345160,196
1337595,179
1390310,176
1062489,23
1063831,121
1255299,131
1413299,115
1168202,159
1057456,126
1266795,39
1169272,59
1102241,86
1211490,114
1399529,161
1378037,171
1040540,222
1146566,185
1331389,206
1315441,177
1372739,49
1421522,89
1259696,115
1129512,142
1067118,133
1438160,131
1051817,169
1499922,165
1111061,160
1066167,147
1314843,82
1347403,99
1212494,119
1279696,141
1138980,181
1198904,179
1222111,211
1438733,201
1398572,194
1319182,166
1185945,49
1093579,65
1032870,89
1214375,110
1177759,147
1274988,182
1427628,166
1142944,136
1384967,266
1061803,262
1465247,262
1378051,235
1009948,246
1480310,227
1382879,293
1456342,249
1010920,242
1056436,204
1429213,217
1382855,489
1200363,201
1084567,239
1498562,254
1469153,230
1037102,1168
1427400,868
1409674,240
1459589,201
1341539,22
1358202,42
1082994,126
1280847,131
1137255,281
1449924,182
1146408,188
1109325,202
1089155,212
1260361,191
1069628,260
1476185,267
1304452,271
1456018,211
1168634,62
1050143,82
1448384,103
1492295,132
1368624,143
1036112,159
1483648,206
1406961,213
1386811,209
1323791,178
1334064,291
1474493,296
1452523,279
1109460,285
1397686,394
1436925,301
1271835,357
1266289,361
1172743,437
1028916,352
1315521,17
1072330,122
1337149,133
1275118,137
1162539,125
1196722,116
1490941,133
1040784,135
1294243,156
1352466,208
1452753,190
1050510,229
1115545,206
1188052,206
1071305,182
1247277,65
1052474,438
1108974,120
1371893,125
1367438,156
1449624,151
1484270,855
1183169,634
1286878,170
1144960,157
1053700,299
1196897,264
1100864,271
1095250,279
1314012,298
1177213,273
1312239,335
1371943,332
1269951,329
1124463,255
1490942,43
1170667,58
1143819,78
1179359,95
1475609,131
1027289,164
1378115,162
1021057,158
1449942,32
1249222,47
1208517,67
1062744,93
1243058,132
1293688,124
1100724,162
1439573,174
1373315,172
1222836,153
1335629,277
1278780,253
1067138,274
1438654,254
1115605,727
1129879,565
1107382,349
1430066,303
1125215,977
1053604,675
1384170,33
1136582,93
1349156,121
1058093,146
1483101,118
1029890,161
1474722,152
1475193,57
1135844,60
1398655,69
1315808,87
1103978,135
1470282,133
1269302,157
1227936,136
1408686,134
1070194,135
1403968,159
1123130,186
1245806,218
1495941,184
1470501,243
1015807,228
1391639,238
1482372,182
1391156,22
1045104,42
1103952,130
1454713,137
1375968,125
1007084,117
1052745,163
1158748,103
1286519,124
1309602,144
1372560,170
1128131,191
1162379,180
1456855,232
1248994,215
1472655,217
1455569,176
1122155,48
1220591,69
1075151,97
1276712,132
1499384,139
1359818,129
1079711,88
1233988,114
1397501,123
1009945,143
1299667,185
1393892,176
1234576,236
1134369,234
1353368,238
1340396,189
1440443,375
1127755,394
1073642,410
1442597,362
1123801,333
1016113,317
1077256,378
1417275,333
1127001,316
1426278,272
1476353,124
1446591,143
1060246,141
1423262,135
1142875,157
1381048,160
1457123,224
1159627,203
1389785,230
1105548,206
1149460,211
1274740,185
1080233,51
1031203,81
1139190,107
1104740,124
1290913,154
1430451,153
1335989,198
1162693,176
1305141,182
1013437,155
1233671,54
1320120,76
1025076,96
1223519,125
1054214,155
1308065,167
1240654,210
1200050,214
1345355,209
1068268,181
1270445,262
1343543,289
1155966,301
1283403,263
1121260,260
1480060,258
1334159,319
1491288,285
1211269,264
1478541,229
1452943,48
1417264,67
1191088,88
1396054,119
1292602,158
1297445,176
1453344,221
1211395,194
1014021,206
1346976,180
1048031,258
1456955,256
1381063,280
1277432,284
1099897,267
1250071,247
1463021,305
1353948,240
1033537,247
1486601,190
1420868,68
1180967,57
1168582,112
1200756,146
1231412,147
1169013,218
1331116,224
1125203,205
1348911,178
1086613,263
1421320,255
1090620,247
1069506,233
1325531,237
1083569,228
1313290,287
1080704,244
1164623,241
1302218,211
1194353,81
1132414,106
1031339,306
1169426,197
1079503,215
1097103,225
1285304,242
1402825,204
1089017,285
1010820,263
1015441,264
1231147,221
1105986,239
1348536,229
1433325,225
1167618,187
1277541,430
1444093,385
1263410,256
1451230,238
1204224,215
1397681,207
1182144,96
1495363,108
1424798,131
1166644,144
1437121,176
1336858,165
1452469,214
1033949,211
1049040,201
1323615,174
1269746,38
1433619,58
1001640,79
1194935,106
1188770,171
1081277,150
1396237,163
1361791,164
1142156,160
1301647,144
1194788,81
1118413,95
1463339,115
1322713,134
1217125,165
1149362,156
1063625,216
1315041,211
1337564,199
1400460,170
1319113,16
1346923,91
1006410,63
1374185,75
1128146,118
1107192,147
1429267,144
1348839,187
1062422,159
1152761,176
1103794,147
1116108,22
1030078,47
1442249,140
1255211,149
1128793,126
1385567,119
1261731,163
1401816,152
1088743,145
1108362,62
1418907,83
1440868,112
1073521,154
1271078,140
1032225,197
1383271,178
1178834,190
1302037,169
1245159,68
1066967,88
1183823,114
1359292,179
1488400,160
1175823,126
1100095,180
1302501,173
1007438,163
1320986,147
1218892,92
1244188,107
1285096,115
1236380,133
1063163,169
1204772,171
1093786,212
1174817,190
1486767,187
1488426,159
1293017,48
1097133,69
1374574,93
1085531,139
1361255,135
1472554,174
1064428,170
1044578,151
1432364,141
1154515,144
1077412,148
1372989,167
1085876,162
1232949,196
1109936,188
1487950,246
1097184,201
1140272,208
1493015,173
1109605,327
1070941,592
1103072,279
1451491,272
1176188,286
1132187,268
1360286,891
1008508,642
1390829,267
1390931,226
1155697,23
1208514,42
1387955,63
1091512,95
1163909,116
1054161,134
1221242,133
1075306,115
1472117,136
1361785,154
1299678,175
1478932,153
1477313,222
1028047,219
1111646,219
1100366,184
1342337,46
1439494,68
1006332,89
1419759,118
1395664,148
1129361,152
1380842,197
1050958,196
1105354,195
1450106,168
1409427,306
1100468,316
1411863,287
1010693,294
1004925,321
1265382,300
1239027,362
1462013,355
1464784,350
1440692,273
1087631,114
1202597,120
1489659,140
1327758,145
1234609,164
1039028,201
1470903,200
1195946,237
1033329,209
1214830,204
1240032,176
1099603,195
1353172,454
1019198,201
1391487,186
1386397,201
1370849,206
1055063,764
1398646,579
1124512,200
1209189,177
1000264,234
1253533,229
1109365,230
1492072,239
1369989,258
1233753,253
1113550,304
1119683,304
1351878,310
1143262,232
1272587,33
1290655,53
1166069,75
1099209,97
1004210,132
1445895,140
1493529,143
1128880,66
1306327,82
1443388,96
1232007,129
1473506,129
1408066,167
1055072,163
1295169,158
1398942,144
1224218,29
1258934,47
1154519,96
1335469,129
1333990,128
1404629,161
1113566,165
1403272,149
1265773,246
1199865,285
1246934,328
1122674,282
1218607,617
1117180,526
1395756,363
1200879,308
1354961,747
1254236,508
1378973,52
1365889,71
1404113,97
1420948,151
1085578,133
1461775,165
1222138,153
1446108,135
1080246,68
1195326,125
1082828,96
1269378,101
1349534,135
1333349,159
1363871,175
1004201,170
1208483,222
1308393,206
1176480,204
1267608,177
1229780,23
1474801,131
1196064,132
1094602,115
1341838,168
1471444,145
1443416,144
1350236,131
1463712,113
1162339,140
1104304,153
1313355,161
1452462,188
1036900,184
1390732,227
1318748,213
1417446,210
1400458,179
1281325,53
1335270,72
1432911,100
1243734,130
1412550,163
1096371,161
1414904,160
1268663,145
1016463,61
1014561,81
1023254,98
1261641,120
1242929,158
1066835,155
1084108,207
1273171,223
1310686,219
1429564,176
1024089,191
1250260,191
1079833,204
1205357,203
1391126,222
1033330,215
1362777,268
1205882,244
1370541,244
1175659,204
1027143,46
1493357,102
1455534,117
1178953,136
1365007,155
1331624,190
1051517,177
1111575,227
1343235,205
1409057,198
1225360,167
1485114,55
1120103,88
1049722,105
1284522,124
1342647,156
1086255,153
1434155,195
1487073,174
1210002,183
1336168,150
1179146,92
1077679,115
1356561,129
1445899,154
1056607,178
1471104,172
1157790,224
1281062,219
1128363,211
1147010,182
1079844,182
1343311,161
1222710,181
1444309,179
1430049,202
1107484,201
1449523,256
1204458,239
1349810,232
1233956,193
1267409,55
1020645,72
1076446,92
1158633,120
1137733,158
1330234,209
1165516,178
1232019,191
1087910,166
1153545,216
1291261,216
1132971,225
1184517,221
1481481,241
1072917,226
1124052,278
1120927,216
1270649,230
1318939,177
1085957,72
1308794,57
1456287,97
1171254,122
1120570,151
1457111,152
1299687,199
1274831,204
1202928,206
1223002,178
1369030,191
1243985,196
1334645,198
1133418,193
1483507,210
1182900,204
1029886,256
1218586,226
1305277,215
1468483,181
1391127,24
1001197,45
1185326,114
1049627,131
1006124,126
1298818,136
1179858,137
