id,num_orders
1177098,859
1486011,819
1301735,805
1273097,724
1450902,725
1158165,708
1077876,824
1479002,884
1281555,839
1220629,709
1287288,1477
1149272,1511
1430093,1483
1157251,1533
1364131,2547
1227970,2269
1411427,1466
1033512,1342
1249878,1336
1449349,1017
1386036,430
1177651,421
1261268,421
1316488,415
1297387,419
1240915,371
1140431,455
1013079,441
1361178,446
1097810,354
1391435,159
1099528,168
1117969,164
1054117,171
1103779,157
1285350,170
1367217,203
1416683,196
1118412,195
1293675,180
1330467,167
1189762,177
1408479,153
1375495,133
1361615,288
1498846,199
1145843,144
1310857,137
1315483,124
1074295,110
1279057,121
1092985,109
1259030,122
1326687,131
1373522,121
1157350,117
1250173,164
1152295,150
1348202,162
1284570,128
1158868,32
1047566,34
1209129,33
1004886,36
1195396,51
1271245,51
1093884,46
1259014,40
1399101,219
1437934,328
1416330,275
1302476,293
1146657,308
1057285,302
1349227,364
1368165,208
1422379,254
1086047,231
1002589,726
1017711,698
1211204,698
1345688,683
1210501,709
1084025,722
1239272,770
1022695,734
1011110,738
1005560,673
1225988,122
1366211,117
1324708,142
1184103,128
1310794,135
1388767,135
1272864,165
1133154,186
1344662,169
1038802,155
1467437,105
1329046,93
1057669,501
1331479,429
1232705,89
1401490,96
1196960,119
1119175,117
1149199,124
1297151,107
1408811,487
1237636,469
1008635,494
1481250,472
1481724,959
1458403,826
1438049,790
1197105,492
1181471,529
1352308,485
1399262,256
1398440,308
1472243,366
1342553,408
1303872,333
1374742,194
1160087,246
1449481,242
1409784,229
1181977,210
1236099,157
1088551,153
1438339,141
1374498,138
1173658,213
1008292,258
1045869,191
1284400,171
1228589,162
1136450,145
1192132,250
1277023,230
1226033,245
1383481,239
1345596,235
1346637,222
1099736,257
1070940,242
1283616,186
1412687,191
1078901,861
1229539,853
1340614,849
1428262,799
1018915,769
1038769,784
1103105,864
1360988,816
1298022,788
1492789,650
1051818,875
1147532,1795
1246221,900
1000164,845
1315204,850
1268614,957
1303680,3765
1399880,3157
1494417,1219
1272597,943
1418909,96
1396660,88
1175187,81
1317753,75
1034244,56
1040435,62
1349623,81
1431405,80
1179430,70
1176893,61
1449984,832
1292983,804
1115570,776
1200857,713
1344262,719
1203477,703
1187267,842
1044893,832
1220430,832
1320834,738
1198931,562
1430253,472
1196393,543
1480687,554
1097181,550
1499604,561
1408309,608
1053367,608
1066051,523
1073193,489
1161079,82
1134692,80
1444677,86
1417557,81
1292994,90
1461469,92
1382786,114
1259677,124
1148205,120
1325721,114
1179236,99
1447264,107
1007165,118
1094157,118
1037639,160
1043566,143
1071289,152
1230721,172
1281633,161
1381624,152
1134786,1713
1052017,1732
1209585,1675
1115016,1660
1101235,1710
1448019,1789
1315737,1852
1039269,1855
1436545,1919
1445418,1696
1252654,87
1067370,98
1415662,91
1423314,97
1367043,94
1234416,91
1368612,110
1175687,110
1126635,106
1215026,91
1307333,472
1077544,444
1461548,457
1155304,425
1076344,637
1479849,770
1337089,570
1436130,445
1097496,425
1095473,347
1397206,304
1132317,1167
1249794,375
1235645,349
1267815,339
1024354,347
1106620,2545
1277874,1743
1128160,405
1088442,303
1008071,568
1351714,601
1278748,598
1033118,629
1432496,638
1231141,646
1026727,745
1077204,761
1438728,756
1424161,664
1232750,177
1240251,171
1324350,167
1315410,175
1492833,163
1136861,153
1295531,192
1280308,182
1167103,138
1389109,139
1355488,96
1216663,105
1363746,113
1128710,102
1042523,118
1110118,106
1290610,126
1145669,118
1286261,110
1325159,95
1011543,141
1058360,137
1007123,132
1412939,126
1014783,128
1113754,130
1273175,151
1248159,171
1457927,139
1115454,137
1214752,1685
1058556,1752
1353953,1802
1408738,1553
1483186,2681
1052629,2524
1466020,1748
1051717,1694
1431922,3601
1216601,3230
1238090,151
1214968,178
1079476,189
1165310,265
1176334,247
1012940,115
1250538,190
1199727,161
1467998,179
1007279,154
1061973,243
1281392,169
1023051,201
1158061,86
1142648,122
1404159,122
1348850,120
1379341,110
1403602,94
1229591,106
1009044,236
1066687,220
1167748,221
1075832,203
1151308,210
1262900,195
1080258,240
1497570,232
1316773,220
1173901,188
1020490,72
1054376,78
1066575,515
1428927,471
1195774,81
1482761,86
1359976,114
1054274,106
1197821,109
1048829,101
1273910,313
1238143,346
1474729,343
1350239,339
1440237,334
1105342,331
1001956,389
1114835,349
1115501,356
1184958,282
1155995,206
1040659,191
1311681,192
1433355,166
1271815,160
1242344,161
1200743,200
1436480,193
1279838,166
1251356,142
1076920,143
1489348,139
1249911,145
1429083,142
1014635,155
1274715,160
1084623,184
1486084,189
1007567,190
1005224,175
1018869,426
1079368,428
1093376,435
1041123,412
1430566,437
1040612,429
1392552,498
1281620,474
1005866,470
1037632,394
1386889,536
1173359,553
1367247,615
1482433,542
1257584,547
1114301,605
1421477,541
1010322,507
1366678,506
1190900,406
1268984,203
1082662,212
1341057,203
1198596,199
1360054,213
1316119,206
1182553,229
1312899,234
1279295,222
1179644,205
1195643,295
1400933,279
1006845,287
1244972,276
1211835,443
1245361,419
1205492,361
1459875,322
1369352,298
1279631,245
1197470,302
1364127,391
1473365,393
1413843,514
1116354,416
1185582,380
1359183,446
1259615,262
1175328,302
1017133,275
1073550,247
1052320,278
1218304,267
1403013,290
1213321,277
1059546,273
1037013,338
1030517,326
1413036,328
1010010,292
1446578,548
1465365,607
1026935,649
1117406,599
1304553,571
1221568,576
1385364,645
1387510,530
1020597,562
1419393,456
1003760,369
1207260,375
1110869,382
1146477,368
1207346,757
1408082,661
1376120,650
1407386,408
1497500,460
1194367,417
1272083,1175
1099221,1162
1406384,1122
1360566,1307
1050703,1187
1419040,1165
1255087,1175
1169109,984
1231535,1003
1475079,832
1121637,772
1286192,401
1076099,461
1135164,489
1243831,549
1247648,453
1080752,490
1006812,449
1205020,442
1281256,398
1185139,743
1297480,757
1051229,777
1012762,751
1005712,744
1290480,737
1107751,825
1448045,754
1320697,717
1343551,604
1465107,67
1041761,76
1359065,443
1083748,397
1174518,75
1309393,83
1173584,107
1362180,98
1402804,103
1379904,97
1234402,204
1232348,210
1186038,209
1228924,216
1420063,207
1224017,206
1456472,241
1387675,225
1043351,180
1426735,186
1190633,670
1234168,647
1187850,633
1461408,568
1324628,555
1043320,557
1112006,647
1431890,663
1142113,642
1473136,525
1129467,863
1440344,901
1199647,895
1329067,1019
1310720,1509
1187699,1737
1490972,875
1188019,891
1393545,870
1196202,615
1289523,313
1306275,333
1123768,319
1495866,311
1251443,329
1112488,306
1248124,358
1361909,342
1484093,345
1137757,305
1049366,123
1442356,124
1344308,122
1057310,107
1450163,119
1249769,107
1328737,144
1358230,137
1245395,138
1227902,129
1141892,90
1023603,79
1009205,73
1401622,66
1056837,195
1399479,139
1380035,79
1187248,84
1052075,75
1190890,65
1224120,132
1083028,140
1435741,124
1227990,133
1102401,143
1494941,119
1405194,164
1160706,161
1389486,153
1475674,142
1117711,31
1268268,30
1084245,30
1436228,30
1044490,79
1119951,122
1148469,127
1040533,134
1182305,146
1058670,138
1069033,154
1052272,108
1102729,113
1439572,103
1091114,400
1066926,436
1042657,401
1126990,406
1135737,424
1264507,426
1220181,504
1483607,471
1465019,469
1142488,421
1103283,203
1398797,181
1198936,179
1206071,154
1148030,190
1293650,194
1200910,188
1285518,195
1080615,217
1254886,216
1083754,89
1462240,492
1135487,425
1018722,95
1172707,108
1162264,97
1086936,281
1207218,275
1040287,290
1430895,293
1029036,393
1338150,491
1352621,566
1068287,304
1032470,320
1455331,286
1244516,94
1327333,218
1077866,210
1157697,245
1359546,149
1083789,79
1186701,115
1307736,104
1169772,107
1423832,94
1052776,134
1017418,130
1084980,116
1049695,115
1152112,267
1073128,218
1400065,152
1078686,125
1442361,125
1438146,107
1229328,56
1154798,63
1258593,64
1214967,74
1415050,66
1249408,60
1217205,85
1403443,58
1323989,548
1063221,545
1375428,544
1171835,509
1175458,492
1022677,496
1064513,570
1141542,507
1254313,477
1429469,394
1140772,709
1473886,1795
1040538,691
1300105,679
1254975,695
1468203,728
1147088,2894
1225845,2132
1449493,750
1168141,611
1472121,56
1486257,49
1290578,50
1323798,48
1176875,30
1329642,53
1060343,44
1217405,36
1290002,738
1480585,744
1132573,724
1057544,660
1185226,652
1332114,638
1006557,736
1223406,797
1165398,754
1252122,717
1043572,535
1120725,505
1493836,537
1382069,520
1262029,533
1436339,527
1171914,533
1222059,557
1179976,546
1312713,488
1168741,126
1108197,117
1322681,109
1446803,127
1460737,121
1378544,120
1223144,125
1415427,125
1238698,141
1273113,127
1024905,97
1161371,87
1335725,81
1185623,85
1495661,86
1059370,87
1485382,116
1136555,124
1113434,123
1476173,112
1098228,1547
1080847,1523
1064602,1446
1093227,1444
1177861,1436
1259611,1424
1274836,1566
1030333,1561
1249982,1558
1188591,1337
1387134,42
1055877,43
1308549,46
1205716,46
1471019,48
1245854,50
1453386,54
1234023,51
1302153,296
1246959,278
1433203,280
1339909,265
1161885,515
1437209,591
1357587,381
1418362,318
1118797,283
1109876,248
1103484,237
1179187,1179
1262515,382
1050801,335
1209593,312
1129604,312
1471717,2281
1147030,1433
1374174,305
1347061,234
1101375,634
1398435,631
1353965,650
1183936,691
1311911,737
1062494,755
1410039,866
1187463,848
1082477,849
1345516,743
1302404,58
1319320,39
1363194,48
1150515,45
1465309,48
1373073,67
1164383,59
1302775,51
1439889,81
1043720,75
1065834,82
1272505,72
1356980,78
1028730,105
1124574,93
1369044,102
1157352,96
1197335,703
1098456,737
1004231,798
1348678,909
1069114,1562
1120606,2079
1116595,1012
1124659,1031
1403491,2950
1124415,2288
1380381,74
1110397,170
1051554,162
1158465,240
1120697,127
1080382,58
1288728,72
1023715,74
1010857,75
1432432,62
1343027,128
1048501,89
1154647,79
1019399,64
1272535,73
1321418,73
1473948,65
1083699,57
1258695,67
1293810,202
1321966,190
1376274,201
1453454,186
1341931,196
1133750,190
1452164,223
1142445,220
1334127,211
1074156,190
1097952,66
1438615,75
1068496,527
1000100,472
1134437,81
1292242,99
1413791,90
1490069,82
1314145,78
1019214,318
1340547,322
1367086,337
1188841,329
1344109,311
1378136,327
1393759,352
1352569,322
1480595,328
1349200,275
1236400,62
1153639,63
1004909,63
1347302,79
1448703,80
1291242,65
1224254,58
1265051,138
1303545,128
1241905,120
1156187,134
1164364,133
1368515,114
1371309,125
1270509,136
1023956,152
1175778,148
1400016,426
1371135,427
1386866,423
1263387,407
1316202,417
1238695,412
1269164,471
1212464,442
1458850,429
1164926,367
1439647,264
1321232,289
1055592,414
1241427,453
1072422,319
1381948,264
1459193,339
1107012,274
1484291,285
1189072,252
1217722,70
1024786,76
1164714,70
1487084,75
1194216,75
1333009,77
1400194,84
1220768,78
1206564,171
1448674,164
1237375,146
1323061,147
1205077,368
1281460,345
1483448,211
1406717,184
1439670,172
1311889,150
1408468,100
1025542,157
1160326,161
1443402,165
1226069,177
1175779,167
1495888,202
1226727,138
1088993,148
1162495,137
1171266,106
1018646,117
1224157,159
1476159,168
1481437,161
1137703,133
1443319,180
1297612,152
1366087,165
1219884,156
1495062,357
1079487,374
1415325,437
1347027,377
1006493,377
1005118,351
1486530,414
1269555,364
1250542,349
1218398,289
1088412,189
1341714,213
1317606,213
1191523,211
1373558,305
1144418,352
1482712,428
1290408,232
1044002,257
1156368,232
1040430,1056
1087004,1010
1042794,959
1359630,1034
1059906,951
1340375,896
1167679,931
1118042,757
1433454,803
1414239,642
1333032,409
1074655,163
1017569,199
1047271,229
1364823,269
1081645,287
1193498,299
1308101,251
1295480,301
1026912,273
1170447,524
1141028,552
1283426,555
1353711,527
1053353,506
1077335,508
1347043,589
1222655,522
1413603,484
1166615,404
1251605,51
1207693,49
1108927,397
1388671,334
1286860,43
1306117,72
1493718,62
1289654,68
1140803,60
1164395,77
1131843,74
1437106,79
1360876,84
1383471,84
1008063,76
1465304,102
1045061,99
1461030,78
1207213,78
1247289,938
1005108,949
1034753,921
1306222,879
1383467,896
1264972,878
1061474,968
1132437,1025
1115805,1043
1016058,872
1137610,1669
1480777,1698
1494822,1671
1464047,1725
1472699,2823
1376448,3147
1282271,1621
1408615,1503
1023846,1475
1243501,1152
1129707,493
1260334,508
1021163,491
1140966,528
1243209,503
1083760,503
1381446,574
1005261,543
1252533,545
1188240,474
1160081,106
1008310,99
1221080,104
1059966,115
1242487,118
1421837,108
1057534,149
1323943,144
1064030,136
1498348,126
1136118,141
1134200,135
1145773,133
1190892,114
1466336,253
1134658,193
1459356,109
1426808,116
1296652,108
1348796,99
1120430,157
1247851,161
1031048,166
1106408,158
1029543,156
1193017,168
1261642,206
1395556,199
1005813,198
1037275,176
1442044,82
1307339,78
1196209,91
1482208,81
1379112,78
1128418,80
1467469,97
1120268,102
1346817,91
1441892,82
1113611,126
1265885,163
1466429,184
1180816,185
1315750,195
1407545,188
1420309,224
1262288,146
1069047,161
1135656,151
1086750,458
1159714,567
1240555,546
1124593,540
1083372,545
1186898,549
1000649,599
1356969,596
1305931,595
1223568,510
1025605,212
1046412,218
1115576,218
1199659,214
1499049,211
1324623,210
1322481,255
1231854,259
1219611,251
1341241,227
1213246,96
1303698,100
1137709,639
1185120,492
1371702,97
1208218,110
1035515,127
1386342,119
1143967,126
1377191,110
1008206,553
1479104,536
1207945,540
1061234,519
1453841,676
1154063,820
1219733,835
1399265,531
1458672,578
1496971,530
1233312,241
1264605,508
1068894,338
1056311,421
1305530,300
1103403,190
1257959,242
1124544,234
1079989,233
1463282,208
1467510,199
1191200,195
1173754,194
1262678,188
1390007,410
1039345,325
1350477,243
1110823,216
1211565,213
1350329,186
1072530,281
1445154,267
1472817,277
1232736,290
1378869,270
1272128,263
1049965,301
1034550,281
1050805,222
1181479,236
1329551,921
1327025,926
1122935,903
1493967,855
1342800,841
1130779,841
1209612,915
1082880,858
1355118,846
1313071,705
1364001,1132
1158273,2837
1179879,1096
1072628,1003
1078195,1040
1014743,1081
1093556,4009
1394305,3127
1180962,1336
1317465,1113
1285290,93
1283478,78
1403548,88
1126214,66
1264973,57
1305760,64
1357985,86
1341978,82
1017304,72
1110867,827
1137245,790
1403820,770
1256510,716
1353789,720
1007195,717
1400253,833
1290777,896
1287202,861
1387179,762
1147262,602
1240702,557
1198318,573
1326921,568
1136997,549
1449211,603
1285242,648
1429995,654
1118227,644
1477410,574
1082079,186
1399206,191
1071064,199
1338613,209
1279640,208
1218656,209
1255347,241
1196682,243
1175536,241
1176180,217
1032497,186
1354339,193
1494544,211
1340571,209
1191782,204
1186849,210
1367532,237
1107386,244
1065339,240
1323008,212
1332667,2828
1039351,2722
1319273,2737
1305518,2651
1327143,2515
1272171,2260
1223757,2606
1090089,2627
1128850,2522
1446344,2517
1379360,107
1203113,103
1341899,104
1163110,102
1229974,108
1392905,102
1155992,118
1287197,122
1290426,112
1067530,102
1171352,581
1182678,561
1065067,548
1239466,518
1223222,1257
1422513,932
1446621,745
1453468,633
1361280,579
1449340,445
1369843,449
1388974,1894
1256351,489
1418345,450
1410772,482
1347615,476
1229128,3739
1275233,3579
1238848,713
1404060,643
1075942,1292
1458788,1232
1108592,1233
1091948,1314
1028978,1300
1480899,1324
1043364,1530
1390783,1465
1083460,1473
1113545,1390
1203532,158
1404661,150
1019816,165
1152557,163
1262290,166
1118117,160
1389659,189
1375700,187
1089820,143
1019878,152
1254872,116
1174768,102
1364143,123
1412578,103
1327394,103
1015386,98
1117354,120
1151394,116
1287520,109
1357767,91
1316684,113
1039434,125
1115675,113
1135243,117
1240466,121
1057585,131
1278666,158
1300574,153
1207105,151
1035393,140
1020081,1766
1190755,1861
1167256,1814
1096372,1638
1218496,3255
1475974,3093
1373463,1762
1256563,1700
1123285,3872
1173215,3439
1279379,130
1451598,307
1304937,285
1231953,383
1168898,249
1353870,102
1165749,164
1230695,141
1242560,137
1228365,128
1413930,264
1022252,171
1139910,160
1001888,80
1210850,123
1407222,125
1370845,122
1266898,123
1151883,113
1277683,105
1487280,249
1123603,249
1206298,245
1337824,239
1053213,246
1177201,240
1374187,283
1021300,275
1490308,266
1306497,233
1279131,178
1269144,148
1276382,680
1116326,584
1404622,120
1275681,106
1194463,135
1304635,126
1205095,119
1478466,109
1010552,407
1331672,422
1457969,407
1368801,403
1455031,418
1011328,408
1162772,477
1227348,410
1255226,396
1145821,321
1470186,116
1178919,122
1418928,125
1081244,116
1077806,125
1152499,117
1370097,144
1020769,136
1400947,120
1018985,103
1414158,218
1416216,215
1192089,214
1115764,206
1473840,214
1302530,209
1237322,249
1004831,251
1153638,242
1084874,222
1109804,577
1054832,588
1352123,588
1423856,581
1435666,565
1354480,581
1246275,646
1336436,627
1432832,609
1165254,514
1339938,388
1210385,467
1099728,518
1023338,500
1011542,487
1155592,458
1019661,526
1392027,459
1316583,459
1097877,375
1494216,312
1182532,293
1290506,298
1470108,290
1267485,291
1334810,248
1222803,270
1484176,266
1028575,261
1179192,238
1374892,241
1350025,235
1271551,226
1135607,213
1094534,502
1402997,456
1276985,322
1050864,278
1438304,253
1172618,205
1248315,215
1203731,316
1423330,284
1175893,310
1120441,327
1195707,323
1333706,382
1334557,228
1243318,276
1190535,245
1116374,408
1018735,449
1205948,460
1083732,471
1124304,461
1068682,445
1061931,528
1188547,497
1197855,486
1395274,428
1431703,489
1351595,456
1409355,509
1315567,461
1429778,443
1414869,435
1027375,491
1022544,440
1022578,424
1078001,353
1267686,420
1143283,416
1162708,437
1327015,416
1396741,548
1224020,653
1173723,784
1430604,432
1263640,476
1429780,439
1022953,1775
1495360,1895
1029946,1760
1089615,1968
1112962,1915
1210844,1922
1283830,2018
1242056,1539
1129081,1655
1213128,1369
1234220,1493
1358932,559
1456061,657
1001605,848
1495976,821
1186697,802
1318247,835
1304912,827
1116992,829
1415286,743
1398257,1107
1247585,1104
1035021,1117
1221774,1063
1152647,1080
1124283,1054
1232726,1128
1362645,1069
1418889,1053
1261781,875
1256386,118
1057182,103
1263231,577
1084274,466
1082354,89
1472006,93
1310908,119
1374704,112
1285971,112
1412159,106
1115708,294
1092272,293
1219683,288
1310626,301
1027118,285
1335607,264
1371511,311
1273740,286
1181728,224
1251517,247
1485369,333
1103569,359
1314410,330
1430695,329
1145013,321
1468147,312
1412754,371
1032733,372
1213087,356
1008542,300
1209550,328
1441788,320
1494973,332
1276788,333
1469801,435
1416169,562
1351029,461
1231616,249
1066223,270
1173940,228
1432305,131
1283783,129
1146363,129
1465455,119
1036398,122
1203802,116
1456889,142
1478238,132
1049845,122
1100984,108
1084587,44
1190800,39
1039931,40
1073152,32
1481762,111
1334284,49
1029180,44
1084257,45
1317402,32
1079777,186
1270643,161
1446195,159
1484197,146
1200304,153
1287827,149
1248108,181
1403904,166
1021726,155
1376640,151
1380277,19
1041176,20
1297002,24
1066076,21
1259666,26
1088323,25
1292401,64
1290034,77
1332253,80
1014996,77
1163030,76
1440934,73
1349753,94
1249975,62
1056109,63
1357053,164
1350810,130
1054426,148
1289065,153
1471242,145
1055911,149
1123788,187
1347514,171
1324777,158
1322645,139
1095958,67
1434822,64
1242168,69
1273859,64
1012400,65
1215030,64
1208743,73
1490547,78
1401627,70
1358531,63
1188645,241
1162484,209
1013447,36
1118218,69
1404874,54
1226475,51
1000846,44
1356581,79
1013345,76
1442195,78
1215930,70
1408973,128
1238444,113
1420458,133
1131404,105
1086225,99
1169837,94
1203992,54
1145754,62
1199358,74
1243074,88
1256588,73
1478036,44
1392760,59
1385580,54
1457759,54
1042647,41
1058867,65
1310991,78
1269866,64
1128791,68
1036302,97
1214927,103
1275245,97
1358702,75
1146124,74
1318590,60
1370271,27
1000409,32
1422995,31
1439692,31
1284951,38
1175049,28
1185125,21
1415191,266
1003274,265
1148714,261
1305683,258
1438635,243
1321983,241
1326115,276
1144115,246
1257509,237
1022568,212
1379917,281
1031253,582
1024232,270
1136080,276
1250344,275
1469473,281
1019938,1108
1231475,969
1380749,215
1214542,219
1303074,32
1148161,27
1411642,19
1028210,34
1226546,330
1395289,322
1189355,331
1443779,302
1370125,302
1375670,294
1441077,339
1325306,354
1215047,341
1329687,306
1482844,199
1201815,206
1331830,200
1049699,176
1333824,197
1005047,194
1434656,211
1421537,205
1170030,206
1333229,196
1432554,66
1036321,66
1340270,63
1134217,62
1031549,60
1238585,60
1312452,71
1201497,71
1199397,67
1213797,57
1062232,36
1329787,32
1381422,37
1041718,32
1025446,44
1030594,41
1171225,645
1113088,673
1421572,635
1231421,659
1155226,646
1050090,591
1462159,712
1262088,675
1059783,708
1068765,612
1024581,29
1278254,28
1210203,25
1142069,25
1393711,37
1028000,111
1133330,128
1425669,104
1240821,117
1398217,167
1288267,187
1054056,149
1252270,132
1134544,131
1239796,117
1082924,89
1010839,1087
1462666,154
1015385,187
1477694,153
1017174,125
1339356,912
1251909,1014
1237409,85
1235681,408
1473044,431
1165704,432
1327609,457
1382591,398
1258870,440
1340640,552
1165396,515
1460743,489
1210591,372
1439204,27
1456232,48
1281119,57
1306776,26
1146091,26
1475252,26
1221331,42
1072871,35
1036557,29
1249595,21
1423465,37
1191423,42
1041334,36
1462748,32
1098172,36
1265747,31
1071053,47
1260150,40
1467327,36
1039490,27
1282588,285
1340515,314
1000357,319
1329859,269
1377570,719
1198647,501
1243803,379
1393212,285
1413792,1191
1114795,984
1073984,26
1296525,95
1026899,63
1161777,75
1069257,52
1003011,24
1015640,43
1053602,38
1236743,34
1298612,28
1171522,61
1298237,37
1217098,38
1079423,30
1072315,17
1092628,204
1077145,186
1428079,167
1121116,160
1144786,177
1151671,166
1289400,192
1159996,183
1223966,175
1268664,161
1437271,68
1420669,64
1425768,296
1287294,240
1052619,83
1328041,65
1350959,183
1042549,194
1437111,202
1166579,192
1485217,190
1438722,214
1179775,210
1064722,185
1116704,189
1161161,162
1194491,34
1342433,34
1237362,30
1486738,31
1070617,43
1478278,40
1089189,33
1487636,26
1335161,40
1149326,38
1184109,32
1250917,32
1157950,29
1165272,28
1045564,37
1031512,38
1267384,40
1165991,30
1224499,302
1022104,256
1332421,248
1233349,282
1412941,295
1498242,245
1054399,299
1030700,290
1460017,246
1461262,207
1244952,171
1287128,181
1163539,196
1235684,175
1483944,171
1142725,176
1323315,203
1254188,174
1115861,181
1075316,171
1104842,30
1369219,30
1243216,26
1409284,27
1046968,37
1073731,37
1055416,36
1289214,121
1221524,127
1043470,113
1076426,115
1038594,152
1344687,158
1031647,137
1294819,122
1152672,115
1415430,105
1120552,64
1329211,94
1077637,96
1269584,94
1320063,96
1243523,115
1443457,74
1091205,74
1059392,62
1381859,41
1203139,41
1468809,42
1097142,44
1494739,111
1133318,41
1489756,56
1478252,55
1158974,130
1312320,142
1140924,167
1450893,205
1149920,135
1165858,150
1098563,180
1373446,178
1129872,161
1392880,143
1468382,31
1486459,38
1457277,35
1160131,54
1107036,55
1313365,67
1114748,49
1492680,51
1338998,42
1369288,431
1097299,423
1288385,420
1075490,424
1276034,421
1335661,426
1263819,503
1307045,340
1023914,355
1438726,314
1107949,219
1255934,129
1049619,117
1102290,108
1010584,107
1079013,101
1239770,107
1415070,107
1234331,110
1147425,97
1159953,385
1484891,370
1076815,378
1375783,358
1057460,338
1047283,328
1282357,386
1019252,344
1180163,331
1403728,272
1399943,43
1031064,204
1285677,172
1422692,40
1472670,32
1245179,53
1098339,36
1415077,330
1167273,323
1478601,340
1085278,314
1413452,316
1282205,306
1050183,348
1090747,361
1326067,352
1355437,300
1147147,255
1366465,278
1081854,284
1099585,282
1033845,527
1027173,416
1053974,274
1149325,276
1485355,254
1114099,218
1192440,154
1302703,135
1362241,149
1170120,152
1134558,163
1083778,147
1359599,173
1146050,185
1243817,176
1385751,160
1318214,86
1354676,76
1043464,75
1095610,70
1445857,64
1165646,90
1109736,84
1250867,85
1104719,66
1161020,37
1433370,34
1209170,35
1031572,33
1069568,105
1406673,71
1485136,46
1380450,47
1457409,44
1189724,32
1277505,98
1071404,81
1194259,84
1492522,89
1483263,76
1300957,80
1391820,98
1444828,97
1235646,107
1149262,90
1051940,26
1172631,25
1248197,23
1241439,24
1429867,23
1169083,32
1017091,21
1233024,42
1221654,55
1228894,54
1344123,53
1374880,57
1347248,74
1225854,48
1126089,54
1104094,47
1260322,261
1300752,257
1035344,240
1371644,239
1308196,253
1412339,238
1039687,221
1331189,242
1424339,232
1357786,216
1449682,61
1319818,64
1169218,61
1221116,62
1216692,65
1429369,60
1131747,72
1041188,74
1319940,77
1408109,66
1157877,51
1014711,50
1238324,228
1167321,219
1282806,65
1207621,66
1438842,51
1431659,94
1493848,111
1005859,105
1117230,97
1316073,155
1495277,129
1367997,156
1278946,115
1390076,117
1410654,120
1285811,52
1485817,56
1286176,70
1032676,104
1092650,64
1396008,45
1041864,60
1335428,54
1052206,50
1279988,45
1453255,63
1119599,75
1429851,61
1289928,63
1064150,133
1235639,126
1108801,102
1480216,82
1478575,77
1157233,66
1415890,50
1327054,51
1175553,55
1305943,55
1457199,54
1364840,50
1498709,65
1125965,61
1035490,47
1101134,46
1013760,233
1239109,240
1122956,235
1483182,235
1067620,230
1107810,220
1242455,259
1158124,231
1073879,219
1426907,198
1154338,136
1456903,356
1203547,156
1351498,162
1094406,157
1228266,169
1217570,913
1026120,788
1160422,168
1366903,159
1440445,31
1111819,27
1268765,26
1290397,17
1475801,31
1439793,27
1471569,263
1034052,252
1100285,260
1264101,241
1279549,244
1160529,240
1089518,273
1281168,286
1353592,288
1421768,187
1294900,149
1245219,195
1441584,200
1086294,196
1309019,201
1498185,232
1382755,226
1215093,223
1440248,204
1415276,50
1183251,48
1289437,48
1011312,45
1176696,48
1023764,46
1403023,58
1184878,56
1118194,57
1181673,48
1431945,49
1152849,46
1380942,52
1108913,49
1326790,48
1254119,64
1209328,64
1277966,66
1184480,55
1221985,545
1301321,545
1463289,557
1275946,556
1400875,554
1348564,559
1273247,632
1017611,622
1062279,624
1237961,522
1417054,25
1003607,25
1424179,26
1323747,27
1230958,140
1163294,140
1365966,135
1467823,138
1347467,261
1034811,255
1121415,173
1048682,147
1443052,144
1034404,130
1130574,144
1400224,540
1165216,212
1489607,228
1057854,241
1488677,217
1249972,1267
1096794,1050
1187668,168
1164828,140
1428233,333
1094909,326
1332634,335
1226462,350
1022245,347
1082397,358
1136816,407
1478736,400
1468754,395
1392549,325
1015651,54
1092575,48
1168055,24
1157854,36
1053981,33
1487585,29
1088619,21
1460736,29
1396268,29
1270168,26
1279071,22
1068050,33
1348154,32
1149086,28
1430948,319
1125207,363
1191961,379
1079406,361
1402254,698
1313316,697
1389901,396
1434316,373
1200882,1140
1130820,812
1136992,53
1070978,59
1085342,94
1354071,69
1352957,42
1171509,56
1218549,49
1033103,39
1484655,68
1429343,38
1426362,39
1019053,20
1149610,31
1188764,27
1085095,31
1163249,31
1200526,24
1359182,169
1190919,138
1318614,150
1106674,129
1484037,144
1145685,142
1477155,156
1370445,169
1437300,155
1333249,138
1244747,43
1468842,230
1326759,226
1011416,47
1297084,48
1233664,52
1100085,43
1330971,84
1138077,99
1352006,120
1487542,93
1108221,102
1139998,98
1472724,111
1359856,95
1026021,100
1097467,93
1209010,44
1203418,43
1288697,43
1466637,37
1412357,36
1473386,34
1315013,46
1046348,44
1351338,39
1337583,28
1247118,185
1155168,189
1023555,185
1189141,182
1294514,191
1170464,182
1032841,211
1319448,203
1372525,199
1197527,175
1104829,138
1091408,142
1100655,166
1212272,167
1139167,134
1208032,156
1089775,179
1287888,137
1468614,164
1199908,136
1265084,55
1413660,58
1204209,56
1202448,55
1461934,54
1399020,68
1428777,65
1084734,68
1251697,65
1143725,55
1248669,96
1492080,95
1125820,93
1240530,89
1182284,198
1161715,178
1397460,130
1397576,118
1085214,106
1041296,99
1317327,58
1124007,76
1001431,73
1454242,75
1207961,91
1168512,59
1388227,61
1149006,51
1389070,81
1077085,98
1262049,91
1374006,95
1192491,94
1046377,116
1149415,126
1057610,116
1037961,107
1108246,213
1143509,241
1105358,279
1100472,237
1423581,228
1175539,225
1331445,271
1293935,225
1023451,225
1049464,205
1309583,70
1230234,71
1461709,74
1408980,77
1488053,94
1274689,90
1041473,113
1166260,92
1461337,96
1206736,85
1056913,430
1056567,409
1323239,401
1466159,427
1333540,435
1282979,433
1338001,479
1334066,389
1454911,357
1096576,316
1325572,164
1061707,112
1318381,132
1127586,141
1076352,134
1207706,130
1051075,140
1178070,135
1471943,144
1050157,125
1175530,228
1158903,223
1169201,232
1031727,219
1356784,218
1294357,207
1169953,234
1414115,218
1030541,212
1062207,171
1006290,132
1106911,179
1398536,38
1263867,28
1016670,45
1171413,39
1153425,35
1014174,314
1059918,310
1434673,296
1437796,277
1209418,274
1340261,277
1453426,318
1073580,326
1125848,325
1499035,284
1295338,438
1222180,436
1165274,425
1237456,433
1069738,601
1014169,753
1127003,412
1266348,386
1334765,362
1463681,319
1030133,190
1006565,166
1135300,190
1232307,196
1436481,195
1083483,164
1218091,225
1456658,213
1092475,226
1433866,199
1176492,60
1353610,67
1089484,77
1072876,54
1453728,59
1002461,59
1125670,73
1229468,67
1347887,69
1251976,60
1314783,38
1116236,36
1376495,32
1119344,32
1458904,99
1052692,70
1260776,42
1378898,43
1112041,42
1438832,32
1248265,76
1195954,76
1381379,74
1281126,63
1498748,68
1284086,69
1293530,88
1436975,85
1122080,75
1363954,28
1208670,27
1395641,26
1115606,25
1032783,25
1313008,36
1381034,36
1128691,33
1092234,38
1142469,55
1418236,54
1285563,55
1252304,59
1127538,60
1084154,70
1197924,51
1337255,50
1185867,39
1363671,188
1289303,200
1004740,199
1204926,206
1118823,174
1377335,200
1266794,213
1137166,235
1014502,231
1278599,203
1410185,112
1065002,104
1201146,100
1295967,97
1478836,99
1263028,98
1047818,114
1181209,112
1043905,107
1033551,91
1231479,46
1309569,48
1068192,209
1494564,216
1227142,41
1456193,58
1191448,50
1360848,39
1085163,141
1499564,136
1191755,141
1022893,135
1472361,169
1433295,165
1373742,176
1038419,137
1254866,148
1227242,142
1471032,59
1072191,132
1224559,113
1199250,143
1280019,91
1069118,46
1082440,69
1049894,60
1249689,63
1100757,51
1373418,78
1425889,79
1262003,71
1110029,71
1079214,162
1009321,153
1055383,104
1235873,90
1186917,85
1151999,70
1207102,59
1192156,59
1226763,62
1434274,66
1337949,57
1040562,54
1160472,66
1156193,69
1248747,51
1227492,49
1099568,213
1275063,220
1253582,216
1043906,218
1436089,204
1026803,205
1190415,235
1128432,214
1029605,206
1263106,183
1183611,324
1481991,641
1178623,285
1409516,312
1157955,303
1185489,310
1452021,1171
1210378,1002
1031376,235
1177597,234
1409502,36
1257355,32
1413100,31
1211003,21
1096378,21
1345861,32
1421914,32
1276698,296
1103064,294
1057956,278
1405565,274
1202685,275
1366788,276
1338435,290
1447615,322
1409269,316
1197167,280
1035001,236
1350978,255
1306161,247
1366727,234
1380882,236
1233397,240
1332984,280
1144564,264
1304218,274
1395217,235
1065392,83
1066756,87
1370689,79
1186797,78
1183418,76
1177408,75
1282300,89
1460464,88
1089717,86
1156808,74
1495432,69
1297290,66
1100886,74
1464389,68
1251720,69
1239853,70
1344807,82
1189431,87
1327017,77
1211035,69
1001797,751
1131807,754
1494899,758
1268958,765
1288154,784
1203405,763
1040370,879
1044833,841
1350447,868
1347690,758
1044455,34
1477801,37
1094263,33
1348081,34
1457172,38
1235797,49
1091749,52
1462573,46
1244735,41
1242870,173
1024593,190
1368146,160
1153680,158
1298252,312
1444981,329
1261913,206
1404886,178
1061342,173
1172110,148
1272052,159
1275436,565
1352301,174
1088922,166
1142032,191
1009193,158
1184241,1269
1274934,991
1320020,692
1155127,105
1207458,332
1408017,338
1090667,327
1397788,353
1227739,340
1362484,346
1097531,408
1082537,396
1484097,381
1325444,327
1251276,36
1309343,30
1103196,28
1394008,31
1047128,31
1340919,42
1342347,41
1478158,22
1358927,36
1062782,40
1011715,36
1214193,30
1366131,32
1189909,48
1307236,44
1220551,38
1402459,49
1392162,64
1446122,44
1043188,45
1230082,51
1305994,43
1348778,58
1002960,58
1489067,49
1269724,43
1045443,360
1326150,408
1467198,437
1027897,411
1432174,739
1248475,824
1393876,467
1162245,444
1274195,1142
1261856,936
1334116,41
1185549,119
1493370,75
1357046,139
1230268,65
1280515,35
1165845,46
1435470,45
1410218,34
1427121,60
1419156,28
1226413,14
1384055,32
1246091,31
1067532,36
1464252,32
1133732,29
1223903,25
1045510,105
1391305,109
1226448,105
1107663,105
1341061,104
1362854,99
1498099,126
1209334,119
1135795,121
1315178,104
1130481,54
1463428,287
1278200,261
1393458,49
1391624,71
1270020,56
1225582,47
1063501,142
1357869,140
1014892,167
1247520,143
1336840,156
1211469,147
1059036,158
1176566,143
1132246,145
1292348,141
1254416,45
1276415,41
1070659,43
1329123,37
1160584,34
1428803,36
1466539,44
1091359,38
1486528,29
1432211,70
1330381,68
1034776,67
1131866,66
1143621,65
1002286,66
1085415,73
1134920,78
1341225,76
1415100,62
1252167,223
1051889,223
1439963,203
1324815,203
1437561,203
1188982,200
1407599,230
1290623,219
1359200,217
1118472,195
1311604,147
1031757,178
1056240,191
1474016,168
1180599,162
1320888,158
1009958,216
1020232,150
1336350,169
1381030,161
1003702,69
1297632,73
1315655,75
1189968,72
1369244,69
1091740,69
1214002,80
1186897,80
1161849,77
1115766,62
1365940,112
1027637,115
1378297,118
1253091,107
1126539,208
1327372,198
1401921,132
1104114,125
1459400,113
1263309,107
1336623,84
1075826,109
1085349,108
1110209,104
1103290,100
1267654,102
1216595,118
1097353,77
1212254,80
1084827,68
1371347,144
1155726,139
1240789,152
1171370,152
1265660,150
1018252,169
1493141,153
1093559,173
1447467,170
1473259,134
1347256,149
1394977,163
1392377,179
1310599,168
1195053,182
1275321,163
1051713,201
1184351,155
1113836,172
1132798,157
1436870,107
1409226,107
1150362,117
1228678,117
1369151,150
1227977,142
1206279,160
1372105,127
1380214,135
1339516,123
1389987,482
1072901,502
1203450,486
1455635,505
1247179,501
1278100,500
1448482,537
1459132,406
1442394,435
1131544,374
1181234,147
1273574,102
1455968,132
1233302,113
1443559,109
1347087,106
1041709,116
1349855,124
1198557,120
1221492,109
1465453,253
1333678,249
1090753,257
1462747,237
1177417,240
1193051,226
1196763,262
1278502,237
1185545,226
1481698,195
1404091,44
1461497,41
1173571,209
1083108,198
1002205,42
1447555,33
1319625,54
1176790,47
1238226,40
1391315,47
1113235,43
1163319,49
1190560,49
1404369,46
1264727,45
1482729,62
1058895,62
1238793,45
1361780,44
1478370,425
1411161,400
1408190,404
1409562,386
1456972,375
1276208,375
1490001,465
1486353,463
1000127,449
1366757,387
1346060,535
1366689,550
1152927,537
1085039,584
1308005,1103
1416818,1180
1157372,603
1035677,550
1043744,483
1275513,386
1427226,73
1428931,91
1482270,111
1337955,100
1074040,98
1223872,94
1056054,118
1045111,102
1466260,137
1271724,129
1362659,108
1466995,112
1019525,120
1013636,114
1026870,134
1368359,116
1495646,116
1364816,111
1170240,43
1039898,42
1412137,38
1169338,37
1042017,123
1287984,80
1498396,49
1176996,51
1077306,46
1491374,35
1145664,119
1066734,108
1374651,105
1279324,113
1409608,114
1009256,100
1157723,122
1071832,125
1076420,127
1331136,105
1346673,23
1452741,21
1468212,22
1230784,33
1190650,32
1047101,29
1420224,61
1005457,56
1404012,72
1323173,52
1190479,51
1444164,39
1322332,121
1393220,141
1195731,136
1037225,117
1290352,126
1369208,128
1399477,163
1464990,179
1191994,143
1317160,146
1291135,268
1304893,292
1260429,303
1430497,304
1140847,304
1151498,305
1217377,314
1443512,328
1353405,349
1107486,305
1317910,63
1368716,436
1010055,360
1081143,77
1010965,85
1016213,74
1263775,60
1189397,112
1405401,116
1266638,116
1276585,114
1180684,155
1059213,146
1344474,159
1438853,110
1363716,109
1250158,54
1152407,151
1496385,83
1304461,177
1069061,100
1435255,69
1167009,103
1245685,80
1232151,64
1078016,51
1474949,81
1096408,80
1121882,71
1108739,68
1347317,189
1110144,182
1442709,115
1036582,98
1412982,87
1324501,73
1073283,74
1411916,67
1263486,71
1050056,79
1123493,72
1020169,64
1186919,75
1214037,75
1457953,57
1155273,56
1123649,260
1358951,340
1095885,242
1188104,268
1109153,263
1498548,257
1242079,314
1282712,277
1197982,263
1396460,238
1367131,416
1413681,1047
1487661,479
1219708,439
1460528,438
1468717,462
1452919,2239
1149490,1744
1391982,433
1198228,335
1426036,34
1120019,29
1072591,21
1020410,24
1078483,36
1128180,34
1325280,31
1278821,414
1436586,413
1029722,420
1134426,404
1261036,374
1178195,383
1086893,486
1170114,480
1038318,460
1088809,397
1133401,113
1189592,120
1170403,129
1003089,130
1299976,123
1180067,84
1245737,281
1209341,151
1009944,160
1341596,127
1386673,185
1234362,195
1288681,197
1493343,209
1265338,223
1121206,216
1032317,258
1455226,261
1411958,210
1141862,232
1419869,40
1021598,40
1352516,41
1356988,39
1108704,505
1349640,495
1233603,500
1240827,490
1054033,500
1398644,497
1303762,603
1272724,574
1423160,576
1055961,478
1260085,28
1403827,26
1481291,26
1432968,190
1452142,171
1249247,170
1379067,165
1105641,362
1073716,359
1045265,236
1296384,200
1031252,190
1367777,163
1434558,173
1253275,1082
1052291,213
1212523,204
1397951,203
1112208,184
1045583,1708
1052724,1297
1052729,233
1330575,164
1029294,322
1013001,306
1081183,309
1485036,326
1256807,327
1203716,348
1414123,399
1250749,391
1434042,377
1048122,315
1116916,89
1004559,43
1348312,62
1090148,28
1354566,40
1102343,38
1049158,28
1210473,35
1161610,31
1443205,31
1425213,30
1249853,40
1223675,42
1076570,36
1148902,27
1388739,373
1007829,403
1159448,441
1295887,415
1446997,929
1440035,961
1041969,566
1350903,491
1402515,1531
1104654,1282
1465066,36
1086170,128
1472881,103
1289905,145
1392324,85
1067586,56
1001468,61
1067176,73
1359146,51
1323950,42
1062551,86
1034912,52
1203135,43
1048644,18
1180443,34
1040065,36
1494499,31
1466396,29
1091873,159
1389761,146
1473048,145
1339668,137
1310744,146
1439011,130
1083428,165
1315271,158
1010745,147
1219262,151
1220063,60
1014438,53
1093831,258
1320813,232
1346889,60
1283548,57
1241028,71
1076152,63
1225059,55
1487998,185
1433590,185
1434557,199
1239454,194
1467330,218
1365830,187
1138191,208
1432490,189
1267627,196
1019901,182
1118233,35
1189202,35
1263331,35
1059297,31
1416214,32
1055724,29
1249086,44
1327869,42
1392951,36
1041163,213
1196547,224
1380448,246
1384588,245
1238821,250
1130148,249
1055993,282
1386679,287
1080744,293
1055252,252
1160680,107
1085396,108
1390416,108
1412215,110
1100598,114
1442542,105
1333339,123
1491136,128
1129473,125
1080418,104
1237295,151
1446998,175
1449484,197
1333400,182
1064627,180
1341028,221
1352502,184
1184457,191
1218820,195
1125676,160
1335892,43
1498333,43
1180295,45
1468730,43
1155218,42
1316740,40
1318234,54
1283246,55
1130000,51
1459415,43
1176325,161
1015877,145
1297507,139
1205048,136
1369188,288
1176486,284
1341438,237
1104071,165
1020171,144
1168271,127
1174176,65
1383428,105
1228081,114
1120872,108
1254272,137
1461596,82
1042497,78
1164067,60
1162719,48
1461189,48
1305167,53
1171637,55
1386951,54
1135964,67
1064678,71
1059530,73
1101560,63
1304645,140
1082523,187
1174789,194
1003698,183
1253157,178
1095952,205
1056008,204
1078061,185
1441886,197
1385303,176
1345375,69
1271433,74
1281895,79
1115907,81
1179550,111
1083637,115
1266241,93
1385890,105
1464689,86
1312971,579
1242304,574
1358481,547
1252129,620
1234652,608
1006772,597
1335737,751
1082713,526
1011159,500
1039116,124
1245920,73
1412193,86
1487103,91
1484137,85
1338495,80
1487433,94
1022987,96
1428133,97
1294128,84
1221310,548
1361824,506
1117178,520
1023369,473
1194420,480
1425859,469
1015144,577
1264805,472
1316991,463
1382469,399
1151863,23
1190515,132
1221392,101
1311200,27
1180736,43
1448616,41
1361892,41
1141506,41
1237245,40
1159657,36
1250645,52
1363943,49
1149041,28
1096323,761
1350701,770
1065455,761
1142409,704
1488944,707
1020912,671
1436609,765
1253895,822
1165678,781
1327823,654
1176823,957
1101710,972
1141921,947
1385350,951
1157741,1481
1151119,1409
1161188,963
1315527,878
1369399,859
1460667,688
1194932,156
1115132,181
1264565,158
1075641,160
1246631,184
1411198,176
1140498,232
1313588,225
1315048,206
1383782,176
1027016,147
1191829,145
1112122,141
1479265,135
1126587,142
1195982,134
1314692,175
1493689,169
1039169,154
1401014,154
1413802,92
1374584,83
1224680,82
1029041,66
1175602,210
1447145,145
1300870,84
1483261,87
1413577,78
1176990,64
1181520,119
1025776,109
1177948,120
1203571,107
1209590,108
1058406,103
1304622,140
1301362,139
1232376,133
1348216,117
1323477,214
1060474,225
1494909,184
1236863,226
1315101,224
1021195,169
1091479,253
1258153,243
1404475,243
1332940,201
1171521,176
1434146,173
1300093,168
1119480,178
1297275,177
1120782,176
1457486,212
1146680,212
1134271,213
1281939,185
1232717,75
1246974,84
1070455,416
1050349,408
1023950,78
1426156,91
1381963,116
1030017,102
1000438,111
1119483,97
1349533,283
1449142,295
1337248,296
1200866,302
1290309,421
1418797,394
1164582,438
1303136,284
1347698,327
1493799,293
1447686,214
1146210,255
1403685,239
1476020,305
1018738,252
1130157,161
1046978,198
1331178,194
1257741,184
1322423,162
1261811,146
1141743,135
1370665,128
1035256,127
1479691,270
1400324,258
1415004,163
1038432,140
1336056,134
1187092,109
1193098,140
1458214,127
1039561,138
1074938,130
1223395,128
1456334,126
1149120,149
1172680,125
1116900,112
1269834,524
1056163,536
1098695,538
1178203,515
1061470,509
1354722,489
1066795,575
1170494,509
1488737,484
1097182,390
1425142,540
1005746,1207
1369118,498
1260005,515
1010852,522
1215951,567
1438319,2111
1100299,1596
1081163,646
1459649,514
1180223,69
1238801,66
1070150,66
1165612,62
1480839,45
1157017,50
1156189,73
1287339,69
1307947,62
1217805,53
1385333,682
1009702,679
1479251,665
1253248,619
1245868,597
1031763,575
1477396,638
1489091,672
1485086,641
1276165,574
1371595,242
1228275,256
1456589,257
1393900,263
1451902,227
1484282,258
1353419,292
1477668,291
1093917,273
1415280,247
1060921,97
1441064,104
1036623,109
1334537,103
1131845,116
1233303,111
1052105,132
1130360,136
1140184,123
1097453,110
1016845,124
1177882,136
1297460,138
1119491,180
1043097,134
1427114,141
1149568,184
1118707,183
1021503,174
1338844,149
1460444,1796
1476535,1742
1297121,1696
1141103,1669
1274933,1705
1435122,1678
1486477,1793
1195364,1821
1301491,1806
1059056,1546
1419190,56
1273467,66
1120980,60
1288632,63
1272229,62
1012823,78
1424258,76
1114584,68
1365258,61
1497466,374
1486369,350
1280462,355
1329993,349
1015668,703
1162775,592
1239627,402
1191627,333
1102060,381
1232474,278
1211593,262
1411245,1099
1022614,268
1203568,263
1106084,264
1485205,265
1373998,2126
1062654,1360
1201316,283
1370105,250
1139730,736
1301842,728
1251244,706
1183358,744
1059732,738
1151274,740
1072415,850
1469941,842
1288037,862
1325139,737
1231223,93
1190669,98
1376192,99
1146955,80
1056018,86
1258889,115
1218561,108
1466508,94
1109609,81
1335827,141
1165522,131
1110279,111
1143313,107
1083501,113
1428672,109
1219047,128
1259870,119
1342405,118
1354416,103
1271440,1116
1118621,1178
1192681,1236
1028746,1146
1031614,1871
1392506,1895
1343631,1264
1185820,1193
1356333,2705
1307954,2008
1336105,114
1187686,151
1489882,149
1123496,175
1322525,154
1477958,90
1462588,117
1098622,110
1207399,107
1465439,91
1198021,191
1474866,116
1311455,121
1033015,61
1090571,125
1232737,87
1300878,91
1483287,84
1188526,71
1270382,69
1306234,195
1378503,187
1296522,185
1478474,180
1111452,188
1428885,182
1078876,220
1426995,215
1310613,202
1284993,191
1248779,73
1286196,455
1311264,404
1389854,76
1467104,103
1471259,88
1498881,78
1130256,75
1062490,272
1043605,289
1026057,284
1468053,282
1150560,283
1110568,282
1162730,289
1358189,266
1257386,275
1061706,235
1052384,202
1200598,199
1264244,190
1294669,186
1425440,187
1145895,180
1144262,221
1076977,218
1054344,215
1377594,183
1115056,362
1292390,364
1166952,371
1384513,352
1093599,357
1367894,356
1119869,415
1070129,404
1394194,384
1002435,333
1180646,367
1485809,388
1211075,447
1313206,458
1494204,423
1434483,376
1099251,423
1025379,378
1477569,381
1055674,322
1010243,146
1037655,144
1401737,154
1022228,152
1097803,155
1076303,158
1480464,181
1233512,181
1406320,175
1423616,159
1246502,212
1302001,226
1073776,218
1363056,216
1471341,466
1253143,437
1453040,320
1301753,267
1404546,251
1392729,205
1451807,132
1409671,149
1122214,153
1211769,194
1437385,145
1217993,167
1161892,204
1229478,210
1213094,219
1297883,184
1012855,384
1418147,413
1286032,470
1099298,472
1479230,388
1179950,382
1124263,444
1184587,374
1029660,384
1357396,308
1463406,302
1418001,303
1342588,310
1161315,298
1046297,413
1153933,394
1231645,447
1287870,288
1193177,336
1487003,308
1230693,899
1398262,904
1345832,888
1267250,897
1432764,857
1301486,868
1069354,926
1245836,738
1275241,767
1463775,651
1196334,466
1402996,227
1493032,244
1264183,238
1052529,247
1110240,236
1382389,280
1313142,271
1317341,278
1122806,249
1274226,704
1352572,685
1295323,694
1299017,657
1252039,661
1030444,642
1454269,702
1228734,660
1427970,621
1125886,480
1136112,63
1339197,70
1101505,420
1339810,363
1392791,69
1184046,75
1105735,104
1154260,84
1488663,85
1042242,77
1034878,85
1259675,96
1355647,97
1267774,109
1347236,106
1000392,102
1221328,133
1284731,123
1446589,99
1141794,96
1466161,467
1068090,316
1041144,316
1491093,321
1172503,313
1430344,295
1402925,348
1323039,301
1382156,302
1065731,250
1216354,224
1130102,210
1030597,212
1379599,208
1359056,472
1186410,413
1398042,297
1146321,209
1441295,196
1354132,162
1479808,123
1366617,107
1126860,111
1002342,106
1463533,115
1180427,93
1146882,118
1256418,109
1085624,102
1398280,93
1156018,38
1466660,34
1217010,35
1327864,30
1001108,82
1476698,79
1150678,52
1286496,43
1223345,159
1198378,161
1347688,151
1098095,145
1101245,135
1084840,129
1318929,165
1077102,158
1381116,147
1192516,124
1338874,21
1278449,19
1278499,40
1218247,56
1349858,63
1020219,49
1240731,49
1187353,67
1250784,42
1473793,42
1168482,35
1091234,10
1110776,93
1228744,86
1008610,18
1011775,23
1268989,22
1306448,36
1259442,35
1045010,51
1418055,34
1043212,38
1061891,55
1091493,59
1446133,67
1193998,98
1286572,56
1215083,37
1031438,54
1064741,47
1296913,46
1227442,39
1465660,89
1186359,81
1288078,78
1393617,73
1445824,171
1353206,123
1368925,106
1376133,93
1410979,85
1016413,70
1363984,177
1325683,196
1340269,196
1345716,194
1115561,185
1200166,176
1014090,209
1477799,191
1308074,179
1083942,160
1314516,310
1244449,861
1073390,358
1062675,269
1441123,265
1355242,302
1317677,1158
1314338,935
1148815,217
1395200,224
1118069,26
1350375,21
1162956,20
1020303,18
1352264,334
1476030,231
1049229,207
1207242,208
1360874,201
1308479,186
1143421,239
1408134,211
1207235,204
1430711,188
1343435,42
1382126,44
1247229,55
1323555,32
1049897,41
1028424,37
1017526,48
1329979,50
1129897,46
1415045,40
1220040,193
1275484,204
1272211,201
1290617,198
1321339,208
1458201,204
1219875,232
1085852,222
1334748,226
1224780,190
1389557,20
1224019,17
1002006,17
1058944,94
1439257,101
1197826,92
1161585,98
1078356,210
1164315,193
1117989,133
1037515,121
1348845,113
1009769,105
1399258,108
1111218,804
1282574,137
1167392,123
1184466,126
1271881,98
1352082,1089
1277718,812
1070188,111
1159747,95
1445037,210
1332387,215
1146755,210
1125510,205
1468793,215
1474894,202
1246237,233
1468989,221
1264726,216
1023588,188
1049688,40
1212467,25
1225175,31
1235898,18
1023309,37
1344775,37
1131610,27
1103267,22
1003384,249
1118081,284
1105948,306
1191246,288
1141630,590
1483668,567
1004420,334
1077010,302
1296562,953
1299196,811
1257545,39
1104216,36
1330414,49
1212172,64
1470862,49
1180183,42
1476995,40
1303459,39
1170531,29
1370718,81
1191748,28
1280198,43
1301996,25
1364909,33
1011434,30
1458262,35
1217302,29
1194852,23
1049411,139
1182059,125
1252534,124
1233877,127
1297806,126
1339628,119
1203442,141
1061292,127
1070437,126
1400213,109
1480031,194
1486498,169
1160637,35
1095876,35
1161665,31
1215009,137
1340178,148
1197552,147
1397410,149
1104993,151
1051624,148
1296303,166
1209310,150
1129508,154
1169715,134
1463684,38
1378332,32
1426495,35
1331468,30
1079424,31
1357297,28
1416081,39
1196248,40
1089249,31
1173280,25
1313829,67
1448406,60
1010943,56
1268748,58
1065918,56
1306179,57
1045704,72
1403733,70
1096183,67
1457003,61
1316766,200
1379054,228
1184160,278
1464987,241
1492100,236
1133258,207
1401070,247
1105338,227
1179101,218
1078277,198
1255031,129
1213899,118
1405744,121
1410139,108
1424016,211
1459848,157
1269920,128
1451917,122
1325398,108
1045480,105
1345555,69
1131551,93
1191732,95
1103804,81
1483544,84
1002169,81
1228393,99
1442285,68
1276853,68
1005699,62
1394628,50
1491257,57
1020364,55
1254624,57
1427543,58
1483138,56
1264681,71
1086118,67
1218843,69
1303575,57
1137317,207
1181809,234
1263575,279
1020427,239
1247296,227
1459079,215
1432441,267
1489210,226
1173974,222
1180811,240
1004788,29
1090317,32
1221703,40
1040715,46
1304495,62
1189836,41
1231775,47
1147300,40
1252687,232
1185173,224
1002909,231
1024663,192
1394736,200
1427461,187
1093785,226
1066138,167
1006670,186
1163733,164
1196241,56
1368477,37
1311516,42
1041166,55
1484068,55
1370856,53
1151982,47
1395048,135
1390106,137
1299135,149
1317099,139
1445007,135
1072033,130
1320376,158
1108620,163
1288665,154
1389923,132
1305598,14
1193063,143
1237006,108
1036844,28
1310332,18
1225037,682
1176448,639
1014696,626
1145867,543
1293848,556
1202745,559
1319084,649
1401826,643
1398001,623
1316995,503
1449676,910
1366789,894
1009292,865
1464786,892
1376394,1264
1076725,1267
1488081,904
1300625,836
1457308,798
1222485,633
1309910,78
1487690,90
1261902,77
1063994,62
1238329,87
1383592,111
1236789,121
1450849,133
1210423,120
1118582,134
1250962,134
1371087,134
1061066,133
1075569,129
1396314,103
1126504,147
1021878,149
1483622,143
1166168,130
1460628,64
1425569,61
1013855,62
1117835,56
1037894,181
1343359,118
1325050,66
1373136,71
1414505,60
1011546,52
1302852,152
1295333,129
1476917,138
1237095,133
1166445,135
1367644,132
1036146,156
1400369,172
1221061,159
1304194,138
1092414,28
1145112,29
1021476,28
1455251,28
1265514,27
1098944,43
1381205,43
1396028,30
1402074,81
1496715,109
1376888,110
1037634,109
1143415,114
1293724,110
1421169,125
1197088,85
1278646,84
1133390,72
1064688,81
1450648,99
1302322,95
1272093,101
1223262,112
1429672,124
1110449,143
1322057,158
1076835,145
1214700,145
1223704,277
1476902,252
1265371,259
1130424,254
1198811,254
1045236,242
1309125,279
1495133,273
1338580,271
1408893,233
1293143,54
1312686,52
1262037,357
1093130,285
1104439,60
1223276,63
1428246,77
1166219,77
1433812,80
1029438,70
1394412,173
1463475,171
1073615,168
1312562,164
1104551,249
1170391,298
1211759,294
1280831,172
1122865,196
1364734,190
1425711,84
1374100,209
1159933,189
1371677,213
1217301,143
1239629,61
1147289,93
1100532,89
1397074,79
1218270,67
1084541,130
1078304,115
1060861,109
1090108,107
1394990,241
1354562,229
1251620,148
1237932,122
1381017,122
1044217,100
1459390,86
1373833,87
1001171,84
1454798,94
1075821,91
1064096,84
1073773,105
1197565,103
1315474,82
1219768,359
1338022,365
1229678,360
1109532,350
1494638,344
1032122,348
1165413,418
1475544,370
1387338,351
1410167,297
1172350,482
1058305,1389
1441315,482
1226927,494
1148821,504
1169225,533
1047892,2557
1327045,1960
1435007,533
1477335,416
1187218,43
1473646,41
1445208,42
1128443,27
1007092,23
1177336,27
1308369,42
1169740,34
1437845,26
1305204,635
1169115,606
1485207,594
1133327,542
1144895,534
1265135,534
1217432,609
1465199,644
1127418,625
1065475,559
1208945,191
1205027,145
1370543,187
1184858,163
1241780,178
1257683,165
1127095,212
1402380,222
1271788,218
1417694,175
1016090,158
1378218,142
1490162,148
1007961,134
1048476,133
1363750,130
1377977,150
1177453,156
1096484,137
1490021,122
1158592,73
1220323,74
1079738,74
1272815,75
1082719,75
1428980,77
1307591,99
1244359,104
1309989,103
1129187,95
1373369,1708
1159100,1670
1078309,1689
1444543,1705
1403090,1697
1091288,1683
1357059,1869
1258709,1833
1016250,1821
1291439,1768
1035769,36
1141007,38
1092629,38
1470124,41
1270442,41
1032642,57
1499459,58
1465076,52
1378578,46
1271294,282
1297171,261
1484782,264
1125260,251
1044825,557
1403738,488
1419512,344
1407678,281
1097909,260
1308103,226
1064482,152
1344498,984
1019358,183
1197065,175
1014215,182
1465986,151
1221712,2003
1343053,1419
1150330,221
1064636,181
1171380,760
1257945,819
1164850,792
1317829,823
1494403,844
1372964,892
1028254,987
1394819,967
1239193,962
1466747,893
1456648,123
1035374,84
1154323,70
1142259,48
1449907,51
1083651,63
1193931,58
1317257,46
1260574,64
1430521,66
1009487,59
1302905,54
1164224,56
1005212,60
1353130,67
1051730,69
1057003,64
1024922,64
1047047,826
1012909,823
1446430,864
1004539,848
1297841,1951
1190458,1809
1300063,999
1483559,890
1492798,2228
1289811,1787
1236266,60
1042049,143
1156490,134
1040519,175
1233817,103
1209622,59
1344427,78
1232899,69
1435021,69
1397443,60
1106569,110
1370150,80
1290947,61
1053250,37
1093368,65
1100342,58
1040528,39
1236914,209
1178409,213
1276499,193
1292548,186
1091700,182
1201373,171
1179723,214
1021693,211
1383719,198
1171600,183
1325197,55
1098189,298
1389806,286
1346354,55
1343497,82
1018121,61
1147448,54
1439086,173
1297322,187
1392169,192
1180066,243
1125019,176
1091233,204
1148765,241
1422960,226
1269068,220
1464291,186
1242518,49
1059185,48
1340927,49
1227103,46
1083081,46
1476267,48
1442954,70
1310205,66
1462837,54
1233491,45
1342926,346
1165718,332
1127141,321
1253795,318
1312242,322
1427198,315
1326605,358
1135723,337
1303003,331
1255517,288
1334250,241
1226115,239
1221502,242
1129603,238
1300912,303
1066331,318
1055924,367
1135533,336
1412599,329
1381463,283
1018619,233
1280720,271
1495944,341
1039816,341
1022447,307
1095815,280
1166087,297
1116674,274
1342580,285
1100337,236
1403792,62
1243588,75
1375821,70
1009681,73
1125124,73
1375223,91
1334811,88
1111727,96
1203809,94
1124837,80
1006036,231
1089355,225
1023077,216
1088502,208
1154308,463
1361686,402
1001984,267
1265825,234
1370764,210
1102828,182
1004325,72
1376221,113
1478833,109
1478982,117
1394276,120
1076577,148
1165520,102
1238261,107
1498440,93
1181820,85
1346625,93
1062616,93
1207682,117
1178918,118
1301717,103
1283401,138
1376997,141
1274050,139
1071845,124
1391787,208
1387016,261
1457848,291
1419824,269
1458527,244
1045618,314
1341626,278
1231600,248
1419408,251
1493367,220
1045597,82
1315063,89
1236135,90
1099461,95
1200980,134
1396714,184
1344886,236
1099376,135
1473464,144
1172936,132
1174606,1030
1463004,1016
1383441,991
1132416,989
1486024,941
1475054,928
1480696,970
1392220,773
1218477,784
1391805,658
1380357,281
1284608,110
1497786,138
1257181,144
1329389,193
1131741,179
1333616,187
1149680,205
1254249,224
1055471,205
1074653,537
1394503,528
1395980,542
1256087,506
1149138,504
1423280,482
1038388,581
1410171,495
1317093,461
1296819,391
1481530,47
1325113,305
1260387,158
1404040,57
1090120,57
1120131,68
1472113,63
1331429,66
1180567,63
1381332,64
1137404,66
1258488,70
1013599,67
1163018,69
1083750,90
1355784,84
1273699,56
1221446,479
1074066,289
1265692,284
1454467,288
1109664,268
1259106,307
1353996,309
1449409,280
1393405,274
1347221,234
1270817,229
1044231,238
1202376,260
1475127,272
1425943,600
1190637,593
1066705,336
1443612,246
1074216,239
1287822,220
1325209,49
1203492,56
1182168,62
1278151,60
1007474,61
1458641,52
1054272,65
1238139,67
1255484,61
1063187,42
1437236,57
1014725,59
1296501,53
1270123,58
1122246,158
1315303,141
1077352,74
1118613,70
1315359,64
1067323,48
1250269,61
1408921,76
1277776,74
1182721,59
1055751,62
1311052,66
1005347,77
1143886,74
1494235,55
1374299,21
1312726,21
1047397,30
1067203,25
1285850,53
1342935,59
1210576,58
1416916,58
1238947,55
1491185,55
1023806,59
1253183,43
1450451,48
1203153,35
1294764,27
1021481,117
1388663,83
1005817,31
1052769,33
1463481,28
1345403,31
1214405,45
1360048,41
1379939,58
1450536,80
1110389,107
1328210,97
1479518,208
1317775,118
1244418,84
1490466,71
1344579,59
1406296,53
1332403,48
1263164,90
1228342,94
1423496,83
1194920,84
1354931,105
1038199,120
1497822,112
1439583,90
1207936,87
1334538,66
1346629,32
1444033,30
1428610,32
1084617,31
1072459,46
1143336,34
1078228,37
1240376,33
1129647,182
1371024,177
1337771,199
1272173,184
1250737,193
1395336,189
1077178,210
1412257,201
1133657,185
1141832,168
1005610,703
1051619,957
1291501,726
1224135,623
1452525,634
1241673,579
1130888,2419
1136512,1871
1198927,648
1379462,545
1328618,26
1084551,25
1492201,18
1388229,20
1116211,143
1025464,122
1172770,120
1432452,132
1025860,116
1295788,119
1185678,135
1210461,134
1405891,139
1164030,129
1191446,35
1405911,33
1047099,36
1492888,36
1167184,48
1400097,50
1423468,49
1192481,39
1113951,190
1075058,185
1395991,189
1060374,203
1344988,201
1379139,203
1216578,227
1347909,229
1124487,253
1314422,198
1133017,21
1122672,20
1208622,19
1174195,19
1052297,109
1436823,117
1076795,107
1403006,103
1076963,152
1191952,145
1235630,144
1238367,128
1427300,119
1032658,112
1207270,213
1161743,719
1298916,488
1026022,280
1193241,224
1171101,221
1164137,1497
1321775,1193
1378647,236
1231116,191
1095435,186
1323949,183
1395799,184
1145737,181
1238384,196
1042036,187
1351219,211
1085203,208
1371386,200
1219723,180
1374416,34
1189323,25
1337676,29
1003680,34
1022823,36
1082992,32
1474734,26
1342334,113
1175207,77
1033599,59
1129747,34
1057371,33
1495511,29
1354900,46
1425005,39
1368872,35
1433769,26
1349382,53
1250534,47
1080873,54
1139207,43
1018091,46
1147190,54
1128435,46
1157339,41
1276177,418
1450019,440
1174173,494
1261967,471
1107899,984
1287052,1143
1234527,812
1498591,615
1147438,1587
1228840,1101
1114215,52
1179414,77
1177028,89
1216396,134
1248865,71
1060936,56
1402609,54
1011086,44
1201586,41
1102627,36
1175109,41
1279214,44
1443674,26
1422706,84
1221151,73
1131821,83
1490426,77
1049070,78
1169917,72
1327124,101
1112819,94
1323892,97
1456199,79
1330908,74
1351797,63
1229044,27
1101241,25
1161125,39
1060114,30
1015937,22
1410873,202
1174564,210
1191920,202
1125314,206
1062361,209
1475531,202
1373526,211
1219223,191
1345121,197
1316865,172
1194915,36
1391656,34
1248453,33
1089414,33
1101295,33
1455678,40
1381518,33
1301363,26
1363338,112
1408074,101
1204391,111
1153172,95
1385784,103
1094777,106
1287845,112
1052223,119
1087971,119
1015674,100
1013988,471
1103117,440
1424721,471
1452145,429
1114030,425
1415291,423
1025202,498
1064176,423
1265298,404
1282575,366
1370636,114
1148724,110
1293002,104
1198272,95
1263025,143
1125955,137
1366177,132
1150078,108
1217839,102
1264814,96
1035972,117
1444561,113
1111719,118
1182641,109
1305667,113
1303118,107
1419860,102
1222718,78
1090797,85
1443743,68
1371785,48
1474865,46
1163334,47
1402147,52
1294333,50
1131529,51
1416476,65
1237795,64
1168507,64
1306170,57
1076467,362
1379585,318
1434055,352
1019051,306
1342691,307
1210023,307
1254730,356
1028198,305
1215471,294
1484039,260
1344207,37
1132553,34
1036433,38
1199141,37
1443462,55
1413086,53
1397477,66
1307344,50
1205066,52
1307499,44
1067824,236
1273706,250
1042603,237
1090725,232
1350396,217
1238736,215
1471183,244
1229870,208
1497134,206
1120206,171
1234483,64
1238365,41
1078467,56
1006405,55
1066302,49
1214466,64
1265100,66
1237497,64
1269056,57
1015263,213
1060235,211
1174360,208
1479343,206
1247572,193
1033654,197
1260212,232
1010680,212
1296051,202
1387077,168
1162720,71
1012076,64
1338102,17
1205675,26
1152949,27
1458882,19
1237811,423
1033758,402
1499951,405
1053599,374
1404089,382
1418689,370
1285966,436
1234568,460
1242215,427
1077297,379
1231512,550
1117072,561
1091750,557
1147110,588
1027059,1040
1363829,926
1060391,724
1296093,622
1411783,531
1076732,416
1102338,177
1167549,202
1152757,198
1103421,203
1408137,159
1250988,188
1315404,227
1275358,212
1256963,211
1427933,192
1306276,124
1112398,119
1457331,113
1202120,114
1321446,115
1029940,101
1274550,130
1179351,119
1308289,126
1202474,102
1306442,47
1287716,50
1317791,42
1104534,42
1426930,120
1347464,84
1018032,50
1450217,52
1356206,52
1393103,38
1281383,91
1239082,86
1018331,96
1290273,89
1022303,84
1328781,87
1321002,109
1466438,109
1021318,108
1362220,98
1282522,29
1208631,28
1119538,27
1414474,30
1219364,29
1253166,40
1349187,41
1458875,28
1115978,66
1351227,76
1109039,78
1117896,80
1472568,92
1492493,50
1036719,225
1442242,225
1290442,216
1461010,202
1263119,209
1171474,176
1068463,241
1098663,221
1285209,225
1379975,177
1004280,86
1468273,82
1054292,89
1411885,88
1272392,89
1298954,89
1449468,105
1027500,109
1074865,106
1306435,93
1402334,68
1249185,59
1350424,403
1027208,385
1444476,69
1274272,65
1099884,88
1445659,74
1176168,76
1129742,67
1258874,194
1345579,185
1308325,206
1210380,195
1392336,291
1197638,260
1129536,300
1261211,210
1432540,222
1132812,222
1140900,73
1035004,177
1328690,183
1236944,201
1072931,114
1214395,58
1217642,76
1058775,70
1233784,74
1027593,63
1423030,133
1486929,127
1036243,118
1380531,115
1028031,178
1357262,174
1076524,133
1166204,125
1006312,113
1287529,105
1088111,44
1474529,50
1143054,47
1258914,49
1441756,49
1006816,65
1284992,52
1302350,45
1441293,47
1494423,284
1037582,282
1186135,307
1035444,289
1412430,280
1471318,274
1302798,324
1140942,289
1352739,266
1444822,238
1180697,530
1288985,1278
1498800,525
1062934,507
1002696,502
1204196,531
1416492,2377
1113253,1600
1353961,473
1320692,405
1224947,34
1418302,32
1384132,28
1252877,24
1161599,25
1173529,37
1407391,32
1391735,408
1095368,403
1291104,402
1164263,371
1236985,381
1397015,365
1202662,431
1257054,449
1188918,428
1307324,390
1061800,247
1306774,267
1010856,243
1099608,262
1115724,233
1125554,252
1140698,294
1220959,288
1389206,248
1268227,251
1240408,98
1235156,101
1262731,102
1249918,101
1313158,103
1460940,92
1357469,109
1485800,110
1006987,107
1456848,88
1285816,99
1277532,127
1119159,123
1365522,107
1251959,112
1134918,99
1281698,117
1170505,145
1460584,109
1170339,105
1359066,999
1328835,1009
1375031,990
1180363,978
1079995,994
1468705,977
1041884,1078
1161571,1082
1049477,1103
1363599,961
1233504,45
1459135,46
1418509,45
1493410,40
1040420,43
1030025,41
1290035,54
1184610,55
1093868,43
1235293,243
1051981,239
1388536,223
1112176,230
1150649,521
1114185,422
1306071,322
1382323,265
1014526,251
1103982,221
1111935,207
1258199,1188
1377853,250
1203979,212
1019804,217
1406890,215
1357343,1898
1415791,1498
1013842,227
1325819,158
1191706,531
1131459,533
1336230,540
1425283,552
1320850,548
1057220,561
1490464,672
1245748,632
1433608,644
1027214,537
1080063,66
1126189,64
1418559,35
1424045,37
1463075,48
1474709,49
1124673,33
1194601,41
1262092,42
1223819,50
1165334,42
1298535,42
1090792,47
1491705,55
1438548,58
1124545,51
1455070,44
1239125,384
1333514,420
1380095,462
1140243,420
1160343,637
1243839,745
1021807,589
1130037,511
1440281,1509
1273879,1309
1265408,37
1151818,136
1346361,110
1292333,140
1252777,76
1267738,39
1063344,56
1068820,50
1260624,38
1452241,118
1014950,57
1067474,56
1401322,30
1204393,48
1435552,48
1303906,45
1038580,40
1019593,222
1251424,212
1222327,199
1217414,186
1162493,191
1065461,190
1094705,221
1035017,213
1286859,207
1046651,187
1455922,63
1137631,416
1040830,331
1294878,71
1247132,61
1010388,84
1363337,67
1325129,65
1142696,264
1301239,274
1084390,280
1072219,271
1338035,269
1009375,269
1037247,279
1282209,258
1208037,261
1457135,236
1320138,50
1220238,49
1478119,51
1019734,45
1055862,48
1354636,47
1014814,55
1270332,48
1081737,65
1407633,61
1014398,60
1491825,52
1270741,53
1040458,52
1093081,64
1479989,64
1295162,67
1293636,56
1051218,354
1096610,364
1109216,363
1491934,347
1325802,361
1279856,353
1041468,414
1038351,391
1312390,370
1077444,329
1034569,181
1348908,174
1356772,233
1449864,211
1382979,189
1417525,193
1289590,220
1140301,197
1107381,202
1049531,180
1330395,85
1304104,88
1463362,89
1322487,92
1076412,89
1358172,89
1101734,108
1310017,109
1060069,112
1197296,94
1180839,165
1344920,169
1004828,160
1266015,155
1235237,315
1156851,273
1324338,188
1321628,170
1257443,163
1417117,148
1463442,76
1127666,115
1184220,113
1451779,109
1005436,114
1178960,113
1288797,126
1038899,86
1264535,87
1343261,78
1090050,147
1447677,135
1280003,156
1285815,168
1089192,140
1200656,160
1171313,169
1235880,175
1449369,173
1287691,158
1299126,152
1079774,183
1332266,196
1229811,176
1062210,179
1062104,179
1104032,217
1328757,186
1493096,198
1371361,177
1464606,120
1444631,133
1202718,137
1488002,137
1153686,176
1007842,174
1425079,203
1197475,151
1437825,152
1015345,529
1359792,512
1389163,527
1002689,562
1280135,518
1228164,509
1068045,595
1068382,455
1127032,457
1475728,371
1324560,176
1149962,113
1161738,121
1270394,139
1266485,134
1099379,140
1404662,186
1396212,181
1025197,199
1437767,169
1242898,375
1087842,400
1374875,383
1333723,380
1206548,369
1193522,349
1055113,402
1319063,365
1033641,345
1349975,286
1086605,54
1491536,50
1381527,269
1490168,260
1115261,46
1470240,42
1343554,49
1003166,52
1076264,45
1198829,40
1436892,39
1336163,44
1359435,48
1406006,43
1228411,41
1095767,57
1479107,55
1433670,42
1112065,43
1170791,280
1345683,235
1433582,238
1228255,238
1312287,239
1193512,225
1443615,258
1430898,267
1492660,240
1307783,200
1227060,363
1174088,379
1456565,384
1420269,389
1304477,501
1308904,622
1077994,372
1495715,346
1399551,332
1183503,266
1195179,146
1441260,135
1454430,137
1044544,136
1203407,142
1292029,138
1222883,154
1037300,157
1221223,147
1462723,136
1402079,47
1324129,43
1310176,42
1395065,35
1399254,117
1422826,98
1322590,53
1403469,50
1432116,46
1113063,35
1332509,149
1446201,138
1149507,131
1415178,139
1053667,129
1197479,139
1123521,150
1253597,148
1131618,158
1110181,112
1072892,27
1366226,28
1406814,30
1399900,26
1453972,37
1143501,37
1384906,24
1299966,57
1349681,52
1462077,65
1191532,82
1410443,58
1277208,60
1089516,50
1473125,55
1025898,63
1481945,227
1342457,169
1399342,51
1262038,49
1158328,67
1444289,61
1211619,70
1041733,62
1359903,60
1319788,71
1094142,68
1186546,65
1243712,92
1443685,90
1160800,117
1112142,84
1343542,89
1034394,79
1250665,97
1366207,180
1168628,177
1462832,172
1319647,80
1490847,68
1327465,92
1242046,81
1410134,72
1267932,65
1290868,144
1023440,137
1259984,133
1003155,126
1490242,176
1201903,165
1483945,154
1280071,135
1345002,132
1427380,113
1342252,90
1051272,86
1121108,81
1067445,71
1341870,84
1054616,76
1069917,94
1128963,88
1094414,71
1215898,72
1052668,265
1144863,267
1221336,263
1343682,261
1313499,250
1017949,253
1452342,289
1118519,267
1327104,256
1071026,227
1076214,648
1187657,1324
1295030,653
1085476,557
1385886,554
1284793,555
1308836,1866
1205106,1476
1101970,539
1021912,511
1277491,38
1318189,34
1284961,32
1396542,34
1441218,29
1308789,22
1170472,228
1326395,212
1102915,208
1490422,201
1338949,197
1400753,191
1281302,231
1262498,209
1373759,211
1020854,185
1079691,98
1373162,96
1313922,99
1470329,127
1043208,93
1498149,104
1209198,120
1130285,123
1350042,124
1015074,108
1390579,308
1436947,326
1045739,324
1318087,331
1223698,331
1436625,323
1383644,391
1045356,390
1121593,409
1114635,320
1488584,28
1010075,29
1363457,28
1078002,30
1380388,28
1147439,37
1138141,235
1236945,222
1369433,216
1379985,222
1424254,258
1441674,248
1280345,236
1022802,212
1166846,207
1377696,184
1173823,333
1217625,768
1164729,311
1326219,250
1068568,247
1003219,264
1278744,1059
1066418,867
1410131,217
1298180,203
1473058,354
1463455,359
1248427,363
1173141,354
1471497,354
1455556,352
1305973,404
1456111,401
1311369,401
1084924,338
1394807,113
1002603,93
1345677,97
1174767,88
1237037,89
1477215,76
1266148,82
1285970,94
1347126,82
1239988,71
1424446,66
1380755,60
1179458,59
1013425,34
1207452,38
1404575,36
1461727,53
1083782,47
1318780,42
1154806,33
1222837,65
1494714,58
1452148,55
1442947,56
1105018,51
1182886,50
1475789,64
1224009,60
1092076,58
1190987,49
1435748,499
1301304,515
1110939,634
1390665,582
1445202,1212
1429305,1213
1093306,814
1122466,696
1017266,1518
1398485,1258
1426610,53
1068662,121
1419823,99
1072966,141
1186069,62
1490467,43
1123207,56
1494119,53
1405706,50
1211830,45
1457528,48
1208175,48
1257230,27
1211873,51
1321469,37
1454866,39
1101141,39
1221444,29
1438300,150
1190997,145
1053941,151
1083391,150
1187634,144
1154076,152
1373500,177
1102839,173
1083225,165
1165740,144
1196726,38
1364592,39
1458526,185
1008710,169
1014602,34
1010378,20
1084749,47
1442543,41
1458994,36
1337584,191
1031733,206
1106938,211
1481223,206
1448207,205
1061949,203
1470638,221
1202732,194
1091243,204
1260998,176
1095889,46
1008708,49
1234865,46
1388725,43
1053371,44
1369483,40
1189443,53
1338379,52
1069031,47
1429960,36
1186964,125
1202630,139
1269934,120
1339581,135
1436109,121
1101500,138
1023599,153
1442172,143
1157371,140
1051519,446
1053169,424
1385699,436
1107959,449
1144512,373
1289744,363
1350862,434
1374335,369
1055230,364
1095155,316
1448374,58
1122401,57
1160411,59
1066841,60
1320649,59
1118447,59
1046582,69
1467232,70
1023000,69
1363046,59
1048888,220
1440463,204
1480971,193
1104556,191
1099037,243
1382085,239
1426428,217
1342409,196
1003012,190
1210445,176
1342393,102
1476851,127
1376464,123
1233406,123
1150316,118
1153339,121
1282883,136
1412451,89
1352136,101
1041636,77
1028680,142
1488449,158
1470231,140
1196664,157
1135015,152
1222652,160
1419491,188
1261676,181
1377965,184
1337424,166
1390104,418
1401313,373
1439166,399
1197083,345
1224626,346
1044870,327
1395535,376
1031550,327
1058951,327
1272619,283
1355143,150
1077979,153
1247091,147
1239269,159
1401108,178
1244411,188
1106091,212
1409870,154
1419636,178
1396890,157
1046653,334
1101904,315
1359440,330
1324289,350
1268704,310
1064201,304
1332108,327
1219927,289
1111265,287
1201333,246
1282305,71
1015273,50
1003496,67
1333430,68
1253867,72
1487063,69
1371085,82
1254330,83
1385952,78
1341588,73
1133297,337
1088344,326
1269200,333
1494636,314
1257870,321
1141742,306
1321297,347
1368535,315
1437216,307
1109703,260
1179278,18
1255632,27
1187631,153
1418705,136
1041291,53
1436774,33
1455799,30
1143109,61
1011891,59
1098671,63
1331472,47
1470509,55
1336461,55
1167780,69
1121948,71
1021401,57
1052604,58
1363995,280
1136010,187
1232767,190
1290532,195
1428670,188
1394002,181
1391373,228
1405516,194
1237484,198
1060387,164
1478644,329
1109347,330
1144523,354
1355267,368
1114402,708
1251813,573
1009379,356
1006717,342
1376856,320
1164305,273
1467138,58
1469634,61
1126946,88
1142560,66
1034126,77
1405173,54
1264903,72
1116430,62
1118886,65
1452755,51
1300311,32
1181698,40
1413278,50
1325912,35
1424801,106
1385976,91
1126583,48
1411848,44
1245639,34
1074197,52
1258810,62
1355439,58
1391099,62
1094315,70
1011887,71
1403191,52
1218617,26
1344068,26
1057905,25
1354317,26
1023964,35
1368796,34
1395219,31
1407735,48
1262889,55
1345333,63
1471495,68
1392516,67
1373275,54
1437465,58
1414571,45
1134995,51
1170554,53
1171279,185
1314329,178
1077953,48
1073741,46
1323445,54
1411845,53
1245004,45
1205164,103
1357235,105
1056761,106
1292906,101
1374092,131
1344550,130
1177395,140
1351443,112
1428011,118
1190207,102
1074105,75
1203176,159
1272135,139
1021670,164
1321867,113
1084372,57
1373961,75
1435336,69
1176491,70
1321540,60
1262383,87
1007731,91
1018360,80
1041924,80
1459762,133
1486936,131
1355001,116
1418344,97
1334087,92
1304546,74
1096482,120
1008772,109
1499988,112
1269910,100
1471306,98
1290508,102
1234301,114
1455478,112
1382910,94
1111577,86
1186445,210
1114751,213
1463133,214
1366545,199
1345589,206
1097457,190
1207501,225
1206620,200
1166459,216
1189297,148
1155036,365
1034867,738
1054736,379
1030998,338
1131331,342
1225246,382
1232890,898
1426081,733
1476284,355
1482150,313
1190145,35
1289484,32
1052303,32
1454730,20
1423762,22
1327489,32
1259996,19
1051651,139
1001905,113
1224660,112
1076185,121
1143891,110
1175181,108
1075374,137
1044528,138
1105318,142
1017270,107
1154559,161
1112058,169
1387533,166
1337831,153
1225379,161
1201924,163
1227658,180
1119868,169
1152662,168
1276162,146
1025721,453
1457412,448
1251774,451
1380718,440
1262455,448
1043759,445
1153098,510
1142567,516
1044267,527
1263998,412
1133681,25
1322128,25
1381323,27
1143816,24
1097664,22
1091771,32
1404076,28
1481626,153
1427862,152
1300692,134
1004607,143
1285568,220
1089895,193
1111467,175
1428614,144
1410589,149
1255320,138
1112459,226
1276338,490
1104702,249
1146677,201
1417511,208
1137692,191
1199840,630
1302643,547
1009642,386
1001037,177
1276142,298
1333143,301
1487777,297
1395108,305
1042584,305
1274476,298
1055703,332
1247424,335
1302516,340
1171030,276
1257617,87
1365501,83
1257346,77
1474262,66
1410391,77
1065521,65
1478066,86
1108700,78
1306433,64
1286442,62
1389878,107
1231344,58
1333981,57
1424822,37
1138058,42
1492576,38
1409649,49
1001450,46
1308291,39
1133040,31
1071661,35
1018080,38
1478849,34
1383628,34
1226202,35
1127373,43
1065120,49
1354994,43
1450673,34
1115906,358
1004246,363
1176343,388
1358268,421
1016244,790
1168290,811
1497528,450
1487577,432
1261598,998
1210751,924
1465377,33
1049616,107
1054088,85
1014345,104
1157820,74
1008109,45
1296788,59
1129632,45
1270431,50
1095162,84
1469210,49
1157584,51
1414860,32
1357223,43
1387218,40
1137145,37
1112572,38
1104172,38
1088612,25
1230896,95
1345259,105
1006250,105
1310622,98
1166099,104
1431128,98
1072570,122
1115681,116
1220849,114
1048938,96
1285263,34
1438175,169
1229282,135
1349904,42
1264314,34
1007527,49
1483373,39
1197587,28
1116996,87
1286575,88
1323853,94
1349597,89
1174376,104
1259305,118
1446318,111
1165802,97
1134201,102
1352852,87
1496897,47
1188175,43
1378200,48
1214209,44
1137486,42
1242539,40
1241717,48
1060354,46
1138143,34
1060806,186
1297235,185
1249239,191
1024103,181
1318385,186
1015306,183
1102204,210
1331093,205
1112099,197
1096804,176
1150467,147
1145033,152
1206358,174
1497477,151
1153911,133
1248932,154
1459766,193
1153131,150
1491472,168
1136775,140
1440883,68
1485910,71
1107925,72
1432815,70
1028235,91
1490043,74
1494266,85
1150869,84
1245747,63
1331957,114
1088564,122
1306940,120
1018699,115
1448364,169
1036363,162
1383483,153
1213867,132
1029199,122
1032834,109
1498066,55
1439262,76
1376645,75
1142228,69
1343351,72
1269436,68
1301125,86
1379552,59
1287518,65
1021872,156
1291288,164
1451221,177
1091430,163
1396310,174
1120159,153
1217315,193
1142552,195
1468892,184
1050380,154
1106879,209
1309039,183
1344699,228
1488800,145
1244775,155
1020796,166
1263671,188
1497604,172
1053653,175
1297442,172
1483833,160
1088765,147
1135371,161
1185079,162
1414429,177
1124700,186
1097789,202
1469614,153
1089927,170
1092532,148
1454364,282
1271463,285
1009181,270
1438685,309
1013485,301
1100145,264
1488304,307
1480437,250
1058997,263
1242119,226
1175167,150
1341146,105
1337250,122
1047318,117
1293562,124
1494999,122
1093795,130
1202102,133
1387050,130
1454073,116
1412672,324
1387977,335
1085005,318
1333190,318
1314140,305
1457102,291
1029390,336
1035747,325
1124009,293
1353005,254
1106138,36
1172262,37
1173109,187
1070986,179
1330214,36
1348534,60
1400294,51
1287371,52
1197492,43
1429191,143
1016691,116
1498160,105
1150323,102
1230498,111
1250530,98
1114903,117
1473148,109
1336352,90
1041201,88
1207875,463
1441899,455
1088601,441
1336659,415
1211198,436
1051921,419
1131960,494
1215447,515
1278933,498
1274572,393
1152272,715
1120199,697
1263854,725
1489178,721
1298616,1031
1479853,995
1481165,777
1022706,708
1332316,665
1185615,572
1006532,197
1496202,194
1228432,214
1278894,215
1165880,227
1252492,197
1150452,253
1207023,254
1482128,194
1287733,198
1170969,68
1139622,61
1026791,73
1350098,68
1405296,65
1019197,65
1440115,82
1130244,92
1154927,81
1440235,50
1489750,44
1458738,46
1383402,43
1292308,126
1146229,91
1247834,74
1086618,58
1008385,51
1220660,36
1281563,117
1381705,114
1036303,105
1392380,103
1120250,103
1163736,97
1382021,125
1144237,121
1346381,119
1338612,104
1054864,38
1372965,40
1333426,38
1356004,37
1024747,38
1120011,38
1385060,54
1490527,54
1324608,46
1153097,39
1407062,59
1399725,80
1055663,83
1238317,81
1334149,74
1252107,94
1014424,71
1045929,73
1076974,65
1276400,240
1048870,283
1282969,289
1052757,290
1215424,287
1497593,270
1259844,318
1161985,274
1493763,293
1322822,261
1325888,139
1238350,133
1059632,133
1373882,153
1368795,140
1498061,129
1090724,174
1083415,157
1292299,153
1308336,130
1358623,81
1000662,77
1248470,416
1339347,358
1348246,66
1316602,76
1391976,105
1232445,87
1202382,91
1036178,85
1034611,274
1374733,279
1448305,280
1420537,269
1304263,358
1265562,333
1374023,377
1172343,252
1022093,295
1056075,266
1335255,62
1140702,172
1403528,183
1098625,194
1249422,167
1233077,88
1004548,86
1086671,81
1371703,81
1450481,70
1402597,86
1050351,89
1409072,85
1365294,82
1050495,171
1038405,165
1360974,119
1092395,110
1133574,101
1237123,90
1393567,102
1050202,115
1051269,105
1294662,111
1416111,109
1347737,101
1437947,135
1125457,121
1222122,94
1443391,93
1444649,227
1101109,230
1394444,239
1412054,237
1469601,231
1369165,232
1408164,271
1266701,252
1335307,242
1294489,213
1325002,548
1115161,1128
1022436,498
1009320,497
1059149,510
1381797,524
1182231,2187
1365708,1411
1170204,536
1288220,473
1057573,36
1476812,36
1302236,38
1088753,44
1290461,46
1339397,40
1004423,399
1182211,407
1287217,401
1364719,383
1393217,378
1372970,365
1255664,438
1343873,440
1182906,431
1349421,385
1086209,291
1263662,299
1400162,269
1322060,287
1407685,292
1256423,288
1366093,336
1091579,327
1218417,288
1086325,271
1219510,101
1258031,97
1254371,98
1366427,115
1140603,103
1394553,97
1315638,117
1210068,140
1303043,114
1208742,93
1441678,180
1310240,168
1183018,166
1465748,171
1416451,150
1067886,168
1147342,189
1027770,170
1086495,183
1115754,180
1236999,1020
1129005,1046
1060160,1090
1139012,1134
1009801,1111
1499374,1099
1130038,1250
1136954,1233
1214539,1241
1341789,1046
1245261,39
1256719,43
1314459,42
1200620,57
1105095,60
1320422,48
1207536,255
1490420,252
1367274,243
1198611,243
1079668,510
1214548,425
1351077,328
1276935,285
1220000,268
1201804,235
1255670,198
1178631,983
1187815,332
1232901,288
1041132,338
1165069,271
1067128,1514
1296288,1282
1482384,284
1354149,217
1199822,487
1306963,472
1352289,484
1487534,523
1043614,538
1388656,540
1464836,620
1072381,601
1388909,598
1280894,502
1437743,53
1096922,54
1125018,43
1092303,52
1150462,45
1422780,67
1426062,63
1299613,55
1339963,43
1047669,59
1431233,57
1395626,58
1138941,57
1027348,50
1126025,56
1484689,69
1224719,70
1001894,62
1045452,55
1253965,544
1273495,564
1427581,589
1182139,563
1295304,1246
1421037,1089
1270843,719
1074647,666
1382460,1620
1241247,1394
1167949,62
1363403,87
1489033,121
1086137,161
1374063,112
1099116,59
1139669,74
1403410,68
1359459,68
1363262,56
1001524,120
1277278,66
1040180,60
1441382,31
1118212,49
1021448,47
1103660,46
1320976,46
1122586,36
1405315,36
1432075,167
1214183,148
1254559,158
1420772,138
1284435,147
1490537,143
1395998,179
1375781,177
1343300,163
1046381,156
1106454,72
1044419,65
1152711,420
1142883,338
1149305,48
1495438,99
1334966,79
1244264,72
1226196,70
1299559,203
1114519,217
1065280,220
1484962,207
1207808,209
1473304,208
1406454,230
1209617,208
1027031,210
1498763,175
1241244,61
1455780,57
1454724,56
1477134,51
1330995,49
1207514,46
1399018,63
1262276,63
1431194,53
1427037,44
1269656,158
1472696,167
1031228,163
1123593,170
1319830,173
1468554,175
1219034,208
1481004,239
1439152,251
1368778,240
1254681,237
1471178,237
1172228,246
1040523,235
1488427,241
1367962,239
1353492,270
1466210,265
1117823,259
1159601,227
1245385,243
1364335,286
1469871,306
1333035,262
1117868,256
1335106,247
1122846,283
1466980,249
1485499,268
1141529,212
1144903,87
1337479,91
1073830,100
1422858,111
1112045,93
1401547,99
1275465,120
1309030,117
1318453,114
1149470,101
1254290,149
1459998,149
1070652,139
1464131,141
1442610,283
1092384,273
1326611,180
1098833,160
1175421,162
1105577,138
1084506,68
1228415,100
1455355,104
1329060,107
1343251,122
1222999,118
1274850,141
1275996,105
1343377,102
1494843,89
1329590,181
1219468,172
1405838,204
1148515,326
1127606,248
1003132,179
1194753,254
1090177,231
1086521,221
1002439,175
1215373,229
1310434,276
1162008,291
1499690,259
1164966,251
1312179,244
1055616,275
1416327,242
1460374,250
1417288,215
1145961,200
1370257,195
1128571,207
1271253,196
1318179,263
1471607,248
1466744,286
1063250,203
1159917,224
1237960,214
1328513,696
1470893,675
1278366,659
1117505,666
1395759,678
1118718,680
1412625,748
1047563,587
1178879,578
1432042,450
1497989,375
1343340,218
1160549,276
1162252,281
1174967,285
1402905,318
1249355,343
1051286,346
1082555,292
1494002,242
1468736,461
1476289,467
1248662,476
1245505,447
1316510,447
1164569,433
1108976,509
1386393,459
1488071,431
1073468,346
1096522,78
1460063,69
1233398,338
1109675,354
1011640,61
1376882,69
1241681,90
1170489,75
1094898,75
1158425,65
1154663,131
1334262,126
1308881,129
1259517,124
1292623,118
1224591,114
1439789,134
1291420,131
1215295,105
1216208,102
1213249,322
1469431,281
1230216,275
1209533,278
1308993,274
1432440,262
1102468,310
1446868,271
1334640,268
1192568,229
1150058,243
1211349,246
1430745,300
1284527,264
1493152,612
1163720,546
1430286,390
1161810,250
1134065,235
1200718,221
1164145,67
1401174,73
1240971,70
1022654,54
1067611,80
1068928,60
1168286,95
1084785,72
1342342,72
1342060,57
1046255,42
1275184,39
1100005,37
1181108,34
1284846,98
1362043,100
1129309,55
1167386,50
1382153,45
1359621,107
1394966,110
1076123,110
1051967,98
1337804,110
1265780,92
1073998,116
1027170,111
1029422,106
1384721,96
1466652,22
1150331,23
1211169,22
1375138,21
1090971,60
1227742,80
1345960,96
1014733,126
1068702,130
1373444,140
1212321,134
1119341,99
1356353,77
1282158,58
1366995,193
1301880,162
1005450,58
1468001,45
1125354,34
1447544,28
1229650,45
1253863,36
1497718,86
1164662,197
1365958,186
1348953,197
1315684,163
1285364,62
1109511,87
1345131,183
1394786,81
1215065,70
1288325,105
1122843,107
1233710,142
1005691,138
1009524,169
1306525,160
1060469,134
1013479,114
1215019,111
1183058,98
1191625,31
1480072,25
1305847,30
1382421,363
1345514,343
1106834,367
1155281,338
1075698,326
1160642,331
1415496,366
1111687,345
1441059,317
1041033,279
1282016,859
1465194,1144
1448283,822
1295058,742
1414292,741
1441562,750
1370349,2520
1180580,2349
1121635,714
1140363,638
1194629,26
1039245,19
1399293,22
1358027,32
1273681,30
1077324,28
1143939,144
1167629,140
1026590,141
1225294,136
1199817,119
1255746,126
1356165,157
1350163,146
1415607,152
1233177,43
1343032,45
1065027,43
1398744,42
1252753,43
1390345,45
1063055,55
1344083,57
1136200,55
1458915,46
1492614,215
1468175,223
1127745,222
1356109,227
1288414,229
1186700,229
1088403,276
1133590,281
1155657,302
1348738,242
1492120,23
1406300,21
1467493,22
1297855,23
1365916,169
1207858,168
1011274,211
1096972,218
1218618,284
1189930,254
1321235,212
1238309,188
1137912,178
1302339,149
1452067,411
1232785,979
1230100,1019
1258282,305
1444665,337
1045971,335
1195640,1591
1032181,1473
1150358,314
1109305,251
1203473,236
1052376,249
1275300,243
1168517,234
1164780,237
1412431,232
1215826,268
1198539,267
1281207,277
1400789,230
1142733,26
1058741,32
1108175,35
1322786,40
1251536,43
1316879,36
1347430,26
1379600,33
1190160,42
1488976,40
1096987,35
1330271,26
1341115,29
1180055,31
1276549,38
1055810,28
1174252,35
1250701,47
1470418,43
1084864,42
1072273,32
1187272,428
1161844,443
1116856,511
1240063,501
1265862,1082
1348612,1184
1106972,790
1256383,626
1190784,1551
1183641,1233
1122583,83
1074978,157
1263468,165
1011094,206
1451907,133
1288551,82
1134380,178
1193006,121
1175490,68
1055561,56
1076029,70
1391420,40
1288625,47
1429794,33
1080632,35
1165848,27
1283777,22
1155338,172
1260314,140
1337184,55
1428300,38
1321456,256
1023661,260
1108274,265
1005857,261
1299973,265
1308249,253
1039535,263
1386232,243
1312142,246
1216941,216
1076663,60
1116062,62
1373635,60
1223580,54
1206844,52
1184897,62
1399955,62
1172075,52
1194003,41
1079689,94
1130535,99
1031756,101
1064667,97
1099811,102
1265941,99
1077243,118
1228516,118
1490318,116
1253513,99
1208934,635
1499504,622
1312260,642
1300527,548
1204831,559
1087121,549
1045978,664
1346635,538
1358565,534
1466288,467
1466754,28
1291832,32
1497662,28
1037408,129
1003413,125
1244549,153
1046988,169
1042431,182
1495101,181
1397621,162
1195397,137
1363375,139
1400481,123
1272743,118
1030286,142
1056144,137
1207447,181
1465823,158
1391318,174
1081976,170
1282233,123
1435085,105
1335889,81
1233904,47
1247038,49
1332561,50
1194391,51
1303746,54
1274777,54
1305701,66
1363596,67
1010627,68
1368398,58
1325982,451
1089445,476
1147836,534
1483095,450
1479101,459
1457020,442
1438318,529
1130482,445
1363049,431
1171208,379
1495316,37
1419230,39
1411042,40
1406706,39
1202211,58
1491671,55
1314238,73
1497076,51
1465417,55
1160226,198
1390427,210
1493066,210
1484452,194
1228658,204
1261892,196
1248921,234
1117788,194
1297961,199
1123998,162
1284677,43
1476365,20
1431889,29
1305212,32
1036985,43
1170347,45
1317986,43
1307819,36
1015528,261
1325298,253
1448339,273
1137782,237
1253487,240
1178473,240
1275767,274
1110700,258
1158069,239
1479826,210
1232444,65
1320678,5
1281517,129
1029038,115
1397931,131
1303888,119
1070644,131
1448552,123
1438074,132
1070011,128
1095052,171
1232434,145
1071259,170
1002687,157
1289203,314
1423217,498
1471087,252
1049389,184
1099913,143
1113318,57
1229001,62
1433304,49
1401068,57
1187242,52
1359625,67
1185356,60
1040153,55
1008719,50
1350206,11
1495173,22
1128689,25
1001023,57
1285359,35
1420413,24
1342540,24
1079649,22
1154251,114
1185029,110
1067710,114
1416184,95
1093010,86
1226046,72
1255874,96
1480365,88
1240015,92
1072056,72
1010331,21
1059861,25
1096264,25
1057847,25
1267848,26
1353281,26
1435910,36
1133468,34
1271548,24
1257128,33
1458370,16
1303550,48
1081423,47
1176395,52
1452747,67
1249598,59
1453716,38
1301192,53
1451676,45
1157287,45
1189803,36
1147480,69
1423216,65
1286899,65
1480723,60
1406611,99
1357260,93
1170208,83
1097908,66
1415920,61
1271099,50
1217407,140
1011881,156
1407485,161
1295630,138
1053847,142
1144343,147
1478102,186
1025390,166
1302448,155
1246317,130
1010666,252
1313421,722
1000698,204
1092126,190
1473499,221
1209421,221
1387028,1066
1061134,799
1162193,172
1099223,173
1412109,29
1023342,23
1461384,18
1317056,121
1039007,133
1300140,129
1335882,121
1286846,116
1459159,111
1406375,141
1254323,144
1421326,138
1036769,115
1188121,19
1288839,18
1452281,29
1423886,22
1429192,14
1170773,25
1343976,23
1008860,29
1208057,30
1398096,135
1094768,127
1458256,127
1469568,135
1042422,128
1281477,135
1427545,144
1398303,143
1297500,152
1184259,128
1247248,23
1050335,211
1389117,169
1091327,168
1191903,177
1473941,210
1361611,202
1390206,180
1067572,145
1462163,141
1022601,124
1436514,70
1428766,731
1031474,131
1205829,112
1470414,114
1330416,84
1215711,942
1234303,758
1459527,215
1091726,166
1494166,74
1425078,63
1280912,66
1101451,81
1102535,82
1192441,79
1095607,91
1367089,98
1159398,100
1234591,78
1276836,23
1114189,22
1364745,28
1217742,26
1066010,21
1108218,13
1226604,19
1330739,21
1234421,20
1265219,30
1199333,26
1083928,27
1041818,27
1270599,182
1287231,205
1412408,215
1349144,202
1224252,577
1395552,490
1402396,250
1215113,222
1078367,868
1206651,607
1197899,27
1286540,25
1248828,35
1085236,47
1208237,18
1482243,27
1056066,26
1248566,16
1076486,57
1214421,36
1016268,21
1394274,20
1216050,120
1198442,126
1181286,111
1242834,109
1320866,105
1479494,94
1338420,120
1234957,112
1470791,103
1183173,90
1342205,117
1221456,119
1265965,117
1468194,129
1130150,141
1146521,108
1243690,131
1144351,112
1025173,118
1272944,114
1219707,61
1007209,52
1082299,55
1067520,42
1352924,46
1410275,43
1039372,59
1256674,68
1295791,64
1236452,51
1058027,100
1274554,95
1329740,108
1167347,115
1451883,79
1198739,86
1117758,104
1452199,83
1254860,89
1194661,77
1309274,23
1131716,24
1283793,23
1218947,138
1383534,117
1349711,107
1224002,104
1138335,138
1390060,126
1443567,155
1060435,110
1393922,99
1224512,87
1095238,31
1221251,31
1405406,26
1284661,39
1478516,35
1223492,131
1112602,138
1040307,158
1081076,144
1359075,136
1087231,132
1191560,155
1044549,143
1128096,150
1381724,146
1461471,25
1439341,24
1211903,24
1213401,36
1070053,36
1279096,51
1251454,33
1213767,34
1071776,27
1015899,61
1068960,62
1428482,68
1493778,64
1084126,70
1166141,65
1059119,88
1344297,61
1172465,61
1192321,48
1171256,37
1105799,20
1252385,23
1086394,22
1323071,20
1089737,35
1399894,33
1336059,33
1114250,24
1157695,70
1059960,75
1323156,75
1307832,62
1430672,63
1083044,57
1019952,83
1310874,72
1206124,65
1467171,51
1292159,251
1200761,227
1152578,227
1165400,224
1468823,224
1233718,210
1067345,241
1272924,243
1064613,242
1417327,206
1080513,316
1196458,330
1443469,323
1375742,331
1072649,589
1309132,458
1290854,346
1127315,288
1441457,285
1165142,241
1049952,51
1310650,57
1236773,58
1173994,66
1441700,60
1402904,55
1376912,73
1308727,64
1064523,66
1043894,54
1063256,46
1455058,41
1078273,53
1242551,37
1330929,93
1315562,84
1228679,49
1015454,44
1217178,41
1377098,71
1382624,72
1309943,74
1234906,67
1319758,75
1142998,67
1078062,90
1396355,81
1377697,73
1131561,64
1095178,42
1115944,40
1274803,37
1095602,33
1067896,52
1221106,43
1368829,32
1002660,42
1006792,56
1466488,59
1367222,63
1022457,62
1104908,76
1225707,49
1061460,51
1340502,40
1279583,51
1183707,129
1394734,152
1168535,43
1410114,57
1156319,48
1197604,46
1215697,36
1320069,73
1444887,83
1475387,80
1346305,73
1177114,101
1002289,96
1361334,122
1020355,92
1342654,94
1315254,84
1098380,46
1349856,123
1468813,107
1337198,161
1179388,98
1215476,62
1122716,82
1406481,66
1373420,54
1102059,94
1065427,96
1004198,86
1141401,83
1225795,123
1414811,112
1047239,101
1229693,91
1224714,82
1192829,67
1081848,78
1157252,78
1462830,75
1386971,66
1338138,78
1181514,75
1089558,87
1365949,85
1441761,64
1025825,63
1010248,163
1304450,167
1045376,174
1425432,165
1029668,152
1116525,158
1100793,186
1174284,170
1054029,166
1364193,145
1366962,289
1453619,484
1129900,278
1433846,270
1475443,263
1086519,276
1213738,1112
1241413,927
1217461,230
1074355,235
1250684,26
1185761,26
1148006,25
1242359,18
1070040,22
1009282,33
1140020,31
1134901,28
1123975,20
1366099,311
1050241,175
1162092,177
1061294,183
1274168,182
1149165,174
1323957,209
1280976,208
1278113,220
1210708,207
1339465,239
1338896,242
1483889,233
1315614,227
1278314,225
1043794,217
1283121,250
1101191,249
1415650,249
1401680,212
1460445,341
1180058,352
1462684,344
1138520,350
1317061,358
1054840,353
1438974,400
1002774,398
1159437,396
1089638,321
1127397,22
1415166,22
1435778,24
1128032,24
1076832,33
1392837,163
1454709,155
1179231,149
1182033,149
1029988,274
1042837,232
1219095,179
1376260,158
1463761,152
1227644,146
1317620,148
1453388,545
1399359,173
1490375,163
1097563,162
1092587,145
1109919,876
1427406,716
1211765,119
1130959,105
1448306,282
1419811,290
1265062,280
1425904,288
1125938,285
1202900,286
1095568,327
1300715,322
1376035,323
1247963,276
1233461,44
1336037,51
1167286,41
1468046,32
1004508,39
1135287,36
1380028,42
1163632,31
1409352,30
1013469,50
1004938,43
1105636,42
1095364,27
1047991,35
1448323,23
1399603,37
1496729,34
1298382,29
1005003,21
1401766,25
1465689,25
1193331,27
1438123,24
1098604,24
1367860,26
1370235,31
1450299,34
1457399,32
1256980,255
1247682,314
1217450,320
1399546,324
1484802,517
1045267,439
1083456,349
1025693,329
1229151,881
1472239,751
1141854,39
1275306,62
1190954,83
1232183,85
1225479,66
1228546,27
1082302,39
1220988,36
1488412,33
1462286,28
1272933,47
1012794,50
1060379,19
1322864,52
1422003,68
1261322,49
1361920,54
1011082,40
1198185,80
1155781,82
1460971,83
1217608,82
1464015,80
1092728,73
1443211,101
1319853,96
1224204,93
1161246,81
1225127,38
1244297,32
1492404,100
1266882,100
1115336,32
1100363,20
1386771,43
1228144,35
1456463,38
1209430,25
1057256,90
1220699,107
1011026,110
1181307,104
1306278,109
1034430,104
1363491,115
1263946,94
1030522,95
1208582,78
1288919,44
1188398,46
1257603,44
1444572,42
1195794,38
1277054,39
1324093,53
1457210,46
1374108,42
1074202,34
1431907,143
1486660,139
1087576,125
1050233,139
1132252,124
1095838,133
1369255,149
1034963,150
1223053,157
1267677,129
1485310,139
1473546,145
1426101,163
1332522,154
1102609,169
1384611,146
1136040,179
1415673,151
1036779,163
1083181,149
1313017,90
1122743,86
1059507,89
1143434,99
1123578,81
1175471,85
1420158,114
1171896,96
1340676,96
1281560,92
1158519,104
1071538,97
1036619,98
1158312,134
1066536,140
1133053,117
1251379,108
1100091,107
1149857,87
1047198,64
1136864,90
1179725,92
1306697,85
1281504,94
1327389,92
1055921,106
1101152,72
1182646,74
1424279,54
1105421,243
1445716,250
1079973,246
1458467,253
1312972,232
1088756,248
1267746,281
1232711,279
1457306,286
1011235,239
1471277,144
1181771,161
1231442,184
1193500,190
1200482,148
1348404,160
1436025,187
1290134,157
1033917,184
1179301,143
1081725,146
1393415,151
1389608,154
1352022,157
1279211,185
1472093,175
1242163,210
1430423,153
1489595,169
1336018,150
1373525,247
1090212,248
1209604,249
1270455,246
1333274,249
1247242,223
1483471,255
1157862,195
1094134,207
1340562,172
1188903,139
1421956,102
1069594,123
1032110,127
1221954,125
1089247,116
1400695,135
1431873,136
1057308,137
1392873,120
1375319,203
1336737,210
1197957,200
1355864,203
1064517,195
1228726,193
1133114,226
1388842,201
1069600,198
1010212,166
1350266,133
1404848,44
1364685,43
1322930,60
1014899,47
1024487,50
1054349,75
1299746,80
1255402,74
1313903,69
1169066,80
1378577,69
1100250,85
1217224,86
1255217,67
1119655,62
1342352,968
1308085,979
1444143,968
1176836,880
1107618,891
1247310,852
1076251,940
1230370,981
1405510,942
1044169,755
1128832,1373
1356616,1321
1242991,1256
1229614,1627
1054269,2380
1386650,2841
1428923,1332
1199404,1147
1424116,1121
1017704,840
1488050,616
1266608,614
1461971,614
1069314,608
1295765,598
1313113,593
1156774,665
1020945,643
1008568,656
1397328,579
1479955,151
1278982,154
1466318,158
1114726,166
1050846,160
1326323,163
1354098,191
1392774,198
1088550,192
1065051,170
1442994,146
1404802,144
1448322,122
1453906,109
1184605,259
1080267,199
1063685,111
1141097,121
1237041,107
1193161,94
1456560,186
1291901,161
1330248,194
1102993,171
1171305,161
1394882,161
1013097,207
1490074,209
1358294,202
1068255,180
1342445,41
1291172,43
1325526,40
1404721,41
1401858,41
1247641,61
1323579,63
1008571,59
1029555,123
1060085,182
1178756,199
1335690,213
1038438,222
1255410,220
1300405,263
1369944,177
1426505,189
1299024,169
1057752,896
1412748,910
1364620,899
1261442,891
1245205,881
1064070,837
1309278,921
1208235,900
1284797,901
1148320,818
1176349,176
1451180,172
1341426,168
1389218,182
1212530,183
1340756,192
1445687,228
1001480,220
1285713,221
1016498,206
1238649,380
1209840,442
1449539,90
1478559,92
1390158,113
1494723,93
1323348,99
1139353,97
1358455,400
1031442,404
1051268,411
1061096,403
1012652,542
1182370,505
1334101,571
1339935,392
1321554,424
1439931,398
1116026,173
1118461,381
1129761,332
1305470,496
1119279,321
1186970,146
1374360,172
1376618,159
1249682,148
1445557,142
1013212,235
1245740,216
1212302,216
1336986,214
1012718,414
1455753,392
1414107,375
1108487,220
1145767,213
1074126,181
1327909,119
1187865,113
1209194,126
1020515,126
1342004,120
1309704,114
1392386,142
1089782,137
1303695,115
1095152,112
1473553,663
1079855,668
1242295,691
1010465,670
1020507,653
1293282,686
1396363,795
1022752,728
1357421,696
1410617,609
1139996,907
1053955,2917
1093507,902
1144866,837
1128043,864
1267998,920
1093360,4786
1494011,5123
1342237,1087
1409426,890
1080952,59
1357847,54
1111725,53
1220749,52
1115692,35
1028364,40
1260258,57
1118887,57
1322939,50
1234117,878
1287542,833
1159595,835
1001266,777
1181256,754
1170613,743
1403354,866
1076195,890
1264257,858
1195502,755
1125151,991
1377611,942
1415079,769
1432411,812
1090138,831
1484042,815
1394148,865
1241695,880
1295216,881
1384543,790
1020876,143
1144384,153
1158488,156
1087275,158
1481135,163
1330803,164
1243616,201
1356902,196
1144010,192
1177817,171
1257211,85
1068853,89
1385807,87
1197420,89
1227153,101
1066210,98
1011221,120
1459794,131
1467815,129
1245659,117
1306935,1846
1349929,1931
1391689,1860
1350008,1869
1017175,1907
1230601,1880
1353563,2127
1460117,2055
1366885,1986
1096075,1736
1063639,56
1350493,62
1262949,66
1403427,66
1146723,67
1332594,64
1018381,80
1255521,83
1004292,75
1224437,68
1437923,459
1083487,447
1472309,464
1217589,435
1214056,1158
1343584,1089
1352012,960
1115630,583
1260544,470
1304453,391
1268487,486
1123692,2899
1068143,577
1190711,556
1359339,543
1025909,544
1338479,5474
1290319,5564
1409429,820
1105783,504
1399041,1112
1185779,1029
1055011,1057
1080864,1097
1247741,1104
1041516,1143
1157213,1315
1168450,1284
1392666,1265
1024666,1056
1141823,85
1242035,80
1181156,82
1038064,88
1398988,82
1473452,87
1310422,108
1108032,114
1055296,95
1220126,97
1113589,107
1491605,98
1299696,103
1280568,93
1313893,100
1330955,101
1208004,121
1173016,116
1462080,106
1375355,95
1230094,126
1025866,120
1451107,120
1416531,122
1282054,126
1450921,108
1161156,132
1091126,136
1252445,135
1433536,107
1339034,1744
1142781,1715
1335631,1737
1134459,1536
1493457,3926
1174658,3723
1247295,1710
1256335,1706
1295935,5148
1232035,4848
1485405,122
1231774,162
1411004,165
1291762,323
1499681,259
1232710,104
1096139,146
1460120,136
1366542,130
1125681,110
1243692,124
1367348,83
1025160,76
1156586,56
1499625,192
1336867,73
1336320,74
1344543,62
1222669,70
1105933,332
1073276,317
1215795,310
1471342,307
1495234,306
1182328,296
1138810,353
1142707,329
1231327,318
1299213,280
1015842,89
1362249,94
1202195,436
1495580,389
1196447,99
1091996,126
1498511,105
1258236,97
1223314,645
1397885,625
1265343,588
1067951,582
1343456,564
1283754,543
1170441,648
1373829,553
1152698,542
1200354,461
1445388,94
1248715,97
1013539,91
1198405,88
1352697,90
1061216,89
1029414,118
1456131,110
1048715,97
1438492,88
1216741,173
1306218,169
1080375,180
1428386,179
1377936,172
1276173,176
1268572,202
1179178,207
1043271,208
1309384,180
1129929,578
1046382,574
1183543,583
1478269,562
1117518,579
1173083,570
1037186,646
1174472,629
1427657,610
1403435,520
1088835,376
1450335,427
1380455,507
1073789,453
1276695,438
1203994,417
1136726,472
1298827,412
1247598,405
1440729,328
1115349,111
1078995,111
1316171,116
1229599,113
1133642,116
1210879,112
1496663,133
1376737,140
1238615,136
1063947,123
1314432,288
1149171,265
1087492,269
1362637,268
1274851,595
1164898,531
1407146,519
1123371,324
1291337,267
1231383,230
1186826,224
1031599,310
1456388,318
1115977,324
1370192,315
1496330,312
1309382,367
1327692,223
1099768,267
1086319,237
1295236,252
1333324,281
1145620,275
1048752,293
1390781,323
1185214,243
1192395,332
1095976,329
1331958,328
1432224,296
1115994,390
1035138,444
1435247,513
1336877,471
1316005,447
1174524,464
1166020,530
1180767,448
1113149,450
1199960,355
1214772,249
1222650,265
1379128,263
1163871,253
1463945,377
1119237,353
1002773,408
1142372,266
1359413,310
1278587,293
1364919,1362
1267877,1299
1371429,1191
1258322,1401
1177282,1173
1177106,1227
1301531,1191
1219857,971
1280093,1040
1152242,843
1394171,456
1110233,279
1028580,332
1163127,345
1313914,338
1109985,332
1452309,386
1264964,380
1044536,374
1311855,330
1202702,755
1468486,756
1431695,777
1112281,769
1166618,766
1335465,709
1444591,818
1062590,763
1088084,721
1246139,611
1244026,75
1202324,78
1482606,418
1149079,354
1283300,76
1318802,127
1276791,110
1063475,105
1199348,103
1056121,93
1148243,93
1271065,111
1121352,103
1195327,103
1310472,127
1012275,126
1013681,105
1057017,277
1081755,260
1329157,250
1016607,260
1097417,250
1273607,253
1030030,285
1102375,304
1014321,267
1460731,218
1209388,451
1079093,442
1009864,452
1232226,447
1212390,734
1015514,656
1026288,525
1342395,403
1317334,415
1499718,329
1144252,81
1266770,87
1345020,69
1498588,90
1081567,79
1136800,72
1404563,97
1048698,95
1379696,99
1494614,74
1044262,51
1318421,58
1051497,47
1181919,129
1155905,111
1494117,57
1409682,55
1278364,50
1390694,38
1370833,131
1443525,125
1428650,137
1447715,121
1224368,122
1160516,108
1224600,134
1379561,138
1221505,126
1025904,110
1417093,37
1258195,38
1090477,34
1424192,37
1112094,36
1355719,47
1179255,46
1248962,42
1283105,37
1103749,62
1108210,66
1032155,63
1192611,66
1282019,64
1200477,77
1409201,52
1385955,51
1369859,65
1355820,60
1010486,247
1279865,210
1497126,61
1492673,60
1468197,73
1067239,69
1194966,77
1359094,58
1267904,172
1066283,185
1064134,196
1257133,189
1223316,193
1395167,177
1353989,191
1422291,158
1298285,177
1236996,160
1001765,90
1080677,153
1197159,135
1382993,183
1079574,66
1418919,54
1483390,78
1298823,72
1173925,72
1476878,63
1233803,98
1431428,104
1329543,100
1162793,96
1387275,135
1323908,125
1322958,112
1268053,104
1305051,101
1350344,88
1374893,85
1035507,76
1176675,90
1295932,66
1201353,75
1013966,76
1063382,97
1375806,102
1072425,70
1183053,68
1166233,213
1150804,199
1459959,210
1028758,197
1470426,198
1045457,197
1107904,221
1330464,203
1191436,195
1041527,178
1309992,399
1083320,630
1144631,364
1229991,378
1141624,389
1266359,408
1257289,1330
1450042,984
1408203,338
1366613,300
1326039,38
1414267,34
1351716,21
1101161,35
1343335,31
1415914,238
1066165,229
1084729,215
1332928,223
1307584,203
1122837,201
1101186,245
1472746,217
1481360,218
1097637,200
1178734,148
1385359,158
1313891,146
1372544,148
1095090,160
1103849,155
1231318,187
1342423,174
1489884,177
1050683,158
1093651,524
1009004,539
1447838,534
1339194,542
1027184,561
1366421,545
1395557,627
1382148,620
1066186,628
1437787,537
1273643,27
1138260,26
1250575,41
1391663,33
1409188,177
1249625,179
1431237,169
1236537,170
1266099,265
1409991,242
1026632,220
1221355,203
1247935,194
1277356,177
1307732,209
1185822,779
1123946,201
1045423,178
1030906,191
1207533,180
1187581,1074
1210149,754
1239382,150
1175679,153
1112711,353
1374089,360
1118795,368
1140639,373
1083175,372
1492620,374
1175595,432
1381389,435
1252196,439
1125403,345
1119217,57
1277459,60
1453409,53
1242979,56
1175963,55
1429994,50
1072318,73
1023198,53
1173743,51
1407808,53
1007837,59
1439868,37
1035955,38
1294097,36
1419467,46
1059549,47
1003296,43
1050250,31
1164254,56
1329352,57
1318629,50
1497364,51
1372971,51
1382213,55
1168538,69
1007065,63
1436260,60
1131468,69
1065864,352
1373382,378
1204938,449
1497299,403
1369939,847
1413077,850
1329521,462
1014278,442
1322531,1221
1386627,1043
1021800,109
1122164,75
1023106,123
1437074,46
1377719,33
1025301,57
1046935,51
1452681,51
1493038,47
1098698,76
1309145,48
1468663,49
1069977,30
1408414,49
1345178,46
1460552,43
1059627,43
1452397,41
1426515,35
1295518,95
1387877,104
1361789,113
1064474,106
1124284,110
1417174,102
1386814,124
1301623,126
1427811,115
1026720,104
1251710,57
1234209,57
1004166,203
1438196,227
1484353,49
1429143,77
1111111,62
1118109,72
1292839,56
1422430,110
1328104,120
1320587,136
1428499,125
1140562,137
1280840,125
1137543,148
1313904,140
1255247,136
1311217,148
1232936,43
1043919,43
1342245,41
1214809,40
1233222,51
1274357,48
1033582,44
1290145,35
1105210,256
1079607,238
1229556,250
1358305,233
1495092,233
1075788,224
1462272,246
1487211,243
1278525,240
1072156,213
1261277,222
1411806,259
1078267,276
1378172,236
1386744,244
1130416,230
1404114,262
1455416,228
1445438,230
1185819,203
1004773,109
1251663,99
1336507,104
1131973,98
1143972,97
1119395,95
1336287,110
1096741,115
1414362,113
1064559,101
1099973,99
1409973,103
1406534,96
1378401,95
1491481,142
1085482,136
1110998,126
1352488,113
1287516,112
1021170,109
1498407,73
1280562,108
1201803,105
1079291,105
1179921,107
1182796,106
1096333,121
1339580,92
1030469,90
1222532,77
1248761,167
1223245,171
1328456,175
1264900,174
1064669,175
1329624,179
1388838,207
1041615,210
1345269,207
1188222,178
1392665,236
1123137,282
1250396,311
1422156,264
1254126,259
1194437,253
1348159,283
1016063,258
1465923,248
1419496,220
1269147,320
1170430,339
1320738,324
1326260,335
1374077,328
1199340,322
1368664,364
1179933,272
1150951,303
1388915,266
1137052,356
1230372,327
1173501,329
1018139,318
1469771,320
1110475,306
1151876,322
1473267,286
1388450,274
1375965,248
1363025,251
1008936,143
1245398,185
1084912,193
1012482,190
1175740,185
1110002,202
1480871,215
1364896,205
1229308,187
1053113,300
1196459,281
1417926,288
1071157,276
1137622,283
1343829,270
1247675,304
1210915,282
1106162,271
1132122,233
1152116,39
1139349,36
1403955,202
1128118,167
1066140,47
1313652,52
1233389,55
1200593,44
1233269,556
1346803,515
1469088,519
1188853,479
1435699,476
1398730,476
1422241,580
1214165,560
1003508,523
1154152,430
1314712,840
1114271,824
1418277,817
1297826,819
1268774,1304
1172613,1235
1149489,870
1389759,834
1378974,749
1213880,625
1115848,89
1225685,119
1075296,95
1329857,113
1068883,119
1296744,96
1394552,126
1081878,153
1037238,122
1049689,115
1217530,119
1112317,128
1451006,124
1322215,117
1227037,119
1388600,112
1133186,138
1122416,137
1275720,140
1362231,105
1010045,83
1438085,66
1179844,68
1304407,66
1461529,188
1412828,136
1371428,70
1218504,75
1383239,67
1074332,59
1042152,125
1489069,124
1199888,131
1010784,124
1338040,125
1077390,117
1186594,147
1076876,148
1408837,142
1310252,130
1497911,29
1436420,31
1095697,34
1318923,34
1318975,32
1069820,31
1413457,55
1129290,33
1184847,80
1055182,116
1085489,117
1442787,118
1359966,117
1001227,113
1246966,140
1456174,215
1274250,130
1082997,78
1213692,135
1128539,112
1126645,159
1439027,153
1169895,147
1142898,162
1041277,175
1390925,173
1368563,182
1123106,147
1352791,81
1365509,90
1299335,87
1155033,85
1441502,94
1080640,94
1131289,116
1416439,119
1167023,113
1115834,98
1085711,53
1078579,55
1222068,424
1381996,325
1384957,53
1463347,61
1211180,78
1004884,73
1292684,78
1181766,68
1378441,340
1039589,345
1484787,311
1307650,293
1393168,391
1147260,419
1160873,500
1390275,315
1490077,340
1426206,309
1161308,108
1202035,250
1063781,224
1255540,281
1189624,177
1011928,76
1416477,119
1213176,88
1466824,94
1318823,76
1186515,106
1241768,116
1281060,107
1106118,106
1397917,154
1230287,178
1058025,133
1004209,122
1035823,107
1373037,96
1308254,119
1007918,112
1437367,104
1148491,111
1461261,105
1084812,87
1239648,111
1320070,103
1046692,85
1320872,82
1112072,401
1426307,398
1233434,401
1204311,382
1270286,372
1241151,382
1106195,459
1362527,414
1373822,386
1088651,333
1371692,752
1170712,1738
1097376,809
1425470,713
1338306,715
1059092,717
1236134,3167
1420579,2467
1313750,667
1251701,629
1004232,46
1436746,42
1195929,44
1249534,44
1280255,29
1036895,33
1275145,49
1400554,50
1120021,562
1040633,540
1310818,543
1031907,538
1205122,511
1195293,512
1121684,603
1335302,594
1323910,560
1394931,498
1002479,200
1185698,198
1387808,210
1182612,211
1299452,194
1398759,204
1219014,231
1329042,236
1079212,179
1079402,207
1157925,53
1395999,59
1238279,60
1352454,62
1201572,63
1171633,65
1114558,81
1007921,83
1231837,75
1372533,66
1153580,72
1051401,76
1487987,76
1122589,75
1198363,91
1311137,69
1392561,101
1037381,103
1327930,104
1286218,94
1375145,1255
1354719,1279
1416624,1239
1162670,1235
1473999,1262
1415730,1226
1070101,1391
1149110,1391
1268657,1406
1125034,1228
1161652,38
1311386,44
1353828,48
1109541,49
1141616,50
1087687,48
1086947,66
1449835,66
1256323,57
1427597,51
1037754,349
1076695,324
1086034,364
1053303,343
1112214,680
1301567,539
1259161,422
1170392,367
1061037,332
1285893,283
1492646,237
1460894,1499
1322240,278
1007261,245
1287191,433
1277198,406
1285653,1909
1286918,1665
1325803,251
1041443,176
1232446,648
1381352,659
1168965,651
1300191,679
1391636,691
1475935,723
1413562,865
1129712,823
1181753,819
1094992,700
1208353,63
1166543,57
1059366,61
1039066,68
1460911,65
1436368,59
1006634,76
1226340,75
1402413,46
1187793,78
1076982,75
1478638,75
1470811,58
1027092,61
1413435,67
1311896,60
1026289,49
1163098,46
1092729,77
1161082,61
1465666,64
1398850,60
1319787,62
1304626,79
1292616,78
1344823,68
1189234,67
1253767,725
1487539,751
1238994,831
1195948,810
1220112,1807
1015880,1726
1228793,948
1042610,888
1028951,2247
1160784,1837
1397871,61
1442844,179
1069635,183
1358312,227
1015296,154
1379372,53
1302018,70
1194770,68
1233925,69
1345656,60
1219740,89
1364228,52
1307805,21
1494681,44
1494207,40
1253660,40
1410707,40
1055553,38
1126416,31
1328139,192
1349919,191
1456099,183
1167640,172
1183385,175
1403233,167
1332523,221
1299844,206
1481979,203
1334903,177
1004153,68
1195817,70
1445345,470
1173304,396
1073388,77
1085281,93
1173989,76
1124624,61
1049773,63
1390667,326
1102785,329
1071583,340
1469131,355
1393329,318
1168040,322
1375615,379
1491239,329
1336140,340
1208757,276
1196539,49
1340721,49
1107889,51
1161557,47
1448615,45
1217383,43
1482831,59
1387153,58
1198020,47
1021889,39
1022048,104
1281758,108
1190579,102
1300537,98
1109701,101
1260746,96
1393954,124
1421839,120
1278023,112
1451124,97
1219527,399
1430679,413
1080688,407
1009989,414
1058103,416
1109571,419
1192976,507
1112770,488
1458923,477
1098294,455
1319718,412
1428028,189
1160528,249
1293845,261
1390673,231
1469818,230
1209263,254
1058889,235
1218519,229
1416073,220
1062487,64
1410365,64
1005997,71
1462622,83
1425740,65
1090497,68
1067884,90
1072910,95
1011254,120
1169260,69
1319069,200
1046319,192
1255725,190
1038138,179
1459768,409
1499428,339
1146280,225
1328949,214
1253401,205
1160220,176
1050512,96
1213511,140
1237764,140
1461783,134
1019125,140
1276137,131
1358552,149
1121022,220
1479610,154
1062718,96
1119057,113
1062577,129
1072243,126
1138775,170
1094329,129
1280108,192
1158916,162
1148925,165
1273103,175
1326093,147
1037885,517
1204846,244
1362909,277
1025813,241
1257262,223
1338047,208
1411743,271
1371064,216
1470068,223
1101170,200
1462001,215
1281969,236
1120747,248
1119858,250
1464503,520
1454907,325
1112783,397
1153201,249
1033222,292
1317246,228
1279653,746
1259804,722
1330889,699
1456783,778
1451338,749
1455484,726
1463806,829
1293785,645
1092809,619
1255924,471
1238303,201
1273884,111
1321003,141
1421408,150
1323018,144
1291907,143
1191059,160
1226492,176
1109928,172
1359763,153
1020875,592
1479459,569
1126519,565
1243938,539
1011707,539
1055572,518
1202213,639
1112551,538
1318608,508
1171492,414
1346505,295
1399035,207
1410195,46
1428200,50
1450681,62
1230794,52
1111998,59
1458521,51
1089466,93
1013318,84
1266827,80
1356906,86
1015954,81
1277060,77
1167480,99
1218228,93
1410761,61
1060769,850
1261517,846
1429715,845
1008750,757
1275945,762
1227991,716
1432316,860
1153718,878
1092779,1573
1461917,666
1087803,1126
1140643,1123
1257290,1092
1451317,1098
1424992,1852
1065017,2075
1195936,1242
1404821,1054
1384273,1000
1218303,769
1300007,493
1169576,498
1483754,460
1248165,482
1113702,461
1455324,476
1313776,544
1077395,513
1140455,511
1139004,440
1397517,154
1160121,155
1111558,154
1466321,147
1138171,153
1014190,136
1038757,178
1263194,174
1473297,169
1196301,161
1364052,133
1038561,123
1061158,117
1170498,104
1334067,272
1354259,202
1045566,106
1137247,115
1325543,99
1362836,83
1220386,124
1106959,132
1152967,127
1280185,132
1165417,128
1270138,117
1207627,151
1058052,147
1180711,149
1093029,144
1267791,40
1310051,41
1407193,40
1197290,40
1261533,41
1453402,40
1406646,46
1016126,43
1097438,131
1016091,178
1311629,173
1004022,177
1298135,181
1078562,178
1254708,238
1494605,163
1370522,167
1079860,146
1220471,565
1485377,638
1403428,641
1230061,635
1402669,631
1231858,607
1351261,696
1274271,671
1377695,669
1207970,593
1183373,149
1345983,167
1070992,160
1329876,162
1471648,163
1035888,171
1349583,215
1063439,209
1408273,208
1201464,186
1477543,72
1390256,76
1178105,464
1443203,402
1394524,133
1278543,49
1474327,103
1348414,94
1390594,102
1309800,95
1392815,427
1115483,425
1148318,434
1205809,429
1497444,546
1095215,536
1056960,597
1251999,428
1188139,467
1134444,408
1124612,131
1463839,299
1405337,298
1045963,304
1404679,222
1487809,110
1008500,162
1346088,175
1309473,150
1440765,124
1351627,184
1441768,167
1370126,164
1292794,156
1308071,233
1470794,273
1164141,199
1170897,173
1077235,161
1205460,140
1256077,110
1135420,111
1425475,112
1104883,118
1070616,111
1119638,108
1287436,133
1390833,127
1130338,102
1221218,100
1013813,669
1210130,676
1113889,673
1131919,654
1347100,643
1203738,627
1216417,719
1075536,685
1248608,672
1231823,568
1284997,871
1392430,1789
1250311,822
1343332,1001
1158805,840
1302808,887
1315927,3389
1390178,2976
1319088,1061
1400730,835
1049345,76
1173186,68
1310002,68
1401748,60
1127622,44
1352703,49
1196939,67
1062100,65
1464385,58
1261795,50
1441938,763
1202667,773
1144183,751
1279884,693
1067326,692
1174713,680
1039677,858
1070775,852
1090686,782
1351993,706
1486124,591
1177585,588
1119464,572
1181642,530
1235863,560
1169391,554
1405637,622
1413868,581
1162780,527
1006063,502
1218918,130
1221805,137
1351968,129
1276334,144
1176666,142
1490962,139
1209534,167
1429093,165
1207337,164
1237384,141
1149222,119
1117923,123
1166830,133
1120717,145
1499239,117
1102466,125
1197506,158
1298538,165
1134036,192
1061156,123
1306954,1955
1342909,1893
1244760,1828
1431361,1867
1276681,1929
1148958,1872
1184174,2083
1323560,2015
1066229,1960
1025558,1700
1272226,63
1345224,61
1180576,68
1400678,61
1494631,67
1041253,69
1085653,82
1036898,85
1255825,75
1166811,69
1312936,357
1313089,332
1109924,363
1335860,355
1287145,776
1176669,669
1458693,479
1129849,383
1491799,344
1051349,275
1443980,255
1213478,1379
1488938,310
1236270,262
1448872,280
1152021,275
1233583,2091
1254865,1608
1446649,319
1123458,223
1413179,1009
1064720,944
1333985,938
1485965,968
1045179,965
1034980,982
1055582,1102
1444798,1120
1059223,1131
1047097,962
1328392,94
1249257,86
1345965,98
1189952,110
1030558,112
1379280,115
1257501,138
1054115,140
1454949,102
1395932,100
1346914,95
1478318,84
1075796,89
1383931,74
1285934,81
1215738,79
1060380,108
1378187,100
1095715,86
1297712,74
1037218,99
1125921,103
1226436,101
1132112,101
1034182,101
1282516,104
1456846,121
1439256,125
1303607,109
1471480,102
1309280,899
1316821,963
1068449,1025
1244417,1071
1460277,2962
1141964,2923
1341807,1368
1374690,1255
1116327,3811
1395446,3265
1318251,102
1464601,224
1227075,203
1429094,306
1433405,193
1318005,92
1092639,160
1499150,147
1076176,117
1272010,98
1321757,198
1330209,128
1099026,124
1493281,56
1164689,100
1498076,93
1319999,86
1448350,82
1421711,78
1038221,68
1297481,280
1342441,278
1065384,277
1457965,263
1047619,266
1116321,257
1199733,298
1253782,289
1164408,275
1045723,250
1408514,69
1248845,80
1361418,531
1266589,465
1289418,80
1306674,76
1282683,104
1007581,89
1007038,94
1191930,88
1289632,297
1265199,305
1394596,304
1399350,306
1090499,313
1207469,309
1337311,368
1478789,331
1191669,322
1316515,266
1074816,100
1450974,105
1316042,95
1179169,87
1271167,88
1001293,82
1274820,101
1498345,88
1461834,77
1076787,146
1099423,158
1253791,145
1405583,169
1128016,160
1148287,166
1336749,207
1121493,198
1300038,204
1469353,180
1379869,513
1364543,500
1209429,514
1336922,502
1184984,502
1033802,495
1102254,566
1069100,541
1251110,515
1422931,454
1396463,361
1384942,437
1267286,492
1080373,526
1453390,389
1460261,425
1118334,469
1216971,413
1314150,406
1062635,324
1197947,138
1429990,142
1328020,142
1000304,155
1413854,141
1058705,155
1059717,190
1120318,180
1195881,183
1133957,158
1333350,282
1395760,259
1141879,274
1106071,270
1424549,558
1188351,527
1404749,378
1402018,312
1408756,282
1184746,234
1247919,249
1348282,307
1425154,322
1005220,316
1368923,326
1238630,322
1272350,381
1184813,239
1243023,278
1415987,241
1134877,208
1116838,220
1242837,218
1461295,267
1304951,182
1231273,219
1259733,265
1431813,261
1244857,241
1120215,226
1089252,392
1169044,453
1488310,535
1311865,477
1130736,471
1253835,442
1198939,526
1141237,452
1220100,435
1251272,366
1389126,261
1028984,268
1210725,270
1439307,273
1276761,384
1038564,377
1487161,446
1204026,275
1058780,313
1198260,286
1409283,1211
1369586,1173
1208466,1144
1105224,1257
1160660,1115
1070798,1085
1436213,1172
1262471,938
1040294,997
1148180,814
1174904,433
1310941,291
1072061,325
1096891,367
1050753,346
1372237,340
1480355,386
1464692,375
1205643,371
1255449,326
1343936,696
1024894,720
1225695,719
1327670,713
1136102,682
1029371,682
1108374,800
1313682,689
1446388,664
1061253,552
1256773,67
1156707,67
1225914,445
1188906,347
1175099,71
1213251,76
1318948,98
1140044,86
1453448,96
1482127,86
1492186,117
1451729,130
1175655,137
1232270,130
1386092,126
1146127,143
1007031,140
1252790,119
1208015,115
1460898,288
1472216,290
1497186,293
1281556,282
1319241,283
1211603,278
1200918,321
1489205,331
1345123,321
1436473,286
1412634,295
1004840,301
1370737,300
1148097,328
1230329,475
1264189,448
1471564,330
1207436,321
1117271,313
1456785,245
1034638,106
1321713,126
1229492,114
1017228,115
1347864,124
1358884,125
1157643,143
1014275,143
1273605,114
1492568,120
1429233,65
1373773,58
1103191,59
1184979,58
1261848,54
1460475,49
1171496,74
1341287,68
1149009,68
1075015,59
1363384,42
1207153,37
1311230,28
1445660,86
1388607,59
1339201,39
1255252,43
1093143,39
1239147,27
1428924,74
1232381,60
1448200,64
1347708,64
1362845,57
1125996,83
1015315,77
1100625,72
1102718,67
1366224,27
1442450,26
1070689,22
1459302,34
1214871,32
1103295,55
1402841,77
1453915,73
1204065,78
1429149,72
1256007,93
1288466,65
1212811,63
1244220,53
1230918,161
1146830,137
1283364,171
1366050,130
1202304,157
1374456,158
1284388,179
1298741,191
1361024,184
1085139,145
1115757,55
1164611,54
1071986,54
1062774,53
1465544,52
1156252,69
1338188,70
1475777,68
1363760,60
1298841,39
1331898,204
1339825,152
1078026,45
1110323,63
1164425,51
1154567,104
1384956,98
1409353,83
1010862,95
1183882,284
1438307,200
1149805,211
1038249,119
1288149,139
1217865,125
1170575,50
1459362,115
1350029,107
1467669,134
1014675,91
1280197,59
1220931,72
1336050,67
1299433,63
1024888,59
1306844,62
1365486,66
1177550,63
1131156,56
1343038,126
1420346,119
1147021,83
1476298,69
1342290,57
1122492,26
1369700,33
1020027,33
1206446,34
1306114,28
1125550,30
1348293,43
1188771,40
1482727,215
1057243,215
1126452,216
1342786,207
1384345,200
1479026,202
1400837,226
1386993,212
1024697,198
1117768,177
1433636,286
1271523,579
1413066,267
1052429,289
1080624,282
1433782,305
1429517,1076
1211453,863
1148474,207
1403075,208
1326194,30
1179865,24
1298419,24
1455874,18
1177955,29
1071207,26
1288752,356
1167747,290
1467746,286
1122163,274
1200111,273
1282157,265
1072327,299
1358293,322
1179258,318
1433034,284
1242400,170
1183728,160
1480985,137
1309302,169
1129620,174
1140646,160
1364451,198
1404202,185
1196684,206
1134530,184
1287497,59
1105062,60
1395783,62
1105017,60
1148887,62
1209537,58
1261074,68
1165109,72
1008951,66
1025002,58
1021362,33
1248311,32
1127567,37
1294035,36
1005287,37
1408576,37
1476703,51
1138460,54
1455947,52
1499341,56
1257724,594
1138065,600
1331635,590
1089050,575
1209677,582
1178390,576
1232486,668
1165663,653
1115081,651
1294491,548
1172071,25
1065500,25
1395805,25
1335487,32
1483824,29
1417531,25
1078215,111
1196339,127
1325211,115
1196940,106
1222681,232
1075794,227
1054169,161
1285808,130
1207618,125
1336847,112
1481561,93
1430507,702
1273196,133
1402786,115
1313810,117
1422861,109
1182953,960
1431576,797
1336624,143
1358256,86
1466648,278
1217089,291
1275462,286
1461365,304
1159522,287
1442492,294
1426884,344
1223006,337
1257596,338
1313402,292
1076417,29
1113562,29
1306781,26
1437817,28
1095654,25
1037188,38
1193062,19
1116791,27
1078593,25
1301677,25
1431143,18
1335729,21
1273431,20
1291651,15
1046453,26
1270301,33
1321242,29
1027253,27
1013732,27
1024533,38
1027745,36
1401756,322
1200397,339
1336135,362
1127302,345
1086163,739
1158899,563
1418131,390
1011342,373
1383378,918
1329788,840
1413355,32
1453914,110
1165320,113
1057838,113
1302966,75
1035293,47
1021717,59
1428648,55
1437108,51
1166881,49
1390263,60
1221841,31
1393273,40
1408322,17
1414454,28
1214045,32
1039828,28
1179927,81
1254793,81
1351626,67
1361626,76
1474171,77
1020749,76
1283888,95
1218770,90
1493085,94
1104390,78
1392730,37
1124619,36
1027577,103
1215288,105
1011785,36
1010577,33
1204806,28
1174460,150
1013394,160
1263967,166
1498604,144
1124137,176
1040051,145
1291601,174
1095188,151
1073321,149
1205283,145
1248898,33
1442657,38
1016320,32
1350450,31
1050645,30
1295212,39
1120237,31
1448221,23
1041643,45
1241401,48
1286172,45
1348808,43
1200960,41
1069495,40
1375220,54
1280709,53
1363658,50
1192217,45
1254129,221
1298211,196
1226852,194
1080756,183
1357125,184
1037900,180
1018982,204
1206804,203
1434708,199
1350481,176
1356462,115
1206990,128
1374639,152
1248955,154
1488819,119
1314173,129
1422028,148
1474301,119
1421735,136
1329364,121
1297374,71
1205205,67
1267715,67
1096759,63
1371599,65
1196904,65
1275453,73
1205146,77
1195095,70
1157236,61
1200113,69
1405527,67
1412772,66
1191506,62
1286282,128
1393333,134
1456278,109
1199618,90
1209903,87
1166888,70
1417296,62
1233935,80
1447608,77
1070930,67
1347324,73
1421863,68
1423458,80
1314357,58
1472011,59
1202692,50
1204108,65
1320421,69
1157131,65
1493504,73
1027269,62
1071193,66
1153084,88
1154191,82
1319139,83
1223887,72
1113523,130
1198977,145
1114413,169
1388713,156
1394714,150
1159948,149
1323802,190
1194854,155
1470372,164
1048695,158
1225474,85
1287737,79
1239768,74
1289902,68
1113656,142
1369685,131
1266061,154
1011495,99
1298947,92
1293685,99
1045465,409
1081681,400
1421624,391
1451474,415
1163083,413
1083920,422
1031606,460
1133029,354
1003561,368
1290934,318
1020564,150
1178892,75
1119268,84
1493433,86
1264710,85
1318684,80
1289831,92
1387575,91
1364643,99
1254679,87
1326548,225
1258579,227
1429577,224
1057122,225
1132453,222
1452892,218
1430832,248
1481540,227
1405175,222
1261253,191
1198643,27
1371814,29
1211409,156
1108597,140
1397712,32
1087010,21
1187741,30
1488904,23
1051180,28
1447326,27
1312294,28
1037296,26
1066036,24
1274650,23
1360248,38
1313926,26
1376399,22
1197966,268
1108691,253
1407227,245
1156240,239
1359242,235
1101112,228
1396786,261
1214504,272
1305039,266
1066722,236
1010949,294
1257911,289
1155840,276
1005910,272
1268420,377
1499109,342
1022495,286
1050999,245
1481138,255
1388481,205
1412015,100
1176447,88
1253823,74
1494779,81
1036773,84
1208909,95
1248167,112
1392970,115
1444295,102
1057981,87
1297433,75
1064848,76
1323764,75
1020465,70
1332048,66
1089745,88
1310777,81
1455214,81
1189682,68
1097913,15
1218649,58
1138627,28
1483004,10
1465355,20
1095932,109
1086204,105
1347932,97
1323389,99
1360373,103
1369485,91
1156482,115
1473466,105
1107803,110
1361421,97
1124678,17
1075990,22
1400926,46
1383499,46
1126038,50
1286555,42
1375120,47
1159696,53
1088236,60
1217593,45
1136291,42
1317437,32
1461229,117
1183783,138
1343779,124
1335558,145
1221537,129
1081323,122
1389983,145
1261113,136
1387450,148
1338940,138
1067321,13
1051361,100
1030392,85
1155915,30
1229449,24
1132160,44
1152412,26
1489262,24
1116102,27
1086847,25
1348070,38
1241177,41
1413177,53
1180550,34
1366766,29
1198791,37
1327818,27
1331264,46
1204089,51
1053998,28
1077837,42
1329598,37
1246576,38
1485914,62
1299729,69
1460115,63
1299132,65
1137246,87
1251637,101
1221233,90
1151884,71
1187774,68
1156979,57
1204525,21
1347649,22
1493813,33
1140478,20
1482717,14
1166964,375
1246650,371
1436167,377
1354222,352
1135520,324
1087917,324
1025372,389
1105223,335
1119382,315
1412980,273
1264395,238
1199994,526
1264068,211
1102366,241
1411928,228
1302832,224
1430125,1138
1179547,900
1432135,204
1423780,198
1271169,21
1177475,20
1284113,198
1182008,194
1065218,185
1405233,183
1275037,181
1474230,179
1215183,215
1435232,209
1143903,183
1358874,161
1014564,226
1206185,218
1392612,226
1309171,198
1126294,204
1339737,193
1337158,227
1429763,211
1092832,206
1066511,155
1344086,27
1210234,53
1080240,33
1156847,34
1028232,138
1262649,126
1453211,146
1262599,156
1495848,159
1342607,184
1358429,178
1475006,195
1009709,159
1492097,15
1006833,139
1406361,140
1308035,131
1018667,124
1360589,173
1387284,179
1037113,154
1216798,131
1413073,132
1418176,117
1472931,81
1484697,726
1160231,129
1104329,132
1176781,135
1399279,106
1016676,1036
1212768,892
1401817,136
1076968,99
1127204,103
1454285,122
1230213,104
1216199,134
1338024,126
1316220,124
1261077,152
1499021,150
1384202,154
1327954,128
1221607,25
1289506,12
1421492,20
1075950,27
1085945,21
1298007,23
1431853,21
1164599,21
1484727,31
1251893,28
1149765,184
1225876,201
1415546,231
1078113,171
1490342,605
1143538,489
1342267,243
1442839,230
1137292,1047
1394848,667
1192413,25
1089505,25
1053247,26
1427058,41
1399010,39
1022717,32
1281547,27
1368785,19
1424511,56
1294222,13
1454421,149
1483482,134
1006934,136
1337295,129
1331277,130
1444811,121
1103642,151
1182198,148
1497051,140
1488795,128
1174921,35
1234400,33
1394502,177
1200823,148
1275837,50
1041452,44
1479766,167
1387983,169
1159217,168
1320682,167
1085106,163
1233601,155
1131145,185
1258777,153
1159193,166
1010363,140
1363486,25
1425117,25
1325405,22
1391577,20
1133753,31
1111154,29
1197779,23
1365246,17
1212707,122
1313597,120
1412241,119
1337684,91
1280026,87
1323007,86
1255751,76
1354177,72
1078929,71
1019057,89
1450808,70
1298458,79
1364650,70
1409575,52
1125328,29
1216882,26
1345389,93
1388295,86
1209508,81
1476668,86
1413395,118
1225315,118
1035195,113
1313839,103
1230384,100
1056205,81
1082698,73
1308392,83
1199853,80
1022140,71
1352470,90
1189345,63
1490265,66
1348230,52
1181616,34
1197754,32
1341473,34
1183839,40
1412036,39
1294587,49
1207154,39
1319547,162
1190103,184
1240755,217
1336172,191
1271870,181
1407766,177
1309964,226
1170529,184
1273445,182
1101540,169
1497398,33
1439873,32
1109486,29
1253988,40
1295721,41
1126045,55
1300636,38
1384325,40
1401376,33
1132739,176
1010460,180
1195857,182
1247979,193
1035595,201
1069260,215
1094702,233
1240856,165
1007680,186
1426661,164
1256382,24
1108013,30
1259378,27
1053053,41
1057181,38
1287446,30
1456020,234
1204510,246
1420426,251
1467938,230
1466987,223
1260987,220
1136679,261
1334365,229
1424034,219
1080646,189
1175393,37
1120564,32
1002584,174
1369039,172
1337552,45
1165405,31
1492488,41
1312853,23
1136587,26
1301621,38
1160572,18
1110622,23
1106150,324
1049172,286
1114784,281
1167505,273
1361792,274
1152503,252
1227862,304
1105779,305
1376356,296
1402031,229
1096623,129
1239656,129
1405703,139
1191021,132
1092472,366
1458592,339
1294843,234
1308629,200
1495955,124
1061848,135
1190084,138
1341158,124
1462124,122
1360840,126
1181465,123
1057569,109
1057633,137
1075114,125
1055398,112
1333295,110
1297074,9
1379038,18
1322503,73
1448129,59
1350207,25
1123031,26
1232610,132
1201589,118
1151450,133
1281317,123
1477767,125
1405278,115
1491066,140
1163517,138
1474008,128
1233979,109
1408360,20
1441467,36
1039188,38
1059972,37
1090412,38
1439582,33
1049512,40
1278377,27
1048840,27
1294224,22
1443887,30
1443342,105
1495749,116
1312759,50
1310930,37
1312840,36
1088172,33
1179491,39
1439950,41
1068923,65
1004841,25
1103936,28
1424143,41
1302670,36
1003271,34
1042443,29
1282737,118
1024017,107
1400061,101
1488713,93
1169855,137
1358064,119
1331832,108
1158324,92
1423816,86
1404581,71
1441739,202
1265839,207
1216683,210
1335875,204
1160156,189
1149327,195
1079856,227
1166586,204
1177025,193
1157387,170
1208736,323
1264561,580
1073671,296
1209675,301
1275754,286
1367936,281
1446165,1274
1234429,1079
1124690,222
1084106,200
1052283,24
1336838,188
1217775,157
1438573,167
1072145,160
1449639,150
1383383,145
1064086,179
1183107,158
1111109,158
1049747,143
1118719,28
1198172,29
1191230,39
1209839,38
1130885,36
1245977,97
1352817,97
1245183,107
1490092,115
1278462,116
1090267,116
1231613,128
1164334,141
1300150,144
1231259,118
1353044,126
1364881,121
1070795,113
1334338,115
1270230,155
1377631,138
1080033,131
1415642,116
1014478,112
1469693,104
1161439,128
1168002,768
1441244,234
1273528,148
1010262,161
1464628,132
1054992,971
1424027,765
1181485,137
1387632,102
1165288,118
1113019,125
1116213,123
1044947,117
1402049,143
1073679,120
1088866,138
1194180,140
1474476,135
1049402,141
1150785,28
1430351,16
1154657,33
1294881,28
1482963,24
1320236,22
1401300,20
1402219,22
1085905,32
1074853,28
1002726,21
1159511,280
1187456,289
1042038,305
1123472,266
1493200,642
1302806,612
1407912,353
1446984,307
1183152,947
1204185,794
1108978,46
1199511,75
1083409,38
1118263,38
1218876,51
1167285,44
1252700,41
1445581,32
1127512,10
1085656,29
1321845,139
1455472,145
1027884,138
1394720,131
1074634,132
1308475,119
1139202,150
1049629,141
1495048,132
1255867,123
1063225,30
1274489,172
1155113,140
1012556,36
1136132,44
1057620,35
1367681,25
1127237,136
1123531,135
1087129,144
1337331,126
1255536,141
1025123,133
1492236,141
1168750,132
1186584,125
1456847,130
1075416,29
1372842,33
1240169,31
1014713,29
1345243,28
1227735,39
1088888,38
1333761,30
1158242,23
1081099,56
1242607,58
1495219,60
1401482,62
1318810,67
1400541,60
1024895,77
1046431,73
1068378,73
1431933,59
1271591,237
1421944,266
1184062,332
1057805,287
1076888,276
1181549,264
1211353,309
1201369,275
1041442,265
1080016,239
1194305,113
1215404,101
1373267,101
1317965,99
1102462,133
1228578,118
1450338,117
1140085,104
1353087,99
1399873,84
1199864,60
1427938,68
1040108,61
1232520,67
1140444,63
1491788,71
1017798,56
1078602,53
1432281,50
1474925,36
1487930,39
1062946,36
1250578,63
1251241,35
1054675,48
1430035,47
1320248,232
1384763,280
1373622,311
1226738,275
1329412,270
1475103,266
1222607,309
1202378,264
1191895,263
1446321,244
1116078,26
1438279,27
1260468,34
1307543,50
1412237,36
1008257,40
1287575,33
1187973,124
1432844,121
1041119,122
1308270,137
1365491,149
1355275,122
1152106,116
1099823,103
1054861,187
1000718,188
1184753,191
1086068,177
1128378,172
1195583,175
1497882,210
1104126,193
1317079,182
1282758,158
1155200,215
1324217,115
1473072,32
1343671,37
1026843,31
1125834,488
1189808,412
1441262,390
1055391,414
1296574,393
1448485,380
1075573,458
1349629,388
1024221,367
1209177,307
1043846,208
1187193,197
1401517,228
1451717,214
1137204,601
1394137,548
1293060,452
1084654,248
1235655,220
1198297,192
1356764,131
1146613,114
1337790,112
1005714,122
1047886,112
1490612,105
1248990,126
1106562,113
1197378,113
1296853,98
1402753,40
1425375,39
1028038,32
1345814,183
1498239,155
1440240,68
1313487,53
1172976,49
1173479,36
1108099,109
1140422,114
1476136,103
1183601,101
1392652,104
1281225,99
1076397,124
1455589,116
1427470,102
1378157,96
1249463,22
1159521,20
1007336,40
1492890,53
1416727,49
1274743,46
1060770,52
1304904,46
1420681,53
1046677,39
1331432,42
1392564,29
1007301,38
1087412,22
1070032,180
1307443,127
1141999,52
1409598,37
1279045,25
1423195,27
1488981,38
1133119,31
1452440,57
1132502,72
1407149,107
1282673,155
1268753,81
1284746,46
1005070,63
1019974,55
1309173,50
1480639,42
1446457,92
1362996,96
1090500,84
1304163,79
1078416,133
1059592,117
1162316,105
1158244,90
1366358,83
1314753,68
1286080,28
1335910,29
1006041,31
1249283,24
1461362,27
1015427,25
1358416,40
1020212,38
1248147,29
1378174,284
1215064,279
1442250,279
1075519,281
1182344,258
1160732,258
1334546,284
1166553,261
1450602,252
1267841,224
1253078,389
1102244,697
1189123,417
1003545,338
1304674,357
1428307,372
1142838,1791
1350187,1497
1074022,331
1431871,249
1437490,33
1466259,24
1253695,22
1286044,15
1283002,248
1382675,216
1272292,215
1480386,206
1365169,197
1384166,190
1497042,231
1363181,242
1294124,209
1009747,192
1283339,48
1267181,51
1332082,46
1315779,48
1265919,47
1130549,62
1468217,64
1117415,56
1177808,48
1020966,170
1210680,171
1007010,185
1426974,177
1167015,183
1208134,198
1088146,213
1384893,217
1295493,219
1237768,183
1025533,22
1473799,21
1178769,108
1386312,114
1129935,107
1441314,109
1154339,150
1308805,144
1094696,129
1268433,119
1357317,111
1068361,104
1281581,194
1112950,527
1394268,214
1356848,203
1115980,211
1215913,179
1260394,1355
1236784,1119
1131319,148
1207117,130
1470747,190
1410454,196
1329627,191
1053569,190
1098179,197
1489281,195
1230739,220
1117763,212
1016076,202
1020937,173
1018712,33
1045845,29
1329309,31
1161877,23
1226026,25
1492109,25
1040086,36
1412950,37
1340735,28
1233208,24
1151954,43
1288009,38
1273694,24
1488686,34
1193844,30
1257412,22
1015655,28
1316041,34
1296576,34
1400039,34
1194635,31
1313348,33
1119000,41
1027462,40
1371466,32
1134961,33
1485722,285
1143142,317
1272200,337
1387344,342
1138217,791
1325439,817
1072277,373
1314839,427
1443394,1304
1371303,968
1110848,39
1205741,51
1442808,57
1323796,64
1032128,57
1467255,37
1132370,52
1087561,45
1123735,41
1319373,33
1494589,57
1395269,31
1319608,34
1414354,14
1120550,28
1168667,23
1039323,28
1174079,26
1138894,108
1332326,106
1443795,98
1269616,100
1432258,103
1147987,89
1295928,114
1287051,112
1158914,107
1361913,96
1136100,175
1395576,140
1125717,40
1185462,54
1494897,83
1135110,123
1269099,131
1313849,138
1120599,132
1180650,131
1092730,165
1411549,138
1202252,126
1323841,133
1102250,113
1340912,33
1150418,32
1225337,33
1168528,28
1043153,27
1456419,34
1243421,27
1010145,20
1018571,65
1069802,70
1401957,76
1404213,64
1316048,68
1158712,65
1479461,89
1208718,82
1185405,72
1198952,64
1474845,379
1157526,496
1148769,548
1070034,389
1140349,379
1137134,343
1410300,482
1101704,473
1294776,364
1027926,314
1420629,26
1104909,25
1287283,102
1261591,112
1478055,101
1275336,105
1492006,142
1373733,126
1133943,121
1134075,106
1252216,103
1365824,98
1422465,116
1066872,125
1335313,127
1474073,113
1164921,111
1348022,110
1253188,108
1018552,86
1346530,82
1339297,68
1220358,50
1301699,50
1406291,49
1467067,48
1025513,50
1312658,52
1465977,64
1276636,68
1322947,63
1443723,57
1088449,316
1038747,403
1074323,470
1425596,343
1365619,328
1343273,308
1162807,416
1212269,379
1132139,310
1132973,262
1318675,28
1121665,29
1157481,44
1127473,55
1171397,38
1057180,42
1147842,35
1152981,254
1355233,250
1151463,258
1002763,230
1354095,240
1392836,223
1283010,262
1394082,225
1094935,223
1151706,190
1200731,58
1141438,38
1399751,46
1108673,45
1273336,43
1238435,44
1295267,54
1459297,57
1018011,57
1159162,50
1278056,118
1023979,126
1226314,136
1071038,127
1373670,119
1056884,114
1362578,135
1094443,140
1389248,134
1243448,109
1413481,43
1360278,21
1378063,143
1166004,97
1418240,27
1484087,43
1040229,24
1300041,32
1316313,448
1308796,435
1139258,420
1493273,397
1296204,401
1184448,402
1102185,447
1015283,489
1335904,456
1132706,379
1247498,712
1111828,706
1050509,712
1225960,718
1127936,1498
1066415,1202
1358786,793
1090286,696
1161679,677
1432350,534
1374582,224
1185511,202
1386250,212
1008427,206
1172238,199
1019043,203
1103612,229
1393402,199
1232866,220
1021932,204
1295018,78
1114607,73
1359954,78
1019313,73
1059851,67
1476929,63
1410152,96
1220929,97
1319121,97
1236073,87
1309919,47
1274531,48
1327243,44
1077904,47
1296259,131
1244754,89
1455282,53
1496731,57
1197177,49
1324344,116
1280829,126
1343500,120
1132022,104
1259861,110
1231386,105
1372949,137
1095880,137
1321490,132
1015489,111
1080169,32
1397944,34
1198786,28
1264775,32
1384255,32
1421779,44
1185691,30
1434682,74
1354008,105
1408531,100
1466423,114
1356737,114
1189941,108
1088646,133
1392976,86
1303529,89
1280402,307
1233708,240
1482059,297
1493098,294
1347717,292
1408089,288
1444918,308
1433357,330
1339315,320
1384499,286
1121169,73
1441170,88
1084363,80
1283429,84
1279398,83
1259805,83
1083814,107
1489761,113
1207479,106
1100808,92
1078039,91
1409480,83
1375526,488
1475219,385
1065416,67
1133414,66
1203590,90
1454122,75
1300661,77
1307899,72
1051496,202
1029671,218
1319750,215
1130635,208
1281671,284
1116333,261
1312450,306
1001732,217
1452847,248
1341886,229
1224175,75
1223150,191
1060365,181
1055160,182
1435103,122
1159771,61
1388818,76
1058809,74
1343550,77
1039843,64
1092200,98
1495200,99
1046120,93
1001638,95
1192455,141
1405377,162
1041927,132
1189301,115
1340940,107
1461400,93
1326313,187
1276735,63
1163652,85
1417376,84
1122299,72
1008743,74
1032920,87
1138081,92
1318665,68
1372995,69
1143198,344
1044391,339
1106036,331
1312310,327
1259739,322
1144461,314
1309137,352
1237369,313
1302878,305
1082810,258
1483907,491
1367832,1242
1070518,487
1392636,483
1023524,486
1462648,511
1229441,2245
1423953,1606
1114245,501
1306638,422
1308439,39
1295096,33
1439811,24
1306205,29
1299332,43
1352223,44
1479831,40
1339805,379
1243256,395
1138267,410
1335166,382
1250508,367
1475951,376
1342720,443
1306068,470
1398609,448
1356536,396
1273131,242
1427047,270
1228987,214
1117910,262
1325084,245
1146767,242
1199571,294
1266900,286
1164756,270
1180117,249
1233241,71
1054223,72
1289081,72
1250107,72
1280555,74
1292298,76
1083856,99
1361332,104
1299828,97
1195665,87
1164822,121
1420293,114
1341606,128
1037322,116
1345040,129
1114649,110
1136853,138
1494238,131
1405723,142
1470269,100
1264350,1363
1169852,1343
1392031,1407
1140763,1402
1359423,1343
1145373,1329
1381586,1497
1486989,1498
1061075,1526
1018684,1417
1415482,34
1122374,36
1092204,38
1388240,36
1204116,42
1055426,40
1481106,53
1086401,48
1045123,42
1319982,185
1206301,216
1476808,196
1074527,209
1297918,407
1116946,410
1326550,278
1354092,234
1175470,221
1352189,194
1233536,176
1441005,1204
1380607,226
1247012,209
1458093,206
1126592,200
1025339,1793
1024722,1335
1216193,235
1011181,164
1121765,584
1154015,543
1193249,636
1025216,683
1487129,687
1132636,683
1011414,834
1368489,812
1369233,807
1458746,660
1381318,43
1179843,75
1019442,84
1247604,68
1331326,64
1201206,70
1186649,62
1158671,55
1226279,33
1353248,32
1407293,36
1281098,38
1078058,41
1394187,43
1348427,50
1186575,43
1363247,36
1297230,797
1167634,802
1053043,876
1423915,867
1055545,1878
1114758,1621
1318987,955
1397343,826
1370186,1886
1472161,1615
1276697,42
1336467,146
1203758,91
1172892,160
1037310,321
1251864,82
1045336,98
1186000,87
1070140,78
1434891,55
1392770,100
1444603,63
1067990,61
1293324,33
1358355,52
1216349,49
1274362,48
1029262,48
1318994,148
1363865,142
1033638,161
1101622,136
1191317,149
1404911,149
1131961,183
1243385,181
1060454,171
1343387,157
1121979,63
1403567,375
1487459,311
1017917,58
1062761,48
1468345,62
1393161,56
1059386,67
1499860,64
1396041,204
1283359,206
1118053,218
1017722,238
1312573,205
1430516,206
1314619,229
1140198,205
1454863,208
1388620,175
1346863,63
1201289,59
1183310,59
1364257,55
1143199,70
1278126,69
1458264,55
1380871,47
1273251,73
1431518,74
1230572,76
1062492,74
1497120,73
1030045,96
1261209,100
1132637,97
1188748,82
1458080,296
1453206,301
1199568,302
1248799,297
1039738,305
1201156,311
1474243,358
1017840,345
1048357,326
1398873,282
1036027,177
1083550,202
1250165,255
1290283,203
1051440,185
1228552,210
1487438,250
1427474,185
1158915,215
1059423,173
1395026,140
1078445,141
1296395,139
1419507,127
1136027,107
1219400,139
1327846,152
1203267,164
1346275,138
1189866,113
1313319,133
1146335,126
1359932,132
1070174,121
1267950,192
1426151,237
1132474,160
1151371,139
1332269,132
1274328,129
1198368,57
1194111,90
1278568,103
1413620,109
1226250,115
1151079,116
1196663,188
1124985,135
1265526,128
1171114,84
1180389,210
1377809,194
1419087,173
1497642,192
1427519,173
1419847,175
1429378,216
1366456,260
1051466,211
1437244,182
1369746,210
1191177,243
1359579,286
1008422,282
1361514,261
1083765,216
1208100,259
1103916,230
1268975,229
1386877,194
1023579,143
1311954,148
1488452,158
1274486,164
1473937,196
1191349,190
1227321,226
1197558,173
1230982,191
1173627,166
1259982,593
1060557,568
1365049,568
1386676,543
1021036,574
1391925,568
1333552,639
1303490,512
1410175,510
1053503,403
1163661,324
1248345,186
1027074,212
1105101,231
1428483,229
1305049,234
1252301,259
1392558,253
1321571,257
1226420,228
1088812,427
1142629,423
1320284,427
1178821,412
1470043,407
1120815,399
1484461,457
1284339,406
1162814,386
1003890,337
1016178,85
1453325,87
1411725,422
1168060,327
1303062,55
1061634,53
1062614,79
1060096,72
1289801,75
1265042,69
1155844,62
1467304,60
1344265,62
1229723,66
1045622,60
1189950,56
1262458,75
1449096,73
1172065,56
1044476,57
1144948,321
1105663,275
1292184,268
1409156,272
1219848,263
1446882,249
1130658,290
1117216,257
1180146,262
1123723,222
1092214,439
1193244,426
1473093,431
1015778,437
1353466,754
1449756,737
1113140,484
1365891,387
1331579,381
1234776,312
1217244,90
1236590,80
1312208,82
1054258,76
1020243,81
1464033,71
1362544,92
1365100,96
1147950,90
1326431,76
1323979,54
1126741,52
1152714,48
1243749,47
1239508,132
1175845,114
1284532,59
1151282,56
1084295,52
1498639,39
1406743,74
1038286,80
1221279,79
1322887,87
1215429,72
1388757,77
1459085,97
1472642,96
1207215,88
1422972,87
1351470,34
1432777,33
1441916,29
1322235,31
1024988,31
1440966,40
1041786,36
1457838,29
1458507,80
1436526,95
1046795,90
1157453,98
1157467,102
1250220,102
1253502,98
1449527,77
1215320,77
1323683,61
1487270,58
1201241,56
1181074,165
1216318,158
1016515,66
1175256,39
1109308,64
1155018,61
1055106,63
1330159,51
1100362,102
1323732,97
1297694,111
1482935,101
1453370,133
1217703,128
1349362,151
1498376,119
1247371,121
1389523,108
1434827,79
1487985,141
1202772,152
1436244,177
1326422,94
1219713,55
1389801,69
1061995,68
1385517,66
1250239,60
1023444,148
1462006,148
1238059,140
1313063,138
1487782,242
1489141,202
1244156,159
1197199,136
1347013,136
1222394,111
1344049,89
1139130,62
1136868,65
1135794,57
1269572,64
1287268,86
1312626,60
1349215,59
1424470,216
1465908,211
1433007,228
1348099,215
1248768,210
1348933,209
1473910,239
1081562,222
1413965,211
1404408,179
1154217,407
1230706,704
1496234,377
1080295,400
1410013,400
1492218,507
1142595,1512
1341806,1106
1270406,345
1449841,285
1407648,34
1123096,33
1444293,35
1130663,29
1442756,21
1260453,23
1349171,35
1094765,30
1477758,217
1435423,201
1135179,208
1178848,202
1311551,193
1188755,180
1126623,223
1225608,233
1061139,208
1265832,190
1422855,134
1492002,121
1025759,129
1014641,130
1380163,124
1405883,128
1441114,140
1322295,149
1271703,153
1126947,133
1233869,486
1478615,497
1081273,488
1452584,493
1082717,487
1009386,597
1251805,703
1390565,602
1301315,600
1033019,474
1173361,36
1400135,34
1489440,34
1278953,30
1463175,32
1471485,32
1020768,39
1152664,35
1324280,29
1099632,202
1112056,185
1225810,177
1182550,176
1046330,339
1011226,277
1253903,204
1182041,189
1389945,176
1363040,157
1144372,226
1244397,828
1192419,185
1423648,168
1211910,190
1027316,232
1221224,1089
1030268,786
1018816,142
1290329,140
1466568,366
1429643,378
1301120,392
1377778,390
1271409,389
1168372,388
1469059,444
1067430,433
1155421,435
1136593,360
1412025,42
1287019,62
1396176,40
1331977,48
1017414,64
1043534,48
1443689,52
1347861,53
1080052,33
1117513,37
1428659,49
1236742,44
1359593,39
1430032,29
1101512,44
1221917,41
1450030,46
1311807,39
1380508,39
1059445,41
1110999,51
1133144,59
1173000,49
1422208,45
1324958,393
1254383,426
1160460,499
1285982,472
1434894,1001
1478111,845
1208714,624
1257730,543
1204027,1390
1234660,1126
1379557,30
1206972,109
1036821,85
1281479,80
1086556,58
1249198,30
1273640,49
1154247,43
1039516,32
1086615,62
1074491,31
1331967,53
1247169,26
1314566,40
1207802,38
1217120,35
1085153,36
1096124,29
1324643,73
1348063,69
1215254,71
1163471,71
1343129,71
1323659,64
1341726,89
1084459,83
1318775,80
1256838,69
1137669,204
1276624,160
1439602,56
1243108,51
1160233,65
1289462,61
1070377,49
1140632,175
1120911,188
1080511,194
1005706,186
1252996,192
1068406,184
1132811,204
1036698,184
1142085,188
1291286,170
1355770,39
1063009,41
1374169,40
1210839,39
1429939,39
1370140,35
1470437,49
1472579,46
1451674,39
1462767,30
1426126,116
1436356,110
1252819,118
1026971,110
1149602,117
1324150,110
1265505,125
1415266,130
1194917,126
1205287,118
1216607,323
1347976,372
1468668,411
1351362,348
1210795,340
1211587,317
1110361,380
1498310,321
1405934,324
1444235,285
1413454,66
1045716,67
1353423,69
1154956,68
1019221,69
1230883,68
1329315,80
1090421,83
1218834,75
1207249,65
1096870,143
1396409,146
1037656,143
1014037,145
1432248,200
1454232,189
1432921,158
1499865,147
1491511,144
1141545,137
1395659,119
1006261,205
1357284,138
1397297,125
1084335,130
1099952,112
1490160,151
1498026,94
1354418,100
1174084,78
1031835,213
1124713,221
1231192,220
1430845,219
1372144,221
1167420,217
1437265,248
1400908,251
1032713,248
1414921,220
1138409,257
1074677,271
1249229,294
1034893,266
1236619,252
1073611,243
1398971,280
1191159,248
1179404,249
1158107,221
1170010,117
1063594,121
1276959,117
1079134,135
1249813,150
1282607,145
1216484,172
1083050,132
1126864,144
1304998,138
1254131,325
1288768,339
1236684,351
1159256,332
1046393,307
1144740,296
1387143,331
1376447,284
1090955,267
1367945,238
1062966,117
1215173,95
1423125,103
1304852,106
1021724,106
1093088,105
1200538,123
1489037,121
1008838,119
1169203,115
1050959,329
1428574,321
1434386,314
1381322,311
1052185,303
1024283,297
1247559,340
1012208,312
1047132,300
1111480,255
1020431,153
1226209,151
1448463,49
1265029,65
1371818,63
1001148,52
1362812,568
1239762,411
1254062,414
1040412,434
1107366,413
1372047,425
1386015,465
1015227,414
1268228,403
1369293,334
1057989,386
1094537,380
1264303,372
1379614,388
1333333,523
1476899,479
1186550,382
1030934,365
1262550,339
1352451,297
1427314,219
1151744,210
1013929,230
1302552,242
1026832,225
1427606,171
1339299,220
1074211,229
1319989,204
1209709,192
1102908,41
1421244,38
1435074,38
1497104,33
1013820,88
1405691,92
1030857,52
1448901,49
1296889,48
1362892,34
1177846,184
1216716,167
1485789,169
1000405,178
1377293,171
1149679,139
1357633,184
1069951,189
1394657,164
1342487,160
1103781,23
1260990,25
1186075,35
1420628,32
1033678,20
1159897,40
1055147,30
1058034,36
1437001,35
1237714,36
1464379,50
1312387,25
1185155,51
1116803,49
1168006,130
1174164,150
1026794,55
1053982,32
1318678,53
1325393,48
1250190,40
1374738,60
1248806,49
1245972,65
1002128,54
1083476,116
1449458,70
1482122,105
1214569,89
1309837,76
1340245,78
1128407,53
1003796,68
1251253,53
1252353,104
1291714,54
1080543,50
1469694,63
1233157,53
1474573,51
1219309,45
1004249,86
1294600,85
1361715,82
1429336,91
1077780,169
1270581,128
1450900,101
1059120,96
1378120,91
1121365,76
1057980,117
1252149,134
1106978,142
1083553,137
1486382,136
1160547,135
1052664,158
1221494,161
1029101,147
1034243,144
1474190,278
1210832,700
1384764,306
1464581,257
1449113,254
1221115,266
1213496,1115
1232809,907
1187479,242
1388369,212
1495776,30
1168775,25
1355384,18
1017536,30
1033467,25
1087374,18
1344569,237
1059351,215
1332121,224
1256130,253
1288076,201
1470264,197
1187374,241
1247292,213
1352064,210
1026735,184
1474051,51
1164344,55
1253909,55
1313512,56
1187666,58
1000831,58
1361966,75
1228440,74
1222358,71
1259767,61
1083024,411
1027186,429
1226206,423
1193020,424
1208269,488
1441531,410
1201640,474
1412072,561
1063733,578
1196516,417
1481613,31
1404146,31
1037597,29
1303077,27
1400354,29
1460258,38
1258158,39
1391288,34
1259464,29
1022162,79
1043840,75
1339738,74
1384661,94
1209720,138
1455897,128
1127451,106
1363426,101
1217809,94
1309141,93
1195458,137
1344468,572
1109661,216
1022560,163
1019323,150
1146209,138
1378286,846
1356402,700
1499223,119
1276621,113
1496726,239
1040688,259
1359566,248
1322847,263
1419205,261
1376392,263
1471555,306
1157631,302
1446675,307
1171196,252
1281533,30
1093990,30
1209374,31
1421623,18
1251384,25
1051395,24
1139627,35
1180107,34
1325722,22
1118152,58
1330397,52
1361124,59
1178707,52
1413986,45
1241852,50
1283593,51
1238865,56
1028109,52
1183910,42
1180242,354
1118832,386
1173239,438
1418951,400
1029810,759
1463479,614
1196208,438
1369533,433
1267353,1030
1120902,855
1204473,39
1363790,46
1089488,31
1321307,141
1209154,55
1276722,45
1042434,45
1272062,44
1408207,31
1139545,57
1370338,32
1441728,39
1250654,19
1383155,32
1063345,24
1447665,141
1312133,148
1173106,120
1272624,148
1327619,135
1434019,120
1111401,163
1455666,159
1393896,165
1078164,148
1090469,19
1127551,78
1130340,65
1071794,21
1343891,25
1029979,18
1494201,63
1110232,75
1191425,71
1083831,74
1114637,77
1444450,78
1002579,87
1136776,69
1227062,73
1253118,59
1333423,51
1060388,51
1167613,48
1056566,44
1304142,46
1058319,44
1093672,57
1305060,51
1022178,44
1267082,37
1222568,119
1315683,119
1122220,117
1374913,113
1443718,127
1402391,110
1172117,127
1460512,125
1057481,123
1435184,114
1154591,234
1029511,253
1122897,303
1327188,267
1058238,256
1241404,252
1004561,276
1293729,250
1454012,251
1251881,223
1494214,35
1447416,35
1295580,35
1062579,35
1326138,49
1454801,49
1251730,48
1495918,39
1165001,125
1215402,114
1367986,113
1173733,128
1195787,195
1013331,157
1224522,122
1478189,119
1287261,111
1100902,106
1474455,58
1264948,68
1485074,73
1489039,69
1348732,70
1105602,68
1007891,68
1077300,58
1329141,57
1259803,51
1360415,79
1127043,78
1059133,74
1204248,78
1217680,72
1167403,78
1427762,92
1055201,94
1486591,98
1011382,87
1310544,187
1408249,192
1442686,236
1004124,184
1028308,175
1185785,210
1481414,192
1185694,186
1075073,192
1230994,172
1379639,115
1131581,129
1156328,137
1245306,128
1471389,145
1364328,138
1436549,191
1463916,152
1390277,136
1107277,154
1357918,257
1447229,248
1005089,258
1251525,238
1446516,238
1364017,228
1451683,256
1029269,226
1140303,222
1295180,188
1152177,102
1017399,76
1145891,84
1413242,71
1397636,69
1273228,68
1106083,91
1455436,106
1210472,100
1179024,108
1233530,212
1497414,206
1070634,200
1207686,190
1237150,193
1110076,187
1154847,221
1461549,204
1154617,200
1084175,172
1186995,344
1210151,304
1381179,306
1461982,316
1427117,312
1119080,317
1086505,357
1494879,321
1173357,326
1272563,256
1304421,534
1121467,526
1262305,542
1247788,524
1015891,819
1309128,970
1005399,568
1006498,483
1435652,443
1299727,369
1194476,116
1212725,113
1190444,119
1254939,109
1111305,109
1331353,100
1022768,134
1380047,125
1488338,118
1152614,106
1096268,64
1474006,60
1325326,51
1383158,52
1161026,150
1447296,143
1150094,71
1246960,68
1495161,52
1356515,179
1292414,162
1486912,174
1112470,155
1398419,166
1308975,160
1342069,199
1451824,186
1460152,178
1498359,170
1163148,51
1013434,51
1156755,47
1482906,46
1242262,47
1231518,46
1218599,64
1414865,64
1001701,58
1469466,50
1424863,100
1380652,109
1000734,110
1005335,115
1404053,113
1446011,116
1171263,121
1116171,98
1312433,101
1338621,85
1465064,76
1449755,67
1386365,313
1024030,266
1046592,59
1152096,70
1421359,75
1316044,72
1181013,86
1070137,66
1146852,127
1295497,130
1371269,129
1295314,135
1151009,156
1338515,197
1285058,244
1281399,148
1343836,162
1140896,154
1008749,192
1489542,203
1392767,185
1089465,217
1260208,182
1415229,86
1481494,113
1103454,107
1098157,100
1130726,94
1225453,201
1369168,185
1103558,176
1211285,175
1139460,263
1215932,235
1126306,199
1339455,167
1071891,178
1161712,159
1026497,114
1086610,116
1321124,111
1310618,113
1361581,115
1465472,111
1217409,141
1044635,131
1291482,114
1436060,108
1314539,279
1047310,280
1285948,288
1435237,282
1016992,265
1149757,283
1193059,292
1083302,282
1476967,270
1192208,234
1419882,886
1404698,1063
1445592,827
1051753,717
1437653,744
1016753,784
1061979,2446
1166878,1516
1077710,771
1151813,676
1331608,43
1040462,41
1491082,43
1380987,29
1238332,50
1343421,49
1455377,42
1401181,262
1098169,196
1414810,199
1036855,212
1103761,197
1042253,199
1235632,245
1045651,222
1411635,223
1323063,202
1443157,298
1330934,294
1316177,295
1278699,288
1238056,276
1129006,278
1407025,324
1221491,322
1480631,307
1492689,272
1117594,671
1486028,669
1135738,669
1222614,675
1406377,683
1244061,687
1003197,822
1289790,833
1036601,842
1050954,724
1094126,35
1270770,35
1382259,35
1349385,34
1329858,36
1168409,34
1183464,53
1372710,53
1070786,46
1180446,39
1152619,423
1339008,397
1094930,402
1372645,414
1458283,759
1363817,530
1425272,447
1331011,385
1213126,382
1022307,308
1193613,683
1194956,1196
1267495,590
1057705,499
1428544,435
1242885,456
1075410,1982
1261158,1488
1311456,414
1068712,365
1246456,558
1213389,591
1011038,578
1403857,586
1377782,586
1354740,591
1195560,694
1000845,703
1188391,718
1310969,620
1349423,93
1072222,84
1474968,85
1286832,76
1206362,80
1206240,76
1240574,99
1046701,94
1316364,76
1201456,76
1393626,77
1033993,105
1252764,72
1397241,45
1266837,53
1367769,50
1234359,72
1047082,67
1058253,59
1120533,50
1243607,58
1444377,62
1399251,56
1211270,60
1389781,56
1041281,55
1499053,73
1034495,71
1411800,65
1339180,57
1026340,742
1426674,805
1178617,941
1384129,833
1094924,1982
1473719,1807
1086535,1254
1319044,1111
1082944,2335
1416679,1506
1383333,99
1442804,106
1019682,127
1142103,163
1456298,104
1198846,54
1355892,66
1354917,66
1419588,62
1470635,111
1311030,83
1098457,128
1347629,50
1024016,64
1020196,61
1349568,54
1296974,57
1384332,56
1112022,47
1063805,208
1169301,181
1236391,185
1487226,176
1043032,163
1052339,168
1319985,209
1118019,201
1065364,192
1280176,182
1197882,62
1336558,61
1304381,396
1364534,304
1382408,54
1486487,63
1227369,74
1417012,69
1332262,76
1207324,65
1471695,332
1379662,342
1068011,338
1332593,329
1145163,334
1418885,315
1486990,363
1094413,328
1067435,326
1171175,272
1170587,59
1009387,56
1471282,59
1446802,56
1318609,57
1219191,57
1256714,71
1426027,72
1114280,62
1233775,52
1384107,335
1055966,335
1137846,337
1138651,322
1475804,340
1437784,328
1233590,384
1175552,363
1457208,357
1306640,302
1492548,368
1499518,313
1300407,363
1204844,321
1495928,300
1143934,289
1235352,328
1068392,297
1433681,293
1162384,250
1440330,100
1416370,94
1358159,94
1341131,93
1050479,95
1120227,98
1296492,117
1271141,108
1178189,111
1100128,157
1117429,157
1338037,154
1362739,145
1340320,241
1117884,202
1250167,197
1284344,166
1462931,155
1257974,148
1078594,93
1177300,122
1440074,118
1381202,128
1121088,124
1472538,127
1008764,152
1095641,114
1270236,113
1487114,104
1413653,364
1456294,369
1493346,371
1253423,377
1464461,373
1258298,371
1490920,413
1064573,418
1082240,406
1256806,356
1054024,293
1332189,284
1457769,327
1398069,288
1433872,269
1149035,268
1163601,289
1181945,269
1082740,273
1389913,236
1465517,184
1495193,191
1002309,203
1472784,193
1473380,240
1010982,303
1221848,368
1445942,219
1145830,226
1139043,202
1158925,532
1275715,548
1350790,524
1391141,529
1235746,500
1386957,503
1124751,558
1340094,480
1091113,489
1152565,402
1450571,361
1419513,173
1328548,182
1253135,193
1354514,190
1310755,198
1469390,236
1479042,227
1204703,229
1096925,209
1177199,541
1052133,525
1130890,521
1379400,487
1003688,488
1400232,475
1487971,536
1123740,487
1495516,471
1055893,397
1204356,64
1369059,65
1351937,337
1004040,283
1399111,45
1418848,53
1245910,72
1335062,67
1323447,71
1154097,63
1243434,91
1440438,99
1477230,85
1041606,95
1079764,98
1322204,96
1388371,128
1191040,121
1345720,100
1226984,97
1103552,427
1095975,363
1396135,378
1361416,392
1028341,369
1176218,349
1044843,392
1244513,360
1075589,348
1165362,283
1454684,523
1445429,531
1442692,570
1320541,520
1477747,762
1038111,942
1423052,540
1326454,515
1405676,462
1114439,375
1054413,175
1060287,176
1053202,174
1107001,173
1260188,169
1389884,156
1011812,190
1035060,183
1225651,176
1269716,164
1423243,67
1056176,59
1086057,57
1181477,53
1096384,163
1261427,140
1126466,73
1251550,69
1344627,60
1240320,49
1100592,163
1151563,156
1072177,147
1157690,166
1067421,149
1049469,156
1177757,186
1121323,176
1259921,178
1270504,155
1148734,37
1484172,39
1415096,38
1477460,37
1307102,37
1033661,48
1254297,47
1169748,46
1351915,71
1287757,87
1246353,90
1161031,75
1492892,73
1231162,72
1069357,76
1237460,62
1154573,65
1252295,62
1441237,73
1310322,76
1341706,315
1199338,267
1402927,67
1059264,77
1056575,92
1226667,79
1184350,94
1116990,73
1068099,69
1380215,70
1147717,69
1336774,69
1300589,93
1151202,90
1092291,113
1158536,95
1048271,98
1321815,90
1341469,84
1074570,195
1183904,166
1161695,213
1427233,107
1019963,93
1064759,89
1260965,84
1489804,79
1499105,68
1138163,119
1275435,123
1242346,119
1303020,114
1390581,145
1467768,144
1497257,144
1458496,132
1331663,126
1337395,102
1098324,133
1473216,122
1288843,128
1336958,112
1374798,130
1285831,115
1157343,134
1055864,131
1149140,107
1375688,110
1005415,279
1254165,271
1287323,286
1197742,267
1098491,261
1064484,259
1316610,283
1295783,267
1310563,255
1264587,224
1023439,665
1079927,881
1096318,620
1182017,539
1450646,554
1294005,570
1307672,2066
1056291,1669
1041967,606
1161052,552
1115378,51
1126975,45
1425062,47
1421083,43
1430111,29
1310837,34
1323552,47
1449312,47
1303502,239
1390650,203
1149555,219
1214070,198
1142508,202
1221143,186
1391855,255
1295014,233
1077590,236
1306567,208
1130901,190
1360630,203
1461640,192
1439173,195
1247601,198
1473103,201
1072711,230
1016474,218
1496045,221
1293797,193
1497941,704
1278537,702
1355035,690
1143583,686
1020166,700
1406416,686
1203123,795
1480428,791
1420069,798
1125502,682
1024935,27
1289109,28
1459553,35
1134348,35
1111393,274
1355898,273
1130917,278
1149958,257
1036356,330
1455529,341
1491854,309
1234170,271
1391597,260
1183080,231
1402530,334
1102476,788
1498269,379
1428840,286
1336198,261
1225617,280
1133951,1517
1325664,1257
1172045,282
1381124,200
1405281,611
1140630,618
1179175,604
1328240,590
1148498,581
1444150,589
1184976,678
1455643,674
1054872,700
1465520,613
1128843,82
1315539,83
1242462,71
1350802,75
1096746,79
1129487,75
1183500,100
1041769,91
1239451,75
1217436,76
1358603,83
1457940,82
1049890,54
1328556,40
1349869,52
1061284,45
1009353,63
1431845,58
1422420,53
1413250,40
1297493,75
1006600,67
1024745,65
1401938,67
1015892,60
1168659,62
1467272,76
1372762,70
1070911,69
1162490,65
1062386,479
1058455,512
1038618,608
1012910,597
1273816,1100
1015970,1011
1133607,805
1462127,718
1005260,1870
1178206,1221
1099372,67
1151684,170
1062706,165
1000462,196
1113146,98
1286451,81
1209288,74
1071743,65
1406565,66
1303623,59
1101312,103
1274220,53
1046363,53
1124945,28
1163384,46
1453188,43
1039477,40
1110194,43
1173932,41
1317154,32
1265971,177
1376692,178
1025739,183
1490685,172
1233592,171
1242586,170
1417742,203
1085830,190
1125663,189
1277434,166
1073593,60
1069567,60
1337776,328
1412396,266
1155177,46
1187206,52
1028786,61
1397179,57
1309690,70
1024218,60
1070732,172
1223304,178
1107079,186
1454774,170
1040018,189
1141787,197
1085213,209
1061709,186
1097923,184
1388988,170
1407946,57
1130479,56
1019957,53
1131530,50
1332626,49
1178951,60
1025702,61
1026610,52
1112746,42
1184133,367
1460544,365
1232535,359
1479916,356
1115572,348
1494124,344
1283670,389
1285656,379
1399178,374
1113406,323
1190768,221
1251345,239
1280927,286
1343610,236
1154445,224
1403823,221
1311885,256
1339877,220
1418984,221
1300135,195
1200592,138
1260242,143
1395800,143
1453905,141
1443736,138
1464242,139
1048256,160
1160937,159
1349435,154
1174466,144
1089398,176
1087733,183
1234773,170
1359835,170
1148989,213
1365592,232
1309184,219
1378698,195
1386797,188
1330452,162
1351826,106
1277872,130
1314199,135
1019082,138
1370963,131
1286139,125
1456597,127
1432834,103
1104820,113
1139260,102
1337305,258
1130316,264
1040709,271
1158635,255
1431499,268
1084752,268
1274093,302
1342313,299
1455649,299
1114608,266
1310892,235
1199038,241
1140872,269
1295778,277
1130685,211
1196193,235
1407837,252
1209313,224
1407123,242
1362036,188
1296768,152
1434488,169
1074836,165
1470035,158
1390700,199
1044974,190
1196047,238
1000316,174
1319295,191
1022883,183
1074755,466
1265478,480
1079551,475
1284323,512
1088414,507
1059042,451
1333252,483
1385541,441
1436174,427
1207409,353
1237302,162
1302873,120
1402640,135
1101215,142
1384496,140
1020464,139
1370973,154
1140008,162
1128860,171
1321905,147
1040493,417
1266782,400
1334924,389
1100862,375
1313064,376
1102764,355
1249006,389
1353126,364
1190022,353
1299662,284
1353069,54
1012130,60
1495700,268
1298675,226
1369804,50
1034705,67
1398806,64
1187068,53
1463531,105
1305395,96
1148186,95
1289382,94
1364225,93
1492483,115
1234254,110
1322227,97
1277972,95
1416876,545
1199684,546
1169253,537
1431942,516
1124620,515
1292462,504
1157971,582
1376744,598
1346422,532
1366798,437
1339641,966
1480786,955
1418641,942
1366988,1002
1056350,1714
1177798,1613
1295143,956
1347530,910
1468567,877
1467885,669
1313505,295
1428532,331
1177648,325
1260235,310
1023852,294
1389275,311
1312237,378
1418312,349
1341648,330
1381447,297
1029884,93
1066120,71
1369386,77
1059676,79
1429101,75
1172837,78
1158730,99
1408804,103
1179836,95
1168556,88
1309096,94
1260976,86
1333433,85
1267474,78
1128942,213
1342545,153
1021203,86
1438920,94
1073117,87
1401981,73
1497894,122
1483400,126
1187366,107
1092508,111
1105494,120
1061530,106
1192020,142
1057605,141
1287959,130
1073416,125
1126584,69
1229122,64
1005407,70
1315629,65
1271290,67
1394658,66
1046637,77
1493956,82
1391775,63
1047036,68
1033147,99
1193901,118
1354229,115
1452022,131
1310666,153
1232566,107
1483477,110
1288112,92
1117255,458
1263274,438
1039799,396
1463547,421
1078142,426
1040684,420
1171583,461
1321027,458
1269832,471
1411302,395
1352627,146
1165481,144
1215378,161
1271516,156
1163658,164
1230965,160
1365652,192
1431943,200
1144443,191
1385200,171
1240353,84
1343801,71
1140936,434
1233169,364
1140705,74
1426262,92
1467381,106
1374112,101
1275546,104
1444197,94
1458629,355
1285260,365
1241716,357
1311102,350
1141241,490
1441734,455
1225616,520
1440398,349
1184580,385
1163115,356
1346652,116
1117959,230
1491102,175
1208881,219
1115005,149
1025834,91
1002587,129
1191834,116
1266002,111
1106897,100
1372662,187
1421424,175
1200145,145
1495791,157
1442540,317
1304455,301
1398733,192
1499629,164
1333510,163
1028768,134
1395056,131
1395859,137
1446160,134
1229730,141
1064133,128
1206668,119
1033644,154
1081570,144
1245157,122
1476211,110
1394735,512
1372987,513
1026483,496
1068862,482
1279450,485
1425955,485
1186148,568
1381909,502
1431593,486
1454362,392
1065376,701
1159794,1672
1094504,1070
1260311,670
1011813,740
1483839,960
1402324,2745
1264747,2145
1125632,811
1036941,701
1140959,51
1303406,47
1315724,47
1471838,46
1387664,31
1083939,34
1498015,49
1311461,49
1252908,43
1209578,533
1109999,529
1305434,523
1027247,489
1483090,477
1202770,478
1226985,574
1376393,572
1248664,522
1266859,568
1031078,533
1050610,575
1453965,530
1376725,548
1214462,539
1439200,598
1281767,564
1133908,546
1078694,490
1476169,136
1108613,133
1355314,133
1209386,131
1295170,132
1212610,135
1329325,153
1212536,161
1432242,157
1233757,141
1359281,193
1492687,190
1478985,194
1252493,190
1111872,198
1450249,243
1342064,290
1181360,286
1207317,284
1001439,255
1259591,1925
1327142,1886
1249310,1841
1337116,1855
1426288,1900
1178106,1864
1112605,2067
1297011,2016
1015985,1980
1413327,1727
1418086,43
1241569,53
1384829,52
1140269,53
1334770,55
1246235,56
1482782,74
1138104,74
1288442,67
1233239,62
1296700,485
1176152,461
1490730,470
1126270,458
1482237,1058
1317530,1013
1235841,674
1023943,537
1210305,442
1303610,381
1392342,594
1265893,2173
1300383,1009
1113155,488
1113616,498
1194554,526
1412744,3081
1046474,2570
1250174,556
1154990,454
1167271,896
1393728,938
1109152,912
1366322,935
1101391,930
1478799,958
1215120,1069
1428408,1082
1100774,1109
1495413,934
1328783,62
1489537,73
1359618,66
1417079,71
1292079,68
1032899,64
1278865,94
1258520,86
1062432,68
1496537,65
1066654,82
1434239,85
1252662,69
1189165,69
1158238,100
1245281,87
1080663,74
1454861,64
1049973,62
1205070,66
1127296,65
1408881,70
1299062,73
1072387,67
1089940,86
1200410,95
1169666,88
1109817,81
1300828,1123
1223412,1114
1040191,1162
1241259,1150
1111087,2429
1207821,2701
1399584,1346
1115966,1289
1198576,3408
1400578,2742
1245436,77
1472988,188
1439147,118
1057936,219
1413477,172
1181097,86
1353808,103
1444602,86
1402889,77
1425006,70
1485050,122
1406914,87
1368481,85
1348179,50
1418832,59
1332124,76
1087115,71
1086536,67
1064213,57
1300128,233
1175832,222
1383898,214
1178026,193
1496047,200
1132421,194
1488470,246
1463699,230
1156176,218
1182836,197
1147081,83
1434553,88
1100311,450
1018405,392
1239465,82
1129652,126
1401086,105
1381340,104
1258644,98
1443036,339
1053161,362
1153904,366
1137845,347
1357976,351
1455063,343
1032554,415
1271162,366
1255596,355
1433839,297
1421036,60
1240396,66
1052736,68
1318399,63
1198182,63
1059854,73
1445630,65
1052571,54
1366366,120
1127930,122
1420586,117
1418510,123
1098578,122
1379530,120
1116454,144
1337912,143
1097049,147
1434232,133
1201964,496
1189658,518
1059263,510
1394190,506
1236690,506
1441691,498
1334605,578
1410693,520
1107017,519
1374145,451
1045821,273
1222113,307
1217271,358
1341683,313
1009555,298
1309392,287
1315349,334
1480966,299
1225163,302
1198644,248
1208849,318
1441614,341
1248156,342
1485601,290
1312698,317
1419409,319
1122933,422
1244035,342
1008087,348
1133047,269
1226797,162
1337287,145
1352856,153
1303705,152
1194545,355
1412631,343
1175214,215
1183617,194
1121929,180
1368598,153
1185564,111
1009043,170
1177149,167
1269966,176
1296374,169
1493329,207
1012549,142
1097146,146
1069577,132
1242697,247
1087963,277
1294670,276
1111304,300
1363038,292
1313011,280
1099771,297
1199619,300
1095691,302
1101436,324
1198242,319
1184246,325
1253028,389
1330281,346
1209338,339
1161018,443
1261445,400
1353033,341
1237434,339
1102543,274
1242716,336
1249009,339
1495394,329
1274734,325
1024355,436
1103357,429
1399642,499
1345916,368
1228419,418
1169119,331
1113492,1071
1366158,1021
1439432,1006
1053389,1061
1036237,982
1283801,933
1406109,989
1097535,792
1294933,827
1149663,673
1261102,461
1151084,282
1188460,343
1013566,352
1197612,339
1279695,330
1107242,372
1078963,371
1117593,366
1270954,318
1333325,732
1347680,723
1257619,716
1325342,691
1343161,697
1298632,670
1374260,768
1043910,681
1324159,644
1196203,540
1187416,80
1327498,80
1280962,406
1145871,364
1298088,87
1416084,88
1025418,115
1112152,110
1156397,112
1200616,95
1015576,119
1462952,129
1300731,118
1057777,121
1077697,120
1083512,116
1043832,142
1073718,130
1404165,105
1383574,105
1277521,296
1170512,260
1370401,258
1452526,250
1204032,252
1122526,247
1463003,285
1025274,282
1347318,297
1321328,218
1067839,417
1483725,429
1300490,446
1496218,405
1317787,684
1283497,711
1441003,440
1386255,391
1315234,385
1191121,304
1284152,48
1466198,56
1199378,60
1397692,58
1370363,51
1400901,47
1201023,63
1164774,59
1358350,56
1204434,49
1176816,30
1422919,30
1083560,28
1468201,26
1183572,84
1039852,75
1007766,43
1454545,38
1471552,34
1270068,42
1443132,57
1097219,56
1049932,58
1323340,54
1131342,68
1380580,65
1213905,63
1471972,53
1413083,29
1449954,31
1122166,31
1238788,30
1055667,38
1409994,33
1453234,28
1257317,76
1361294,74
1379698,74
1342320,82
1328836,57
1121055,71
1080422,56
1262302,55
1123997,56
1037357,197
1388566,159
1002941,45
1488200,72
1465957,67
1173465,51
1424985,139
1249481,154
1095297,146
1128364,146
1441697,177
1091221,164
1129825,200
1400537,140
1418187,161
1000954,146
1082700,164
1187505,173
1274638,143
1425827,196
1278517,99
1396283,74
1431261,79
1068792,76
1132616,72
1200149,62
1339820,96
1438802,97
1435671,92
1484168,85
1198444,123
1492945,120
1163707,116
1243932,105
1151562,94
1186321,80
1447666,81
1306889,73
1155251,68
1413745,77
1269383,72
1057636,79
1089983,95
1234828,71
1250556,78
1420610,67
1066603,187
1255787,212
1301525,201
1273784,206
1406571,199
1127643,189
1338351,224
1301867,200
1013460,197
1239990,173
1439857,455
1214145,633
1321197,440
1206526,433
1183250,435
1350692,451
1386804,1322
1153957,1120
1130559,445
1164242,352
1378610,37
1235782,31
1306210,29
1240822,19
1095002,20
1079749,31
1058365,30
1294522,27
1080282,131
1079666,124
1175781,115
1001246,131
1025857,113
1432632,111
1073456,140
1181173,116
1475537,123
1123999,121
1137944,113
1104736,109
1325754,117
1329527,115
1012530,118
1299937,110
1356631,126
1464535,137
1494205,129
1478093,109
1485637,346
1214130,361
1277790,363
1014247,366
1415059,367
1107132,361
1011846,416
1036998,429
1006386,434
1412745,329
1114571,30
1484014,25
1193951,23
1467342,36
1348621,35
1203499,242
1430576,226
1341179,235
1093872,220
1414499,260
1423493,252
1477931,248
1161696,221
1428932,217
1093840,192
1022986,245
1290504,596
1370181,269
1069368,228
1440724,209
1210781,213
1291900,940
1303057,750
1357157,192
1130746,162
1039889,343
1347952,357
1129722,356
1023285,360
1330789,364
1334275,368
1183235,415
1278095,409
1161492,409
1189870,334
1423664,54
1164216,55
1493943,46
1221196,47
1473953,53
1474289,52
1319200,60
1468811,56
1465665,47
1283607,44
1141693,65
1044743,67
1231111,55
1289132,50
1050938,55
1267675,39
1482800,50
1306570,47
1453612,42
1419275,31
1229473,51
1119490,48
1083272,45
1256710,47
1146418,44
1459739,42
1020805,48
1371287,45
1461333,41
1253476,391
1302292,413
1435862,452
1174009,430
1379685,759
1482582,861
1019288,554
1413176,496
1487325,1121
1180897,984
1398879,64
1021611,105
1130738,87
1459114,111
1464656,42
1093919,39
1307454,51
1293285,50
1083784,47
1185727,39
1220571,58
1473421,32
1317080,37
1193964,22
1279482,36
1089000,29
1069545,27
1189067,31
1169197,24
1356966,71
1417092,77
1437968,80
1001749,76
1059349,83
1292411,66
1350514,90
1326021,87
1253272,83
1154525,70
1453346,153
1040282,131
1238900,79
1125618,15
1286968,44
1474139,39
1319696,40
1267159,29
1335217,130
1252627,145
1248791,149
1352296,145
1053563,147
1154102,136
1290045,152
1470601,137
1186545,142
1178586,129
1012027,56
1047777,56
1040476,51
1186084,41
1245279,40
1373676,54
1015578,54
1165831,47
1401263,36
1475390,251
1463410,199
1292372,195
1439264,189
1102131,183
1209977,185
1138279,215
1411809,215
1358060,206
1313166,182
1176220,246
1039778,224
1004425,225
1203269,208
1224424,181
1011146,190
1340082,224
1239108,185
1435204,196
1041304,176
1298065,72
1377872,71
1376854,78
1444587,71
1036541,72
1354025,69
1007242,81
1053458,83
1160895,62
1410872,157
1176285,146
1081672,134
1139063,137
1099030,168
1054104,172
1267211,159
1239395,134
1050376,139
1475466,120
1235986,74
1284206,102
1210694,101
1209335,104
1266488,105
1291850,106
1400961,122
1256315,70
1403345,62
1280070,155
1054478,154
1331984,190
1373602,145
1042290,138
1253575,148
1348829,170
1171409,166
1103726,163
1470466,151
1221540,192
1337388,176
1234863,202
1466692,174
1010591,171
1343778,169
1441368,212
1060968,178
1416037,185
1406540,169
1059461,174
1317440,176
1005508,173
1421850,177
1376322,187
1435805,201
1314953,233
1129714,172
1048311,193
1215194,168
1043169,272
1208467,279
1048369,268
1125626,260
1261246,259
1404288,253
1291939,290
1470656,250
1454603,251
1499149,212
1413707,138
1195152,98
1356694,111
1170280,115
1022388,116
1059761,112
1262783,129
1278245,129
1352086,127
1156922,114
1325594,228
1049667,224
1011124,218
1461927,210
1480136,205
1488207,203
1160805,238
1049976,218
1377134,209
1431854,175
1386974,36
1198524,38
1129402,141
1319244,117
1360006,34
1204701,55
1345464,47
1407657,46
1170013,37
1074218,106
1474997,101
1066976,90
1389077,91
1095921,95
1150235,85
1098314,109
1159403,89
1265800,91
1461619,78
1173091,429
1022036,425
1100321,419
1159673,383
1397068,386
1130731,387
1067260,480
1435116,469
1238094,448
1450540,381
1198224,492
1033177,491
1466058,487
1056871,505
1185031,830
1094661,924
1455353,650
1139412,399
1227744,402
1338180,338
1416516,188
1076235,162
1300518,169
1129548,155
1203648,154
1009223,131
1231638,162
1418807,159
1286622,150
1082562,139
1238634,48
1229625,44
1018177,46
1138702,43
1013831,96
1289847,83
1111285,57
1378876,50
1110506,49
1210067,39
1156700,162
1143542,162
1114521,144
1225380,151
1442696,150
1201493,143
1189643,177
1067946,159
1090206,163
1421095,132
1296233,25
1373548,23
1264067,25
1411185,21
1109203,46
1054094,74
1080059,74
1000890,71
1304878,76
1340130,73
1165289,87
1315803,57
1087548,60
1488603,44
1484915,83
1384503,46
1040011,126
1287103,101
1465270,81
1195244,78
1315953,68
1447359,102
1351534,99
1311428,97
1063614,85
1442280,87
1416939,81
1452470,81
1018327,82
1433963,77
1000967,92
1028432,89
1412243,89
1120664,77
1230421,62
1414288,67
1441254,299
1467889,239
1268631,64
1486559,90
1231346,62
1172938,80
1309897,78
1451216,83
1085409,76
1495023,129
1167774,119
1007013,137
1099596,105
1260443,112
1224794,100
1359667,33
1226780,41
1226506,105
1016231,123
1015558,85
1086235,48
1052327,58
1162208,44
1054680,38
1408716,33
1053999,124
1078323,121
1447474,105
1011007,100
1476273,236
1499088,192
1461407,147
1421014,114
1143695,100
1226838,84
1308367,50
1243977,44
1149575,48
1173936,45
1427278,46
1307614,59
1086494,56
1460795,42
1178324,312
1272303,315
1499934,313
1377140,318
1055053,293
1216159,297
1157645,374
1239651,334
1068029,301
1343834,262
1228159,588
1432714,1174
1425342,520
1411709,495
1113498,525
1302003,531
1265026,2631
1254847,1950
1057178,572
1279677,413
1424540,34
1416590,30
1299299,32
1475668,19
1199264,36
1245301,31
1310361,383
1229774,382
1342822,389
1120392,359
1032653,345
1494618,339
1047535,407
1233071,426
1255103,407
1158290,368
1111332,118
1245702,123
1047541,125
1169085,117
1339027,132
1320276,126
1325057,165
1068290,135
1157302,133
1442262,135
1301207,74
1236347,73
1154900,73
1128636,68
1461973,70
1123342,69
1094031,81
1319514,81
1155242,73
1474460,66
1295663,31
1314294,32
1436210,32
1177426,49
1325329,85
1259603,26
1277405,53
1425203,54
1079289,48
1170446,42
1040703,769
1012461,768
1431639,790
1121810,793
1054385,792
1106975,796
1094087,1010
1140825,960
1340524,954
1133545,865
1056933,25
1205375,23
1244886,26
1490530,36
1472953,34
1416699,32
1450088,220
1343302,216
1032041,215
1326038,191
1031312,463
1191484,437
1285572,309
1115177,256
1343512,235
1147761,189
1349223,158
1118544,1109
1247856,198
1053624,175
1355907,169
1182340,146
1063432,1738
1367168,1374
1220587,272
1137033,125
1009276,451
1355967,480
1439212,497
1145363,523
1001921,523
1159863,543
1347974,663
1012491,605
1373298,594
1355523,524
1237748,49
1448117,49
1222779,43
1163092,19
1254173,34
1333036,36
1219684,33
1227375,21
1235035,24
1279289,35
1425722,23
1291220,26
1400709,19
1215159,49
1298578,30
1477704,398
1082297,415
1250718,445
1304517,408
1007597,594
1419099,914
1152031,505
1244420,432
1016563,1480
1021222,1183
1213361,36
1065345,57
1179779,73
1127531,71
1443957,34
1051118,49
1496945,31
1264920,26
1084873,86
1365195,51
1495418,50
1260705,24
1050759,38
1020079,35
1118213,37
1035969,37
1270851,36
1123143,27
1135820,182
1019852,163
1385419,177
1078271,175
1458841,171
1410422,157
1061333,192
1315882,189
1020053,184
1431676,162
1068073,57
1270780,287
1254304,218
1435213,50
1438178,76
1492822,56
1358808,48
1316805,204
1333390,245
1067670,249
1018043,244
1105588,209
1456750,222
1271465,268
1416907,226
1121489,228
1313498,200
1029830,27
1255557,25
1193203,26
1324205,36
1441042,27
1485303,22
1367431,72
1307589,69
1346931,66
1108071,62
1061545,59
1102240,74
1293894,75
1090685,69
1010064,60
1348411,305
1401298,282
1243982,285
1408791,270
1300733,272
1233212,257
1347782,301
1497644,281
1397906,274
1132342,240
1310816,196
1086028,228
1254784,253
1482667,225
1189684,214
1170143,258
1327596,265
1003526,226
1241837,231
1230803,207
1260111,40
1145076,42
1003527,40
1171152,42
1295117,42
1131852,43
1122805,69
1454318,60
1369172,81
1051784,74
1118223,212
1148984,193
1498148,184
1441671,165
1024004,353
1304737,348
1296839,221
1043326,187
1449009,167
1267008,166
1435764,48
1150568,70
1357621,72
1398059,71
1312126,82
1171028,110
1456299,101
1151991,68
1401355,83
1231048,76
1298774,41
1235244,46
1240781,43
1200378,62
1451628,61
1401927,59
1139987,53
1377423,251
1002890,294
1421154,315
1404777,290
1314971,281
1144315,277
1063944,331
1118760,272
1109972,273
1033868,240
1142412,36
1159551,37
1348513,59
1276231,57
1413676,74
1159070,61
1085513,60
1076736,52
1201488,475
1364365,488
1237813,488
1264986,489
1161714,494
1462364,507
1160219,617
1266694,392
1495739,438
1152498,349
1094580,59
1364788,38
1284049,42
1180721,43
1446241,41
1159038,41
1429602,53
1231740,55
1008596,56
1486204,49
1143221,546
1178515,538
1278720,525
1134672,491
1287970,485
1409175,473
1292612,612
1036703,477
1028807,457
1096407,396
1197880,38
1377256,42
1283042,156
1449143,158
1358960,44
1432265,46
1392147,44
1416956,27
1180681,197
1376592,175
1427081,176
1127933,183
1393998,184
1102692,176
1263996,212
1325073,191
1383672,196
1365529,170
1226869,278
1137477,277
1022881,291
1408325,280
1331391,859
1455182,701
1083054,281
1379716,258
1475256,265
1486316,217
1392618,93
1300685,95
1284845,77
1117229,87
1442984,82
1478254,78
1022424,96
1471167,89
1149469,93
1481394,81
1063798,35
1185056,30
1157246,30
1100173,28
1355003,84
1459340,74
1495807,44
1320329,41
1419826,39
1334195,40
1158959,95
1168138,84
1428415,83
1472745,82
1480196,76
1429232,73
1218254,92
1177828,92
1417973,92
1275299,75
1257450,26
1036368,25
1252682,24
1386895,33
1022118,22
1165138,134
1306099,87
1308493,83
1423901,68
1180874,73
1337324,52
1416785,47
1346647,26
1463718,40
1307693,139
1277463,119
1162273,58
1112550,55
1030887,39
1481903,42
1004955,47
1191405,49
1100937,70
1099346,71
1006648,86
1258772,58
1148904,61
1064510,54
1357694,192
1022331,206
1087516,189
1346348,230
1253337,94
1496382,95
1126128,102
1417871,89
1381232,83
1146102,67
1254802,124
1203845,123
1268876,111
1215618,113
1119962,176
1175969,182
1381779,152
1182831,108
1279959,92
1032374,30
1491271,38
1282860,38
1461586,48
1056737,175
1255684,204
1207004,201
1167140,199
1142809,192
1080730,225
1056322,189
1420723,203
1184112,196
1221119,172
1077779,470
1018451,690
1311096,489
1246267,453
1137454,454
1229053,473
1397257,1569
1422386,1177
1127343,436
1110599,384
1232302,33
1117757,29
1356088,27
1054158,17
1416387,19
1170771,33
1498811,32
1386710,30
1309812,22
1238676,199
1310902,179
1453266,179
1073500,144
1280655,140
1034918,126
1048380,162
1464476,174
1198550,171
1165233,153
1119609,62
1438719,62
1178675,58
1458337,55
1255092,55
1042514,67
1315305,70
1364529,68
1017902,59
1198616,314
1177611,313
1077911,318
1305831,321
1098936,334
1189364,334
1495457,372
1193672,371
1177716,384
1125817,317
1111309,24
1421985,23
1205461,31
1094241,19
1045722,177
1168534,163
1315421,164
1495102,156
1182051,252
1101602,273
1389254,254
1458614,180
1422666,170
1178714,149
1144441,261
1438212,705
1309826,302
1415208,249
1388897,228
1115522,229
1325299,1034
1203825,757
1408481,182
1120407,193
1119975,275
1296989,275
1256467,276
1478418,271
1141172,272
1237197,270
1215871,306
1015109,302
1173440,305
1115717,250
1045972,47
1026874,59
1385087,60
1035285,27
1305696,31
1303994,31
1466731,42
1378417,38
1449238,26
1003325,47
1240097,44
1170203,48
1218774,39
1228340,42
1058496,49
1070810,54
1098200,49
1137125,37
1215383,471
1145836,490
1159106,545
1237283,497
1182497,1122
1479658,1060
1009750,608
1457332,541
1397423,1374
1376094,1050
1244100,125
1446941,115
1212398,98
1006361,146
1396082,95
1175684,50
1481585,67
1190598,61
1404442,59
1372716,75
1427335,46
1093994,25
1403727,39
1137634,35
1171787,32
1039292,33
1047032,25
1174657,126
1216142,125
1335320,122
1198136,118
1392278,116
1114780,107
1112554,135
1012132,132
1453182,123
1220398,112
1026834,31
1351780,118
1075062,89
1025615,29
1490297,45
1394090,37
1038974,33
1367692,27
1126893,126
1443158,138
1371034,142
1356978,137
1320321,138
1077288,134
1233845,149
1002018,138
1397022,140
1323243,140
1130427,59
1075107,55
1440829,54
1207427,42
1078383,44
1066458,58
1135503,53
1040443,47
1348806,39
1173978,91
1434024,96
1191693,103
1461833,132
1097071,141
1344039,140
1143636,147
1451337,128
1241407,139
1422806,136
1402295,359
1189249,359
1227160,394
1022032,346
1467840,340
1295041,319
1316293,383
1184400,321
1264550,328
1307651,283
1120804,37
1007549,36
1431812,38
1318982,50
1062544,52
1225764,53
1292156,42
1250391,133
1250127,124
1139409,127
1474247,122
1353816,196
1264512,174
1136184,155
1389677,135
1167194,131
1285662,116
1014959,74
1195124,102
1439732,128
1240501,141
1424527,129
1418384,97
1443889,80
1252731,73
1378709,73
1246695,66
1338426,67
1423024,66
1371483,74
1391878,72
1044434,72
1196870,69
1363303,81
1228539,91
1312262,85
1289077,76
1131178,233
1209021,220
1174663,247
1178992,207
1241787,197
1142788,192
1081125,229
1397164,189
1412741,210
1110318,186
1318877,70
1308024,75
1058696,76
1064291,82
1337610,107
1405795,115
1357410,135
1207443,101
1452851,107
1468089,90
1154031,173
1266339,160
1403985,185
1467236,188
1263011,174
1392759,179
1149931,199
1476644,176
1009485,177
1387837,159
1283298,120
1152567,80
1292779,81
1408601,76
1395390,75
1364974,79
1198587,87
1074370,92
1330798,92
1150034,93
1150952,127
1000239,149
1368564,143
1209006,145
1225892,149
1180844,138
1080998,172
1352952,161
1161538,162
1462226,142
1129628,31
1240833,102
1294006,31
1333321,32
1101343,33
1200089,47
1014910,41
1174372,33
1169548,32
1226297,288
1197276,184
1118245,180
1347953,168
1444841,170
1419767,167
1385803,197
1065852,182
1354618,182
1029652,161
1048319,202
1449399,178
1377941,189
1033540,190
1475649,598
1438471,478
1444680,213
1494734,188
1206012,198
1331601,165
1170077,73
1321401,80
1013138,70
1488317,75
1380337,73
1277314,68
1442299,81
1393959,80
1251204,72
1297987,77
1187117,10
1007858,26
1369451,31
1413606,85
1313151,16
1226412,36
1417240,25
1089929,14
1132041,85
1376468,82
1370975,81
1426059,77
1497986,71
1150833,65
1457734,85
1238587,81
1176143,80
1360564,58
1372749,15
1463356,31
1040334,36
1113748,42
1050828,41
1051165,57
1414894,37
1460597,37
1135055,31
1047124,32
1461952,160
1105467,151
1395033,40
1185551,38
1121561,29
1022493,27
1018666,27
1362060,38
1301397,35
1182334,28
1291602,34
1486846,32
1402486,40
1485489,88
1071651,26
1163508,32
1214601,33
1245847,32
1429824,26
1109033,100
1347075,97
1383125,83
1184487,79
1162155,124
1377489,105
1470294,123
1173002,88
1215737,80
1474101,61
1062167,32
1240800,29
1057352,22
1089842,30
1278279,27
1421622,36
1090305,27
1420842,92
1170153,98
1165214,95
1194921,91
1459130,95
1313669,89
1353513,106
1247163,104
1461187,103
1055062,88
1497770,286
1321774,347
1376752,253
1099178,245
1040232,244
1317487,256
1179988,779
1251333,698
1164536,275
1083292,254
1349813,19
1157241,22
1003495,21
1276154,29
1107468,28
1208439,24
1476005,175
1424569,99
1181440,106
1006444,100
1132047,101
1273403,94
1035309,115
1201822,101
1498182,106
1165756,96
1470598,58
1203967,55
1217868,61
1015274,53
1300202,55
1108806,54
1254873,67
1199090,69
1265564,66
1121842,58
1312130,200
1284072,208
1390606,203
1177870,207
1217412,207
1391279,200
1000635,234
1070142,219
1158077,219
1263948,191
1193421,18
1156344,19
1485835,19
1027573,17
1266107,29
1021981,17
1015055,158
1205726,147
1281507,139
1336471,142
1371096,177
1298833,166
1479793,165
1144663,143
1103525,141
1197547,127
1296043,145
1237520,369
1229220,157
1047440,135
1005311,115
1016408,111
1329187,701
1353734,480
1084794,191
1360072,226
1432207,137
1394210,158
1443225,156
1342526,172
1449114,164
1123390,173
1247236,200
1261392,192
1489922,193
1401658,168
1310639,35
1310614,28
1320270,33
1021422,26
1231315,32
1294120,32
1256367,16
1494072,21
1350289,16
1497576,23
1074887,22
1342968,22
1428256,20
1012009,19
1476296,29
1107262,25
1180712,226
1282937,277
1497422,283
1227980,264
1025770,542
1136598,538
1189975,366
1420919,269
1050733,620
1353409,589
1034239,32
1303445,31
1136905,31
1421265,65
1267023,21
1136504,29
1095993,21
1126729,44
1079069,25
1292980,22
1303079,16
1462333,26
1019410,16
1438716,26
1435109,21
1144962,71
1420185,62
1112604,68
1361559,66
1285104,68
1376099,54
1214290,80
1410003,73
1268568,66
1406091,8
1415989,60
1211232,83
1424836,21
1376616,11
1107196,22
1413500,78
1406133,91
1350713,96
1453725,86
1362405,93
1053239,96
1157912,103
1376542,90
1409362,93
1379033,77
1183423,30
1193727,29
1400533,27
1283484,28
1260253,28
1327267,34
1067574,58
1025091,69
1153270,67
1394193,63
1142889,66
1158789,60
1287972,94
1206482,84
1212175,77
1016096,71
1432981,132
1023890,143
1109225,166
1270197,141
1186395,142
1416108,139
1017675,167
1394196,145
1004465,147
1012703,140
1253619,92
1239241,94
1169578,81
1016228,80
1071564,121
1045441,111
1317808,122
1329582,100
1414635,91
1380886,74
1173597,64
1254262,68
1254768,61
1224126,63
1198629,59
1206547,61
1101674,65
1205025,51
1365276,55
1414784,41
1316568,92
1456931,93
1237087,91
1304436,96
1238935,100
1321591,93
1196912,107
1455585,116
1252744,111
1272139,119
1487244,139
1329414,155
1499372,174
1257824,148
1497563,139
1271281,146
1242958,186
1221756,152
1463746,157
1196527,151
1236535,31
1076788,33
1300917,35
1174577,34
1231316,47
1489870,30
1230866,53
1091117,44
1222002,43
1493218,35
1312818,210
1452472,203
1035476,203
1264026,186
1339727,200
1214712,219
1160566,193
1010653,198
1229452,190
1176747,176
1323954,64
1254479,45
1440217,36
1252943,32
1108815,45
1161763,48
1416819,68
1193778,172
1300983,178
1122637,171
1411939,164
1031959,159
1303625,157
1238349,181
1252660,170
1349638,167
1300844,150
1276319,109
1437773,72
1203934,10
1309094,17
1144647,25
1281864,43
1274790,41
1386829,40
1190878,31
1455637,37
1417791,34
1190587,48
1076991,37
1195531,37
1400538,32
1430582,498
1285990,451
1477291,466
1356384,499
1150281,480
1370080,458
1460451,507
1348031,524
1044121,464
1133254,365
1278014,761
1403459,750
1317166,773
1101385,745
1426987,1316
1034494,1233
1491377,748
1464250,734
1022006,707
1148475,580
1484671,68
1228708,78
1324032,83
1103003,82
1430610,75
1195267,96
1236706,98
1340005,99
1217303,84
1003775,90
1343878,83
1226007,77
1099098,66
1009486,180
1330192,208
1446159,93
1334259,92
1091570,80
1102858,60
1420778,112
1477933,116
1197090,114
1390893,123
1421101,110
1499403,104
1382081,135
1140362,133
1093489,123
1356618,107
1423088,51
1192006,47
1474663,43
1085309,41
1336011,39
1363332,55
1135752,57
1043065,41
1187227,125
1079197,130
1006967,132
1242972,130
1250142,186
1319491,171
1043915,107
1221198,114
1237425,93
1492794,91
1140775,85
1013635,343
1175249,280
1229061,77
1471915,88
1104983,112
1009083,104
1045986,109
1233374,92
1209101,171
1038551,173
1293094,178
1425780,175
1150996,198
1220665,207
1068227,254
1098287,186
1065954,204
1117031,185
1286663,158
1217322,229
1178898,218
1442104,338
1069214,197
1431479,98
1485687,144
1353255,125
1114499,109
1297409,103
1458579,135
1159489,137
1384833,132
1367817,123
1222696,240
1006871,212
1442863,151
1083688,130
1264958,134
1100547,110
1020009,151
1283055,147
1059560,134
1310135,128
1498194,128
1012741,133
1183714,162
1407622,149
1295424,108
1483037,292
1127728,290
1253251,303
1044711,290
1246779,276
1428427,278
1483396,309
1117421,284
1249450,267
1446810,231
1488993,552
1173486,710
1058307,418
1411973,447
1272886,491
1014260,515
1481364,1834
1126940,1278
1306695,534
1067847,475
1093258,58
1209561,45
1275913,49
1461176,45
1059013,33
1336430,38
1154879,55
1027714,55
1404182,218
1273647,192
1267729,202
1416232,210
1376813,216
1484156,179
1118664,232
1470343,228
1198659,209
1497568,182
1072349,243
1060176,245
1380226,242
1270763,240
1414842,232
1006679,228
1258071,262
1247670,272
1150813,276
1215972,242
1402068,474
1414079,471
1027086,484
1376822,460
1473650,467
1318829,458
1485144,510
1440877,532
1259634,552
1197323,458
1461060,47
1286426,47
1005386,46
1326015,46
1216054,45
1042609,46
1052663,60
1274204,53
1317813,47
1076102,255
1446470,253
1034950,266
1251250,253
1124996,516
1329337,415
1052063,335
1393099,294
1291876,277
1239530,235
1128989,165
1250468,696
1128007,206
1305327,181
1443163,195
1349532,176
1463940,1037
1067683,699
1497405,198
1427690,181
1131692,350
1325899,358
1035806,360
1192752,369
1154621,377
1105567,372
1351561,433
1284314,439
1119425,439
1071315,365
1246537,105
1380847,95
1294936,90
1044935,85
1138879,90
1176172,83
1051931,107
1002959,109
1448369,80
1449451,77
1105139,104
1115844,105
1008005,98
1368689,73
1115922,81
1345103,75
1246054,94
1454376,88
1252642,80
1081770,71
1011869,79
1053029,71
1314053,78
1084167,67
1335565,69
1082784,69
1403001,88
1434417,90
1413074,78
1246394,73
1219340,728
1050739,787
1081641,842
1284180,827
1454969,1808
1294205,1446
1275885,980
1479530,926
1208280,1718
1214026,1274
1396005,111
1174114,147
1357653,145
1200505,180
1142397,109
1412678,61
1335177,78
1370526,71
1120043,72
1208972,60
1044205,131
1377609,74
1020582,87
1141498,54
1185774,71
1321317,67
1044208,62
1462768,63
1193401,63
1323629,48
1310109,91
1140274,102
1208581,109
1163752,103
1469436,104
1319124,98
1313925,128
1385981,125
1446581,120
1437446,96
1258414,55
1174433,64
1055153,255
1067334,208
1128244,57
1412206,64
1387722,74
1218541,70
1275925,76
1256153,139
1122590,139
1473145,146
1498862,162
1468073,162
1118231,166
1087099,180
1258783,157
1260565,165
1291095,146
1205721,67
1121544,78
1142191,75
1238740,73
1182987,72
1005888,67
1254577,89
1192747,82
1456541,69
1223264,58
1103707,173
1059508,185
1243642,183
1122553,186
1437856,177
1024334,180
1094451,226
1469441,212
1148888,203
1076174,178
1411749,293
1015942,340
1363447,392
1453406,341
1430928,331
1209243,310
1457115,373
1443790,319
1263578,309
1474898,273
1267831,238
1358267,235
1117920,237
1328212,225
1009729,465
1247718,332
1207734,253
1118433,230
1181657,223
1278379,204
1134421,130
1132261,147
1320763,163
1435856,156
1164020,167
1221554,170
1319256,181
1137425,146
1029137,143
1103208,132
1138911,259
1165664,267
1066867,265
1358058,260
1494749,264
1180274,275
1224290,317
1426563,323
1298595,312
1148750,273
1005991,236
1116883,280
1363374,318
1096571,287
1184430,267
1451172,270
1066128,298
1034948,281
1326066,263
1102430,236
1005839,351
1142609,338
1424764,353
1255897,342
1164600,390
1442420,382
1471794,432
1299929,335
1251682,359
1187963,311
1077995,448
1453805,431
1368058,424
1145535,388
1467638,389
1401067,383
1196492,432
1153756,351
1257122,372
1204857,316
1218069,285
1301983,128
1421520,158
1198628,178
1309951,166
1342026,171
1356728,188
1105141,201
1079507,199
1463915,184
1233795,445
1053494,439
1394036,436
1225441,410
1009382,420
1192637,393
1467684,431
1489795,411
1496426,401
1471166,327
1233270,57
1449283,53
1266186,196
1343496,181
1126475,57
1206173,51
1263095,67
1238031,62
1038208,68
1431065,54
1357861,123
1112729,110
1334347,94
1107165,100
1065013,106
1222552,106
1070954,128
1036421,122
1278133,96
1420350,93
1372959,361
1087440,354
1105500,338
1161104,322
1355011,325
1482584,321
1051069,364
1116511,386
1356690,370
1014995,308
1363250,412
1391402,415
1370933,421
1370147,389
1013543,733
1488019,724
1491784,564
1439153,439
1365373,387
1497842,330
1013839,67
1118156,104
1174124,103
1140152,105
1174722,99
1161921,98
1265011,115
1133560,124
1114035,122
1298165,117
1294042,74
1428145,89
1207278,76
1051663,72
1181734,75
1126206,68
1134606,104
1113723,88
1397919,95
1491918,82
1043312,46
1147478,42
1451559,41
1218312,122
1286106,76
1112082,47
1426235,47
1003250,48
1259326,34
1050893,36
1316942,47
1067443,50
1061638,49
1068385,47
1062592,45
1335692,67
1099468,62
1445308,48
1183480,54
1317126,22
1472200,20
1490235,48
1174386,70
1358409,68
1256452,70
1466565,73
1487695,81
1185809,85
1494354,66
1023978,46
1085749,167
1352707,164
1278123,180
1062709,181
1250818,162
1349155,188
1454309,181
1194145,174
1307270,173
1050861,124
1045222,107
1220930,107
1443773,105
1154727,108
1094658,105
1465044,119
1288182,118
1360946,112
1466464,96
1121475,40
1286904,51
1023709,239
1401955,217
1355254,47
1335658,71
1377502,56
1034536,55
1163567,49
1344633,120
1478109,143
1219029,128
1305096,144
1226722,160
1015804,157
1380027,191
1114802,137
1083269,162
1041594,144
1377282,55
1394329,137
1206840,127
1369644,140
1411752,99
1337720,55
1463866,84
1379819,65
1291108,63
1290527,53
1205756,75
1438927,78
1036746,71
1285741,64
1390805,101
1372636,95
1395249,90
1037450,82
1177169,75
1123384,65
1464318,202
1015193,212
1497309,213
1452792,213
1151297,192
1105382,203
1410900,236
1029010,216
1297299,203
1490816,178
1091889,218
1044397,812
1191281,205
1180756,211
1025950,209
1309748,210
1101949,1159
1110111,844
1310574,216
1176036,202
1074826,35
1440334,31
1169864,33
1440104,29
1085197,21
1287693,32
1165333,28
1126706,314
1385420,306
1430739,308
1042357,287
1249746,279
1093106,278
1086128,319
1157763,331
1057624,317
1031076,292
1377992,118
1424787,126
1075935,136
1092103,138
1391640,130
1285669,117
1295471,154
1078557,147
1420653,164
1296870,138
1428528,54
1400203,58
1055380,56
1182933,57
1483633,57
1450450,58
1357576,73
1065959,68
1495520,66
1198518,57
1282663,48
1193174,43
1350874,48
1253271,48
1198619,47
1247621,64
1022520,62
1258083,64
1355498,51
1138175,571
1165312,561
1419232,557
1093243,554
1146579,568
1250371,547
1441494,641
1146752,620
1427935,611
1012377,491
1178247,28
1233203,31
1340615,42
1033712,40
1281965,32
1037514,116
1297117,129
1010495,112
1482368,120
1318695,155
1348460,162
1338367,140
1393195,129
1223629,125
1424988,115
1211590,74
1243253,539
1092227,129
1318993,108
1445601,122
1292773,106
1307199,947
1476894,710
1117265,108
1388554,97
1105308,171
1107240,194
1387470,190
1184143,220
1072620,208
1460051,222
1111278,261
1442651,254
1409134,259
1051968,208
1120331,74
1281035,41
1293493,69
1139973,40
1493676,39
1211354,44
1352909,50
1337721,48
1113910,54
1102135,37
1425377,38
1422384,41
1230598,33
1411707,34
1409949,45
1144878,44
1422767,46
1284889,36
1223585,381
1206396,406
1378160,445
1052245,385
1430890,791
1383977,613
1045804,510
1156318,417
1291422,1017
1380683,972
1157321,60
1127659,131
1235689,106
1256556,140
1065319,79
1496936,80
1009706,58
1111605,52
1004134,46
1377031,49
1112513,32
1053460,15
1193479,32
1109243,24
1187105,22
1372911,16
1499803,72
1209794,76
1016566,65
1195041,65
1139039,63
1057767,66
1220076,86
1336292,85
1020982,79
1489603,70
1135573,50
1061984,51
1462450,255
1127074,212
1038259,50
1149922,55
1279581,50
1324180,108
1470662,112
1283213,114
1378795,111
1170047,111
1061263,105
1181328,118
1102835,101
1346782,104
1214346,89
1229842,54
1108968,48
1121701,47
1066693,52
1208257,51
1270239,42
1348062,111
1368447,111
1219540,111
1321207,99
1000642,102
1076525,95
1122408,116
1382330,113
1433378,103
1392074,84
1109747,139
1075276,149
1478089,144
1113423,144
1388642,151
1073366,145
1111214,173
1456596,167
1153622,162
1116753,149
1017288,151
1451772,173
1119297,190
1138638,176
1434726,167
1003447,163
1458918,207
1101879,159
1336104,173
1348705,158
1465396,44
1376423,48
1481206,44
1009569,42
1387274,43
1310708,46
1155929,57
1314559,56
1097259,44
1109233,105
1070475,119
1022232,111
1275544,105
1108444,142
1406546,138
1167154,134
1476614,123
1234726,111
1451631,105
1050057,65
1361060,95
1331292,95
1283598,98
1499806,98
1018726,100
1408381,120
1272485,115
1362852,92
1129500,63
1062525,63
1235519,69
1369995,69
1075387,70
1400898,69
1224959,70
1421340,93
1220168,105
1439539,80
1470046,82
1391149,154
1297146,155
1410054,175
1364916,179
1233541,163
1422209,159
1083629,186
1368507,158
1198651,171
1283960,156
1231476,74
1349761,88
1482768,85
1002536,84
1419887,104
1248501,110
1291944,132
1436867,104
1257323,113
1132521,97
1030230,474
1093409,467
1249587,467
1130025,468
1394076,467
1349917,480
1033575,528
1209870,425
1482022,411
1430894,356
1382800,141
1226060,89
1418431,102
1048428,99
1362840,102
1240846,102
1259183,115
1070288,117
1467073,121
1379768,109
1406956,291
1311326,282
1387939,292
1049891,262
1237190,260
1212519,250
1209918,284
1154373,271
1205630,258
1354206,224
1288571,38
1120855,137
1133824,119
1196734,37
1060062,40
1164785,35
1336298,253
1405041,195
1060513,202
1353037,215
1383969,192
1480033,181
1068087,213
1128618,211
1204524,196
1156177,170
1229710,104
1075135,112
1185011,141
1105675,123
1189309,179
1257953,162
1435140,149
1268931,136
1250643,119
1373331,109
1314804,45
1085036,50
1054001,66
1288387,43
1286151,59
1247116,45
1019807,28
1412520,42
1161669,72
1082827,67
1433386,42
1156715,37
1179911,58
1179936,42
1233478,50
1399946,49
1032955,45
1002856,43
1287783,64
1166709,58
1346583,59
1286122,52
1204381,23
1029430,23
1323538,22
1416779,22
1253163,32
1332638,66
1330372,67
1177255,82
1477268,72
1189551,65
1114827,76
1278141,55
1364476,51
1096012,40
1259676,31
1203050,33
1313304,165
1128930,125
1099709,45
1105749,53
1179700,36
1431582,28
1152692,30
1076816,31
1054611,30
1478275,42
1030592,44
1432030,62
1119155,41
1076400,45
1440313,71
1102018,86
1239878,94
1113947,132
1095118,91
1266382,58
1222099,58
1289441,51
1479532,49
1125619,69
1087987,85
1167708,81
1214743,74
1355453,61
1045081,153
1459993,154
1434614,109
1335959,83
1397855,72
1171886,61
1191038,27
1007240,30
1294794,22
1246825,39
1364329,153
1286535,189
1373312,183
1198624,181
1003799,171
1256663,162
1412094,198
1220509,192
1167611,183
1318187,164
1009831,533
1388765,719
1359919,524
1241983,480
1179995,500
1212359,517
1376509,1599
1052051,1251
1404009,448
1339522,365
1318327,31
1233545,27
1476335,22
1302373,33
1105644,152
1415361,131
1045371,142
1005596,138
1044413,123
1038816,119
1209003,156
1083324,162
1311779,164
1404668,137
1188630,51
1412947,52
1072334,52
1377155,55
1025414,54
1354738,55
1246940,66
1222461,69
1066086,64
1336313,56
1026962,303
1019750,287
1052756,305
1199363,290
1268913,278
1301467,275
1203194,331
1182935,325
1163522,335
1072037,273
1447951,24
1409401,21
1086420,22
1331890,34
1178120,150
1247967,137
1423994,133
1036223,127
1416797,205
1301576,208
1212594,161
1026960,129
1370443,127
1165387,114
1386562,252
1316517,748
1067207,310
1093937,251
1111260,227
1445136,231
1110219,1128
1398603,914
1081181,209
1190478,180
1003254,259
1467189,275
1391034,208
1402736,203
1359141,258
1385854,207
1364965,234
1323652,223
1488422,222
1426492,192
1397082,56
1183542,40
1297522,50
1138417,22
1318183,22
1207002,39
1142667,32
1167396,30
1060989,30
1091688,38
1316599,29
1153086,40
1162850,27
1205495,43
1166342,40
1052895,33
1419947,320
1126746,353
1037962,373
1047146,396
1204425,798
1235062,835
1103243,539
1120213,437
1270215,1030
1279495,870
1191198,42
1392035,65
1415566,73
1206608,105
1133034,65
1063358,32
1381777,39
1137331,38
1193871,37
1219698,46
1386138,32
1128376,35
1028398,23
1378005,31
1408874,27
1073159,28
1312708,19
1005967,70
1122653,68
1192154,70
1291405,73
1246214,85
1145228,80
1343513,75
1231000,66
1482446,28
1117272,26
1099679,105
1401233,91
1112808,34
1432401,26
1410871,42
1162651,35
1016899,28
1204132,156
1079439,169
1037012,168
1232389,165
1392405,169
1282001,162
1496357,179
1461201,160
1128577,161
1300341,143
1344720,34
1463100,33
1465046,30
1017841,31
1025415,31
1017556,41
1017987,41
1230486,27
1267865,216
1083326,163
1408065,168
1328158,155
1052607,202
1363852,165
1403750,177
1021705,177
1489126,169
1298290,161
1279562,421
1286209,383
1184252,420
1398745,367
1240758,373
1389985,353
1163173,422
1174671,376
1358679,359
1187231,320
1252109,26
1159089,36
1469555,34
1483071,39
1057435,90
1008958,88
1228910,82
1273259,87
1047684,138
1083469,150
1148001,115
1458865,97
1490628,96
1049275,83
1226940,139
1031082,135
1166031,123
1046186,114
1228900,119
1432549,116
1399393,105
1041932,83
1245703,82
1355224,65
1215604,53
1051743,55
1277562,53
1113170,54
1494387,53
1372244,54
1049141,64
1074239,65
1128774,66
1376540,56
1437760,286
1108262,248
1168331,292
1141138,253
1335501,244
1460874,248
1459975,286
1214021,251
1192427,258
1011073,216
1003568,48
1304019,51
1001350,52
1079923,55
1484969,71
1190493,63
1134077,84
1379147,64
1042262,64
1480338,56
1443390,179
1277919,178
1436754,187
1390757,176
1370531,179
1439508,173
1157260,191
1012488,183
1453079,180
1049953,155
1239800,62
1309077,45
1378564,47
1368027,59
1082858,55
1425354,52
1125176,64
1427076,64
1099647,68
1422391,59
1004160,193
1253731,179
1452541,186
1207513,167
1453485,168
1060476,166
1051838,190
1006214,182
1154326,180
1010806,170
1079506,29
1164049,29
1426844,152
1135475,134
1410231,45
1062733,466
1319141,492
1134128,488
1470083,456
1173705,444
1167231,433
1166855,605
1316448,532
1315318,489
1328973,420
1224798,450
1111734,464
1035513,473
1320280,452
1243378,828
1312036,880
1351501,708
1485680,450
1031838,425
1055470,318
1108200,96
1177218,123
1162136,141
1001218,142
1244163,131
1220606,134
1339373,143
1152169,157
1310691,156
1435894,105
1478521,137
1086088,110
1254550,110
1173254,108
1348587,120
1358767,97
1078871,125
1031293,117
1221401,113
1192753,104
1313303,49
1012264,47
1206239,49
1020767,37
1029535,109
1382856,56
1407934,53
1109538,48
1136023,38
1126260,92
1180004,77
1163284,92
1258768,78
1498538,71
1096137,71
1343181,94
1488101,101
1176648,94
1126581,78
1154721,21
1028416,23
1128999,24
1341159,27
1125927,56
1065645,74
1139142,79
1210716,131
1042827,103
1368817,84
1496025,98
1158456,66
1118651,96
1077192,77
1277378,125
1249354,149
1428806,124
1333703,140
1090094,151
1241511,116
1082030,159
1307675,147
1102882,180
1403544,157
1031656,98
1057468,95
1254869,96
1301393,89
1418380,95
1425208,85
1498214,99
1059414,99
1354141,92
1357261,81
1471596,37
1244888,38
1435749,195
1206662,190
1289837,48
1321832,44
1396477,60
1293366,52
1057374,57
1013823,48
1407630,59
1100203,66
1290556,62
1027327,63
1385322,115
1081549,92
1319225,112
1446058,82
1046977,80
1065843,67
1384266,36
1467641,119
1130404,125
1082755,98
1256784,74
1350726,54
1202811,79
1006695,53
1310669,48
1079853,41
1166693,76
1378906,77
1007982,75
1322216,66
1182054,185
1336720,150
1472124,131
1146016,107
1200229,90
1347107,78
1461518,27
1008079,27
1005877,31
1246057,461
1034621,453
1116418,464
1273111,417
1039920,417
1075647,418
1309041,576
1272308,459
1135659,428
1184324,365
1429396,507
1316018,1288
1147117,504
1499092,470
1373243,550
1168909,518
1124988,2623
1034545,2043
1386995,531
1481215,385
1485905,32
1446239,30
1365715,29
1214310,23
1125217,15
1077074,33
1066882,32
1201006,367
1352126,382
1320721,373
1207481,362
1174504,350
1279294,340
1223663,454
1285597,429
1131213,407
1251757,369
1316737,144
1336425,120
1175819,152
1405199,131
1206594,148
1104790,161
1374234,158
1488555,176
1050887,165
1136383,156
1326753,82
1066019,84
1324215,73
1480680,78
1365726,76
1050102,73
1472375,86
1320171,83
1357176,83
1057971,68
1422296,35
1375422,38
1121472,36
1348142,35
1427919,34
1133355,51
1225464,49
1296900,47
1337907,38
1245457,685
1324576,683
1054723,685
1240913,669
1403942,674
1004923,662
1429694,861
1029910,806
1228946,799
1119476,694
1153063,24
1387862,22
1338145,22
1010613,38
1411001,31
1254639,223
1062163,215
1314655,209
1214604,191
1499996,440
1076322,413
1295832,309
1059505,246
1435781,226
1450486,186
1400252,143
1043916,1365
1334266,283
1332401,211
1424541,193
1269115,173
1325639,2028
1413444,2032
1150346,368
1194832,145
1467164,431
1164908,450
1182446,461
1393856,460
1161200,463
1242357,473
1344145,644
1430031,544
1193698,507
1449017,446
1480348,30
1105352,26
1056548,27
1204384,28
1389300,40
1159245,39
1007386,28
1086612,27
1383381,19
1211544,23
1117090,33
1305028,31
1497650,17
1258805,36
1298831,34
1416755,32
1395061,29
1493859,33
1165027,44
1325065,34
1173236,33
1461461,265
1031143,314
1338319,332
1382544,298
1271586,977
1269024,926
1167686,508
1361654,414
1223632,1466
1333660,1181
1369149,26
1299994,118
1379722,66
1492813,132
1267473,64
1496114,43
1422934,58
1272585,43
1225073,41
1489149,33
1133031,70
1129020,42
1011397,46
1074564,27
1375237,38
1059977,26
1088641,149
1428749,122
1314335,141
1380138,119
1497901,124
1457740,126
1251460,150
1073802,151
1188251,143
1424484,128
1259215,40
1430121,339
1106796,360
1157026,86
1182802,75
1241573,60
1455381,253
1025335,266
1216649,287
1308574,292
1207111,270
1170636,274
1092905,363
1102625,299
1088738,286
1227946,250
1396228,34
1451374,32
1387655,29
1141553,38
1486055,29
1353727,24
1427372,69
1307655,69
1311140,66
1446095,65
1018911,64
1199464,61
1219081,76
1189218,75
1161886,71
1164974,61
1075689,236
1487402,228
1253839,228
1180477,214
1047246,214
1466888,206
1021666,270
1283025,244
1469190,232
1391079,208
1284482,219
1000105,293
1131405,305
1026786,283
1401169,265
1385345,263
1417732,364
1106209,288
1446703,280
1013495,253
1151385,39
1306511,39
1366410,35
1006403,38
1119932,61
1043407,67
1444521,57
1256754,68
1283179,61
1196826,161
1387452,162
1230711,152
1236120,151
1185618,284
1213184,253
1004268,224
1136398,176
1279574,167
1204333,135
1390444,63
1462554,251
1438751,184
1170801,141
1210459,126
1460994,139
1440018,91
1164610,92
1488966,72
1242930,39
1390101,42
1465566,43
1000399,44
1137195,55
1469869,58
1147978,54
1231088,46
1101374,352
1155055,382
1146684,447
1055690,395
1102117,412
1432286,382
1006749,536
1070762,415
1337657,396
1478088,354
1360628,49
1131297,56
1201315,55
1342955,58
1109874,79
1240433,76
1487214,91
1064794,64
1398521,70
1310802,59
1187527,441
1266277,483
1424653,488
1293173,487
1230491,489
1259128,468
1159755,648
1061646,379
1071202,425
1479720,382
1308655,161
1208083,77
1406102,83
1146795,82
1207125,82
1373978,86
1425009,91
1159178,92
1149792,91
1101270,81
1003426,667
1336097,657
1097994,653
1230031,607
1409887,587
1296679,572
1152195,891
1042129,681
1218255,606
1159094,490
1455053,129
1294863,133
1154504,63
1253115,61
1441342,29
1129865,24
1411712,38
1451554,22
1095043,483
1329450,277
1125836,276
1430034,273
1142440,266
1044380,253
1303629,293
1291262,265
1348532,266
1099484,225
1171803,318
1123524,318
1090759,358
1407952,325
1135688,605
1389266,570
1418776,428
1073552,321
1022559,300
1483098,262
1339708,124
1470087,120
1032828,118
1124041,105
1369678,111
1461502,95
1143046,115
1456341,116
1035674,107
1128260,98
1077741,73
1116828,68
1104430,39
1006876,107
1038889,134
1229088,76
1341616,73
1392433,64
1430712,81
1446867,83
1068263,76
1028358,78
1237914,81
1119781,74
1084443,100
1075103,90
1430774,96
1463395,76
1170237,26
1152704,28
1167595,38
1417527,29
1057642,44
1211529,69
1491460,69
1173218,65
1196727,68
1215876,64
1392155,79
1255627,56
1131296,57
1372817,49
1363668,48
1378609,44
1397881,197
1353011,146
1239441,50
1038504,40
1326400,62
1026836,57
1334475,58
1434413,55
1026176,48
1298077,49
1245848,51
1035147,51
1263020,137
1387986,104
1047301,122
1367333,78
1445108,75
1245784,173
1052527,181
1154093,182
1112092,194
1063008,116
1136777,72
1041377,88
1007970,83
1059438,75
1479835,80
1383133,99
1134647,98
1056045,98
1313529,96
1147431,128
1130814,117
1309558,118
1030937,105
1112119,99
1117017,84
1239136,70
1271587,67
1038585,66
1392239,61
1290122,68
1108124,65
1041100,77
1004768,76
1156294,66
1425233,63
1343050,217
1101383,226
1240963,224
1193266,217
1109229,205
1188459,207
1254738,241
1384680,217
1245643,209
1083613,175
1081347,508
1452904,754
1043817,510
1291371,472
1123762,485
1334397,507
1460060,1514
1360251,1182
1281762,442
1439399,381
1456841,38
1151987,34
1085268,35
1247499,23
1059572,22
1058761,21
1213428,32
1231149,31
1112851,29
1000917,22
1379980,252
1445903,200
1025963,181
1462601,184
1341646,179
1225833,165
1158773,209
1228545,187
1144060,185
1006721,173
1164093,68
1435780,69
1061961,69
1440940,70
1160251,71
1477670,70
1356831,85
1156352,90
1344824,88
1314386,75
1485491,427
1493366,407
1244054,404
1339975,441
1493137,455
1482630,488
1237519,557
1414111,518
1290325,516
1064432,402
1029248,32
1106987,33
1366046,31
1359583,31
1380921,33
1369493,41
1289695,28
1110768,173
1338863,161
1382552,156
1465531,150
1241642,199
1344808,191
1268761,205
1092893,168
1219577,181
1197753,146
1067587,242
1030802,595
1058272,269
1469310,232
1135977,203
1457455,215
1336420,954
1044036,747
1089556,202
1330753,176
1104767,446
1331057,453
1203291,482
1325692,422
1200019,401
1101366,473
1410252,455
1412366,459
1491157,378
1159926,64
1148781,60
1420464,58
1310990,40
1195644,54
1491489,47
1143648,57
1128910,45
1439261,45
1139047,105
1098155,83
1202577,82
1149766,40
1375995,46
1028380,44
1490332,61
1415018,54
1152702,49
1203390,39
1420693,45
1076949,53
1473548,54
1445518,43
1486977,50
1205567,43
1417445,57
1008417,53
1094914,49
1335339,46
1489978,390
1143124,432
1478947,458
1341530,441
1448998,886
1460556,932
1425588,641
1447660,529
1204319,1299
1152041,1058
1031113,87
1109588,131
1042999,100
1121263,174
1272311,96
1035417,50
1488435,68
1110234,62
1046452,60
1154396,50
1161124,116
1012281,68
1440975,65
1028809,40
1052765,57
1272908,50
1431024,46
1133290,51
1235620,49
1484884,37
1348620,120
1319291,124
1141726,127
1401741,118
1489392,118
1139984,114
1131770,138
1194241,131
1065106,119
1386594,115
1268551,171
1073089,145
1139610,53
1329960,36
1355420,58
1311633,47
1337310,51
1148023,40
1441522,159
1138443,171
1135202,169
1107821,157
1188980,167
1416036,162
1301771,179
1088259,158
1270555,160
1272194,144
1499793,54
1309793,57
1350159,52
1269768,53
1100287,50
1167804,48
1192141,63
1402406,57
1340231,53
1419886,41
1260343,213
1182877,240
1217356,256
1379965,244
1441304,200
1448107,236
1063294,217
1023485,217
1253042,212
1336992,186
1449051,245
1468878,233
1433312,255
1189831,232
1350933,216
1499642,213
1002220,232
1354819,208
1175159,211
1273334,186
1167786,47
1301245,47
1254662,46
1406214,50
1455960,48
1049062,49
1433561,61
1187892,67
1492015,64
1034544,52
1263414,110
1475968,112
1213459,112
1098128,106
1166118,137
1044631,134
1170333,137
1436012,124
1190243,112
1411936,106
1462062,115
1462250,142
1478840,130
1272125,122
1173592,127
1082757,117
1315888,112
1228962,88
1218951,91
1450157,75
1261300,88
1168313,92
1363268,101
1110969,101
1065108,97
1075576,103
1195998,124
1107358,131
1346015,122
1341848,111
1117382,243
1336905,218
1029565,259
1220068,220
1323831,207
1064599,194
1427131,232
1042031,199
1468651,204
1208468,183
1177476,111
1295274,124
1273741,132
1342863,117
1186787,229
1476397,200
1405693,222
1087697,134
1383887,143
1310014,139
1096435,383
1230201,353
1327424,368
1132325,346
1273416,348
1205384,339
1262956,375
1122503,329
1151545,326
1154377,277
1364266,151
1011680,83
1119959,90
1158717,107
1065220,100
1019539,102
1280259,114
1026271,113
1397525,123
1293237,113
1253918,280
1360008,270
1474314,276
1161152,257
1177267,251
1107037,245
1173268,283
1267108,262
1037485,261
1368561,225
1187183,32
1039161,32
1206949,161
1295773,111
1173347,49
1296351,31
1117059,41
1399077,37
1082409,58
1067565,467
1139300,443
1208174,452
1011793,454
1154581,440
1385320,421
1439856,495
1340904,426
1171791,427
1071982,346
1443474,490
1451076,481
1435826,485
1191886,500
1263052,768
1263612,875
1233431,464
1036701,453
1492648,418
1193094,348
1430287,169
1058569,167
1492697,151
1056546,157
1204210,162
1224718,143
1053778,194
1030896,163
1088431,165
1032604,145
1278927,42
1313959,59
1034410,55
1169758,51
1054997,178
1091093,163
1440267,82
1139782,80
1022113,73
1044881,63
1406716,217
1168881,203
1213366,195
1086686,188
1061143,185
1017207,182
1414578,208
1102297,203
1216870,198
1373185,175
1251629,38
1156628,38
1160666,37
1298962,37
1053397,37
1056878,37
1111308,51
1479578,51
1288087,47
1471120,39
1046475,67
1493330,108
1444927,114
1213229,111
1439048,142
1289710,125
1139483,133
1330572,93
1278620,89
1482738,76
1436768,75
1187402,70
1484931,374
1160983,282
1204951,55
1323946,71
1139023,86
1017883,74
1452460,85
1368853,63
1206015,64
1081991,70
1052440,74
1251515,74
1177457,97
1143868,94
1012312,119
1082444,89
1231667,97
1294198,87
1001589,110
1245764,199
1173024,164
1140780,182
1099951,119
1276819,62
1042565,78
1334897,76
1079864,74
1455309,66
1249865,149
1060602,150
1183244,130
1451782,133
1134905,237
1183036,232
1388259,151
1037543,129
1034628,135
1252651,103
1033716,85
1290880,88
1277555,77
1018412,64
1237270,73
1091196,69
1393399,96
1291765,89
1315398,73
1386568,70
1252163,263
1380398,262
1436318,265
1065215,266
1079999,256
1278358,257
1497315,288
1349361,264
1168663,256
1364764,226
1382522,461
1278260,820
1499444,455
1395990,464
1490371,455
1239951,496
1336054,1965
1377724,1400
1237631,514
1286591,401
1032092,38
1412836,34
1096428,33
1023786,17
1044596,21
1247191,33
1458427,33
1341137,30
1216688,301
1474661,259
1309062,261
1437313,249
1095693,250
1268258,242
1284565,281
1124262,256
1054665,262
1112624,229
1030655,143
1442612,134
1059397,141
1254831,133
1033383,137
1358859,129
1091267,144
1106379,163
1398968,159
1413888,144
1316160,716
1419545,695
1062437,684
1181575,747
1143023,720
1278339,687
1282203,800
1080746,786
1296937,793
1210564,668
1498130,37
1423053,36
1162538,35
1156343,37
1155176,37
1140696,46
1348589,41
1274735,36
1144733,176
1471235,173
1133933,172
1301416,165
1197228,317
1390628,318
1265180,226
1034409,200
1125602,193
1331846,173
1219136,261
1111993,838
1130159,230
1447928,202
1425338,210
1144306,203
1054489,1382
1164986,1037
1031723,198
1066069,183
1022008,401
1438700,427
1314739,443
1316314,453
1050661,468
1317396,472
1179891,539
1035233,529
1011404,542
1306324,442
1311882,65
1262231,53
1044776,52
1388783,52
1124343,56
1343601,53
1424831,69
1366075,66
1117973,52
1412333,53
1232239,60
1443246,68
1231783,80
1047398,45
1436104,52
1411819,49
1126514,56
1432466,51
1332733,41
1052922,44
1445257,49
1397451,52
1335660,39
1113039,47
1259989,46
1435221,60
1423989,58
1007274,53
1248694,410
1231562,462
1130546,539
1484346,543
1442704,991
1231053,1118
1483761,694
1347385,634
1330482,1681
1185291,1269
1224132,108
1317197,159
1241367,151
1390190,172
1072198,117
1244605,63
1202906,58
1148817,63
1210527,65
1482028,36
1251007,42
1356261,16
1468996,34
1048360,30
1207133,32
1183999,37
1042446,35
1427250,23
1105380,156
1243006,154
1095300,151
1483804,142
1354048,157
1179559,142
1254839,187
1458313,175
1081002,166
1491158,141
1163656,301
1103189,262
1106730,48
1146782,71
1347859,61
1309782,46
1211246,209
1296046,202
1025817,206
1324612,198
1473661,219
1261002,209
1352677,229
1025143,204
1292861,203
1104929,175
1430481,39
1207788,40
1065786,42
1375055,38
1430795,36
1278380,35
1091685,46
1464998,38
1341777,30
1138248,303
1490626,292
1281487,301
1082441,288
1482938,282
1184923,278
1326973,308
1192047,299
1267180,292
1246324,304
1097109,328
1173687,323
1131198,390
1310234,347
1065673,357
1213540,316
1274015,372
1077171,328
1296692,322
1012505,277
1257968,58
1225233,65
1377517,70
1114069,70
1427908,77
1079074,70
1139550,85
1171872,85
1371558,73
1207630,176
1045125,184
1497213,166
1258001,173
1079563,332
1179847,325
1064410,206
1376454,186
1181980,182
1477762,160
1181474,99
1220195,133
1137571,147
1168297,136
1353136,140
1472975,134
1433727,141
1473901,110
1191319,115
1416495,97
1226362,163
1058055,158
1237424,163
1097480,169
1239094,159
1427548,164
1134215,191
1101934,182
1227132,189
1107600,171
1074380,301
1040219,341
1075922,382
1483577,396
1187970,306
1226360,312
1189058,340
1037004,300
1069941,302
1433285,252
1105113,238
1277408,239
1085386,236
1407082,243
1385752,293
1212643,284
1021280,335
1402014,250
1242573,277
1204789,245
1008328,385
1356975,371
1426728,382
1376105,415
1030585,371
1413560,362
1046211,407
1466477,323
1464177,346
1007464,299
1237346,197
1016003,106
1366429,123
1454944,129
1159279,115
1255341,146
1168385,164
1414891,175
1455705,179
1099051,160
1133067,364
1333880,360
1359714,356
1108942,333
1270430,323
1158007,322
1073033,365
1035826,336
1394665,316
1325149,268
1148964,53
1301591,51
1054238,247
1432687,227
1369820,47
1142224,45
1222928,65
1126137,58
1289761,66
1105042,52
1300295,73
1175047,72
1470434,75
1130199,69
1137849,75
1199578,73
1242043,90
1375038,89
1027496,70
1204718,68
1195576,532
1446499,525
1195279,548
1010758,486
1354889,471
1347174,478
1101194,684
1152426,589
1425660,524
1486207,456
1202850,517
1392817,542
1416778,571
1371311,512
1308810,882
1458963,945
1145504,782
1266884,564
1194501,529
1054423,371
1295451,41
1456593,37
1367486,17
1457634,108
1270934,39
1143105,49
1062418,136
1368546,122
1200473,122
1130835,118
1047685,117
1126061,114
1163821,139
1169619,128
1401462,117
1073198,99
1199424,42
1017200,37
1257467,33
1050839,28
1108091,119
1041705,71
1233321,45
1368544,46
1475574,42
1030570,29
1059894,103
1389405,92
1288556,104
1126299,105
1201059,100
1105093,94
1053387,118
1009972,123
1273474,115
1142240,99
1089204,23
1333903,24
1088611,37
1089153,54
1042206,53
1268813,56
1233183,58
1073477,80
1200055,57
1027765,52
1336904,43
1290936,60
1077142,46
1052585,49
1466748,53
1311945,42
1382023,52
1162454,64
1430846,73
1062961,82
1100322,83
1394157,75
1045296,75
1383490,72
1420177,70
1393398,94
1127680,95
1197145,117
1443014,103
1135504,36
1039343,279
1452266,236
1297518,46
1148882,57
1210043,50
1345687,38
1377152,30
1124601,36
1492708,34
1163223,32
1339037,46
1256412,55
1231690,54
1253859,45
1436052,45
1174062,36
1228388,46
1474450,137
1097238,109
1227931,161
1329104,105
1006640,66
1046575,62
1146138,59
1191939,48
1484976,138
1489133,128
1288241,101
1225058,94
1093359,261
1175825,243
1003353,200
1286252,142
1322978,116
1299602,89
1432390,26
1251736,26
1496308,25
1017856,26
1058968,38
1190208,454
1345826,456
1141415,465
1008850,434
1327250,414
1495708,415
1104677,585
1160493,450
1320703,422
1027062,359
1322431,787
1268993,2188
1144211,811
1489736,729
1175246,808
1125431,845
1412006,3830
1241406,3805
1118679,1019
1342717,790
1299363,32
1273355,28
1240489,24
1210148,30
1328963,26
1439151,343
1403041,318
1374095,329
1465788,329
1145397,309
1315899,321
1174807,433
1135854,422
1033339,399
1021348,346
1208448,39
1213834,54
1394883,36
1294077,35
1234987,43
1450781,65
1254800,71
1158154,54
1308725,108
1446887,100
1262361,100
1451679,92
1418604,91
1078051,85
1208168,100
1041890,99
1378832,108
1159213,106
1093737,30
1200754,31
1143224,28
1297207,31
1428215,26
1341299,45
1272207,36
1085056,28
1481640,374
1031471,373
1241213,388
1055152,379
1075123,384
1365959,379
1195304,520
1211091,469
1373638,567
1091949,536
1393810,21
1103739,24
1064148,18
1355980,284
1185374,264
1386984,255
1485511,232
1287135,538
1470658,474
1199186,413
1042536,295
1003304,264
1364923,219
1085341,389
1331710,1542
1275541,331
1341427,360
1190610,382
1470105,366
1059086,2317
1170745,2051
1190647,398
1217666,306
1317164,150
1404058,171
1099698,183
1225205,210
1120109,201
1317198,211
1485133,270
1011810,245
1212950,305
1022775,281
1308216,35
1001837,31
1010451,29
1163875,14
1044014,22
1011280,17
1492792,41
1464863,37
1361159,35
1156261,35
1239283,34
1246844,54
1382200,51
1040381,43
1383194,37
1483614,571
1158128,577
1352318,637
1229307,587
1420379,1095
1130528,1070
1066609,973
1486088,812
1492838,1986
1328470,1403
1081769,38
1427746,136
1389098,117
1205560,126
1273304,81
1342728,45
1430130,67
1488705,61
1114349,60
1282630,47
1187473,113
1318026,74
1155627,68
1236638,19
1367579,29
1386706,22
1127458,22
1347832,165
1081122,136
1135583,146
1317214,148
1108123,130
1259625,141
1030257,172
1044613,169
1091363,166
1227543,136
1188655,30
1457066,151
1136292,150
1094514,59
1002965,47
1213573,42
1490689,36
1271981,495
1483269,460
1187987,495
1048292,470
1311383,435
1272295,417
1091585,633
1153982,473
1251268,450
1284150,385
1286897,41
1248048,40
1005493,39
1267340,35
1239904,36
1277516,34
1303470,46
1481719,36
1402112,27
1027373,56
1053078,58
1246247,54
1445153,54
1131144,49
1022645,47
1347554,64
1036573,62
1190178,77
1053533,73
1304520,117
1419372,134
1288833,115
1435274,126
1314299,123
1451163,120
1230602,149
1223589,139
1313223,137
1425457,121
1449224,201
1204575,224
1142402,260
1023335,230
1247584,218
1156954,215
1311902,277
1442346,215
1108742,222
1345988,201
1298775,30
1395159,29
1303699,30
1176341,28
1435013,44
1324100,36
1375569,268
1222642,262
1008853,252
1498918,247
1109016,507
1331054,490
1054844,462
1053706,318
1379618,273
1466164,224
1374168,58
1041129,94
1279473,95
1325155,91
1113630,91
1025725,95
1420947,117
1281621,79
1380927,75
1030996,65
1359223,39
1207971,46
1497598,42
1002230,41
1361399,42
1145097,42
1029048,65
1182337,63
1471562,60
1057859,52
1246239,282
1346290,326
1239205,362
1365667,327
1363773,308
1438163,304
1124497,412
1035904,333
1217859,313
1032275,268
1094996,27
1458686,28
1260284,35
1049246,54
1032350,52
1227412,74
1022589,52
1210589,43
1483750,227
1279331,216
1285467,205
1239556,234
1177527,232
1497342,234
1479242,327
1457016,216
1113685,233
1222266,95
1130670,59
1221942,58
1335895,41
1347237,35
1335483,59
1201957,59
1245394,57
1283139,51
1159875,328
1068162,314
1304851,347
1031011,304
1366117,314
1081454,298
1155890,423
1143009,341
1109837,317
1420026,265
1073318,30
1219979,36
1417619,159
1310817,123
1163382,48
1182396,58
1054132,43
1360123,12
1256829,25
1122414,18
1469496,31
1490414,32
1281725,276
1285268,226
1385760,234
1467681,226
1237618,227
1097503,220
1041008,254
1191686,255
1110858,253
1009792,222
1153258,222
1261101,215
1003559,243
1147045,223
1212345,482
1209256,450
1033560,327
1099076,226
1249361,207
1003543,178
1366721,99
1369157,104
1357947,100
1034851,107
1441985,98
1444957,101
1036924,118
1018734,106
1040888,107
1209466,90
1247389,46
1446359,49
1301912,43
1400145,45
1235060,107
1074206,98
1276086,58
1282178,53
1258552,51
1084942,34
1154649,83
1155410,74
1155845,81
1128430,84
1196226,77
1399997,71
1412783,91
1384724,88
1446797,87
1430688,71
1397921,20
1486556,19
1030646,22
1195477,17
1086065,81
1287867,89
1366235,84
1068779,74
1082221,68
1300287,66
1104414,68
1394387,57
1065082,60
1261807,46
1399983,32
1392715,92
1411551,93
1210413,29
1321360,33
1427732,38
1381451,40
1273296,39
1175998,39
1072824,54
1470215,55
1430558,67
1166112,51
1203344,51
1299061,44
1342610,73
1096847,155
1072878,129
1124042,187
1466895,98
1497250,60
1387934,78
1085459,64
1492225,64
1142718,52
1457058,107
1424908,99
1200217,97
1044787,84
1364727,125
1307772,113
1237451,105
1223865,89
1294200,80
1427298,70
1213120,30
1128126,29
1085143,34
1230402,24
1181195,28
1241991,45
1319873,35
1069963,182
1304127,199
1313628,212
1361296,220
1026014,183
1489921,188
1120076,220
1304941,207
1481457,197
1458967,176
1064603,531
1280020,781
1080428,559
1364032,500
1340335,518
1192024,521
1062785,1727
1365356,1493
1160539,498
1436896,445
1207359,28
1249113,23
1412865,20
1299237,19
1185486,29
1478163,29
1155205,27
1004297,157
1237737,135
1230705,148
1319258,139
1267633,136
1168400,121
1294658,144
1109580,133
1394030,143
1296678,135
1345635,53
1364763,52
1109062,55
1316392,60
1098691,56
1312916,53
1494672,66
1288751,75
1447072,72
1144125,59
1165135,255
1365978,208
1425692,211
1352787,247
1106798,215
1151845,209
1446773,231
1000259,230
1361688,241
1339452,203
1266036,23
1355728,22
1359687,32
1490276,18
1110725,203
1051747,181
1409553,177
1155898,160
1331091,223
1004645,213
1484601,205
1176259,178
1164274,154
1175834,146
1227396,297
1475697,885
1275455,355
1098208,262
1100709,237
1141206,224
1393239,1465
1496220,1075
1117606,237
1158804,198
1280129,176
1114886,164
1163765,180
1406367,178
1142814,221
1294699,190
1379642,207
1244589,198
1100387,208
1323102,177
1177540,30
1136502,29
1491362,30
1250840,22
1016153,25
1050973,43
1358467,34
1436626,35
1181846,88
1133369,70
1372452,63
1105445,53
1233676,45
1248416,29
1170610,43
1236319,39
1290214,29
1488157,36
1479779,30
1427043,34
1310388,31
1015884,36
1180421,33
1359547,48
1410710,47
1446311,44
1452837,32
1477870,354
1215216,409
1285681,466
1314990,454
1337450,993
1095122,989
1164460,764
1260186,554
1268073,1475
1264095,1219
1312991,43
1223786,118
1252201,78
1008278,92
1040076,53
1365093,40
1478529,54
1376960,45
1286449,43
1059103,38
1342550,64
1427813,30
1468070,37
1198993,15
1096212,25
1175396,23
1055343,29
1027386,27
1027603,19
1126082,63
1095804,70
1284871,67
1412582,72
1352134,69
1014758,55
1239271,84
1343596,72
1343455,78
1259932,67
1319798,30
1315760,168
1399760,128
1293278,57
1225808,43
1407284,45
1118637,28
1003511,173
1388877,179
1183200,184
1031478,222
1481797,211
1450040,192
1391988,210
1325950,185
1034337,193
1401405,170
1309036,34
1486121,33
1094193,32
1238414,30
1257291,30
1339559,28
1078324,40
1189106,38
1422129,33
1158245,24
1170036,73
1467615,63
1024239,61
1495288,71
1214497,66
1135850,68
1463434,85
1181187,83
1044453,81
1239433,68
1490132,460
1480622,440
1345970,450
1002734,403
1071118,376
1209765,382
1377968,457
1180975,388
1197780,384
1138204,339
1234971,31
1296050,32
1007089,32
1085266,30
1488516,43
1410651,42
1162178,141
1028250,132
1162284,125
1153095,123
1089838,162
1400665,155
1383706,148
1123698,127
1148219,124
1369726,114
1487745,140
1258801,147
1394487,147
1386178,124
1033130,135
1123301,126
1189931,119
1213578,99
1392146,93
1172957,84
1004822,55
1447907,64
1027560,61
1475205,63
1317475,66
1143854,62
1487269,79
1110968,84
1361934,68
1124862,66
1479327,299
1034228,273
1016160,302
1116053,264
1296120,246
1027940,252
1120072,282
1142743,255
1498844,255
1254537,226
1010463,53
1297352,57
1050702,58
1155579,53
1133161,73
1324163,63
1338945,91
1320612,66
1371459,70
1104555,60
1347240,170
1443123,179
1155221,176
1052491,191
1145651,171
1408518,177
1388157,205
1165523,164
1023502,180
1292007,125
1280466,72
1285179,70
1180700,82
1145185,69
1436680,69
1202037,84
1131039,84
1247144,94
1423783,154
1080009,148
1216295,160
1150345,146
1005265,148
1453080,147
1427992,176
1319455,166
1198216,158
1256336,144
1152804,20
1439914,30
1097710,93
1257810,81
1302677,46
1154154,38
1337180,30
1056340,25
1279269,28
1152002,27
1329468,25
1402266,523
1292844,507
1349547,515
1001035,464
1311694,463
1338401,459
1285535,551
1493498,555
1306863,513
1031721,429
1220913,518
1410292,538
1163414,559
1105889,580
1179154,875
1082621,1232
1164863,716
1392002,575
1150054,516
1431400,378
1492231,202
1036457,151
1335135,190
1158436,180
1364866,184
1401916,182
1333504,214
1426546,227
1487694,191
1371620,186
1082679,175
1152188,142
1112827,153
1432923,142
1327449,156
1131015,141
1058774,172
1031584,171
1295532,162
1314481,153
1367157,64
1203857,57
1144711,56
1080313,56
1096602,159
1004511,115
1003574,61
1136626,65
1357905,61
1359107,49
1061395,138
1343240,139
1427859,147
1374160,129
1231678,147
1155753,141
1250372,157
1006089,171
1128300,155
1108889,150
1161719,25
1412839,23
1345390,42
1208097,71
1200860,99
1071175,99
1377468,105
1035511,108
1083867,128
1217287,73
1492759,229
1393518,222
1459471,209
1335272,210
1013130,214
1441346,201
1289569,253
1318211,216
1100972,243
1062346,224
1337818,120
1141482,112
1076650,115
1123940,113
1037301,119
1235133,113
1309929,132
1385475,130
1282871,122
1222112,103
1286976,69
1469796,64
1340685,402
1190687,345
1032024,81
1045292,63
1329344,78
1060659,70
1003967,67
1460613,143
1327688,153
1057303,148
1233931,156
1123396,215
1248066,184
1334332,225
1284319,157
1091082,183
1006636,164
1118546,75
1477507,196
1402350,199
1307281,205
1269672,138
1388621,56
1363690,82
1396538,77
1432230,76
1432434,62
1157808,136
1300805,129
1402946,103
1075510,103
1350471,267
1300102,244
1314991,118
1434599,115
1061560,108
1033765,91
1201769,64
1262439,61
1063388,67
1374518,75
1382830,68
1308127,64
1195303,82
1389536,85
1218017,65
1311218,61
1017920,396
1464492,379
1447167,371
1150968,351
1325663,370
1491428,360
1267263,424
1055918,380
1087693,354
1356066,310
1206999,377
1220242,1049
1158723,445
1004679,579
1436738,393
1411737,445
1322953,1772
1485619,1513
1451702,475
1028427,347
1021833,50
1403718,45
1159072,37
1296434,21
1050306,27
1482885,42
1426257,369
1071899,377
1017674,375
1307337,366
1299070,426
1450331,359
1492206,440
1038082,464
1053057,447
1328779,407
1408726,221
1316397,209
1470572,242
1069529,202
1144116,237
1445719,225
1076655,256
1081706,266
1387906,261
1049778,232
1050836,89
1328615,91
1065297,89
1261401,89
1469920,89
1478651,88
1441997,107
1291316,108
1444966,104
1102147,91
1049400,59
1375249,60
1018609,60
1111529,60
1272559,61
1026662,75
1366360,71
1302524,61
1267165,1131
1262997,1118
1088775,1088
1217709,1099
1430418,1105
1275478,1093
1435295,1231
1346982,1251
1160970,1263
1310566,1095
1244866,35
1484515,34
1402186,36
1228789,38
1150337,55
1475694,48
1476370,43
1092027,344
1174462,312
1309288,276
1325177,290
1371419,607
1372954,560
1219907,316
1044361,283
1000595,263
1424899,236
1220962,143
1059573,1025
1371967,224
1008058,205
1307575,196
1482143,178
1167859,1774
1151969,1307
1327497,208
1021678,156
1414458,454
1306516,451
1180610,464
1323085,506
1212285,507
1039279,510
1395825,604
1386899,581
1216036,573
1225001,484
1055980,39
1163248,43
1248223,46
1115289,51
1175889,49
1104604,46
1493205,69
1461580,64
1116567,38
1056911,35
1165133,54
1045201,40
1070414,43
1221347,42
1305920,62
1402463,57
1274256,48
1246396,38
1005749,50
1347755,36
1462314,38
1427008,43
1376522,59
1331312,68
1439245,64
1287196,54
1121802,421
1083360,417
1387604,469
1297521,429
1148106,867
1054831,870
1340381,753
1471793,579
1214188,1528
1358310,1141
1154235,136
1170609,127
1411927,124
1295307,79
1284250,38
1201392,55
1041425,55
1387685,54
1458669,44
1388858,111
1402783,64
1158859,45
1237454,52
1307597,50
1439838,36
1169331,41
1448891,210
1144366,202
1201215,193
1014486,176
1076076,197
1197521,181
1448108,223
1464025,201
1050487,196
1300350,189
1244383,54
1209362,54
1175433,413
1041996,339
1281845,78
1481458,91
1226086,72
1324219,90
1151124,93
1216755,71
1333438,222
1489328,242
1477002,244
1098852,233
1164983,229
1290361,232
1256809,257
1186105,235
1393199,235
1017459,204
1022949,51
1144435,49
1080644,48
1433984,44
1377389,46
1364496,60
1026523,49
1002825,39
1136894,90
1179973,96
1042531,92
1216221,96
1462430,94
1249510,86
1276527,108
1205823,109
1448426,103
1028218,89
1105486,309
1495174,307
1004376,298
1320784,280
1489187,290
1318303,271
1481749,317
1216902,303
1184723,294
1226502,257
1461216,206
1105982,220
1040547,251
1024773,267
1237216,199
1084227,217
1444516,251
1412875,228
1425330,218
1298435,200
1143296,44
1218455,46
1305125,45
1041777,51
1377731,46
1438743,233
1339840,222
1445860,200
1312582,200
1354697,457
1107407,356
1085344,196
1165006,204
1369299,203
1398637,179
1223814,82
1183147,124
1221280,125
1272917,125
1022602,119
1457798,146
1145318,100
1291779,103
1071387,88
1161381,69
1463809,78
1043945,77
1428660,75
1231167,80
1263934,82
1283930,109
1165506,116
1246532,112
1167940,103
1006832,212
1388700,234
1139792,273
1092679,226
1441471,215
1453398,213
1055317,254
1403310,206
1014083,212
1136618,185
1269949,92
1015470,98
1209078,103
1029273,133
1224671,136
1249789,162
1127161,129
1459424,138
1255187,113
1273610,863
1494860,896
1469809,777
1289384,859
1440943,780
1455095,755
1356813,786
1435344,643
1250601,649
1388615,513
1014137,208
1220175,132
1018456,160
1396001,170
1128557,161
1097352,155
1362664,177
1282704,187
1322287,184
1382848,165
1363870,426
1070361,427
1157864,432
1125057,395
1359188,413
1334054,412
1272692,476
1026490,427
1181159,391
1085144,337
1220086,48
1012081,212
1494281,248
1268702,77
1155654,87
1389451,91
1456024,79
1476914,56
1214790,57
1314337,55
1027602,60
1372056,61
1301451,60
1361172,54
1241383,76
1379284,74
1235705,57
1182403,45
1348084,155
1052783,159
1198932,161
1316195,155
1354895,149
1080862,155
1201850,169
1268084,171
1476536,168
1251873,132
1305176,103
1383497,100
1037756,118
1139395,116
1292208,129
1217371,145
1236727,129
1066688,113
1050944,96
1489321,77
1209309,105
1003753,100
1377975,93
1173009,89
1125362,89
1089147,76
1032271,109
1304946,97
1313934,93
1420456,71
1435029,22
1268871,22
1446385,68
1137736,32
1464178,22
1129429,23
1173914,14
1209410,48
1286612,40
1349508,42
1094927,34
1277410,54
1179754,35
1319597,34
1139374,27
1046291,13
1017579,52
1269118,41
1430936,15
1020389,67
1397322,20
1222271,31
1292674,87
1437835,97
1397433,57
1318618,17
1003233,16
1020071,30
1026349,32
1057370,47
1267098,28
1374721,30
1264193,25
1001959,41
1114825,31
1063760,25
1256517,24
1444323,111
1063688,105
1267215,106
1225113,90
1001235,132
1260541,116
1488536,118
1416203,93
1394998,86
1425594,65
1319480,90
1101584,89
1169870,90
1098498,86
1363190,81
1130649,75
1492037,90
1151988,86
1044024,73
1426570,60
1031682,214
1434359,413
1012465,179
1005381,239
1224590,200
1172089,185
1403309,785
1092034,618
1236029,183
1168852,186
1099677,160
1093858,160
1059843,144
1012745,152
1430112,146
1479236,148
1103994,178
1093267,176
1173814,171
1082751,26
1310040,87
1495262,49
1472174,54
1251039,26
1039265,27
1208172,23
1112432,24
1409411,38
1451100,35
1074440,33
1034558,54
1176365,58
1094576,61
1392466,63
1055474,71
1217360,63
1271801,86
1345064,81
1401294,83
1024879,65
1057421,156
1246771,136
1232056,141
1034367,133
1033617,163
1003218,151
1481969,158
1038947,134
1396320,123
1043673,113
1034125,104
1007900,331
1104045,121
1349952,100
1183866,101
1398163,81
1188811,628
1431359,600
1022402,93
1113928,113
1147078,51
1065907,47
1354825,51
1177980,71
1201164,70
1003099,70
1002495,92
1365578,90
1419626,87
1195370,66
1297532,24
1192446,13
1039474,28
1282502,19
1190011,190
1061568,182
1389377,185
1358438,180
1089351,454
1474431,385
1323284,231
1355349,203
1419613,459
1367988,545
1283225,25
1203085,40
1190203,27
1446915,12
1119724,28
1070558,21
1139943,17
1184750,144
1496674,135
1066650,126
1000985,123
1486680,133
1341774,121
1339391,161
1308505,138
1435633,127
1386849,117
1379099,79
1219650,69
1356379,38
1380958,139
1342952,144
1339521,142
1093789,138
1403569,147
1352929,129
1380785,153
1278694,132
1460527,137
1361358,122
1459822,49
1305254,56
1451735,64
1129026,60
1148456,66
1219726,60
1430307,73
1253049,66
1432323,56
1348068,84
1244298,86
1260622,99
1349633,87
1150838,89
1030243,83
1220817,103
1246990,83
1149550,86
1231529,75
1317716,135
1126370,113
1008110,125
1423383,112
1004659,147
1038509,132
1407977,126
1026691,109
1024597,103
1116633,91
1345747,31
1420393,31
1358056,32
1406018,30
1035550,48
1097311,30
1192832,23
1176978,28
1171909,28
1428117,25
1423315,37
1265837,35
1356525,32
1205477,26
1428458,138
1228888,156
1497243,186
1318753,154
1355554,143
1059984,171
1094135,181
1316514,153
1205603,153
1222855,143
1220274,57
1271480,54
1342721,57
1336270,59
1364688,65
1281752,67
1093297,80
1027654,60
1365653,66
1425548,48
1008773,22
1008574,26
1108380,29
1345723,25
1280856,37
1217729,34
1312629,78
1343650,75
1343822,81
1325627,71
1240091,69
1027368,64
1235410,85
1360992,77
1069927,70
1160894,53
1433729,240
1074540,217
1209661,217
1407586,225
1258824,210
1463585,198
1240414,244
1347735,241
1456243,241
1294366,204
1267876,195
1494455,171
1214425,210
1363784,150
1418399,542
1055166,455
1281197,230
1142620,197
1392306,183
1143676,140
1136999,72
1287425,75
1111884,74
1387039,73
1463169,67
1083258,65
1490887,78
1006545,73
1400409,74
1240207,59
1173342,46
1306896,45
1010409,36
1394810,93
1077316,86
1135228,55
1302997,47
1102705,45
1148385,33
1427360,98
1079149,70
1075559,21
1325619,16
1276615,86
1191397,93
1257720,89
1217814,89
1169274,88
1447542,75
1466039,71
1066597,60
1096629,61
1266012,46
1271431,95
1008008,33
1095570,36
1055136,102
1336000,149
1472836,144
1191333,162
1235816,99
1483921,59
1395368,79
1094038,64
1105815,60
1314631,52
1026138,122
1191882,106
1344759,104
1411078,99
1369846,136
1109552,128
1381175,116
1192894,101
1001951,91
1421430,69
1429773,159
1240373,182
1467559,188
1242372,187
1242379,157
1218259,170
1142876,209
1403767,195
1232994,184
1107845,159
1066977,609
1467682,876
1085069,681
1418851,606
1217236,566
1174458,573
1195403,2241
1220035,1859
1462839,585
1287164,507
1001071,29
1429537,26
1378787,23
1347235,198
1247051,142
1076387,130
1443855,141
1028510,128
1219752,126
1179883,155
1204147,137
1000796,136
1314952,116
1442368,27
1384173,63
1104417,14
1377616,27
1253092,39
1064390,38
1374399,37
1145942,29
1306281,115
1042427,125
1039235,122
1270474,129
1387994,129
1204001,128
1146761,133
1160004,145
1274185,160
1271542,135
1124445,18
1417329,19
1468716,132
1049153,123
1418671,114
1440725,118
1043632,149
1131507,156
1109600,182
1024610,131
1404758,128
1337054,113
1152418,318
1461002,862
1122525,347
1359951,257
1345367,235
1292317,241
1375107,1604
1301610,1361
1150676,255
1116620,192
1299709,135
1454164,129
1068339,126
1131994,150
1452032,137
1268214,140
1261241,150
1209168,157
1106716,174
1104690,162
1179493,29
1048344,34
1186948,48
1435035,60
1376824,58
1298051,25
1020593,22
1177502,36
1156704,19
1191925,29
1058785,26
1471133,24
1071254,21
1087869,21
1437124,24
1440286,24
1115564,19
1314342,333
1407720,359
1050572,362
1471014,373
1102279,800
1073296,677
1001420,501
1310282,428
1214363,1244
1203613,913
1118702,50
1345691,136
1013458,111
1414435,128
1102838,77
1356018,48
1397416,63
1024198,58
1069242,52
1492637,45
1194849,50
1248010,68
1419217,77
1328270,69
1454997,76
1067822,75
1258110,73
1348027,70
1256555,94
1181713,86
1414766,87
1017146,67
1287363,81
1056033,76
1198423,31
1364412,28
1066449,32
1005166,34
1296158,181
1192897,193
1242406,190
1266765,194
1439805,176
1228845,182
1398564,200
1034193,213
1340687,281
1000237,162
1398867,46
1498335,37
1125114,38
1090818,35
1319634,35
1099027,30
1486214,43
1102434,39
1167018,27
1299648,71
1470573,64
1092183,61
1450872,61
1084546,59
1432435,57
1443500,71
1131071,70
1368660,70
1403213,60
1107202,392
1263782,359
1331170,401
1460264,353
1426141,338
1234948,338
1421162,396
1058212,343
1103651,335
1066515,294
1462332,38
1279293,39
1332514,154
1140533,146
1212897,139
1287056,140
1048549,175
1020570,169
1137531,161
1086367,181
1316077,172
1061575,122
1303294,100
1376825,128
1324963,135
1165658,116
1483489,123
1294285,87
1403800,95
1132303,80
1257856,78
1019496,73
1387167,32
1162278,35
1028630,32
1201509,37
1429858,33
1455208,47
1101218,46
1335329,44
1103583,40
1359875,469
1337050,423
1391771,450
1146344,422
1302275,398
1425677,410
1359004,493
1480962,393
1323812,385
1061472,344
1206863,27
1389125,26
1425734,26
1173685,38
1349089,37
1421410,50
1090311,33
1442624,131
1497803,138
1208465,152
1088239,142
1120442,152
1399354,140
1180298,169
1471974,153
1013299,153
1420814,139
1287492,39
1064175,22
1396116,23
1167138,33
1316677,24
1233252,140
1253592,150
1398291,165
1240628,149
1499610,156
1374566,158
1407030,187
1394499,177
1456666,164
1026147,144
1096290,15
1014622,19
1188670,254
1141504,243
1413796,233
1202092,237
1050649,223
1267399,221
1398009,258
1362163,266
1014376,265
1126925,227
1022475,375
1237898,385
1036089,420
1406614,392
1370785,752
1499126,700
1381677,410
1024838,395
1334533,321
1227943,285
1263791,97
1459846,102
1470758,100
1038905,102
1373055,112
1408796,101
1021287,130
1362049,117
1305031,116
1152312,99
1440771,46
1187170,43
1333857,39
1403116,110
1445194,102
1007138,57
1187461,55
1026257,49
1441563,36
1070835,96
1305429,102
1055665,109
1157152,116
1311164,100
1427990,105
1104489,125
1111825,128
1447194,113
1363630,102
1084048,24
1406741,23
1130968,33
1218838,30
1476647,56
1289757,80
1303822,82
1332264,70
1135584,79
1438137,72
1294141,91
1320980,66
1234430,65
1023244,56
1055728,69
1482952,55
1096103,189
1441078,182
1324485,49
1181824,76
1471619,58
1084847,62
1027455,46
1281529,46
1013702,47
1304798,49
1066172,68
1032931,69
1180413,85
1437438,62
1334218,67
1347941,60
1389643,64
1315664,123
1359741,107
1411569,158
1347488,96
1225994,49
1327384,69
1244799,65
1180905,84
1301631,69
1168148,117
1469529,117
1391432,113
1314764,109
1315854,137
1480821,134
1127406,134
1404354,115
1489408,108
1174805,100
1037167,84
1261905,79
1231013,80
1286531,72
1404655,84
1366645,77
1123959,97
1015959,95
1296737,76
1224486,74
1360259,228
1208838,224
1097126,225
1155822,218
1399625,212
1248988,205
1306893,230
1092132,217
1024168,204
1049337,177
1035365,491
1415138,668
1127856,489
1172386,476
1117249,478
1003516,490
1279245,1522
1256438,1034
1202794,456
1044876,399
1207506,25
1270213,28
1320039,21
1147947,24
1223081,36
1419834,294
1330961,170
1435944,173
1172547,168
1444883,165
1306041,159
1321470,187
1019808,203
1053634,197
1175478,173
1463966,83
1031861,81
1124451,85
1497710,85
1070647,84
1037784,85
1326168,105
1441485,110
1022671,111
1283181,100
1083889,357
1378453,358
1434331,360
1311554,367
1111904,374
1430955,375
1455829,435
1182896,436
1205862,444
1215917,359
1140520,24
1401330,23
1370827,247
1210510,225
1444583,217
1180513,214
1153574,259
1463014,253
1079096,250
1196866,216
1421929,208
1305781,182
1355984,288
1193016,731
1338781,316
1268959,249
1080975,240
1156713,238
1277454,973
1480116,729
1416723,192
1370466,199
1121896,253
1093815,252
1171798,254
1110818,263
1368837,268
1016415,275
1300798,319
1093179,317
1305192,325
1095872,266
1057541,66
1144479,55
1265509,68
1193741,47
1401074,53
1290336,54
1472495,65
1030352,65
1304927,45
1452763,93
1181252,56
1048036,40
1365192,29
1247734,34
1047893,32
1476634,44
1219150,40
1418704,28
1234436,39
1450413,48
1174742,39
1011859,46
1231323,40
1085320,56
1030496,53
1133342,44
1425452,43
1349084,456
1301951,463
1055047,521
1109479,498
1196856,908
1100420,1020
1426580,677
1032184,586
1461768,971
1058161,1017
1482071,36
1118423,115
1143761,105
1173022,123
1302221,51
1175233,35
1174841,67
1160861,102
1434397,58
1474096,52
1335769,20
1045993,35
1349802,15
1177881,34
1457076,28
1443780,30
1292750,32
1211721,31
1067400,24
1433069,104
1397198,85
1379504,100
1185911,96
1091958,105
1109333,107
1167180,126
1081167,126
1087268,112
1221495,104
1053449,38
1041898,170
1309464,158
1351500,53
1342397,53
1320336,52
1009743,36
1294351,205
1082781,215
1119851,220
1467408,205
1210552,211
1096404,208
1273993,224
1219560,200
1082763,206
1491444,177
1203029,33
1344951,35
1180354,33
1325435,35
1445951,46
1294628,36
1419171,29
1004866,126
1174471,137
1499724,128
1303018,119
1484881,128
1336482,116
1263568,148
1014154,142
1145983,139
1329014,124
1043533,321
1263261,288
1204894,332
1284763,280
1434903,272
1160971,262
1285880,302
1019892,266
1069139,266
1125818,233
1167503,63
1051775,63
1241441,61
1111497,58
1381275,59
1401879,75
1255183,75
1011053,61
1052343,160
1036170,166
1338985,151
1076504,151
1253353,198
1197539,191
1012486,186
1127637,155
1452181,158
1488970,140
1311318,99
1181114,113
1238128,106
1349833,102
1318144,113
1187485,110
1467015,104
1460483,85
1412024,83
1187938,76
1483675,110
1044692,108
1309244,113
1315121,120
1244194,167
1029370,109
1406179,139
1087358,143
1062484,141
1286223,135
1411487,247
1434063,227
1107783,260
1067126,213
1067371,213
1245636,208
1305132,248
1439843,210
1408670,208
1320423,185
1147326,65
1487198,67
1127530,67
1215467,65
1404880,91
1219365,85
1192293,97
1058833,77
1211291,82
1493775,76
1260238,233
1448531,231
1353151,239
1409437,217
1357379,227
1339529,210
1471069,239
1360746,204
1452041,207
1398366,174
1208370,61
1472409,52
1145189,66
1375565,67
1171033,63
1337888,65
1184696,84
1350494,83
1464443,80
1029249,70
1382621,273
1368162,268
1180259,272
1284213,258
1320512,254
1058888,251
1496541,281
1192877,262
1221066,257
1000531,219
1368579,28
1320374,157
1176713,116
1300373,32
1397866,25
1386107,43
1320006,34
1286910,40
1492031,52
1360663,47
1185115,48
1027999,36
1262160,40
1008521,65
1494129,59
1407133,49
1193391,268
1216224,214
1211468,221
1204072,205
1344591,211
1484430,192
1271581,245
1467395,241
1286932,228
1117604,195
1446214,226
1372850,229
1206927,253
1094093,227
1332724,368
1145862,381
1189322,279
1140102,209
1048802,196
1251786,171
1240478,138
1062248,118
1457291,116
1286949,131
1113433,115
1102829,119
1427631,132
1090565,126
1300353,117
1308012,102
1048558,35
1383758,32
1389582,30
1201819,28
1121620,84
1397812,72
1324630,42
1222494,38
1403403,35
1140050,23
1494088,103
1397155,110
1449226,110
1133501,97
1467808,106
1074575,92
1486099,128
1048727,115
1006233,111
1068633,95
1213448,21
1084107,21
1157687,19
1293087,23
1311764,70
1477226,66
1373589,59
1482068,56
1373505,60
1374634,60
1415718,62
1481039,47
1264789,40
1275191,174
1135404,158
1134765,47
1365045,37
1331309,56
1334098,51
1046455,49
1473987,41
1382211,29
1030032,31
1177914,31
1367594,41
1056805,40
1008514,58
1277523,38
1074310,43
1269004,60
1222155,49
1384559,101
1445028,74
1196216,92
1269071,91
1119152,55
1282614,55
1476589,50
1381427,47
1419068,40
1246867,120
1208872,116
1443503,109
1079579,104
1402483,136
1158661,134
1295298,132
1211532,107
1365024,105
1300579,89
1088345,197
1356809,195
1080195,206
1426286,197
1013600,198
1112824,197
1484768,218
1468658,200
1025677,194
1202168,173
1324376,421
1209888,820
1013207,459
1032261,374
1436558,377
1137097,417
1262296,1308
1254566,1127
1057706,349
1487137,293
1150878,26
1093883,23
1005103,21
1387118,227
1247256,146
1431663,149
1317967,143
1070796,138
1231736,127
1147571,158
1287198,149
1310572,152
1474583,146
1291932,42
1404048,42
1465742,43
1223823,42
1426137,45
1459860,41
1430159,54
1021450,57
1276823,55
1349255,43
1249505,230
1206767,229
1094469,231
1278323,227
1173977,231
1140787,230
1116819,256
1252003,356
1352888,302
1128508,231
1390449,184
1083362,166
1224403,161
1197207,154
1219833,207
1009290,202
1320991,189
1248026,157
1292318,152
1055337,143
1000116,193
1499174,577
1254585,235
1301578,198
1454563,186
1235291,184
1153581,670
1065743,542
1441830,204
1071687,213
1235991,236
1357362,247
1224648,240
1042687,241
1435100,235
1386731,233
1030695,258
1254045,264
1392602,270
1443272,221
1374367,40
1212449,59
1219033,38
1108446,18
1207845,29
1336688,27
1289787,20
1207552,34
1487007,32
1209615,28
1497854,26
1070733,25
1299413,35
1037986,38
1174242,30
1456990,31
1102292,385
1135029,403
1320860,480
1480834,414
1066544,837
1076907,858
1308113,539
1351526,504
1072003,1057
1162592,935
1248568,90
1443519,58
1141805,76
1241572,60
1060117,33
1095707,30
1091182,31
1463873,25
1388692,35
1142485,31
1492454,15
1341745,27
1487956,24
1272459,25
1042371,24
1347537,147
1041719,166
1295444,157
1278768,144
1440616,162
1213359,147
1107278,179
1431670,170
1129977,153
1312066,142
1319481,125
1363648,108
1280225,22
1354295,36
1399761,29
1280365,209
1127415,212
1055248,210
1203463,184
1381766,205
1093377,197
1119745,275
1251432,193
1286984,183
1309768,163
1395486,34
1052944,32
1187833,33
1143497,31
1164512,31
1140262,27
1142480,40
1108132,38
1362940,32
1227656,26
1260972,81
1448800,78
1329069,91
1137381,75
1118094,88
1185269,80
1247893,98
1455149,100
1338727,93
1293085,87
1022670,334
1098084,294
1395007,318
1008082,302
1255856,277
1212779,276
1213187,321
1112212,277
1155253,276
1146461,239
1414636,186
1417793,169
1057520,160
1004214,152
1058135,193
1003459,187
1366195,179
1336103,149
1385647,147
1171591,132
1043700,60
1330119,74
1134462,80
1067376,70
1312395,79
1358238,67
1083003,72
1243872,61
1065542,59
1331381,47
1033631,45
1413962,47
1396181,49
1267612,52
1062790,50
1412337,63
1191743,64
1236936,67
1444312,57
1031664,250
1494935,220
1471250,219
1028420,228
1201168,198
1044920,195
1398093,243
1342490,197
1348533,205
1402030,178
1248175,38
1118685,43
1014131,46
1025147,42
1346618,57
1300033,55
1463743,70
1178038,51
1171185,54
1110962,72
1091807,298
1182872,295
1036586,282
1235005,278
1070988,270
1132084,267
1134359,294
1433692,251
1312122,259
1211899,222
1440242,69
1071747,43
1255434,51
1358588,42
1075081,54
1444995,48
1123405,64
1369584,59
1274564,53
1379701,252
1162985,242
1309985,238
1181215,232
1156744,223
1062078,217
1075144,253
1283850,230
1066268,222
1491526,193
1253958,24
1345883,88
1289049,78
1088169,21
1335974,33
1473427,31
1113898,419
1302251,389
1074640,384
1279043,399
1027337,374
1117583,360
1499218,401
1415442,373
1279459,370
1484875,287
1136982,592
1451719,595
1387920,590
1297893,640
1423597,1204
1153606,1169
1068952,736
1101454,569
1184273,538
1292802,418
1305756,150
1334411,148
1489347,156
1394547,140
1031100,156
1046296,137
1405738,173
1070227,172
1125353,161
1283683,150
1486052,70
1433039,63
1306038,60
1438909,60
1246961,177
1089876,159
1089133,78
1102306,77
1480951,72
1033763,57
1144073,128
1191055,142
1181166,131
1077761,130
1198249,139
1003774,123
1105094,164
1297253,154
1255680,149
1356046,149
1149541,46
1315946,45
1130490,45
1455454,41
1052719,58
1253938,59
1380861,50
1243278,42
1251759,71
1313449,89
1299247,89
1011658,82
1429750,78
1478428,78
1092421,92
1076975,68
1072256,76
1262007,98
1277261,87
1452624,460
1326094,398
1111913,74
1006757,58
1352307,98
1083018,83
1168700,96
1394147,76
1207902,87
1350935,96
1115240,100
1222986,101
1287849,135
1391368,135
1290682,158
1012825,126
1306478,127
1391652,115
1404904,68
1304742,100
1178964,127
1052107,157
1071420,120
1362930,76
1216157,90
1389546,87
1249514,79
1270031,70
1294598,169
1179239,162
1050303,151
1087011,144
1227664,304
1163122,262
1095113,173
1202063,161
1444462,151
1019836,136
1168044,123
1068035,120
1179968,129
1386801,111
1129631,129
1463595,123
1194176,144
1199855,140
1478743,111
1475126,112
1077708,244
1336265,258
1102611,256
1281991,255
1179481,238
1150635,249
1422895,285
1213113,269
1167346,260
1295691,227
1447908,501
1372928,939
1132512,514
1132676,493
1151245,485
1175015,523
1111506,2120
1001680,1504
1290443,562
1327452,469
1389512,37
1034827,37
1033446,31
1434236,26
1460815,49
1494171,47
1442168,42
1285602,35
1094372,258
1053666,241
1351771,219
1064374,244
1317412,231
1300491,214
1466619,264
1149000,278
1113377,245
1402941,222
1224442,190
1149258,199
1115642,198
1137861,219
1321337,170
1456547,188
1239251,227
1016677,224
1295373,234
1199633,204
1207745,603
1332437,586
1295195,576
1238168,723
1401191,759
1320351,688
1015073,793
1440436,794
1488196,807
1084735,681
1359162,32
1443654,30
1402507,34
1242371,33
1416825,34
1084128,39
1317479,54
1096050,58
1118030,49
1051015,45
1151085,302
1150146,289
1322647,283
1301833,276
1457613,567
1325195,433
1359067,356
1425528,294
1453846,284
1282703,238
1022766,329
1462456,998
1154248,300
1147729,268
1263599,262
1030093,266
1262202,1762
1408762,1329
1095333,272
1319045,234
1158313,526
1100676,527
1158135,535
1171800,511
1026264,527
1321385,521
1050460,599
1146215,604
1419175,594
1372396,499
1301176,113
1224034,102
1331102,108
1365952,91
1252222,95
1121534,90
1141516,121
1258187,115
1459196,85
1429767,84
1406304,50
1374485,57
1095596,51
1368104,41
1444468,49
1051830,68
1394484,64
1131655,57
1150992,46
1040372,52
1237367,45
1434129,55
1164972,44
1419007,47
1067868,46
1442880,67
1310723,66
1493855,59
1296951,52
1399854,516
1394510,587
1045208,673
1496500,624
1363459,1263
1071433,1326
1336903,901
1221557,848
1117672,1855
1090698,1426
1252213,44
1299848,55
1448417,96
1073006,52
1148432,40
1332496,52
1219073,54
1438003,45
1195553,100
1342462,65
1049247,67
1216539,44
1219585,69
1266338,61
1377021,56
1219958,62
1217087,53
1219445,150
1220798,146
1202899,168
1479383,146
1409834,161
1193733,147
1337968,197
1061532,186
1031241,173
1224330,156
1273205,71
1167783,67
1462600,378
1264988,340
1369393,64
1173623,67
1069542,79
1254356,66
1220623,76
1376159,58
1488744,268
1463122,264
1319687,270
1247231,259
1230288,271
1488675,264
1422970,297
1051688,262
1167223,265
1459041,224
1135750,48
1029579,48
1008796,51
1277631,52
1481378,48
1348069,66
1283100,56
1360701,47
1326014,215
1363993,214
1065978,216
1124674,212
1031580,214
1076145,212
1062552,254
1043014,244
1219837,234
1496028,212
1370308,309
1085737,345
1135400,386
1190020,404
1491603,321
1421823,313
1124519,364
1060240,331
1213853,312
1489926,270
1045879,81
1115000,84
1479186,84
1152086,78
1232423,117
1338458,76
1391466,110
1176775,111
1026126,104
1020680,96
1187407,198
1188742,204
1462532,195
1428580,194
1266752,410
1493963,323
1228618,235
1269353,223
1130227,220
1352515,196
1405754,106
1462537,130
1073284,130
1143333,133
1391582,128
1246710,123
1056463,130
1008614,103
1356351,111
1118153,94
1375132,164
1444878,170
1481499,178
1271829,184
1414372,181
1021248,178
1444240,220
1406839,223
1040908,208
1356602,190
1471895,340
1452669,300
1254741,323
1400085,288
1080022,276
1157952,259
1133636,304
1218626,344
1273704,263
1120877,248
1110134,157
1197052,170
1032047,174
1304997,166
1368918,200
1078393,205
1118619,257
1411856,191
1130724,204
1486220,184
1351735,436
1004481,456
1479465,450
1396311,423
1349762,424
1045436,400
1147287,469
1136838,399
1326030,399
1198850,337
1328665,156
1320507,115
1245813,126
1475592,128
1038031,121
1419046,129
1401794,142
1291874,156
1383474,161
1318041,138
1003371,429
1359908,432
1016502,439
1396732,414
1333058,402
1492727,387
1339466,438
1237611,412
1465922,397
1014413,320
1098767,59
1279968,64
1430777,304
1077154,254
1491416,82
1189411,51
1121542,69
1096392,67
1345025,71
1025888,64
1360530,613
1319476,575
1045099,580
1445467,511
1109996,535
1440417,528
1437101,635
1029001,657
1121941,630
1359060,537
1038600,630
1046027,670
1479609,719
1272693,810
1395444,1498
1178578,1529
1100120,764
1432675,780
1475773,636
1366625,524
1027667,165
1189946,154
1021695,154
1261027,180
1246152,157
1172447,186
1119251,142
1113612,221
1363498,191
1034750,249
1053349,234
1038291,222
1435821,207
1307291,199
1027398,198
1282035,249
1302999,227
1344130,218
1482823,204
1494106,60
1197419,57
1349078,53
1152665,48
1149622,172
1306213,107
1402790,62
1161069,67
1256887,60
1307235,53
1292295,223
1399190,211
1266238,221
1444705,205
1470695,198
1390864,193
1348562,243
1144931,229
1206962,221
1308925,205
1461376,29
1049919,31
1135861,29
1141169,46
1468767,78
1161253,88
1458704,84
1153704,85
1458020,79
1130233,99
1461252,69
1474533,68
1153827,57
1150000,103
1135028,106
1254653,129
1083295,119
1361680,123
1001624,111
1468167,113
1305260,149
1440011,141
1196056,142
1015226,97
1339966,98
1133854,101
1341586,96
1031378,101
1066825,100
1445758,124
1120047,128
1132152,114
1448722,100
1164468,51
1376712,55
1367646,452
1298238,383
1398643,72
1325274,76
1183298,95
1174310,80
1487849,80
1228616,72
1072809,192
1448418,189
1321874,241
1417088,198
1153076,547
1186368,394
1335600,461
1028529,284
1408664,303
1485113,281
1090779,62
1274893,172
1256154,184
1178881,194
1496602,139
1363863,76
1208445,77
1094342,68
1166273,67
1199984,61
1225216,144
1421630,132
1482077,125
1015148,105
1355744,273
1371099,250
1329499,163
1433843,126
1068858,113
1031013,93
1434474,79
1103153,73
1376770,71
1495479,81
1141469,71
1038934,93
1012475,88
1138392,65
1486675,65
1081039,412
1160606,380
1475934,405
1446692,363
1093602,363
1341098,379
1457395,438
1158067,408
1048678,381
1304391,326
1103899,374
1440086,1352
1233427,456
1431673,496
1272569,453
1374065,475
1465484,2354
1033877,2046
1377670,459
1320396,337
1055872,43
1086214,38
1097976,39
1237099,35
1126164,21
1090327,26
1428535,44
1498754,45
1429174,605
1420037,572
1483609,565
1058279,515
1030092,527
1261440,493
1130092,604
1098918,619
1208791,562
1203036,528
1035466,112
1397224,111
1076146,144
1448564,90
1194817,145
1480765,134
1183307,141
1219991,148
1361881,135
1142410,121
1133931,65
1252838,70
1142162,68
1376318,71
1081486,67
1363674,82
1449824,90
1353652,79
1234686,70
1407930,46
1262868,48
1122970,53
1044940,54
1381660,59
1252882,59
1369127,77
1055591,81
1288550,75
1265645,66
1067356,1195
1282200,1114
1137357,1158
1396043,1127
1269970,1066
1350440,1054
1308326,1176
1242087,1196
1043619,1303
1222185,1189
1270686,34
1184845,35
1330894,43
1067964,39
1300660,42
1305187,42
1211863,54
1476145,47
1313695,42
1009224,244
1440261,245
1226702,225
1100074,216
1394039,555
1013085,434
1200472,317
1309177,265
1410555,249
1454059,216
1178356,148
1117913,1579
1170183,414
1484069,223
1227336,224
1271122,202
1128406,2305
1413258,1867
1356382,291
1057904,245
1402145,506
1475657,523
1467695,572
1147970,606
1378850,536
1121390,528
1237926,636
1492615,605
1006586,711
1000914,629
1253128,118
1037684,46
1482036,47
1405609,61
1116488,36
1102348,52
1223837,55
1160879,56
1018065,50
1207162,54
1368739,87
1126912,95
1331346,87
1154903,77
1207416,470
1387833,502
1149195,638
1482011,645
1255519,1330
1230230,1282
1453288,713
1313222,693
1179829,2273
1381272,1814
1220305,36
1262942,138
1331634,162
1256019,151
1209053,90
1495820,48
1224577,65
1424443,58
1137664,56
1496575,48
1309366,126
1193003,77
1030480,64
1006018,35
1100845,41
1129615,57
1452758,46
1464006,310
1110657,287
1237923,262
1322369,249
1201860,256
1293914,239
1030911,286
1248673,260
1117487,251
1062083,234
1034224,50
1214264,463
1252968,395
1281877,106
1055267,77
1450619,77
1140133,67
1381871,281
1208129,286
1294110,298
1393207,291
1361224,286
1071035,282
1008040,317
1280618,287
1225125,290
1340348,255
1133718,37
1442140,37
1205338,37
1209426,36
1373086,35
1422131,31
1303565,45
1421454,36
1119550,28
1004410,76
1054492,81
1029733,86
1177231,83
1456961,78
1015288,80
1077552,102
1488566,104
1184657,99
1399814,86
1205618,301
1156440,314
1069575,270
1049835,269
1208125,257
1092107,264
1246248,317
1200152,308
1183897,298
1391457,264
1077080,288
1235413,316
1363192,391
1294031,309
1340407,297
1009810,289
1207212,336
1484000,282
1466931,341
1049774,259
1493390,66
1107738,70
1354760,73
1152740,77
1488573,75
1254335,74
1277416,97
1495339,102
1269606,98
1467660,85
1261758,164
1383028,155
1100816,137
1011186,139
1167614,330
1487942,352
1095222,195
1061572,165
1165313,157
1237510,141
1439251,67
1202885,108
1495109,116
1287808,113
1135792,126
1336861,117
1161565,144
1106260,92
1410886,92
1282451,77
1062042,50
1091060,58
1349895,88
1094183,58
1245680,64
1225773,64
1487581,80
1476033,90
1081813,79
1417238,71
1455516,257
1136179,274
1406428,326
1367101,276
1003446,257
1222905,247
1130480,284
1444668,246
1194100,251
1009225,218
1405077,137
1059635,136
1271568,146
1244089,160
1265246,353
1266540,296
1448665,262
1229877,154
1213424,181
1385344,196
1078717,811
1042405,802
1164413,784
1161731,871
1413059,835
1369957,805
1087168,866
1367814,674
1271501,676
1102552,556
1234697,173
1112506,93
1359586,109
1341593,125
1216771,117
1416809,123
1460059,134
1327917,140
1452772,146
1142843,128
1230871,558
1438599,550
1304303,571
1459823,541
1179762,530
1200300,506
1268189,612
1186251,520
1145216,485
1056319,417
1270356,242
1295495,223
1110276,57
1085916,70
1175672,58
1420970,57
1146248,60
1493195,59
1062944,61
1242833,57
1468396,58
1278331,80
1177901,77
1439633,59
1239742,349
1463605,378
1115062,367
1080694,363
1403223,343
1058371,326
1260035,435
1119877,417
1364771,399
1309451,337
1091337,441
1067887,442
1381756,439
1208306,444
1275036,690
1372659,631
1293301,489
1242985,416
1498374,402
1397018,331
1325001,78
1166942,88
1279987,95
1161127,91
1305115,83
1417280,92
1177789,88
1314218,114
1184287,106
1389191,89
1468082,302
1288867,281
1441255,273
1214742,261
1441994,250
1247355,239
1281129,322
1135082,276
1180798,261
1014022,233
1064715,35
1222096,32
1331278,30
1308134,27
1282672,118
1285191,73
1067610,42
1450588,44
1130786,41
1249067,206
1353480,194
1009158,184
1310983,176
1397538,176
1114236,169
1307389,220
1488789,201
1247508,196
1174313,161
1458394,21
1410058,23
1259885,25
1372618,45
1356431,50
1310702,61
1193664,66
1033546,72
1282739,87
1256432,59
1038203,48
1386720,71
1230317,73
1426825,59
1095464,71
1407626,70
1499434,83
1091316,83
1359888,56
1303070,112
1218776,111
1421988,108
1069629,106
1024500,108
1496161,98
1499073,116
1201097,113
1481016,112
1010567,99
1300533,48
1135306,290
1191685,186
1411826,70
1240720,62
1024033,80
1197503,76
1299438,58
1144255,53
1215569,63
1011286,60
1023628,106
1190645,99
1461607,68
1083166,79
1230195,61
1036190,51
1268737,54
1064545,102
1261566,122
1444737,81
1223485,44
1140087,63
1012078,58
1086440,54
1256557,48
1211267,130
1361772,125
1486238,116
1299905,123
1312920,155
1364559,177
1368295,164
1371908,133
1279456,132
1006430,104
1350437,359
1239916,354
1385485,398
1405350,378
1132871,346
1379933,351
1095292,451
1292161,383
1099989,353
1210814,295
1323236,362
1366790,813
1411775,331
1360888,359
1145757,346
1498106,381
1334795,1977
1465746,1509
1268625,391
1431795,294
1390196,35
1071864,32
1431774,31
1421532,426
1028461,423
1275186,437
1193030,402
1103832,393
1464245,385
1154085,503
1483205,467
1212985,439
1078587,387
1249518,76
1402512,99
1471457,76
1073637,96
1487515,62
1146888,148
1344425,174
1205825,136
1079675,153
1278487,114
1162091,112
1485716,110
1123773,100
1315565,103
1344422,96
1371858,92
1356796,106
1414563,105
1394323,102
1469547,83
1184440,35
1382956,36
1365266,35
1251220,36
1243970,38
1256599,38
1439037,54
1251058,56
1035192,54
1366948,46
1001412,523
1389027,534
1406711,535
1070287,531
1084653,533
1137633,526
1233884,653
1315294,608
1282318,615
1206406,490
1178015,22
1411070,233
1011507,215
1043439,221
1174150,210
1142750,459
1368289,394
1334468,318
1227184,247
1203740,226
1250707,194
1211901,163
1131553,864
1237309,204
1096812,189
1200160,195
1308355,176
1166147,1527
1387365,1290
1210136,197
1090451,177
1495114,221
1438706,248
1352093,223
1422053,256
1332317,253
1178329,257
1467909,341
1347977,312
1445235,317
1365395,265
1218158,79
1053275,61
1387243,55
1340776,25
1232517,24
1431745,44
1409084,37
1238567,22
1332352,31
1056398,31
1458594,32
1165358,32
1215907,31
1048759,45
1073586,45
1461970,41
1139288,34
1364414,300
1063313,309
1101076,326
1187916,290
1400819,809
1451604,599
1378838,437
1402916,392
1027653,1147
1301859,1142
1184567,29
1008654,115
1446086,69
1014434,128
1068604,89
1288249,35
1389080,40
1153559,43
1329008,62
1305198,38
1491765,42
1154973,13
1484482,25
1223398,26
1181412,30
1229754,25
1416643,281
1472800,264
1439087,254
1049933,245
1021975,241
1289229,227
1143368,305
1147171,257
1110507,247
1419295,223
1283293,67
1213221,344
1479763,366
1318333,71
1391833,59
1177177,95
1239490,72
1151322,67
1354125,60
1251542,199
1002198,204
1182114,231
1317797,205
1099240,213
1147027,206
1387532,284
1337131,218
1122711,202
1025876,182
1050592,37
1140398,37
1222795,37
1076157,35
1234963,34
1412995,31
1384852,47
1012906,44
1409929,38
1314185,27
1089683,140
1268696,137
1242095,133
1265774,114
1071735,124
1308362,106
1096086,149
1215049,125
1041134,123
1187872,104
1271646,167
1304503,170
1464644,156
1415679,169
1177460,168
1499858,160
1301887,215
1020443,185
1464381,186
1291113,170
1015560,407
1041893,245
1418371,296
1135509,272
1314498,251
1059275,249
1029762,341
1489207,263
1493103,262
1240314,241
1127292,31
1110530,35
1163817,36
1407890,33
1467062,33
1234965,49
1321783,49
1349364,46
1342102,39
1180457,233
1144924,219
1106874,213
1066372,192
1297157,445
1359349,359
1186984,329
1171282,258
1392045,239
1236497,200
1211448,72
1294685,100
1058284,100
1027595,99
1497001,112
1211478,97
1270199,113
1252414,73
1476428,75
1352942,60
1072941,50
1205668,53
1034901,51
1230021,50
1375305,65
1241472,70
1479790,62
1196151,56
1148182,254
1079479,283
1093571,328
1241585,299
1011801,284
1006238,246
1381531,353
1032631,271
1111856,268
1010402,238
1188409,36
1253465,37
1364047,41
1438407,57
1369768,53
1109523,74
1365702,50
1385875,55
1340798,50
1391392,427
1049233,410
1369730,414
1115309,424
1223995,427
1026616,432
1377442,563
1113981,349
1396513,357
1018206,299
1488237,39
1042330,49
1210286,60
1097524,65
1430200,62
1304771,55
1449013,480
1303892,469
1059770,484
1014749,439
1375882,426
1155784,433
1295753,576
1228425,450
1024113,440
1306885,374
1244005,34
1293359,306
1015816,214
1434478,50
1360908,50
1070701,63
1334443,404
1343145,269
1117345,258
1088047,260
1339590,254
1498193,239
1001062,318
1329524,302
1151507,307
1302668,271
1331816,199
1360289,211
1442400,254
1148661,229
1446413,505
1026328,521
1042450,380
1031516,185
1257318,231
1157812,158
1212040,141
1451556,135
1346851,132
1046242,125
1228211,125
1458620,120
1473716,141
1157852,123
1185048,120
1309272,103
1483429,27
1043719,40
1302279,24
1371110,91
1355822,40
1404951,40
1053730,150
1010218,129
1202683,135
1228604,132
1140034,130
1316768,127
1108944,143
1393643,141
1488743,130
1443959,105
1262825,22
1307828,20
1182352,23
1381638,45
1313863,40
1316934,44
1486656,47
1280956,56
1093956,35
1200158,37
1144617,28
1249151,19
1387003,32
1068151,104
1145192,95
1019300,28
1027883,28
1055295,29
1442130,44
1065230,41
1358044,58
1373810,38
1199192,43
1223894,44
1297394,54
1305104,75
1109213,50
1183920,30
1020603,47
1324824,40
1280934,38
1077308,30
1481863,70
1007957,72
1339071,65
1169545,63
1365154,101
1170147,93
1423554,86
1478005,72
1073474,66
1432644,59
1451189,212
1319974,205
1075761,209
1327287,197
1316742,194
1052054,198
1271387,229
1318938,207
1337499,201
1011067,178
1135341,266
1222330,586
1020208,273
1092468,278
1289204,286
1370281,265
1315725,1513
1343984,1039
1254687,237
1311762,217
1468256,21
1241732,216
1268097,148
1116853,150
1166592,146
1144994,146
1435366,137
1409185,164
1186891,151
1468882,156
1042127,143
1451380,55
1189023,48
1461090,55
1481882,50
1378385,53
1374425,50
1099673,63
1252862,67
1218015,54
1497813,429
1094690,459
1152196,459
1003610,461
1479704,419
1068127,448
1222762,547
1324076,478
1473003,548
1343036,494
1195504,20
1265192,95
1391916,83
1117970,76
1334075,78
1241599,126
1033182,134
1063335,114
1247373,103
1201329,100
1204591,86
1205389,79
1497052,726
1253644,146
1183386,122
1493328,138
1413701,109
1105691,1235
1055151,945
1020087,141
1489983,125
1008981,256
1480916,290
1174520,308
1408456,292
1103391,294
1108102,288
1108547,328
1238197,292
1043675,307
1268656,280
1349650,31
1349515,31
1172039,31
1211613,15
1407466,19
1293997,24
1097574,15
1426499,34
1136386,17
1175313,22
1280040,19
1113557,35
1167651,34
1103745,25
1078400,23
1268218,185
1058122,245
1207997,249
1148911,220
1419809,558
1397824,679
1295121,371
1132197,326
1217059,1045
1375917,939
1306328,33
1393921,30
1065989,34
1156779,74
1475586,45
1230085,31
1402888,24
1262107,33
1165440,17
1439872,27
1262098,26
1383733,17
1397334,163
1366713,164
1286305,148
1006243,156
1261020,150
1279885,144
1281283,180
1040223,162
1134676,154
1418998,149
1458189,111
1038003,96
1478214,38
1093346,36
1117929,86
1404071,86
1157917,79
1193704,92
1211792,86
1445638,89
1408825,99
1235778,83
1328196,91
1173310,78
1496802,24
1348096,24
1468251,24
1463160,34
1181627,34
1035323,29
1157473,117
1082120,118
1311644,100
1403849,120
1030973,116
1294107,97
1136233,113
1226958,115
1189088,106
1427596,96
1248502,359
1275605,378
1277097,444
1071792,393
1143304,397
1419745,377
1395178,452
1490842,391
1211335,376
1078987,335
1313185,35
1268956,35
1231863,105
1180672,111
1320094,99
1443667,101
1012943,129
1334448,123
1291911,113
1425808,101
1205259,99
1295164,84
1308175,69
1370405,76
1282792,74
1432249,75
1001655,70
1433288,86
1377265,60
1077514,59
1366276,59
1398540,59
1313557,60
1027599,54
1161401,57
1275190,54
1232986,65
1021553,70
1486782,66
1164083,64
1357661,251
1319382,236
1364660,292
1461293,244
1415413,240
1145327,224
1345207,273
1338642,234
1155695,234
1395102,201
1086984,35
1445161,38
1358903,40
1040402,40
1486092,55
1447947,54
1475790,71
1471246,51
1237169,53
1197885,44
1075943,223
1096442,231
1142841,225
1291558,237
1176446,229
1483366,205
1455302,236
1166094,207
1007265,203
1070372,162
1053804,55
1227588,34
1441375,50
1412656,47
1467462,45
1295378,57
1370534,62
1054541,56
1316692,48
1495032,120
1458343,151
1382652,138
1170520,151
1474124,143
1488816,139
1235127,174
1008418,161
1289314,154
1470891,138
1348889,26
1154829,102
1384196,95
1306515,33
1017067,51
1190728,530
1122286,534
1435775,535
1320899,506
1036809,490
1496763,491
1131538,592
1318282,619
1363101,564
1076052,484
1205256,694
1305186,704
1131831,703
1198452,798
1267199,1328
1158066,1318
1061242,790
1429684,715
1425949,719
1103470,574
1149088,372
1065238,406
1343697,368
1075666,403
1049332,396
1098357,383
1318694,429
1269402,427
1100430,415
1254841,373
1217878,149
1482713,145
1356321,150
1070528,139
1339004,146
1448727,141
1208422,171
1280808,173
1010670,159
1175851,153
1158507,58
1215713,52
1116456,55
1059102,46
1134168,168
1182924,108
1065507,59
1485305,66
1317467,59
1464615,50
1106508,189
1154157,163
1238399,149
1378815,162
1442340,162
1109352,152
1494813,187
1150862,176
1491323,184
1243524,167
1154390,28
1025514,28
1345499,32
1427225,28
1332354,73
1181409,107
1174194,119
1476979,114
1100732,117
1214733,110
1471144,134
1000187,86
1133779,85
1496005,78
1386755,434
1183033,404
1206094,407
1423546,506
1202896,477
1125038,422
1244936,549
1367021,573
1441592,534
1011620,490
1491160,77
1097281,82
1133994,83
1449596,85
1061666,85
1284544,86
1198144,107
1330348,113
1255123,113
1149007,92
1056047,58
1165483,56
1477841,448
1314848,421
1274780,63
1128321,66
1170029,74
1426318,70
1414178,68
1312357,135
1079199,129
1443865,139
1069717,129
1331934,217
1107151,266
1193708,264
1435293,218
1271891,193
1070444,167
1115383,83
1468137,189
1222703,154
1183120,233
1466677,171
1288363,55
1009315,77
1387250,74
1375589,77
1398464,65
1446632,170
1383245,150
1465945,137
1335462,128
1036403,274
1486367,269
1367873,168
1339617,147
1067651,133
1173991,115
1445432,72
1450298,73
1054815,75
1432609,66
1055289,67
1230087,95
1190688,90
1284979,71
1090382,66
1276630,484
1229533,453
1367722,474
1168617,455
1268563,418
1312594,430
1392051,494
1118654,449
1207039,427
1220371,359
1068999,470
1140321,1462
1200100,510
1223618,535
1421303,521
1154848,545
1199454,2522
1216781,1990
1089356,537
1174345,392
1394582,27
1481387,46
1073171,32
1068236,20
1266223,38
1057929,37
1456769,615
1230032,594
1268149,577
1388306,550
1124599,544
1339069,545
1049350,617
1342306,647
1246717,631
1147802,567
1299563,484
1229149,483
1213565,460
1335791,480
1185320,466
1090346,462
1103112,548
1371505,439
1362932,661
1390394,569
1011505,55
1471059,66
1199518,64
1047470,68
1105399,70
1071892,70
1125120,85
1077092,85
1333879,83
1076556,74
1075661,51
1047450,57
1373247,85
1240059,61
1000748,84
1320186,86
1365852,83
1472456,74
1106809,1133
1318582,1265
1438968,1289
1361549,1214
1057783,1201
1004386,1167
1315211,1290
1428093,1426
1163409,1432
1040148,1368
1252762,29
1106173,28
1144801,28
1027413,31
1321282,33
1228341,289
1363066,283
1172793,274
1246739,269
1093307,591
1412731,499
1425925,349
1228645,292
1076130,273
1074690,227
1370340,126
1446737,1377
1308118,285
1016936,257
1045999,227
1498872,192
1484932,2399
1403279,2018
1336453,270
1412376,155
1353415,588
1460235,684
1445553,738
1447369,783
1028990,764
1184922,715
1153898,877
1198610,903
1079437,828
1472394,700
1269365,40
1350519,72
1210918,58
1199788,48
1022092,52
1446920,49
1399913,64
1320053,61
1051225,51
1025401,42
1087675,50
1202724,52
1430923,57
1477208,46
1499767,52
1252468,51
1416927,69
1189918,65
1408983,61
1426060,59
1402675,541
1136265,574
1372264,680
1358297,662
1273291,1469
1442423,1616
1400040,818
1094162,786
1285324,2154
1394930,1853
1118490,45
1407007,155
1416211,96
1035322,158
1284600,120
1437468,51
1333953,70
1188932,66
1284311,64
1071854,57
1275536,139
1212852,87
1052678,56
1495323,36
1437219,38
1006087,359
1365677,317
1247434,284
1133192,272
1076769,278
1064194,261
1166910,305
1021413,292
1486243,278
1094528,249
1081138,58
1480419,496
1274066,383
1208290,96
1161914,79
1387841,91
1192549,74
1463256,75
1130627,71
1149775,361
1440024,361
1315773,378
1209109,362
1292547,338
1370307,340
1053860,383
1010398,335
1264859,345
1041529,296
1255799,42
1169305,42
1259815,40
1285901,41
1255690,39
1231986,40
1189783,56
1029982,55
1014155,46
1230263,65
1356234,65
1406832,65
1223170,61
1082570,65
1291460,62
1454651,80
1103851,83
1405218,75
1145032,66
1368715,316
1313982,325
1430625,317
1499731,373
1171657,369
1100507,359
1281814,406
1157707,410
1063227,400
1142405,365
1487221,210
1294443,237
1350731,262
1465065,241
1135508,215
1408826,207
1134711,242
1372355,213
1267073,227
1176281,196
1009975,66
1118236,68
1417628,67
1452920,67
1001425,144
1264890,61
1330041,98
1009331,101
1052528,91
1226125,90
1415161,169
1378355,158
1360766,151
1077952,148
1416031,331
1468541,324
1152380,186
1110478,163
1358068,154
1263993,135
1336730,109
1366938,152
1255590,149
1224012,148
1034565,153
1477986,140
1128826,163
1174307,124
1100873,124
1261480,111
1394741,80
1280982,95
1302103,92
1364546,122
1116564,86
1334387,97
1250606,167
1404482,120
1379887,135
1235095,118
1493917,297
1454261,336
1289707,407
1412987,354
1415928,355
1440190,328
1036613,381
1067502,334
1122463,335
1417728,285
1370120,87
1422221,94
1110747,102
1427960,107
1030226,375
1024822,325
1216003,346
1113104,167
1250210,175
1087198,168
1268579,846
1493246,787
1001078,740
1182492,820
1181111,805
1104288,785
1163574,864
1270201,688
1395431,671
1208254,531
1005154,343
1497165,150
1228974,155
1331336,186
1262992,173
1135041,166
1297570,191
1413110,190
1158052,194
1398579,176
1204388,533
1403497,551
1238372,554
1379979,524
1423085,501
1421718,504
1164086,608
1276724,521
1256991,479
1311616,405
1278396,72
1466102,56
1266200,307
1017736,279
1010615,55
1201367,63
1325701,71
1176563,67
1057329,63
1159457,46
1236521,50
1429989,55
1386785,56
1289858,56
1062235,74
1426016,73
1128705,57
1173801,55
1003367,285
1028838,218
1351864,220
1397932,226
1020398,219
1198928,208
1489710,242
1469373,222
1466874,220
1115459,183
1474319,257
1385096,290
1310846,332
1396501,252
1079083,862
1331772,685
1357329,286
1084641,293
1447721,273
1418429,235
1332886,129
1425258,118
1268577,127
1234680,119
1047888,122
1034989,119
1205178,134
1210375,127
1451900,119
1444837,104
1279830,37
1325920,36
1197346,31
1429177,31
1457124,107
1006400,98
1131539,48
1231939,45
1442439,33
1080327,88
1006454,96
1272369,84
1172167,99
1056647,88
1470064,86
1382964,110
1041090,113
1365341,106
1197741,98
1265086,26
1025507,25
1337756,27
1414441,26
1359350,34
1017068,32
1346333,25
1139636,37
1311646,54
1313410,58
1143282,56
1433094,63
1271999,55
1233889,80
1162125,71
1014856,334
1487099,288
1423099,59
1386823,61
1012293,69
1046847,74
1254043,59
1488174,62
1305399,68
1207940,69
1460712,96
1296610,89
1323323,108
1231970,82
1323329,86
1312264,75
1226350,81
1167345,96
1061654,84
1218300,119
1021754,111
1260202,57
1478629,73
1282500,66
1143492,62
1296537,54
1491817,147
1236541,140
1435363,132
1364798,126
1019894,178
1158989,164
1167619,154
1365428,129
1307258,122
1090656,111
1494561,67
1060853,64
1401384,60
1213006,58
1040424,60
1467724,60
1154131,77
1172007,71
1157530,67
1240791,195
1399973,200
1476518,195
1143346,207
1107324,192
1090739,201
1116922,224
1174553,207
1268473,200
1278195,175
1333707,449
1110292,689
1197580,462
1301394,453
1292157,446
1088390,469
1308041,1408
1090223,1106
1402826,411
1303923,385
1103146,30
1183926,29
1464530,23
1018488,35
1239986,30
1138796,23
1036193,240
1286961,166
1367592,169
1164085,162
1469544,165
1257007,151
1354912,190
1036445,171
1318405,179
1483334,163
1160511,100
1049364,100
1361089,102
1498268,105
1243089,105
1057687,106
1278925,125
1200813,127
1029236,123
1298996,109
1352373,683
1145134,721
1285247,685
1485963,677
1410494,682
1194947,670
1479842,819
1141874,792
1219813,798
1020182,689
1469038,24
1478388,28
1301661,236
1209721,221
1470110,214
1260568,211
1366712,254
1063924,251
1209955,241
1074154,217
1416019,210
1039342,183
1266311,249
1036751,638
1482256,290
1279507,241
1283752,225
1047164,271
1361501,980
1168500,707
1287087,168
1338978,183
1243030,411
1342622,444
1474891,470
1107378,543
1120819,473
1195282,477
1335120,621
1377332,551
1318602,623
1106208,463
1140411,50
1109072,50
1334308,51
1063638,36
1405532,58
1360411,38
1030666,62
1039447,63
1408990,70
1160540,36
1202321,43
1105638,44
1071851,29
1319327,47
1077816,43
1147355,43
1423096,40
1152289,44
1490790,46
1443298,53
1292453,57
1433070,49
1224601,42
1078845,387
1486614,416
1407632,467
1492844,434
1279914,1027
1216593,1064
1328013,559
1439928,518
1216659,1193
1042279,1012
1353682,27
1012255,46
1288892,54
1059605,89
1471499,88
1211375,35
1401429,50
1234238,46
1141019,41
1339243,36
1065243,71
1087717,47
1266842,50
1373847,25
1091380,40
1214073,37
1058764,34
1227612,29
1013373,147
1384974,144
1022529,154
1312426,142
1271890,152
1485813,145
1098649,177
1299861,168
1389595,164
1499162,151
1342250,34
1304171,196
1147881,183
1296614,41
1428090,35
1317898,38
1032701,42
1227283,35
1098073,194
1291511,189
1482488,204
1497978,194
1173007,203
1158796,196
1313035,213
1416376,190
1472372,185
1185689,168
1162498,38
1132304,40
1447875,39
1248758,34
1266463,35
1057655,34
1159054,45
1356535,42
1350253,38
1033531,29
1041420,190
1198108,198
1027212,188
1475322,192
1172141,254
1393742,241
1266346,219
1377521,205
1400997,203
1019222,185
1200921,255
1033908,253
1018332,296
1248754,280
1230538,224
1317270,232
1123969,268
1336390,233
1233276,237
1064304,206
1440680,56
1460672,58
1216744,56
1235794,56
1226151,57
1319892,53
1222758,62
1326527,60
1004505,53
1212716,127
1275664,127
1098504,130
1452295,117
1149279,174
1218556,165
1411529,157
1354563,142
1322625,136
1294117,127
1410028,68
1036232,82
1455107,86
1421652,85
1494678,87
1296401,84
1160998,85
1056097,68
1356467,77
1412784,59
1067429,135
1334969,145
1411562,142
1475191,140
1188752,147
1296548,142
1272906,175
1123142,173
1286263,173
1433634,162
1144693,256
1032662,260
1370978,292
1122083,255
1211601,235
1357283,229
1194866,252
1287568,232
1268488,215
1129395,195
1177184,82
1070083,82
1297768,94
1350667,89
1333592,225
1425926,164
1293905,177
1462420,123
1209830,128
1334845,117
1387633,367
1247743,375
1117537,373
1079065,341
1180290,349
1415350,332
1206483,379
1339817,332
1295357,314
1340117,275
1132769,125
1199188,72
1169788,94
1423621,93
1018563,82
1080853,113
1285450,108
1326234,124
1132323,120
1222544,104
1433611,396
1186967,405
1173866,403
1448932,369
1229078,380
1232693,368
1391815,412
1386900,381
1404957,361
1415551,307
1079171,31
1263378,33
1169912,202
1058707,183
1395362,41
1225413,54
1084326,43
1150748,51
1040838,41
1451834,43
1375324,43
1203305,64
1276111,60
1089354,48
1456270,48
1231504,481
1430097,488
1162031,490
1272750,454
1320907,454
1061083,458
1349906,596
1368565,532
1056508,517
1176726,432
1057026,789
1090905,776
1041602,751
1473384,798
1247041,1460
1006972,1467
1112156,880
1014063,767
1257761,735
1337096,614
1020633,204
1384720,230
1351858,242
1458481,235
1458802,236
1166438,245
1427174,282
1063469,278
1284641,251
1057638,243
1176123,101
1053426,97
1362188,103
1472327,102
1206366,110
1257964,99
1480277,128
1465217,120
1284838,122
1319585,102
1181839,65
1131518,67
1268768,61
1391032,61
1260481,182
1069609,119
1324346,68
1046579,70
1232070,61
1173143,51
1267634,72
1465123,75
1362254,74
1237389,72
1466483,80
1041421,78
1060615,98
1326935,102
1421533,100
1069064,92
1232845,45
1061266,50
1496650,49
1276290,49
1184775,48
1404104,49
1216877,64
1288726,66
1006248,62
1019604,53
1462054,60
1155430,85
1116479,84
1178750,85
1332949,107
1119799,75
1357303,84
1417777,75
1137724,208
1423011,225
1438518,235
1018827,194
1429932,216
1294970,224
1273324,259
1153382,227
1262708,251
1061420,220
1129706,109
1025300,111
1412369,112
1125357,112
1389049,119
1488501,112
1132673,137
1448288,138
1469785,136
1424009,119
1005733,89
1199112,83
1147013,516
1154039,394
1270940,72
1250143,80
1427638,89
1047461,83
1054157,84
1429640,337
1419037,339
1031315,353
1456519,347
1238858,692
1433450,560
1273195,607
1388619,391
1433284,437
1207528,384
1020914,101
1184809,211
1101299,188
1049974,224
1307058,144
1402432,86
1330573,113
1093878,109
1170942,105
1136234,89
1336913,80
1481273,84
1232719,75
1297029,67
1227586,169
1138532,176
1217013,122
1257492,112
1166466,100
1461892,91
1157087,129
1338101,122
1028066,123
1198902,128
1272992,125
1445613,110
1106028,149
1072843,123
1074625,106
1110407,107
1399261,414
1454243,401
1091379,414
1409591,359
1225625,388
1298752,390
1386787,455
1391503,412
1099252,381
1144316,321
1171130,568
1365329,1385
1171863,571
1473197,622
1274263,628
1277137,647
1156522,2904
1387414,2246
1134038,709
1081483,616
1133643,51
1308370,44
1306499,41
1443284,39
1244740,24
1431655,31
1348094,38
1373197,32
1175329,449
1224703,445
1300896,451
1445437,442
1408590,410
1180221,422
1328800,494
1238224,514
1445032,498
1433797,450
1418017,231
1265394,217
1446150,226
1203063,236
1112304,218
1087179,230
1393208,220
1437433,260
1083339,246
1010307,216
1443244,53
1186542,58
1191341,57
1206576,65
1400158,65
1415414,67
1225162,82
1375215,84
1152899,78
1484953,70
1154169,152
1107329,145
1108464,146
1143995,150
1134896,146
1279926,158
1414764,201
1321694,181
1220511,171
1103032,162
1240615,1443
1397490,1433
1355088,1417
1401705,1460
1422185,1467
1390157,1477
1460838,1586
1377519,1628
1310657,1641
1491023,1547
1035528,55
1244162,56
1335442,58
1034995,57
1299500,59
1483231,72
1361035,73
1042151,68
1169768,58
1074099,309
1489678,301
1028985,302
1049598,281
1240507,556
1263294,537
1318084,365
1484213,306
1383207,281
1235435,229
1242759,240
1038515,1322
1434725,293
1076706,262
1053052,261
1321083,252
1173318,2072
1011628,1478
1449610,277
1293946,210
1125250,826
1037647,866
1138222,877
1266103,931
1003947,922
1348210,933
1145349,1036
1373036,1013
1309199,992
1171211,893
1276632,88
1006869,70
1490016,68
1367690,53
1200641,58
1317691,81
1378510,71
1197398,66
1460062,54
1432590,40
1107995,37
1311380,39
1140546,54
1303417,63
1154781,66
1322706,54
1489068,850
1064789,891
1178264,912
1482167,906
1414147,1952
1318708,1469
1457640,1065
1496743,1021
1439487,2193
1117036,1602
1464172,50
1204098,130
1014795,106
1420298,133
1412351,81
1107519,47
1286582,71
1201131,66
1253449,68
1233036,57
1062376,136
1399544,80
1130725,80
1066832,43
1175537,52
1320313,54
1416932,61
1474917,58
1134238,50
1397808,173
1149154,146
1274284,156
1414652,144
1357536,142
1225370,141
1383879,176
1418145,179
1400390,160
1422708,159
1198571,55
1181119,307
1249298,311
1419601,71
1119650,63
1409495,69
1327005,61
1303327,72
1080254,63
1414658,207
1474459,222
1272721,230
1174028,219
1484299,212
1319711,206
1457607,242
1167481,217
1471887,223
1456063,193
1321067,110
1232285,98
1342696,79
1389072,73
1057764,69
1108277,106
1123242,100
1294566,81
1476847,71
1414426,84
1143644,82
1022628,82
1271798,85
1296135,84
1245834,87
1195290,105
1001552,113
1207003,107
1143977,98
1049986,657
1058080,640
1385476,617
1197433,610
1157667,592
1462354,598
1447886,664
1414248,641
1071904,619
1233401,575
1048213,231
1447792,277
1422192,327
1333331,283
1345321,277
1359424,263
1188609,315
1351203,258
1121215,282
1325999,223
1055041,217
1260187,210
1372516,219
1478820,202
1281981,214
1170276,207
1352878,242
1086413,240
1174609,227
1210516,201
1216868,193
1312485,175
1114376,167
1214610,155
1092849,332
1423702,305
1067336,194
1112246,173
1128675,169
1260223,147
1064865,97
1010319,134
1398591,140
1301497,132
1221429,140
1387628,129
1065479,155
1374782,119
1064336,119
1402535,106
1378097,202
1052288,220
1280063,208
1488358,225
1146421,219
1261997,228
1273271,266
1379056,264
1320666,263
1282552,234
1012356,244
1280965,269
1067057,317
1007605,274
1292992,268
1478678,257
1251025,295
1134701,256
1225717,274
1238986,209
1193124,315
1056666,324
1312685,327
1336457,322
1454072,655
1360725,498
1070791,557
1284859,364
1000502,405
1091118,376
1310137,827
1303810,803
1277815,745
1239684,796
1244622,782
1417395,748
1301940,850
1209454,656
1280610,669
1110072,553
1315006,454
1274070,228
1460463,242
1180088,250
1086621,283
1199102,238
1263657,265
1354041,261
1270384,261
1270266,234
1388270,546
1206660,538
1347411,535
1130577,506
1218895,498
1188923,495
1420775,587
1264839,505
1131282,478
1289857,390
1187232,74
1154629,56
1071327,388
1104104,282
1424002,47
1278069,57
1162475,71
1315112,67
1278374,70
1156508,66
1221970,121
1039156,118
1013847,132
1269940,123
1249208,119
1032032,113
1381878,141
1179267,125
1103358,103
1031522,100
1441429,456
1205987,434
1126546,426
1062138,404
1168666,401
1428344,468
1192653,449
1025988,477
1092801,458
1466330,403
1253435,417
1003790,413
1407686,438
1386117,885
1041553,824
1160729,448
1105240,395
1275872,381
1064239,295
1129687,196
1037739,205
1342075,167
1480121,193
1102860,160
1483078,154
1004285,247
1069331,208
1434986,161
1305194,140
1124507,119
1348574,131
1265021,114
1134259,131
1124696,112
1475116,141
1214823,135
1395004,127
1238037,123
1128404,54
1234039,60
1204827,60
1152216,61
1302724,163
1323021,115
1003827,67
1145179,68
1072806,61
1101824,53
1327840,133
1489316,121
1191403,134
1162076,116
1079663,128
1018683,114
1134125,141
1097271,144
1341114,133
1302813,126
1200785,28
1214706,27
1095511,31
1226081,59
1368710,86
1312690,84
1047653,75
1189012,79
1469136,90
1302705,64
1017688,67
1398113,56
1362599,295
1120329,372
1301366,405
1002209,504
1240302,420
1233562,367
1110335,452
1348050,401
1058578,432
1335537,346
1098570,58
1073553,59
1044020,63
1165391,70
1204487,68
1472749,389
1244370,337
1437863,57
1336959,69
1394160,84
1131763,74
1063451,77
1140662,71
1288250,104
1157702,105
1107474,119
1128343,113
1101634,170
1119422,154
1023345,176
1298978,133
1207170,148
1312063,146
1383510,59
1393228,77
1417616,95
1129132,174
1301112,101
1333133,58
1177896,77
1183511,69
1474158,71
1043355,59
1023619,76
1486661,83
1130825,73
1046603,68
1129769,174
1104503,167
1340182,115
1488407,104
1280734,95
1153942,89
1473989,231
1292670,234
1256986,242
1164851,236
1093705,229
1181024,228
1398775,263
1177612,237
1208371,226
1414249,203
1452353,373
1024727,905
1275924,380
1174973,365
1336295,373
1407628,400
1215558,1951
1095301,1622
1129955,404
1150712,303
1469299,40
1119669,35
1192004,34
1374612,32
1130206,18
1029916,21
1414039,34
1276937,33
1025011,31
1148633,390
1269822,389
1122710,387
1368824,362
1267281,367
1010516,367
1207782,410
1107897,440
1355123,418
1245170,578
1394634,535
1107583,512
1278108,429
1328969,433
1102011,454
1333022,539
1320534,539
1077386,473
1233535,457
1194207,43
1448370,46
1079356,46
1184629,47
1071294,49
1093908,52
1239978,67
1263128,65
1188114,62
1042781,58
1279275,76
1305159,70
1195872,70
1271171,91
1287009,60
1125745,69
1067289,87
1114177,89
1432227,111
1087470,75
1237947,790
1452835,813
1029462,839
1365321,860
1377892,928
1378346,917
1261333,1017
1427333,1021
1157382,1016
1168967,902
1297182,32
1200350,32
1050596,31
1347479,35
1157094,162
1356002,163
1016138,152
1309641,158
1499969,353
1318960,356
1132759,224
1156703,204
1347366,197
1479828,175
1353276,128
1310745,1029
1259126,181
1399815,166
1479063,161
1280384,148
1273328,1506
1329675,1134
1296742,161
1097552,143
1175098,457
1107789,428
1472551,482
1434395,509
1204957,522
1066271,486
1201647,560
1207963,545
1224651,542
1102821,443
1252491,36
1245895,23
1481691,28
1161370,38
1212692,33
1318121,24
1321701,46
1412851,36
1276134,47
1410177,39
1169782,56
1017948,56
1155477,46
1307971,44
1467101,291
1455580,318
1073869,358
1164529,337
1242649,741
1458824,850
1205276,519
1153862,413
1026311,1494
1100814,1212
1433607,54
1325788,145
1222062,117
1095953,188
1192192,95
1003275,47
1419391,70
1213380,66
1449132,61
1025691,55
1166120,136
1492774,72
1389720,61
1029230,38
1352343,59
1368955,60
1012363,53
1318880,52
1122068,45
1320801,193
1363348,192
1006930,160
1033851,169
1405700,171
1456057,171
1495295,205
1403913,183
1493423,182
1157998,172
1169405,251
1122567,349
1141716,69
1133958,77
1199519,88
1411918,63
1089046,178
1420568,172
1094571,193
1015407,180
1343753,192
1290825,193
1247241,212
1383868,186
1419894,189
1048220,178
1401237,57
1093184,55
1037033,49
1462031,49
1294471,48
1324469,58
1037484,59
1455758,52
1140449,43
1452600,37
1462180,36
1210051,40
1448582,42
1153239,53
1292579,55
1444618,52
1253969,43
1066074,211
1040567,197
1033848,209
1060668,200
1364029,203
1062630,199
1094506,230
1358659,220
1465329,220
1440816,197
1453624,221
1366879,197
1066766,223
1218935,185
1456740,180
1272288,181
1229915,220
1295433,191
1187828,222
1426162,167
1390856,44
1064665,46
1440509,44
1239126,41
1396561,43
1352708,42
1169282,56
1368073,58
1087742,56
1239602,48
1254600,113
1187584,118
1256962,121
1250767,112
1183162,265
1279361,244
1441846,153
1025243,136
1301264,128
1087640,116
1045918,82
1060939,113
1453084,116
1389584,116
1109929,117
1195022,111
1303129,130
1470042,94
1425214,97
1480181,83
1120639,66
1421206,69
1357988,77
1004611,80
1274230,91
1339747,95
1035696,87
1021984,108
1019163,106
1364760,95
1098207,159
1144332,171
1001298,164
1052493,159
1116984,160
1358488,167
1479481,195
1479982,166
1250243,181
1224186,162
1476141,92
1092873,98
1411938,104
1288977,103
1414035,142
1477480,134
1441461,163
1334203,120
1011084,133
1272016,123
1291804,453
1083211,456
1459930,439
1080771,466
1290984,480
1371092,484
1129462,555
1146886,412
1075732,411
1481125,333
1383646,140
1262046,103
1031233,114
1313003,126
1111253,127
1464277,119
1449649,135
1241310,136
1311108,144
1359316,125
1328056,410
1338235,387
1424127,413
1006231,382
1217979,377
1256515,354
1230515,396
1167123,374
1186034,353
1459062,288
1131248,50
1159026,333
1196992,206
1019725,50
1038502,80
1345899,53
1149789,46
1434408,381
1331367,321
1151568,326
1038126,313
1105246,317
1354383,305
1375571,347
1188956,310
1350405,307
1040755,249
1329810,386
1095638,389
1045471,443
1026941,400
1383816,790
1342743,650
1081079,473
1404092,377
1497047,359
1077049,294
1298757,124
1346606,143
1350474,151
1096561,136
1424462,136
1257115,127
1448606,158
1410308,165
1397778,154
1274838,140
1181744,18
1086282,35
1342834,41
1191933,29
1455688,105
1156031,84
1463066,34
1307453,38
1328288,31
1170261,229
1200413,211
1249578,221
1392101,211
1076983,201
1395094,200
1291487,227
1166161,219
1237836,207
1109620,186
1353433,26
1279339,27
1205295,29
1431212,26
1271186,27
1491686,38
1180510,38
1383885,25
1341913,56
1144509,74
1210738,85
1472270,78
1374106,74
1241273,74
1388278,94
1483740,60
1052572,63
1401309,46
1400990,180
1259749,175
1240225,54
1092082,78
1227429,62
1097232,67
1312352,55
1268573,49
1232796,55
1035942,60
1299417,63
1386090,83
1016464,79
1303501,96
1176686,67
1080504,74
1446354,68
1181712,56
1274821,159
1159957,128
1131022,170
1194633,97
1148248,49
1027752,63
1286552,63
1087904,64
1343655,58
1289665,135
1359744,129
1216979,128
1007979,126
1267184,198
1475359,182
1399772,156
1044288,135
1204605,132
1166180,112
1029581,69
1049770,67
1239437,68
1218181,63
1439193,70
1461309,76
1203974,90
1039123,85
1269935,65
1189136,65
1297968,274
1259331,267
1135133,270
1421534,265
1413771,248
1178643,248
1078554,280
1495417,256
1274485,251
1335756,221
1201137,422
1320497,713
1483134,419
1363331,358
1186216,375
1068689,525
1371487,1801
1379605,1466
1207029,416
1436681,346
1052630,35
1260318,19
1257768,19
1221459,26
1080389,308
1256024,258
1328739,262
1245033,258
1252741,254
1424447,249
1139612,285
1498209,314
1123645,313
1323759,288
1292034,97
1157559,95
1208584,97
1290817,100
1427899,102
1161944,113
1217185,127
1259287,128
1192548,125
1177141,112
1255407,494
1338733,500
1482136,529
1147855,523
1311799,536
1306558,525
1494027,602
1265348,760
1083041,791
1003331,593
1084671,28
1127039,29
1111671,26
1149061,26
1432334,25
1036706,37
1173657,37
1099347,266
1376287,261
1124300,258
1468244,249
1015025,393
1083819,335
1217848,307
1298548,267
1434356,254
1482492,222
1320819,300
1248373,792
1008294,319
1232116,232
1255594,223
1318738,314
1446799,1296
1486944,985
1386805,194
1413768,172
1462608,381
1418346,401
1491979,402
1407308,413
1010422,407
1108134,407
1224076,476
1140817,471
1025411,479
1403656,386
1217471,55
1104854,56
1256148,51
1458926,46
1412413,61
1006284,54
1426761,71
1139068,68
1316420,54
1259792,53
1483645,48
1349724,39
1427122,41
1072907,35
1453758,38
1131668,37
1442229,51
1065535,48
1390209,44
1462612,35
1489860,40
1389663,40
1206646,55
1365027,31
1283496,40
1262779,35
1435474,51
1294014,50
1132104,53
1018393,45
1258354,720
1133666,654
1066784,704
1167841,651
1468687,1523
1328290,1350
1240567,893
1424215,799
1057722,1892
1349429,1281
1053488,39
1058362,118
1281230,98
1053785,120
1324241,87
1039288,51
1386011,65
1143236,64
1233422,57
1272934,60
1242088,71
1209556,48
1052913,51
1266188,30
1249279,35
1125302,47
1272411,37
1039622,29
1075384,250
1332431,238
1141830,245
1032755,241
1183226,225
1444861,217
1465487,261
1116043,243
1155353,235
1394606,211
1211649,55
1338544,52
1206721,338
1213726,291
1121296,46
1341927,48
1126590,59
1017637,53
1116834,64
1179503,50
1158599,215
1218897,215
1144162,234
1191552,209
1419930,218
1068714,212
1034417,232
1153354,209
1402994,211
1174600,173
1067348,33
1000557,31
1141868,30
1193883,31
1477660,29
1374717,41
1005512,35
1481939,28
1194957,115
1209298,125
1491117,127
1021817,132
1238437,128
1088320,125
1353310,155
1151804,157
1275812,158
1152280,138
1253246,253
1210078,275
1364359,315
1015692,280
1200780,268
1473909,247
1114235,297
1035523,264
1060105,260
1130600,238
1409129,41
1150723,37
1181288,42
1303570,56
1076136,52
1496530,46
1131674,186
1262299,161
1213601,168
1300132,150
1305748,262
1087593,235
1494276,190
1004602,162
1218108,152
1485765,149
1369461,102
1332257,129
1208274,141
1084190,126
1054679,127
1381709,127
1006574,136
1100330,104
1459804,107
1074270,90
1323505,168
1159662,186
1458025,178
1453177,183
1314608,186
1134764,176
1150022,208
1086312,226
1465717,174
1279859,180
1134014,252
1472460,267
1492825,284
1415612,298
1019478,254
1059110,232
1204889,273
1169118,236
1451461,241
1112696,209
1236946,91
1434549,102
1120418,105
1403037,127
1144287,237
1358838,202
1290736,192
1259881,126
1401133,147
1126127,143
1169445,495
1004578,460
1179600,469
1308774,427
1302648,434
1319128,423
1088656,466
1299376,417
1292193,396
1305988,338
1015328,149
1459453,79
1051019,83
1321503,87
1055145,78
1234463,78
1010315,99
1374626,98
1186950,101
1285406,92
1318631,303
1250084,288
1307634,284
1149758,288
1067032,270
1434813,275
1002560,305
1156579,286
1396591,278
1392103,245
1249940,38
1425455,36
1154185,152
1015552,155
1082946,51
1286570,52
1254729,60
1006149,61
1412957,62
1252535,50
1339142,57
1442360,60
1303970,75
1111277,74
1317971,60
1003422,58
1270759,577
1251827,397
1441633,424
1246760,401
1077996,398
1059707,394
1256407,462
1046867,418
1336797,393
1335237,327
1089648,258
1237824,248
1443604,311
1315244,285
1254893,684
1019982,538
1395631,321
1498515,253
1233129,245
1478969,218
1429360,64
1120903,73
1255283,67
1228809,70
1257624,73
1066626,63
1383790,79
1236459,70
1158042,74
1110951,62
1094399,52
1171262,57
1216042,41
1040672,121
1164094,108
1290899,64
1362590,59
1436155,46
1141020,119
1137816,133
1268877,113
1177855,114
1418558,125
1134734,112
1325056,145
1145992,125
1049420,117
1362616,106
1384912,19
1473127,47
1323704,70
1329092,74
1245072,62
1238938,61
1084196,47
1442846,47
1025058,26
1428338,122
1090704,93
1320112,30
1297638,25
1337109,46
1385171,31
1155836,97
1234570,244
1066501,204
1306678,253
1115733,209
1166572,115
1442966,191
1460038,111
1193240,86
1434050,73
1129340,184
1182360,171
1478755,148
1287636,134
1439136,306
1311021,255
1483148,195
1084470,163
1177978,147
1199834,120
1210152,31
1281696,29
1051001,37
1056902,41
1386579,223
1252232,237
1392509,246
1473748,229
1194125,227
1452660,228
1313545,272
1220899,242
1176114,229
1368957,205
1290080,699
1089612,1278
1439182,570
1453938,546
1416600,574
1061133,923
1444912,2962
1021121,2305
1317447,632
1115697,538
1439020,24
1161356,32
1359174,32
1181972,20
1140677,22
1254006,24
1249389,429
1144725,280
1024456,264
1333259,256
1158440,241
1245351,233
1209146,296
1336601,256
1229162,255
1147384,230
1202967,52
1266951,75
1123101,43
1397105,45
1451801,46
1410965,57
1132536,61
1089582,56
1009115,46
1443523,237
1163835,236
1494285,240
1318970,243
1230640,243
1350989,244
1469698,311
1157662,323
1365942,329
1241167,278
1474470,21
1199867,22
1410274,18
1424399,19
1275961,18
1123239,226
1300003,203
1142646,206
1406271,194
1081205,430
1272773,336
1107862,248
1445770,220
1114381,218
1415547,190
1160077,300
1091853,850
1330691,767
1415863,256
1334478,282
1141705,542
1420680,2191
1487401,1837
1204380,283
1052413,207
1242874,182
1077197,188
1127975,182
1230110,189
1166412,201
1066808,202
1470409,248
1342442,211
1139563,213
1003833,187
1013568,28
1458838,28
1242946,26
1117852,17
1444202,25
1240782,23
1377760,30
1197572,38
1109827,35
1259868,36
1363824,22
1225867,30
1199703,41
1393980,26
1376514,24
1302656,57
1141699,48
1433132,50
1454906,44
1474457,46
1353854,51
1238870,57
1102120,56
1381727,39
1165621,459
1067751,474
1367529,532
1419376,507
1217634,1284
1435817,1067
1388704,695
1050100,646
1447978,2097
1223297,1565
1057692,53
1208998,150
1142079,122
1114122,160
1348065,117
1123612,69
1147172,83
1449879,60
1410895,52
1474990,47
1462527,79
1486074,50
1393559,53
1126109,35
1454486,36
1483756,44
1138537,34
1325573,87
1051613,91
1191347,99
1459200,86
1119462,84
1353313,79
1265434,100
1338064,98
1391890,96
1094290,76
1494524,184
1122982,216
1247940,67
1492928,53
1447707,345
1306135,334
1375347,347
1210263,321
1031578,335
1224519,324
1094254,385
1331126,327
1412296,329
1464457,275
1429670,38
1048429,41
1266516,36
1064371,38
1010582,51
1279234,48
1140213,42
1462914,33
1028151,86
1078943,90
1254456,98
1282678,90
1182119,92
1430557,89
1044051,108
1372892,116
1120515,111
1489688,96
1247162,427
1272298,383
1423076,424
1080130,378
1053710,380
1164565,362
1205751,422
1210368,379
1260599,360
1121115,317
1198240,157
1144385,147
1437302,142
1132630,142
1101586,287
1091445,238
1295002,157
1448868,144
1435790,132
1431208,118
1431365,132
1385563,129
1087230,119
1471543,127
1097979,117
1256441,133
1444251,95
1213606,91
1296465,84
1269338,50
1196617,56
1158962,57
1378735,55
1249741,55
1350135,54
1431352,65
1267745,64
1257221,58
1045903,354
1168162,327
1199171,383
1192330,329
1026480,322
1359515,304
1183397,366
1352135,319
1263834,309
1219655,273
1104882,50
1064112,49
1103507,55
1359439,51
1362263,72
1115404,70
1495441,85
1263659,63
1492790,66
1472842,58
1220718,248
1035762,245
1005331,263
1144722,270
1375730,261
1053781,235
1221582,274
1101521,215
1464391,215
1118931,184
1402087,52
1267543,25
1031981,35
1131800,34
1226628,34
1429379,49
1084519,50
1054929,49
1111818,41
1127792,194
1148446,190
1099206,207
1109184,189
1229777,183
1297617,195
1237610,235
1069068,215
1090735,202
1383176,170
1318530,160
1349996,145
1102502,37
1079296,379
1264719,382
1431686,382
1320803,367
1011233,367
1377962,349
1192944,435
1405148,432
1405071,413
1123716,358
1453825,411
1309172,417
1227764,419
1149701,426
1030628,753
1058252,772
1491947,446
1494597,404
1401368,375
1435257,313
1475740,88
1441634,88
1473188,70
1453677,89
1138281,88
1365133,102
1201008,91
1221090,87
1252788,98
1312378,143
1121476,142
1452533,129
1151293,131
1048430,134
1078682,119
1174467,153
1076674,139
1054235,133
1438311,123
1172173,30
1211628,28
1114022,28
1119679,26
1098728,87
1402934,78
1022522,41
1190225,40
1280461,195
1042807,190
1403241,155
1184545,163
1338050,156
1026597,149
1451444,194
1001753,177
1244369,174
1114154,157
1251743,21
1216807,32
1044810,26
1329636,46
1292821,61
1107124,70
1295439,71
1052382,75
1108059,85
1292720,56
1149871,60
1133587,47
1411654,62
1217172,83
1447046,54
1367645,56
1001659,123
1228444,72
1433924,95
1371163,99
1408863,92
1477833,43
1283271,44
1257511,47
1159801,46
1099699,48
1378391,47
1419443,61
1302328,63
1455533,59
1466302,53
1216929,162
1314022,133
1313140,38
1224624,41
1401467,51
1352497,39
1448084,59
1362746,62
1267173,65
1105075,60
1307999,108
1488767,83
1040530,101
1131755,74
1492694,73
1027892,68
1099057,47
1225458,142
1010715,111
1387667,153
1346873,117
1408529,47
1164196,62
1067861,60
1286769,58
1310185,48
1112704,117
1055978,111
1093150,107
1332210,104
1045586,234
1399769,214
1428523,149
1056581,115
1447191,106
1384034,91
1137590,30
1263027,34
1396476,36
1393708,31
1098120,33
1146079,29
1176683,48
1236232,45
1043714,33
1112290,32
1315890,344
1251960,349
1344744,387
1285953,366
1222463,341
1380883,341
1155889,426
1190568,374
1429669,342
1351758,279
1122867,546
1428085,1320
1055368,507
1181140,480
1192825,502
1497180,512
1248212,2682
1144793,2221
1361907,575
1307127,452
1296593,28
1288029,24
1136665,19
1374497,28
1038293,26
1113345,442
1129168,435
1156793,417
1095528,408
1306049,398
1282473,394
1316409,483
1394640,472
1009777,463
1386654,409
1154407,100
1423212,81
1413911,81
1007465,90
1392733,90
1343164,96
1114869,117
1399552,115
1208940,82
1112607,44
1040360,45
1119698,42
1325998,44
1147410,42
1305088,53
1158546,55
1323328,53
1158006,46
1119887,32
1165697,37
1403211,52
1443517,27
1014151,740
1374002,782
1417996,751
1141881,742
1219590,750
1373220,762
1355558,888
1042282,874
1323969,877
1480827,822
1181254,30
1150997,27
1379420,25
1033770,36
1451868,29
1108405,272
1481278,260
1127853,248
1069729,241
1028848,528
1201050,463
1278761,337
1182751,261
1494451,247
1346198,203
1367068,260
1393667,1470
1263571,276
1395629,258
1395320,239
1486344,236
1100089,1953
1316600,1805
1133091,271
1497480,155
1196661,455
1496261,480
1194929,491
1209119,539
1397954,509
1433003,538
1306725,642
1355897,608
1064394,589
1299518,534
1100813,29
1103179,29
1349648,31
1360039,27
1008284,26
1372827,40
1022366,38
1247275,27
1250692,52
1166812,28
1075237,26
1284106,18
1132690,25
1021330,29
1173609,25
1161832,29
1084054,25
1196971,22
1287686,21
1490438,36
1377459,37
1284858,33
1215512,25
1013410,413
1306922,443
1407650,481
1115185,457
1300326,927
1348608,855
1077818,537
1431835,486
1314817,1595
1066068,1382
1236383,119
1051153,70
1403654,106
1458515,75
1092603,27
1406779,40
1363499,36
1308591,39
1445820,31
1339495,67
1031284,20
1011989,31
1092978,27
1416822,30
1044644,29
1400124,25
1020688,24
1132214,234
1299296,228
1328803,208
1334503,204
1383625,208
1448378,193
1069438,249
1171702,216
1152361,214
1150037,194
1198481,199
1397183,232
1149053,42
1380157,64
1016217,52
1237054,411
1044369,383
1157822,394
1420945,390
1375200,370
1358278,361
1205185,411
1362253,361
1263433,359
1337606,314
1266676,32
1311688,32
1369119,29
1391955,29
1095582,27
1236493,41
1350052,39
1396061,35
1422724,29
1416267,30
1023518,32
1210701,29
1084100,31
1161473,30
1245334,43
1471348,43
1155624,43
1303316,33
1072688,102
1082037,118
1248088,148
1240215,150
1140940,172
1372767,159
1319511,169
1163430,180
1024275,186
1176115,193
1230753,216
1459901,272
1283901,298
1420906,288
1125326,253
1280096,260
1256216,314
1497839,267
1056161,270
1249726,241
1038455,30
1434793,28
1160822,28
1346146,140
1428646,140
1449241,130
1411131,131
1001411,191
1385630,230
1237972,174
1078865,141
1319741,135
1309594,124
1146287,84
1352895,111
1378461,112
1426530,107
1437824,110
1028205,105
1326348,119
1025298,85
1421003,74
1356082,66
1213133,41
1400057,40
1006359,43
1478327,48
1264778,49
1296198,57
1091285,57
1188584,263
1289252,294
1121717,341
1165494,314
1133975,283
1017195,276
1473572,328
1156194,285
1420711,268
1050364,239
1218991,45
1036017,43
1114325,64
1038860,62
1322237,62
1073235,54
1314434,58
1418720,50
1245711,288
1063433,276
1035108,335
1352358,328
1074658,331
1499594,334
1056537,380
1255064,287
1421744,284
1109478,246
1194904,58
1371113,34
1478926,38
1218200,39
1194155,37
1393791,34
1356548,49
1087090,46
1362391,38
1000962,379
1031818,384
1467100,409
1034605,367
1101780,361
1002344,359
1046072,428
1442812,387
1345228,356
1113888,308
1219117,29
1297015,225
1202918,190
1354197,44
1268287,60
1242062,52
1046820,18
1013774,34
1383287,31
1249173,33
1402527,23
1088465,482
1321672,459
1493321,457
1486372,447
1411581,444
1338165,434
1206135,491
1093502,524
1461412,491
1015740,481
1189256,479
1128323,476
1326661,525
1242328,911
1210696,839
1120940,539
1045314,516
1270338,408
1491051,347
1321001,320
1149554,337
1321455,345
1220031,317
1249562,305
1221659,323
1448873,372
1201558,350
1112961,342
1441542,295
1227620,133
1060282,123
1212298,114
1324089,104
1160616,113
1125254,101
1367408,130
1164080,129
1095594,119
1441231,110
1418316,48
1028314,45
1376664,62
1001180,61
1317946,147
1162285,114
1183217,43
1344949,45
1207523,38
1102512,118
1361643,108
1135403,113
1171163,100
1473307,102
1038042,100
1053898,130
1496571,129
1142142,121
1162420,107
1199487,26
1373867,26
1424223,43
1451930,28
1370497,41
1065924,26
1083741,38
1234248,57
1088860,101
1356258,98
1302259,98
1152733,66
1484698,108
1261194,63
1230150,59
1107553,54
1100828,397
1201667,388
1162414,319
1162048,357
1360889,374
1070154,361
1242415,406
1009155,402
1007348,386
1257698,306
1386147,69
1477962,70
1164241,76
1313079,68
1489391,70
1217690,71
1403412,89
1067902,90
1016818,81
1451414,78
1144387,89
1357820,75
1123456,465
1000586,431
1286790,70
1115930,66
1193439,78
1219711,63
1438799,97
1011484,88
1146910,97
1078476,100
1273798,164
1381479,150
1414898,182
1313752,129
1097004,134
1295157,126
1065465,70
1344156,126
1055855,126
1234968,205
1249681,111
1066635,55
1064923,72
1167876,64
1053807,64
1237785,55
1471314,124
1249240,119
1119440,109
1039592,109
1014849,238
1196535,188
1292202,150
1275446,113
1454082,105
1373757,96
1346922,51
1058487,50
1357585,51
1246808,65
1099146,55
1412353,54
1468339,70
1313065,71
1490279,45
1444037,241
1032563,260
1412227,255
1397626,256
1215207,237
1284712,245
1480206,287
1344652,261
1362439,254
1089623,221
1175542,538
1314812,1196
1408441,480
1198898,495
1096814,498
1019929,510
1050747,2347
1059227,1658
1304119,478
1062397,439
1213487,37
1167608,30
1037042,510
1363682,507
1129795,495
1212698,462
1432412,459
1307351,446
1028375,512
1429330,532
1488638,503
1413805,470
1068732,244
1459985,224
1275261,268
1178436,267
1118377,258
1222153,285
1121953,320
1108733,286
1243875,290
1444290,253
1410568,72
1201705,66
1422145,70
1265812,64
1143936,69
1207164,66
1035471,79
1182115,86
1301690,78
1043957,68
1412117,69
1239970,69
1415533,71
1058293,96
1328879,61
1188626,148
1184088,91
1131958,109
1014626,109
1350558,91
1470774,779
1299041,778
1105837,787
1082803,785
1023822,805
1312925,797
1089746,909
1133734,928
1096643,948
1095601,815
1118778,27
1318169,26
1167507,29
1415526,36
1461383,42
1010375,320
1440426,304
1154587,288
1079575,276
1158030,582
1362696,541
1066731,368
1347823,296
1295629,263
1318474,279
1013232,170
1252214,1413
1390132,241
1114889,215
1096101,219
1459986,201
1173416,1866
1044076,1479
1112081,240
1128597,164
1117544,545
1417850,551
1211259,565
1431972,588
1475506,598
1409045,599
1410758,716
1368841,701
1409653,715
1251129,616
1472488,33
1461331,47
1253822,52
1407561,44
1191571,30
1492538,33
1143486,50
1004907,48
1127961,41
1186842,60
1008262,38
1274142,35
1048054,40
1384843,41
1351109,48
1353818,53
1063035,46
1352845,39
1128433,731
1407888,737
1212422,791
1279701,751
1453508,1616
1349422,1357
1292070,882
1124122,847
1192277,2014
1413046,1422
1028748,58
1443200,134
1043603,81
1219673,137
1152131,80
1393223,39
1420107,58
1216873,53
1190133,52
1430193,45
1014965,145
1078132,72
1292424,59
1255258,28
1066079,50
1105879,46
1411353,44
1449547,36
1234887,192
1125678,185
1435855,173
1056982,175
1107898,181
1420115,172
1382425,215
1456487,203
1204895,200
1271507,177
1229377,52
1038196,73
1008268,508
1429686,398
1258400,103
1168925,87
1036885,72
1480686,277
1317736,277
1209072,275
1100649,332
1305444,282
1491431,256
1378334,309
1225887,255
1326777,272
1133252,234
1097687,54
1139498,52
1411557,53
1333045,41
1318193,40
1406669,38
1405764,52
1147888,42
1488755,32
1151189,285
1024790,285
1164052,292
1230002,271
1441669,273
1407711,272
1002962,318
1307976,303
1328697,290
1193459,253
1331356,304
1397910,235
1033866,277
1185243,281
1340832,175
1422405,194
1000907,241
1140986,201
1166061,207
1147826,182
1174075,53
1121861,57
1427424,54
1202501,52
1211307,74
1391383,73
1051248,70
1124427,60
1143781,136
1122608,138
1173756,133
1218630,126
1072974,283
1271370,279
1108945,167
1303182,144
1323756,134
1219727,128
1398197,57
1089695,190
1356105,166
1402798,146
1291085,109
1404814,143
1428083,157
1203717,97
1111706,92
1394938,78
1108936,81
1105792,85
1306121,86
1393546,96
1452330,113
1384949,102
1369516,116
1386732,127
1402801,122
1487219,106
1487448,321
1189549,256
1264146,277
1352579,231
1165448,216
1203426,218
1123527,245
1219158,209
1356081,209
1251853,179
1359239,90
1323864,90
1110355,99
1234810,96
1092030,130
1262482,130
1327710,154
1431000,124
1223860,130
1381768,111
1451012,590
1035076,588
1161618,565
1443293,555
1071762,572
1489624,562
1436386,632
1396514,460
1039985,491
1458659,395
1478260,215
1211763,120
1461264,149
1452748,148
1454882,154
1178109,149
1151588,163
1093068,171
1069584,170
1188384,153
1019856,467
1203766,456
1355799,439
1344056,443
1439488,421
1402415,417
1026211,496
1370612,442
1218651,417
1374767,341
1095558,61
1230790,55
1219964,282
1230004,236
1283749,47
1081422,46
1068866,51
1102942,43
1413625,38
1266101,45
1006570,44
1102106,46
1392645,44
1136584,63
1453858,66
1029171,45
1194113,43
1336189,301
1039864,219
1378231,228
1339671,237
1314578,228
1403828,214
1249231,244
1311330,253
1476081,252
1413988,220
1431384,306
1487673,298
1068668,301
1063833,309
1393194,569
1359636,522
1108677,337
1304133,250
1485109,246
1485137,214
1045996,97
1044730,101
1150354,105
1446291,98
1001106,92
1356071,88
1101252,114
1223036,113
1134987,101
1062304,89
1116597,40
1145893,39
1025496,39
1218778,110
1153423,97
1357408,63
1286873,54
1402952,48
1170957,37
1361706,86
1014000,77
1039951,80
1473600,81
1265560,85
1462466,63
1114666,92
1443948,94
1401506,81
1253336,73
1229602,35
1486505,38
1487852,32
1445743,33
1310175,40
1134018,34
1448035,28
1296975,64
1029539,64
1304389,63
1110541,58
1331960,64
1218721,59
1154883,60
1490445,44
1181176,42
1356273,40
1412186,129
1114401,137
1228683,46
1337833,38
1050850,51
1457667,45
1024014,36
1171411,51
1257636,56
1074009,47
1145515,62
1248367,70
1298875,81
1448070,64
1179183,62
1395822,54
1303811,37
1412306,174
1087455,106
1028514,134
1467820,67
1491649,54
1474249,54
1028658,48
1491544,47
1163145,41
1433035,80
1459830,78
1174361,81
1250822,64
1078406,119
1499791,108
1233243,95
1149972,83
1014740,71
1022510,59
1235837,85
1371786,72
1493420,66
1010170,62
1425445,57
1273778,65
1270680,77
1376166,70
1164762,61
1344143,55
1160893,144
1236978,162
1453878,158
1246866,161
1302283,140
1064732,151
1141248,174
1080727,162
1487939,155
1295266,154
1013660,279
1093949,498
1429810,232
1130721,253
1138486,254
1372175,258
1272747,1258
1182172,929
1026845,223
1346301,212
1272184,34
1340133,31
1233411,33
1194326,31
1498415,20
1074808,23
1216412,34
1241604,33
1345822,29
1372115,193
1423689,165
1293491,178
1308693,160
1209311,169
1110021,155
1277171,192
1020754,175
1161508,169
1374528,158
1197461,102
1329651,95
1040737,95
1480946,96
1498109,86
1002703,88
1349426,102
1004288,103
1444755,104
1074093,93
1115748,556
1281521,560
1451363,551
1430974,541
1461605,545
1248805,539
1365062,625
1413517,623
1079468,701
1462434,533
1056092,25
1365006,26
1456089,24
1446786,26
1040817,33
1109353,33
1487989,30
1121159,23
1222840,127
1460813,124
1487066,120
1079005,114
1388676,169
1371072,178
1297231,141
1016210,132
1210558,124
1123675,116
1086030,170
1394115,674
1278363,165
1085675,157
1091432,159
1484666,138
1459972,1195
1025645,872
1253204,135
1150554,121
1353589,351
1083761,357
1017978,354
1204607,353
1179263,360
1287664,359
1101142,417
1259598,399
1403541,380
1101243,326
1202680,57
1343708,49
1386496,51
1391427,46
1230052,47
1047182,46
1131586,60
1169082,56
1065210,42
1322258,40
1062507,38
1369946,35
1266139,34
1317106,21
1200557,26
1442391,36
1141389,33
1209068,23
1048616,28
1161399,31
1246499,29
1173875,28
1295803,28
1382915,34
1270557,26
1387232,263
1234509,298
1131712,319
1041891,286
1189265,765
1242154,787
1271716,441
1241557,368
1056516,1056
1103361,995
1333733,33
1001630,80
1071359,71
1309758,104
1363781,62
1275758,38
1335742,36
1385596,31
1379435,32
1065819,36
1192767,29
1281501,35
1307572,32
1456322,32
1431483,71
1062258,67
1333906,79
1106524,78
1290036,70
1184862,72
1096073,83
1031537,90
1203109,88
1071558,71
1101932,14
1044801,27
1079827,103
1285141,138
1075442,49
1499597,40
1343162,44
1476106,123
1049161,114
1364913,116
1193107,111
1180048,119
1358834,120
1151399,148
1044081,96
1466579,106
1014859,95
1332396,33
1266400,32
1472252,32
1003603,29
1409616,30
1059512,22
1484676,187
1368949,176
1329321,182
1375533,176
1107947,172
1425745,174
1273134,196
1436258,190
1254725,191
1421375,171
1325792,143
1193535,161
1218040,180
1236341,155
1062111,155
1128983,156
1391564,182
1321495,157
1210468,167
1203757,164
1412587,32
1433116,35
1042053,35
1124635,33
1154252,33
1279658,32
1407745,46
1186723,47
1470954,45
1368908,37
1374038,107
1153248,107
1345956,106
1393237,94
1014560,135
1012199,119
1077136,113
1119709,106
1046854,100
1283164,86
1314508,76
1471054,87
1128581,88
1166222,87
1188988,80
1134994,85
1378089,73
1135823,71
1235260,62
1377286,118
1308546,112
1196922,117
1163908,110
1085465,119
1068315,110
1234038,122
1038950,129
1444536,124
1283324,116
1191789,190
1438073,204
1172474,218
1280261,217
1275016,207
1145855,179
1232971,221
1224224,184
1062528,200
1057817,176
1337490,121
1433830,113
1304337,127
1167678,115
1299855,148
1311195,150
1432084,162
1180256,130
1421002,129
1053628,116
1121324,308
1026413,309
1070072,319
1146493,293
1023501,312
1453489,277
1038965,306
1347849,274
1045776,271
1452750,234
1021010,77
1136984,46
1234163,58
1215779,58
1370085,56
1152832,55
1214420,63
1143861,68
1223574,66
1456445,60
1030306,199
1056828,196
1140717,202
1289609,196
1355546,194
1104076,193
1172744,215
1031169,202
1242193,193
1145750,172
1050897,118
1272957,134
1122296,42
1152640,35
1183320,50
1436037,51
1110617,45
1028234,49
1061389,37
1272403,43
1034465,41
1040003,48
1163226,525
1031803,515
1429552,515
1126332,473
1204816,479
1356232,460
1017032,543
1074980,562
1405502,499
1012125,422
1169730,640
1326969,614
1290989,624
1324687,632
1435521,978
1424670,1167
1217911,709
1445424,583
1307778,562
1109546,426
1322878,217
1050289,224
1361083,219
1159200,232
1180812,229
1378506,232
1287932,252
1314601,252
1360376,257
1316856,192
1401754,108
1091471,98
1300817,103
1193216,99
1060409,96
1209654,88
1282653,123
1425189,118
1361061,122
1099961,102
1476887,56
1108169,52
1344879,43
1017490,44
1176469,140
1130081,94
1058797,55
1296440,61
1341876,57
1042340,47
1480288,92
1388976,95
1119648,106
1321873,106
1261615,100
1427961,97
1363989,121
1410687,129
1431485,129
1457142,109
1190838,42
1280906,42
1123939,45
1338164,41
1455555,43
1478284,52
1151232,47
1129758,40
1436307,53
1144232,82
1206831,80
1035382,78
1196146,78
1260615,75
1312498,100
1136753,69
1489232,69
1035832,59
1061276,175
1015088,213
1292002,222
1285083,190
1343995,222
1304918,196
1017601,252
1180813,246
1169611,203
1346633,197
1207310,93
1452410,92
1318219,99
1260006,90
1372927,96
1133760,95
1075937,111
1025820,119
1310403,111
1030704,102
1415287,51
1180965,58
1113679,410
1357660,358
1161674,56
1334489,64
1069619,84
1315618,73
1274761,76
1185715,70
1281482,247
1185994,237
1101359,299
1224536,289
1416326,588
1489036,447
1432032,424
1485473,243
1191888,320
1140077,309
1307302,54
1177684,75
1331883,74
1425911,129
1293866,87
1062563,57
1201874,81
1153088,62
1234655,69
1157099,58
1161036,140
1135545,163
1442958,170
1314621,137
1388384,273
1227978,254
1301241,244
1184839,196
1046279,248
1167856,230
1113162,89
1384889,80
1442329,91
1199138,90
1401990,84
1238679,77
1464254,97
1140293,92
1457212,70
1189272,71
1271696,265
1139577,266
1148826,299
1317428,262
1018320,251
1099215,264
1402594,315
1180246,285
1047356,267
1486518,238
1223600,426
1358943,1095
1092417,469
1198010,447
1048692,448
1184868,475
1302853,2192
1011499,1556
1413467,464
1233653,387
1434166,46
1432772,38
1496055,38
1399699,33
1037988,21
1104148,43
1193669,44
1279111,38
1121988,425
1115180,434
1008616,436
1359199,412
1466525,410
1060044,404
1237487,473
1445380,492
1070424,490
1324840,446
1210001,248
1406512,248
1476709,246
1469794,255
1227316,248
1434845,243
1026204,308
1325430,235
1311405,276
1487564,250
1012771,89
1492039,95
1409644,91
1069560,91
1230159,93
1451740,88
1223669,109
1480159,112
1329548,107
1008093,95
1240273,87
1245225,91
1103636,93
1309363,94
1095731,93
1444210,102
1270167,142
1040828,141
1271717,121
1112011,114
1123214,1518
1038791,1459
1134852,1473
1403461,1459
1002912,1478
1089089,1442
1082554,1576
1353572,1593
1015394,1609
1320654,1527
1450412,39
1346636,40
1142017,41
1232162,41
1258738,42
1440844,58
1355348,44
1047465,416
1052061,405
1246412,401
1305157,346
1412668,663
1196150,612
1023855,402
1497263,342
1163695,307
1447975,329
1083097,216
1181871,1305
1040695,263
1063801,240
1341226,228
1009874,225
1079968,2027
1331936,1805
1325121,302
1370183,240
1161630,865
1021993,904
1179517,885
1332254,934
1319159,932
1356974,918
1290939,1036
1401750,1008
1064767,1049
1070383,942
1105919,51
1270179,54
1026319,55
1032990,42
1166528,48
1156987,60
1015916,40
1448825,35
1212228,34
1301184,36
1201561,37
1315874,38
1291984,53
1364501,62
1410066,43
1349184,375
1130619,458
1096780,485
1352350,483
1467630,800
1225027,958
1319162,590
1196160,530
1304965,1430
1163371,1302
1410444,55
1447902,140
1220066,117
1395996,141
1050155,82
1405958,46
1460942,64
1156794,60
1259715,65
1290300,54
1407667,141
1268061,73
1435514,72
1118148,38
1110023,64
1016117,56
1057728,52
1269429,52
1398750,41
1307215,41
1053207,181
1381358,168
1255638,164
1176118,164
1043550,163
1369209,157
1359946,188
1311666,189
1064580,192
1006230,165
1415441,58
1178941,379
1146905,308
1344481,60
1495378,90
1337557,66
1246312,250
1171690,277
1445691,281
1086007,254
1304601,356
1292707,275
1350725,295
1126286,258
1167983,264
1340967,237
1321976,36
1088772,39
1446950,37
1210886,38
1321519,38
1454833,35
1231250,57
1060841,55
1063119,45
1368987,36
1106904,93
1345120,93
1121990,98
1432624,93
1306602,90
1096748,88
1346881,110
1417343,116
1248441,107
1369427,94
1034885,247
1188905,251
1000505,244
1155391,239
1175738,241
1346234,239
1177275,282
1379838,272
1492943,269
1308976,232
1086708,284
1137260,235
1412405,246
1407411,213
1333872,201
1469078,193
1445891,228
1306540,195
1015130,211
1306586,186
1288584,121
1216944,118
1394355,123
1285022,108
1462965,113
1205977,130
1349950,149
1340917,134
1191343,121
1262924,112
1106662,273
1095231,285
1210181,234
1032488,214
1351353,415
1277125,398
1277374,342
1030600,240
1497254,216
1294314,232
1120835,73
1168918,105
1010155,105
1219862,109
1262985,112
1489334,135
1272770,97
1139055,97
1005607,88
1433314,129
1145467,132
1375025,139
1095276,141
1187504,159
1167315,131
1162925,168
1129751,185
1154706,180
1428567,162
1432009,270
1119531,224
1430629,271
1258284,287
1404233,195
1059406,212
1141667,234
1354571,214
1284851,206
1266965,175
1403343,220
1050693,194
1389483,240
1028926,241
1164432,513
1022069,371
1424160,351
1466699,212
1013907,294
1325027,224
1111122,800
1152573,721
1139647,712
1194544,756
1473726,739
1357020,713
1226117,793
1018768,623
1259325,613
1497891,479
1011931,344
1108509,122
1137755,142
1313978,161
1154103,192
1023140,192
1398600,170
1300190,170
1019457,224
1443796,179
1251406,518
1077955,518
1432633,514
1135634,484
1053800,474
1300651,469
1403400,558
1084536,485
1422024,459
1067466,375
1181335,46
1407215,303
1250390,247
1119553,52
1431014,50
1141140,61
1362663,57
1258340,52
1477586,75
1232549,70
1421415,73
1499661,85
1390906,73
1392104,72
1341715,95
1459707,90
1213952,69
1319632,63
1284837,714
1493378,710
1108062,697
1199115,645
1234045,631
1150824,606
1195695,701
1437201,771
1332203,747
1025247,627
1350211,1325
1108160,1251
1306384,1166
1301386,1342
1359640,2059
1065859,2297
1461969,1070
1456556,1031
1186540,982
1188205,724
1062543,430
1398189,448
1466289,454
1184561,444
1388769,445
1022676,441
1107883,517
1457400,500
1084848,478
1301668,431
1191468,139
1043523,107
1106934,116
1232746,114
1150178,119
1464884,119
1454215,143
1276479,136
1157583,142
1435668,127
1061430,133
1289127,131
1205864,115
1239910,106
1410666,255
1312333,207
1485353,107
1257696,110
1103602,98
1380060,85
1078789,127
1258021,116
1033797,122
1351003,104
1258210,121
1050711,118
1134300,147
1385089,143
1353835,136
1121782,123
1417469,42
1399537,44
1357556,43
1173518,42
1165681,41
1135715,55
1461113,48
1162104,106
1140483,159
1256636,162
1226418,150
1426747,159
1229906,159
1177248,187
1438430,126
1011649,130
1495463,122
1123146,578
1283686,563
1013187,570
1209472,564
1074286,567
1182203,480
1270377,570
1129511,498
1480157,547
1036327,475
1336480,130
1230167,140
1161027,141
1474084,140
1018008,139
1078258,135
1191793,168
1463167,179
1209802,179
1316201,156
1480252,73
1157948,62
1484457,374
1342379,336
1008085,62
1235730,115
1021989,95
1450107,88
1347721,391
1025278,408
1179188,413
1087166,416
1157826,550
1249459,642
1180417,745
1120848,411
1014416,453
1424299,403
1103877,129
1410995,170
1106286,176
1079826,201
1299309,177
1156239,100
1167739,137
1035520,128
1474882,127
1436002,116
1106947,80
1038730,89
1007039,86
1109602,72
1307498,152
1163586,200
1454022,173
1319449,130
1221686,118
1450663,103
1278837,125
1430956,111
1058059,125
1391914,123
1284694,121
1047034,113
1128200,140
1362834,136
1372825,105
1261755,108
1114322,550
1169375,516
1242200,537
1477386,505
1394203,504
1276366,516
1138700,590
1009855,558
1375467,531
1495420,447
1494572,865
1443408,2179
1046238,765
1046430,702
1258929,744
1162336,845
1119487,3687
1390966,2939
1207032,955
1277215,769
1350522,69
1137795,61
1002793,60
1461455,63
1171371,45
1322633,49
1164057,69
1440801,68
1490055,61
1193418,684
1198884,678
1410268,656
1319050,602
1201688,588
1309747,582
1445768,670
1161906,687
1010865,685
1362178,637
1335657,489
1371464,495
1322076,525
1192580,483
1315446,492
1477854,481
1198926,541
1206563,498
1342655,496
1290673,449
1223905,111
1266392,110
1291976,111
1164193,108
1394245,107
1414710,107
1006345,125
1152630,132
1332072,128
1387257,112
1099622,148
1224371,149
1078580,149
1354327,160
1069327,163
1290290,168
1036858,193
1410348,193
1330379,178
1065783,171
1185434,1772
1101049,1823
1101699,1913
1089294,1926
1480593,1817
1339799,1878
1261433,2072
1397430,1987
1083089,1915
1138673,1895
1088540,55
1085191,61
1338003,65
1203469,68
1255321,68
1178671,65
1061782,81
1346062,82
1088986,66
1410375,385
1103878,358
1415587,344
1320629,349
1259587,623
1435587,745
1222378,441
1148437,348
1307388,319
1203171,274
1023532,282
1429992,2048
1020444,426
1217757,404
1323110,378
1428418,343
1339749,3237
1300869,3118
1077843,488
1490233,391
1266519,975
1137275,1162
1266254,1102
1125205,1142
1282243,1053
1265496,1174
1269069,1319
1421700,1329
1095834,1360
1175473,1264
1478221,65
1387281,65
1446736,64
1040382,73
1130883,65
1218824,62
1315250,81
1148711,80
1169207,63
1192336,63
1258982,59
1126069,68
1316507,77
1171598,66
1418313,70
1290649,66
1390837,80
1197163,77
1030401,67
1483696,58
1129265,76
1012371,88
1415273,78
1070312,82
1345540,77
1336029,102
1217162,108
1272790,102
1301604,95
1405386,1391
1167724,1441
1126396,1468
1237585,1372
1405719,3472
1406813,3328
1285817,1503
1386434,1443
1062686,4556
1258300,4297
1227192,83
1404963,130
1175735,178
1104176,235
1222583,157
1080833,72
1088693,106
1272865,91
1476491,92
1038852,77
1139472,113
1112793,73
1175594,76
1298517,37
1255481,68
1080589,51
1128383,46
1201129,57
1136805,236
1311206,244
1041160,216
1117290,220
1136497,221
1126149,214
1014383,258
1363114,237
1421040,237
1355617,217
1005745,362
1498006,373
1009210,84
1430653,84
1214827,113
1222373,99
1371009,94
1053905,85
1364079,276
1115318,277
1454707,305
1012151,377
1402108,299
1136298,323
1196671,382
1173061,341
1275935,348
1316352,295
1160060,79
1029300,84
1202641,76
1305385,73
1392013,72
1473273,72
1210621,94
1385103,89
1483936,80
1127484,70
1334472,140
1364248,128
1349737,136
1487287,129
1426756,130
1459447,136
1224526,151
1127290,172
1114943,158
1179480,143
1353114,649
1253464,717
1242076,718
1340873,717
1412456,670
1210302,696
1404230,827
1199301,792
1323295,767
1325558,734
1435797,276
1230293,322
1476138,382
1378907,407
1463942,332
1066858,317
1141573,375
1482473,321
1315422,329
1154170,268
1098408,105
1466943,106
1001101,113
1219612,109
1165887,112
1125271,110
1413674,141
1425133,160
1104431,139
1468731,123
1268382,157
1212416,159
1258074,156
1443392,150
1297279,238
1354271,317
1349257,214
1085416,190
1458913,176
1392222,158
1252749,148
1205708,202
1268510,208
1407369,199
1305864,220
1396943,203
1399299,243
1314371,174
1099354,172
1339781,163
1091951,198
1414650,221
1122981,214
1030360,229
1272696,208
1146788,219
1056095,258
1406516,259
1021686,248
1005332,227
1225674,285
1334883,332
1138288,404
1175267,364
1463904,350
1357643,312
1361886,374
1115214,311
1440633,323
1173767,265
1195122,225
1078493,248
1327218,251
1076853,247
1416374,358
1383696,439
1028933,537
1161361,298
1073713,298
1287364,268
1363184,877
1199993,855
1497719,832
1027254,1001
1033201,902
1105714,859
1088152,930
1105750,757
1001499,778
1445468,624
1171323,570
1164578,258
1457732,317
1305267,358
1051084,333
1356816,331
1374452,363
1464106,360
1165966,356
1439454,312
1405793,734
1087935,704
1482706,707
1391417,691
1352442,665
1445173,622
1194190,685
1492896,640
1044219,588
1047140,476
1270897,56
1314522,65
1377865,444
1347818,312
1124731,70
1487297,91
1378911,79
1461034,69
1172455,97
1256536,91
1089322,103
1155514,114
1086787,109
1322050,101
1314452,129
1397380,125
1127289,100
1205071,99
1051139,227
1252119,159
1442758,160
1316588,160
1026142,145
1456297,147
1303542,175
1376226,156
1124573,165
1214594,140
1413230,158
1288873,146
1497306,175
1045529,140
1211162,295
1363689,326
1353804,259
1224929,134
1087629,253
1007589,210
1158737,61
1372362,70
1219920,62
1103872,70
1397755,73
1402368,67
1481384,89
1303248,74
1493585,71
1207746,54
1141137,19
1087160,29
1159717,29
1474172,65
1162341,64
1131373,31
1459844,24
1246489,111
1496832,102
1383829,102
1252476,97
1249332,92
1480810,89
1096564,114
1298371,107
1482350,102
1239703,91
1314748,21
1145540,21
1351129,20
1029384,15
1102053,52
1078797,66
1270116,61
1195405,59
1431006,62
1036045,70
1323407,47
1071612,51
1412128,38
1329839,23
1122832,54
1160992,123
1198402,98
1311634,127
1475918,96
1310608,58
1402246,57
1148436,48
1156317,44
1413495,75
1392268,77
1223784,69
1230218,63
1277563,79
1129549,84
1036213,87
1038824,71
1202518,64
1059545,54
1011440,220
1477503,153
1130262,148
1346600,156
1339163,135
1204193,148
1159117,167
1210989,154
1392125,149
1469797,126
1359351,501
1090440,903
1398868,483
1370143,392
1312652,402
1299021,441
1105415,1464
1243449,1273
1372564,372
1123616,334
1278640,23
1161784,243
1274462,144
1110391,140
1083245,129
1321283,131
1249754,124
1053779,150
1034869,164
1429223,148
1479594,123
1065649,26
1247475,23
1017376,26
1069813,26
1146173,39
1046576,40
1070359,37
1261208,29
1295739,146
1371494,154
1242910,160
1297462,155
1408420,160
1468795,155
1322980,198
1278810,182
1286425,185
1287421,159
1137875,113
1066080,104
1421641,96
1365140,99
1095442,134
1076755,125
1404791,125
1035671,103
1431880,99
1143822,84
1233267,170
1394833,559
1179749,241
1296432,188
1442048,169
1285582,167
1402829,969
1272532,778
1484749,184
1118851,119
1009685,160
1103790,170
1081466,166
1067689,173
1320892,168
1425915,166
1265570,196
1117394,185
1131780,188
1242389,163
1049606,37
1345251,31
1033602,27
1353342,39
1099601,28
1242070,21
1165673,22
1272610,27
1304675,30
1111610,22
1103610,22
1119849,31
1025188,33
1452732,22
1198164,274
1159741,305
1495381,316
1279465,273
1089873,535
1126918,554
1193654,377
1392600,313
1007620,672
1046609,624
1089220,36
1448499,106
1480977,67
1165626,102
1400690,73
1398185,41
1287476,42
1002446,37
1280812,35
1496509,32
1411840,23
1333737,23
1455813,19
1032114,12
1202461,94
1224855,82
1453460,90
1241492,96
1049602,84
1235695,77
1474850,97
1228447,97
1128513,82
1193256,86
1339264,144
1358351,119
1032540,28
1143118,34
1064557,170
1040647,166
1429401,168
1220103,158
1044804,170
1359148,164
1329120,180
1459893,155
1285114,164
1105654,144
1190701,27
1351946,26
1042350,27
1484593,25
1121456,24
1019250,29
1291968,22
1147536,16
1474772,87
1016615,79
1018551,72
1480247,75
1395898,71
1448266,72
1231701,95
1012670,87
1240287,85
1463854,71
1093731,519
1269050,527
1023961,502
1388114,459
1175925,441
1109214,429
1095490,525
1430226,425
1479522,415
1349727,376
1030237,33
1225930,116
1385412,105
1107223,111
1006102,95
1053334,138
1464589,126
1030302,123
1274071,106
1260736,97
1133680,92
1065468,55
1467769,71
1032172,71
1115458,73
1266940,74
1443467,65
1173395,78
1332233,58
1042157,56
1130326,44
1094332,31
1433395,31
1180934,33
1060487,34
1171147,32
1375433,45
1006863,45
1114839,42
1048552,35
1249809,400
1460215,405
1098302,406
1018556,348
1153013,350
1406628,342
1493850,416
1367571,348
1142375,331
1125901,295
1470260,40
1216773,37
1346299,32
1463665,39
1269039,156
1472378,177
1484598,177
1422402,154
1398699,169
1143869,152
1347349,178
1309756,150
1462779,150
1339369,144
1335552,29
1309956,25
1093896,36
1284066,38
1483726,36
1258953,29
1391442,156
1074147,159
1098053,165
1169805,138
1032075,147
1322932,141
1402445,164
1165145,159
1479434,150
1103124,144
1449517,61
1078767,23
1040825,178
1281373,126
1451370,131
1247939,145
1138400,126
1229203,126
1072744,151
1009271,136
1238845,153
1139373,121
1253878,378
1433742,379
1271361,370
1318816,380
1013289,609
1360747,671
1245642,338
1145973,328
1219376,325
1211106,277
1114881,57
1037344,50
1030428,51
1312113,57
1000666,50
1146575,49
1350267,62
1384048,60
1331565,59
1166954,52
1333239,39
1009910,39
1435998,48
1271673,35
1066592,88
1220416,91
1473341,54
1224761,47
1214246,45
1110589,31
1262540,38
1323752,41
1343272,46
1008406,43
1426204,48
1423852,46
1340706,54
1362799,56
1018544,47
1317712,38
1180122,36
1379374,41
1210748,34
1314686,35
1226697,37
1485349,44
1278322,43
1279690,39
1299263,31
1428130,62
1287120,61
1441706,59
1496140,54
1023202,62
1224457,60
1307990,64
1393706,49
1476089,49
1240676,43
1345447,46
1457860,52
1248698,190
1138253,202
1176245,46
1075398,41
1438275,58
1055999,53
1293041,57
1011525,44
1401432,162
1465418,148
1483716,155
1378475,148
1032528,179
1090692,179
1207091,199
1302076,147
1109560,155
1235803,147
1213514,52
1285974,60
1406254,45
1208820,91
1482217,59
1195960,45
1342435,61
1237820,57
1429024,50
1266035,41
1046904,72
1371198,75
1332404,68
1472665,69
1463208,129
1190516,131
1180232,96
1248961,81
1471954,77
1148848,62
1156598,77
1473807,79
1131135,75
1342618,73
1034517,75
1029594,71
1331308,93
1395057,87
1473348,69
1288937,64
1441890,202
1452815,202
1050471,211
1319582,199
1495342,190
1125330,198
1274663,223
1311575,202
1339048,196
1085391,175
1403092,316
1126737,510
1261324,270
1472510,291
1442794,295
1029656,295
1335249,1102
1283680,893
1379654,258
1273760,228
1191899,27
1476984,27
1289334,27
1114108,20
1141281,20
1346518,29
1401883,29
1145177,18
1247809,158
1233056,107
1288355,111
1030091,114
1325706,99
1136765,107
1159283,126
1165972,130
1452428,115
1019402,102
1483718,152
1423393,145
1471097,138
1051052,143
1022326,144
1013503,142
1425115,165
1479423,159
1454891,158
1468117,167
1296483,339
1265643,349
1243332,357
1017985,343
1002910,360
1214298,352
1265634,400
1490788,396
1054015,400
1394286,320
1148358,23
1096127,25
1396438,24
1335466,24
1472716,24
1357170,30
1151847,22
1124932,106
1263980,114
1405603,118
1457882,116
1243722,146
1418093,184
1268970,142
1175091,133
1179357,129
1411541,113
1195341,158
1343858,605
1149711,180
1381929,174
1434781,178
1435147,154
1075399,919
1215485,774
1205968,118
1423129,115
1159992,291
1349938,295
1440017,294
1021112,296
1087316,298
1382875,292
1223460,335
1140043,336
1358812,337
1384056,287
1342187,59
1283499,55
1236942,56
1188311,50
1441301,53
1306594,48
1216717,63
1067885,59
1282886,45
1000233,42
1311852,129
1222345,89
1378449,43
1100820,45
1423483,59
1412050,52
1062359,51
1329444,38
1083984,41
1120774,46
1396398,35
1380584,37
1193984,33
1038260,47
1096751,47
1394382,41
1362855,33
1365771,320
1210842,349
1244960,387
1303233,501
1284547,808
1161437,770
1317740,399
1086077,396
1016409,1180
1188996,930
1278915,51
1468021,52
1087191,69
1461999,44
1427004,28
1432803,37
1150675,39
1303708,68
1359559,53
1064015,53
1284449,35
1030923,50
1435938,43
1060856,44
1412869,45
1335568,40
1035831,28
1217335,48
1124524,48
1294240,56
1370016,53
1427371,52
1297702,50
1108874,69
1294741,69
1011365,60
1052867,23
1011799,161
1375108,132
1064800,39
1252259,48
1238568,44
1056683,131
1483536,140
1480346,148
1298778,127
1198542,146
1391592,130
1330306,145
1276537,129
1402353,129
1416208,122
1054533,41
1157714,38
1375702,32
1404614,33
1365090,29
1464373,48
1414357,42
1259160,27
1257518,119
1086855,113
1155554,133
1492370,125
1148565,115
1253739,125
1487411,140
1332302,139
1314671,135
1103515,117
1122707,199
1103679,228
1248120,261
1135939,218
1412925,206
1040396,204
1265718,245
1170956,205
1175645,209
1132794,183
1056722,94
1177655,94
1484447,87
1169645,87
1323495,83
1457994,80
1155386,102
1409690,99
1275226,96
1430027,81
1097512,98
1278606,94
1182176,89
1401690,88
1294690,183
1008247,168
1180958,113
1236313,109
1474566,101
1243283,89
1143378,69
1467572,72
1395698,66
1056127,60
1153514,64
1097871,65
1446962,69
1194289,54
1251230,58
1240222,49
1111500,96
1165860,99
1317781,103
1135395,111
1059630,114
1043255,112
1287061,131
1115066,133
1196696,132
1466154,139
1404278,156
1218127,188
1357828,194
1286946,183
1159274,175
1178338,178
1481479,221
1284324,181
1116325,195
1112007,176
1289683,140
1000119,143
1162607,148
1135134,142
1067483,165
1103070,171
1191139,198
1365136,148
1051164,154
1385999,138
1008440,222
1359692,197
1010337,204
1056526,185
1321568,180
1219292,188
1433307,212
1061618,184
1276246,183
1202816,162
1160436,91
1305800,76
1023318,92
1367061,103
1335602,83
1205053,90
1372471,108
1029950,118
1326414,118
1279850,102
1227875,302
1069980,304
1495290,300
1038896,278
1349870,280
1442117,269
1199882,314
1499647,289
1326814,273
1404384,234
1200189,32
1031655,31
1123469,95
1492791,23
1293873,45
1127793,37
1026804,33
1331929,28
1327940,69
1466241,76
1330314,64
1383693,72
1088604,78
1020884,68
1490846,97
1313483,80
1131997,69
1143391,64
1425882,530
1435973,362
1255329,357
1269710,365
1094190,350
1290576,330
1457996,385
1343838,355
1193872,338
1172875,277
1263016,447
1142936,451
1144128,486
1300682,469
1366778,936
1270725,788
1305979,446
1337785,440
1048223,399
1261923,330
1410135,252
1357911,236
1362697,230
1435716,233
1116399,232
1082279,220
1320535,255
1184574,239
1355189,236
1300394,193
1274108,66
1146546,53
1042812,44
1478834,41
1493024,133
1225700,121
1034437,59
1310192,57
1425307,54
1420788,38
1265438,148
1381530,137
1377302,148
1042953,145
1463037,149
1290141,150
1216489,177
1023277,171
1014891,159
1036389,146
1123588,28
1137982,26
1290815,28
1313954,34
1443431,36
1022780,28
1258137,58
1409965,79
1278238,86
1425828,78
1217136,78
1003704,81
1255164,94
1395186,64
1115897,64
1138371,63
1232649,69
1019322,317
1469891,266
1299342,49
1362461,64
1018204,81
1370089,69
1191951,83
1216596,63
1319105,67
1293933,74
1442076,79
1074410,78
1412637,101
1377213,105
1325614,132
1058873,101
1201538,108
1090414,94
1092006,104
1113366,177
1493948,164
1120175,233
1137339,100
1356946,67
1372407,82
1486442,81
1302946,76
1172140,68
1082298,118
1150221,121
1397772,119
1140032,110
1053049,159
1349760,169
1445268,139
1309908,134
1016495,122
1441001,105
1443270,249
1030388,251
1166420,267
1096295,251
1274331,240
1002232,243
1354780,276
1479882,257
1385985,247
1149204,219
1057623,358
1412835,636
1420561,342
1112700,359
1351941,354
1061668,378
1310851,1561
1304053,1118
1352827,350
1105191,286
1073338,37
1260742,34
1205947,35
1028104,32
1021162,24
1208304,29
1265589,40
1069778,36
1220154,324
1085877,283
1246917,273
1396429,275
1318103,269
1113641,260
1310037,302
1383149,269
1008601,274
1318291,238
1038393,117
1108100,116
1452155,114
1346627,118
1171357,126
1472644,115
1419717,138
1051295,138
1129172,141
1259575,122
1450701,408
1224760,403
1363494,395
1324577,407
1491314,415
1158272,406
1412751,456
1112151,465
1219827,578
1187185,537
1438649,22
1482787,26
1492355,27
1080700,26
1303897,27
1071840,36
1007028,26
1266357,179
1001960,190
1123252,187
1014522,190
1276354,368
1493476,302
1109491,226
1473460,211
1077871,212
1288980,187
1324265,174
1035112,891
1052770,201
1277335,181
1215978,184
1063075,170
1436856,1042
1448738,948
1464317,239
1254705,213
1119729,381
1178379,403
1168706,413
1171672,416
1432899,417
1268541,417
1006145,480
1441960,482
1183895,558
1460906,500
1188111,71
1228717,67
1140317,68
1331594,48
1292643,58
1449768,70
1028507,63
1127166,60
1334493,49
1004715,70
1226758,58
1297773,63
1230585,64
1158190,60
1328451,66
1493704,70
1258825,77
1361685,61
1480130,62
1116522,374
1408421,414
1186097,419
1092362,424
1477329,851
1453733,740
1173815,516
1227706,467
1390410,1456
1133184,1115
1379437,49
1064876,145
1087207,107
1221083,182
1435425,58
1217777,48
1472769,71
1425021,62
1323453,62
1357754,55
1403993,88
1341505,58
1412612,66
1088156,39
1470729,56
1454734,54
1276891,45
1017785,51
1029297,49
1011377,34
1414821,154
1244720,171
1129605,158
1189914,158
1327944,154
1139728,160
1157061,188
1248368,174
1468695,166
1223120,161
1298566,58
1438231,60
1019113,281
1331921,228
1387698,55
1411389,59
1469298,72
1004343,67
1008761,77
1325331,85
1212642,137
1294647,140
1241369,150
1217149,149
1032147,162
1219775,166
1175440,179
1182013,160
1213041,165
1271942,147
1337117,37
1245831,39
1053654,41
1197171,41
1144802,39
1043869,37
1381072,48
1171071,39
1048783,29
1463108,250
1001682,247
1286957,243
1083317,230
1413058,243
1145683,229
1175281,258
1145346,250
1036709,292
1218544,273
1101610,341
1351558,378
1401050,431
1062617,358
1307656,344
1206410,335
1490925,373
1391911,337
1340955,329
1226464,284
1018136,71
1029029,64
1465478,71
1288816,63
1274958,67
1233905,66
1432851,79
1004906,87
1109687,70
1110286,178
1233965,182
1430108,176
1241891,170
1350034,340
1302694,277
1075807,205
1342142,198
1000429,189
1103152,169
1055930,109
1156896,138
1127311,134
1000085,131
1228116,130
1074082,134
1226267,136
1207668,108
1482926,118
1462202,102
1451314,143
1241621,146
1439785,145
1128198,156
1247376,155
1230053,160
1007110,187
1174598,185
1069511,186
1382684,163
1315755,291
1393509,316
1193820,353
1419813,322
1395058,297
1476749,296
1089646,332
1008397,299
1202688,297
1118090,256
1361990,144
1338782,141
1199873,156
1452537,145
1378521,183
1125415,178
1005390,206
1044864,155
1337110,169
1367705,164
1023497,350
1420872,347
1297788,351
1050978,337
1476707,339
1135907,327
1294289,380
1439672,326
1005400,319
1106965,277
1375660,95
1214818,63
1446657,81
1139069,84
1080378,75
1225400,79
1087184,91
1002928,102
1082837,105
1303408,96
1342222,294
1300602,302
1441282,299
1217675,292
1108498,289
1110838,286
1397560,330
1373044,300
1245969,286
1099449,238
1430079,33
1476280,173
1259451,176
1193717,54
1351136,47
1345768,58
1222106,51
1162888,47
1013213,512
1379891,439
1259771,446
1312682,492
1264722,447
1419650,434
1100432,494
1154554,441
1197778,436
1451525,344
1073524,803
1492503,814
1097156,831
1036028,813
1250001,1455
1450557,1417
1090506,856
1032054,855
1007532,793
1207482,637
1204818,116
1250170,106
1433375,121
1227077,125
1348980,112
1206710,114
1361864,133
1302647,133
1441050,128
1144575,104
1182843,100
1261157,99
1076108,90
1244122,83
1469746,195
1254766,177
1064331,123
1137161,99
1037024,84
1176682,63
1333742,58
1206421,56
1199447,59
1437393,76
1095013,77
1022502,58
1096667,91
1443356,86
1021862,86
1219773,64
1001694,39
1458319,38
1453928,40
1271876,42
1223179,43
1491332,43
1398619,58
1262833,91
1035721,120
1309705,127
1176972,128
1258259,133
1095494,132
1379760,155
1486057,107
1210597,96
1003757,68
1297446,56
1203897,234
1149983,265
1001057,59
1146776,54
1180036,74
1478663,68
1312163,77
1132288,59
1491279,174
1484227,174
1291300,182
1152408,165
1453476,341
1198342,313
1244347,298
1324684,235
1044984,208
1346952,179
1316400,218
1083200,320
1048200,270
1258790,328
1373316,257
1446348,236
1151739,204
1045943,203
1070522,175
1033219,156
1371044,122
1179641,120
1068951,111
1154773,116
1206027,139
1252042,136
1438934,140
1220519,121
1168203,114
1015629,100
1196482,138
1282002,124
1056173,133
1086341,120
1321524,125
1011877,117
1046443,144
1378361,139
1047794,116
1372137,110
1080908,293
1384303,298
1303454,295
1136324,297
1396390,291
1078618,290
1251281,307
1272811,297
1137638,279
1037638,237
1209858,572
1296504,1222
1089951,656
1418192,559
1303765,590
1101167,590
1126491,1907
1346249,1544
1329704,656
1020188,525
1054299,73
1407581,61
1151268,66
1243764,57
1061269,47
1115069,53
1278926,67
1178509,68
1266557,59
1473804,54
1272751,195
1087871,181
1476514,184
1328253,200
1370622,175
1113809,185
1438925,222
1389329,210
1108768,200
1081595,202
1075131,283
1309581,288
1043060,292
1363133,284
1024818,321
1376229,271
1493527,327
1389102,329
1355724,322
1215039,285
1268331,409
1030648,432
1033468,432
1452010,435
1164883,431
1265395,436
1214244,510
1307226,545
1425834,545
1105463,455
1037477,68
1451848,69
1203271,69
1010063,68
1167197,67
1252536,65
1344470,85
1252711,81
1066432,69
1086268,195
1320108,186
1091017,194
1457179,189
1173309,250
1349037,252
1085442,244
1196756,216
1173632,207
1331567,179
1222963,240
1499679,344
1010515,259
1025362,243
1230047,230
1374924,227
1373130,1387
1381535,1091
1069435,267
1255737,237
1058344,332
1414470,345
1252992,343
1115685,415
1421486,412
1320342,410
1021911,413
1251776,318
1320427,124
1031538,112
1489660,113
1452051,101
1227420,103
1144362,97
1331426,124
1040158,113
1255792,97
1378330,92
1302794,83
1411915,89
1302369,58
1134484,62
1419727,63
1321403,100
1028769,87
1313984,70
1056035,69
1221682,70
1002568,71
1255054,61
1181530,64
1247660,67
1151461,79
1043385,84
1154027,75
1313337,65
1449237,654
1420866,773
1230996,866
1036444,811
1158613,1198
1317168,1132
1066661,1011
1385189,903
1327428,1617
1212895,1381
1110618,130
1085758,150
1133637,205
1184081,262
1410147,180
1292973,153
1373391,116
1318034,105
1066826,98
1041770,84
1128915,91
1036796,62
1495717,69
1238113,42
1252052,52
1448172,57
1064804,51
1097704,54
1017698,55
1489247,42
1043262,75
1065768,83
1113838,66
1471676,89
1476130,90
1291979,69
1394751,89
1393045,73
1448276,74
1370348,58
1286862,333
1442399,268
1489786,53
1129044,64
1379305,73
1216016,65
1228377,78
1387910,59
1352055,175
1426244,181
1123307,196
1187131,184
1016479,216
1478596,184
1394265,207
1162586,181
1058953,193
1276377,169
1360068,80
1371280,82
1023669,79
1219542,76
1316408,76
1013880,77
1064488,98
1079799,94
1427116,85
1215881,72
1417277,202
1206235,208
1105979,210
1299770,197
1472997,200
1247176,198
1035903,231
1016929,225
1100790,223
1479035,193
1474849,355
1429831,332
1298145,374
1009025,328
1219314,304
1019977,308
1326829,347
1343998,297
1052262,305
1402114,260
1184166,150
1100491,151
1173954,159
1102454,160
1014336,152
1386947,154
1488697,181
1036702,195
1098488,161
1359565,151
1254718,187
1096729,185
1369718,171
1217617,174
1286578,235
1437847,226
1322492,223
1309498,196
1137040,189
1461366,171
1343254,137
1106393,169
1440560,169
1229099,178
1141119,171
1076364,170
1344236,176
1264716,147
1145320,160
1227743,130
1228572,326
1435819,343
1041203,345
1328928,345
1331644,346
1058015,354
1082947,404
1238939,393
1158689,387
1321731,343
1146271,396
1265318,365
1482215,391
1033033,354
1056742,333
1312218,321
1156082,378
1014030,328
1335399,335
1218567,278
1408337,259
1288784,266
1178037,257
1322672,261
1126772,502
1021990,438
1024324,418
1066118,321
1389581,304
1174172,260
1263405,410
1094102,421
1111871,415
1328174,423
1353691,400
1333805,402
1481693,447
1277844,390
1327740,393
1180851,320
1489645,376
1297802,153
1439742,202
1261421,199
1294183,195
1395845,200
1052419,224
1373422,226
1420267,230
1262326,206
1094044,536
1201394,517
1428524,505
1141719,469
1385522,483
1083350,467
1443671,542
1453498,490
1107034,462
1388982,372
1348122,65
1195043,213
1023820,179
1277956,52
1326556,53
1338236,71
1328575,65
1281640,73
1273491,56
1068138,125
1232383,124
1198565,116
1013266,100
1172129,120
1239868,117
1177634,142
1094700,131
1010401,108
1374959,107
1261815,316
1205802,201
1158437,202
1185619,200
1387699,197
1241704,190
1215503,229
1239569,202
1026880,203
1144032,174
1183974,159
1141626,167
1366149,181
1291788,163
1102782,198
1354607,178
1487646,175
1042342,151
1113528,143
1356527,136
1218491,57
1484322,61
1151767,56
1379516,78
1093013,70
1131842,63
1379192,58
1164653,34
1293396,32
1272003,29
1037765,72
1001642,64
1414348,41
1143714,37
1471305,26
1133739,100
1008228,88
1240884,90
1411585,80
1497767,76
1401894,69
1209535,92
1456302,90
1246946,83
1147337,73
1177147,23
1051057,22
1233695,20
1239403,22
1060753,50
1119891,58
1069032,54
1229488,48
1055325,47
1390803,64
1475741,41
1278947,47
1388606,36
1371081,142
1222683,101
1241053,31
1203040,21
1190765,31
1271271,22
1303527,25
1389418,32
1053095,36
1365299,32
1406978,46
1371746,55
1241146,72
1389119,97
1431115,64
1457241,48
1424409,55
1335563,40
1401836,35
1266690,33
1478944,67
1438086,66
1368420,60
1289617,61
1405882,91
1004738,90
1305073,72
1005418,60
1423957,57
1132799,49
1023989,142
1005046,138
1348128,134
1150426,144
1079960,134
1141648,136
1056058,146
1310662,139
1205504,136
1128779,107
1399692,155
1110338,279
1344252,131
1433165,153
1359495,155
1221849,183
1465226,630
1141860,620
1208459,135
1278981,118
1455218,29
1312752,26
1226109,21
1146029,27
1080487,26
1053540,178
1134540,144
1102820,147
1029112,152
1252841,141
1447963,137
1345192,163
1487792,146
1167627,151
1294557,136
1004475,34
1242141,35
1385315,33
1234172,35
1144864,51
1311445,50
1030912,48
1493213,39
1243020,316
1433764,295
1124103,296
1031825,279
1437782,291
1087645,269
1185456,315
1450862,307
1465438,301
1035890,251
1453860,21
1041241,85
1110918,81
1323227,75
1136649,77
1456699,105
1366403,106
1324878,105
1049721,94
1326657,89
1478019,74
1393811,54
1207811,144
1106883,55
1258707,53
1145823,45
1359971,569
1368559,513
1373869,55
1424334,62
1416839,201
1218844,210
1170492,201
1091303,201
1367373,212
1241826,201
1023270,244
1495450,223
1383578,217
1482218,189
1444590,27
1399766,30
1115507,27
1273428,17
1242533,23
1053728,22
1269124,32
1300935,24
1498558,32
1339600,32
1120015,30
1448047,46
1058173,43
1439659,33
1072117,116
1318647,167
1421019,179
1477029,149
1013006,338
1278451,354
1109484,184
1107714,193
1168641,565
1499828,483
1470180,30
1107668,36
1040244,89
1337508,83
1287186,69
1099744,45
1283746,53
1444198,50
1202765,44
1199433,40
1080300,52
1486308,29
1059653,11
1474599,8
1384693,53
1322554,56
1178760,59
1280994,63
1169970,61
1215801,55
1373619,77
1093145,71
1293553,67
1059909,55
1045506,29
1195197,93
1165390,67
1185989,28
1309434,28
1247782,61
1155368,69
1150198,63
1287438,74
1473418,65
1473086,70
1415610,56
1323180,64
1060321,55
1008295,27
1406013,27
1161177,28
1375519,24
1090722,23
1048023,22
1443046,31
1148002,26
1238277,19
1172788,63
1393553,70
1035358,66
1299647,64
1272919,66
1334372,68
1159056,87
1302378,81
1190534,80
1011587,64
1268964,176
1082167,210
1462810,254
1311154,198
1364772,224
1193167,189
1180673,232
1139384,195
1445987,197
1324588,180
1415824,91
1363283,96
1419755,81
1086173,84
1413277,122
1016959,115
1483464,102
1395407,90
1158140,84
1167044,68
1473056,96
1248411,95
1087749,91
1270524,78
1470352,88
1047720,80
1296849,84
1433596,63
1078212,65
1075257,57
1171351,44
1283654,44
1123687,41
1304243,44
1484480,44
1135766,58
1267957,57
1050543,58
1144794,51
1326956,153
1188873,157
1112492,191
1413955,155
1259051,161
1478797,141
1196861,175
1337536,151
1244907,157
1088470,146
1139397,46
1342523,45
1218415,44
1332894,45
1115820,55
1310215,55
1438038,71
1301300,56
1207357,57
1049307,47
1489999,198
1333839,188
1394740,187
1208062,171
1105498,194
1345238,160
1171401,195
1186923,165
1405756,167
1352556,156
1210059,57
1349592,40
1391378,54
1290510,43
1169717,114
1166085,110
1142943,125
1091779,109
1457944,102
1452906,94
1420162,108
1331177,107
1081036,100
1230194,83
1289562,77
1494991,106
1330838,28
1111071,33
1390004,279
1131461,179
1355543,194
1346717,183
1299881,185
1407705,178
1295754,221
1383355,205
1466509,197
1119188,169
1033089,526
1318359,508
1298800,506
1321396,525
1068992,859
1142258,783
1272163,500
1187745,414
1156399,447
1044889,350
1057232,55
1320833,61
1369479,52
1006298,66
1064762,50
1129316,64
1035694,56
1470238,57
1083401,53
1370288,46
1375236,67
1295197,61
1376197,59
1113687,54
1041821,141
1108999,124
1171733,69
1416057,68
1195673,62
1227566,45
1319822,61
1473225,62
1002219,61
1427842,61
1356650,63
1312521,60
1343939,67
1224754,70
1361200,67
1375139,62
1261700,27
1432738,27
1316698,25
1180814,34
1168545,30
1321009,26
1424621,76
1210629,78
1141894,81
1457583,84
1375272,86
1475274,93
1318787,68
1115387,73
1354710,34
1117073,49
1021595,207
1153428,191
1153751,51
1436928,46
1054276,62
1037192,54
1026121,56
1281292,44
1342195,71
1384634,74
1360973,68
1448657,68
1210194,114
1463652,84
1356887,115
1456771,82
1005761,92
1263233,74
1081095,118
1295977,166
1490516,169
1045075,193
1484827,115
1336250,64
1158108,88
1336818,76
1433602,69
1330516,57
1119881,85
1489802,92
1161807,86
1483303,83
1017142,140
1063060,132
1066390,120
1199793,99
1285908,93
1014062,78
1090029,74
1100027,75
1168048,72
1122277,73
1239782,81
1274801,70
1150293,92
1050718,87
1187229,71
1481854,67
1115935,219
1379826,231
1034449,227
1494433,227
1314973,210
1299718,209
1050411,239
1313326,219
1457605,214
1028118,179
1163547,384
1222222,970
1144242,470
1092325,442
1271702,421
1149836,424
1345268,1183
1261549,1053
1220364,377
1098869,310
1098789,41
1463302,35
1151283,22
1417011,24
1004415,22
1025892,32
1295957,29
1256602,186
1294220,147
1119592,135
1280859,141
1375368,133
1130751,127
1273306,157
1040504,142
1282341,143
1070446,126
1198253,188
1095728,186
1212520,187
1421593,180
1288418,174
1311286,167
1289986,192
1421436,192
1379297,184
1206791,163
1161084,347
1351984,349
1196384,341
1231951,341
1004647,343
1441493,343
1337172,473
1127689,393
1321298,389
1475476,315
1449997,30
1258363,26
1058379,29
1407103,27
1453903,36
1281020,32
1431191,26
1194658,160
1029622,157
1317286,147
1226194,148
1239666,190
1088324,188
1144598,179
1085401,153
1230963,147
1286715,137
1089771,191
1390452,476
1095968,277
1070305,232
1183331,214
1327461,209
1069534,953
1292884,791
1133018,166
1134748,144
1401228,251
1495883,243
1186113,244
1452283,249
1478258,252
1197751,246
1124970,284
1131633,289
1414498,295
1453888,246
1209279,68
1373404,63
1013139,64
1340194,51
1129388,60
1441579,55
1335268,69
1128265,66
1136500,52
1246191,51
1276289,80
1435279,62
1162830,56
1073000,43
1401183,49
1072044,49
1035271,62
1085183,56
1176711,40
1395665,34
1070135,37
1463031,31
1483255,40
1318108,32
1413088,44
1375547,43
1398482,41
1140432,40
1157084,363
1071457,423
1355774,500
1265739,481
1074567,652
1448820,1005
1348391,654
1427610,574
1400131,1332
1405867,1089
1228200,84
1057561,119
1080973,89
1041492,138
1027189,76
1475924,76
1310318,72
1010555,61
1467609,55
1321932,48
1356983,72
1262915,44
1242479,33
1016202,20
1130121,33
1200066,25
1290975,29
1353668,45
1394143,46
1065122,54
1128401,50
1353148,52
1377111,53
1091560,66
1357578,67
1332402,70
1031326,50
1276097,31
1284109,31
1267460,171
1198100,154
1270388,40
1308702,50
1280892,88
1362773,96
1288832,102
1326830,93
1251729,103
1062043,113
1419475,115
1166145,100
1291777,105
1457955,87
1346194,59
1325434,58
1269059,57
1179248,52
1376126,47
1308022,45
1370470,59
1487779,54
1141792,49
1245821,38
1493372,124
1015693,118
1397319,121
1361853,143
1037616,145
1069003,114
1429561,123
1379641,127
1380619,125
1305515,117
1101987,322
1047110,306
1339318,333
1479870,303
1220382,275
1470691,271
1284825,317
1242012,264
1166976,273
1146827,237
1039223,75
1061702,77
1148419,75
1357744,76
1317350,75
1485381,73
1459186,86
1159770,100
1477445,80
1469635,71
1174890,113
1292473,112
1188656,111
1384836,103
1216650,176
1409048,151
1246782,149
1068780,126
1147387,121
1296580,110
1002279,91
1166240,86
1243150,105
1388951,104
1386008,106
1224735,103
1142767,104
1362483,75
1098955,79
1239456,61
1152313,134
1293336,140
1430932,146
1300078,142
1284526,145
1078971,139
1427939,163
1066486,170
1185418,165
1141599,149
1400215,294
1247779,250
1190162,271
1355682,242
1441240,236
1399620,220
1169123,243
1002043,219
1358854,222
1237549,188
1177959,140
1159030,159
1315155,146
1030152,160
1022652,180
1403044,176
1261360,214
1250564,148
1412208,174
1481851,153
1146927,215
1309361,212
1466185,220
1061824,208
1151262,246
1319965,201
1140038,242
1483664,206
1104312,202
1218581,170
1260659,171
1171808,103
1325488,123
1441608,126
1108947,123
1322938,127
1026148,129
1073403,132
1296867,136
1374201,122
1188533,281
1464491,281
1364844,264
1194071,260
1292957,253
1351452,246
1330418,286
1349506,261
1107763,257
1071025,222
1451749,42
1141262,39
1426163,182
1416107,144
1109049,45
1469962,36
1048165,50
1400718,43
1032396,46
1172572,33
1464617,66
1034668,67
1487535,58
1152696,60
1389891,59
1261414,56
1397480,72
1104924,58
1168000,61
1373268,52
1072684,428
1103729,418
1207433,407
1105905,386
1359815,377
1222246,374
1452554,444
1238125,454
1101607,425
1472622,374
1080956,533
1044579,520
1250099,517
1049132,541
1230152,773
1274608,911
1222984,506
1245282,462
1419732,427
1356967,353
1357398,133
1377246,149
1416156,116
1007490,136
1244788,125
1294502,130
1083790,170
1240964,153
1353443,165
1404746,147
1495669,90
1363126,88
1194682,88
1249099,81
1169404,90
1389391,77
1228033,99
1356727,99
1063529,102
1123761,90
1217656,52
1473669,54
1309566,47
1087211,45
1172247,147
1354486,88
1422321,57
1331642,57
1030455,53
1320982,41
1322377,106
1337290,96
1196913,90
1460320,87
1153742,93
1462187,90
1478440,115
1329534,113
1221070,109
1030670,106
1047663,24
1097854,25
1115528,24
1440671,34
1243528,62
1331317,77
1473731,83
1261584,67
1017120,73
1414341,72
1390714,85
1111735,59
1113139,59
1382163,49
1077114,194
1363975,204
1421658,199
1308751,186
1092608,188
1337744,155
1463499,244
1160082,231
1370253,222
1228452,196
1372445,91
1460621,95
1057891,95
1305397,92
1147034,95
1367941,91
1222993,109
1353139,113
1386779,108
1147372,95
1474421,34
1490720,44
1005087,233
1087532,221
1232497,45
1179522,43
1172252,132
1258413,153
1028216,139
1212479,146
1258609,211
1411597,178
1344894,207
1340890,140
1294652,172
1221638,166
1013719,75
1048034,186
1359469,166
1025208,180
1420334,119
1123336,60
1127683,85
1427154,75
1374026,73
1224238,58
1281588,100
1058708,83
1249152,72
1496799,67
1368119,147
1065633,152
1181948,102
1403753,94
1242671,88
1141635,74
1134020,59
1200607,72
1414515,64
1063015,73
1195031,68
1385813,63
1052650,81
1288831,73
1338846,59
1363882,377
1012992,392
1127841,389
1145990,357
1058431,350
1086764,353
1470381,409
1209282,380
1475925,354
1034380,297
1467152,566
1465667,1096
1226596,485
1230945,504
1132296,489
1288951,521
1312949,2349
1079710,1704
1402174,456
1200214,407
1441014,42
1294079,39
1245940,35
1262561,32
1228009,19
1042616,35
1455308,30
1349678,282
1324969,275
1372061,279
1479677,270
1004495,262
1150150,262
1228822,295
1358085,318
1406245,320
1263663,146
1232131,147
1163541,141
1073589,168
1127608,170
1430822,160
1123111,176
1039277,182
1148728,192
1206354,174
1491344,63
1245780,68
1150550,65
1296322,66
1363297,66
1022421,66
1374992,79
1290071,78
1360420,76
1354178,63
1092576,75
1016837,75
1146781,77
1270326,78
1489539,76
1268557,74
1154429,94
1476508,103
1234783,90
1432128,82
1224992,569
1311411,571
1058810,570
1180280,580
1171237,579
1345370,552
1361205,641
1020415,613
1490702,617
1214923,500
1460611,43
1213443,46
1054892,45
1458950,45
1042596,39
1289149,159
1062037,162
1021922,150
1246387,155
1050369,299
1301966,301
1203616,197
1280359,177
1105804,174
1258734,151
1438001,158
1056305,1158
1275552,203
1200793,201
1020858,200
1050581,186
1348257,1505
1264375,1209
1489838,350
1442240,144
1268353,241
1295313,267
1086365,256
1072664,279
1271325,270
1468915,280
1396555,326
1082289,319
1471863,314
1288038,266
1302415,46
1126786,43
1317399,46
1371275,32
1459796,37
1439681,34
1366611,44
1031204,42
1483452,36
1476539,29
1410483,48
1491036,48
1269485,52
1233924,45
1477973,52
1235360,45
1331407,61
1358318,59
1025989,56
1043811,51
1415501,513
1049470,543
1266052,581
1074993,541
1430441,1009
1307721,1110
1478265,673
1268385,587
1103038,1573
1332843,1219
1073519,45
1461040,117
1471285,99
1040724,117
1249171,91
1452081,49
1146258,65
1044017,56
1006107,55
1221523,47
1344385,85
1436547,63
1192028,49
1028423,35
1021459,44
1391751,40
1058107,32
1029816,35
1202457,103
1325872,102
1006258,104
1482596,99
1477781,97
1043154,117
1099878,121
1233810,113
1032702,103
1480809,246
1038990,213
1410350,64
1087974,65
1360174,54
1471735,47
1139762,200
1480807,216
1251882,217
1042128,208
1440519,231
1417530,206
1484259,232
1253370,203
1018465,209
1029599,178
1361099,60
1072658,61
1217898,64
1231107,56
1293246,59
1228135,55
1415887,62
1426026,60
1362004,52
1375131,42
1298212,61
1157067,63
1295122,68
1274216,66
1252812,69
1088086,67
1261754,78
1333671,78
1318074,72
1232469,157
1183342,159
1029141,159
1387433,145
1038005,156
1412517,157
1358836,187
1099898,179
1323584,170
1009805,160
1159227,233
1223342,254
1464888,282
1450801,251
1493470,238
1377169,233
1032774,272
1456120,237
1210638,239
1042424,203
1350192,83
1440033,81
1351402,77
1114529,87
1432643,98
1293693,96
1293367,86
1383338,97
1003354,91
1154695,76
1136004,124
1307097,125
1071750,119
1390124,108
1013355,168
1475975,188
1437293,145
1243092,127
1369093,118
1145169,111
1063825,85
1295983,119
1459115,123
1131911,112
1143573,116
1115937,112
1452274,131
1086585,86
1254545,85
1497981,70
1416559,66
1125481,73
1276151,81
1370194,81
1357541,82
1079050,79
1165645,98
1217413,102
1092817,99
1277293,237
1485183,257
1094380,314
1315060,281
1493552,260
1434384,310
1019990,285
1279847,254
1089493,259
1439739,229
1189064,75
1361970,91
1308459,84
1336379,83
1024127,107
1485280,114
1146264,142
1163887,108
1050678,121
1198759,107
1342993,446
1055560,428
1107812,404
1267000,441
1163620,435
1062556,433
1029070,499
1035424,342
1039304,363
1355785,324
1252840,71
1170057,55
1380376,62
1441462,63
1053752,66
1337074,63
1116914,78
1234605,77
1040269,79
1326502,70
1242600,219
1271366,226
1125915,236
1473338,224
1349036,222
1100265,217
1350569,256
1466616,232
1379221,225
1326947,191
1473813,42
1395873,38
1027495,210
1002997,183
1452915,33
1239630,42
1069886,41
1151908,52
1401512,53
1333316,56
1070294,64
1171212,60
1152269,59
1372888,71
1425235,66
1446660,52
1365220,50
1106438,522
1149208,353
1053587,342
1470456,369
1447078,333
1049813,321
1221830,389
1032394,331
1141538,326
1367679,268
1272720,348
1481022,339
1212344,453
1222203,306
1318349,595
1120074,612
1065792,391
1313139,505
1400723,342
1344090,281
1461237,74
1086120,84
1232933,89
1317953,78
1153701,83
1457380,76
1177992,93
1243007,94
1132306,95
1102349,75
1479142,55
1380922,51
1330549,50
1285430,49
1163892,152
1175194,129
1471675,68
1425334,68
1128357,58
1219427,46
1493677,85
1395010,91
1247358,123
1240240,90
1259542,102
1218111,90
1336611,121
1303301,116
1012579,104
1153179,93
1118587,25
1026154,25
1426628,24
1395715,21
1216068,54
1258714,60
1216185,61
1427998,67
1368745,65
1221546,60
1086371,50
1392642,42
1447408,39
1206105,187
1268836,186
1286111,83
1198552,28
1388970,58
1346514,55
1441521,40
1247480,50
1490597,58
1000213,77
1019871,80
1346793,100
1321968,68
1163208,77
1238200,62
1079007,60
1402048,143
1020825,121
1324304,137
1422884,61
1395107,47
1315511,67
1280458,63
1016568,57
1389176,50
1187665,120
1016028,118
1462415,110
1020336,109
1316569,157
1383376,138
1429395,116
1353028,107
1143026,94
1009102,121
1022584,101
1020358,88
1330506,96
1137539,97
1028018,88
1163862,109
1230530,93
1131155,91
1090713,79
1179951,275
1457723,262
1306822,286
1169520,258
1497732,263
1165065,255
1004518,277
1216801,269
1167114,255
1327982,220
1315764,504
1237251,654
1465135,538
1205005,499
1121434,490
1440825,526
1023350,1948
1084568,1548
1207158,503
1489889,371
1171684,33
1099028,31
1145845,23
1076297,23
1322331,25
1243217,42
1429661,37
1197131,33
1176424,27
1416093,189
1442196,153
1020213,171
1302699,161
1364586,149
1303163,144
1180229,202
1341997,193
1147960,191
1305871,177
1239839,129
1160158,124
1208555,126
1060804,119
1074276,123
1433675,113
1301442,136
1012153,132
1283463,128
1011568,112
1487991,554
1173983,588
1455460,567
1093777,557
1284038,559
1398418,560
1100317,643
1050205,612
1355831,607
1205352,485
1117812,24
1187507,24
1011457,29
1269505,22
1092093,223
1272876,221
1383303,209
1458502,194
1023747,267
1069991,254
1471500,240
1476176,205
1350709,204
1335032,173
1076879,398
1062656,1071
1426834,398
1458426,313
1329563,319
1486783,345
1460257,1524
1021535,1209
1299660,231
1355379,203
1460540,282
1109530,296
1140660,303
1015607,307
1039868,309
1179336,305
1156949,363
1416864,358
1229607,355
1488828,304
1357349,74
1444390,69
1063846,62
1146800,67
1178839,70
1257808,62
1279711,84
1173475,72
1142151,60
1453811,57
1127057,107
1373401,78
1418621,41
1464167,46
1099840,51
1441363,44
1009825,43
1486357,35
1078903,27
1337962,43
1376906,44
1218064,43
1104338,43
1079072,36
1304812,49
1125197,42
1422466,46
1352120,37
1047024,307
1102777,357
1083061,440
1251353,396
1149589,1243
1097127,914
1495930,734
1385548,663
1215768,1496
1414645,1152
1068176,34
1364233,113
1364564,85
1423013,131
1116729,62
1123237,45
1232919,46
1230330,43
1142498,45
1389988,37
1215805,42
1034507,17
1036452,38
1175443,20
1337742,36
1010245,33
1288211,31
1267896,21
1346875,112
1199426,93
1240750,108
1138618,121
1149289,105
1102916,102
1017666,118
1106702,120
1487597,111
1098178,92
1331327,38
1462161,37
1073905,256
1000380,224
1138868,49
1033486,45
1257642,50
1047803,56
1246340,43
1014026,165
1315279,161
1188897,179
1165067,168
1065299,167
1010051,169
1435027,200
1196131,176
1197288,182
1251652,168
1439531,33
1496216,35
1186355,35
1177200,35
1455577,35
1090001,32
1208761,45
1226903,45
1423338,36
1103810,27
1421075,64
1210247,80
1322916,84
1385551,81
1189895,81
1358912,78
1134301,107
1337366,104
1024231,106
1081336,91
1334406,228
1312641,220
1478725,249
1330625,242
1322160,193
1493176,200
1401269,226
1322867,194
1119772,207
1046510,182
1150288,118
1324267,119
1441751,120
1390749,111
1181666,160
1036614,169
1004792,156
1391550,134
1163155,128
1413929,112
1205702,82
1454933,107
1220578,103
1343850,102
1387572,100
1117169,100
1209150,114
1019692,70
1441344,59
1254542,125
1136802,131
1176603,135
1340138,140
1321675,137
1214676,135
1294408,155
1361085,163
1487225,162
1476364,144
1396170,244
1439116,221
1029205,222
1340752,211
1401840,188
1329672,188
1147453,228
1017140,187
1295838,204
1422043,179
1105195,58
1205040,62
1240058,70
1365659,67
1222239,94
1370409,91
1273441,109
1262804,85
1175785,85
1422436,72
1187958,259
1109561,267
1434574,271
1033891,258
1424493,250
1188565,256
1089009,264
1447457,246
1192636,245
1227524,206
1478225,82
1415631,52
1455622,65
1260616,68
1142328,57
1181346,66
1496795,74
1093473,79
1033302,83
1226646,68
1143077,210
1117887,224
1167183,224
1389242,220
1238107,228
1466306,218
1250420,253
1271945,229
1181613,220
1066252,188
1374036,30
1492052,176
1316849,119
1161969,40
1255438,53
1437428,42
1142607,42
1010649,32
1102030,78
1117071,72
1175372,72
1095747,61
1179084,68
1074971,67
1167812,83
1229440,74
1414406,72
1271005,61
1224868,179
1497155,156
1330797,164
1280679,169
1299109,153
1078691,149
1102864,182
1377131,187
1045486,163
1271657,144
1013278,308
1163568,323
1035134,323
1453924,321
1242112,536
1328774,583
1482353,313
1046966,267
1276295,269
1253177,231
1260226,41
1411677,38
1250015,42
1337063,38
1043837,40
1308940,51
1458855,47
1263616,43
1367996,31
1473223,28
1410509,27
1201828,23
1029994,21
1132590,64
1283691,61
1320652,33
1347707,31
1024189,29
1401716,18
1273502,33
1059327,31
1125014,36
1174617,32
1311410,34
1163684,32
1396950,53
1264284,41
1287395,45
1199233,33
1238242,23
1399512,23
1081462,22
1383858,23
1449012,26
1146539,36
1225650,37
1387823,22
1025159,31
1389919,155
1366353,152
1462136,46
1329665,52
1230382,47
1311631,30
1368971,61
1253684,70
1083443,62
1493905,68
1217220,79
1147901,72
1166225,91
1073327,60
1428894,66
1220082,54
1476123,40
1227002,109
1354703,81
1157900,100
1133698,56
1222949,35
1349351,44
1085992,40
1402411,40
1168970,33
1000121,55
1309103,53
1030633,51
1021972,48
1187246,73
1285859,78
1120598,75
1027293,60
1345841,56
1172393,49
1005855,79
1244463,88
1262324,74
1230360,58
1426771,70
1169581,62
1440278,80
1406927,65
1473278,56
1224295,147
1232647,135
1159985,141
1439329,137
1371825,138
1308807,147
1056665,158
1355328,154
1033485,146
1167571,136
1250796,309
1071801,407
1429716,305
1106133,294
1435076,279
1262025,289
1227005,892
1242523,794
1212286,257
1459181,230
1427098,21
1312958,23
1014001,17
1481946,129
1452327,91
1097734,96
1134494,90
1162121,88
1294270,78
1363905,100
1465173,107
1120799,108
1313703,94
1484433,100
1348987,99
1178504,102
1242843,100
1258554,97
1270294,94
1051906,113
1107709,107
1322690,106
1366614,88
1117909,420
1387886,403
1344564,394
1155339,396
1270105,399
1299390,394
1402691,454
1435663,432
1499834,509
1185266,458
1237110,24
1116388,24
1106605,20
1473729,21
1166622,21
1029223,19
1018802,130
1030588,132
1230579,113
1000916,110
1163834,158
1062420,149
1037052,147
1302226,126
1005678,122
1095882,111
1313401,174
1401641,290
1146686,185
1343078,150
1376033,154
1259435,146
1131938,738
1415856,676
1452412,139
1472537,134
1214618,302
1364865,296
1133180,295
1008164,294
1166614,282
1204365,288
1426744,316
1145434,312
1302570,307
1158968,264
1056709,46
1211183,42
1403943,41
1474539,31
1150521,38
1330860,50
1049031,44
1108108,34
1030576,34
1233091,36
1389024,38
1412346,26
1386934,39
1121174,35
1323222,32
1213475,29
1403371,20
1126656,26
1046942,24
1298678,33
1370968,31
1111518,29
1083594,300
1171318,302
1081759,326
1338433,292
1020719,610
1191824,573
1054201,338
1408379,300
1352836,716
1126752,657
1068042,36
1268785,58
1489368,56
1060922,94
1292555,40
1215011,22
1114342,34
1174381,34
1398181,24
1267040,49
1213543,35
1491297,12
1487429,28
1321137,24
1152850,29
1449044,26
1293409,23
1420343,18
1216168,59
1393536,60
1172903,58
1040248,55
1027819,56
1302314,70
1380981,66
1496803,67
1315046,55
1232718,25
1420003,82
1391562,14
1009784,25
1055315,36
1454173,28
1281401,66
1097202,67
1132518,69
1291236,64
1406117,73
1346714,74
1191410,77
1275019,59
1250849,67
1451903,56
1430887,42
1298742,37
1390131,37
1419763,32
1070037,30
1081843,39
1091185,32
1089335,153
1018974,150
1089923,149
1061591,172
1372023,156
1089056,162
1443312,179
1165874,175
1441628,209
1188416,197
1289201,120
1275470,115
1119919,108
1063131,103
1320694,94
1188527,93
1004507,112
1109296,86
1045706,101
1154017,91
1249671,87
1135295,83
1265976,75
1385434,72
1155714,77
1430856,78
1148716,92
1404257,88
1426656,88
1008950,72
1129558,69
1491166,75
1138952,65
1054087,64
1288016,87
1440743,95
1355736,96
1409385,78
1412256,73
1408387,63
1170902,62
1278003,55
1430621,48
1096892,48
1095830,52
1156213,50
1480615,54
1188126,48
1178819,36
1230380,156
1346678,155
1277900,151
1420768,153
1206978,145
1175333,151
1488302,175
1355175,170
1190308,157
1161328,137
1124650,133
1022714,121
1295553,128
1401083,110
1173065,102
1198959,101
1054906,114
1181597,98
1468666,110
1486532,102
1240209,116
1182135,125
1212347,125
1192604,123
1453727,140
1344150,133
1293329,162
1247615,121
1230168,130
1218623,109
1106482,200
1224475,207
1008740,205
1413584,190
1072859,204
1136158,197
1278807,230
1499074,201
1120923,199
1370620,168
1368711,103
1210049,70
1043535,87
1446240,82
1092746,78
1399286,76
1277933,94
1104911,99
1483091,96
1265203,78
1233669,243
1090616,236
1384865,228
1195450,220
1044873,211
1370005,201
1433199,235
1117633,216
1357097,210
1034463,184
1018868,33
1160479,153
1498867,98
1486013,27
1088819,44
1055319,34
1433933,34
1188123,27
1373011,117
1239312,107
1203643,120
1165037,122
1474320,110
1220537,101
1426208,123
1009398,115
1244519,116
1469983,90
1026366,126
1368308,119
1065778,207
1119688,125
1360028,201
1497401,159
1181755,128
1339401,144
1098229,114
1079642,104
1240618,111
1454523,103
1127908,95
1137267,96
1432625,94
1090433,81
1173379,93
1020333,92
1261895,88
1356790,70
1111869,13
1464999,24
1291641,27
1238288,75
1398779,62
1382490,28
1313356,145
1098373,136
1445551,139
1161659,136
1234799,131
1430511,124
1118431,148
1302929,143
1019797,133
1292764,109
1185766,20
1401710,70
1134227,28
1322698,19
1005828,23
1148634,17
1401112,33
1396750,16
1265951,20
1386843,83
1004313,91
1041032,82
1370332,116
1482514,66
1497233,56
1178054,69
1369446,60
1284559,55
1300214,49
1269393,121
1092013,99
1102465,107
1237518,90
1354195,137
1438434,120
1033807,107
1395793,94
1038462,85
1346626,69
1423116,165
1009513,172
1170173,168
1425176,148
1137715,152
1359285,149
1193489,180
1377436,165
1487481,144
1098551,142
1187281,612
1430870,1156
1410217,598
1048131,532
1364347,538
1117008,962
1328770,1411
1345869,1253
1071799,533
1330035,480
1032173,22
1495208,15
1383002,21
1402872,56
1435861,56
1178853,55
1122331,64
1240938,62
1296533,77
1466523,72
1334815,65
1308211,27
1256813,27
1266863,26
1296573,35
1493672,34
1183189,26
1402501,80
1305350,77
1416500,82
1061620,75
1356623,78
1135009,79
1039371,92
1358442,94
1330108,105
1368952,85
1462550,20
1369178,20
1127368,18
1115599,145
1038256,133
1331730,134
1497225,117
1081286,163
1304131,158
1481379,152
1169752,131
1302845,119
1195185,114
1149992,309
1122208,714
1460719,303
1378323,222
1256770,222
1422410,297
1345825,746
1246051,816
1090476,170
1450161,185
1356370,79
1245069,80
1295639,92
1305904,87
1292177,89
1317384,87
1121211,107
1021640,110
1210569,107
1442046,92
1321821,27
1064144,23
1453686,16
1167008,23
1039041,28
1498885,22
1184297,15
1093750,38
1450524,34
1318369,33
1076401,35
1343116,33
1145496,25
1351476,284
1052953,296
1076286,323
1093380,270
1261614,692
1255779,494
1444017,357
1275886,306
1248091,795
1182264,543
1338299,38
1369916,67
1102096,44
1095800,27
1198327,43
1250772,37
1160375,35
1107432,29
1060946,49
1042183,22
1369620,27
1122156,19
1175348,28
1363391,30
1063775,106
1495203,104
1101411,104
1092440,98
1145502,108
1466400,94
1079464,117
1049098,112
1142848,109
1213627,84
1343897,17
1036537,71
1243770,46
1180979,17
1039804,14
1369285,31
1054396,25
1278952,20
1377409,182
1360361,199
1377051,199
1164969,197
1140859,199
1291354,189
1358775,204
1346906,177
1013720,183
1292460,157
1244578,44
1474430,42
1322499,53
1365197,48
1362232,47
1371779,49
1264908,60
1458255,66
1348866,53
1013564,45
1247790,353
1475065,299
1091144,330
1401772,274
1055430,281
1216862,283
1087415,331
1363888,276
1353104,268
1281332,245
1006892,26
1498669,28
1181152,27
1246156,38
1185338,36
1179564,28
1271415,136
1079926,118
1491328,120
1370913,112
1150110,152
1289002,142
1154816,135
1161426,115
1425253,109
1055652,100
1366540,28
1466142,29
1282021,32
1471786,30
1471184,32
1158034,29
1044415,41
1190027,38
1025744,31
1449443,368
1091600,330
1252477,342
1368442,293
1061735,306
1141220,304
1014144,353
1228466,296
1235177,282
1463183,261
1198427,28
1362374,26
1319966,37
1076970,35
1072338,52
1324663,35
1099626,69
1184336,68
1239385,85
1367023,75
1220533,74
1268409,64
1409006,76
1365750,62
1155946,66
1049715,37
1140522,22
1308262,39
1075712,40
1318240,37
1046741,29
1442998,91
1143694,92
1499298,107
1351721,103
1336045,104
1416593,103
1493857,128
1105475,165
1449195,110
1093850,100
1340596,68
1011398,46
1103720,17
1067294,11
1046037,625
1165089,616
1065795,614
1046290,551
1158811,562
1485195,564
1263562,659
1450493,681
1081449,656
1280539,522
1222518,910
1395897,895
1491382,885
1027914,961
1159704,1871
1256817,1662
1227051,999
1191531,796
1284327,802
1423686,628
1049725,181
1215092,218
1495796,227
1438076,224
1128271,178
1481158,231
1063232,269
1057013,263
1367340,262
1093991,237
1351594,125
1370272,135
1485920,120
1020051,111
1102709,122
1069020,116
1072489,148
1428154,138
1119021,130
1294168,126
1428679,63
1018876,74
1286035,64
1189314,68
1401061,196
1408505,142
1256086,77
1471256,77
1046971,68
1339604,60
1004476,142
1179367,124
1282419,137
1314155,120
1480818,123
1213921,124
1054327,142
1402384,149
1489585,147
1284450,139
1095362,50
1295510,52
1079425,53
1127426,52
1492121,53
1275922,69
1444429,71
1028719,64
1234695,56
1157221,79
1279092,109
1177494,119
1087017,119
1466728,125
1439667,130
1360145,157
1419779,109
1433653,114
1163712,104
1187024,342
1441270,319
1477046,312
1323027,334
1411082,338
1195466,326
1263804,379
1062879,348
1008287,322
1456652,295
1277897,153
1496861,147
1070216,149
1136807,150
1244852,157
1122945,150
1042841,176
1283397,170
1394281,164
1425621,148
1199897,87
1058203,79
1083931,509
1141481,396
1475372,73
1111675,83
1257162,103
1122641,92
1006713,102
1242123,96
1140599,309
1287375,298
1106683,295
1178326,291
1062658,420
1442310,412
1031482,469
1274961,292
1193794,339
1173046,313
1073405,100
1388386,217
1015635,214
1265850,296
1275880,221
1255232,81
1087043,113
1369894,106
1271614,102
1423644,91
1365843,153
1277788,148
1331408,144
1366942,131
1131169,202
1319595,199
1083661,165
1468982,140
1437287,133
1346942,123
1387120,128
1274992,120
1334251,134
1042062,125
1347891,124
1224265,116
1052043,145
1334827,137
1073391,105
1152066,499
1291763,490
1419497,497
1343368,431
1406483,449
1387465,449
1292366,518
1050874,475
1305270,441
1267518,365
1488118,545
1150157,1608
1447158,542
1373666,583
1053742,568
1142160,626
1318873,2919
1405202,2281
1483332,669
1021804,576
1069078,50
1090320,47
1286831,48
1375719,48
1076781,33
1067044,40
1067311,56
1431689,56
1272650,48
1005375,634
1304158,628
1441552,617
1184251,553
1093975,542
1293881,538
1339191,643
1217665,650
1152701,630
1058476,575
1135586,368
1065825,364
1423534,393
1280440,378
1053814,377
1256199,376
1119525,427
1475701,421
1047518,402
1497173,303
1027610,103
1118499,95
1376750,108
1372751,106
1014613,111
1499206,108
1394950,123
1270313,126
1388225,118
1102682,105
1373049,143
1374934,159
1466642,151
1196961,165
1204608,159
1302893,158
1211146,203
1447746,196
1279444,195
1443192,180
1173972,1933
1350644,1927
1103990,1889
1093038,1893
1435909,1917
1158632,1874
1044666,2153
1022214,2016
1109852,1918
1103251,1675
1245151,53
1091280,56
1216346,58
1075875,60
1262452,59
1067301,60
1411464,74
1255011,73
1405681,67
1242338,60
1219724,367
1058377,335
1195401,341
1484640,340
1430136,538
1194693,503
1238795,432
1445130,369
1495302,317
1457745,271
1228826,196
1032558,1429
1116835,298
1281436,280
1392727,259
1107967,245
1497229,2296
1412855,1664
1176830,284
1181052,213
1026093,1010
1185453,1035
1315380,1003
1413823,1068
1010266,1071
1091121,1105
1126295,1238
1322521,1242
1345620,1252
1273456,1018
1017181,71
1437992,69
1342908,72
1028601,79
1396722,76
1467939,68
1149914,92
1399635,88
1012701,57
1244464,47
1386370,51
1216014,56
1368555,49
1113123,57
1345794,54
1119492,72
1111125,72
1412767,77
1450857,55
1173917,57
1155630,56
1356121,65
1050288,68
1162283,62
1489209,65
1351254,85
1216122,78
1321233,82
1378592,77
1243144,956
1179049,947
1122106,1002
1128795,938
1161911,2441
1291485,2446
1164130,1186
1304828,1034
1375598,3276
1226809,2635
1055745,56
1373254,165
1254780,147
1064535,194
1262880,179
1210758,71
1241336,82
1340262,71
1179825,74
1194213,64
1408547,248
1221819,131
1075060,121
1122942,51
1101877,96
1394784,95
1193406,78
1286648,75
1422458,61
1375901,72
1108850,227
1315916,223
1474269,211
1054140,204
1120723,205
1305234,198
1301459,253
1376519,235
1134580,222
1485791,204
1451083,61
1445603,511
1484744,404
1038904,80
1031321,61
1407540,83
1039587,65
1156578,71
1312025,69
1040401,329
1114965,333
1104316,341
1112568,329
1428843,330
1230914,317
1075523,358
1488572,325
1070158,329
1326706,279
1088269,81
1056626,67
1103377,67
1083185,63
1311976,61
1494852,60
1424685,77
1365452,80
1144977,69
1487150,58
1269737,155
1220695,148
1260241,142
1413776,137
1096175,142
1028988,139
1163114,163
1379872,160
1434750,151
1149128,142
1050787,537
1393875,525
1012578,523
1198302,517
1145147,532
1088945,521
1031019,593
1451871,582
1484128,566
1403902,446
1230428,351
1258533,389
1461975,470
1051521,390
1449613,453
1301242,473
1388334,455
1462301,403
1256292,398
1375741,329
1272397,91
1030881,101
1389672,105
1082933,113
1255464,103
1180074,104
1476554,133
1316356,127
1492732,107
1086058,221
1028415,213
1239901,200
1252904,195
1201095,383
1150029,318
1353626,252
1480847,235
1008536,225
1335480,200
1401571,127
1090332,183
1387352,241
1457410,188
1463710,186
1023300,186
1303377,213
1370092,146
1226369,151
1125244,138
1435758,91
1449932,91
1115199,98
1384407,100
1478571,104
1074049,110
1205729,136
1437531,142
1214154,138
1128210,125
1472617,301
1484423,347
1379556,399
1151642,434
1491312,418
1154462,412
1126102,400
1016428,361
1395652,353
1008390,282
1099643,278
1405566,274
1334187,278
1144637,278
1223108,377
1104258,358
1476710,415
1175881,280
1457081,327
1336815,298
1179494,1132
1424073,1095
1245852,1081
1365636,1159
1106708,1099
1153454,1027
1249506,1110
1172413,872
1444494,968
1478307,793
1391175,327
1013490,200
1085873,232
1115883,249
1368173,248
1471715,239
1016398,272
1077222,270
1165593,268
1491929,237
1384377,595
1032299,614
1202009,606
1439062,587
1265686,555
1051255,557
1424001,661
1280472,570
1294818,519
1388456,435
1416231,61
1083836,50
1331096,370
1368030,340
1345512,53
1292810,51
1087300,65
1343012,64
1161779,68
1319688,65
1333542,128
1486982,117
1107205,121
1390807,127
1466492,120
1334010,117
1270293,139
1074290,129
1041760,104
1445115,105
1264796,507
1023315,394
1210647,392
1426497,403
1235375,378
1350360,369
1469630,424
1277210,368
1146622,357
1036876,299
1425196,206
1491984,203
1344138,221
1283089,223
1170506,422
1411866,330
1194304,239
1113435,202
1237466,195
1271238,187
1363159,143
1364616,142
1429146,146
1464202,149
1068354,141
1005203,133
1414175,159
1481232,150
1129914,153
1238863,133
1008215,20
1411724,29
1245081,40
1484308,87
1202024,75
1052405,41
1042014,38
1000162,33
1027805,24
1311397,173
1477907,162
1216651,148
1123580,164
1417666,153
1002038,147
1084662,176
1489354,161
1158075,160
1042125,145
1251613,23
1168245,24
1160402,22
1422509,22
1158511,34
1147099,30
1320661,66
1384396,68
1132599,72
1146902,69
1261255,70
1257915,69
1345160,75
1337595,62
1390310,58
1062489,36
1063831,130
1255299,119
1413299,34
1168202,53
1057456,39
1266795,46
1169272,50
1102241,52
1211490,50
1399529,72
1378037,68
1040540,84
1146566,60
1331389,64
1315441,55
1372739,40
1421522,114
1259696,80
1129512,83
1067118,37
1438160,31
1051817,43
1499922,44
1111061,43
1066167,35
1314843,67
1347403,83
1212494,73
1279696,70
1138980,101
1198904,99
1222111,100
1438733,92
1398572,86
1319182,76
1185945,53
1093579,49
1032870,56
1214375,49
1177759,57
1274988,70
1427628,66
1142944,50
1384967,293
1061803,289
1465247,288
1378051,277
1009948,258
1480310,251
1382879,289
1456342,266
1010920,259
1056436,229
1429213,275
1382855,505
1200363,234
1084567,263
1498562,252
1469153,262
1037102,1258
1427400,1031
1409674,230
1459589,216
1341539,31
1358202,25
1082994,26
1280847,27
1137255,323
1449924,210
1146408,184
1109325,174
1089155,174
1260361,164
1069628,209
1476185,223
1304452,223
1456018,193
1168634,64
1050143,60
1448384,69
1492295,79
1368624,57
1036112,63
1483648,77
1406961,86
1386811,83
1323791,70
1334064,321
1474493,326
1452523,318
1109460,318
1397686,364
1436925,319
1271835,359
1266289,361
1172743,429
1028916,370
1315521,24
1072330,24
1337149,27
1275118,27
1162539,19
1196722,132
1490941,130
1040784,116
1294243,122
1352466,173
1452753,169
1050510,147
1115545,135
1188052,133
1071305,121
1247277,71
1052474,596
1108974,146
1371893,130
1367438,137
1449624,108
1484270,1140
1183169,871
1286878,104
1144960,90
1053700,292
1196897,282
1100864,297
1095250,283
1314012,293
1177213,285
1312239,318
1371943,321
1269951,317
1124463,271
1490942,61
1170667,39
1143819,40
1179359,20
1475609,23
1027289,34
1378115,35
1021057,29
1449942,36
1249222,39
1208517,35
1062744,24
1243058,32
1293688,30
1100724,35
1439573,43
1373315,39
1222836,36
1335629,246
1278780,276
1067138,305
1438654,260
1115605,710
1129879,748
1107382,324
1430066,329
1125215,1178
1053604,1045
1384170,32
1136582,141
1349156,89
1058093,52
1483101,28
1029890,43
1474722,38
1475193,84
1135844,33
1398655,38
1315808,27
1103978,39
1470282,38
1269302,37
1227936,28
1408686,177
1070194,142
1403968,155
1123130,151
1245806,163
1495941,147
1470501,178
1015807,166
1391639,162
1482372,142
1391156,27
1045104,28
1103952,132
1454713,94
1375968,32
1007084,26
1052745,46
1158748,138
1286519,141
1309602,148
1372560,161
1128131,150
1162379,143
1456855,154
1248994,150
1472655,150
1455569,141
1122155,29
1220591,28
1075151,25
1276712,26
1499384,25
1359818,20
1079711,81
1233988,89
1397501,95
1009945,83
1299667,87
1393892,86
1234576,102
1134369,109
1353368,102
1340396,96
1440443,385
1127755,413
1073642,455
1442597,417
1123801,412
1016113,410
1077256,468
1417275,410
1127001,405
1426278,356
1476353,31
1446591,35
1060246,154
1423262,148
1142875,149
1381048,135
1457123,175
1159627,178
1389785,150
1105548,146
1149460,137
1274740,124
1080233,64
1031203,72
1139190,79
1104740,74
1290913,76
1430451,72
1335989,92
1162693,64
1305141,70
1013437,56
1233671,57
1320120,56
1025076,61
1223519,58
1054214,61
1308065,60
1240654,75
1200050,79
1345355,76
1068268,67
1270445,239
1343543,261
1155966,297
1283403,268
1121260,263
1480060,258
1334159,307
1491288,263
1211269,260
1478541,239
1452943,68
1417264,65
1191088,61
1396054,56
1292602,66
1297445,74
1453344,83
1211395,64
1014021,70
1346976,62
1048031,320
1456955,295
1381063,303
1277432,308
1099897,287
1250071,268
1463021,316
1353948,267
1033537,266
1486601,219
1420868,65
1180967,42
1168582,52
1200756,51
1231412,50
1169013,88
1331116,88
1125203,72
1348911,61
1086613,277
1421320,262
1090620,267
1069506,249
1325531,245
1083569,239
1313290,274
1080704,254
1164623,245
1302218,214
1194353,91
1132414,82
1031339,327
1169426,221
1079503,205
1097103,207
1285304,207
1402825,192
1089017,243
1010820,210
1015441,208
1231147,183
1105986,278
1348536,253
1433325,265
1167618,261
1277541,453
1444093,480
1263410,242
1451230,229
1204224,219
1397681,191
1182144,115
1495363,114
1424798,113
1166644,107
1437121,107
1336858,96
1452469,118
1033949,108
1049040,100
1323615,92
1269746,43
1433619,48
1001640,39
1194935,39
1188770,100
1081277,64
1396237,54
1361791,47
1142156,45
1301647,36
1194788,95
1118413,81
1463339,86
1322713,91
1217125,83
1149362,73
1063625,101
1315041,98
1337564,92
1400460,81
1319113,22
1346923,21
1006410,53
1374185,49
1128146,54
1107192,54
1429267,59
1348839,61
1062422,47
1152761,50
1103794,37
1116108,27
1030078,28
1442249,175
1255211,142
1128793,43
1385567,36
1261731,51
1401816,37
1088743,43
1108362,37
1418907,36
1440868,36
1073521,49
1271078,31
1032225,49
1383271,41
1178834,46
1302037,38
1245159,61
1066967,70
1183823,79
1359292,136
1488400,77
1175823,51
1100095,67
1302501,56
1007438,53
1320986,45
1218892,89
1244188,85
1285096,83
1236380,72
1063163,109
1204772,105
1093786,101
1174817,85
1486767,82
1488426,63
1293017,43
1097133,44
1374574,40
1085531,38
1361255,39
1472554,52
1064428,49
1044578,42
1432364,39
1154515,136
1077412,122
1372989,132
1085876,125
1232949,123
1109936,131
1487950,145
1097184,132
1140272,129
1493015,105
1109605,382
1070941,773
1103072,369
1451491,318
1176188,313
1132187,361
1360286,959
1008508,806
1390829,279
1390931,249
1155697,27
1208514,22
1387955,21
1091512,18
1163909,17
1054161,23
1221242,155
1075306,132
1472117,129
1361785,128
1299678,126
1478932,119
1477313,146
1028047,141
1111646,142
1100366,138
1342337,47
1439494,44
1006332,49
1419759,48
1395664,48
1129361,48
1380842,61
1050958,66
1105354,63
1450106,53
1409427,339
1100468,358
1411863,348
1010693,366
1004925,362
1265382,366
1239027,416
1462013,414
1464784,421
1440692,341
1087631,19
1202597,134
1489659,124
1327758,123
1234609,125
1039028,148
1470903,155
1195946,151
1033329,133
1214830,129
1240032,116
1099603,194
1353172,491
1019198,222
1391487,185
1386397,174
1370849,177
1055063,742
1398646,618
1124512,163
1209189,146
1000264,241
1253533,251
1109365,249
1492072,255
1369989,244
1233753,264
1113550,292
1119683,291
1351878,287
1143262,241
1272587,31
1290655,32
1166069,33
1099209,22
1004210,26
1445895,34
1493529,33
1128880,107
1306327,53
1443388,27
1232007,34
1473506,30
1408066,42
1055072,35
1295169,30
1398942,23
1224218,32
1258934,32
1154519,27
1335469,30
1333990,29
1404629,42
1113566,39
1403272,31
1265773,272
1199865,323
1246934,372
1122674,335
1218607,844
1117180,830
1395756,545
1200879,464
1354961,1017
1254236,893
1378973,51
1365889,45
1404113,57
1420948,103
1085578,42
1461775,46
1222138,42
1446108,34
1080246,29
1195326,17
1082828,115
1269378,102
1349534,113
1333349,113
1363871,105
1004201,95
1208483,119
1308393,110
1176480,107
1267608,101
1229780,27
1474801,144
1196064,95
1094602,31
1341838,59
1471444,45
1443416,43
1350236,37
1463712,121
1162339,120
1104304,127
1313355,120
1452462,120
1036900,117
1390732,125
1318748,107
1417446,117
1400458,99
1281325,30
1335270,31
1432911,27
1243734,28
1412550,38
1096371,37
1414904,30
1268663,22
1016463,57
1014561,52
1023254,55
1261641,56
1242929,58
1066835,51
1084108,67
1273171,76
1310686,71
1429564,60
1024089,190
1250260,176
1079833,192
1205357,160
1391126,159
1033330,156
1362777,186
1205882,159
1370541,165
1175659,153
1027143,40
1493357,121
1455534,121
1178953,118
1365007,120
1331624,143
1051517,145
1111575,136
1343235,121
1409057,117
1225360,104
1485114,76
1120103,78
1049722,80
1284522,71
1342647,77
1086255,69
1434155,75
1487073,56
1210002,61
1336168,46
1179146,99
1077679,117
1356561,102
1445899,116
1056607,116
1471104,112
1157790,134
1281062,128
1128363,128
1147010,111
1079844,164
1343311,150
1222710,171
1444309,149
1430049,138
1107484,154
1449523,181
1204458,155
1349810,162
1233956,152
1267409,57
1020645,55
1076446,55
1158633,50
1137733,60
1330234,68
1165516,58
1232019,64
1087910,54
1153545,217
1291261,221
1132971,232
1184517,220
1481481,218
1072917,217
1124052,253
1120927,210
1270649,216
1318939,186
1085957,66
1308794,46
1456287,62
1171254,55
1120570,55
1457111,53
1299687,64
1274831,67
1202928,65
1223002,60
1369030,194
1243985,200
1334645,201
1133418,194
1483507,193
1182900,179
1029886,208
1218586,201
1305277,193
1468483,173
1391127,33
1001197,30
1185326,158
1049627,85
1006124,33
1298818,38
1179858,35
