id,num_orders
1177098,816
1486011,770
1301735,745
1273097,745
1450902,773
1158165,748
1077876,883
1479002,916
1281555,874
1220629,720
1287288,1425
1149272,1428
1430093,1442
1157251,1624
1364131,3123
1227970,2869
1411427,1544
1033512,1549
1249878,1499
1449349,1215
1386036,423
1177651,409
1261268,407
1316488,391
1297387,449
1240915,364
1140431,482
1013079,495
1361178,482
1097810,379
1391435,187
1099528,176
1117969,189
1054117,172
1103779,151
1285350,164
1367217,210
1416683,205
1118412,208
1293675,164
1330467,197
1189762,199
1408479,192
1375495,181
1361615,387
1498846,216
1145843,186
1310857,202
1315483,182
1074295,143
1279057,112
1092985,99
1259030,124
1326687,117
1373522,123
1157350,129
1250173,133
1152295,142
1348202,133
1284570,104
1158868,26
1047566,27
1209129,26
1004886,24
1195396,27
1271245,25
1093884,22
1259014,20
1399101,217
1437934,299
1416330,275
1302476,278
1146657,286
1057285,267
1349227,347
1368165,233
1422379,257
1086047,190
1002589,665
1017711,618
1211204,566
1345688,600
1210501,609
1084025,622
1239272,679
1022695,660
1011110,700
1005560,639
1225988,108
1366211,103
1324708,113
1184103,108
1310794,111
1388767,116
1272864,134
1133154,149
1344662,147
1038802,117
1467437,77
1329046,65
1057669,371
1331479,309
1232705,60
1401490,60
1196960,77
1119175,59
1149199,52
1297151,59
1408811,451
1237636,425
1008635,427
1481250,399
1481724,809
1458403,779
1438049,770
1197105,477
1181471,455
1352308,397
1399262,266
1398440,371
1472243,402
1342553,379
1303872,304
1374742,214
1160087,277
1449481,261
1409784,261
1181977,209
1236099,174
1088551,178
1438339,161
1374498,140
1173658,236
1008292,272
1045869,192
1284400,182
1228589,172
1136450,156
1192132,223
1277023,201
1226033,206
1383481,207
1345596,227
1346637,210
1099736,267
1070940,261
1283616,170
1412687,133
1078901,787
1229539,740
1340614,724
1428262,679
1018915,727
1038769,671
1103105,800
1360988,773
1298022,738
1492789,618
1051818,849
1147532,2700
1246221,839
1000164,808
1315204,862
1268614,806
1303680,4356
1399880,3472
1494417,823
1272597,757
1418909,97
1396660,87
1175187,81
1317753,69
1034244,53
1040435,56
1349623,67
1431405,64
1179430,48
1176893,40
1449984,810
1292983,775
1115570,749
1200857,723
1344262,730
1203477,667
1187267,804
1044893,863
1220430,797
1320834,687
1198931,522
1430253,466
1196393,520
1480687,535
1097181,563
1499604,557
1408309,654
1053367,677
1066051,551
1073193,537
1161079,65
1134692,65
1444677,65
1417557,66
1292994,70
1461469,75
1382786,77
1259677,95
1148205,94
1325721,75
1179236,91
1447264,91
1007165,93
1094157,93
1037639,127
1043566,121
1071289,116
1230721,122
1281633,120
1381624,93
1134786,1657
1052017,1596
1209585,1536
1115016,1608
1101235,1776
1448019,1875
1315737,1957
1039269,2014
1436545,2009
1445418,1835
1252654,76
1067370,80
1415662,80
1423314,72
1367043,67
1234416,60
1368612,71
1175687,72
1126635,55
1215026,42
1307333,480
1077544,441
1461548,423
1155304,383
1076344,691
1479849,723
1337089,529
1436130,497
1097496,444
1095473,390
1397206,277
1132317,1451
1249794,306
1235645,268
1267815,303
1024354,273
1106620,3247
1277874,2488
1128160,329
1088442,239
1008071,717
1351714,703
1278748,646
1033118,715
1432496,744
1231141,717
1026727,888
1077204,920
1438728,940
1424161,798
1232750,163
1240251,164
1324350,166
1315410,172
1492833,170
1136861,156
1295531,191
1280308,193
1167103,118
1389109,84
1355488,104
1216663,106
1363746,111
1128710,99
1042523,92
1110118,76
1290610,94
1145669,92
1286261,78
1325159,60
1011543,154
1058360,151
1007123,150
1412939,141
1014783,138
1113754,137
1273175,149
1248159,159
1457927,128
1115454,110
1214752,1635
1058556,1711
1353953,1730
1408738,1756
1483186,3069
1052629,2977
1466020,1798
1051717,1989
1431922,4041
1216601,4254
1238090,170
1214968,226
1079476,227
1165310,249
1176334,222
1012940,138
1250538,208
1199727,173
1467998,188
1007279,157
1061973,246
1281392,174
1023051,179
1158061,81
1142648,95
1404159,100
1348850,95
1379341,94
1403602,74
1229591,93
1009044,205
1066687,194
1167748,208
1075832,201
1151308,193
1262900,189
1080258,239
1497570,210
1316773,222
1173901,172
1020490,67
1054376,67
1066575,470
1428927,425
1195774,61
1482761,58
1359976,83
1054274,66
1197821,58
1048829,65
1273910,326
1238143,323
1474729,335
1350239,355
1440237,360
1105342,341
1001956,424
1114835,399
1115501,391
1184958,319
1155995,182
1040659,171
1311681,163
1433355,145
1271815,149
1242344,139
1200743,151
1436480,154
1279838,140
1251356,111
1076920,125
1489348,116
1249911,116
1429083,116
1014635,124
1274715,122
1084623,142
1486084,159
1007567,164
1005224,130
1018869,407
1079368,398
1093376,401
1041123,393
1430566,441
1040612,411
1392552,498
1281620,520
1005866,516
1037632,423
1386889,516
1173359,515
1367247,526
1482433,542
1257584,557
1114301,585
1421477,589
1010322,542
1366678,499
1190900,446
1268984,211
1082662,214
1341057,207
1198596,204
1360054,207
1316119,197
1182553,220
1312899,216
1279295,212
1179644,180
1195643,302
1400933,297
1006845,291
1244972,270
1211835,413
1245361,395
1205492,331
1459875,314
1369352,301
1279631,266
1197470,277
1364127,359
1473365,339
1413843,463
1116354,379
1185582,340
1359183,419
1259615,305
1175328,328
1017133,235
1073550,258
1052320,276
1218304,262
1403013,280
1213321,294
1059546,273
1037013,338
1030517,324
1413036,332
1010010,265
1446578,568
1465365,602
1026935,580
1117406,609
1304553,582
1221568,563
1385364,677
1387510,596
1020597,570
1419393,483
1003760,345
1207260,336
1110869,334
1146477,332
1207346,708
1408082,689
1376120,647
1407386,395
1497500,407
1194367,350
1272083,1114
1099221,1017
1406384,922
1360566,1086
1050703,1083
1419040,1028
1255087,1149
1169109,987
1231535,974
1475079,813
1121637,773
1286192,367
1076099,397
1135164,409
1243831,494
1247648,428
1080752,499
1006812,495
1205020,489
1281256,401
1185139,709
1297480,663
1051229,674
1012762,652
1005712,664
1290480,636
1107751,741
1448045,687
1320697,644
1343551,544
1465107,66
1041761,66
1359065,405
1083748,400
1174518,59
1309393,58
1173584,86
1362180,65
1402804,53
1379904,66
1234402,202
1232348,201
1186038,200
1228924,209
1420063,215
1224017,197
1456472,248
1387675,241
1043351,160
1426735,126
1190633,599
1234168,561
1187850,560
1461408,566
1324628,599
1043320,537
1112006,640
1431890,670
1142113,638
1473136,525
1129467,803
1440344,793
1199647,750
1329067,914
1310720,1583
1187699,1934
1490972,877
1188019,858
1393545,809
1196202,659
1289523,286
1306275,302
1123768,299
1495866,294
1251443,330
1112488,295
1248124,370
1361909,364
1484093,397
1137757,334
1049366,115
1442356,104
1344308,125
1057310,120
1450163,132
1249769,116
1328737,146
1358230,150
1245395,149
1227902,124
1141892,84
1023603,73
1009205,71
1401622,68
1056837,189
1399479,122
1380035,78
1187248,77
1052075,66
1190890,56
1224120,128
1083028,130
1435741,141
1227990,139
1102401,134
1494941,135
1405194,162
1160706,170
1389486,171
1475674,123
1117711,21
1268268,19
1084245,19
1436228,19
1044490,69
1119951,126
1148469,115
1040533,109
1182305,123
1058670,104
1069033,136
1052272,78
1102729,97
1439572,67
1091114,387
1066926,411
1042657,381
1126990,399
1135737,419
1264507,425
1220181,474
1483607,516
1465019,545
1142488,496
1103283,160
1398797,161
1198936,143
1206071,138
1148030,151
1293650,149
1200910,150
1285518,163
1080615,169
1254886,160
1083754,58
1462240,391
1135487,344
1018722,51
1172707,73
1162264,43
1086936,245
1207218,235
1040287,239
1430895,243
1029036,354
1338150,500
1352621,571
1068287,258
1032470,276
1455331,244
1244516,99
1327333,202
1077866,195
1157697,208
1359546,119
1083789,91
1186701,101
1307736,95
1169772,91
1423832,71
1052776,146
1017418,158
1084980,138
1049695,119
1152112,263
1073128,182
1400065,147
1078686,147
1442361,139
1438146,130
1229328,56
1154798,57
1258593,60
1214967,71
1415050,60
1249408,55
1217205,71
1403443,45
1323989,544
1063221,545
1375428,544
1171835,524
1175458,535
1022677,499
1064513,612
1141542,544
1254313,502
1429469,441
1140772,677
1473886,2555
1040538,632
1300105,576
1254975,601
1468203,583
1147088,3892
1225845,2733
1449493,527
1168141,471
1472121,37
1486257,35
1290578,34
1323798,30
1176875,26
1329642,30
1060343,27
1217405,26
1290002,699
1480585,644
1132573,605
1057544,600
1185226,618
1332114,587
1006557,704
1223406,759
1165398,739
1252122,649
1043572,500
1120725,460
1493836,476
1382069,498
1262029,544
1436339,533
1171914,577
1222059,619
1179976,623
1312713,554
1168741,97
1108197,101
1322681,96
1446803,96
1460737,97
1378544,92
1223144,98
1415427,111
1238698,118
1273113,96
1024905,74
1161371,59
1335725,63
1185623,64
1495661,61
1059370,64
1485382,75
1136555,81
1113434,74
1476173,66
1098228,1534
1080847,1422
1064602,1326
1093227,1384
1177861,1456
1259611,1416
1274836,1579
1030333,1640
1249982,1685
1188591,1599
1387134,26
1055877,26
1308549,25
1205716,25
1471019,26
1245854,26
1453386,25
1234023,24
1302153,301
1246959,300
1433203,305
1339909,280
1161885,489
1437209,626
1357587,414
1418362,376
1118797,339
1109876,321
1103484,255
1179187,1436
1262515,320
1050801,243
1209593,274
1129604,249
1471717,3339
1147030,2612
1374174,283
1347061,203
1101375,810
1398435,749
1353965,672
1183936,766
1311911,800
1062494,769
1410039,972
1187463,963
1082477,997
1345516,836
1302404,56
1319320,48
1363194,50
1150515,46
1465309,37
1373073,43
1164383,35
1302775,31
1439889,69
1043720,59
1065834,45
1272505,50
1356980,40
1028730,53
1124574,56
1369044,40
1157352,38
1197335,714
1098456,679
1004231,714
1348678,998
1069114,2428
1120606,2616
1116595,1003
1124659,947
1403491,3740
1124415,3326
1380381,78
1110397,161
1051554,150
1158465,172
1120697,93
1080382,69
1288728,74
1023715,74
1010857,63
1432432,54
1343027,126
1048501,72
1154647,76
1019399,48
1272535,46
1321418,41
1473948,41
1083699,40
1258695,49
1293810,184
1321966,168
1376274,188
1453454,175
1341931,184
1133750,175
1452164,213
1142445,196
1334127,206
1074156,178
1097952,43
1438615,48
1068496,373
1000100,328
1134437,39
1292242,56
1413791,52
1490069,39
1314145,65
1019214,332
1340547,308
1367086,326
1188841,337
1344109,352
1378136,331
1393759,384
1352569,374
1480595,369
1349200,311
1236400,53
1153639,51
1004909,42
1347302,46
1448703,49
1291242,41
1224254,34
1265051,110
1303545,100
1241905,95
1156187,92
1164364,99
1368515,91
1371309,95
1270509,110
1023956,116
1175778,104
1400016,403
1371135,400
1386866,398
1263387,397
1316202,434
1238695,406
1269164,478
1212464,492
1458850,493
1164926,426
1439647,259
1321232,298
1055592,403
1241427,486
1072422,358
1381948,297
1459193,390
1107012,321
1484291,343
1189072,295
1217722,59
1024786,62
1164714,60
1487084,61
1194216,60
1333009,61
1400194,60
1220768,60
1206564,184
1448674,184
1237375,162
1323061,149
1205077,374
1281460,330
1483448,202
1406717,186
1439670,173
1311889,169
1408468,100
1025542,155
1160326,152
1443402,143
1226069,149
1175779,138
1495888,180
1226727,116
1088993,124
1162495,100
1171266,88
1018646,90
1224157,101
1476159,101
1481437,103
1137703,90
1443319,122
1297612,103
1366087,100
1219884,93
1495062,393
1079487,416
1415325,428
1347027,401
1006493,414
1005118,371
1486530,466
1269555,428
1250542,403
1218398,349
1088412,179
1341714,176
1317606,174
1191523,178
1373558,265
1144418,365
1482712,449
1290408,204
1044002,233
1156368,198
1040430,971
1087004,871
1042794,824
1359630,965
1059906,940
1340375,858
1167679,1001
1118042,821
1433454,841
1414239,705
1333032,367
1074655,131
1017569,167
1047271,173
1364823,233
1081645,242
1193498,272
1308101,254
1295480,292
1026912,264
1170447,511
1141028,495
1283426,492
1353711,473
1053353,479
1077335,451
1347043,563
1222655,506
1413603,449
1166615,395
1251605,41
1207693,39
1108927,298
1388671,250
1286860,35
1306117,49
1493718,46
1289654,35
1140803,47
1164395,68
1131843,68
1437106,76
1360876,75
1383471,74
1008063,65
1465304,83
1045061,85
1461030,52
1207213,50
1247289,898
1005108,888
1034753,864
1306222,889
1383467,921
1264972,875
1061474,1022
1132437,1058
1115805,1000
1016058,837
1137610,1528
1480777,1527
1494822,1548
1464047,1773
1472699,2835
1376448,3058
1282271,1589
1408615,1758
1023846,1609
1243501,1493
1129707,457
1260334,456
1021163,425
1140966,489
1243209,497
1083760,458
1381446,573
1005261,583
1252533,567
1188240,497
1160081,118
1008310,101
1221080,103
1059966,111
1242487,113
1421837,98
1057534,128
1323943,130
1064030,122
1498348,105
1136118,173
1134200,169
1145773,175
1190892,166
1466336,379
1134658,252
1459356,158
1426808,185
1296652,171
1348796,135
1120430,152
1247851,140
1031048,150
1106408,148
1029543,149
1193017,147
1261642,171
1395556,166
1005813,173
1037275,150
1442044,77
1307339,73
1196209,78
1482208,66
1379112,64
1128418,58
1467469,73
1120268,71
1346817,54
1441892,43
1113611,121
1265885,168
1466429,169
1180816,153
1315750,156
1407545,139
1420309,193
1262288,124
1069047,144
1135656,109
1086750,460
1159714,533
1240555,506
1124593,517
1083372,591
1186898,543
1000649,667
1356969,662
1305931,663
1223568,539
1025605,209
1046412,213
1115576,213
1199659,215
1499049,222
1324623,220
1322481,267
1231854,286
1219611,295
1341241,229
1213246,70
1303698,70
1137709,482
1185120,414
1371702,69
1208218,64
1035515,90
1386342,69
1143967,62
1377191,70
1008206,502
1479104,475
1207945,473
1061234,458
1453841,621
1154063,791
1219733,787
1399265,490
1458672,482
1496971,421
1233312,246
1264605,441
1068894,315
1056311,373
1305530,265
1103403,192
1257959,233
1124544,240
1079989,238
1463282,195
1467510,200
1191200,200
1173754,188
1262678,167
1390007,345
1039345,258
1350477,217
1110823,206
1211565,184
1350329,164
1072530,266
1445154,250
1472817,258
1232736,277
1378869,285
1272128,268
1049965,336
1034550,312
1050805,213
1181479,158
1329551,872
1327025,811
1122935,785
1493967,738
1342800,767
1130779,748
1209612,831
1082880,806
1355118,761
1313071,664
1364001,1112
1158273,3057
1179879,979
1072628,968
1078195,1000
1014743,961
1093556,4437
1394305,3686
1180962,1009
1317465,982
1285290,95
1283478,101
1403548,96
1126214,69
1264973,62
1305760,59
1357985,77
1341978,69
1017304,53
1110867,811
1137245,769
1403820,754
1256510,731
1353789,756
1007195,721
1400253,842
1290777,892
1287202,873
1387179,754
1147262,574
1240702,525
1198318,508
1326921,577
1136997,533
1449211,591
1285242,671
1429995,729
1118227,759
1477410,692
1082079,187
1399206,191
1071064,190
1338613,199
1279640,205
1218656,203
1255347,241
1196682,261
1175536,265
1176180,206
1032497,171
1354339,169
1494544,179
1340571,195
1191782,185
1186849,186
1367532,225
1107386,218
1065339,224
1323008,184
1332667,2564
1039351,2441
1319273,2395
1305518,2431
1327143,2496
1272171,2149
1223757,2259
1090089,2309
1128850,2323
1446344,2495
1379360,95
1203113,96
1341899,96
1163110,88
1229974,83
1392905,77
1155992,87
1287197,87
1290426,71
1067530,57
1171352,572
1182678,541
1065067,530
1239466,468
1223222,1136
1422513,893
1446621,663
1453468,592
1361280,533
1449340,465
1369843,427
1388974,2476
1256351,469
1418345,370
1410772,405
1347615,371
1229128,3310
1275233,2762
1238848,449
1404060,337
1075942,1387
1458788,1410
1108592,1449
1091948,1576
1028978,1603
1480899,1656
1043364,1784
1390783,1865
1083460,1841
1113545,1789
1203532,149
1404661,139
1019816,151
1152557,158
1262290,164
1118117,152
1389659,188
1375700,192
1089820,122
1019878,87
1254872,107
1174768,98
1364143,104
1412578,87
1327394,77
1015386,68
1117354,85
1151394,85
1287520,65
1357767,52
1316684,106
1039434,106
1115675,112
1135243,111
1240466,107
1057585,100
1278666,108
1300574,120
1207105,107
1035393,77
1020081,1690
1190755,1682
1167256,1723
1096372,1756
1218496,3273
1475974,3156
1373463,1762
1256563,1997
1123285,4171
1173215,3794
1279379,156
1451598,298
1304937,279
1231953,307
1168898,156
1353870,130
1165749,152
1230695,153
1242560,145
1228365,114
1413930,244
1022252,158
1139910,156
1001888,75
1210850,80
1407222,83
1370845,83
1266898,88
1151883,78
1277683,72
1487280,219
1123603,211
1206298,222
1337824,218
1053213,219
1177201,213
1374187,256
1021300,243
1490308,226
1306497,191
1279131,120
1269144,93
1276382,613
1116326,523
1404622,99
1275681,82
1194463,120
1304635,108
1205095,98
1478466,86
1010552,379
1331672,380
1457969,366
1368801,381
1455031,416
1011328,395
1162772,473
1227348,427
1255226,406
1145821,354
1470186,114
1178919,116
1418928,116
1081244,109
1077806,105
1152499,96
1370097,108
1020769,108
1400947,93
1018985,75
1414158,214
1416216,219
1192089,214
1115764,221
1473840,228
1302530,226
1237322,268
1004831,288
1153638,299
1084874,234
1109804,578
1054832,574
1352123,557
1423856,598
1435666,611
1354480,594
1246275,703
1336436,735
1432832,726
1165254,619
1339938,416
1210385,488
1099728,482
1023338,541
1011542,555
1155592,472
1019661,590
1392027,528
1316583,504
1097877,457
1494216,280
1182532,274
1290506,265
1470108,266
1267485,263
1334810,226
1222803,245
1484176,229
1028575,228
1179192,198
1374892,246
1350025,245
1271551,234
1135607,213
1094534,471
1402997,462
1276985,314
1050864,283
1438304,257
1172618,236
1248315,198
1203731,291
1423330,269
1175893,276
1120441,296
1195707,276
1333706,370
1334557,248
1243318,274
1190535,199
1116374,400
1018735,418
1205948,413
1083732,410
1124304,424
1068682,375
1061931,470
1188547,446
1197855,431
1395274,358
1431703,501
1351595,460
1409355,454
1315567,478
1429778,477
1414869,453
1027375,533
1022544,510
1022578,443
1078001,397
1267686,404
1143283,379
1162708,373
1327015,376
1396741,553
1224020,730
1173723,802
1430604,409
1263640,425
1429780,372
1022953,1811
1495360,1835
1029946,1651
1089615,1892
1112962,1873
1210844,1798
1283830,1945
1242056,1533
1129081,1664
1213128,1458
1234220,1493
1358932,550
1456061,580
1001605,702
1495976,708
1186697,692
1318247,791
1304912,859
1116992,865
1415286,804
1398257,1023
1247585,1004
1035021,962
1221774,917
1152647,948
1124283,895
1232726,998
1362645,989
1418889,947
1261781,840
1256386,77
1057182,80
1263231,444
1084274,382
1082354,69
1472006,65
1310908,93
1374704,73
1285971,68
1412159,68
1115708,280
1092272,272
1219683,260
1310626,289
1027118,288
1335607,272
1371511,336
1273740,317
1181728,207
1251517,158
1485369,324
1103569,326
1314410,314
1430695,303
1145013,317
1468147,281
1412754,361
1032733,378
1213087,354
1008542,249
1209550,307
1441788,303
1494973,328
1276788,281
1469801,522
1416169,721
1351029,536
1231616,351
1066223,332
1173940,253
1432305,146
1283783,125
1146363,138
1465455,147
1036398,138
1203802,126
1456889,172
1478238,168
1049845,161
1100984,128
1084587,39
1190800,40
1039931,39
1073152,35
1481762,74
1334284,30
1029180,38
1084257,34
1317402,28
1079777,166
1270643,148
1446195,177
1484197,168
1200304,165
1287827,158
1248108,197
1403904,195
1021726,173
1376640,160
1380277,16
1041176,15
1297002,15
1066076,14
1259666,15
1088323,13
1292401,57
1290034,86
1332253,88
1014996,90
1163030,85
1440934,73
1349753,85
1249975,60
1056109,60
1357053,154
1350810,141
1054426,117
1289065,107
1471242,109
1055911,108
1123788,126
1347514,153
1324777,160
1322645,120
1095958,61
1434822,63
1242168,67
1273859,66
1012400,65
1215030,68
1208743,71
1490547,84
1401627,86
1358531,73
1188645,192
1162484,202
1013447,21
1118218,36
1404874,26
1226475,21
1000846,26
1356581,70
1013345,68
1442195,68
1215930,65
1408973,99
1238444,103
1420458,119
1131404,70
1086225,73
1169837,67
1203992,51
1145754,73
1199358,76
1243074,102
1256588,81
1478036,36
1392760,53
1385580,51
1457759,57
1042647,35
1058867,81
1310991,83
1269866,80
1128791,77
1036302,100
1214927,92
1275245,87
1358702,86
1146124,83
1318590,62
1370271,34
1000409,34
1422995,35
1439692,40
1284951,42
1175049,43
1185125,24
1415191,247
1003274,242
1148714,238
1305683,225
1438635,229
1321983,210
1326115,292
1144115,227
1257509,213
1022568,177
1379917,269
1031253,827
1024232,271
1136080,223
1250344,314
1469473,290
1019938,1869
1231475,1685
1380749,198
1214542,210
1303074,16
1148161,15
1411642,14
1028210,15
1226546,314
1395289,305
1189355,316
1443779,287
1370125,315
1375670,268
1441077,348
1325306,364
1215047,358
1329687,262
1482844,206
1201815,209
1331830,209
1049699,179
1333824,203
1005047,197
1434656,216
1421537,195
1170030,243
1333229,200
1432554,67
1036321,63
1340270,71
1134217,68
1031549,71
1238585,66
1312452,76
1201497,86
1199397,84
1213797,69
1062232,28
1329787,27
1381422,26
1041718,26
1025446,29
1030594,27
1171225,593
1113088,598
1421572,551
1231421,609
1155226,662
1050090,619
1462159,772
1262088,762
1059783,812
1068765,683
1024581,14
1278254,14
1210203,14
1142069,15
1393711,14
1028000,126
1133330,145
1425669,133
1240821,122
1398217,167
1288267,155
1054056,154
1252270,149
1134544,144
1239796,130
1082924,90
1010839,928
1462666,120
1015385,131
1477694,118
1017174,110
1339356,1501
1251909,1519
1237409,88
1235681,426
1473044,419
1165704,422
1327609,443
1382591,406
1258870,433
1340640,549
1165396,583
1460743,576
1210591,446
1439204,32
1456232,39
1281119,40
1306776,29
1146091,24
1475252,22
1221331,26
1072871,21
1036557,21
1249595,20
1423465,32
1191423,29
1041334,46
1462748,29
1098172,61
1265747,28
1071053,58
1260150,32
1467327,31
1039490,26
1282588,279
1340515,283
1000357,293
1329859,265
1377570,1125
1198647,640
1243803,456
1393212,352
1413792,1792
1114795,1311
1073984,28
1296525,67
1026899,53
1161777,74
1069257,45
1003011,24
1015640,31
1053602,30
1236743,29
1298612,24
1171522,39
1298237,40
1217098,31
1079423,25
1072315,21
1092628,175
1077145,165
1428079,170
1121116,173
1144786,178
1151671,173
1289400,215
1159996,205
1223966,190
1268664,168
1437271,20
1420669,20
1425768,176
1287294,140
1052619,36
1328041,37
1350959,185
1042549,181
1437111,194
1166579,187
1485217,194
1438722,199
1179775,207
1064722,197
1116704,191
1161161,161
1194491,35
1342433,34
1237362,29
1486738,28
1070617,27
1478278,27
1089189,25
1487636,23
1335161,42
1149326,42
1184109,42
1250917,42
1157950,43
1165272,44
1045564,48
1031512,58
1267384,61
1165991,52
1224499,269
1022104,251
1332421,255
1233349,264
1412941,282
1498242,240
1054399,329
1030700,342
1460017,293
1461262,236
1244952,153
1287128,166
1163539,185
1235684,173
1483944,165
1142725,175
1323315,202
1254188,177
1115861,168
1075316,156
1104842,17
1369219,16
1243216,15
1409284,14
1046968,18
1073731,16
1055416,16
1289214,132
1221524,142
1043470,133
1076426,121
1038594,158
1344687,140
1031647,137
1294819,146
1152672,138
1415430,114
1120552,66
1329211,103
1077637,99
1269584,88
1320063,78
1243523,104
1443457,72
1091205,69
1059392,54
1381859,33
1203139,33
1468809,33
1097142,32
1494739,97
1133318,37
1489756,44
1478252,38
1158974,118
1312320,137
1140924,147
1450893,193
1149920,95
1165858,146
1098563,159
1373446,161
1129872,124
1392880,118
1468382,29
1486459,26
1457277,25
1160131,40
1107036,41
1313365,46
1114748,31
1492680,35
1338998,28
1369288,423
1097299,413
1288385,427
1075490,426
1276034,433
1335661,378
1263819,498
1307045,356
1023914,380
1438726,270
1107949,225
1255934,78
1049619,70
1102290,66
1010584,63
1079013,63
1239770,70
1415070,83
1234331,83
1147425,69
1159953,348
1484891,326
1076815,341
1375783,311
1057460,300
1047283,287
1282357,348
1019252,295
1180163,265
1403728,207
1399943,19
1031064,130
1285677,137
1422692,26
1472670,24
1245179,32
1098339,28
1415077,316
1167273,298
1478601,317
1085278,282
1413452,318
1282205,281
1050183,344
1090747,364
1326067,351
1355437,242
1147147,279
1366465,284
1081854,284
1099585,273
1033845,527
1027173,457
1053974,336
1149325,322
1485355,307
1114099,222
1192440,157
1302703,123
1362241,147
1170120,150
1134558,167
1083778,146
1359599,178
1146050,217
1243817,220
1385751,165
1318214,78
1354676,86
1043464,68
1095610,74
1445857,77
1165646,105
1109736,94
1250867,93
1104719,67
1161020,35
1433370,38
1209170,37
1031572,34
1069568,67
1406673,52
1485136,30
1380450,34
1457409,31
1189724,26
1277505,84
1071404,72
1194259,92
1492522,99
1483263,80
1300957,105
1391820,116
1444828,109
1235646,122
1149262,95
1051940,27
1172631,26
1248197,25
1241439,25
1429867,25
1169083,25
1017091,23
1233024,36
1221654,54
1228894,51
1344123,51
1374880,36
1347248,56
1225854,37
1126089,51
1104094,39
1260322,241
1300752,246
1035344,214
1371644,230
1308196,212
1412339,202
1039687,219
1331189,260
1424339,241
1357786,212
1449682,51
1319818,52
1169218,52
1221116,53
1216692,53
1429369,53
1131747,57
1041188,68
1319940,69
1408109,59
1157877,26
1014711,29
1238324,192
1167321,216
1282806,39
1207621,25
1438842,30
1431659,86
1493848,88
1005859,83
1117230,84
1316073,120
1495277,120
1367997,144
1278946,86
1390076,104
1410654,87
1285811,54
1485817,80
1286176,74
1032676,103
1092650,65
1396008,47
1041864,60
1335428,58
1052206,47
1279988,41
1453255,71
1119599,69
1429851,67
1289928,63
1064150,124
1235639,124
1108801,74
1480216,73
1478575,67
1157233,60
1415890,51
1327054,49
1175553,56
1305943,66
1457199,58
1364840,54
1498709,63
1125965,65
1035490,46
1101134,44
1013760,213
1239109,219
1122956,217
1483182,206
1067620,220
1107810,192
1242455,257
1158124,206
1073879,201
1426907,167
1154338,140
1456903,501
1203547,152
1351498,136
1094406,173
1228266,149
1217570,1612
1026120,1363
1160422,136
1366903,131
1440445,25
1111819,24
1268765,23
1290397,22
1475801,21
1439793,19
1471569,245
1034052,241
1100285,255
1264101,233
1279549,258
1160529,227
1089518,285
1281168,297
1353592,283
1421768,182
1294900,120
1245219,183
1441584,192
1086294,187
1309019,194
1498185,249
1382755,271
1215093,269
1440248,188
1415276,44
1183251,43
1289437,41
1011312,44
1176696,42
1023764,43
1403023,45
1184878,53
1118194,54
1181673,48
1431945,37
1152849,37
1380942,36
1108913,36
1326790,34
1254119,43
1209328,42
1277966,41
1184480,33
1221985,502
1301321,493
1463289,473
1275946,502
1400875,547
1348564,529
1273247,651
1017611,659
1062279,676
1237961,580
1417054,16
1003607,15
1424179,15
1323747,14
1230958,161
1163294,160
1365966,150
1467823,142
1347467,332
1034811,287
1121415,175
1048682,160
1443052,154
1034404,151
1130574,133
1400224,704
1165216,189
1489607,154
1057854,176
1488677,146
1249972,2032
1096794,1718
1187668,146
1164828,115
1428233,363
1094909,332
1332634,337
1226462,342
1022245,370
1082397,353
1136816,433
1478736,442
1468754,451
1392549,341
1015651,34
1092575,30
1168055,26
1157854,25
1053981,23
1487585,22
1088619,21
1460736,27
1396268,27
1270168,24
1279071,24
1068050,25
1348154,26
1149086,25
1430948,314
1125207,314
1191961,338
1079406,293
1402254,1166
1313316,966
1389901,418
1434316,387
1200882,1653
1130820,1006
1136992,52
1070978,64
1085342,94
1354071,75
1352957,38
1171509,52
1218549,44
1033103,33
1484655,51
1429343,37
1426362,37
1019053,18
1149610,26
1188764,24
1085095,27
1163249,23
1200526,21
1359182,148
1190919,127
1318614,150
1106674,139
1484037,143
1145685,129
1477155,164
1370445,155
1437300,159
1333249,116
1244747,21
1468842,197
1326759,187
1011416,25
1297084,22
1233664,30
1100085,30
1330971,93
1138077,94
1352006,112
1487542,98
1108221,102
1139998,96
1472724,107
1359856,105
1026021,99
1097467,95
1209010,40
1203418,39
1288697,39
1466637,33
1412357,31
1473386,31
1315013,31
1046348,30
1351338,28
1337583,23
1247118,184
1155168,182
1023555,178
1189141,179
1294514,189
1170464,178
1032841,211
1319448,214
1372525,216
1197527,176
1104829,107
1091408,126
1100655,125
1212272,131
1139167,115
1208032,136
1089775,148
1287888,126
1468614,120
1199908,102
1265084,53
1413660,52
1204209,46
1202448,50
1461934,47
1399020,60
1428777,41
1084734,47
1251697,45
1143725,41
1248669,106
1492080,109
1125820,111
1240530,97
1182284,216
1161715,206
1397460,121
1397576,121
1085214,113
1041296,101
1317327,46
1124007,75
1001431,70
1454242,57
1207961,79
1168512,49
1388227,53
1149006,39
1389070,74
1077085,81
1262049,73
1374006,76
1192491,75
1046377,98
1149415,99
1057610,94
1037961,79
1108246,213
1143509,239
1105358,260
1100472,243
1423581,255
1175539,240
1331445,287
1293935,243
1023451,226
1049464,205
1309583,61
1230234,62
1461709,64
1408980,67
1488053,96
1274689,92
1041473,117
1166260,83
1461337,90
1206736,70
1056913,411
1056567,390
1323239,403
1466159,432
1333540,425
1282979,375
1338001,472
1334066,350
1454911,347
1096576,246
1325572,167
1061707,110
1318381,126
1127586,142
1076352,141
1207706,138
1051075,166
1178070,188
1471943,196
1050157,142
1175530,214
1158903,195
1169201,210
1031727,188
1356784,201
1294357,190
1169953,228
1414115,192
1030541,182
1062207,155
1006290,140
1106911,121
1398536,23
1263867,23
1016670,30
1171413,26
1153425,29
1014174,283
1059918,280
1434673,274
1437796,265
1209418,301
1340261,272
1453426,332
1073580,355
1125848,316
1499035,230
1295338,430
1222180,400
1165274,401
1237456,386
1069738,868
1014169,988
1127003,484
1266348,456
1334765,414
1463681,333
1030133,190
1006565,150
1135300,201
1232307,184
1436481,198
1083483,130
1218091,234
1456658,283
1092475,251
1433866,198
1176492,53
1353610,55
1089484,67
1072876,55
1453728,55
1002461,57
1125670,74
1229468,65
1347887,66
1251976,51
1314783,36
1116236,36
1376495,36
1119344,34
1458904,66
1052692,46
1260776,29
1378898,35
1112041,33
1438832,27
1248265,62
1195954,62
1381379,62
1281126,58
1498748,61
1284086,83
1293530,89
1436975,84
1122080,75
1363954,25
1208670,26
1395641,25
1115606,26
1032783,25
1313008,25
1381034,25
1128691,24
1092234,36
1142469,63
1418236,58
1285563,55
1252304,65
1127538,54
1084154,61
1197924,39
1337255,45
1185867,34
1363671,200
1289303,185
1004740,200
1204926,199
1118823,195
1377335,169
1266794,228
1137166,267
1014502,272
1278599,209
1410185,114
1065002,113
1201146,115
1295967,119
1478836,118
1263028,122
1047818,131
1181209,145
1043905,151
1033551,124
1231479,30
1309569,30
1068192,186
1494564,201
1227142,25
1456193,38
1191448,32
1360848,31
1085163,127
1499564,125
1191755,128
1022893,124
1472361,176
1433295,177
1373742,206
1038419,131
1254866,149
1227242,122
1471032,63
1072191,121
1224559,103
1199250,118
1280019,96
1069118,46
1082440,60
1049894,58
1249689,55
1100757,42
1373418,82
1425889,81
1262003,80
1110029,75
1079214,131
1009321,119
1055383,85
1235873,83
1186917,80
1151999,66
1207102,59
1192156,60
1226763,62
1434274,70
1337949,59
1040562,55
1160472,73
1156193,80
1248747,46
1227492,44
1099568,220
1275063,201
1253582,192
1043906,187
1436089,194
1026803,187
1190415,241
1128432,199
1029605,187
1263106,163
1183611,309
1481991,895
1178623,278
1409516,278
1157955,367
1185489,318
1452021,2080
1210378,1826
1031376,211
1177597,236
1409502,23
1257355,18
1413100,19
1211003,15
1096378,15
1345861,15
1421914,15
1276698,271
1103064,266
1057956,273
1405565,266
1202685,282
1366788,254
1338435,298
1447615,326
1409269,319
1197167,235
1035001,235
1350978,244
1306161,227
1366727,227
1380882,225
1233397,247
1332984,292
1144564,281
1304218,303
1395217,217
1065392,91
1066756,94
1370689,96
1186797,96
1183418,98
1177408,98
1282300,106
1460464,119
1089717,124
1156808,99
1495432,52
1297290,55
1100886,56
1464389,55
1251720,53
1239853,53
1344807,62
1189431,57
1327017,57
1211035,48
1001797,670
1131807,666
1494899,641
1268958,657
1288154,733
1203405,685
1040370,850
1044833,867
1350447,871
1347690,730
1044455,27
1477801,26
1094263,25
1348081,25
1457172,25
1235797,24
1091749,24
1462573,23
1244735,23
1242870,195
1024593,213
1368146,189
1153680,180
1298252,422
1444981,349
1261913,238
1404886,228
1061342,215
1172110,194
1272052,137
1275436,515
1352301,123
1088922,107
1142032,136
1009193,122
1184241,1781
1274934,1477
1320020,904
1155127,96
1207458,356
1408017,348
1090667,338
1397788,348
1227739,360
1362484,347
1097531,421
1082537,440
1484097,436
1325444,325
1251276,33
1309343,34
1103196,40
1394008,36
1047128,32
1340919,36
1342347,38
1478158,23
1358927,40
1062782,43
1011715,43
1214193,38
1366131,33
1189909,37
1307236,36
1220551,30
1402459,36
1392162,37
1446122,30
1043188,32
1230082,29
1305994,29
1348778,29
1002960,41
1489067,30
1269724,26
1045443,395
1326150,376
1467198,388
1027897,378
1432174,1527
1248475,1208
1393876,483
1162245,466
1274195,1555
1261856,1291
1334116,42
1185549,89
1493370,72
1357046,99
1230268,61
1280515,33
1165845,41
1435470,38
1410218,30
1427121,57
1419156,53
1226413,17
1384055,26
1246091,27
1067532,27
1464252,23
1133732,26
1223903,31
1045510,99
1391305,98
1226448,102
1107663,122
1341061,107
1362854,99
1498099,137
1209334,145
1135795,134
1315178,117
1130481,29
1463428,228
1278200,215
1393458,28
1391624,37
1270020,35
1225582,32
1063501,143
1357869,134
1014892,137
1247520,135
1336840,141
1211469,137
1059036,148
1176566,138
1132246,133
1292348,115
1254416,38
1276415,38
1070659,38
1329123,32
1160584,30
1428803,29
1466539,30
1091359,27
1486528,23
1432211,76
1330381,74
1034776,81
1131866,80
1143621,81
1002286,85
1085415,88
1134920,104
1341225,105
1415100,85
1252167,207
1051889,204
1439963,196
1324815,203
1437561,211
1188982,195
1407599,232
1290623,239
1359200,250
1118472,193
1311604,148
1031757,161
1056240,160
1474016,158
1180599,153
1320888,166
1009958,191
1020232,147
1336350,146
1381030,138
1003702,65
1297632,65
1315655,64
1189968,62
1369244,60
1091740,60
1214002,67
1186897,62
1161849,55
1115766,53
1365940,128
1027637,129
1378297,128
1253091,111
1126539,219
1327372,185
1401921,135
1104114,136
1459400,128
1263309,118
1336623,73
1075826,113
1085349,101
1110209,91
1103290,84
1267654,86
1216595,110
1097353,72
1212254,76
1084827,68
1371347,139
1155726,136
1240789,142
1171370,139
1265660,147
1018252,158
1493141,153
1093559,171
1447467,179
1473259,126
1347256,138
1394977,149
1392377,147
1310599,148
1195053,155
1275321,145
1051713,172
1184351,143
1113836,143
1132798,129
1436870,100
1409226,95
1150362,96
1228678,94
1369151,135
1227977,139
1206279,164
1372105,110
1380214,136
1339516,102
1389987,475
1072901,452
1203450,447
1455635,485
1247179,490
1278100,451
1448482,566
1459132,424
1442394,425
1131544,314
1181234,150
1273574,88
1455968,113
1233302,116
1443559,117
1347087,113
1041709,138
1349855,163
1198557,172
1221492,125
1465453,228
1333678,236
1090753,239
1462747,207
1177417,225
1193051,212
1196763,264
1278502,213
1185545,202
1481698,160
1404091,28
1461497,30
1173571,148
1083108,174
1002205,26
1447555,26
1319625,37
1176790,29
1238226,32
1391315,52
1113235,49
1163319,49
1190560,53
1404369,50
1264727,46
1482729,67
1058895,65
1238793,37
1361780,41
1478370,393
1411161,390
1408190,386
1409562,372
1456972,386
1276208,344
1490001,447
1486353,463
1000127,423
1366757,332
1346060,511
1366689,500
1152927,489
1085039,449
1308005,1203
1416818,1210
1157372,583
1035677,558
1043744,508
1275513,407
1427226,60
1428931,88
1482270,91
1337955,94
1074040,85
1223872,74
1056054,137
1045111,104
1466260,119
1271724,109
1362659,115
1466995,130
1019525,125
1013636,124
1026870,149
1368359,145
1495646,143
1364816,119
1170240,41
1039898,38
1412137,42
1169338,35
1042017,79
1287984,66
1498396,34
1176996,37
1077306,33
1491374,29
1145664,105
1066734,102
1374651,123
1279324,114
1409608,134
1009256,105
1157723,139
1071832,160
1076420,161
1331136,123
1346673,15
1452741,14
1468212,14
1230784,16
1190650,15
1047101,14
1420224,60
1005457,42
1404012,54
1323173,37
1190479,40
1444164,28
1322332,129
1393220,133
1195731,131
1037225,99
1290352,135
1369208,148
1399477,101
1464990,193
1191994,168
1317160,156
1291135,255
1304893,259
1260429,264
1430497,277
1140847,291
1151498,277
1217377,279
1443512,346
1353405,354
1107486,299
1317910,24
1368716,339
1010055,222
1081143,52
1010965,45
1016213,29
1263775,31
1189397,91
1405401,90
1266638,89
1276585,87
1180684,129
1059213,131
1344474,149
1438853,87
1363716,88
1250158,52
1152407,105
1496385,75
1304461,122
1069061,83
1435255,49
1167009,55
1245685,55
1232151,42
1078016,34
1474949,95
1096408,97
1121882,97
1108739,82
1347317,163
1110144,151
1442709,105
1036582,105
1412982,97
1324501,82
1073283,76
1411916,71
1263486,73
1050056,83
1123493,74
1020169,64
1186919,76
1214037,81
1457953,48
1155273,43
1123649,250
1358951,305
1095885,243
1188104,233
1109153,235
1498548,224
1242079,322
1282712,257
1197982,240
1396460,202
1367131,407
1413681,1199
1487661,395
1219708,367
1460528,417
1468717,388
1452919,2607
1149490,2414
1391982,309
1198228,277
1426036,20
1120019,16
1072591,14
1020410,14
1078483,15
1128180,15
1325280,14
1278821,429
1436586,419
1029722,439
1134426,421
1261036,418
1178195,384
1086893,481
1170114,502
1038318,482
1088809,381
1133401,114
1189592,114
1170403,113
1003089,121
1299976,103
1180067,44
1245737,212
1209341,160
1009944,172
1341596,59
1386673,179
1234362,174
1288681,169
1493343,189
1265338,177
1121206,170
1032317,194
1455226,213
1411958,185
1141862,165
1419869,34
1021598,34
1352516,31
1356988,33
1108704,444
1349640,417
1233603,438
1240827,434
1054033,490
1398644,451
1303762,588
1272724,611
1423160,601
1055961,527
1260085,14
1403827,15
1481291,14
1432968,197
1452142,190
1249247,194
1379067,174
1105641,398
1073716,376
1045265,234
1296384,223
1031252,208
1367777,187
1434558,155
1253275,1508
1052291,186
1212523,119
1397951,166
1112208,136
1045583,2665
1052724,2236
1052729,132
1330575,105
1029294,344
1013001,323
1081183,328
1485036,321
1256807,350
1203716,330
1414123,417
1250749,439
1434042,434
1048122,338
1116916,46
1004559,33
1348312,37
1090148,26
1354566,26
1102343,25
1049158,26
1210473,40
1161610,27
1443205,27
1425213,26
1249853,26
1223675,38
1076570,29
1148902,26
1388739,400
1007829,380
1159448,406
1295887,376
1446997,1885
1440035,1633
1041969,501
1350903,460
1402515,2273
1104654,1780
1465066,41
1086170,82
1472881,83
1289905,91
1392324,69
1067586,41
1001468,38
1067176,46
1359146,34
1323950,28
1062551,64
1034912,38
1203135,34
1048644,15
1180443,23
1040065,24
1494499,22
1466396,21
1091873,144
1389761,142
1473048,158
1339668,153
1310744,142
1439011,130
1083428,182
1315271,180
1010745,165
1219262,146
1220063,21
1014438,24
1093831,188
1320813,189
1346889,21
1283548,17
1241028,33
1076152,27
1225059,27
1487998,176
1433590,166
1434557,176
1239454,183
1467330,183
1365830,173
1138191,212
1432490,200
1267627,192
1019901,162
1118233,35
1189202,34
1263331,33
1059297,28
1416214,27
1055724,26
1249086,27
1327869,27
1392951,24
1041163,196
1196547,176
1380448,183
1384588,173
1238821,178
1130148,167
1055993,198
1386679,215
1080744,218
1055252,176
1160680,103
1085396,99
1390416,103
1412215,98
1100598,103
1442542,99
1333339,117
1491136,131
1129473,132
1080418,103
1237295,150
1446998,162
1449484,185
1333400,191
1064627,167
1341028,205
1352502,195
1184457,198
1218820,200
1125676,149
1335892,35
1498333,37
1180295,36
1468730,35
1155218,33
1316740,31
1318234,35
1283246,34
1130000,30
1459415,28
1176325,176
1015877,166
1297507,163
1205048,152
1369188,348
1176486,297
1341438,238
1104071,191
1020171,165
1168271,147
1174176,55
1383428,97
1228081,72
1120872,76
1254272,106
1461596,59
1042497,57
1164067,44
1162719,41
1461189,41
1305167,45
1171637,45
1386951,43
1135964,52
1064678,55
1059530,56
1101560,45
1304645,138
1082523,148
1174789,164
1003698,175
1253157,145
1095952,160
1056008,181
1078061,164
1441886,151
1385303,139
1345375,56
1271433,53
1281895,58
1115907,58
1179550,89
1083637,94
1266241,76
1385890,80
1464689,61
1312971,563
1242304,524
1358481,537
1252129,623
1234652,625
1006772,539
1335737,724
1082713,522
1011159,514
1039116,114
1245920,56
1412193,71
1487103,79
1484137,81
1338495,80
1487433,94
1022987,116
1428133,123
1294128,98
1221310,500
1361824,453
1117178,472
1023369,422
1194420,435
1425859,399
1015144,506
1264805,423
1316991,387
1382469,320
1151863,17
1190515,116
1221392,94
1311200,19
1180736,44
1448616,45
1361892,47
1141506,49
1237245,45
1159657,40
1250645,49
1363943,49
1149041,27
1096323,702
1350701,698
1065455,658
1142409,658
1488944,699
1020912,634
1436609,782
1253895,803
1165678,778
1327823,652
1176823,892
1101710,899
1141921,875
1385350,892
1157741,1785
1151119,1646
1161188,938
1315527,913
1369399,834
1460667,685
1194932,134
1115132,160
1264565,112
1075641,165
1246631,178
1411198,153
1140498,227
1313588,233
1315048,244
1383782,165
1027016,141
1191829,139
1112122,143
1479265,129
1126587,130
1195982,128
1314692,160
1493689,174
1039169,162
1401014,139
1413802,108
1374584,101
1224680,94
1029041,82
1175602,191
1447145,139
1300870,93
1483261,94
1413577,79
1176990,61
1181520,105
1025776,100
1177948,121
1203571,117
1209590,100
1058406,114
1304622,140
1301362,151
1232376,135
1348216,106
1323477,220
1060474,228
1494909,159
1236863,200
1315101,209
1021195,146
1091479,297
1258153,286
1404475,300
1332940,216
1171521,175
1434146,172
1300093,170
1119480,182
1297275,181
1120782,183
1457486,213
1146680,233
1134271,241
1281939,189
1232717,55
1246974,61
1070455,336
1050349,319
1023950,52
1426156,51
1381963,74
1030017,57
1000438,45
1119483,57
1349533,282
1449142,286
1337248,275
1200866,280
1290309,397
1418797,409
1164582,474
1303136,302
1347698,326
1493799,262
1447686,220
1146210,298
1403685,283
1476020,331
1018738,260
1130157,178
1046978,233
1331178,228
1257741,214
1322423,169
1261811,177
1141743,169
1370665,165
1035256,147
1479691,296
1400324,265
1415004,180
1038432,177
1336056,161
1187092,145
1193098,129
1458214,120
1039561,129
1074938,141
1223395,140
1456334,114
1149120,155
1172680,92
1116900,69
1269834,528
1056163,525
1098695,531
1178203,498
1061470,533
1354722,489
1066795,599
1170494,550
1488737,492
1097182,438
1425142,536
1005746,1659
1369118,489
1260005,443
1010852,537
1215951,514
1438319,2848
1100299,2078
1081163,517
1459649,444
1180223,78
1238801,63
1070150,62
1165612,56
1480839,42
1157017,46
1156189,48
1287339,48
1307947,39
1217805,35
1385333,649
1009702,635
1479251,610
1253248,612
1245868,639
1031763,594
1477396,711
1489091,753
1485086,733
1276165,601
1371595,236
1228275,248
1456589,241
1393900,265
1451902,211
1484282,253
1353419,323
1477668,347
1093917,321
1415280,261
1060921,107
1441064,112
1036623,116
1334537,115
1131845,117
1233303,117
1052105,131
1130360,147
1140184,146
1097453,113
1016845,119
1177882,121
1297460,121
1119491,159
1043097,108
1427114,126
1149568,148
1118707,164
1021503,148
1338844,120
1460444,1755
1476535,1588
1297121,1516
1141103,1561
1274933,1647
1435122,1648
1486477,1807
1195364,1893
1301491,1879
1059056,1692
1419190,47
1273467,50
1120980,41
1288632,39
1272229,39
1012823,38
1424258,41
1114584,35
1365258,30
1497466,378
1486369,359
1280462,341
1329993,321
1015668,695
1162775,617
1239627,428
1191627,385
1102060,386
1232474,329
1211593,253
1411245,1567
1022614,267
1203568,232
1106084,271
1485205,244
1373998,3180
1062654,2215
1201316,269
1370105,221
1139730,867
1301842,804
1251244,748
1183358,794
1059732,814
1151274,799
1072415,973
1469941,1008
1288037,1011
1325139,834
1231223,96
1190669,102
1376192,108
1146955,88
1056018,90
1258889,97
1218561,95
1466508,73
1109609,60
1335827,151
1165522,152
1110279,157
1143313,146
1083501,150
1428672,132
1219047,147
1259870,158
1342405,143
1354416,122
1271440,960
1118621,966
1192681,967
1028746,966
1031614,2456
1392506,1924
1343631,1178
1185820,1168
1356333,3318
1307954,2846
1336105,143
1187686,195
1489882,190
1123496,218
1322525,189
1477958,127
1462588,166
1098622,158
1207399,141
1465439,111
1198021,173
1474866,104
1311455,92
1033015,46
1090571,91
1232737,54
1300878,68
1483287,65
1188526,51
1270382,63
1306234,183
1378503,170
1296522,190
1478474,180
1111452,175
1428885,185
1078876,219
1426995,213
1310613,199
1284993,176
1248779,48
1286196,379
1311264,353
1389854,43
1467104,63
1471259,55
1498881,40
1130256,66
1062490,271
1043605,266
1026057,270
1468053,284
1150560,298
1110568,280
1162730,332
1358189,315
1257386,312
1061706,251
1052384,208
1200598,209
1264244,205
1294669,212
1425440,217
1145895,213
1144262,250
1076977,275
1054344,279
1377594,216
1115056,341
1292390,338
1166952,348
1384513,348
1093599,376
1367894,358
1119869,437
1070129,451
1394194,458
1002435,372
1180646,373
1485809,388
1211075,391
1313206,473
1494204,416
1434483,385
1099251,442
1025379,386
1477569,370
1055674,321
1010243,136
1037655,140
1401737,142
1022228,142
1097803,139
1076303,137
1480464,156
1233512,153
1406320,145
1423616,124
1246502,238
1302001,238
1073776,239
1363056,213
1471341,453
1253143,404
1453040,284
1301753,265
1404546,244
1392729,235
1451807,127
1409671,134
1122214,139
1211769,180
1437385,120
1217993,146
1161892,173
1229478,173
1213094,178
1297883,140
1012855,354
1418147,369
1286032,387
1099298,412
1479230,360
1179950,342
1124263,431
1184587,363
1029660,342
1357396,299
1463406,291
1418001,284
1342588,285
1161315,275
1046297,406
1153933,415
1231645,477
1287870,316
1193177,347
1487003,284
1230693,858
1398262,830
1345832,786
1267250,872
1432764,867
1301486,790
1069354,955
1245836,809
1275241,800
1463775,637
1196334,418
1402996,207
1493032,217
1264183,216
1052529,223
1110240,221
1382389,275
1313142,293
1317341,309
1122806,243
1274226,651
1352572,623
1295323,616
1299017,599
1252039,602
1030444,523
1454269,646
1228734,577
1427970,536
1125886,458
1136112,45
1339197,56
1101505,323
1339810,295
1392791,45
1184046,39
1105735,59
1154260,50
1488663,45
1042242,50
1034878,101
1259675,101
1355647,108
1267774,112
1347236,113
1000392,100
1221328,122
1284731,130
1446589,72
1141794,66
1466161,420
1068090,303
1041144,327
1491093,311
1172503,335
1430344,291
1402925,360
1323039,313
1382156,310
1065731,218
1216354,199
1130102,197
1030597,211
1379599,171
1359056,510
1186410,517
1398042,282
1146321,226
1441295,224
1354132,181
1479808,113
1366617,108
1126860,122
1002342,107
1463533,148
1180427,114
1146882,160
1256418,162
1085624,153
1398280,116
1156018,34
1466660,35
1217010,36
1327864,31
1001108,56
1476698,54
1150678,27
1286496,28
1223345,160
1198378,162
1347688,166
1098095,151
1101245,164
1084840,145
1318929,192
1077102,219
1381116,184
1192516,146
1338874,14
1278449,14
1278499,52
1218247,59
1349858,54
1020219,43
1240731,44
1187353,67
1250784,48
1473793,46
1168482,33
1091234,17
1110776,77
1228744,97
1008610,21
1011775,17
1268989,17
1306448,21
1259442,22
1045010,25
1418055,20
1043212,16
1061891,60
1091493,68
1446133,68
1193998,99
1286572,61
1215083,36
1031438,48
1064741,44
1296913,37
1227442,33
1465660,96
1186359,109
1288078,110
1393617,95
1445824,175
1353206,137
1368925,110
1376133,120
1410979,114
1016413,86
1363984,160
1325683,181
1340269,187
1345716,172
1115561,175
1200166,160
1014090,214
1477799,184
1308074,169
1083942,149
1314516,307
1244449,1138
1073390,377
1062675,303
1441123,332
1355242,329
1317677,2057
1314338,1533
1148815,207
1395200,234
1118069,16
1350375,15
1162956,14
1020303,14
1352264,330
1476030,224
1049229,222
1207242,214
1360874,209
1308479,189
1143421,230
1408134,201
1207235,201
1430711,159
1343435,34
1382126,34
1247229,46
1323555,32
1049897,32
1028424,31
1017526,36
1329979,36
1129897,33
1415045,28
1220040,190
1275484,187
1272211,188
1290617,196
1321339,215
1458201,209
1219875,253
1085852,277
1334748,300
1224780,234
1389557,14
1224019,14
1002006,14
1058944,109
1439257,122
1197826,117
1161585,104
1078356,212
1164315,214
1117989,130
1037515,120
1348845,118
1009769,106
1399258,87
1111218,717
1282574,109
1167392,75
1184466,109
1271881,91
1352082,1387
1277718,989
1070188,81
1159747,79
1445037,193
1332387,205
1146755,210
1125510,203
1468793,232
1474894,204
1246237,256
1468989,269
1264726,284
1023588,210
1049688,36
1212467,20
1225175,21
1235898,22
1023309,22
1344775,18
1131610,29
1103267,23
1003384,275
1118081,258
1105948,280
1191246,271
1141630,819
1483668,826
1004420,400
1077010,377
1296562,1315
1299196,975
1257545,41
1104216,41
1330414,49
1212172,89
1470862,60
1180183,36
1476995,35
1303459,33
1170531,26
1370718,41
1191748,41
1280198,27
1301996,15
1364909,21
1011434,20
1458262,18
1217302,20
1194852,18
1049411,122
1182059,110
1252534,137
1233877,122
1297806,128
1339628,117
1203442,165
1061292,156
1070437,152
1400213,119
1480031,71
1486498,78
1160637,15
1095876,19
1161665,19
1215009,152
1340178,155
1197552,157
1397410,154
1104993,165
1051624,153
1296303,180
1209310,166
1129508,161
1169715,128
1463684,32
1378332,30
1426495,30
1331468,26
1079424,24
1357297,23
1416081,25
1196248,24
1089249,21
1173280,21
1313829,51
1448406,50
1010943,55
1268748,54
1065918,61
1306179,57
1045704,66
1403733,75
1096183,74
1457003,55
1316766,224
1379054,254
1184160,293
1464987,291
1492100,276
1133258,241
1401070,325
1105338,291
1179101,244
1078277,214
1255031,134
1213899,130
1405744,138
1410139,116
1424016,224
1459848,139
1269920,136
1451917,137
1325398,127
1045480,110
1345555,49
1131551,71
1191732,86
1103804,87
1483544,91
1002169,79
1228393,104
1442285,88
1276853,69
1005699,55
1394628,45
1491257,46
1020364,47
1254624,45
1427543,43
1483138,40
1264681,54
1086118,54
1218843,51
1303575,41
1137317,221
1181809,259
1263575,282
1020427,269
1247296,259
1459079,255
1432441,317
1489210,272
1173974,245
1180811,266
1004788,23
1090317,25
1221703,30
1040715,40
1304495,40
1189836,29
1231775,31
1147300,27
1252687,200
1185173,194
1002909,199
1024663,183
1394736,198
1427461,161
1093785,220
1066138,161
1006670,181
1163733,128
1196241,47
1368477,27
1311516,34
1041166,39
1484068,42
1370856,42
1151982,31
1395048,136
1390106,145
1299135,157
1317099,138
1445007,131
1072033,138
1320376,159
1108620,143
1288665,117
1389923,102
1305598,13
1193063,62
1237006,55
1036844,14
1310332,14
1225037,638
1176448,582
1014696,578
1145867,574
1293848,621
1202745,554
1319084,672
1401826,705
1398001,668
1316995,564
1449676,853
1366789,754
1009292,728
1464786,743
1376394,1466
1076725,1405
1488081,882
1300625,851
1457308,778
1222485,610
1309910,58
1487690,92
1261902,51
1063994,37
1238329,83
1383592,120
1236789,134
1450849,148
1210423,116
1118582,135
1250962,151
1371087,157
1061066,146
1075569,147
1396314,129
1126504,176
1021878,174
1483622,180
1166168,134
1460628,62
1425569,62
1013855,59
1117835,55
1037894,145
1343359,91
1325050,56
1373136,59
1414505,48
1011546,38
1302852,128
1295333,114
1476917,132
1237095,132
1166445,144
1367644,140
1036146,167
1400369,167
1221061,172
1304194,135
1092414,26
1145112,24
1021476,23
1455251,25
1265514,24
1098944,21
1381205,23
1396028,22
1402074,68
1496715,116
1376888,102
1037634,99
1143415,95
1293724,79
1421169,112
1197088,72
1278646,68
1133390,62
1064688,75
1450648,87
1302322,69
1272093,87
1223262,101
1429672,108
1110449,107
1322057,150
1076835,121
1214700,120
1223704,280
1476902,268
1265371,267
1130424,275
1198811,281
1045236,276
1309125,311
1495133,336
1338580,340
1408893,270
1293143,39
1312686,43
1262037,293
1093130,250
1104439,37
1223276,38
1428246,51
1166219,47
1433812,40
1029438,49
1394412,158
1463475,154
1073615,156
1312562,153
1104551,233
1170391,319
1211759,304
1280831,172
1122865,189
1364734,164
1425711,88
1374100,172
1159933,166
1371677,194
1217301,128
1239629,79
1147289,88
1100532,93
1397074,81
1218270,63
1084541,137
1078304,143
1060861,132
1090108,124
1394990,229
1354562,176
1251620,123
1237932,136
1381017,125
1044217,122
1459390,84
1373833,79
1001171,86
1454798,88
1075821,91
1064096,74
1073773,86
1197565,92
1315474,52
1219768,369
1338022,377
1229678,366
1109532,363
1494638,365
1032122,345
1165413,438
1475544,368
1387338,364
1410167,312
1172350,489
1058305,1663
1441315,452
1226927,416
1148821,510
1169225,443
1047892,3489
1327045,2980
1435007,359
1477335,331
1187218,30
1473646,28
1445208,28
1128443,25
1007092,24
1177336,23
1308369,24
1169740,23
1437845,21
1305204,614
1169115,558
1485207,558
1133327,572
1144895,577
1265135,533
1217432,647
1465199,670
1127418,641
1065475,534
1208945,199
1205027,88
1370543,139
1184858,118
1241780,154
1257683,103
1127095,184
1402380,230
1271788,250
1417694,168
1016090,181
1378218,184
1490162,185
1007961,182
1048476,194
1363750,192
1377977,212
1177453,230
1096484,242
1490021,197
1158592,52
1220323,52
1079738,56
1272815,58
1082719,57
1428980,54
1307591,65
1244359,71
1309989,69
1129187,61
1373369,1523
1159100,1434
1078309,1433
1444543,1492
1403090,1528
1091288,1518
1357059,1722
1258709,1894
1016250,1934
1291439,1799
1035769,25
1141007,25
1092629,26
1470124,24
1270442,25
1032642,24
1499459,24
1465076,23
1378578,24
1271294,289
1297171,272
1484782,262
1125260,242
1044825,497
1403738,459
1419512,320
1407678,297
1097909,270
1308103,255
1064482,143
1344498,1561
1019358,142
1197065,144
1014215,191
1465986,143
1221712,2948
1343053,2567
1150330,141
1064636,158
1171380,823
1257945,839
1164850,776
1317829,845
1494403,907
1372964,909
1028254,1112
1394819,1208
1239193,1179
1466747,1038
1456648,72
1035374,60
1154323,51
1142259,44
1449907,38
1083651,39
1193931,34
1317257,32
1260574,51
1430521,43
1009487,52
1302905,47
1164224,54
1005212,39
1353130,42
1051730,46
1057003,40
1024922,29
1047047,698
1012909,664
1446430,720
1004539,778
1297841,2961
1190458,2643
1300063,872
1483559,834
1492798,3706
1289811,3273
1236266,64
1042049,126
1156490,114
1040519,112
1233817,78
1209622,52
1344427,66
1232899,65
1435021,53
1397443,45
1106569,100
1370150,62
1290947,54
1053250,19
1093368,30
1100342,30
1040528,28
1236914,173
1178409,193
1276499,192
1292548,192
1091700,187
1201373,182
1179723,224
1021693,220
1383719,215
1171600,177
1325197,36
1098189,238
1389806,280
1346354,33
1343497,48
1018121,36
1147448,48
1439086,184
1297322,184
1392169,190
1180066,228
1125019,198
1091233,202
1148765,257
1422960,239
1269068,232
1464291,189
1242518,50
1059185,47
1340927,46
1227103,39
1083081,38
1476267,37
1442954,38
1310205,39
1462837,34
1233491,30
1342926,342
1165718,327
1127141,316
1253795,324
1312242,334
1427198,320
1326605,356
1135723,385
1303003,395
1255517,326
1334250,227
1226115,218
1221502,223
1129603,231
1300912,315
1066331,304
1055924,345
1135533,376
1412599,374
1381463,329
1018619,266
1280720,260
1495944,296
1039816,399
1022447,341
1095815,311
1166087,340
1116674,310
1342580,303
1100337,261
1403792,61
1243588,65
1375821,62
1009681,61
1125124,58
1375223,79
1334811,62
1111727,65
1203809,57
1124837,55
1006036,264
1089355,245
1023077,235
1088502,217
1154308,454
1361686,398
1001984,265
1265825,251
1370764,239
1102828,220
1004325,71
1376221,111
1478833,89
1478982,91
1394276,79
1076577,110
1165520,76
1238261,78
1498440,60
1181820,76
1346625,78
1062616,77
1207682,95
1178918,103
1301717,82
1283401,111
1376997,115
1274050,113
1071845,97
1391787,235
1387016,248
1457848,256
1419824,256
1458527,239
1045618,277
1341626,282
1231600,268
1419408,265
1493367,235
1045597,74
1315063,79
1236135,80
1099461,80
1200980,127
1396714,200
1344886,261
1099376,116
1473464,142
1172936,114
1174606,950
1463004,881
1383441,814
1132416,958
1486024,918
1475054,850
1480696,991
1392220,779
1218477,784
1391805,668
1380357,270
1284608,94
1497786,118
1257181,127
1329389,151
1131741,149
1333616,163
1149680,187
1254249,184
1055471,164
1074653,520
1394503,497
1395980,493
1256087,475
1149138,483
1423280,443
1038388,533
1410171,464
1317093,422
1296819,377
1481530,36
1325113,207
1260387,104
1404040,33
1090120,29
1120131,43
1472113,37
1331429,28
1180567,41
1381332,63
1137404,65
1258488,72
1013599,67
1163018,64
1083750,73
1355784,76
1273699,40
1221446,433
1074066,249
1265692,277
1454467,260
1109664,277
1259106,302
1353996,311
1449409,295
1393405,259
1347221,187
1270817,225
1044231,228
1202376,264
1475127,197
1425943,684
1190637,732
1066705,320
1443612,254
1074216,253
1287822,191
1325209,44
1203492,53
1182168,72
1278151,55
1007474,55
1458641,49
1054272,83
1238139,92
1255484,67
1063187,51
1437236,45
1014725,43
1296501,46
1270123,45
1122246,98
1315303,82
1077352,44
1118613,45
1315359,37
1067323,29
1250269,62
1408921,78
1277776,68
1182721,58
1055751,65
1311052,78
1005347,87
1143886,79
1494235,61
1374299,15
1312726,15
1047397,14
1067203,14
1285850,57
1342935,61
1210576,64
1416916,58
1238947,52
1491185,46
1023806,53
1253183,38
1450451,38
1203153,28
1294764,16
1021481,83
1388663,69
1005817,12
1052769,15
1463481,17
1345403,24
1214405,31
1360048,32
1379939,35
1450536,95
1110389,108
1328210,106
1479518,149
1317775,59
1244418,58
1490466,58
1344579,52
1406296,45
1332403,38
1263164,93
1228342,107
1423496,114
1194920,101
1354931,114
1038199,99
1497822,111
1439583,121
1207936,110
1334538,76
1346629,27
1444033,25
1428610,24
1084617,21
1072459,26
1143336,24
1078228,20
1240376,19
1129647,175
1371024,172
1337771,200
1272173,167
1250737,196
1395336,172
1077178,233
1412257,180
1133657,175
1141832,154
1005610,660
1051619,1077
1291501,690
1224135,648
1452525,690
1241673,628
1130888,2490
1136512,1818
1198927,577
1379462,492
1328618,15
1084551,15
1492201,15
1388229,14
1116211,123
1025464,103
1172770,112
1432452,110
1025860,99
1295788,98
1185678,101
1210461,122
1405891,117
1164030,91
1191446,34
1405911,35
1047099,34
1492888,33
1167184,40
1400097,37
1423468,35
1192481,29
1113951,152
1075058,147
1395991,158
1060374,150
1344988,179
1379139,156
1216578,202
1347909,239
1124487,256
1314422,181
1133017,15
1122672,14
1208622,14
1174195,15
1052297,123
1436823,127
1076795,119
1403006,108
1076963,117
1191952,127
1235630,130
1238367,124
1427300,117
1032658,93
1207270,218
1161743,761
1298916,469
1026022,259
1193241,229
1171101,206
1164137,1675
1321775,1301
1378647,202
1231116,147
1095435,173
1323949,164
1395799,167
1145737,154
1238384,179
1042036,159
1351219,201
1085203,219
1371386,233
1219723,164
1374416,29
1189323,22
1337676,21
1003680,26
1022823,22
1082992,20
1474734,18
1342334,59
1175207,52
1033599,35
1129747,30
1057371,27
1495511,22
1354900,24
1425005,25
1368872,23
1433769,22
1349382,44
1250534,32
1080873,47
1139207,29
1018091,25
1147190,31
1128435,30
1157339,46
1276177,446
1450019,426
1174173,428
1261967,488
1107899,1031
1287052,1005
1234527,845
1498591,696
1147438,1880
1228840,1381
1114215,58
1179414,74
1177028,80
1216396,104
1248865,50
1060936,44
1402609,39
1011086,37
1201586,31
1102627,28
1175109,31
1279214,32
1443674,18
1422706,81
1221151,68
1131821,81
1490426,72
1049070,71
1169917,70
1327124,108
1112819,108
1323892,105
1456199,82
1330908,70
1351797,62
1229044,14
1101241,13
1161125,20
1060114,15
1015937,18
1410873,198
1174564,184
1191920,200
1125314,202
1062361,209
1475531,197
1373526,237
1219223,210
1345121,199
1316865,162
1194915,33
1391656,33
1248453,28
1089414,27
1101295,25
1455678,27
1381518,21
1301363,19
1363338,90
1408074,86
1204391,89
1153172,93
1385784,98
1094777,80
1287845,114
1052223,122
1087971,130
1015674,92
1013988,507
1103117,463
1424721,505
1452145,462
1114030,462
1415291,438
1025202,571
1064176,482
1265298,440
1282575,368
1370636,104
1148724,106
1293002,106
1198272,92
1263025,116
1125955,99
1366177,109
1150078,108
1217839,96
1264814,88
1035972,141
1444561,107
1111719,109
1182641,99
1305667,103
1303118,99
1419860,97
1222718,80
1090797,94
1443743,69
1371785,43
1474865,43
1163334,43
1402147,42
1294333,40
1131529,40
1416476,55
1237795,55
1168507,50
1306170,45
1076467,376
1379585,359
1434055,382
1019051,340
1342691,355
1210023,348
1254730,435
1028198,360
1215471,342
1484039,270
1344207,31
1132553,30
1036433,29
1199141,28
1443462,42
1413086,41
1397477,48
1307344,32
1205066,38
1307499,33
1067824,214
1273706,220
1042603,229
1090725,210
1350396,224
1238736,203
1471183,260
1229870,188
1497134,208
1120206,132
1234483,57
1238365,31
1078467,50
1006405,56
1066302,42
1214466,49
1265100,53
1237497,54
1269056,44
1015263,210
1060235,206
1174360,207
1479343,190
1247572,179
1033654,191
1260212,235
1010680,188
1296051,175
1387077,151
1162720,23
1012076,31
1338102,13
1205675,17
1152949,16
1458882,15
1237811,398
1033758,385
1499951,383
1053599,373
1404089,410
1418689,364
1285966,456
1234568,477
1242215,433
1077297,346
1231512,527
1117072,520
1091750,522
1147110,531
1027059,1350
1363829,1169
1060391,674
1296093,638
1411783,571
1076732,442
1102338,150
1167549,185
1152757,191
1103421,176
1408137,162
1250988,190
1315404,241
1275358,262
1256963,264
1427933,220
1306276,108
1112398,103
1457331,139
1202120,115
1321446,120
1029940,111
1274550,149
1179351,169
1308289,146
1202474,112
1306442,45
1287716,45
1317791,43
1104534,38
1426930,78
1347464,61
1018032,33
1450217,38
1356206,36
1393103,30
1281383,84
1239082,81
1018331,102
1290273,104
1022303,94
1328781,91
1321002,127
1466438,139
1021318,124
1362220,98
1282522,26
1208631,25
1119538,24
1414474,25
1219364,25
1253166,24
1349187,25
1458875,24
1115978,74
1351227,73
1109039,66
1117896,50
1472568,73
1492493,33
1036719,185
1442242,209
1290442,196
1461010,181
1263119,165
1171474,187
1068463,243
1098663,236
1285209,276
1379975,168
1004280,96
1468273,92
1054292,101
1411885,102
1272392,106
1298954,109
1449468,113
1027500,132
1074865,132
1306435,106
1402334,42
1249185,47
1350424,315
1027208,321
1444476,43
1274272,31
1099884,53
1445659,49
1176168,40
1129742,42
1258874,162
1345579,146
1308325,150
1210380,146
1392336,239
1197638,237
1129536,280
1261211,165
1432540,194
1132812,168
1140900,71
1035004,172
1328690,146
1236944,156
1072931,99
1214395,55
1217642,68
1058775,69
1233784,63
1027593,52
1423030,147
1486929,155
1036243,141
1380531,125
1028031,166
1357262,153
1076524,140
1166204,146
1006312,141
1287529,120
1088111,44
1474529,48
1143054,51
1258914,49
1441756,44
1006816,57
1284992,42
1302350,34
1441293,35
1494423,298
1037582,289
1186135,310
1035444,277
1412430,284
1471318,267
1302798,377
1140942,311
1352739,296
1444822,238
1180697,523
1288985,1481
1498800,514
1062934,452
1002696,517
1204196,509
1416492,3135
1113253,2425
1353961,378
1320692,352
1224947,30
1418302,32
1384132,27
1252877,22
1161599,21
1173529,22
1407391,19
1391735,404
1095368,409
1291104,405
1164263,377
1236985,407
1397015,373
1202662,454
1257054,473
1188918,450
1307324,356
1061800,242
1306774,232
1010856,245
1099608,244
1115724,208
1125554,224
1140698,321
1220959,303
1389206,290
1268227,256
1240408,111
1235156,116
1262731,114
1249918,120
1313158,116
1460940,117
1357469,129
1485800,144
1006987,148
1456848,120
1285816,85
1277532,92
1119159,85
1365522,82
1251959,83
1134918,71
1281698,82
1170505,109
1460584,71
1170339,70
1359066,871
1328835,851
1375031,790
1180363,831
1079995,895
1468705,848
1041884,1036
1161571,1049
1049477,1080
1363599,939
1233504,25
1459135,26
1418509,26
1493410,25
1040420,25
1030025,24
1290035,24
1184610,24
1093868,25
1235293,249
1051981,255
1388536,239
1112176,220
1150649,516
1114185,373
1306071,308
1382323,278
1014526,262
1103982,247
1111935,183
1258199,1524
1377853,224
1203979,173
1019804,210
1406890,183
1357343,2904
1415791,2486
1013842,150
1325819,153
1191706,591
1131459,528
1336230,526
1425283,582
1320850,603
1057220,586
1490464,706
1245748,743
1433608,739
1027214,611
1080063,49
1126189,46
1418559,35
1424045,31
1463075,34
1474709,35
1124673,26
1194601,31
1262092,31
1223819,48
1165334,30
1298535,29
1090792,42
1491705,27
1438548,27
1124545,28
1455070,24
1239125,406
1333514,361
1380095,398
1140243,361
1160343,1165
1243839,1013
1021807,649
1130037,567
1440281,2630
1273879,1938
1265408,38
1151818,88
1346361,80
1292333,107
1252777,60
1267738,35
1063344,38
1068820,37
1260624,26
1452241,100
1014950,56
1067474,65
1401322,19
1204393,30
1435552,28
1303906,26
1038580,26
1019593,206
1251424,205
1222327,211
1217414,192
1162493,199
1065461,195
1094705,246
1035017,230
1286859,236
1046651,202
1455922,32
1137631,321
1040830,217
1294878,38
1247132,27
1010388,47
1363337,41
1325129,42
1142696,259
1301239,256
1084390,259
1072219,267
1338035,282
1009375,264
1037247,315
1282209,292
1208037,279
1457135,225
1320138,45
1220238,44
1478119,43
1019734,38
1055862,35
1354636,36
1014814,37
1270332,31
1081737,60
1407633,60
1014398,62
1491825,61
1270741,65
1040458,67
1093081,67
1479989,81
1295162,83
1293636,70
1051218,345
1096610,345
1109216,334
1491934,339
1325802,369
1279856,355
1041468,430
1038351,422
1312390,426
1077444,355
1034569,199
1348908,190
1356772,215
1449864,247
1382979,184
1417525,214
1289590,256
1140301,221
1107381,213
1049531,179
1330395,72
1304104,71
1463362,71
1322487,66
1076412,66
1358172,64
1101734,75
1310017,69
1060069,60
1197296,57
1180839,191
1344920,191
1004828,177
1266015,165
1235237,355
1156851,280
1324338,221
1321628,207
1257443,195
1417117,181
1463442,70
1127666,107
1184220,98
1451779,88
1005436,92
1178960,86
1288797,116
1038899,74
1264535,73
1343261,65
1090050,121
1447677,117
1280003,120
1285815,131
1089192,109
1200656,116
1171313,137
1235880,135
1449369,139
1287691,115
1299126,141
1079774,145
1332266,155
1229811,155
1062210,131
1062104,152
1104032,182
1328757,164
1493096,149
1371361,138
1464606,113
1444631,113
1202718,110
1488002,108
1153686,163
1007842,176
1425079,206
1197475,135
1437825,128
1015345,493
1359792,491
1389163,470
1002689,541
1280135,546
1228164,474
1068045,596
1068382,457
1127032,452
1475728,359
1324560,182
1149962,92
1161738,114
1270394,132
1266485,136
1099379,135
1404662,188
1396212,217
1025197,242
1437767,204
1242898,350
1087842,343
1374875,340
1333723,324
1206548,345
1193522,305
1055113,387
1319063,326
1033641,321
1349975,251
1086605,33
1491536,29
1381527,179
1490168,214
1115261,26
1470240,24
1343554,29
1003166,27
1076264,36
1198829,42
1436892,42
1336163,48
1359435,46
1406006,42
1228411,38
1095767,47
1479107,49
1433670,30
1112065,34
1170791,258
1345683,222
1433582,242
1228255,236
1312287,260
1193512,206
1443615,272
1430898,279
1492660,218
1307783,165
1227060,342
1174088,338
1456565,343
1420269,331
1304477,671
1308904,829
1077994,420
1495715,382
1399551,369
1183503,287
1195179,139
1441260,127
1454430,136
1044544,129
1203407,127
1292029,124
1222883,152
1037300,150
1221223,154
1462723,119
1402079,41
1324129,38
1310176,38
1395065,37
1399254,75
1422826,66
1322590,31
1403469,36
1432116,33
1113063,28
1332509,146
1446201,127
1149507,143
1415178,124
1053667,135
1197479,135
1123521,158
1253597,156
1131618,182
1110181,110
1072892,24
1366226,26
1406814,25
1399900,23
1453972,23
1143501,24
1384906,22
1299966,57
1349681,49
1462077,41
1191532,63
1410443,50
1277208,57
1089516,34
1473125,41
1025898,42
1481945,150
1342457,103
1399342,35
1262038,37
1158328,47
1444289,44
1211619,42
1041733,41
1359903,48
1319788,51
1094142,51
1186546,50
1243712,65
1443685,63
1160800,75
1112142,56
1343542,60
1034394,53
1250665,103
1366207,160
1168628,146
1462832,164
1319647,101
1490847,77
1327465,88
1242046,81
1410134,68
1267932,62
1290868,155
1023440,154
1259984,160
1003155,147
1490242,169
1201903,148
1483945,159
1280071,155
1345002,148
1427380,126
1342252,100
1051272,100
1121108,102
1067445,77
1341870,86
1054616,75
1069917,88
1128963,82
1094414,60
1215898,56
1052668,254
1144863,246
1221336,238
1343682,221
1313499,239
1017949,220
1452342,284
1118519,236
1327104,224
1071026,190
1076214,622
1187657,1309
1295030,581
1085476,557
1385886,625
1284793,581
1308836,2316
1205106,2033
1101970,503
1021912,428
1277491,20
1318189,17
1284961,16
1396542,15
1441218,14
1308789,15
1170472,230
1326395,187
1102915,200
1490422,192
1338949,193
1400753,178
1281302,202
1262498,180
1373759,184
1020854,143
1079691,80
1373162,81
1313922,77
1470329,95
1043208,73
1498149,79
1209198,97
1130285,95
1350042,92
1015074,74
1390579,304
1436947,311
1045739,287
1318087,307
1223698,351
1436625,317
1383644,399
1045356,472
1121593,533
1114635,391
1488584,25
1010075,25
1363457,24
1078002,24
1380388,24
1147439,23
1138141,230
1236945,226
1369433,227
1379985,214
1424254,249
1441674,234
1280345,240
1022802,216
1166846,218
1377696,184
1173823,308
1217625,948
1164729,348
1326219,296
1068568,309
1003219,282
1278744,1628
1066418,1419
1410131,243
1298180,211
1473058,328
1463455,317
1248427,319
1173141,332
1471497,369
1455556,347
1305973,438
1456111,486
1311369,520
1084924,393
1394807,135
1002603,147
1345677,141
1174767,96
1237037,93
1477215,75
1266148,71
1285970,78
1347126,56
1239988,48
1424446,59
1380755,59
1179458,47
1013425,38
1207452,35
1404575,32
1461727,36
1083782,36
1318780,31
1154806,28
1222837,45
1494714,55
1452148,41
1442947,31
1105018,38
1182886,59
1475789,30
1224009,60
1092076,33
1190987,27
1435748,492
1301304,468
1110939,497
1390665,507
1445202,1172
1429305,1089
1093306,772
1122466,711
1017266,1891
1398485,1402
1426610,54
1068662,83
1419823,76
1072966,94
1186069,43
1490467,38
1123207,41
1494119,43
1405706,35
1211830,29
1457528,44
1208175,70
1257230,21
1211873,36
1321469,24
1454866,24
1101141,26
1221444,25
1438300,143
1190997,138
1053941,143
1083391,131
1187634,140
1154076,139
1373500,163
1102839,161
1083225,163
1165740,132
1196726,28
1364592,28
1458526,122
1008710,99
1014602,29
1010378,25
1084749,32
1442543,34
1458994,26
1337584,195
1031733,191
1106938,193
1481223,203
1448207,209
1061949,202
1470638,234
1202732,202
1091243,200
1260998,163
1095889,40
1008708,39
1234865,39
1388725,34
1053371,33
1369483,30
1189443,33
1338379,33
1069031,29
1429960,23
1186964,113
1202630,118
1269934,123
1339581,129
1436109,111
1101500,136
1023599,158
1442172,172
1157371,130
1051519,440
1053169,416
1385699,422
1107959,434
1144512,418
1289744,377
1350862,483
1374335,404
1055230,397
1095155,332
1448374,49
1122401,47
1160411,44
1066841,46
1320649,43
1118447,42
1046582,43
1467232,42
1023000,39
1363046,37
1048888,229
1440463,211
1480971,207
1104556,192
1099037,239
1382085,223
1426428,230
1342409,207
1003012,196
1210445,175
1342393,91
1476851,140
1376464,108
1233406,112
1150316,110
1153339,105
1282883,115
1412451,106
1352136,104
1041636,72
1028680,130
1488449,134
1470231,135
1196664,140
1135015,136
1222652,134
1419491,164
1261676,162
1377965,164
1337424,128
1390104,363
1401313,320
1439166,346
1197083,346
1224626,354
1044870,324
1395535,388
1031550,354
1058951,352
1272619,285
1355143,124
1077979,119
1247091,119
1239269,120
1401108,152
1244411,156
1106091,180
1409870,129
1419636,157
1396890,126
1046653,311
1101904,286
1359440,300
1324289,336
1268704,314
1064201,279
1332108,333
1219927,270
1111265,265
1201333,170
1282305,63
1015273,40
1003496,54
1333430,62
1253867,61
1487063,50
1371085,56
1254330,65
1385952,69
1341588,51
1133297,327
1088344,320
1269200,319
1494636,294
1257870,297
1141742,288
1321297,340
1368535,292
1437216,269
1109703,218
1179278,22
1255632,25
1187631,93
1418705,89
1041291,30
1436774,29
1455799,28
1143109,60
1011891,60
1098671,64
1331472,47
1470509,55
1336461,49
1167780,57
1121948,57
1021401,41
1052604,43
1363995,276
1136010,189
1232767,191
1290532,184
1428670,198
1394002,178
1391373,208
1405516,172
1237484,174
1060387,128
1478644,329
1109347,331
1144523,340
1355267,336
1114402,888
1251813,703
1009379,419
1006717,407
1376856,359
1164305,265
1467138,38
1469634,43
1126946,55
1142560,73
1034126,69
1405173,47
1264903,64
1116430,58
1118886,80
1452755,49
1300311,35
1181698,37
1413278,39
1325912,36
1424801,71
1385976,64
1126583,31
1411848,33
1245639,30
1074197,43
1258810,54
1355439,50
1391099,46
1094315,62
1011887,81
1403191,49
1218617,22
1344068,22
1057905,21
1354317,20
1023964,19
1368796,18
1395219,16
1407735,38
1262889,45
1345333,51
1471495,41
1392516,43
1373275,54
1437465,31
1414571,26
1134995,37
1170554,36
1171279,136
1314329,128
1077953,36
1073741,33
1323445,42
1411845,43
1245004,29
1205164,86
1357235,87
1056761,79
1292906,79
1374092,112
1344550,115
1177395,132
1351443,105
1428011,110
1190207,86
1074105,71
1203176,131
1272135,115
1021670,129
1321867,103
1084372,63
1373961,72
1435336,70
1176491,63
1321540,49
1262383,98
1007731,106
1018360,104
1041924,93
1459762,133
1486936,99
1355001,100
1418344,101
1334087,92
1304546,72
1096482,133
1008772,161
1499988,150
1269910,119
1471306,118
1290508,99
1234301,106
1455478,121
1382910,74
1111577,66
1186445,198
1114751,192
1463133,190
1366545,183
1345589,186
1097457,179
1207501,239
1206620,192
1166459,194
1189297,157
1155036,363
1034867,869
1054736,390
1030998,372
1131331,428
1225246,401
1232890,1357
1426081,1093
1476284,370
1482150,299
1190145,26
1289484,22
1052303,20
1454730,18
1423762,17
1327489,16
1259996,16
1051651,148
1001905,103
1224660,97
1076185,96
1143891,97
1175181,88
1075374,104
1044528,105
1105318,110
1017270,70
1154559,155
1112058,159
1387533,167
1337831,154
1225379,161
1201924,153
1227658,184
1119868,184
1152662,181
1276162,142
1025721,414
1457412,410
1251774,410
1380718,430
1262455,501
1043759,446
1153098,554
1142567,643
1044267,673
1263998,536
1133681,15
1322128,15
1381323,15
1143816,15
1097664,15
1091771,15
1404076,15
1481626,155
1427862,173
1300692,147
1004607,141
1285568,190
1089895,169
1111467,156
1428614,144
1410589,146
1255320,128
1112459,214
1276338,509
1104702,236
1146677,207
1417511,226
1137692,193
1199840,995
1302643,837
1009642,408
1001037,168
1276142,279
1333143,273
1487777,272
1395108,293
1042584,323
1274476,285
1055703,351
1247424,394
1302516,430
1171030,292
1257617,102
1365501,103
1257346,113
1474262,78
1410391,78
1065521,66
1478066,80
1108700,74
1306433,52
1286442,46
1389878,68
1231344,52
1333981,51
1424822,34
1138058,36
1492576,34
1409649,39
1001450,37
1308291,30
1133040,27
1071661,30
1018080,29
1478849,29
1383628,26
1226202,25
1127373,25
1065120,25
1354994,26
1450673,25
1115906,334
1004246,335
1176343,350
1358268,386
1016244,1365
1168290,1177
1497528,482
1487577,469
1261598,1156
1210751,1070
1465377,38
1049616,80
1054088,71
1014345,96
1157820,75
1008109,45
1296788,47
1129632,43
1270431,38
1095162,64
1469210,65
1157584,41
1414860,22
1357223,32
1387218,30
1137145,28
1112572,27
1104172,27
1088612,24
1230896,84
1345259,81
1006250,85
1310622,81
1166099,93
1431128,90
1072570,108
1115681,112
1220849,113
1048938,88
1285263,24
1438175,122
1229282,101
1349904,27
1264314,25
1007527,32
1483373,31
1197587,25
1116996,87
1286575,82
1323853,82
1349597,82
1174376,97
1259305,97
1446318,99
1165802,93
1134201,86
1352852,73
1496897,43
1188175,41
1378200,42
1214209,37
1137486,37
1242539,34
1241717,37
1060354,31
1138143,26
1060806,172
1297235,172
1249239,184
1024103,189
1318385,196
1015306,181
1102204,219
1331093,245
1112099,255
1096804,182
1150467,138
1145033,140
1206358,147
1497477,147
1153911,141
1248932,140
1459766,164
1153131,151
1491472,146
1136775,122
1440883,61
1485910,60
1107925,62
1432815,58
1028235,81
1490043,58
1494266,62
1150869,54
1245747,49
1331957,123
1088564,124
1306940,122
1018699,101
1448364,158
1036363,125
1383483,123
1213867,114
1029199,109
1032834,98
1498066,50
1439262,62
1376645,54
1142228,58
1343351,53
1269436,47
1301125,61
1379552,54
1287518,46
1021872,146
1291288,150
1451221,146
1091430,149
1396310,157
1120159,138
1217315,174
1142552,173
1468892,183
1050380,137
1106879,192
1309039,161
1344699,195
1488800,143
1244775,165
1020796,154
1263671,172
1497604,164
1053653,156
1297442,153
1483833,151
1088765,143
1135371,145
1185079,147
1414429,179
1124700,188
1097789,227
1469614,166
1089927,191
1092532,148
1454364,279
1271463,265
1009181,269
1438685,304
1013485,288
1100145,249
1488304,320
1480437,236
1058997,243
1242119,156
1175167,146
1341146,78
1337250,96
1047318,106
1293562,103
1494999,104
1093795,123
1202102,145
1387050,149
1454073,105
1412672,313
1387977,329
1085005,318
1333190,304
1314140,284
1457102,281
1029390,356
1035747,309
1124009,264
1353005,206
1106138,36
1172262,34
1173109,97
1070986,96
1330214,30
1348534,39
1400294,34
1287371,31
1197492,31
1429191,141
1016691,139
1498160,129
1150323,101
1230498,104
1250530,89
1114903,100
1473148,98
1336352,68
1041201,64
1207875,429
1441899,439
1088601,426
1336659,399
1211198,446
1051921,404
1131960,508
1215447,517
1278933,476
1274572,376
1152272,651
1120199,600
1263854,584
1489178,618
1298616,1060
1479853,1018
1481165,786
1022706,741
1332316,676
1185615,516
1006532,227
1496202,157
1228432,192
1278894,216
1165880,247
1252492,167
1150452,264
1207023,274
1482128,202
1287733,208
1170969,64
1139622,52
1026791,67
1350098,60
1405296,59
1019197,50
1440115,72
1130244,83
1154927,76
1440235,49
1489750,46
1458738,46
1383402,43
1292308,79
1146229,66
1247834,43
1086618,40
1008385,33
1220660,30
1281563,113
1381705,94
1036303,94
1392380,85
1120250,84
1163736,79
1382021,109
1144237,111
1346381,105
1338612,90
1054864,36
1372965,35
1333426,35
1356004,33
1024747,31
1120011,30
1385060,31
1490527,30
1324608,26
1153097,26
1407062,47
1399725,85
1055663,75
1238317,67
1334149,60
1252107,81
1014424,57
1045929,54
1076974,45
1276400,204
1048870,266
1282969,267
1052757,253
1215424,270
1497593,283
1259844,339
1161985,336
1493763,368
1322822,329
1325888,136
1238350,132
1059632,132
1373882,147
1368795,135
1498061,134
1090724,167
1083415,165
1292299,160
1308336,126
1358623,57
1000662,58
1248470,331
1339347,297
1348246,52
1316602,48
1391976,70
1232445,52
1202382,48
1036178,50
1034611,279
1374733,277
1448305,271
1420537,274
1304263,384
1265562,387
1374023,434
1172343,292
1022093,317
1056075,250
1335255,70
1140702,166
1403528,148
1098625,169
1249422,121
1233077,77
1004548,82
1086671,76
1371703,70
1450481,54
1402597,102
1050351,119
1409072,107
1365294,91
1050495,175
1038405,174
1360974,110
1092395,109
1133574,108
1237123,97
1393567,112
1050202,114
1051269,110
1294662,130
1416111,122
1347737,115
1437947,137
1125457,136
1222122,77
1443391,66
1444649,243
1101109,240
1394444,236
1412054,222
1469601,236
1369165,218
1408164,291
1266701,247
1335307,229
1294489,189
1325002,554
1115161,1542
1022436,524
1009320,463
1059149,542
1381797,511
1182231,3158
1365708,2366
1170204,444
1288220,401
1057573,33
1476812,30
1302236,28
1088753,26
1290461,26
1339397,23
1004423,395
1182211,407
1287217,392
1364719,390
1393217,393
1372970,366
1255664,456
1343873,478
1182906,443
1349421,352
1086209,284
1263662,237
1400162,258
1322060,275
1407685,299
1256423,303
1366093,340
1091579,355
1218417,359
1086325,282
1219510,99
1258031,97
1254371,92
1366427,105
1140603,95
1394553,94
1315638,104
1210068,135
1303043,122
1208742,96
1441678,140
1310240,134
1183018,139
1465748,144
1416451,124
1067886,123
1147342,140
1027770,131
1086495,138
1115754,121
1236999,1022
1129005,946
1060160,939
1139012,1001
1009801,1068
1499374,1049
1130038,1205
1136954,1268
1214539,1294
1341789,1139
1245261,27
1256719,29
1314459,26
1200620,27
1105095,27
1320422,23
1207536,261
1490420,272
1367274,260
1198611,247
1079668,466
1214548,394
1351077,306
1276935,295
1220000,272
1201804,246
1255670,197
1178631,1053
1187815,233
1232901,203
1041132,363
1165069,217
1067128,2585
1296288,1902
1482384,210
1354149,193
1199822,571
1306963,505
1352289,506
1487534,540
1043614,587
1388656,551
1464836,684
1072381,674
1388909,669
1280894,551
1437743,52
1096922,52
1125018,44
1092303,41
1150462,35
1422780,43
1426062,41
1299613,34
1339963,30
1047669,50
1431233,47
1395626,50
1138941,49
1027348,37
1126025,38
1484689,39
1224719,46
1001894,42
1045452,44
1253965,537
1273495,513
1427581,544
1182139,540
1295304,2361
1421037,1457
1270843,719
1074647,653
1382460,3008
1241247,2416
1167949,61
1363403,95
1489033,124
1086137,140
1374063,95
1099116,53
1139669,68
1403410,71
1359459,58
1363262,43
1001524,103
1277278,53
1040180,71
1441382,20
1118212,32
1021448,31
1103660,35
1320976,32
1122586,29
1405315,36
1432075,146
1214183,130
1254559,153
1420772,141
1284435,148
1490537,147
1395998,172
1375781,170
1343300,164
1046381,145
1106454,46
1044419,50
1152711,358
1142883,258
1149305,48
1495438,57
1334966,54
1244264,43
1226196,57
1299559,195
1114519,193
1065280,195
1484962,201
1207808,207
1473304,191
1406454,234
1209617,219
1027031,213
1498763,179
1241244,52
1455780,49
1454724,49
1477134,40
1330995,39
1207514,37
1399018,39
1262276,40
1431194,33
1427037,29
1269656,137
1472696,138
1031228,133
1123593,135
1319830,142
1468554,139
1219034,164
1481004,189
1439152,182
1368778,143
1254681,233
1471178,225
1172228,241
1040523,232
1488427,249
1367962,248
1353492,276
1466210,300
1117823,304
1159601,234
1245385,242
1364335,265
1469871,273
1333035,273
1117868,260
1335106,264
1122846,311
1466980,277
1485499,287
1141529,223
1144903,81
1337479,79
1073830,82
1422858,97
1112045,80
1401547,77
1275465,93
1309030,90
1318453,78
1149470,75
1254290,171
1459998,169
1070652,155
1464131,147
1442610,301
1092384,267
1326611,169
1098833,163
1175421,161
1105577,150
1084506,56
1228415,106
1455355,95
1329060,86
1343251,91
1222999,73
1274850,102
1275996,84
1343377,69
1494843,49
1329590,146
1219468,141
1405838,148
1148515,242
1127606,173
1003132,147
1194753,192
1090177,160
1086521,166
1002439,139
1215373,213
1310434,252
1162008,257
1499690,252
1164966,240
1312179,242
1055616,288
1416327,260
1460374,251
1417288,216
1145961,189
1370257,182
1128571,186
1271253,193
1318179,275
1471607,277
1466744,327
1063250,206
1159917,253
1237960,200
1328513,696
1470893,638
1278366,594
1117505,695
1395759,699
1118718,618
1412625,750
1047563,583
1178879,570
1432042,456
1497989,357
1343340,218
1160549,256
1162252,275
1174967,284
1402905,327
1249355,378
1051286,418
1082555,364
1494002,278
1468736,438
1476289,437
1248662,441
1245505,400
1316510,414
1164569,377
1108976,469
1386393,408
1488071,377
1073468,316
1096522,54
1460063,52
1233398,250
1109675,207
1011640,48
1376882,42
1241681,61
1170489,51
1094898,46
1158425,46
1154663,128
1334262,125
1308881,120
1259517,140
1292623,140
1224591,127
1439789,153
1291420,155
1215295,85
1216208,64
1213249,296
1469431,262
1230216,281
1209533,262
1308993,291
1432440,238
1102468,331
1446868,288
1334640,254
1192568,181
1150058,233
1211349,223
1430745,267
1284527,206
1493152,681
1163720,755
1430286,413
1161810,232
1134065,225
1200718,174
1164145,55
1401174,58
1240971,62
1022654,52
1067611,65
1068928,80
1168286,122
1084785,87
1342342,100
1342060,73
1046255,41
1275184,42
1100005,43
1181108,37
1284846,76
1362043,65
1129309,30
1167386,36
1382153,32
1359621,95
1394966,94
1076123,97
1051967,93
1337804,118
1265780,119
1073998,137
1027170,145
1029422,138
1384721,103
1466652,14
1150331,14
1211169,14
1375138,14
1090971,54
1227742,71
1345960,85
1014733,100
1068702,90
1373444,87
1212321,102
1119341,76
1356353,66
1282158,42
1366995,108
1301880,88
1005450,26
1468001,16
1125354,17
1447544,17
1229650,22
1253863,19
1497718,103
1164662,179
1365958,168
1348953,189
1315684,114
1285364,76
1109511,86
1345131,123
1394786,59
1215065,59
1288325,110
1122843,116
1233710,143
1005691,119
1009524,152
1306525,122
1060469,123
1013479,116
1215019,105
1183058,88
1191625,19
1480072,19
1305847,16
1382421,305
1345514,308
1106834,321
1155281,277
1075698,294
1160642,276
1415496,364
1111687,292
1441059,267
1041033,214
1282016,786
1465194,1194
1448283,808
1295058,744
1414292,805
1441562,718
1370349,2417
1180580,2286
1121635,631
1140363,519
1194629,14
1039245,14
1399293,14
1358027,15
1273681,14
1077324,14
1143939,139
1167629,127
1026590,136
1225294,120
1199817,114
1255746,115
1356165,128
1350163,115
1415607,119
1233177,33
1343032,33
1065027,33
1398744,31
1252753,34
1390345,32
1063055,39
1344083,38
1136200,35
1458915,29
1492614,186
1468175,180
1127745,185
1356109,191
1288414,225
1186700,192
1088403,259
1133590,280
1155657,321
1348738,244
1492120,14
1406300,14
1467493,14
1297855,14
1365916,187
1207858,179
1011274,212
1096972,210
1218618,258
1189930,201
1321235,214
1238309,189
1137912,180
1302339,154
1452067,381
1232785,1096
1230100,895
1258282,389
1444665,364
1045971,326
1195640,2166
1032181,1958
1150358,267
1109305,251
1203473,233
1052376,228
1275300,229
1168517,224
1164780,252
1412431,228
1215826,299
1198539,344
1281207,353
1400789,265
1142733,22
1058741,20
1108175,17
1322786,42
1251536,42
1316879,53
1347430,25
1379600,30
1190160,33
1488976,33
1096987,27
1330271,22
1341115,24
1180055,31
1276549,38
1055810,48
1174252,38
1250701,29
1470418,51
1084864,35
1072273,22
1187272,425
1161844,410
1116856,460
1240063,460
1265862,1162
1348612,1155
1106972,782
1256383,692
1190784,1975
1183641,1361
1122583,96
1074978,146
1263468,158
1011094,163
1451907,113
1288551,60
1134380,76
1193006,96
1175490,52
1055561,50
1076029,44
1391420,29
1288625,31
1429794,28
1080632,24
1165848,21
1283777,19
1155338,81
1260314,77
1337184,22
1428300,18
1321456,261
1023661,255
1108274,274
1005857,267
1299973,266
1308249,259
1039535,319
1386232,277
1312142,264
1216941,206
1076663,54
1116062,53
1373635,52
1223580,44
1206844,41
1184897,44
1399955,43
1172075,34
1194003,28
1079689,88
1130535,85
1031756,91
1064667,86
1099811,99
1265941,88
1077243,107
1228516,124
1490318,131
1253513,93
1208934,689
1499504,624
1312260,625
1300527,604
1204831,639
1087121,605
1045978,721
1346635,657
1358565,605
1466288,508
1466754,16
1291832,16
1497662,16
1037408,122
1003413,132
1244549,140
1046988,131
1042431,139
1495101,122
1397621,125
1195397,117
1363375,106
1400481,90
1272743,97
1030286,126
1056144,114
1207447,126
1465823,115
1391318,103
1081976,124
1282233,104
1435085,93
1335889,78
1233904,38
1247038,40
1332561,40
1194391,39
1303746,40
1274777,36
1305701,57
1363596,56
1010627,50
1368398,42
1325982,502
1089445,480
1147836,520
1483095,508
1479101,539
1457020,491
1438318,633
1130482,545
1363049,512
1171208,432
1495316,29
1419230,29
1411042,29
1406706,29
1202211,40
1491671,39
1314238,51
1497076,34
1465417,40
1160226,199
1390427,200
1493066,197
1484452,187
1228658,206
1261892,173
1248921,237
1117788,170
1297961,180
1123998,125
1284677,32
1476365,22
1431889,21
1305212,23
1036985,25
1170347,32
1317986,33
1307819,36
1015528,255
1325298,254
1448339,279
1137782,233
1253487,232
1178473,243
1275767,313
1110700,279
1158069,237
1479826,195
1232444,34
1320678,14
1281517,113
1029038,108
1397931,125
1303888,120
1070644,117
1448552,128
1438074,127
1070011,104
1095052,179
1232434,154
1071259,165
1002687,120
1289203,294
1423217,447
1471087,217
1049389,157
1099913,100
1113318,54
1229001,68
1433304,54
1401068,62
1187242,55
1359625,79
1185356,75
1040153,63
1008719,46
1350206,20
1495173,18
1128689,17
1001023,30
1285359,23
1420413,20
1342540,18
1079649,15
1154251,90
1185029,94
1067710,111
1416184,103
1093010,96
1226046,78
1255874,120
1480365,123
1240015,129
1072056,80
1010331,13
1059861,13
1096264,12
1057847,31
1267848,33
1353281,31
1435910,40
1133468,39
1271548,19
1257128,26
1458370,14
1303550,50
1081423,74
1176395,66
1452747,79
1249598,58
1453716,38
1301192,51
1451676,49
1157287,50
1189803,28
1147480,75
1423216,80
1286899,82
1480723,69
1406611,96
1357260,88
1170208,97
1097908,93
1415920,78
1271099,62
1217407,130
1011881,146
1407485,155
1295630,124
1053847,129
1144343,130
1478102,154
1025390,141
1302448,135
1246317,104
1010666,242
1313421,805
1000698,220
1092126,202
1473499,269
1209421,222
1387028,1741
1061134,1229
1162193,174
1099223,160
1412109,12
1023342,12
1461384,13
1317056,123
1039007,133
1300140,140
1335882,124
1286846,125
1459159,118
1406375,148
1254323,145
1421326,120
1036769,89
1188121,24
1288839,22
1452281,22
1423886,22
1429192,21
1170773,13
1343976,12
1008860,15
1208057,11
1398096,103
1094768,106
1458256,116
1469568,124
1042422,115
1281477,106
1427545,136
1398303,145
1297500,136
1184259,90
1247248,16
1050335,200
1389117,164
1091327,182
1191903,206
1473941,216
1361611,166
1390206,183
1067572,180
1462163,154
1022601,127
1436514,57
1428766,661
1031474,106
1205829,65
1470414,95
1330416,80
1215711,1078
1234303,872
1459527,152
1091726,116
1494166,84
1425078,87
1280912,93
1101451,85
1102535,92
1192441,83
1095607,115
1367089,116
1159398,105
1234591,74
1276836,15
1114189,14
1364745,16
1217742,14
1066010,12
1108218,12
1226604,31
1330739,21
1234421,19
1265219,19
1199333,21
1083928,43
1041818,18
1270599,202
1287231,193
1412408,213
1349144,208
1224252,869
1395552,675
1402396,296
1215113,273
1078367,1096
1206651,591
1197899,26
1286540,40
1248828,40
1085236,67
1208237,20
1482243,28
1056066,33
1248566,19
1076486,23
1214421,22
1016268,17
1394274,16
1216050,102
1198442,107
1181286,120
1242834,111
1320866,104
1479494,93
1338420,149
1234957,139
1470791,108
1183173,81
1342205,127
1221456,122
1265965,137
1468194,131
1130150,150
1146521,121
1243690,156
1144351,160
1025173,136
1272944,104
1219707,67
1007209,50
1082299,57
1067520,48
1352924,49
1410275,43
1039372,64
1256674,73
1295791,76
1236452,42
1058027,84
1274554,89
1329740,116
1167347,103
1451883,85
1198739,102
1117758,122
1452199,112
1254860,88
1194661,75
1309274,13
1131716,13
1283793,12
1218947,130
1383534,126
1349711,145
1224002,129
1138335,160
1390060,152
1443567,170
1060435,148
1393922,127
1224512,99
1095238,25
1221251,22
1405406,21
1284661,26
1478516,21
1223492,136
1112602,148
1040307,167
1081076,144
1359075,132
1087231,144
1191560,169
1044549,150
1128096,121
1381724,100
1461471,17
1439341,17
1211903,16
1213401,25
1070053,28
1279096,33
1251454,24
1213767,17
1071776,13
1015899,56
1068960,56
1428482,59
1493778,57
1084126,66
1166141,56
1059119,88
1344297,64
1172465,46
1192321,28
1171256,32
1105799,18
1252385,17
1086394,16
1323071,15
1089737,18
1399894,21
1336059,20
1114250,14
1157695,72
1059960,76
1323156,76
1307832,58
1430672,65
1083044,63
1019952,88
1310874,76
1206124,57
1467171,39
1292159,235
1200761,207
1152578,218
1165400,208
1468823,230
1233718,207
1067345,232
1272924,244
1064613,227
1417327,161
1080513,317
1196458,328
1443469,335
1375742,330
1072649,765
1309132,590
1290854,429
1127315,359
1441457,355
1165142,263
1049952,47
1310650,53
1236773,63
1173994,77
1441700,61
1402904,50
1376912,75
1308727,69
1064523,71
1043894,54
1063256,36
1455058,35
1078273,36
1242551,30
1330929,58
1315562,52
1228679,28
1015454,31
1217178,28
1377098,61
1382624,59
1309943,64
1234906,65
1319758,67
1142998,60
1078062,97
1396355,87
1377697,81
1131561,70
1095178,32
1115944,31
1274803,31
1095602,29
1067896,30
1221106,28
1368829,26
1002660,39
1006792,52
1466488,56
1367222,48
1022457,42
1104908,54
1225707,36
1061460,56
1340502,29
1279583,32
1183707,94
1394734,105
1168535,30
1410114,40
1156319,35
1197604,38
1215697,27
1320069,62
1444887,62
1475387,59
1346305,65
1177114,82
1002289,86
1361334,98
1020355,76
1342654,72
1315254,63
1098380,54
1349856,111
1468813,94
1337198,118
1179388,69
1215476,58
1122716,62
1406481,62
1373420,45
1102059,103
1065427,109
1004198,95
1141401,82
1225795,102
1414811,90
1047239,85
1229693,91
1224714,82
1192829,68
1081848,104
1157252,96
1462830,123
1386971,80
1338138,84
1181514,74
1089558,80
1365949,87
1441761,61
1025825,55
1010248,174
1304450,175
1045376,183
1425432,164
1029668,171
1116525,168
1100793,212
1174284,184
1054029,167
1364193,150
1366962,272
1453619,483
1129900,273
1433846,262
1475443,267
1086519,261
1213738,1809
1241413,1550
1217461,216
1074355,223
1250684,22
1185761,23
1148006,23
1242359,20
1070040,18
1009282,21
1140020,18
1134901,18
1123975,19
1366099,295
1050241,201
1162092,221
1061294,194
1274168,188
1149165,160
1323957,210
1280976,223
1278113,217
1210708,172
1339465,238
1338896,239
1483889,228
1315614,239
1278314,230
1043794,223
1283121,264
1101191,267
1415650,276
1401680,209
1460445,306
1180058,325
1462684,305
1138520,330
1317061,378
1054840,352
1438974,437
1002774,488
1159437,510
1089638,386
1127397,24
1415166,24
1435778,24
1128032,23
1076832,24
1392837,174
1454709,166
1179231,165
1182033,146
1029988,332
1042837,234
1219095,189
1376260,182
1463761,166
1227644,151
1317620,148
1453388,605
1399359,152
1490375,129
1097563,139
1092587,137
1109919,1467
1427406,1125
1211765,117
1130959,94
1448306,279
1419811,269
1265062,262
1425904,273
1125938,316
1202900,292
1095568,360
1300715,384
1376035,406
1247963,294
1233461,72
1336037,63
1167286,53
1468046,41
1004508,48
1135287,43
1380028,47
1163632,35
1409352,33
1013469,41
1004938,38
1105636,36
1095364,36
1047991,33
1448323,28
1399603,33
1496729,29
1298382,24
1005003,25
1401766,28
1465689,27
1193331,28
1438123,25
1098604,24
1367860,20
1370235,22
1450299,24
1457399,17
1256980,280
1247682,287
1217450,275
1399546,304
1484802,984
1045267,679
1083456,420
1025693,386
1229151,1274
1472239,1063
1141854,45
1275306,70
1190954,63
1232183,98
1225479,60
1228546,32
1082302,35
1220988,35
1488412,28
1462286,25
1272933,46
1012794,43
1060379,26
1322864,67
1422003,82
1261322,66
1361920,64
1011082,61
1198185,70
1155781,67
1460971,74
1217608,73
1464015,70
1092728,62
1443211,97
1319853,97
1224204,86
1161246,76
1225127,24
1244297,28
1492404,88
1266882,98
1115336,30
1100363,24
1386771,31
1228144,26
1456463,32
1209430,25
1057256,104
1220699,98
1011026,102
1181307,113
1306278,114
1034430,107
1363491,113
1263946,106
1030522,100
1208582,84
1288919,44
1188398,41
1257603,39
1444572,35
1195794,35
1277054,33
1324093,36
1457210,34
1374108,28
1074202,24
1431907,144
1486660,142
1087576,146
1050233,146
1132252,152
1095838,157
1369255,173
1034963,184
1223053,185
1267677,145
1485310,123
1473546,125
1426101,129
1332522,136
1102609,138
1384611,121
1136040,142
1415673,131
1036779,124
1083181,111
1313017,94
1122743,92
1059507,95
1143434,102
1123578,80
1175471,84
1420158,107
1171896,82
1340676,81
1281560,109
1158519,122
1071538,120
1036619,107
1158312,126
1066536,160
1133053,114
1251379,120
1100091,117
1149857,102
1047198,58
1136864,87
1179725,79
1306697,83
1281504,81
1327389,75
1055921,95
1101152,74
1182646,79
1424279,53
1105421,244
1445716,247
1079973,241
1458467,244
1312972,236
1088756,241
1267746,295
1232711,294
1457306,304
1011235,228
1471277,150
1181771,155
1231442,159
1193500,164
1200482,139
1348404,154
1436025,172
1290134,149
1033917,157
1179301,134
1081725,134
1393415,135
1389608,138
1352022,141
1279211,177
1472093,182
1242163,210
1430423,157
1489595,177
1336018,139
1373525,233
1090212,230
1209604,226
1270455,232
1333274,247
1247242,212
1483471,266
1157862,196
1094134,206
1340562,136
1188903,159
1421956,109
1069594,122
1032110,138
1221954,135
1089247,125
1400695,155
1431873,170
1057308,171
1392873,127
1375319,197
1336737,197
1197957,189
1355864,183
1064517,182
1228726,183
1133114,218
1388842,179
1069600,170
1010212,146
1350266,121
1404848,30
1364685,31
1322930,37
1014899,34
1024487,37
1054349,105
1299746,99
1255402,91
1313903,75
1169066,80
1378577,70
1100250,83
1217224,90
1255217,57
1119655,55
1342352,906
1308085,899
1444143,839
1176836,860
1107618,901
1247310,844
1076251,1009
1230370,1014
1405510,966
1044169,796
1128832,1281
1356616,1142
1242991,1124
1229614,1429
1054269,2181
1386650,2867
1428923,1345
1199404,1279
1424116,1176
1017704,1030
1488050,573
1266608,564
1461971,573
1069314,606
1295765,639
1313113,601
1156774,669
1020945,702
1008568,735
1397328,600
1479955,147
1278982,141
1466318,152
1114726,145
1050846,149
1326323,142
1354098,163
1392774,172
1088550,170
1065051,154
1442994,160
1404802,161
1448322,154
1453906,145
1184605,349
1080267,238
1063685,141
1141097,167
1237041,159
1193161,132
1456560,160
1291901,144
1330248,176
1102993,136
1171305,153
1394882,150
1013097,184
1490074,185
1358294,186
1068255,169
1342445,34
1291172,35
1325526,32
1404721,31
1401858,30
1247641,33
1323579,32
1008571,29
1029555,119
1060085,205
1178756,201
1335690,201
1038438,208
1255410,197
1300405,279
1369944,168
1426505,183
1299024,140
1057752,848
1412748,823
1364620,808
1261442,856
1245205,881
1064070,837
1309278,1028
1208235,964
1284797,1046
1148320,901
1176349,165
1451180,169
1341426,173
1389218,174
1212530,180
1340756,184
1445687,213
1001480,241
1285713,251
1016498,202
1238649,350
1209840,333
1449539,49
1478559,46
1390158,65
1494723,48
1323348,43
1139353,60
1358455,358
1031442,350
1051268,332
1061096,344
1012652,513
1182370,499
1334101,554
1339935,351
1321554,374
1439931,323
1116026,176
1118461,359
1129761,330
1305470,405
1119279,256
1186970,148
1374360,172
1376618,159
1249682,154
1445557,133
1013212,234
1245740,216
1212302,213
1336986,191
1012718,410
1455753,391
1414107,340
1108487,208
1145767,187
1074126,169
1327909,111
1187865,113
1209194,122
1020515,120
1342004,121
1309704,108
1392386,140
1089782,142
1303695,84
1095152,70
1473553,628
1079855,591
1242295,607
1010465,559
1020507,583
1293282,564
1396363,667
1022752,620
1357421,554
1410617,490
1139996,903
1053955,3132
1093507,794
1144866,729
1128043,780
1267998,754
1093360,4501
1494011,4403
1342237,709
1409426,624
1080952,55
1357847,47
1111725,46
1220749,38
1115692,27
1028364,33
1260258,37
1118887,36
1322939,31
1234117,844
1287542,782
1159595,765
1001266,779
1181256,776
1170613,741
1403354,855
1076195,894
1264257,860
1195502,734
1125151,885
1377611,862
1415079,737
1432411,790
1090138,870
1484042,855
1394148,953
1241695,999
1295216,1009
1384543,864
1020876,140
1144384,148
1158488,150
1087275,156
1481135,158
1330803,156
1243616,179
1356902,205
1144010,212
1177817,175
1257211,66
1068853,65
1385807,70
1197420,67
1227153,67
1066210,68
1011221,87
1459794,89
1467815,82
1245659,70
1306935,1966
1349929,1934
1391689,1875
1350008,1912
1017175,2028
1230601,1991
1353563,2140
1460117,2283
1366885,2333
1096075,2130
1063639,45
1350493,46
1262949,43
1403427,36
1146723,37
1332594,37
1018381,39
1255521,40
1004292,35
1224437,30
1437923,480
1083487,433
1472309,417
1217589,393
1214056,1091
1343584,975
1352012,825
1115630,550
1260544,462
1304453,405
1268487,427
1123692,2186
1068143,465
1190711,377
1359339,399
1025909,359
1338479,3993
1290319,3496
1409429,374
1105783,269
1399041,1073
1185779,1076
1055011,1069
1080864,1124
1247741,1129
1041516,1138
1157213,1290
1168450,1395
1392666,1431
1024666,1240
1141823,73
1242035,79
1181156,83
1038064,87
1398988,85
1473452,78
1310422,93
1108032,97
1055296,60
1220126,55
1113589,100
1491605,96
1299696,95
1280568,76
1313893,79
1330955,69
1208004,79
1173016,72
1462080,60
1375355,51
1230094,128
1025866,120
1451107,115
1416531,93
1282054,93
1450921,72
1161156,93
1091126,99
1252445,87
1433536,61
1339034,1718
1142781,1580
1335631,1602
1134459,1666
1493457,3531
1174658,3589
1247295,1601
1256335,1770
1295935,4058
1232035,4268
1485405,149
1231774,210
1411004,210
1291762,301
1499681,216
1232710,125
1096139,151
1460120,141
1366542,130
1125681,101
1243692,128
1367348,80
1025160,80
1156586,45
1499625,70
1336867,31
1336320,42
1344543,38
1222669,49
1105933,304
1073276,280
1215795,283
1471342,292
1495234,288
1182328,277
1138810,343
1142707,314
1231327,312
1299213,265
1015842,31
1362249,52
1202195,329
1495580,243
1196447,46
1091996,70
1498511,48
1258236,62
1223314,589
1397885,602
1265343,606
1067951,608
1343456,635
1283754,581
1170441,729
1373829,680
1152698,667
1200354,565
1445388,78
1248715,77
1013539,75
1198405,64
1352697,67
1061216,62
1029414,69
1456131,65
1048715,55
1438492,47
1216741,173
1306218,176
1080375,187
1428386,185
1377936,194
1276173,199
1268572,232
1179178,259
1043271,265
1309384,212
1129929,539
1046382,529
1183543,525
1478269,548
1117518,601
1173083,574
1037186,687
1174472,688
1427657,697
1403435,617
1088835,360
1450335,383
1380455,410
1073789,422
1276695,415
1203994,386
1136726,465
1298827,425
1247598,413
1440729,380
1115349,89
1078995,95
1316171,91
1229599,86
1133642,80
1210879,80
1496663,100
1376737,98
1238615,89
1063947,85
1314432,287
1149171,268
1087492,264
1362637,249
1274851,529
1164898,508
1407146,480
1123371,342
1291337,270
1231383,250
1186826,207
1031599,294
1456388,284
1115977,290
1370192,296
1496330,281
1309382,384
1327692,225
1099768,276
1086319,204
1295236,245
1333324,265
1145620,269
1048752,273
1390781,351
1185214,237
1192395,326
1095976,315
1331958,322
1432224,260
1115994,364
1035138,401
1435247,418
1336877,417
1316005,395
1174524,396
1166020,476
1180767,439
1113149,427
1199960,377
1214772,231
1222650,241
1379128,234
1163871,237
1463945,357
1119237,369
1002773,438
1142372,252
1359413,311
1278587,250
1364919,1262
1267877,1129
1371429,1039
1258322,1272
1177282,1248
1177106,1224
1301531,1283
1219857,1038
1280093,1102
1152242,946
1394171,414
1110233,241
1028580,285
1163127,313
1313914,315
1109985,296
1452309,346
1264964,360
1044536,379
1311855,300
1202702,672
1468486,644
1431695,629
1112281,602
1166618,623
1335465,590
1444591,702
1062590,659
1088084,603
1246139,515
1244026,48
1202324,52
1482606,286
1149079,235
1283300,34
1318802,69
1276791,59
1063475,41
1199348,63
1056121,93
1148243,102
1271065,103
1121352,105
1195327,91
1310472,115
1012275,126
1013681,70
1057017,259
1081755,239
1329157,244
1016607,261
1097417,236
1273607,231
1030030,284
1102375,307
1014321,248
1460731,184
1209388,426
1079093,404
1009864,414
1232226,395
1212390,996
1015514,760
1026288,529
1342395,465
1317334,410
1499718,338
1144252,66
1266770,59
1345020,66
1498588,66
1081567,70
1136800,67
1404563,90
1048698,94
1379696,100
1494614,70
1044262,39
1318421,41
1051497,36
1181919,73
1155905,68
1494117,29
1409682,36
1278364,32
1390694,27
1370833,119
1443525,117
1428650,127
1447715,105
1224368,134
1160516,110
1224600,145
1379561,142
1221505,141
1025904,119
1417093,33
1258195,30
1090477,31
1424192,29
1112094,27
1355719,26
1179255,26
1248962,25
1283105,49
1103749,69
1108210,50
1032155,54
1192611,41
1282019,33
1200477,61
1409201,39
1385955,23
1369859,34
1355820,41
1010486,167
1279865,136
1497126,40
1492673,38
1468197,53
1067239,48
1194966,52
1359094,36
1267904,150
1066283,153
1064134,165
1257133,151
1223316,152
1395167,144
1353989,146
1422291,120
1298285,123
1236996,109
1001765,97
1080677,141
1197159,121
1382993,144
1079574,67
1418919,64
1483390,75
1298823,77
1173925,65
1476878,54
1233803,104
1431428,120
1329543,111
1162793,96
1387275,124
1323908,104
1322958,96
1268053,104
1305051,101
1350344,86
1374893,77
1035507,104
1176675,99
1295932,66
1201353,80
1013966,68
1063382,91
1375806,89
1072425,53
1183053,53
1166233,195
1150804,187
1459959,200
1028758,179
1470426,200
1045457,173
1107904,232
1330464,197
1191436,186
1041527,163
1309992,374
1083320,876
1144631,383
1229991,371
1141624,391
1266359,345
1257289,2503
1450042,1680
1408203,295
1366613,273
1326039,28
1414267,26
1351716,23
1101161,25
1343335,23
1415914,223
1066165,229
1084729,204
1332928,213
1307584,207
1122837,186
1101186,227
1472746,195
1481360,201
1097637,146
1178734,138
1385359,142
1313891,134
1372544,141
1095090,145
1103849,137
1231318,162
1342423,163
1489884,166
1050683,130
1093651,498
1009004,516
1447838,511
1339194,571
1027184,640
1366421,566
1395557,731
1382148,746
1066186,803
1437787,722
1273643,24
1138260,22
1250575,23
1391663,21
1409188,180
1249625,195
1431237,175
1236537,162
1266099,250
1409991,221
1026632,204
1221355,184
1247935,175
1277356,154
1307732,182
1185822,980
1123946,191
1045423,168
1030906,211
1207533,179
1187581,2200
1210149,1540
1239382,140
1175679,149
1112711,342
1374089,349
1118795,336
1140639,375
1083175,396
1492620,374
1175595,456
1381389,502
1252196,536
1125403,408
1119217,54
1277459,54
1453409,61
1242979,55
1175963,50
1429994,46
1072318,64
1023198,39
1173743,36
1407808,46
1007837,48
1439868,26
1035955,30
1294097,27
1419467,32
1059549,32
1003296,28
1050250,24
1164254,59
1329352,57
1318629,55
1497364,61
1372971,40
1382213,57
1168538,40
1007065,51
1436260,39
1131468,29
1065864,379
1373382,346
1204938,388
1497299,396
1369939,1642
1413077,1258
1329521,503
1014278,453
1322531,2157
1386627,1531
1021800,71
1122164,56
1023106,97
1437074,36
1377719,34
1025301,41
1046935,40
1452681,34
1493038,30
1098698,61
1309145,38
1468663,37
1069977,18
1408414,31
1345178,31
1460552,24
1059627,24
1452397,25
1426515,23
1295518,86
1387877,88
1361789,104
1064474,91
1124284,96
1417174,88
1386814,116
1301623,125
1427811,121
1026720,103
1251710,38
1234209,38
1004166,141
1438196,174
1484353,32
1429143,50
1111111,45
1118109,54
1292839,38
1422430,117
1328104,113
1320587,120
1428499,118
1140562,126
1280840,119
1137543,138
1313904,122
1255247,123
1311217,98
1232936,37
1043919,35
1342245,32
1214809,31
1233222,31
1274357,30
1033582,25
1290145,23
1105210,233
1079607,227
1229556,232
1358305,237
1495092,241
1075788,240
1462272,284
1487211,309
1278525,317
1072156,248
1261277,228
1411806,271
1078267,261
1378172,269
1386744,276
1130416,242
1404114,296
1455416,255
1445438,246
1185819,206
1004773,91
1251663,87
1336507,86
1131973,84
1143972,79
1119395,77
1336287,90
1096741,90
1414362,80
1064559,72
1099973,114
1409973,120
1406534,117
1378401,107
1491481,126
1085482,124
1110998,108
1352488,112
1287516,111
1021170,93
1498407,66
1280562,89
1201803,98
1079291,81
1179921,89
1182796,78
1096333,104
1339580,86
1030469,83
1222532,74
1248761,159
1223245,158
1328456,160
1264900,160
1064669,166
1329624,156
1388838,186
1041615,185
1345269,188
1188222,159
1392665,252
1123137,266
1250396,275
1422156,281
1254126,267
1194437,264
1348159,308
1016063,292
1465923,259
1419496,225
1269147,293
1170430,284
1320738,273
1326260,281
1374077,281
1199340,288
1368664,326
1179933,251
1150951,263
1388915,220
1137052,329
1230372,300
1173501,316
1018139,329
1469771,337
1110475,294
1151876,336
1473267,280
1388450,280
1375965,193
1363025,247
1008936,144
1245398,157
1084912,166
1012482,173
1175740,171
1110002,193
1480871,224
1364896,237
1229308,180
1053113,289
1196459,273
1417926,278
1071157,263
1137622,273
1343829,266
1247675,316
1210915,283
1106162,265
1132122,216
1152116,29
1139349,26
1403955,154
1128118,109
1066140,29
1313652,40
1233389,36
1200593,37
1233269,531
1346803,505
1469088,492
1188853,507
1435699,542
1398730,487
1422241,601
1214165,623
1003508,557
1154152,460
1314712,760
1114271,690
1418277,666
1297826,674
1268774,1316
1172613,1327
1149489,876
1389759,830
1378974,761
1213880,604
1115848,94
1225685,92
1075296,92
1329857,115
1068883,119
1296744,68
1394552,95
1081878,158
1037238,158
1049689,95
1217530,115
1112317,113
1451006,141
1322215,128
1227037,116
1388600,123
1133186,165
1122416,170
1275720,142
1362231,126
1010045,85
1438085,73
1179844,67
1304407,60
1461529,142
1412828,103
1371428,62
1218504,59
1383239,47
1074332,38
1042152,127
1489069,129
1199888,157
1010784,142
1338040,151
1077390,139
1186594,174
1076876,174
1408837,186
1310252,143
1497911,26
1436420,26
1095697,26
1318923,26
1318975,25
1069820,25
1413457,24
1129290,23
1184847,70
1055182,134
1085489,112
1442787,93
1359966,99
1001227,84
1246966,123
1456174,144
1274250,86
1082997,59
1213692,140
1128539,136
1126645,154
1439027,167
1169895,162
1142898,175
1041277,186
1390925,133
1368563,194
1123106,166
1352791,97
1365509,100
1299335,107
1155033,109
1441502,113
1080640,118
1131289,127
1416439,145
1167023,145
1115834,118
1085711,37
1078579,39
1222068,291
1381996,234
1384957,35
1463347,34
1211180,54
1004884,46
1292684,39
1181766,46
1378441,322
1039589,320
1484787,280
1307650,265
1393168,364
1147260,433
1160873,514
1390275,338
1490077,341
1426206,303
1161308,125
1202035,218
1063781,200
1255540,235
1189624,135
1011928,96
1416477,105
1213176,87
1466824,93
1318823,74
1186515,134
1241768,149
1281060,130
1106118,120
1397917,149
1230287,161
1058025,128
1004209,129
1035823,122
1373037,104
1308254,116
1007918,95
1437367,107
1148491,110
1461261,109
1084812,99
1239648,116
1320070,124
1046692,64
1320872,60
1112072,403
1426307,403
1233434,401
1204311,396
1270286,387
1241151,354
1106195,465
1362527,383
1373822,377
1088651,324
1371692,705
1170712,2287
1097376,970
1425470,698
1338306,715
1059092,639
1236134,3798
1420579,3374
1313750,443
1251701,414
1004232,35
1436746,31
1195929,31
1249534,31
1280255,25
1036895,26
1275145,27
1400554,24
1120021,545
1040633,532
1310818,515
1031907,524
1205122,546
1195293,517
1121684,629
1335302,629
1323910,572
1394931,504
1002479,180
1185698,204
1387808,197
1182612,201
1299452,171
1398759,201
1219014,228
1329042,245
1079212,153
1079402,208
1157925,57
1395999,61
1238279,63
1352454,67
1201572,66
1171633,69
1114558,73
1007921,84
1231837,84
1372533,71
1153580,62
1051401,66
1487987,67
1122589,67
1198363,82
1311137,64
1392561,83
1037381,85
1327930,80
1286218,68
1375145,1189
1354719,1130
1416624,1072
1162670,1111
1473999,1202
1415730,1166
1070101,1345
1149110,1431
1268657,1433
1125034,1274
1161652,29
1311386,30
1353828,29
1109541,27
1141616,26
1087687,27
1086947,26
1449835,25
1256323,24
1427597,25
1037754,341
1076695,326
1086034,331
1053303,294
1112214,655
1301567,529
1259161,424
1170392,388
1061037,335
1285893,308
1492646,204
1460894,1844
1322240,261
1007261,163
1287191,495
1277198,508
1285653,2672
1286918,2528
1325803,182
1041443,189
1232446,732
1381352,670
1168965,645
1300191,707
1391636,721
1475935,689
1413562,872
1129712,899
1181753,917
1094992,760
1208353,59
1166543,53
1059366,59
1039066,76
1460911,60
1436368,50
1006634,63
1226340,65
1402413,37
1187793,57
1076982,55
1478638,51
1470811,41
1027092,36
1413435,38
1311896,36
1026289,31
1163098,40
1092729,58
1161082,44
1465666,45
1398850,67
1319787,38
1304626,47
1292616,59
1344823,64
1189234,45
1253767,670
1487539,658
1238994,687
1195948,694
1220112,3030
1015880,2506
1228793,855
1042610,812
1028951,3487
1160784,2843
1397871,62
1442844,145
1069635,146
1358312,166
1015296,91
1379372,58
1302018,67
1194770,67
1233925,57
1345656,48
1219740,103
1364228,48
1307805,18
1494681,24
1494207,25
1253660,24
1410707,24
1055553,24
1126416,24
1328139,176
1349919,178
1456099,190
1167640,180
1183385,181
1403233,181
1332523,225
1299844,216
1481979,210
1334903,181
1004153,27
1195817,32
1445345,367
1173304,285
1073388,38
1085281,50
1173989,40
1124624,35
1049773,48
1390667,319
1102785,301
1071583,312
1469131,336
1393329,323
1168040,317
1375615,392
1491239,363
1336140,370
1208757,299
1196539,45
1340721,44
1107889,42
1161557,34
1448615,32
1217383,31
1482831,32
1387153,34
1198020,29
1021889,25
1022048,119
1281758,120
1190579,122
1300537,122
1109701,124
1260746,126
1393954,140
1421839,165
1278023,169
1451124,136
1219527,396
1430679,402
1080688,410
1009989,424
1058103,440
1109571,437
1192976,542
1112770,579
1458923,564
1098294,522
1319718,504
1428028,242
1160528,237
1293845,268
1390673,250
1469818,262
1209263,287
1058889,285
1218519,246
1416073,225
1062487,63
1410365,64
1005997,64
1462622,76
1425740,57
1090497,58
1067884,69
1072910,65
1011254,106
1169260,53
1319069,222
1046319,220
1255725,211
1038138,187
1459768,447
1499428,328
1146280,253
1328949,244
1253401,226
1160220,213
1050512,87
1213511,144
1237764,123
1461783,124
1019125,122
1276137,108
1358552,145
1121022,163
1479610,123
1062718,79
1119057,109
1062577,111
1072243,115
1138775,147
1094329,107
1280108,158
1158916,105
1148925,139
1273103,143
1326093,117
1037885,617
1204846,225
1362909,229
1025813,228
1257262,228
1338047,221
1411743,294
1371064,241
1470068,223
1101170,201
1462001,204
1281969,209
1120747,210
1119858,215
1464503,364
1454907,288
1112783,394
1153201,255
1033222,289
1317246,216
1279653,708
1259804,673
1330889,631
1456783,744
1451338,747
1455484,671
1463806,843
1293785,650
1092809,644
1255924,514
1238303,186
1273884,93
1321003,123
1421408,141
1323018,138
1291907,143
1191059,168
1226492,199
1109928,207
1359763,168
1020875,555
1479459,522
1126519,529
1243938,486
1011707,521
1055572,462
1202213,576
1112551,500
1318608,438
1171492,377
1346505,226
1399035,142
1410195,26
1428200,28
1450681,38
1230794,32
1111998,29
1458521,34
1089466,88
1013318,88
1266827,90
1356906,91
1015954,93
1277060,82
1167480,98
1218228,99
1410761,51
1060769,816
1261517,822
1429715,777
1008750,737
1275945,795
1227991,731
1432316,878
1153718,912
1092779,1455
1461917,740
1087803,1089
1140643,1039
1257290,975
1451317,1134
1424992,2185
1065017,2304
1195936,1179
1404821,1112
1384273,1058
1218303,833
1300007,420
1169576,461
1483754,419
1248165,448
1113702,440
1455324,436
1313776,526
1077395,528
1140455,570
1139004,448
1397517,131
1160121,135
1111558,150
1466321,136
1138171,135
1014190,114
1038757,154
1263194,165
1473297,170
1196301,127
1364052,176
1038561,172
1061158,180
1170498,169
1334067,401
1354259,255
1045566,150
1137247,179
1325543,161
1362836,132
1220386,112
1106959,113
1152967,136
1280185,121
1165417,125
1270138,120
1207627,154
1058052,149
1180711,150
1093029,129
1267791,40
1310051,38
1407193,40
1197290,37
1261533,37
1453402,35
1406646,31
1016126,29
1097438,136
1016091,210
1311629,205
1004022,196
1298135,203
1078562,187
1254708,247
1494605,165
1370522,176
1079860,131
1220471,576
1485377,624
1403428,612
1230061,653
1402669,676
1231858,647
1351261,754
1274271,780
1377695,813
1207970,707
1183373,149
1345983,147
1070992,147
1329876,149
1471648,153
1035888,153
1349583,176
1063439,198
1408273,198
1201464,158
1477543,56
1390256,59
1178105,404
1443203,334
1394524,83
1278543,41
1474327,70
1348414,52
1390594,49
1309800,56
1392815,403
1115483,391
1148318,385
1205809,382
1497444,544
1095215,561
1056960,620
1251999,398
1188139,413
1134444,361
1124612,146
1463839,291
1405337,257
1045963,242
1404679,165
1487809,122
1008500,159
1346088,195
1309473,146
1440765,112
1351627,190
1441768,187
1370126,187
1292794,172
1308071,276
1470794,291
1164141,205
1170897,201
1077235,180
1205460,160
1256077,108
1135420,108
1425475,112
1104883,122
1070616,113
1119638,107
1287436,132
1390833,138
1130338,86
1221218,69
1013813,644
1210130,616
1113889,628
1131919,590
1347100,622
1203738,564
1216417,682
1075536,632
1248608,581
1231823,495
1284997,851
1392430,2684
1250311,769
1343332,1002
1158805,873
1302808,775
1315927,4333
1390178,3925
1319088,671
1400730,585
1049345,77
1173186,62
1310002,61
1401748,51
1127622,39
1352703,44
1196939,48
1062100,44
1464385,36
1261795,30
1441938,777
1202667,746
1144183,726
1279884,714
1067326,738
1174713,690
1039677,823
1070775,865
1090686,803
1351993,685
1486124,532
1177585,523
1119464,533
1181642,538
1235863,578
1169391,581
1405637,659
1413868,652
1162780,594
1006063,529
1218918,125
1221805,134
1351968,138
1276334,143
1176666,141
1490962,144
1209534,164
1429093,182
1207337,181
1237384,138
1149222,105
1117923,105
1166830,107
1120717,132
1499239,101
1102466,108
1197506,130
1298538,134
1134036,162
1061156,86
1306954,1994
1342909,1952
1244760,1843
1431361,1927
1276681,2013
1148958,1977
1184174,2125
1323560,2286
1066229,2317
1025558,2115
1272226,50
1345224,51
1180576,52
1400678,46
1494631,43
1041253,41
1085653,44
1036898,44
1255825,35
1166811,31
1312936,382
1313089,367
1109924,380
1335860,351
1287145,864
1176669,753
1458693,510
1129849,462
1491799,423
1051349,364
1443980,237
1213478,1709
1488938,296
1236270,210
1448872,274
1152021,234
1233583,3029
1254865,2684
1446649,255
1123458,201
1413179,956
1064720,910
1333985,834
1485965,915
1045179,909
1034980,918
1055582,1100
1444798,1152
1059223,1164
1047097,975
1328392,98
1249257,95
1345965,115
1189952,123
1030558,118
1379280,110
1257501,136
1054115,141
1454949,62
1395932,58
1346914,89
1478318,86
1075796,89
1383931,69
1285934,72
1215738,66
1060380,79
1378187,68
1095715,52
1297712,47
1037218,103
1125921,110
1226436,96
1132112,88
1034182,84
1282516,71
1456846,89
1439256,89
1303607,87
1471480,63
1309280,807
1316821,831
1068449,879
1244417,984
1460277,3163
1141964,2993
1341807,1200
1374690,1244
1116327,3728
1395446,3367
1318251,123
1464601,231
1227075,217
1429094,246
1433405,151
1318005,116
1092639,145
1499150,139
1076176,119
1272010,85
1321757,187
1330209,132
1099026,134
1493281,54
1164689,57
1498076,60
1319999,64
1448350,61
1421711,54
1038221,46
1297481,263
1342441,273
1065384,280
1457965,268
1047619,270
1116321,258
1199733,300
1253782,282
1164408,288
1045723,238
1408514,53
1248845,57
1361418,425
1266589,347
1289418,48
1306674,45
1282683,71
1007581,53
1007038,49
1191930,55
1289632,300
1265199,300
1394596,300
1399350,324
1090499,348
1207469,326
1337311,422
1478789,381
1191669,362
1316515,289
1074816,112
1450974,104
1316042,104
1179169,93
1271167,85
1001293,81
1274820,88
1498345,74
1461834,62
1076787,156
1099423,160
1253791,159
1405583,166
1128016,166
1148287,168
1336749,193
1121493,216
1300038,218
1469353,173
1379869,502
1364543,466
1209429,473
1336922,491
1184984,528
1033802,504
1102254,588
1069100,620
1251110,613
1422931,527
1396463,364
1384942,441
1267286,437
1080373,525
1453390,388
1460261,403
1118334,482
1216971,453
1314150,420
1062635,362
1197947,140
1429990,145
1328020,141
1000304,153
1413854,134
1058705,141
1059717,156
1120318,148
1195881,142
1133957,114
1333350,294
1395760,274
1141879,281
1106071,260
1424549,480
1188351,464
1404749,340
1402018,320
1408756,295
1184746,268
1247919,237
1348282,306
1425154,285
1005220,286
1368923,293
1238630,270
1272350,358
1184813,242
1243023,263
1415987,192
1134877,195
1116838,199
1242837,202
1461295,270
1304951,169
1231273,203
1259733,244
1431813,246
1244857,224
1120215,200
1089252,384
1169044,445
1488310,452
1311865,474
1130736,454
1253835,440
1198939,527
1141237,474
1220100,438
1251272,389
1389126,254
1028984,247
1210725,249
1439307,254
1276761,362
1038564,390
1487161,452
1204026,288
1058780,330
1198260,252
1409283,1112
1369586,1024
1208466,958
1105224,1076
1160660,1051
1070798,960
1436213,1136
1262471,934
1040294,963
1148180,783
1174904,475
1310941,277
1072061,297
1096891,319
1050753,328
1372237,323
1480355,373
1464692,386
1205643,404
1255449,314
1343936,672
1024894,653
1225695,626
1327670,613
1136102,611
1029371,575
1108374,692
1313682,645
1446388,586
1061253,485
1256773,59
1156707,50
1225914,338
1188906,220
1175099,45
1213251,47
1318948,70
1140044,51
1453448,46
1482127,51
1492186,123
1451729,134
1175655,140
1232270,145
1386092,122
1146127,154
1007031,156
1252790,91
1208015,74
1460898,277
1472216,272
1497186,274
1281556,269
1319241,298
1211603,268
1200918,331
1489205,349
1345123,308
1436473,220
1412634,288
1004840,285
1370737,284
1148097,266
1230329,502
1264189,487
1471564,349
1207436,347
1117271,333
1456785,247
1034638,105
1321713,142
1229492,80
1017228,106
1347864,136
1358884,131
1157643,163
1014275,179
1273605,114
1492568,130
1429233,57
1373773,48
1103191,52
1184979,64
1261848,58
1460475,53
1171496,92
1341287,77
1149009,74
1075015,73
1363384,42
1207153,34
1311230,27
1445660,57
1388607,44
1339201,27
1255252,30
1093143,28
1239147,25
1428924,61
1232381,79
1448200,78
1347708,79
1362845,72
1125996,94
1015315,92
1100625,87
1102718,73
1366224,18
1442450,18
1070689,17
1459302,17
1214871,16
1103295,54
1402841,82
1453915,78
1204065,80
1429149,68
1256007,94
1288466,59
1212811,52
1244220,49
1230918,165
1146830,113
1283364,162
1366050,119
1202304,168
1374456,156
1284388,182
1298741,206
1361024,210
1085139,142
1115757,60
1164611,61
1071986,61
1062774,63
1465544,65
1156252,69
1338188,78
1475777,74
1363760,56
1298841,22
1331898,152
1339825,111
1078026,18
1110323,34
1164425,29
1154567,92
1384956,82
1409353,75
1010862,74
1183882,157
1438307,127
1149805,143
1038249,78
1288149,81
1217865,74
1170575,54
1459362,95
1350029,93
1467669,106
1014675,73
1280197,53
1220931,54
1336050,56
1299433,48
1024888,43
1306844,66
1365486,67
1177550,67
1131156,56
1343038,120
1420346,106
1147021,64
1476298,71
1342290,53
1122492,32
1369700,36
1020027,37
1206446,43
1306114,39
1125550,41
1348293,42
1188771,40
1482727,199
1057243,209
1126452,207
1342786,186
1384345,199
1479026,184
1400837,233
1386993,198
1024697,189
1117768,161
1433636,291
1271523,683
1413066,267
1052429,279
1080624,329
1433782,304
1429517,1699
1211453,1467
1148474,222
1403075,203
1326194,18
1179865,15
1298419,15
1455874,15
1177955,16
1071207,14
1288752,393
1167747,307
1467746,314
1122163,286
1200111,310
1282157,279
1072327,335
1358293,356
1179258,332
1433034,267
1242400,176
1183728,96
1480985,150
1309302,156
1129620,186
1140646,161
1364451,210
1404202,215
1196684,220
1134530,175
1287497,59
1105062,58
1395783,58
1105017,66
1148887,63
1209537,61
1261074,67
1165109,76
1008951,76
1025002,59
1021362,26
1248311,27
1127567,26
1294035,29
1005287,31
1408576,26
1476703,31
1138460,32
1455947,32
1499341,35
1257724,521
1138065,520
1331635,509
1089050,532
1209677,604
1178390,552
1232486,680
1165663,681
1115081,701
1294491,603
1172071,16
1065500,15
1395805,15
1335487,15
1483824,15
1417531,15
1078215,134
1196339,144
1325211,138
1196940,125
1222681,274
1075794,231
1054169,160
1285808,154
1207618,143
1336847,134
1481561,82
1430507,784
1273196,100
1402786,78
1313810,111
1422861,92
1182953,1432
1431576,1209
1336624,109
1358256,79
1466648,314
1217089,315
1275462,306
1461365,306
1159522,318
1442492,293
1426884,368
1223006,368
1257596,378
1313402,270
1076417,27
1113562,28
1306781,31
1437817,29
1095654,25
1037188,28
1193062,23
1116791,26
1078593,27
1301677,26
1431143,25
1335729,21
1273431,21
1291651,20
1046453,25
1270301,26
1321242,22
1027253,21
1013732,21
1024533,24
1027745,22
1401756,338
1200397,319
1336135,331
1127302,300
1086163,1248
1158899,712
1418131,397
1011342,404
1383378,1381
1329788,1003
1413355,35
1453914,68
1165320,78
1057838,106
1302966,62
1035293,40
1021717,42
1428648,45
1437108,43
1166881,33
1390263,45
1221841,30
1393273,31
1408322,18
1414454,24
1214045,24
1039828,23
1179927,88
1254793,86
1351626,86
1361626,109
1474171,107
1020749,93
1283888,119
1218770,137
1493085,124
1104390,94
1392730,22
1124619,26
1027577,72
1215288,78
1011785,20
1010577,20
1204806,24
1174460,158
1013394,152
1263967,157
1498604,154
1124137,158
1040051,144
1291601,169
1095188,157
1073321,150
1205283,132
1248898,31
1442657,30
1016320,30
1350450,24
1050645,25
1295212,26
1120237,24
1448221,24
1041643,52
1241401,54
1286172,53
1348808,56
1200960,55
1069495,58
1375220,62
1280709,69
1363658,67
1192217,57
1254129,193
1298211,175
1226852,178
1080756,176
1357125,186
1037900,174
1018982,205
1206804,216
1434708,215
1350481,176
1356462,120
1206990,124
1374639,123
1248955,142
1488819,118
1314173,134
1422028,153
1474301,126
1421735,121
1329364,115
1297374,65
1205205,67
1267715,65
1096759,62
1371599,60
1196904,61
1275453,68
1205146,64
1195095,57
1157236,52
1200113,63
1405527,67
1412772,68
1191506,58
1286282,128
1393333,136
1456278,78
1199618,75
1209903,69
1166888,62
1417296,53
1233935,74
1447608,72
1070930,67
1347324,68
1421863,59
1423458,85
1314357,58
1472011,58
1202692,45
1204108,51
1320421,53
1157131,50
1493504,69
1027269,49
1071193,51
1153084,61
1154191,61
1319139,61
1223887,48
1113523,132
1198977,126
1114413,130
1388713,134
1394714,125
1159948,137
1323802,162
1194854,135
1470372,124
1048695,112
1225474,77
1287737,70
1239768,67
1289902,61
1113656,110
1369685,123
1266061,134
1011495,66
1298947,70
1293685,60
1045465,402
1081681,378
1421624,387
1451474,412
1163083,425
1083920,384
1031606,445
1133029,336
1003561,340
1290934,243
1020564,169
1178892,56
1119268,69
1493433,78
1264710,77
1318684,75
1289831,87
1387575,107
1364643,108
1254679,86
1326548,224
1258579,212
1429577,216
1057122,206
1132453,205
1452892,201
1430832,247
1481540,195
1405175,189
1261253,155
1198643,20
1371814,20
1211409,86
1108597,89
1397712,21
1087010,18
1187741,18
1488904,23
1051180,28
1447326,27
1312294,28
1037296,30
1066036,28
1274650,25
1360248,29
1313926,26
1376399,24
1197966,242
1108691,234
1407227,244
1156240,232
1359242,250
1101112,218
1396786,286
1214504,293
1305039,269
1066722,203
1010949,286
1257911,280
1155840,280
1005910,284
1268420,447
1499109,457
1022495,345
1050999,283
1481138,288
1388481,207
1412015,82
1176447,42
1253823,93
1494779,91
1036773,97
1208909,118
1248167,148
1392970,137
1444295,93
1057981,74
1297433,73
1064848,81
1323764,69
1020465,69
1332048,63
1089745,102
1310777,94
1455214,86
1189682,65
1097913,18
1218649,35
1138627,25
1483004,19
1465355,16
1095932,107
1086204,110
1347932,135
1323389,125
1360373,118
1369485,124
1156482,141
1473466,139
1107803,151
1361421,113
1124678,14
1075990,14
1400926,40
1383499,66
1126038,58
1286555,46
1375120,58
1159696,45
1088236,55
1217593,47
1136291,53
1317437,33
1461229,125
1183783,143
1343779,129
1335558,145
1221537,136
1081323,82
1389983,145
1261113,166
1387450,149
1338940,121
1067321,19
1051361,75
1030392,94
1155915,17
1229449,15
1132160,22
1152412,23
1489262,21
1116102,21
1086847,22
1348070,30
1241177,32
1413177,36
1180550,22
1366766,29
1198791,40
1327818,38
1331264,56
1204089,41
1053998,21
1077837,30
1329598,30
1246576,33
1485914,82
1299729,83
1460115,93
1299132,79
1137246,102
1251637,92
1221233,91
1151884,94
1187774,86
1156979,68
1204525,16
1347649,15
1493813,17
1140478,16
1482717,14
1166964,355
1246650,365
1436167,373
1354222,335
1135520,347
1087917,321
1025372,413
1105223,353
1119382,330
1412980,266
1264395,228
1199994,538
1264068,212
1102366,220
1411928,235
1302832,225
1430125,1899
1179547,1428
1432135,191
1423780,180
1271169,14
1177475,14
1284113,193
1182008,184
1065218,193
1405233,187
1275037,193
1474230,175
1215183,206
1435232,206
1143903,173
1358874,138
1014564,177
1206185,181
1392612,189
1309171,160
1126294,184
1339737,169
1337158,202
1429763,213
1092832,232
1066511,162
1344086,18
1210234,24
1080240,18
1156847,16
1028232,121
1262649,121
1453211,124
1262599,128
1495848,120
1342607,149
1358429,166
1475006,162
1009709,128
1492097,14
1006833,147
1406361,151
1308035,158
1018667,137
1360589,171
1387284,150
1037113,161
1216798,153
1413073,144
1418176,126
1472931,74
1484697,718
1160231,106
1104329,70
1176781,107
1399279,91
1016676,1200
1212768,954
1401817,109
1076968,87
1127204,130
1454285,136
1230213,134
1216199,136
1338024,144
1316220,128
1261077,152
1499021,160
1384202,156
1327954,124
1221607,20
1289506,16
1421492,13
1075950,14
1085945,14
1298007,21
1431853,19
1164599,16
1484727,16
1251893,18
1149765,194
1225876,181
1415546,204
1078113,188
1490342,899
1143538,729
1342267,308
1442839,270
1137292,1304
1394848,732
1192413,23
1089505,27
1053247,30
1427058,46
1399010,32
1022717,26
1281547,26
1368785,22
1424511,19
1294222,12
1454421,134
1483482,129
1006934,166
1337295,149
1331277,148
1444811,137
1103642,195
1182198,187
1497051,164
1488795,142
1174921,20
1234400,17
1394502,91
1200823,87
1275837,20
1041452,21
1479766,165
1387983,167
1159217,182
1320682,173
1085106,166
1233601,157
1131145,196
1258777,183
1159193,182
1010363,146
1363486,23
1425117,23
1325405,20
1391577,18
1133753,17
1111154,17
1197779,16
1365246,15
1212707,115
1313597,116
1412241,125
1337684,77
1280026,86
1323007,88
1255751,84
1354177,81
1078929,81
1019057,105
1450808,99
1298458,87
1364650,76
1409575,21
1125328,15
1216882,14
1345389,101
1388295,96
1209508,110
1476668,97
1413395,125
1225315,104
1035195,112
1313839,120
1230384,109
1056205,83
1082698,64
1308392,83
1199853,86
1022140,72
1352470,91
1189345,63
1490265,72
1348230,45
1181616,24
1197754,26
1341473,25
1183839,26
1412036,24
1294587,27
1207154,21
1319547,198
1190103,215
1240755,218
1336172,198
1271870,204
1407766,203
1309964,240
1170529,205
1273445,193
1101540,165
1497398,24
1439873,22
1109486,23
1253988,34
1295721,35
1126045,47
1300636,30
1384325,33
1401376,27
1132739,175
1010460,177
1195857,182
1247979,194
1035595,194
1069260,183
1094702,223
1240856,162
1007680,172
1426661,127
1256382,19
1108013,26
1259378,24
1053053,27
1057181,33
1287446,27
1456020,228
1204510,240
1420426,242
1467938,214
1466987,219
1260987,216
1136679,270
1334365,225
1424034,195
1080646,159
1175393,16
1120564,17
1002584,84
1369039,60
1337552,17
1165405,15
1492488,18
1312853,22
1136587,27
1301621,27
1160572,23
1110622,20
1106150,287
1049172,254
1114784,285
1167505,262
1361792,309
1152503,237
1227862,318
1105779,337
1376356,289
1402031,190
1096623,116
1239656,123
1405703,140
1191021,123
1092472,519
1458592,440
1294843,280
1308629,263
1495955,150
1061848,132
1190084,129
1341158,127
1462124,140
1360840,129
1181465,150
1057569,127
1057633,170
1075114,174
1055398,158
1333295,128
1297074,24
1379038,23
1322503,36
1448129,40
1350207,23
1123031,25
1232610,146
1201589,136
1151450,155
1281317,141
1477767,135
1405278,138
1491066,185
1163517,189
1474008,178
1233979,126
1408360,14
1441467,24
1039188,28
1059972,44
1090412,27
1439582,27
1049512,32
1278377,24
1048840,23
1294224,17
1443887,21
1443342,83
1495749,87
1312759,34
1310930,26
1312840,24
1088172,45
1179491,57
1439950,50
1068923,87
1004841,28
1103936,32
1424143,38
1302670,36
1003271,31
1042443,27
1282737,141
1024017,133
1400061,134
1488713,116
1169855,152
1358064,132
1331832,116
1158324,127
1423816,119
1404581,94
1441739,190
1265839,194
1216683,205
1335875,183
1160156,181
1149327,178
1079856,236
1166586,191
1177025,179
1157387,153
1208736,310
1264561,685
1073671,296
1209675,273
1275754,336
1367936,288
1446165,2080
1234429,1751
1124690,228
1084106,227
1052283,13
1336838,176
1217775,149
1438573,161
1072145,150
1449639,148
1383383,135
1064086,153
1183107,136
1111109,138
1049747,104
1118719,21
1198172,20
1191230,22
1209839,21
1130885,19
1245977,77
1352817,82
1245183,81
1490092,82
1278462,95
1090267,86
1231613,127
1164334,145
1300150,148
1231259,111
1353044,138
1364881,133
1070795,132
1334338,120
1270230,150
1377631,132
1080033,130
1415642,126
1014478,120
1469693,102
1161439,120
1168002,788
1441244,151
1273528,106
1010262,128
1464628,115
1054992,1624
1424027,1356
1181485,110
1387632,75
1165288,114
1113019,110
1116213,114
1044947,124
1402049,128
1073679,113
1088866,134
1194180,152
1474476,155
1049402,112
1150785,27
1430351,17
1154657,19
1294881,18
1482963,22
1320236,23
1401300,22
1402219,18
1085905,29
1074853,22
1002726,20
1159511,271
1187456,259
1042038,274
1123472,247
1493200,974
1302806,886
1407912,368
1446984,345
1183152,1222
1204185,896
1108978,55
1199511,84
1083409,30
1118263,34
1218876,41
1167285,36
1252700,33
1445581,26
1127512,21
1085656,23
1321845,127
1455472,131
1027884,148
1394720,125
1074634,138
1308475,130
1139202,168
1049629,166
1495048,153
1255867,130
1063225,15
1274489,86
1155113,77
1012556,17
1136132,22
1057620,16
1367681,21
1127237,134
1123531,127
1087129,138
1337331,129
1255536,148
1025123,129
1492236,148
1168750,141
1186584,132
1456847,123
1075416,29
1372842,29
1240169,28
1014713,25
1345243,24
1227735,25
1088888,23
1333761,20
1158242,19
1081099,59
1242607,51
1495219,62
1401482,71
1318810,64
1400541,58
1024895,81
1046431,91
1068378,91
1431933,65
1271591,324
1421944,338
1184062,375
1057805,358
1076888,333
1181549,330
1211353,402
1201369,358
1041442,318
1080016,280
1194305,121
1215404,110
1373267,118
1317965,103
1102462,142
1228578,125
1450338,123
1140085,128
1353087,117
1399873,99
1199864,48
1427938,67
1040108,50
1232520,51
1140444,58
1491788,59
1017798,45
1078602,43
1432281,32
1474925,25
1487930,23
1062946,26
1250578,40
1251241,30
1054675,34
1430035,31
1320248,298
1384763,339
1373622,364
1226738,345
1329412,328
1475103,333
1222607,385
1202378,333
1191895,314
1446321,251
1116078,19
1438279,20
1260468,25
1307543,32
1412237,28
1008257,28
1287575,22
1187973,122
1432844,117
1041119,122
1308270,115
1365491,130
1355275,94
1152106,91
1099823,74
1054861,185
1000718,191
1184753,192
1086068,171
1128378,163
1195583,176
1497882,208
1104126,175
1317079,161
1282758,141
1155200,71
1324217,50
1473072,15
1343671,20
1026843,18
1125834,431
1189808,350
1441262,365
1055391,370
1296574,417
1448485,344
1075573,451
1349629,417
1024221,379
1209177,291
1043846,180
1187193,176
1401517,209
1451717,161
1137204,578
1394137,602
1293060,487
1084654,243
1235655,212
1198297,169
1356764,122
1146613,106
1337790,116
1005714,126
1047886,126
1490612,117
1248990,160
1106562,163
1197378,153
1296853,120
1402753,36
1425375,38
1028038,33
1345814,95
1498239,75
1440240,30
1313487,32
1172976,30
1173479,25
1108099,99
1140422,104
1476136,110
1183601,100
1392652,118
1281225,104
1076397,141
1455589,168
1427470,139
1378157,111
1249463,14
1159521,14
1007336,24
1492890,47
1416727,46
1274743,40
1060770,58
1304904,34
1420681,43
1046677,42
1331432,27
1392564,22
1007301,18
1087412,13
1070032,136
1307443,81
1141999,20
1409598,18
1279045,15
1423195,14
1488981,19
1133119,18
1452440,61
1132502,93
1407149,112
1282673,145
1268753,66
1284746,46
1005070,61
1019974,59
1309173,50
1480639,40
1446457,97
1362996,104
1090500,102
1304163,88
1078416,125
1059592,99
1162316,94
1158244,104
1366358,98
1314753,77
1286080,25
1335910,23
1006041,37
1249283,24
1461362,23
1015427,20
1358416,24
1020212,21
1248147,21
1378174,250
1215064,252
1442250,260
1075519,241
1182344,233
1160732,224
1334546,297
1166553,244
1450602,230
1267841,188
1253078,371
1102244,907
1189123,447
1003545,366
1304674,375
1428307,345
1142838,2594
1350187,2248
1074022,262
1431871,240
1437490,21
1466259,15
1253695,14
1286044,14
1283002,219
1382675,202
1272292,218
1480386,198
1365169,210
1384166,186
1497042,228
1363181,257
1294124,201
1009747,157
1283339,42
1267181,41
1332082,40
1315779,39
1265919,37
1130549,51
1468217,49
1117415,43
1177808,35
1020966,149
1210680,155
1007010,162
1426974,161
1167015,186
1208134,163
1088146,210
1384893,247
1295493,259
1237768,180
1025533,14
1473799,14
1178769,113
1386312,123
1129935,119
1441314,102
1154339,125
1308805,119
1094696,114
1268433,117
1357317,113
1068361,96
1281581,178
1112950,520
1394268,163
1356848,112
1115980,145
1215913,131
1260394,1807
1236784,1587
1131319,108
1207117,89
1470747,181
1410454,181
1329627,185
1053569,176
1098179,195
1489281,179
1230739,228
1117763,241
1016076,243
1020937,179
1018712,27
1045845,26
1329309,28
1161877,23
1226026,24
1492109,21
1040086,29
1412950,27
1340735,22
1233208,20
1151954,39
1288009,37
1273694,19
1488686,24
1193844,21
1257412,20
1015655,26
1316041,62
1296576,61
1400039,29
1194635,21
1313348,26
1119000,23
1027462,27
1371466,25
1134961,23
1485722,305
1143142,286
1272200,319
1387344,337
1138217,1442
1325439,1207
1072277,390
1314839,369
1443394,1757
1371303,1266
1110848,49
1205741,66
1442808,67
1323796,92
1032128,56
1467255,33
1132370,46
1087561,43
1123735,35
1319373,29
1494589,44
1395269,30
1319608,31
1414354,13
1120550,19
1168667,17
1039323,14
1174079,14
1138894,108
1332326,96
1443795,105
1269616,94
1432258,113
1147987,99
1295928,129
1287051,138
1158914,131
1361913,114
1136100,74
1395576,72
1125717,16
1185462,20
1494897,47
1135110,132
1269099,131
1313849,137
1120599,135
1180650,142
1092730,143
1411549,148
1202252,144
1323841,141
1102250,118
1340912,29
1150418,29
1225337,26
1168528,22
1043153,21
1456419,22
1243421,20
1010145,19
1018571,60
1069802,61
1401957,66
1404213,67
1316048,66
1158712,63
1479461,77
1208718,94
1185405,88
1198952,73
1474845,413
1157526,526
1148769,564
1070034,456
1140349,447
1137134,410
1410300,577
1101704,561
1294776,416
1027926,383
1420629,15
1104909,14
1287283,111
1261591,132
1478055,124
1275336,112
1492006,147
1373733,127
1133943,129
1134075,134
1252216,122
1365824,104
1422465,105
1066872,111
1335313,118
1474073,111
1164921,110
1348022,101
1253188,119
1018552,97
1346530,113
1339297,71
1220358,42
1301699,41
1406291,38
1467067,41
1025513,38
1312658,40
1465977,50
1276636,50
1322947,45
1443723,36
1088449,351
1038747,420
1074323,486
1425596,375
1365619,370
1343273,363
1162807,490
1212269,431
1132139,369
1132973,325
1318675,24
1121665,21
1157481,29
1127473,35
1171397,27
1057180,29
1147842,24
1152981,242
1355233,235
1151463,252
1002763,229
1354095,256
1392836,215
1283010,290
1394082,207
1094935,224
1151706,149
1200731,56
1141438,23
1399751,40
1108673,39
1273336,32
1238435,31
1295267,35
1459297,40
1018011,40
1159162,30
1278056,121
1023979,128
1226314,135
1071038,118
1373670,106
1056884,112
1362578,126
1094443,112
1389248,100
1243448,85
1413481,22
1360278,17
1378063,61
1166004,59
1418240,13
1484087,16
1040229,16
1300041,18
1316313,430
1308796,419
1139258,405
1493273,396
1296204,440
1184448,386
1102185,476
1015283,502
1335904,461
1132706,367
1247498,642
1111828,589
1050509,572
1225960,604
1127936,1797
1066415,1347
1358786,695
1090286,687
1161679,654
1432350,511
1374582,206
1185511,210
1386250,209
1008427,202
1172238,216
1019043,210
1103612,259
1393402,208
1232866,278
1021932,219
1295018,67
1114607,67
1359954,95
1019313,75
1059851,87
1476929,67
1410152,99
1220929,99
1319121,114
1236073,99
1309919,44
1274531,44
1327243,42
1077904,39
1296259,79
1244754,62
1455282,33
1496731,38
1197177,34
1324344,107
1280829,120
1343500,126
1132022,102
1259861,122
1231386,115
1372949,149
1095880,151
1321490,151
1015489,127
1080169,25
1397944,24
1198786,24
1264775,24
1384255,24
1421779,25
1185691,24
1434682,64
1354008,116
1408531,85
1466423,88
1356737,97
1189941,78
1088646,106
1392976,72
1303529,77
1280402,263
1233708,222
1482059,312
1493098,297
1347717,293
1408089,265
1444918,334
1433357,385
1339315,400
1384499,303
1121169,90
1441170,91
1084363,90
1283429,93
1279398,96
1259805,95
1083814,107
1489761,124
1207479,130
1100808,97
1078039,46
1409480,54
1375526,323
1475219,246
1065416,45
1133414,38
1203590,58
1454122,47
1300661,42
1307899,45
1051496,183
1029671,191
1319750,189
1130635,187
1281671,267
1116333,267
1312450,312
1001732,197
1452847,224
1341886,189
1224175,77
1223150,175
1060365,150
1055160,142
1435103,77
1159771,59
1388818,74
1058809,75
1343550,72
1039843,54
1092200,120
1495200,123
1046120,115
1001638,103
1192455,131
1405377,157
1041927,108
1189301,115
1340940,109
1461400,92
1326313,237
1276735,59
1163652,82
1417376,90
1122299,84
1008743,72
1032920,88
1138081,94
1318665,53
1372995,53
1143198,317
1044391,323
1106036,311
1312310,296
1259739,309
1144461,277
1309137,359
1237369,300
1302878,290
1082810,237
1483907,502
1367832,1534
1070518,455
1392636,432
1023524,484
1462648,443
1229441,3333
1423953,2898
1114245,377
1306638,354
1308439,28
1295096,26
1439811,23
1306205,24
1299332,25
1352223,25
1479831,22
1339805,401
1243256,385
1138267,403
1335166,383
1250508,407
1475951,388
1342720,455
1306068,489
1398609,455
1356536,362
1273131,247
1427047,212
1228987,241
1117910,253
1325084,280
1146767,260
1199571,310
1266900,345
1164756,359
1180117,290
1233241,66
1054223,72
1289081,75
1250107,77
1280555,81
1292298,83
1083856,88
1361332,107
1299828,101
1195665,81
1164822,95
1420293,87
1341606,88
1037322,85
1345040,88
1114649,76
1136853,101
1494238,91
1405723,109
1470269,70
1264350,1203
1169852,1137
1392031,1170
1140763,1223
1359423,1299
1145373,1327
1381586,1573
1486989,1628
1061075,1624
1018684,1465
1415482,25
1122374,25
1092204,25
1388240,25
1204116,24
1055426,24
1481106,24
1086401,22
1045123,23
1319982,204
1206301,222
1476808,213
1074527,201
1297918,447
1116946,380
1326550,248
1354092,243
1175470,227
1352189,205
1233536,179
1441005,1444
1380607,175
1247012,158
1458093,193
1126592,165
1025339,2765
1024722,1999
1216193,168
1011181,141
1121765,627
1154015,554
1193249,667
1025216,709
1487129,746
1132636,716
1011414,903
1368489,974
1369233,977
1458746,757
1381318,42
1179843,66
1019442,59
1247604,40
1331326,36
1201206,35
1186649,34
1158671,30
1226279,28
1353248,27
1407293,37
1281098,33
1078058,22
1394187,26
1348427,29
1186575,27
1363247,25
1297230,738
1167634,702
1053043,727
1423915,712
1055545,3087
1114758,2406
1318987,880
1397343,834
1370186,2895
1472161,2552
1276697,43
1336467,86
1203758,84
1172892,112
1037310,125
1251864,50
1045336,55
1186000,53
1070140,46
1434891,33
1392770,90
1444603,60
1067990,70
1293324,20
1358355,34
1216349,33
1274362,30
1029262,28
1318994,144
1363865,136
1033638,157
1101622,148
1191317,152
1404911,153
1131961,170
1243385,165
1060454,166
1343387,149
1121979,37
1403567,316
1487459,313
1017917,41
1062761,34
1468345,51
1393161,43
1059386,40
1499860,43
1396041,180
1283359,181
1118053,181
1017722,195
1312573,198
1430516,192
1314619,239
1140198,216
1454863,215
1388620,178
1346863,48
1201289,48
1183310,44
1364257,37
1143199,39
1278126,41
1458264,32
1380871,27
1273251,87
1431518,81
1230572,92
1062492,92
1497120,100
1030045,107
1261209,123
1132637,129
1188748,96
1458080,296
1453206,291
1199568,291
1248799,291
1039738,316
1201156,305
1474243,359
1017840,364
1048357,364
1398873,295
1036027,155
1083550,162
1250165,190
1290283,183
1051440,169
1228552,174
1487438,229
1427474,182
1158915,200
1059423,160
1395026,137
1078445,125
1296395,124
1419507,117
1136027,99
1219400,111
1327846,117
1203267,127
1346275,101
1189866,82
1313319,143
1146335,143
1359932,136
1070174,118
1267950,164
1426151,226
1132474,135
1151371,141
1332269,133
1274328,127
1198368,48
1194111,98
1278568,89
1413620,84
1226250,81
1151079,69
1196663,129
1124985,90
1265526,84
1171114,54
1180389,172
1377809,166
1419087,154
1497642,162
1427519,159
1419847,140
1429378,175
1366456,223
1051466,191
1437244,156
1369746,184
1191177,193
1359579,201
1008422,230
1361514,255
1083765,198
1208100,263
1103916,227
1268975,216
1386877,190
1023579,139
1311954,139
1488452,143
1274486,139
1473937,202
1191349,217
1227321,260
1197558,168
1230982,199
1173627,164
1259982,563
1060557,543
1365049,540
1386676,639
1021036,612
1391925,559
1333552,672
1303490,513
1410175,523
1053503,407
1163661,333
1248345,187
1027074,198
1105101,212
1428483,221
1305049,219
1252301,251
1392558,290
1321571,309
1226420,238
1088812,412
1142629,404
1320284,407
1178821,380
1470043,377
1120815,356
1484461,437
1284339,370
1162814,357
1003890,305
1016178,43
1453325,46
1411725,224
1168060,218
1303062,31
1061634,31
1062614,47
1060096,46
1289801,34
1265042,40
1155844,61
1467304,60
1344265,63
1229723,68
1045622,60
1189950,54
1262458,69
1449096,71
1172065,43
1044476,43
1144948,266
1105663,243
1292184,250
1409156,255
1219848,264
1446882,233
1130658,291
1117216,244
1180146,239
1123723,168
1092214,422
1193244,404
1473093,415
1015778,384
1353466,989
1449756,945
1113140,484
1365891,474
1331579,436
1234776,356
1217244,69
1236590,59
1312208,69
1054258,62
1020243,68
1464033,63
1362544,94
1365100,96
1147950,90
1326431,70
1323979,46
1126741,46
1152714,47
1243749,42
1239508,81
1175845,68
1284532,36
1151282,42
1084295,36
1498639,29
1406743,68
1038286,68
1221279,78
1322887,63
1215429,70
1388757,68
1459085,88
1472642,106
1207215,85
1422972,79
1351470,29
1432777,28
1441916,26
1322235,26
1024988,26
1440966,25
1041786,24
1457838,25
1458507,54
1436526,82
1046795,70
1157453,71
1157467,70
1250220,65
1253502,76
1449527,68
1215320,58
1323683,48
1487270,32
1201241,30
1181074,119
1216318,94
1016515,49
1175256,28
1109308,41
1155018,36
1055106,44
1330159,28
1100362,93
1323732,89
1297694,89
1482935,88
1453370,116
1217703,116
1349362,137
1498376,93
1247371,106
1389523,87
1434827,92
1487985,125
1202772,125
1436244,131
1326422,59
1219713,59
1389801,73
1061995,72
1385517,64
1250239,52
1023444,166
1462006,175
1238059,169
1313063,154
1487782,316
1489141,225
1244156,179
1197199,181
1347013,164
1222394,147
1344049,69
1139130,50
1136868,58
1135794,48
1269572,50
1287268,55
1312626,40
1349215,40
1424470,210
1465908,214
1433007,219
1348099,187
1248768,207
1348933,193
1473910,258
1081562,209
1413965,197
1404408,165
1154217,406
1230706,947
1496234,389
1080295,359
1410013,406
1492218,496
1142595,2802
1341806,1913
1270406,314
1449841,305
1407648,29
1123096,26
1444293,25
1130663,36
1442756,25
1260453,24
1349171,23
1094765,22
1477758,208
1435423,192
1135179,202
1178848,192
1311551,191
1188755,169
1126623,199
1225608,218
1061139,172
1265832,142
1422855,120
1492002,115
1025759,120
1014641,121
1380163,118
1405883,113
1441114,138
1322295,143
1271703,146
1126947,112
1233869,459
1478615,453
1081273,440
1452584,478
1082717,519
1009386,612
1251805,737
1390565,721
1301315,733
1033019,619
1173361,26
1400135,26
1489440,27
1278953,25
1463175,25
1471485,24
1020768,25
1152664,25
1324280,25
1099632,191
1112056,189
1225810,179
1182550,166
1046330,354
1011226,254
1253903,196
1182041,189
1389945,182
1363040,173
1144372,204
1244397,938
1192419,191
1423648,162
1211910,193
1027316,271
1221224,2126
1030268,1423
1018816,128
1290329,142
1466568,366
1429643,364
1301120,350
1377778,372
1271409,416
1168372,399
1469059,481
1067430,523
1155421,542
1136593,416
1412025,40
1287019,51
1396176,37
1331977,39
1017414,41
1043534,48
1443689,51
1347861,49
1080052,28
1117513,32
1428659,33
1236742,33
1359593,28
1430032,24
1101512,35
1221917,36
1450030,32
1311807,30
1380508,30
1059445,30
1110999,26
1133144,58
1173000,47
1422208,25
1324958,416
1254383,391
1160460,435
1285982,400
1434894,1795
1478111,1123
1208714,640
1257730,557
1204027,2219
1234660,1596
1379557,33
1206972,76
1036821,69
1281479,101
1086556,53
1249198,33
1273640,41
1154247,35
1039516,26
1086615,42
1074491,30
1331967,36
1247169,18
1314566,25
1207802,20
1217120,21
1085153,22
1096124,23
1324643,64
1348063,52
1215254,60
1163471,64
1343129,68
1323659,60
1341726,83
1084459,83
1318775,81
1256838,70
1137669,167
1276624,108
1439602,25
1243108,28
1160233,36
1289462,37
1070377,28
1140632,168
1120911,162
1080511,165
1005706,167
1252996,173
1068406,158
1132811,180
1036698,171
1142085,167
1291286,141
1355770,40
1063009,39
1374169,38
1210839,33
1429939,33
1370140,30
1470437,31
1472579,31
1451674,27
1462767,23
1426126,110
1436356,111
1252819,113
1026971,118
1149602,121
1324150,118
1265505,124
1415266,151
1194917,159
1205287,122
1216607,338
1347976,363
1468668,384
1351362,379
1210795,399
1211587,347
1110361,428
1498310,358
1405934,335
1444235,292
1413454,60
1045716,60
1353423,59
1154956,58
1019221,54
1230883,54
1329315,58
1090421,56
1218834,50
1207249,46
1096870,146
1396409,162
1037656,153
1014037,141
1432248,221
1454232,155
1432921,151
1499865,155
1491511,150
1141545,136
1395659,97
1006261,167
1357284,111
1397297,107
1084335,113
1099952,96
1490160,130
1498026,93
1354418,101
1174084,78
1031835,194
1124713,202
1231192,200
1430845,203
1372144,204
1167420,195
1437265,238
1400908,236
1032713,242
1414921,188
1138409,236
1074677,296
1249229,292
1034893,292
1236619,279
1073611,268
1398971,317
1191159,284
1179404,268
1158107,221
1170010,113
1063594,113
1276959,115
1079134,121
1249813,143
1282607,146
1216484,183
1083050,124
1126864,155
1304998,118
1254131,307
1288768,305
1236684,295
1159256,284
1046393,314
1144740,278
1387143,333
1376447,248
1090955,252
1367945,173
1062966,113
1215173,73
1423125,75
1304852,86
1021724,80
1093088,79
1200538,94
1489037,104
1008838,107
1169203,87
1050959,324
1428574,317
1434386,307
1381322,286
1052185,288
1024283,283
1247559,329
1012208,289
1047132,263
1111480,206
1020431,128
1226209,94
1448463,26
1265029,44
1371818,38
1001148,36
1362812,566
1239762,415
1254062,447
1040412,421
1107366,442
1372047,405
1386015,481
1015227,462
1268228,424
1369293,327
1057989,358
1094537,344
1264303,340
1379614,352
1333333,581
1476899,568
1186550,422
1030934,380
1262550,348
1352451,294
1427314,201
1151744,167
1013929,222
1302552,217
1026832,208
1427606,143
1339299,199
1074211,245
1319989,192
1209709,174
1102908,35
1421244,36
1435074,38
1497104,35
1013820,63
1405691,58
1030857,28
1448901,31
1296889,30
1362892,25
1177846,169
1216716,154
1485789,158
1000405,160
1377293,175
1149679,117
1357633,185
1069951,227
1394657,201
1342487,188
1103781,22
1260990,21
1186075,21
1420628,22
1033678,21
1159897,48
1055147,37
1058034,29
1437001,40
1237714,31
1464379,41
1312387,26
1185155,29
1116803,28
1168006,91
1174164,97
1026794,36
1053982,27
1318678,37
1325393,30
1250190,29
1374738,47
1248806,40
1245972,46
1002128,41
1083476,66
1449458,52
1482122,71
1214569,51
1309837,40
1340245,39
1128407,57
1003796,67
1251253,56
1252353,95
1291714,42
1080543,49
1469694,58
1233157,51
1474573,44
1219309,36
1004249,94
1294600,95
1361715,86
1429336,84
1077780,132
1270581,93
1450900,74
1059120,82
1378120,78
1121365,69
1057980,149
1252149,156
1106978,164
1083553,145
1486382,155
1160547,156
1052664,189
1221494,163
1029101,153
1034243,129
1474190,261
1210832,855
1384764,310
1464581,244
1449113,284
1221115,251
1213496,2119
1232809,1679
1187479,227
1388369,197
1495776,17
1168775,15
1355384,15
1017536,15
1033467,14
1087374,15
1344569,233
1059351,197
1332121,209
1256130,223
1288076,189
1470264,186
1187374,222
1247292,197
1352064,201
1026735,149
1474051,46
1164344,47
1253909,44
1313512,47
1187666,43
1000831,42
1361966,51
1228440,49
1222358,49
1259767,38
1083024,391
1027186,387
1226206,377
1193020,422
1208269,569
1441531,454
1201640,530
1412072,670
1063733,744
1196516,564
1481613,25
1404146,26
1037597,24
1303077,23
1400354,23
1460258,22
1258158,23
1391288,18
1259464,18
1022162,90
1043840,81
1339738,73
1384661,81
1209720,117
1455897,82
1127451,76
1363426,73
1217809,71
1309141,64
1195458,119
1344468,660
1109661,229
1022560,117
1019323,121
1146209,106
1378286,1343
1356402,1048
1499223,103
1276621,84
1496726,243
1040688,255
1359566,243
1322847,256
1419205,285
1376392,259
1471555,331
1157631,355
1446675,368
1171196,273
1281533,27
1093990,29
1209374,29
1421623,25
1251384,23
1051395,23
1139627,26
1180107,25
1325722,21
1118152,35
1330397,45
1361124,49
1178707,28
1413986,30
1241852,21
1283593,47
1238865,35
1028109,28
1183910,22
1180242,326
1118832,313
1173239,365
1418951,333
1029810,1393
1463479,887
1196208,464
1369533,432
1267353,1511
1120902,1070
1204473,45
1363790,51
1089488,43
1321307,85
1209154,36
1276722,36
1042434,36
1272062,31
1408207,25
1139545,32
1370338,24
1441728,28
1250654,16
1383155,15
1063345,17
1447665,130
1312133,137
1173106,103
1272624,119
1327619,128
1434019,97
1111401,143
1455666,139
1393896,145
1078164,130
1090469,17
1127551,65
1130340,68
1071794,17
1343891,18
1029979,24
1494201,70
1110232,73
1191425,70
1083831,74
1114637,81
1444450,83
1002579,93
1136776,89
1227062,82
1253118,65
1333423,42
1060388,45
1167613,43
1056566,35
1304142,36
1058319,33
1093672,35
1305060,34
1022178,29
1267082,24
1222568,101
1315683,103
1122220,108
1374913,113
1443718,112
1402391,104
1172117,119
1460512,141
1057481,138
1435184,106
1154591,259
1029511,282
1122897,294
1327188,287
1058238,300
1241404,274
1004561,313
1293729,287
1454012,255
1251881,217
1494214,26
1447416,27
1295580,23
1062579,24
1326138,26
1454801,25
1251730,24
1495918,22
1165001,118
1215402,115
1367986,117
1173733,125
1195787,196
1013331,135
1224522,112
1478189,118
1287261,111
1100902,94
1474455,54
1264948,74
1485074,58
1489039,64
1348732,60
1105602,46
1007891,63
1077300,60
1329141,51
1259803,47
1360415,62
1127043,60
1059133,58
1204248,65
1217680,61
1167403,60
1427762,77
1055201,78
1486591,73
1011382,61
1310544,174
1408249,177
1442686,215
1004124,192
1028308,184
1185785,194
1481414,202
1185694,190
1075073,178
1230994,160
1379639,103
1131581,100
1156328,103
1245306,95
1471389,111
1364328,123
1436549,174
1463916,126
1390277,115
1107277,99
1357918,246
1447229,238
1005089,246
1251525,236
1446516,246
1364017,224
1451683,257
1029269,199
1140303,217
1295180,141
1152177,114
1017399,65
1145891,86
1413242,69
1397636,66
1273228,64
1106083,80
1455436,84
1210472,81
1179024,74
1233530,198
1497414,197
1070634,196
1207686,195
1237150,192
1110076,192
1154847,222
1461549,188
1154617,172
1084175,152
1186995,313
1210151,289
1381179,301
1461982,290
1427117,313
1119080,286
1086505,363
1494879,314
1173357,304
1272563,215
1304421,513
1121467,482
1262305,475
1247788,492
1015891,1019
1309128,1194
1005399,660
1006498,573
1435652,509
1299727,427
1194476,102
1212725,96
1190444,104
1254939,99
1111305,105
1331353,98
1022768,128
1380047,135
1488338,137
1152614,133
1096268,58
1474006,68
1325326,55
1383158,49
1161026,109
1447296,99
1150094,52
1246960,48
1495161,38
1356515,155
1292414,151
1486912,158
1112470,174
1398419,162
1308975,154
1342069,219
1451824,189
1460152,203
1498359,185
1163148,39
1013434,38
1156755,39
1482906,35
1242262,35
1231518,34
1218599,35
1414865,35
1001701,30
1469466,27
1424863,91
1380652,88
1000734,91
1005335,87
1404053,82
1446011,75
1171263,77
1116171,66
1312433,79
1338621,45
1465064,52
1449755,48
1386365,203
1024030,201
1046592,40
1152096,48
1421359,59
1316044,52
1181013,57
1070137,44
1146852,115
1295497,113
1371269,111
1295314,113
1151009,149
1338515,211
1285058,243
1281399,127
1343836,135
1140896,117
1008749,170
1489542,173
1392767,170
1089465,177
1260208,140
1415229,93
1481494,98
1103454,94
1098157,81
1130726,66
1225453,201
1369168,202
1103558,172
1211285,163
1139460,238
1215932,185
1126306,189
1339455,183
1071891,168
1161712,145
1026497,128
1086610,132
1321124,113
1310618,97
1361581,102
1465472,90
1217409,107
1044635,106
1291482,68
1436060,65
1314539,272
1047310,255
1285948,259
1435237,243
1016992,253
1149757,238
1193059,293
1083302,265
1476967,252
1192208,216
1419882,831
1404698,1308
1445592,855
1051753,739
1437653,817
1016753,746
1061979,3301
1166878,2503
1077710,713
1151813,563
1331608,33
1040462,29
1491082,29
1380987,24
1238332,26
1343421,24
1455377,22
1401181,279
1098169,211
1414810,219
1036855,192
1103761,201
1042253,191
1235632,226
1045651,201
1411635,200
1323063,153
1443157,274
1330934,280
1316177,274
1278699,285
1238056,277
1129006,276
1407025,324
1221491,327
1480631,329
1492689,258
1117594,641
1486028,646
1135738,588
1222614,694
1406377,774
1244061,733
1003197,913
1289790,989
1036601,1062
1050954,866
1094126,27
1270770,28
1382259,27
1349385,26
1329858,26
1168409,25
1183464,25
1372710,26
1070786,25
1180446,24
1152619,374
1339008,373
1094930,355
1372645,341
1458283,488
1363817,408
1425272,383
1331011,362
1213126,337
1022307,311
1193613,683
1194956,945
1267495,557
1057705,510
1428544,500
1242885,425
1075410,2450
1261158,1808
1311456,345
1068712,307
1246456,572
1213389,584
1011038,570
1403857,644
1377782,682
1354740,659
1195560,818
1000845,905
1188391,942
1310969,766
1349423,100
1072222,94
1474968,113
1286832,78
1206362,83
1206240,72
1240574,84
1046701,82
1316364,54
1201456,52
1393626,61
1033993,85
1252764,60
1397241,36
1266837,35
1367769,33
1234359,37
1047082,39
1058253,33
1120533,30
1243607,65
1444377,61
1399251,47
1211270,59
1389781,62
1041281,46
1499053,44
1034495,42
1411800,38
1339180,33
1026340,674
1426674,675
1178617,699
1384129,717
1094924,2456
1473719,1961
1086535,1071
1319044,951
1082944,3078
1416679,2396
1383333,76
1442804,87
1019682,81
1142103,132
1456298,66
1198846,46
1355892,56
1354917,56
1419588,43
1470635,93
1311030,69
1098457,81
1347629,23
1024016,30
1020196,35
1349568,30
1296974,32
1384332,30
1112022,28
1063805,183
1169301,165
1236391,168
1487226,176
1043032,166
1052339,166
1319985,194
1118019,228
1065364,202
1280176,179
1197882,46
1336558,47
1304381,230
1364534,206
1382408,35
1486487,39
1227369,54
1417012,47
1332262,56
1207324,47
1471695,343
1379662,329
1068011,337
1332593,346
1145163,343
1418885,326
1486990,394
1094413,368
1067435,364
1171175,286
1170587,48
1009387,46
1471282,49
1446802,41
1318609,39
1219191,39
1256714,42
1426027,43
1114280,36
1233775,29
1384107,321
1055966,323
1137846,305
1138651,321
1475804,367
1437784,351
1233590,408
1175552,442
1457208,462
1306640,387
1492548,377
1499518,329
1300407,339
1204844,370
1495928,351
1143934,331
1235352,387
1068392,364
1433681,363
1162384,294
1440330,81
1416370,78
1358159,82
1341131,79
1050479,74
1120227,72
1296492,90
1271141,83
1178189,77
1100128,155
1117429,152
1338037,153
1362739,139
1340320,191
1117884,163
1250167,145
1284344,141
1462931,135
1257974,126
1078594,66
1177300,96
1440074,96
1381202,92
1121088,91
1472538,85
1008764,109
1095641,93
1270236,76
1487114,81
1413653,338
1456294,341
1493346,347
1253423,362
1464461,379
1258298,357
1490920,403
1064573,405
1082240,406
1256806,335
1054024,334
1332189,308
1457769,309
1398069,309
1433872,319
1149035,309
1163601,341
1181945,336
1082740,337
1389913,279
1465517,173
1495193,174
1002309,167
1472784,167
1473380,221
1010982,297
1221848,343
1445942,190
1145830,216
1139043,182
1158925,506
1275715,490
1350790,479
1391141,507
1235746,513
1386957,478
1124751,609
1340094,465
1091113,468
1152565,363
1450571,348
1419513,153
1328548,169
1253135,169
1354514,165
1310755,173
1469390,197
1479042,216
1204703,231
1096925,190
1177199,508
1052133,503
1130890,501
1379400,475
1003688,504
1400232,443
1487971,535
1123740,470
1495516,428
1055893,367
1204356,48
1369059,49
1351937,217
1004040,240
1399111,37
1418848,37
1245910,55
1335062,47
1323447,48
1154097,47
1243434,96
1440438,102
1477230,96
1041606,92
1079764,91
1322204,80
1388371,98
1191040,93
1345720,63
1226984,64
1103552,345
1095975,313
1396135,343
1361416,331
1028341,347
1176218,305
1044843,392
1244513,363
1075589,338
1165362,253
1454684,517
1445429,506
1442692,520
1320541,501
1477747,1012
1038111,1204
1423052,615
1326454,580
1405676,524
1114439,417
1054413,157
1060287,161
1053202,170
1107001,143
1260188,182
1389884,145
1011812,185
1035060,179
1225651,182
1269716,163
1423243,67
1056176,54
1086057,52
1181477,49
1096384,97
1261427,83
1126466,43
1251550,47
1344627,41
1240320,34
1100592,157
1151563,154
1072177,163
1157690,156
1067421,140
1049469,151
1177757,184
1121323,184
1259921,182
1270504,158
1148734,33
1484172,33
1415096,29
1477460,30
1307102,29
1033661,28
1254297,29
1169748,26
1351915,45
1287757,80
1246353,64
1161031,55
1492892,65
1231162,40
1069357,59
1237460,66
1154573,52
1252295,21
1441237,49
1310322,52
1341706,221
1199338,218
1402927,37
1059264,47
1056575,65
1226667,53
1184350,58
1116990,41
1068099,57
1380215,54
1147717,56
1336774,58
1300589,75
1151202,77
1092291,89
1158536,71
1048271,67
1321815,61
1341469,93
1074570,178
1183904,161
1161695,181
1427233,84
1019963,82
1064759,84
1260965,77
1489804,64
1499105,59
1138163,125
1275435,131
1242346,121
1303020,106
1390581,130
1467768,118
1497257,117
1458496,117
1331663,122
1337395,95
1098324,144
1473216,142
1288843,137
1336958,105
1374798,118
1285831,96
1157343,113
1055864,130
1149140,75
1375688,69
1005415,252
1254165,246
1287323,254
1197742,221
1098491,243
1064484,220
1316610,290
1295783,242
1310563,224
1264587,194
1023439,635
1079927,1028
1096318,597
1182017,588
1450646,652
1294005,599
1307672,2726
1056291,2348
1041967,565
1161052,420
1115378,42
1126975,39
1425062,38
1421083,33
1430111,26
1310837,28
1323552,31
1449312,29
1303502,215
1390650,192
1149555,203
1214070,190
1142508,189
1221143,175
1391855,224
1295014,213
1077590,220
1306567,172
1130901,186
1360630,184
1461640,203
1439173,190
1247601,189
1473103,188
1072711,223
1016474,224
1496045,231
1293797,181
1497941,666
1278537,675
1355035,635
1143583,704
1020166,794
1406416,734
1203123,921
1480428,987
1420069,1066
1125502,872
1024935,23
1289109,23
1459553,25
1134348,25
1111393,261
1355898,257
1130917,256
1149958,232
1036356,282
1455529,302
1491854,276
1234170,251
1391597,240
1183080,211
1402530,320
1102476,939
1498269,387
1428840,296
1336198,326
1225617,283
1133951,1930
1325664,1691
1172045,217
1381124,220
1405281,602
1140630,587
1179175,578
1328240,640
1148498,691
1444150,667
1184976,829
1455643,911
1054872,959
1465520,767
1128843,89
1315539,90
1242462,84
1350802,84
1096746,78
1129487,73
1183500,87
1041769,84
1239451,55
1217436,48
1358603,57
1457940,59
1049890,46
1328556,31
1349869,35
1061284,31
1009353,36
1431845,36
1422420,31
1413250,28
1297493,63
1006600,61
1024745,70
1401938,47
1015892,60
1168659,58
1467272,42
1372762,45
1070911,55
1162490,47
1062386,520
1058455,496
1038618,534
1012910,593
1273816,1438
1015970,1197
1133607,832
1462127,734
1005260,2538
1178206,1688
1099372,69
1151684,145
1062706,118
1000462,134
1113146,70
1286451,63
1209288,67
1071743,60
1406565,49
1303623,44
1101312,78
1274220,55
1046363,44
1124945,20
1163384,32
1453188,48
1039477,25
1110194,28
1173932,26
1317154,26
1265971,178
1376692,171
1025739,178
1490685,143
1233592,168
1242586,170
1417742,194
1085830,189
1125663,187
1277434,167
1073593,41
1069567,42
1337776,235
1412396,194
1155177,34
1187206,34
1028786,49
1397179,48
1309690,53
1024218,43
1070732,178
1223304,164
1107079,163
1454774,164
1040018,174
1141787,174
1085213,196
1061709,182
1097923,179
1388988,152
1407946,48
1130479,45
1019957,45
1131530,38
1332626,36
1178951,39
1025702,40
1026610,34
1112746,28
1184133,349
1460544,340
1232535,347
1479916,379
1115572,411
1494124,388
1283670,446
1285656,485
1399178,507
1113406,401
1190768,240
1251345,272
1280927,281
1343610,287
1154445,263
1403823,263
1311885,326
1339877,299
1418984,297
1300135,230
1200592,135
1260242,134
1395800,134
1453905,136
1443736,130
1464242,129
1048256,142
1160937,143
1349435,135
1174466,114
1089398,189
1087733,182
1234773,181
1359835,162
1148989,190
1365592,183
1309184,179
1378698,167
1386797,160
1330452,144
1351826,87
1277872,104
1314199,100
1019082,96
1370963,97
1286139,83
1456597,101
1432834,106
1104820,94
1139260,77
1337305,236
1130316,236
1040709,253
1158635,233
1431499,249
1084752,243
1274093,287
1342313,286
1455649,298
1114608,237
1310892,223
1199038,238
1140872,238
1295778,267
1130685,229
1196193,234
1407837,278
1209313,268
1407123,257
1362036,221
1296768,145
1434488,143
1074836,149
1470035,149
1390700,192
1044974,196
1196047,227
1000316,162
1319295,186
1022883,154
1074755,439
1265478,449
1079551,445
1284323,500
1088414,522
1059042,416
1333252,489
1385541,440
1436174,417
1207409,317
1237302,154
1302873,102
1402640,133
1101215,138
1384496,134
1020464,133
1370973,161
1140008,180
1128860,189
1321905,142
1040493,391
1266782,392
1334924,372
1100862,369
1313064,370
1102764,336
1249006,409
1353126,347
1190022,333
1299662,276
1353069,46
1012130,42
1495700,166
1298675,142
1369804,35
1034705,50
1398806,43
1187068,45
1463531,113
1305395,117
1148186,106
1289382,98
1364225,88
1492483,101
1234254,104
1322227,66
1277972,64
1416876,538
1199684,522
1169253,506
1431942,512
1124620,548
1292462,510
1157971,617
1376744,646
1346422,570
1366798,471
1339641,909
1480786,821
1418641,799
1366988,869
1056350,1841
1177798,1820
1295143,900
1347530,905
1468567,842
1467885,681
1313505,274
1428532,314
1177648,247
1260235,315
1023852,297
1389275,296
1312237,373
1418312,387
1341648,376
1381447,306
1029884,71
1066120,70
1369386,89
1059676,85
1429101,94
1172837,71
1158730,109
1408804,104
1179836,102
1168556,90
1309096,115
1260976,112
1333433,103
1267474,94
1128942,199
1342545,159
1021203,97
1438920,109
1073117,89
1401981,68
1497894,115
1483400,113
1187366,107
1092508,113
1105494,120
1061530,113
1192020,152
1057605,149
1287959,138
1073416,105
1126584,56
1229122,53
1005407,54
1315629,47
1271290,45
1394658,42
1046637,46
1493956,45
1391775,33
1047036,62
1033147,113
1193901,113
1354229,111
1452022,84
1310666,117
1232566,86
1483477,75
1288112,57
1117255,411
1263274,366
1039799,395
1463547,419
1078142,433
1040684,400
1171583,469
1321027,509
1269832,554
1411302,412
1352627,147
1165481,141
1215378,153
1271516,149
1163658,154
1230965,149
1365652,171
1431943,191
1144443,195
1385200,159
1240353,65
1343801,62
1140936,357
1233169,299
1140705,53
1426262,53
1467381,73
1374112,56
1275546,45
1444197,56
1458629,330
1285260,329
1241716,323
1311102,318
1141241,460
1441734,468
1225616,517
1440398,347
1184580,360
1163115,310
1346652,116
1117959,218
1491102,172
1208881,202
1115005,129
1025834,103
1002587,117
1191834,114
1266002,97
1106897,76
1372662,181
1421424,173
1200145,152
1495791,144
1442540,308
1304455,260
1398733,178
1499629,167
1333510,160
1028768,146
1395056,128
1395859,136
1446160,130
1229730,145
1064133,135
1206668,120
1033644,153
1081570,153
1245157,85
1476211,68
1394735,501
1372987,509
1026483,483
1068862,481
1279450,496
1425955,436
1186148,555
1381909,491
1431593,453
1454362,391
1065376,677
1159794,2302
1094504,1062
1260311,738
1011813,788
1483839,886
1402324,3852
1264747,3391
1125632,615
1036941,524
1140959,43
1303406,32
1315724,34
1471838,30
1387664,27
1083939,26
1498015,28
1311461,27
1252908,25
1209578,521
1109999,507
1305434,501
1027247,511
1483090,528
1202770,501
1226985,610
1376393,622
1248664,566
1266859,494
1031078,478
1050610,512
1453965,486
1376725,539
1214462,547
1439200,615
1281767,634
1133908,619
1078694,557
1476169,128
1108613,125
1355314,128
1209386,130
1295170,131
1212610,131
1329325,152
1212536,171
1432242,171
1233757,132
1359281,162
1492687,154
1478985,161
1252493,156
1111872,150
1450249,175
1342064,211
1181360,234
1207317,226
1001439,198
1259591,2022
1327142,1971
1249310,1880
1337116,1924
1426288,1999
1178106,1978
1112605,2135
1297011,2267
1015985,2269
1413327,2104
1418086,41
1241569,41
1384829,40
1140269,35
1334770,37
1246235,35
1482782,38
1138104,36
1288442,31
1233239,28
1296700,476
1176152,446
1490730,450
1126270,401
1482237,950
1317530,841
1235841,565
1023943,518
1210305,465
1303610,391
1392342,475
1265893,1881
1300383,965
1113155,477
1113616,470
1194554,416
1412744,3332
1046474,2818
1250174,355
1154990,288
1167271,933
1393728,911
1109152,852
1366322,899
1101391,908
1478799,904
1215120,1105
1428408,1152
1100774,1160
1495413,969
1328783,64
1489537,70
1359618,69
1417079,74
1292079,68
1032899,65
1278865,80
1258520,78
1062432,45
1496537,44
1066654,90
1434239,77
1252662,58
1189165,54
1158238,69
1245281,64
1080663,48
1454861,43
1049973,58
1205070,68
1127296,62
1408881,53
1299062,49
1072387,47
1089940,45
1200410,65
1169666,52
1109817,40
1300828,1000
1223412,960
1040191,977
1241259,1009
1111087,2712
1207821,2543
1399584,1250
1115966,1270
1198576,3879
1400578,3557
1245436,78
1472988,161
1439147,120
1057936,170
1413477,102
1181097,79
1353808,80
1444602,73
1402889,63
1425006,53
1485050,123
1406914,81
1368481,92
1348179,31
1418832,43
1332124,46
1087115,47
1086536,39
1064213,34
1300128,210
1175832,198
1383898,209
1178026,195
1496047,209
1132421,195
1488470,243
1463699,223
1156176,235
1182836,197
1147081,55
1434553,59
1100311,334
1018405,271
1239465,47
1129652,77
1401086,64
1381340,48
1258644,73
1443036,353
1053161,343
1153904,351
1137845,359
1357976,378
1455063,361
1032554,459
1271162,412
1255596,398
1433839,336
1421036,60
1240396,59
1052736,61
1318399,49
1198182,45
1059854,52
1445630,40
1052571,34
1366366,109
1127930,111
1420586,109
1418510,114
1098578,113
1379530,117
1116454,130
1337912,145
1097049,144
1434232,114
1201964,478
1189658,472
1059263,471
1394190,484
1236690,511
1441691,486
1334605,598
1410693,601
1107017,590
1374145,498
1045821,241
1222113,271
1217271,271
1341683,279
1009555,283
1309392,272
1315349,333
1480966,298
1225163,287
1198644,246
1208849,285
1441614,303
1248156,287
1485601,266
1312698,292
1419409,277
1122933,367
1244035,338
1008087,331
1133047,258
1226797,170
1337287,178
1352856,175
1303705,148
1194545,333
1412631,316
1175214,212
1183617,199
1121929,180
1368598,162
1185564,110
1009043,164
1177149,156
1269966,145
1296374,133
1493329,181
1012549,121
1097146,121
1069577,91
1242697,227
1087963,243
1294670,246
1111304,253
1363038,283
1313011,270
1099771,300
1199619,296
1095691,296
1101436,283
1198242,302
1184246,311
1253028,327
1330281,324
1209338,322
1161018,438
1261445,394
1353033,348
1237434,332
1102543,301
1242716,308
1249009,303
1495394,286
1274734,287
1024355,412
1103357,425
1399642,484
1345916,382
1228419,403
1169119,320
1113492,980
1366158,893
1439432,858
1053389,976
1036237,949
1283801,869
1406109,1024
1097535,867
1294933,866
1149663,702
1261102,416
1151084,257
1188460,301
1013566,322
1197612,325
1279695,312
1107242,359
1078963,377
1117593,391
1270954,300
1333325,640
1347680,601
1257619,605
1325342,563
1343161,615
1298632,561
1374260,682
1043910,615
1324159,560
1196203,486
1187416,58
1327498,62
1280962,295
1145871,274
1298088,49
1416084,51
1025418,73
1112152,57
1156397,48
1200616,54
1015576,124
1462952,125
1300731,119
1057777,130
1077697,128
1083512,116
1043832,143
1073718,149
1404165,85
1383574,66
1277521,268
1170512,253
1370401,260
1452526,246
1204032,273
1122526,242
1463003,294
1025274,306
1347318,276
1321328,177
1067839,417
1483725,414
1300490,423
1496218,379
1317787,903
1283497,818
1441003,524
1386255,488
1315234,436
1191121,349
1284152,37
1466198,38
1199378,51
1397692,56
1370363,45
1400901,39
1201023,64
1164774,56
1358350,54
1204434,49
1176816,36
1422919,32
1083560,30
1468201,29
1183572,60
1039852,55
1007766,24
1454545,28
1471552,26
1270068,43
1443132,63
1097219,55
1049932,59
1323340,47
1131342,74
1380580,69
1213905,65
1471972,54
1413083,27
1449954,27
1122166,26
1238788,26
1055667,26
1409994,25
1453234,23
1257317,56
1361294,52
1379698,49
1342320,74
1328836,46
1121055,42
1080422,46
1262302,40
1123997,36
1037357,194
1388566,117
1002941,31
1488200,50
1465957,38
1173465,31
1424985,142
1249481,143
1095297,141
1128364,142
1441697,176
1091221,182
1129825,210
1400537,151
1418187,164
1000954,138
1082700,139
1187505,147
1274638,137
1425827,172
1278517,78
1396283,63
1431261,79
1068792,74
1132616,60
1200149,51
1339820,104
1438802,108
1435671,117
1484168,98
1198444,112
1492945,93
1163707,103
1243932,105
1151562,105
1186321,83
1447666,91
1306889,87
1155251,89
1413745,96
1269383,81
1057636,80
1089983,88
1234828,72
1250556,65
1420610,52
1066603,175
1255787,184
1301525,180
1273784,183
1406571,189
1127643,171
1338351,227
1301867,186
1013460,180
1239990,155
1439857,465
1214145,741
1321197,438
1206526,410
1183250,492
1350692,457
1386804,1868
1153957,1625
1130559,590
1164242,409
1378610,26
1235782,18
1306210,17
1240822,16
1095002,15
1079749,16
1058365,15
1294522,15
1080282,127
1079666,112
1175781,115
1001246,109
1025857,105
1432632,99
1073456,106
1181173,94
1475537,92
1123999,88
1137944,109
1104736,108
1325754,106
1329527,107
1012530,119
1299937,99
1356631,123
1464535,132
1494205,126
1478093,93
1485637,319
1214130,328
1277790,309
1014247,323
1415059,376
1107132,352
1011846,450
1036998,512
1006386,551
1412745,405
1114571,27
1484014,25
1193951,25
1467342,26
1348621,26
1203499,248
1430576,224
1341179,216
1093872,202
1414499,263
1423493,233
1477931,234
1161696,215
1428932,209
1093840,177
1022986,247
1290504,581
1370181,264
1069368,218
1440724,236
1210781,215
1291900,1471
1303057,1233
1357157,179
1130746,155
1039889,345
1347952,346
1129722,329
1023285,364
1330789,413
1334275,384
1183235,468
1278095,514
1161492,542
1189870,399
1423664,57
1164216,61
1493943,50
1221196,53
1473953,54
1474289,52
1319200,51
1468811,52
1465665,39
1283607,33
1141693,62
1044743,59
1231111,42
1289132,41
1050938,40
1267675,32
1482800,36
1306570,31
1453612,26
1419275,28
1229473,57
1119490,35
1083272,35
1256710,24
1146418,33
1459739,56
1020805,31
1371287,29
1461333,24
1253476,360
1302292,342
1435862,365
1174009,373
1379685,1012
1482582,873
1019288,599
1413176,552
1487325,1459
1180897,1027
1398879,61
1021611,87
1130738,86
1459114,111
1464656,41
1093919,44
1307454,45
1293285,43
1083784,37
1185727,30
1220571,51
1473421,32
1317080,31
1193964,17
1279482,27
1089000,24
1069545,22
1189067,21
1169197,20
1356966,60
1417092,58
1437968,72
1001749,66
1059349,85
1292411,67
1350514,86
1326021,89
1253272,83
1154525,70
1453346,159
1040282,109
1238900,86
1125618,25
1286968,34
1474139,30
1319696,38
1267159,27
1335217,131
1252627,128
1248791,129
1352296,129
1053563,137
1154102,128
1290045,135
1470601,128
1186545,123
1178586,98
1012027,43
1047777,42
1040476,41
1186084,35
1245279,32
1373676,37
1015578,37
1165831,31
1401263,24
1475390,248
1463410,184
1292372,185
1439264,204
1102131,211
1209977,194
1138279,232
1411809,257
1358060,270
1313166,202
1176220,227
1039778,212
1004425,196
1203269,198
1224424,212
1011146,197
1340082,232
1239108,210
1435204,208
1041304,164
1298065,65
1377872,62
1376854,63
1444587,63
1036541,61
1354025,61
1007242,65
1053458,61
1160895,51
1410872,154
1176285,150
1081672,136
1139063,129
1099030,154
1054104,131
1267211,133
1239395,129
1050376,119
1475466,106
1235986,48
1284206,91
1210694,76
1209335,77
1266488,75
1291850,73
1400961,92
1256315,67
1403345,46
1280070,129
1054478,124
1331984,149
1373602,126
1042290,113
1253575,114
1348829,139
1171409,143
1103726,141
1470466,112
1221540,194
1337388,168
1234863,163
1466692,159
1010591,175
1343778,161
1441368,182
1060968,181
1416037,173
1406540,145
1059461,172
1317440,176
1005508,170
1421850,174
1376322,193
1435805,215
1314953,251
1129714,193
1048311,220
1215194,172
1043169,271
1208467,260
1048369,268
1125626,259
1261246,288
1404288,253
1291939,324
1470656,230
1454603,244
1499149,157
1413707,155
1195152,82
1356694,102
1170280,114
1022388,112
1059761,108
1262783,130
1278245,147
1352086,148
1156922,109
1325594,225
1049667,224
1011124,215
1461927,213
1480136,217
1488207,211
1160805,250
1049976,214
1377134,201
1431854,166
1386974,36
1198524,31
1129402,91
1319244,103
1360006,28
1204701,39
1345464,32
1407657,33
1170013,32
1074218,123
1474997,121
1066976,101
1389077,99
1095921,91
1150235,82
1098314,100
1159403,79
1265800,82
1461619,62
1173091,402
1022036,386
1100321,407
1159673,372
1397068,411
1130731,358
1067260,476
1435116,469
1238094,430
1450540,329
1198224,461
1033177,440
1466058,444
1056871,415
1185031,1076
1094661,1019
1455353,654
1139412,513
1227744,462
1338180,374
1416516,163
1076235,175
1300518,189
1129548,170
1203648,169
1009223,151
1231638,219
1418807,219
1286622,208
1082562,154
1238634,40
1229625,41
1018177,43
1138702,34
1013831,77
1289847,70
1111285,42
1378876,44
1110506,33
1210067,27
1156700,157
1143542,162
1114521,189
1225380,162
1442696,162
1201493,147
1189643,220
1067946,208
1090206,192
1421095,146
1296233,16
1373548,14
1264067,14
1411185,14
1109203,39
1054094,85
1080059,74
1000890,70
1304878,67
1340130,65
1165289,81
1315803,52
1087548,60
1488603,42
1484915,69
1384503,13
1040011,72
1287103,64
1465270,82
1195244,58
1315953,40
1447359,100
1351534,95
1311428,66
1063614,91
1442280,92
1416939,94
1452470,94
1018327,94
1433963,93
1000967,105
1028432,113
1412243,121
1120664,94
1230421,17
1414288,19
1441254,205
1467889,158
1268631,22
1486559,42
1231346,24
1172938,63
1309897,60
1451216,66
1085409,57
1495023,84
1167774,83
1007013,102
1099596,66
1260443,66
1224794,58
1359667,36
1226780,53
1226506,73
1016231,107
1015558,65
1086235,38
1052327,44
1162208,37
1054680,33
1408716,27
1053999,145
1078323,151
1447474,156
1011007,130
1476273,269
1499088,176
1461407,169
1421014,158
1143695,143
1226838,128
1308367,41
1243977,40
1149575,47
1173936,42
1427278,42
1307614,54
1086494,47
1460795,29
1178324,321
1272303,317
1499934,341
1377140,321
1055053,321
1216159,304
1157645,416
1239651,351
1068029,322
1343834,267
1228159,558
1432714,1326
1425342,506
1411709,485
1113498,554
1302003,527
1265026,2953
1254847,2428
1057178,420
1279677,372
1424540,17
1416590,14
1299299,14
1475668,14
1199264,15
1245301,14
1310361,364
1229774,366
1342822,400
1120392,366
1032653,373
1494618,339
1047535,432
1233071,447
1255103,416
1158290,330
1111332,115
1245702,122
1047541,132
1169085,120
1339027,121
1320276,105
1325057,121
1068290,158
1157302,145
1442262,88
1301207,84
1236347,84
1154900,92
1128636,90
1461973,93
1123342,92
1094031,102
1319514,111
1155242,117
1474460,91
1295663,24
1314294,24
1436210,23
1177426,35
1325329,40
1259603,22
1277405,34
1425203,32
1079289,30
1170446,26
1040703,725
1012461,678
1431639,732
1121810,718
1054385,770
1106975,752
1094087,960
1140825,1050
1340524,1022
1133545,917
1056933,14
1205375,14
1244886,14
1490530,14
1472953,14
1416699,14
1450088,235
1343302,229
1032041,238
1326038,200
1031312,450
1191484,362
1285572,289
1115177,270
1343512,231
1147761,215
1349223,156
1118544,1532
1247856,194
1053624,118
1355907,160
1182340,144
1063432,2657
1367168,1991
1220587,245
1137033,115
1009276,507
1355967,509
1439212,515
1145363,548
1001921,571
1159863,562
1347974,716
1012491,738
1373298,707
1355523,635
1237748,31
1448117,31
1222779,29
1163092,26
1254173,21
1333036,24
1219684,21
1227375,17
1235035,18
1279289,16
1425722,15
1291220,20
1400709,16
1215159,18
1298578,16
1477704,375
1082297,362
1250718,407
1304517,363
1007597,1282
1419099,1178
1152031,544
1244420,506
1016563,2299
1021222,1840
1213361,29
1065345,40
1179779,87
1127531,47
1443957,23
1051118,30
1496945,24
1264920,25
1084873,56
1365195,27
1495418,32
1260705,15
1050759,22
1020079,22
1118213,23
1035969,21
1270851,27
1123143,31
1135820,163
1019852,158
1385419,201
1078271,184
1458841,174
1410422,159
1061333,223
1315882,218
1020053,213
1431676,164
1068073,16
1270780,231
1254304,160
1435213,21
1438178,39
1492822,25
1358808,23
1316805,217
1333390,235
1067670,282
1018043,246
1105588,246
1456750,249
1271465,347
1416907,290
1121489,263
1313498,215
1029830,27
1255557,23
1193203,23
1324205,22
1441042,21
1485303,20
1367431,83
1307589,87
1346931,81
1108071,77
1061545,81
1102240,96
1293894,108
1090685,110
1010064,90
1348411,256
1401298,239
1243982,266
1408791,242
1300733,251
1233212,231
1347782,313
1497644,308
1397906,301
1132342,234
1310816,210
1086028,246
1254784,254
1482667,242
1189684,204
1170143,234
1327596,294
1003526,240
1241837,224
1230803,199
1260111,40
1145076,39
1003527,35
1171152,34
1295117,34
1131852,31
1122805,50
1454318,39
1369172,46
1051784,43
1118223,214
1148984,192
1498148,207
1441671,171
1024004,390
1304737,330
1296839,249
1043326,233
1449009,195
1267008,208
1435764,38
1150568,81
1357621,72
1398059,65
1312126,62
1171028,79
1456299,94
1151991,55
1401355,68
1231048,55
1298774,35
1235244,38
1240781,35
1200378,51
1451628,51
1401927,47
1139987,36
1377423,279
1002890,295
1421154,320
1404777,291
1314971,273
1144315,278
1063944,370
1118760,292
1109972,268
1033868,229
1142412,28
1159551,28
1348513,43
1276231,44
1413676,52
1159070,31
1085513,37
1076736,35
1201488,476
1364365,454
1237813,480
1264986,528
1161714,523
1462364,456
1160219,634
1266694,439
1495739,442
1152498,334
1094580,59
1364788,29
1284049,34
1180721,40
1446241,36
1159038,34
1429602,41
1231740,50
1008596,51
1486204,40
1143221,515
1178515,515
1278720,547
1134672,491
1287970,485
1409175,456
1292612,598
1036703,501
1028807,426
1096407,373
1197880,15
1377256,14
1283042,137
1449143,135
1358960,18
1432265,26
1392147,18
1416956,20
1180681,175
1376592,163
1427081,165
1127933,167
1393998,172
1102692,154
1263996,166
1325073,142
1383672,151
1365529,121
1226869,274
1137477,264
1022881,271
1408325,252
1331391,1181
1455182,957
1083054,339
1379716,323
1475256,323
1486316,244
1392618,74
1300685,78
1284845,75
1117229,66
1442984,76
1478254,77
1022424,99
1471167,101
1149469,100
1481394,79
1063798,36
1185056,31
1157246,30
1100173,28
1355003,62
1459340,54
1495807,22
1320329,26
1419826,27
1334195,32
1158959,82
1168138,73
1428415,82
1472745,66
1480196,75
1429232,69
1218254,95
1177828,102
1417973,95
1275299,75
1257450,23
1036368,21
1252682,22
1386895,22
1022118,20
1165138,93
1306099,82
1308493,81
1423901,58
1180874,74
1337324,49
1416785,38
1346647,26
1463718,23
1307693,140
1277463,114
1162273,31
1112550,33
1030887,22
1481903,36
1004955,39
1191405,38
1100937,54
1099346,53
1006648,61
1258772,39
1148904,44
1064510,37
1357694,196
1022331,199
1087516,188
1346348,200
1253337,97
1496382,73
1126128,89
1417871,86
1381232,76
1146102,62
1254802,139
1203845,150
1268876,141
1215618,125
1119962,179
1175969,187
1381779,176
1182831,127
1279959,109
1032374,30
1491271,20
1282860,21
1461586,22
1056737,161
1255684,180
1207004,179
1167140,166
1142809,181
1080730,234
1056322,181
1420723,177
1184112,175
1221119,153
1077779,472
1018451,820
1311096,468
1246267,486
1137454,540
1229053,486
1397257,2216
1422386,1489
1127343,453
1110599,340
1232302,32
1117757,26
1356088,25
1054158,21
1416387,22
1170771,23
1498811,21
1386710,20
1309812,19
1238676,194
1310902,161
1453266,166
1073500,117
1280655,112
1034918,106
1048380,115
1464476,125
1198550,118
1165233,89
1119609,40
1438719,40
1178675,41
1458337,43
1255092,39
1042514,46
1315305,47
1364529,47
1017902,36
1198616,281
1177611,287
1077911,278
1305831,302
1098936,355
1189364,322
1495457,405
1193672,467
1177716,508
1125817,375
1111309,15
1421985,15
1205461,15
1094241,15
1045722,179
1168534,169
1315421,166
1495102,150
1182051,219
1101602,234
1389254,225
1458614,167
1422666,154
1178714,147
1144441,247
1438212,818
1309826,294
1415208,243
1388897,251
1115522,229
1325299,1765
1203825,1261
1408481,206
1120407,177
1119975,261
1296989,264
1256467,253
1478418,266
1141172,298
1237197,269
1215871,337
1015109,369
1173440,396
1115717,290
1045972,49
1026874,51
1385087,50
1035285,28
1305696,29
1303994,29
1466731,30
1378417,29
1449238,25
1003325,32
1240097,30
1170203,55
1218774,27
1228340,56
1058496,25
1070810,42
1098200,32
1137125,22
1215383,414
1145836,387
1159106,416
1237283,424
1182497,1725
1479658,1398
1009750,555
1457332,524
1397423,1620
1376094,1140
1244100,104
1446941,125
1212398,95
1006361,138
1396082,73
1175684,49
1481585,59
1190598,57
1404442,51
1372716,52
1427335,32
1093994,19
1403727,25
1137634,20
1171787,18
1039292,21
1047032,21
1174657,104
1216142,100
1335320,120
1198136,108
1392278,109
1114780,108
1112554,133
1012132,142
1453182,136
1220398,110
1026834,23
1351780,113
1075062,107
1025615,18
1490297,27
1394090,23
1038974,27
1367692,21
1126893,148
1443158,135
1371034,140
1356978,136
1320321,145
1077288,144
1233845,148
1002018,140
1397022,139
1323243,112
1130427,44
1075107,39
1440829,37
1207427,34
1078383,34
1066458,34
1135503,34
1040443,28
1348806,23
1173978,85
1434024,90
1191693,90
1461833,126
1097071,154
1344039,146
1143636,186
1451337,158
1241407,176
1422806,155
1402295,328
1189249,340
1227160,363
1022032,368
1467840,388
1295041,332
1316293,421
1184400,364
1264550,354
1307651,291
1120804,26
1007549,28
1431812,27
1318982,28
1062544,24
1225764,23
1292156,23
1250391,138
1250127,132
1139409,133
1474247,120
1353816,194
1264512,137
1136184,128
1389677,124
1167194,111
1285662,98
1014959,61
1195124,87
1439732,130
1240501,116
1424527,128
1418384,90
1443889,63
1252731,66
1378709,69
1246695,76
1338426,52
1423024,53
1371483,53
1391878,53
1044434,54
1196870,49
1363303,66
1228539,68
1312262,67
1289077,55
1131178,222
1209021,214
1174663,214
1178992,211
1241787,223
1142788,207
1081125,245
1397164,220
1412741,219
1110318,168
1318877,63
1308024,61
1058696,62
1064291,62
1337610,86
1405795,95
1357410,118
1207443,88
1452851,91
1468089,70
1154031,161
1266339,153
1403985,157
1467236,167
1263011,171
1392759,151
1149931,181
1476644,145
1009485,152
1387837,114
1283298,131
1152567,65
1292779,70
1408601,67
1395390,71
1364974,66
1198587,65
1074370,77
1330798,84
1150034,74
1150952,130
1000239,140
1368564,132
1209006,132
1225892,122
1180844,124
1080998,136
1352952,121
1161538,109
1462226,93
1129628,20
1240833,75
1294006,36
1333321,42
1101343,47
1200089,41
1014910,42
1174372,28
1169548,27
1226297,247
1197276,172
1118245,154
1347953,145
1444841,163
1419767,146
1385803,162
1065852,149
1354618,127
1029652,101
1048319,190
1449399,171
1377941,182
1033540,190
1475649,793
1438471,585
1444680,214
1494734,191
1206012,182
1331601,148
1170077,78
1321401,78
1013138,76
1488317,77
1380337,81
1277314,86
1442299,91
1393959,99
1251204,90
1297987,68
1187117,16
1007858,21
1369451,17
1413606,51
1313151,19
1226412,20
1417240,18
1089929,15
1132041,78
1376468,74
1370975,74
1426059,75
1497986,77
1150833,72
1457734,92
1238587,99
1176143,95
1360564,59
1372749,13
1463356,32
1040334,54
1113748,45
1050828,37
1051165,49
1414894,33
1460597,32
1135055,18
1047124,20
1461952,65
1105467,79
1395033,18
1185551,17
1121561,19
1022493,18
1018666,20
1362060,20
1301397,23
1182334,18
1291602,43
1486846,37
1402486,43
1485489,82
1071651,25
1163508,24
1214601,27
1245847,23
1429824,20
1109033,111
1347075,109
1383125,110
1184487,95
1162155,116
1377489,107
1470294,126
1173002,103
1215737,98
1474101,72
1062167,30
1240800,32
1057352,25
1089842,29
1278279,22
1421622,25
1090305,23
1420842,91
1170153,93
1165214,96
1194921,87
1459130,92
1313669,85
1353513,106
1247163,96
1461187,81
1055062,64
1497770,282
1321774,451
1376752,281
1099178,263
1040232,299
1317487,275
1179988,1512
1251333,1350
1164536,301
1083292,258
1349813,15
1157241,13
1003495,14
1276154,14
1107468,13
1208439,13
1476005,149
1424569,92
1181440,91
1006444,81
1132047,83
1273403,76
1035309,93
1201822,82
1498182,80
1165756,66
1470598,49
1203967,48
1217868,48
1015274,46
1300202,43
1108806,40
1254873,50
1199090,48
1265564,44
1121842,31
1312130,210
1284072,222
1390606,211
1177870,230
1217412,242
1391279,221
1000635,274
1070142,296
1158077,325
1263948,225
1193421,14
1156344,15
1485835,14
1027573,14
1266107,15
1021981,12
1015055,164
1205726,151
1281507,147
1336471,144
1371096,158
1298833,145
1479793,158
1144663,153
1103525,136
1197547,114
1296043,134
1237520,481
1229220,176
1047440,126
1005311,126
1016408,119
1329187,910
1353734,645
1084794,169
1360072,157
1432207,162
1394210,155
1443225,164
1342526,164
1449114,171
1123390,160
1247236,194
1261392,218
1489922,222
1401658,147
1310639,32
1310614,26
1320270,26
1021422,22
1231315,23
1294120,24
1256367,20
1494072,17
1350289,14
1497576,19
1074887,17
1342968,18
1428256,16
1012009,17
1476296,16
1107262,14
1180712,246
1282937,254
1497422,253
1227980,253
1025770,1033
1136598,904
1189975,431
1420919,351
1050733,1098
1353409,746
1034239,29
1303445,28
1136905,27
1421265,65
1267023,18
1136504,25
1095993,19
1126729,32
1079069,23
1292980,36
1303079,15
1462333,17
1019410,18
1438716,15
1435109,14
1144962,63
1420185,59
1112604,71
1361559,62
1285104,66
1376099,54
1214290,80
1410003,82
1268568,71
1406091,16
1415989,45
1211232,50
1424836,22
1376616,17
1107196,16
1413500,97
1406133,93
1350713,93
1453725,92
1362405,102
1053239,101
1157912,102
1376542,100
1409362,87
1379033,63
1183423,27
1193727,25
1400533,23
1283484,22
1260253,22
1327267,22
1067574,53
1025091,53
1153270,64
1394193,59
1142889,56
1158789,50
1287972,74
1206482,87
1212175,74
1016096,45
1432981,152
1023890,166
1109225,164
1270197,155
1186395,159
1416108,146
1017675,173
1394196,159
1004465,141
1012703,113
1253619,99
1239241,104
1169578,93
1016228,86
1071564,102
1045441,99
1317808,109
1329582,95
1414635,83
1380886,69
1173597,62
1254262,69
1254768,58
1224126,59
1198629,64
1206547,56
1101674,56
1205025,42
1365276,40
1414784,26
1316568,81
1456931,79
1237087,80
1304436,82
1238935,82
1321591,74
1196912,97
1455585,97
1252744,89
1272139,87
1487244,149
1329414,153
1499372,152
1257824,150
1497563,150
1271281,138
1242958,158
1221756,147
1463746,131
1196527,100
1236535,23
1076788,24
1300917,27
1174577,25
1231316,29
1489870,24
1230866,36
1091117,32
1222002,26
1493218,19
1312818,197
1452472,192
1035476,195
1264026,189
1339727,211
1214712,195
1160566,196
1010653,177
1229452,155
1176747,143
1323954,43
1254479,28
1440217,26
1252943,28
1108815,28
1161763,30
1416819,43
1193778,161
1300983,167
1122637,169
1411939,155
1031959,147
1303625,154
1238349,176
1252660,146
1349638,127
1300844,108
1276319,58
1437773,61
1203934,16
1309094,13
1144647,20
1281864,44
1274790,45
1386829,44
1190878,36
1455637,38
1417791,33
1190587,38
1076991,32
1195531,32
1400538,24
1430582,474
1285990,427
1477291,415
1356384,431
1150281,455
1370080,409
1460451,513
1348031,540
1044121,454
1133254,358
1278014,717
1403459,676
1317166,676
1101385,665
1426987,1518
1034494,1229
1491377,796
1464250,785
1022006,740
1148475,583
1484671,64
1228708,66
1324032,72
1103003,61
1430610,71
1195267,92
1236706,91
1340005,101
1217303,75
1003775,105
1343878,97
1226007,84
1099098,80
1009486,156
1330192,164
1446159,82
1334259,84
1091570,69
1102858,54
1420778,106
1477933,112
1197090,113
1390893,107
1421101,106
1499403,101
1382081,124
1140362,138
1093489,131
1356618,105
1423088,39
1192006,37
1474663,33
1085309,33
1336011,32
1363332,33
1135752,34
1043065,29
1187227,105
1079197,127
1006967,108
1242972,104
1250142,124
1319491,129
1043915,91
1221198,84
1237425,67
1492794,69
1140775,62
1013635,195
1175249,176
1229061,62
1471915,54
1104983,74
1009083,60
1045986,65
1233374,56
1209101,161
1038551,160
1293094,158
1425780,151
1150996,198
1220665,208
1068227,238
1098287,167
1065954,184
1117031,157
1286663,190
1217322,264
1178898,235
1442104,257
1069214,170
1431479,121
1485687,146
1353255,146
1114499,123
1297409,100
1458579,136
1159489,143
1384833,138
1367817,117
1222696,198
1006871,145
1442863,131
1083688,128
1264958,121
1100547,109
1020009,168
1283055,184
1059560,149
1310135,130
1498194,125
1012741,111
1183714,140
1407622,132
1295424,68
1483037,282
1127728,281
1253251,274
1044711,257
1246779,283
1428427,257
1483396,327
1117421,287
1249450,276
1446810,229
1488993,532
1173486,953
1058307,454
1411973,438
1272886,493
1014260,458
1481364,2982
1126940,2094
1306695,442
1067847,376
1093258,57
1209561,43
1275913,40
1461176,38
1059013,35
1336430,36
1154879,39
1027714,39
1404182,219
1273647,189
1267729,204
1416232,192
1376813,211
1484156,180
1118664,214
1470343,230
1198659,186
1497568,142
1072349,227
1060176,226
1380226,224
1270763,225
1414842,227
1006679,219
1258071,271
1247670,272
1150813,288
1215972,218
1402068,435
1414079,422
1027086,419
1376822,454
1473650,513
1318829,465
1485144,581
1440877,632
1259634,681
1197323,564
1461060,42
1286426,40
1005386,41
1326015,36
1216054,37
1042609,35
1052663,38
1274204,31
1317813,28
1076102,282
1446470,286
1034950,278
1251250,252
1124996,456
1329337,403
1052063,317
1393099,313
1291876,290
1239530,259
1128989,157
1250468,765
1128007,163
1305327,144
1443163,181
1349532,150
1463940,2073
1067683,1359
1497405,162
1427690,167
1131692,364
1325899,351
1035806,335
1192752,386
1154621,408
1105567,394
1351561,482
1284314,518
1119425,554
1071315,417
1246537,129
1380847,131
1294936,112
1044935,97
1138879,99
1176172,84
1051931,115
1002959,106
1448369,63
1449451,57
1105139,117
1115844,116
1008005,109
1368689,89
1115922,85
1345103,80
1246054,88
1454376,84
1252642,71
1081770,58
1011869,81
1053029,68
1314053,64
1084167,66
1335565,75
1082784,61
1403001,56
1434417,59
1413074,49
1246394,38
1219340,713
1050739,720
1081641,721
1284180,708
1454969,2268
1294205,1866
1275885,970
1479530,938
1208280,3025
1214026,2219
1396005,129
1174114,148
1357653,139
1200505,154
1142397,107
1412678,81
1335177,89
1370526,84
1120043,70
1208972,57
1044205,108
1377609,79
1020582,77
1141498,39
1185774,51
1321317,52
1044208,43
1462768,47
1193401,39
1323629,32
1310109,80
1140274,85
1208581,88
1163752,80
1469436,79
1319124,73
1313925,109
1385981,105
1446581,110
1437446,86
1258414,45
1174433,51
1055153,178
1067334,159
1128244,39
1412206,40
1387722,54
1218541,49
1275925,55
1256153,152
1122590,123
1473145,130
1498862,141
1468073,147
1118231,137
1087099,159
1258783,152
1260565,147
1291095,120
1205721,62
1121544,69
1142191,65
1238740,57
1182987,57
1005888,50
1254577,61
1192747,54
1456541,42
1223264,36
1103707,167
1059508,175
1243642,172
1122553,173
1437856,182
1024334,184
1094451,215
1469441,241
1148888,256
1076174,195
1411749,345
1015942,361
1363447,383
1453406,387
1430928,346
1209243,337
1457115,404
1443790,371
1263578,342
1474898,292
1267831,257
1358267,253
1117920,243
1328212,226
1009729,393
1247718,319
1207734,261
1118433,250
1181657,241
1278379,220
1134421,111
1132261,148
1320763,145
1435856,147
1164020,148
1221554,135
1319256,158
1137425,151
1029137,148
1103208,112
1138911,240
1165664,249
1066867,247
1358058,243
1494749,257
1180274,253
1224290,303
1426563,298
1298595,307
1148750,240
1005991,294
1116883,298
1363374,310
1096571,309
1184430,305
1451172,294
1066128,341
1034948,328
1326066,300
1102430,242
1005839,333
1142609,328
1424764,332
1255897,327
1164600,383
1442420,398
1471794,441
1299929,349
1251682,373
1187963,303
1077995,421
1453805,405
1368058,408
1145535,378
1467638,415
1401067,365
1196492,445
1153756,368
1257122,372
1204857,265
1218069,293
1301983,121
1421520,143
1198628,141
1309951,147
1342026,144
1356728,170
1105141,188
1079507,197
1463915,156
1233795,432
1053494,420
1394036,425
1225441,390
1009382,393
1192637,368
1467684,443
1489795,373
1496426,361
1471166,291
1233270,40
1449283,38
1266186,104
1343496,118
1126475,43
1206173,39
1263095,45
1238031,41
1038208,49
1431065,32
1357861,123
1112729,122
1334347,112
1107165,99
1065013,104
1222552,89
1070954,107
1036421,106
1278133,70
1420350,63
1372959,323
1087440,321
1105500,322
1161104,318
1355011,345
1482584,293
1051069,350
1116511,384
1356690,358
1014995,284
1363250,393
1391402,397
1370933,397
1370147,305
1013543,612
1488019,821
1491784,503
1439153,472
1365373,413
1497842,324
1013839,36
1118156,77
1174124,85
1140152,77
1174722,76
1161921,82
1265011,94
1133560,126
1114035,98
1298165,108
1294042,74
1428145,106
1207278,92
1051663,79
1181734,81
1126206,91
1134606,108
1113723,99
1397919,102
1491918,79
1043312,42
1147478,42
1451559,38
1218312,91
1286106,55
1112082,36
1426235,39
1003250,36
1259326,30
1050893,36
1316942,64
1067443,51
1061638,52
1068385,44
1062592,40
1335692,80
1099468,67
1445308,51
1183480,55
1317126,15
1472200,14
1490235,39
1174386,70
1358409,61
1256452,63
1466565,56
1487695,67
1185809,64
1494354,43
1023978,30
1085749,131
1352707,134
1278123,172
1062709,145
1250818,147
1349155,176
1454309,189
1194145,208
1307270,159
1050861,122
1045222,121
1220930,123
1443773,125
1154727,128
1094658,127
1465044,142
1288182,160
1360946,162
1466464,131
1121475,27
1286904,27
1023709,135
1401955,166
1355254,21
1335658,36
1377502,31
1034536,22
1163567,34
1344633,118
1478109,132
1219029,128
1305096,122
1226722,152
1015804,156
1380027,187
1114802,120
1083269,143
1041594,110
1377282,50
1394329,124
1206840,107
1369644,116
1411752,88
1337720,49
1463866,67
1379819,60
1291108,59
1290527,45
1205756,75
1438927,75
1036746,77
1285741,64
1390805,100
1372636,83
1395249,76
1037450,79
1177169,70
1123384,60
1464318,221
1015193,212
1497309,213
1452792,189
1151297,198
1105382,195
1410900,255
1029010,205
1297299,193
1490816,162
1091889,207
1044397,980
1191281,185
1180756,187
1025950,249
1309748,205
1101949,2264
1110111,1479
1310574,174
1176036,166
1074826,27
1440334,26
1169864,24
1440104,22
1085197,22
1287693,21
1165333,19
1126706,289
1385420,289
1430739,284
1042357,273
1249746,300
1093106,275
1086128,326
1157763,351
1057624,324
1031076,251
1377992,148
1424787,143
1075935,137
1092103,139
1391640,139
1285669,105
1295471,170
1078557,126
1420653,176
1296870,139
1428528,60
1400203,62
1055380,63
1182933,66
1483633,64
1450450,69
1357576,72
1065959,81
1495520,74
1198518,61
1282663,32
1193174,31
1350874,29
1253271,30
1198619,28
1247621,33
1022520,33
1258083,34
1355498,24
1138175,500
1165312,506
1419232,460
1093243,507
1146579,571
1250371,525
1441494,641
1146752,642
1427935,663
1012377,568
1178247,24
1233203,21
1340615,23
1033712,20
1281965,21
1037514,133
1297117,133
1010495,123
1482368,111
1318695,152
1348460,130
1338367,118
1393195,116
1223629,115
1424988,108
1211590,71
1243253,609
1092227,93
1318993,76
1445601,99
1292773,82
1307199,1273
1476894,937
1117265,97
1388554,87
1105308,203
1107240,214
1387470,208
1184143,221
1072620,232
1460051,223
1111278,278
1442651,281
1409134,296
1051968,222
1120331,46
1281035,42
1293493,46
1139973,37
1493676,33
1211354,30
1352909,31
1337721,29
1113910,31
1102135,23
1425377,30
1422384,25
1230598,25
1411707,26
1409949,26
1144878,26
1422767,41
1284889,53
1223585,377
1206396,376
1378160,369
1052245,347
1430890,1425
1383977,942
1045804,538
1156318,487
1291422,1227
1380683,1098
1157321,62
1127659,117
1235689,100
1256556,113
1065319,68
1496936,64
1009706,55
1111605,45
1004134,39
1377031,27
1112513,28
1053460,16
1193479,20
1109243,18
1187105,17
1372911,14
1499803,69
1209794,70
1016566,65
1195041,60
1139039,61
1057767,63
1220076,83
1336292,94
1020982,81
1489603,69
1135573,16
1061984,22
1462450,183
1127074,170
1038259,29
1149922,24
1279581,29
1324180,110
1470662,106
1283213,107
1378795,103
1170047,105
1061263,104
1181328,114
1102835,110
1346782,106
1214346,89
1229842,45
1108968,36
1121701,37
1066693,36
1208257,32
1270239,26
1348062,130
1368447,134
1219540,136
1321207,137
1000642,145
1076525,147
1122408,164
1382330,171
1433378,169
1392074,138
1109747,138
1075276,140
1478089,140
1113423,139
1388642,141
1073366,139
1111214,157
1456596,165
1153622,165
1116753,135
1017288,154
1451772,167
1119297,174
1138638,173
1434726,157
1003447,158
1458918,189
1101879,159
1336104,151
1348705,141
1465396,39
1376423,40
1481206,37
1009569,36
1387274,33
1310708,34
1155929,36
1314559,34
1097259,29
1109233,125
1070475,134
1022232,119
1275544,104
1108444,161
1406546,131
1167154,118
1476614,120
1234726,116
1451631,108
1050057,59
1361060,99
1331292,86
1283598,85
1499806,85
1018726,74
1408381,92
1272485,97
1362852,62
1129500,47
1062525,54
1235519,53
1369995,50
1075387,54
1400898,55
1224959,52
1421340,68
1220168,96
1439539,60
1470046,58
1391149,146
1297146,142
1410054,143
1364916,152
1233541,138
1422209,142
1083629,157
1368507,142
1198651,139
1283960,121
1231476,67
1349761,83
1482768,77
1002536,71
1419887,102
1248501,103
1291944,128
1436867,94
1257323,105
1132521,83
1030230,447
1093409,447
1249587,444
1130025,447
1394076,453
1349917,416
1033575,518
1209870,389
1482022,392
1430894,293
1382800,135
1226060,66
1418431,75
1048428,92
1362840,88
1240846,88
1259183,103
1070288,125
1467073,136
1379768,101
1406956,261
1311326,265
1387939,268
1049891,237
1237190,240
1212519,229
1209918,294
1154373,256
1205630,225
1354206,182
1288571,24
1120855,121
1133824,116
1196734,21
1060062,31
1164785,29
1336298,197
1405041,175
1060513,173
1353037,191
1383969,184
1480033,164
1068087,194
1128618,184
1204524,157
1156177,130
1229710,114
1075135,128
1185011,145
1105675,106
1189309,199
1257953,214
1435140,137
1268931,136
1250643,106
1373331,101
1314804,37
1085036,45
1054001,53
1288387,39
1286151,60
1247116,37
1019807,24
1412520,24
1161669,46
1082827,45
1433386,21
1156715,23
1179911,52
1179936,41
1233478,54
1399946,56
1032955,51
1002856,46
1287783,74
1166709,68
1346583,73
1286122,68
1204381,15
1029430,15
1323538,15
1416779,15
1253163,15
1332638,60
1330372,59
1177255,61
1477268,62
1189551,40
1114827,65
1278141,51
1364476,43
1096012,30
1259676,18
1203050,19
1313304,99
1128930,68
1099709,20
1105749,25
1179700,22
1431582,22
1152692,24
1076816,24
1054611,27
1478275,34
1030592,32
1432030,33
1119155,25
1076400,23
1440313,73
1102018,100
1239878,104
1113947,121
1095118,90
1266382,60
1222099,53
1289441,54
1479532,42
1125619,46
1087987,91
1167708,88
1214743,87
1355453,74
1045081,117
1459993,124
1434614,92
1335959,84
1397855,74
1171886,66
1191038,28
1007240,29
1294794,29
1246825,29
1364329,137
1286535,156
1373312,173
1198624,159
1003799,151
1256663,140
1412094,175
1220509,153
1167611,139
1318187,119
1009831,507
1388765,858
1359919,512
1241983,459
1179995,533
1212359,511
1376509,2074
1052051,1801
1404009,449
1339522,329
1318327,19
1233545,14
1476335,15
1302373,15
1105644,148
1415361,126
1045371,131
1005596,113
1044413,118
1038816,112
1209003,134
1083324,132
1311779,127
1404668,84
1188630,42
1412947,40
1072334,38
1377155,41
1025414,40
1354738,38
1246940,45
1222461,45
1066086,41
1336313,31
1026962,289
1019750,261
1052756,286
1199363,279
1268913,292
1301467,280
1203194,349
1182935,397
1163522,438
1072037,320
1447951,14
1409401,13
1086420,14
1331890,14
1178120,146
1247967,145
1423994,147
1036223,138
1416797,186
1301576,172
1212594,145
1026960,138
1370443,122
1165387,107
1386562,248
1316517,794
1067207,303
1093937,240
1111260,248
1445136,219
1110219,1668
1398603,1455
1081181,164
1190478,138
1003254,224
1467189,217
1391034,200
1402736,205
1359141,241
1385854,189
1364965,235
1323652,248
1488422,245
1426492,184
1397082,33
1183542,30
1297522,34
1138417,25
1318183,27
1207002,24
1142667,23
1167396,22
1060989,26
1091688,46
1316599,27
1153086,20
1162850,28
1205495,37
1166342,26
1052895,19
1419947,343
1126746,324
1037962,354
1047146,380
1204425,976
1235062,857
1103243,603
1120213,510
1270215,1386
1279495,990
1191198,46
1392035,56
1415566,62
1206608,83
1133034,49
1063358,31
1381777,33
1137331,35
1193871,28
1219698,35
1386138,27
1128376,27
1028398,25
1378005,21
1408874,20
1073159,21
1312708,20
1005967,69
1122653,66
1192154,73
1291405,83
1246214,89
1145228,98
1343513,97
1231000,78
1482446,20
1117272,20
1099679,83
1401233,72
1112808,18
1432401,16
1410871,24
1162651,20
1016899,23
1204132,155
1079439,161
1037012,166
1232389,177
1392405,184
1282001,174
1496357,197
1461201,184
1128577,171
1300341,133
1344720,28
1463100,27
1465046,25
1017841,25
1025415,25
1017556,24
1017987,25
1230486,21
1267865,183
1083326,137
1408065,146
1328158,140
1052607,190
1363852,139
1403750,163
1021705,178
1489126,168
1298290,132
1279562,420
1286209,403
1184252,419
1398745,400
1240758,405
1389985,380
1163173,462
1174671,418
1358679,387
1187231,320
1252109,13
1159089,16
1469555,14
1483071,13
1057435,102
1008958,105
1228910,105
1273259,95
1047684,151
1083469,137
1148001,107
1458865,103
1490628,92
1049275,82
1226940,130
1031082,113
1166031,108
1046186,103
1228900,110
1432549,101
1399393,89
1041932,92
1245703,86
1355224,63
1215604,40
1051743,39
1277562,38
1113170,38
1494387,39
1372244,36
1049141,45
1074239,47
1128774,44
1376540,33
1437760,317
1108262,287
1168331,297
1141138,270
1335501,295
1460874,280
1459975,332
1214021,290
1192427,264
1011073,211
1003568,40
1304019,41
1001350,44
1079923,46
1484969,57
1190493,58
1134077,77
1379147,49
1042262,54
1480338,44
1443390,159
1277919,160
1436754,171
1390757,157
1370531,162
1439508,153
1157260,171
1012488,149
1453079,142
1049953,97
1239800,53
1309077,34
1378564,39
1368027,49
1082858,52
1425354,39
1125176,45
1427076,52
1099647,55
1422391,36
1004160,168
1253731,175
1452541,177
1207513,162
1453485,160
1060476,165
1051838,187
1006214,163
1154326,135
1010806,122
1079506,16
1164049,17
1426844,69
1135475,72
1410231,20
1062733,431
1319141,429
1134128,462
1470083,413
1173705,448
1167231,403
1166855,559
1316448,564
1315318,490
1328973,377
1224798,445
1111734,426
1035513,459
1320280,428
1243378,955
1312036,980
1351501,730
1485680,537
1031838,459
1055470,381
1108200,111
1177218,130
1162136,150
1001218,114
1244163,142
1220606,121
1339373,179
1152169,199
1310691,195
1435894,77
1478521,116
1086088,100
1254550,119
1173254,113
1348587,107
1358767,93
1078871,150
1031293,173
1221401,151
1192753,113
1313303,39
1012264,41
1206239,43
1020767,33
1029535,81
1382856,37
1407934,40
1109538,33
1136023,28
1126260,72
1180004,70
1163284,114
1258768,86
1498538,80
1096137,106
1343181,139
1488101,154
1176648,128
1126581,94
1154721,15
1028416,15
1128999,15
1341159,15
1125927,42
1065645,93
1139142,93
1210716,95
1042827,85
1368817,64
1496025,94
1158456,69
1118651,60
1077192,51
1277378,72
1249354,77
1428806,130
1333703,92
1090094,89
1241511,99
1082030,97
1307675,160
1102882,170
1403544,114
1031656,106
1057468,107
1254869,115
1301393,108
1418380,112
1425208,112
1498214,134
1059414,145
1354141,139
1357261,116
1471596,23
1244888,18
1435749,135
1206662,154
1289837,18
1321832,18
1396477,28
1293366,21
1057374,17
1013823,22
1407630,51
1100203,48
1290556,50
1027327,43
1385322,73
1081549,77
1319225,98
1446058,61
1046977,55
1065843,50
1384266,38
1467641,91
1130404,89
1082755,104
1256784,67
1350726,40
1202811,47
1006695,42
1310669,44
1079853,29
1166693,94
1378906,107
1007982,120
1322216,94
1182054,197
1336720,144
1472124,141
1146016,137
1200229,119
1347107,88
1461518,22
1008079,16
1005877,20
1246057,467
1034621,455
1116418,489
1273111,433
1039920,438
1075647,421
1309041,592
1272308,500
1135659,438
1184324,378
1429396,507
1316018,1407
1147117,500
1499092,447
1373243,537
1168909,500
1124988,2955
1034545,2382
1386995,382
1481215,341
1485905,18
1446239,16
1365715,16
1214310,15
1125217,13
1077074,15
1066882,15
1201006,365
1352126,366
1320721,400
1207481,376
1174504,384
1279294,351
1223663,458
1285597,462
1131213,429
1251757,330
1316737,79
1336425,128
1175819,150
1405199,80
1206594,122
1104790,138
1374234,141
1488555,188
1050887,197
1136383,169
1326753,90
1066019,97
1324215,98
1480680,100
1365726,103
1050102,103
1472375,118
1320171,135
1357176,131
1057971,104
1422296,31
1375422,32
1121472,29
1348142,31
1427919,28
1133355,36
1225464,35
1296900,32
1337907,30
1245457,614
1324576,592
1054723,590
1240913,601
1403942,650
1004923,618
1429694,795
1029910,815
1228946,814
1119476,720
1153063,15
1387862,14
1338145,14
1010613,15
1411001,14
1254639,228
1062163,228
1314655,243
1214604,199
1499996,481
1076322,390
1295832,320
1059505,298
1435781,245
1450486,226
1400252,150
1043916,1585
1334266,259
1332401,149
1424541,170
1269115,143
1325639,2800
1413444,2232
1150346,274
1194832,113
1467164,467
1164908,443
1182446,464
1393856,452
1161200,480
1242357,463
1344145,631
1430031,627
1193698,578
1449017,476
1480348,25
1105352,24
1056548,23
1204384,20
1389300,27
1159245,26
1007386,18
1086612,38
1383381,24
1211544,16
1117090,17
1305028,18
1497650,14
1258805,28
1298831,25
1416755,21
1395061,23
1493859,34
1165027,26
1325065,25
1173236,14
1461461,289
1031143,297
1338319,323
1382544,279
1271586,1652
1269024,1378
1167686,536
1361654,470
1223632,2145
1333660,1632
1369149,24
1299994,53
1379722,42
1492813,84
1267473,53
1496114,29
1422934,35
1272585,31
1225073,27
1489149,23
1133031,49
1129020,31
1011397,29
1074564,11
1375237,18
1059977,18
1088641,138
1428749,135
1314335,177
1380138,150
1497901,140
1457740,154
1251460,211
1073802,201
1188251,182
1424484,152
1259215,15
1430121,224
1106796,195
1157026,55
1182802,35
1241573,25
1455381,265
1025335,263
1216649,304
1308574,275
1207111,276
1170636,268
1092905,395
1102625,327
1088738,302
1227946,233
1396228,32
1451374,25
1387655,24
1141553,28
1486055,25
1353727,23
1427372,82
1307655,86
1311140,92
1446095,88
1018911,88
1199464,89
1219081,108
1189218,122
1161886,123
1164974,99
1075689,226
1487402,213
1253839,235
1180477,205
1047246,226
1466888,221
1021666,297
1283025,289
1469190,288
1391079,221
1284482,299
1000105,311
1131405,332
1026786,318
1401169,275
1385345,278
1417732,392
1106209,328
1446703,305
1013495,245
1151385,34
1306511,36
1366410,31
1006403,30
1119932,38
1043407,44
1444521,38
1256754,40
1283179,38
1196826,180
1387452,184
1230711,197
1236120,170
1185618,377
1213184,280
1004268,264
1136398,241
1279574,213
1204333,182
1390444,53
1462554,243
1438751,148
1170801,115
1210459,95
1460994,114
1440018,72
1164610,72
1488966,59
1242930,30
1390101,29
1465566,33
1000399,30
1137195,46
1469869,48
1147978,37
1231088,33
1101374,389
1155055,410
1146684,482
1055690,439
1102117,402
1432286,421
1006749,562
1070762,461
1337657,402
1478088,369
1360628,41
1131297,45
1201315,50
1342955,46
1109874,68
1240433,70
1487214,89
1064794,59
1398521,61
1310802,52
1187527,443
1266277,434
1424653,465
1293173,492
1230491,495
1259128,400
1159755,618
1061646,430
1071202,431
1479720,331
1308655,175
1208083,59
1406102,77
1146795,77
1207125,84
1373978,88
1425009,104
1159178,116
1149792,120
1101270,97
1003426,647
1336097,618
1097994,624
1230031,572
1409887,581
1296679,543
1152195,707
1042129,611
1218255,518
1159094,468
1455053,99
1294863,119
1154504,41
1253115,35
1441342,28
1129865,29
1411712,32
1451554,32
1095043,404
1329450,247
1125836,283
1430034,264
1142440,278
1044380,250
1303629,322
1291262,276
1348532,253
1099484,187
1171803,321
1123524,305
1090759,333
1407952,332
1135688,798
1389266,767
1418776,415
1073552,354
1022559,332
1483098,255
1339708,103
1470087,84
1032828,101
1124041,92
1369678,98
1461502,82
1143046,106
1456341,122
1035674,122
1128260,93
1077741,67
1116828,47
1104430,35
1006876,73
1038889,67
1229088,38
1341616,40
1392433,34
1430712,83
1446867,74
1068263,77
1028358,71
1237914,77
1119781,69
1084443,95
1075103,96
1430774,96
1463395,74
1170237,24
1152704,24
1167595,23
1417527,21
1057642,41
1211529,63
1491460,63
1173218,52
1196727,62
1215876,42
1392155,71
1255627,68
1131296,61
1372817,34
1363668,32
1378609,30
1397881,155
1353011,105
1239441,26
1038504,29
1326400,40
1026836,36
1334475,28
1434413,31
1026176,41
1298077,42
1245848,41
1035147,37
1263020,89
1387986,89
1047301,87
1367333,52
1445108,45
1245784,147
1052527,155
1154093,151
1112092,181
1063008,117
1136777,78
1041377,84
1007970,79
1059438,65
1479835,69
1383133,115
1134647,112
1056045,118
1313529,110
1147431,111
1130814,100
1309558,112
1030937,107
1112119,106
1117017,81
1239136,73
1271587,71
1038585,76
1392239,63
1290122,64
1108124,56
1041100,66
1004768,69
1156294,48
1425233,46
1343050,209
1101383,214
1240963,209
1193266,184
1109229,196
1188459,189
1254738,248
1384680,197
1245643,184
1083613,159
1081347,530
1452904,864
1043817,506
1291371,504
1123762,531
1334397,514
1460060,2100
1360251,1769
1281762,481
1439399,365
1456841,29
1151987,26
1085268,25
1247499,20
1059572,21
1058761,20
1213428,19
1231149,17
1112851,16
1000917,15
1379980,224
1445903,196
1025963,167
1462601,163
1341646,163
1225833,147
1158773,166
1228545,144
1144060,147
1006721,125
1164093,57
1435780,56
1061961,53
1440940,55
1160251,51
1477670,50
1356831,59
1156352,58
1344824,55
1314386,45
1485491,407
1493366,368
1244054,348
1339975,418
1493137,492
1482630,471
1237519,596
1414111,610
1290325,645
1064432,517
1029248,27
1106987,28
1366046,27
1359583,25
1380921,25
1369493,26
1289695,22
1110768,180
1338863,174
1382552,166
1465531,144
1241642,185
1344808,167
1268761,191
1092893,152
1219577,176
1197753,133
1067587,250
1030802,648
1058272,259
1469310,224
1135977,238
1457455,233
1336420,1556
1044036,1318
1089556,195
1330753,142
1104767,435
1331057,440
1203291,441
1325692,440
1200019,450
1101366,525
1410252,563
1412366,578
1491157,467
1159926,76
1148781,69
1420464,85
1310990,47
1195644,53
1491489,49
1143648,68
1128910,37
1439261,33
1139047,73
1098155,72
1202577,73
1149766,41
1375995,42
1028380,40
1490332,42
1415018,41
1152702,35
1203390,30
1420693,39
1076949,35
1473548,46
1445518,29
1486977,29
1205567,27
1417445,59
1008417,29
1094914,27
1335339,24
1489978,403
1143124,390
1478947,416
1341530,426
1448998,1251
1460556,1029
1425588,708
1447660,635
1204319,1606
1152041,1101
1031113,78
1109588,123
1042999,94
1121263,119
1272311,77
1035417,47
1488435,53
1110234,58
1046452,44
1154396,37
1161124,60
1012281,39
1440975,44
1028809,20
1052765,33
1272908,32
1431024,24
1133290,24
1235620,23
1484884,20
1348620,109
1319291,107
1141726,114
1401741,113
1489392,105
1139984,105
1131770,128
1194241,151
1065106,140
1386594,115
1268551,132
1073089,109
1139610,32
1329960,28
1355420,36
1311633,30
1337310,35
1148023,25
1441522,169
1138443,159
1135202,155
1107821,154
1188980,164
1416036,161
1301771,174
1088259,161
1270555,154
1272194,132
1499793,50
1309793,49
1350159,45
1269768,41
1100287,38
1167804,39
1192141,40
1402406,38
1340231,33
1419886,25
1260343,203
1182877,231
1217356,237
1379965,235
1441304,211
1448107,233
1063294,220
1023485,242
1253042,238
1336992,196
1449051,230
1468878,237
1433312,240
1189831,242
1350933,252
1499642,220
1002220,260
1354819,245
1175159,233
1273334,189
1167786,44
1301245,44
1254662,43
1406214,39
1455960,40
1049062,38
1433561,43
1187892,43
1492015,37
1034544,32
1263414,119
1475968,120
1213459,117
1098128,100
1166118,124
1044631,119
1170333,109
1436012,108
1190243,103
1411936,89
1462062,108
1462250,141
1478840,119
1272125,110
1173592,133
1082757,107
1315888,120
1228962,105
1218951,112
1450157,75
1261300,84
1168313,80
1363268,81
1110969,83
1065108,77
1075576,80
1195998,106
1107358,104
1346015,101
1341848,93
1117382,237
1336905,225
1029565,229
1220068,226
1323831,233
1064599,221
1427131,265
1042031,241
1468651,233
1208468,187
1177476,99
1295274,103
1273741,103
1342863,97
1186787,179
1476397,173
1405693,199
1087697,126
1383887,130
1310014,103
1096435,345
1230201,318
1327424,335
1132325,321
1273416,346
1205384,306
1262956,366
1122503,298
1151545,299
1154377,187
1364266,150
1011680,65
1119959,71
1158717,80
1065220,76
1019539,77
1280259,90
1026271,101
1397525,100
1293237,80
1253918,272
1360008,270
1474314,275
1161152,244
1177267,246
1107037,250
1173268,302
1267108,257
1037485,263
1368561,198
1187183,23
1039161,23
1206949,119
1295773,71
1173347,29
1296351,22
1117059,26
1399077,21
1082409,36
1067565,453
1139300,390
1208174,417
1011793,427
1154581,428
1385320,393
1439856,506
1340904,458
1171791,433
1071982,373
1443474,473
1451076,447
1435826,438
1191886,447
1263052,1134
1263612,1054
1233431,512
1036701,471
1492648,442
1193094,344
1430287,145
1058569,148
1492697,158
1056546,152
1204210,165
1224718,146
1053778,192
1030896,180
1088431,197
1032604,140
1278927,43
1313959,49
1034410,46
1169758,40
1054997,82
1091093,76
1440267,43
1139782,41
1022113,34
1044881,31
1406716,189
1168881,171
1213366,184
1086686,163
1061143,180
1017207,166
1414578,203
1102297,197
1216870,213
1373185,167
1251629,35
1156628,33
1160666,33
1298962,30
1053397,29
1056878,28
1111308,28
1479578,29
1288087,25
1471120,24
1046475,58
1493330,110
1444927,93
1213229,87
1439048,80
1289710,67
1139483,98
1330572,86
1278620,63
1482738,48
1436768,50
1187402,49
1484931,257
1160983,200
1204951,32
1323946,37
1139023,54
1017883,46
1452460,56
1368853,38
1206015,53
1081991,54
1052440,53
1251515,58
1177457,80
1143868,80
1012312,94
1082444,71
1231667,67
1294198,60
1001589,106
1245764,142
1173024,129
1140780,144
1099951,88
1276819,60
1042565,72
1334897,72
1079864,61
1455309,53
1249865,166
1060602,168
1183244,156
1451782,148
1134905,309
1183036,252
1388259,169
1037543,172
1034628,160
1252651,145
1033716,79
1290880,81
1277555,80
1018412,66
1237270,70
1091196,59
1393399,77
1291765,73
1315398,49
1386568,47
1252163,251
1380398,250
1436318,249
1065215,234
1079999,245
1278358,225
1497315,302
1349361,259
1168663,241
1364764,200
1382522,461
1278260,1032
1499444,422
1395990,404
1490371,448
1239951,417
1336054,2919
1377724,2139
1237631,358
1286591,325
1032092,25
1412836,20
1096428,19
1023786,16
1044596,16
1247191,18
1458427,16
1341137,16
1216688,273
1474661,241
1309062,265
1437313,252
1095693,261
1268258,233
1284565,290
1124262,257
1054665,264
1112624,191
1030655,121
1442612,118
1059397,121
1254831,119
1033383,113
1358859,114
1091267,140
1106379,144
1398968,147
1413888,118
1316160,668
1419545,674
1062437,647
1181575,808
1143023,829
1278339,747
1282203,902
1080746,976
1296937,1009
1210564,886
1498130,26
1423053,27
1162538,25
1156343,24
1155176,23
1140696,23
1348589,23
1274735,21
1144733,182
1471235,184
1133933,180
1301416,158
1197228,368
1390628,323
1265180,216
1034409,205
1125602,188
1331846,181
1219136,236
1111993,1067
1130159,196
1447928,183
1425338,237
1144306,193
1054489,2580
1164986,2031
1031723,149
1066069,181
1022008,439
1438700,429
1314739,417
1316314,475
1050661,504
1317396,488
1179891,594
1035233,651
1011404,666
1306324,561
1311882,57
1262231,60
1044776,55
1388783,60
1124343,52
1343601,46
1424831,57
1366075,53
1117973,37
1412333,38
1232239,57
1443246,79
1231783,68
1047398,37
1436104,41
1411819,36
1126514,39
1432466,34
1332733,29
1052922,40
1445257,46
1397451,38
1335660,47
1113039,53
1259989,34
1435221,54
1423989,58
1007274,28
1248694,438
1231562,431
1130546,466
1484346,472
1442704,1892
1231053,1581
1483761,610
1347385,596
1330482,2662
1185291,1716
1224132,81
1317197,101
1241367,101
1390190,134
1072198,87
1244605,55
1202906,58
1148817,48
1210527,58
1482028,33
1251007,32
1356261,17
1468996,23
1048360,22
1207133,20
1183999,21
1042446,22
1427250,22
1105380,146
1243006,144
1095300,152
1483804,127
1354048,150
1179559,145
1254839,166
1458313,171
1081002,176
1491158,134
1163656,220
1103189,171
1106730,34
1146782,53
1347859,42
1309782,40
1211246,185
1296046,180
1025817,185
1324612,186
1473661,208
1261002,191
1352677,214
1025143,202
1292861,202
1104929,165
1430481,35
1207788,35
1065786,34
1375055,31
1430795,30
1278380,28
1091685,30
1464998,27
1341777,23
1138248,293
1490626,293
1281487,293
1082441,290
1482938,307
1184923,302
1326973,356
1192047,379
1267180,391
1246324,380
1097109,362
1173687,362
1131198,401
1310234,403
1065673,407
1213540,358
1274015,417
1077171,377
1296692,356
1012505,310
1257968,53
1225233,55
1377517,56
1114069,53
1427908,55
1079074,50
1139550,64
1171872,55
1371558,50
1207630,184
1045125,199
1497213,178
1258001,168
1079563,346
1179847,321
1064410,209
1376454,191
1181980,183
1477762,175
1181474,78
1220195,112
1137571,108
1168297,104
1353136,113
1472975,101
1433727,127
1473901,106
1191319,102
1416495,86
1226362,143
1058055,135
1237424,142
1097480,144
1239094,140
1427548,142
1134215,166
1101934,153
1227132,164
1107600,136
1074380,306
1040219,329
1075922,344
1483577,445
1187970,330
1226360,332
1189058,381
1037004,346
1069941,352
1433285,303
1105113,232
1277408,227
1085386,235
1407082,233
1385752,277
1212643,289
1021280,336
1402014,257
1242573,291
1204789,240
1008328,364
1356975,338
1426728,355
1376105,408
1030585,385
1413560,345
1046211,427
1466477,334
1464177,347
1007464,248
1237346,202
1016003,87
1366429,102
1454944,113
1159279,106
1255341,127
1168385,160
1414891,185
1455705,167
1099051,135
1133067,352
1333880,342
1359714,338
1108942,317
1270430,326
1158007,307
1073033,364
1035826,330
1394665,298
1325149,247
1148964,38
1301591,32
1054238,120
1432687,134
1369820,32
1142224,32
1222928,44
1126137,39
1289761,45
1105042,30
1300295,72
1175047,76
1470434,99
1130199,68
1137849,71
1199578,63
1242043,75
1375038,74
1027496,47
1204718,48
1195576,493
1446499,464
1195279,491
1010758,464
1354889,486
1347174,438
1101194,598
1152426,607
1425660,514
1486207,424
1202850,503
1392817,493
1416778,504
1371311,489
1308810,1031
1458963,1008
1145504,701
1266884,624
1194501,556
1054423,445
1295451,40
1456593,41
1367486,3
1457634,89
1270934,27
1143105,28
1062418,118
1368546,110
1200473,155
1130835,140
1047685,127
1126061,133
1163821,185
1169619,185
1401462,166
1073198,123
1199424,39
1017200,36
1257467,37
1050839,32
1108091,82
1041705,56
1233321,35
1368544,38
1475574,31
1030570,29
1059894,109
1389405,101
1288556,120
1126299,128
1201059,111
1105093,110
1053387,163
1009972,175
1273474,167
1142240,117
1089204,15
1333903,15
1088611,34
1089153,68
1042206,59
1268813,63
1233183,48
1073477,71
1200055,41
1027765,41
1336904,57
1290936,60
1077142,35
1052585,50
1466748,66
1311945,40
1382023,43
1162454,56
1430846,81
1062961,94
1100322,93
1394157,106
1045296,102
1383490,103
1420177,104
1393398,122
1127680,142
1197145,158
1443014,139
1135504,18
1039343,135
1452266,111
1297518,21
1148882,30
1210043,20
1345687,26
1377152,26
1124601,23
1492708,25
1163223,21
1339037,23
1256412,39
1231690,32
1253859,28
1436052,23
1174062,24
1228388,53
1474450,122
1097238,139
1227931,136
1329104,98
1006640,57
1046575,60
1146138,52
1191939,42
1484976,161
1489133,160
1288241,160
1225058,136
1093359,285
1175825,233
1003353,208
1286252,187
1322978,157
1299602,133
1432390,18
1251736,17
1496308,14
1017856,15
1058968,18
1190208,410
1345826,432
1141415,442
1008850,398
1327250,409
1495708,394
1104677,543
1160493,459
1320703,395
1027062,363
1322431,698
1268993,2233
1144211,658
1489736,610
1175246,677
1125431,642
1412006,2634
1241406,2284
1118679,552
1342717,509
1299363,17
1273355,16
1240489,14
1210148,15
1328963,14
1439151,329
1403041,318
1374095,356
1465788,340
1145397,331
1315899,314
1174807,407
1135854,444
1033339,403
1021348,299
1208448,54
1213834,62
1394883,65
1294077,66
1234987,52
1450781,81
1254800,100
1158154,107
1308725,115
1446887,115
1262361,120
1451679,115
1418604,118
1078051,115
1208168,136
1041890,150
1378832,166
1159213,146
1093737,22
1200754,24
1143224,23
1297207,24
1428215,20
1341299,26
1272207,22
1085056,22
1481640,334
1031471,329
1241213,353
1055152,348
1075123,389
1365959,352
1195304,497
1211091,487
1373638,657
1091949,588
1393810,15
1103739,15
1064148,15
1355980,258
1185374,259
1386984,275
1485511,237
1287135,495
1470658,449
1199186,366
1042536,327
1003304,280
1364923,252
1085341,334
1331710,1843
1275541,348
1341427,282
1190610,272
1470105,252
1059086,2574
1170745,2208
1190647,307
1217666,219
1317164,174
1404058,174
1099698,189
1225205,176
1120109,190
1317198,188
1485133,266
1011810,263
1212950,374
1022775,333
1308216,30
1001837,26
1010451,26
1163875,21
1044014,15
1011280,14
1492792,28
1464863,27
1361159,23
1156261,25
1239283,24
1246844,49
1382200,43
1040381,25
1383194,25
1483614,552
1158128,518
1352318,538
1229307,542
1420379,1676
1130528,1451
1066609,775
1486088,732
1492838,3328
1328470,2417
1081769,39
1427746,101
1389098,87
1205560,100
1273304,63
1342728,37
1430130,49
1488705,50
1114349,44
1282630,32
1187473,58
1318026,28
1155627,29
1236638,10
1367579,21
1386706,15
1127458,19
1347832,151
1081122,139
1135583,193
1317214,164
1108123,143
1259625,140
1030257,220
1044613,209
1091363,208
1227543,170
1188655,20
1457066,116
1136292,109
1094514,45
1002965,28
1213573,21
1490689,26
1271981,409
1483269,412
1187987,500
1048292,468
1311383,470
1272295,448
1091585,567
1153982,543
1251268,457
1284150,382
1286897,37
1248048,37
1005493,36
1267340,31
1239904,31
1277516,28
1303470,30
1481719,26
1402112,24
1027373,63
1053078,59
1246247,62
1445153,66
1131144,62
1022645,64
1347554,73
1036573,85
1190178,102
1053533,90
1304520,107
1419372,104
1288833,121
1435274,108
1314299,113
1451163,108
1230602,133
1223589,148
1313223,142
1425457,113
1449224,226
1204575,229
1142402,258
1023335,235
1247584,224
1156954,230
1311902,326
1442346,264
1108742,237
1345988,208
1298775,19
1395159,15
1303699,15
1176341,15
1435013,18
1324100,15
1375569,252
1222642,250
1008853,275
1498918,248
1109016,468
1331054,414
1054844,366
1053706,336
1379618,285
1466164,242
1374168,49
1041129,85
1279473,87
1325155,86
1113630,74
1025725,61
1420947,100
1281621,69
1380927,61
1030996,57
1359223,34
1207971,37
1497598,38
1002230,32
1361399,35
1145097,33
1029048,49
1182337,50
1471562,41
1057859,39
1246239,308
1346290,323
1239205,365
1365667,327
1363773,308
1438163,304
1124497,429
1035904,358
1217859,323
1032275,278
1094996,23
1458686,24
1260284,27
1049246,43
1032350,44
1227412,51
1022589,29
1210589,29
1483750,205
1279331,198
1285467,228
1239556,267
1177527,247
1497342,220
1479242,327
1457016,224
1113685,224
1222266,82
1130670,40
1221942,39
1335895,42
1347237,38
1335483,43
1201957,53
1245394,49
1283139,44
1159875,312
1068162,308
1304851,336
1031011,280
1366117,281
1081454,268
1155890,399
1143009,323
1109837,300
1420026,234
1073318,19
1219979,18
1417619,91
1310817,73
1163382,19
1182396,29
1054132,21
1360123,14
1256829,17
1122414,16
1469496,18
1490414,23
1281725,252
1285268,215
1385760,231
1467681,219
1237618,233
1097503,204
1041008,246
1191686,268
1110858,243
1009792,186
1153258,205
1261101,189
1003559,221
1147045,227
1212345,621
1209256,545
1033560,306
1099076,238
1249361,240
1003543,177
1366721,102
1369157,101
1357947,108
1034851,102
1441985,107
1444957,107
1036924,140
1018734,132
1040888,139
1209466,102
1247389,41
1446359,39
1301912,40
1400145,38
1235060,82
1074206,69
1276086,34
1282178,37
1258552,33
1084942,26
1154649,81
1155410,71
1155845,76
1128430,78
1196226,80
1399997,73
1412783,98
1384724,100
1446797,100
1430688,78
1397921,16
1486556,15
1030646,15
1195477,15
1086065,64
1287867,86
1366235,81
1068779,76
1082221,76
1300287,74
1104414,70
1394387,52
1065082,56
1261807,62
1399983,20
1392715,78
1411551,87
1210413,13
1321360,19
1427732,31
1381451,35
1273296,32
1175998,34
1072824,43
1470215,42
1430558,46
1166112,30
1203344,34
1299061,31
1342610,90
1096847,148
1072878,118
1124042,146
1466895,81
1497250,57
1387934,69
1085459,71
1492225,63
1142718,47
1457058,121
1424908,112
1200217,114
1044787,99
1364727,125
1307772,105
1237451,102
1223865,105
1294200,99
1427298,80
1213120,27
1128126,28
1085143,30
1230402,28
1181195,29
1241991,30
1319873,27
1069963,169
1304127,178
1313628,192
1361296,184
1026014,170
1489921,169
1120076,223
1304941,183
1481457,175
1458967,150
1064603,526
1280020,873
1080428,505
1364032,508
1340335,567
1192024,517
1062785,1623
1365356,1410
1160539,486
1436896,397
1207359,21
1249113,15
1412865,15
1299237,15
1185486,15
1478163,14
1155205,14
1004297,141
1237737,125
1230705,123
1319258,119
1267633,126
1168400,112
1294658,121
1109580,113
1394030,115
1296678,85
1345635,42
1364763,43
1109062,41
1316392,42
1098691,42
1312916,40
1494672,50
1288751,48
1447072,47
1144125,38
1165135,227
1365978,174
1425692,179
1352787,239
1106798,220
1151845,197
1446773,234
1000259,287
1361688,323
1339452,255
1266036,15
1355728,15
1359687,15
1490276,15
1110725,207
1051747,186
1409553,182
1155898,166
1331091,204
1004645,198
1484601,199
1176259,178
1164274,167
1175834,145
1227396,275
1475697,875
1275455,303
1098208,236
1100709,273
1141206,231
1393239,1800
1496220,1437
1117606,207
1158804,182
1280129,146
1114886,156
1163765,165
1406367,168
1142814,243
1294699,164
1379642,203
1244589,226
1100387,243
1323102,179
1177540,27
1136502,28
1491362,30
1250840,28
1016153,25
1050973,28
1358467,26
1436626,25
1181846,64
1133369,58
1372452,46
1105445,42
1233676,33
1248416,29
1170610,39
1236319,28
1290214,24
1488157,34
1479779,33
1427043,28
1310388,26
1015884,62
1180421,27
1359547,62
1410710,31
1446311,38
1452837,21
1477870,392
1215216,361
1285681,408
1314990,423
1337450,979
1095122,1020
1164460,806
1260186,618
1268073,1745
1264095,1226
1312991,49
1223786,105
1252201,74
1008278,103
1040076,47
1365093,42
1478529,45
1376960,44
1286449,36
1059103,31
1342550,34
1427813,28
1468070,31
1198993,18
1096212,21
1175396,19
1055343,17
1027386,15
1027603,17
1126082,53
1095804,66
1284871,81
1412582,67
1352134,81
1014758,62
1239271,91
1343596,87
1343455,81
1259932,73
1319798,19
1315760,130
1399760,83
1293278,23
1225808,22
1407284,24
1118637,21
1003511,170
1388877,163
1183200,169
1031478,196
1481797,218
1450040,178
1391988,204
1325950,186
1034337,180
1401405,152
1309036,28
1486121,29
1094193,27
1238414,24
1257291,25
1339559,22
1078324,22
1189106,22
1422129,21
1158245,20
1170036,78
1467615,69
1024239,62
1495288,73
1214497,75
1135850,74
1463434,77
1181187,95
1044453,87
1239433,69
1490132,446
1480622,435
1345970,437
1002734,431
1071118,418
1209765,420
1377968,501
1180975,450
1197780,431
1138204,350
1234971,19
1296050,17
1007089,19
1085266,18
1488516,20
1410651,19
1162178,137
1028250,135
1162284,129
1153095,120
1089838,154
1400665,126
1383706,123
1123698,121
1148219,117
1369726,101
1487745,143
1258801,170
1394487,155
1386178,146
1033130,162
1123301,135
1189931,153
1213578,132
1392146,142
1172957,112
1004822,44
1447907,49
1027560,46
1475205,49
1317475,47
1143854,46
1487269,55
1110968,73
1361934,52
1124862,47
1479327,286
1034228,291
1016160,291
1116053,284
1296120,293
1027940,275
1120072,314
1142743,307
1498844,275
1254537,214
1010463,41
1297352,45
1050702,44
1155579,46
1133161,58
1324163,56
1338945,83
1320612,55
1371459,63
1104555,50
1347240,156
1443123,154
1155221,154
1052491,174
1145651,168
1408518,151
1388157,179
1165523,136
1023502,149
1292007,132
1280466,53
1285179,61
1180700,69
1145185,67
1436680,66
1202037,77
1131039,86
1247144,93
1423783,133
1080009,136
1216295,135
1150345,129
1005265,122
1453080,123
1427992,135
1319455,120
1198216,101
1256336,91
1152804,17
1439914,19
1097710,50
1257810,72
1302677,22
1154154,22
1337180,23
1056340,18
1279269,20
1152002,19
1329468,18
1402266,508
1292844,489
1349547,497
1001035,479
1311694,508
1338401,461
1285535,588
1493498,607
1306863,534
1031721,448
1220913,519
1410292,508
1163414,499
1105889,484
1179154,1014
1082621,1230
1164863,616
1392002,569
1150054,514
1431400,430
1492231,204
1036457,132
1335135,199
1158436,203
1364866,199
1401916,196
1333504,234
1426546,250
1487694,276
1371620,203
1082679,157
1152188,141
1112827,156
1432923,164
1327449,154
1131015,158
1058774,190
1031584,181
1295532,183
1314481,167
1367157,57
1203857,56
1144711,52
1080313,48
1096602,115
1004511,84
1003574,50
1136626,51
1357905,42
1359107,35
1061395,149
1343240,135
1427859,156
1374160,150
1231678,149
1155753,136
1250372,158
1006089,166
1128300,184
1108889,151
1161719,19
1412839,16
1345390,17
1208097,60
1200860,100
1071175,95
1377468,80
1035511,81
1083867,101
1217287,56
1492759,207
1393518,229
1459471,201
1335272,242
1013130,203
1441346,246
1289569,264
1318211,258
1100972,311
1062346,238
1337818,123
1141482,124
1076650,126
1123940,127
1037301,129
1235133,132
1309929,147
1385475,171
1282871,174
1222112,139
1286976,40
1469796,43
1340685,296
1190687,302
1032024,47
1045292,36
1329344,56
1060659,46
1003967,52
1460613,133
1327688,133
1057303,134
1233931,136
1123396,189
1248066,194
1334332,232
1284319,126
1091082,150
1006636,130
1118546,72
1477507,164
1402350,151
1307281,165
1269672,105
1388621,62
1363690,76
1396538,73
1432230,65
1432434,54
1157808,145
1300805,150
1402946,128
1075510,119
1350471,224
1300102,181
1314991,118
1434599,115
1061560,112
1033765,93
1201769,61
1262439,58
1063388,62
1374518,75
1382830,64
1308127,55
1195303,72
1389536,76
1218017,52
1311218,49
1017920,351
1464492,340
1447167,340
1150968,330
1325663,350
1491428,323
1267263,425
1055918,358
1087693,349
1356066,293
1206999,375
1220242,1491
1158723,380
1004679,381
1436738,435
1411737,397
1322953,2769
1485619,2406
1451702,320
1028427,298
1021833,42
1403718,33
1159072,27
1296434,22
1050306,24
1482885,24
1426257,373
1071899,383
1017674,372
1307337,364
1299070,422
1450331,349
1492206,433
1038082,458
1053057,432
1328779,352
1408726,240
1316397,181
1470572,231
1069529,182
1144116,221
1445719,249
1076655,271
1081706,306
1387906,323
1049778,242
1050836,94
1328615,93
1065297,96
1261401,100
1469920,98
1478651,106
1441997,111
1291316,124
1444966,126
1102147,102
1049400,40
1375249,43
1018609,42
1111529,44
1272559,45
1026662,51
1366360,50
1302524,41
1267165,1053
1262997,984
1088775,946
1217709,994
1430418,1050
1275478,997
1435295,1186
1346982,1254
1160970,1256
1310566,1097
1244866,26
1484515,25
1402186,24
1228789,23
1150337,22
1475694,21
1476370,23
1092027,316
1174462,264
1309288,237
1325177,226
1371419,622
1372954,566
1219907,288
1044361,252
1000595,233
1424899,223
1220962,138
1059573,1517
1371967,166
1008058,131
1307575,179
1482143,139
1167859,2721
1151969,2271
1327497,124
1021678,129
1414458,537
1306516,502
1180610,483
1323085,532
1212285,551
1039279,527
1395825,667
1386899,691
1216036,664
1225001,575
1055980,39
1163248,44
1248223,49
1115289,56
1175889,49
1104604,40
1493205,51
1461580,51
1116567,28
1056911,40
1165133,49
1045201,36
1070414,40
1221347,36
1305920,38
1402463,39
1274256,33
1246396,31
1005749,32
1347755,31
1462314,29
1427008,36
1376522,41
1331312,35
1439245,36
1287196,34
1121802,416
1083360,396
1387604,420
1297521,390
1148106,1770
1054831,1630
1340381,670
1471793,593
1214188,3204
1358310,2894
1154235,71
1170609,74
1411927,94
1295307,61
1284250,33
1201392,42
1041425,43
1387685,52
1458669,29
1388858,99
1402783,69
1158859,37
1237454,25
1307597,27
1439838,23
1169331,29
1448891,209
1144366,187
1201215,197
1014486,192
1076076,205
1197521,196
1448108,225
1464025,215
1050487,222
1300350,201
1244383,32
1209362,35
1175433,299
1041996,231
1281845,39
1481458,32
1226086,42
1324219,43
1151124,36
1216755,40
1333438,220
1489328,225
1477002,228
1098852,233
1164983,237
1290361,236
1256809,297
1186105,280
1393199,266
1017459,222
1022949,41
1144435,42
1080644,41
1433984,33
1377389,31
1364496,35
1026523,30
1002825,26
1136894,101
1179973,111
1042531,113
1216221,114
1462430,116
1249510,113
1276527,124
1205823,142
1448426,143
1028218,118
1105486,267
1495174,282
1004376,267
1320784,257
1489187,297
1318303,259
1481749,323
1216902,329
1184723,348
1226502,275
1461216,217
1105982,252
1040547,232
1024773,341
1237216,211
1084227,220
1444516,271
1412875,255
1425330,219
1298435,187
1143296,34
1218455,33
1305125,33
1041777,32
1377731,31
1438743,250
1339840,236
1445860,195
1312582,181
1354697,409
1107407,312
1085344,202
1165006,198
1369299,180
1398637,159
1223814,71
1183147,106
1221280,98
1272917,93
1022602,75
1457798,117
1145318,79
1291779,77
1071387,54
1161381,50
1463809,50
1043945,52
1428660,53
1231167,54
1263934,50
1283930,68
1165506,71
1246532,69
1167940,62
1006832,229
1388700,244
1139792,247
1092679,238
1441471,226
1453398,215
1055317,289
1403310,224
1014083,214
1136618,186
1269949,81
1015470,83
1209078,85
1029273,115
1224671,138
1249789,168
1127161,95
1459424,123
1255187,101
1273610,891
1494860,824
1469809,746
1289384,807
1440943,788
1455095,730
1356813,840
1435344,682
1250601,697
1388615,556
1014137,224
1220175,123
1018456,151
1396001,165
1128557,163
1097352,161
1362664,190
1282704,224
1322287,231
1382848,182
1363870,409
1070361,394
1157864,412
1125057,373
1359188,375
1334054,370
1272692,450
1026490,382
1181159,361
1085144,305
1220086,29
1012081,228
1494281,216
1268702,32
1155654,38
1389451,46
1456024,41
1476914,32
1214790,55
1314337,54
1027602,58
1372056,66
1301451,60
1361172,50
1241383,68
1379284,70
1235705,50
1182403,36
1348084,147
1052783,144
1198932,163
1316195,138
1354895,151
1080862,140
1201850,166
1268084,170
1476536,142
1251873,104
1305176,102
1383497,110
1037756,122
1139395,56
1292208,150
1217371,197
1236727,147
1066688,136
1050944,93
1489321,70
1209309,100
1003753,105
1377975,116
1173009,109
1125362,105
1089147,88
1032271,132
1304946,132
1313934,113
1420456,83
1435029,15
1268871,15
1446385,19
1137736,20
1464178,17
1129429,14
1173914,14
1209410,47
1286612,44
1349508,41
1094927,34
1277410,54
1179754,34
1319597,31
1139374,19
1046291,12
1017579,36
1269118,45
1430936,9
1020389,58
1397322,14
1222271,10
1292674,69
1437835,46
1397433,34
1318618,14
1003233,13
1020071,19
1026349,19
1057370,25
1267098,15
1374721,10
1264193,19
1001959,25
1114825,21
1063760,16
1256517,15
1444323,144
1063688,160
1267215,164
1225113,143
1001235,200
1260541,154
1488536,170
1416203,165
1394998,143
1425594,115
1319480,93
1101584,94
1169870,101
1098498,89
1363190,88
1130649,80
1492037,120
1151988,104
1044024,85
1426570,66
1031682,193
1434359,486
1012465,189
1005381,183
1224590,206
1172089,189
1403309,1049
1092034,824
1236029,154
1168852,130
1099677,149
1093858,147
1059843,165
1012745,150
1430112,152
1479236,140
1103994,175
1093267,184
1173814,159
1082751,14
1310040,76
1495262,74
1472174,55
1251039,15
1039265,13
1208172,14
1112432,13
1409411,17
1451100,13
1074440,10
1034558,57
1176365,61
1094576,63
1392466,61
1055474,69
1217360,59
1271801,83
1345064,96
1401294,89
1024879,56
1057421,169
1246771,170
1232056,180
1034367,163
1033617,235
1003218,184
1481969,201
1038947,193
1396320,164
1043673,131
1034125,95
1007900,346
1104045,98
1349952,80
1183866,100
1398163,92
1188811,633
1431359,597
1022402,113
1113928,88
1147078,67
1065907,70
1354825,74
1177980,78
1201164,75
1003099,71
1002495,100
1365578,108
1419626,86
1195370,62
1297532,18
1192446,16
1039474,14
1282502,11
1190011,189
1061568,185
1389377,202
1358438,195
1089351,794
1474431,615
1323284,275
1355349,246
1419613,683
1367988,637
1283225,16
1203085,24
1190203,20
1446915,14
1119724,16
1070558,13
1139943,17
1184750,144
1496674,144
1066650,157
1000985,160
1486680,146
1341774,136
1339391,187
1308505,197
1435633,161
1386849,135
1379099,39
1219650,44
1356379,30
1380958,141
1342952,144
1339521,162
1093789,152
1403569,152
1352929,138
1380785,181
1278694,171
1460527,147
1361358,112
1459822,49
1305254,51
1451735,56
1129026,49
1148456,57
1219726,47
1430307,68
1253049,55
1432323,35
1348068,97
1244298,101
1260622,108
1349633,95
1150838,105
1030243,99
1220817,119
1246990,113
1149550,84
1231529,74
1317716,150
1126370,148
1008110,170
1423383,152
1004659,216
1038509,158
1407977,180
1026691,177
1024597,149
1116633,116
1345747,30
1420393,31
1358056,45
1406018,25
1035550,38
1097311,24
1192832,14
1176978,13
1171909,13
1428117,15
1423315,18
1265837,15
1356525,12
1205477,10
1428458,156
1228888,168
1497243,180
1318753,152
1355554,144
1059984,144
1094135,178
1316514,170
1205603,132
1222855,111
1220274,65
1271480,59
1342721,62
1336270,50
1364688,66
1281752,57
1093297,87
1027654,60
1365653,51
1425548,30
1008773,25
1008574,21
1108380,25
1345723,24
1280856,30
1217729,27
1312629,77
1343650,84
1343822,88
1325627,76
1240091,74
1027368,69
1235410,100
1360992,88
1069927,63
1160894,46
1433729,221
1074540,196
1209661,216
1407586,219
1258824,207
1463585,184
1240414,239
1347735,244
1456243,235
1294366,160
1267876,175
1494455,153
1214425,169
1363784,113
1418399,478
1055166,500
1281197,193
1142620,178
1392306,162
1143676,132
1136999,66
1287425,75
1111884,79
1387039,69
1463169,72
1083258,64
1490887,97
1006545,98
1400409,100
1240207,76
1173342,41
1306896,39
1010409,35
1394810,84
1077316,66
1135228,31
1302997,35
1102705,32
1148385,25
1427360,135
1079149,81
1075559,14
1325619,14
1276615,67
1191397,101
1257720,88
1217814,87
1169274,88
1447542,69
1466039,72
1066597,56
1096629,67
1266012,46
1271431,91
1008008,20
1095570,19
1055136,129
1336000,162
1472836,167
1191333,190
1235816,133
1483921,72
1395368,84
1094038,78
1105815,64
1314631,58
1026138,132
1191882,130
1344759,124
1411078,109
1369846,145
1109552,126
1381175,133
1192894,126
1001951,117
1421430,89
1429773,184
1240373,207
1467559,204
1242372,178
1242379,170
1218259,181
1142876,238
1403767,185
1232994,175
1107845,151
1066977,595
1467682,1017
1085069,599
1418851,553
1217236,648
1174458,580
1195403,2534
1220035,2139
1462839,526
1287164,435
1001071,16
1429537,15
1378787,14
1347235,191
1247051,119
1076387,124
1443855,116
1028510,109
1219752,104
1179883,119
1204147,117
1000796,104
1314952,80
1442368,21
1384173,28
1104417,15
1377616,19
1253092,22
1064390,20
1374399,19
1145942,16
1306281,88
1042427,104
1039235,99
1270474,108
1387994,113
1204001,99
1146761,133
1160004,168
1274185,176
1271542,122
1124445,14
1417329,14
1468716,122
1049153,124
1418671,124
1440725,106
1043632,132
1131507,115
1109600,157
1024610,117
1404758,104
1337054,91
1152418,300
1461002,994
1122525,358
1359951,266
1345367,274
1292317,243
1375107,1850
1301610,1802
1150676,195
1116620,187
1299709,111
1454164,115
1068339,128
1131994,126
1452032,124
1268214,116
1261241,141
1209168,175
1106716,174
1104690,124
1179493,59
1048344,27
1186948,44
1435035,44
1376824,35
1298051,18
1020593,17
1177502,18
1156704,18
1191925,26
1058785,36
1471133,25
1071254,23
1087869,21
1437124,24
1440286,24
1115564,21
1314342,328
1407720,293
1050572,342
1471014,352
1102279,949
1073296,700
1001420,531
1310282,475
1214363,1631
1203613,1126
1118702,62
1345691,133
1013458,120
1414435,134
1102838,63
1356018,50
1397416,65
1024198,61
1069242,55
1492637,40
1194849,47
1248010,50
1419217,69
1328270,62
1454997,78
1067822,77
1258110,75
1348027,74
1256555,105
1181713,102
1414766,100
1017146,76
1287363,62
1056033,58
1198423,15
1364412,11
1066449,16
1005166,21
1296158,173
1192897,174
1242406,189
1266765,190
1439805,189
1228845,182
1398564,222
1034193,234
1340687,314
1000237,160
1398867,30
1498335,29
1125114,26
1090818,23
1319634,22
1099027,23
1486214,23
1102434,22
1167018,18
1299648,58
1470573,50
1092183,52
1450872,53
1084546,54
1432435,47
1443500,61
1131071,75
1368660,76
1403213,53
1107202,404
1263782,403
1331170,425
1460264,381
1426141,384
1234948,378
1421162,466
1058212,397
1103651,377
1066515,305
1462332,12
1279293,16
1332514,163
1140533,156
1212897,159
1287056,149
1048549,183
1020570,160
1137531,175
1086367,205
1316077,194
1061575,125
1303294,105
1376825,153
1324963,119
1165658,111
1483489,116
1294285,85
1403800,101
1132303,96
1257856,106
1019496,86
1387167,20
1162278,20
1028630,22
1201509,22
1429858,19
1455208,27
1101218,27
1335329,26
1103583,19
1359875,478
1337050,432
1391771,446
1146344,431
1302275,432
1425677,431
1359004,543
1480962,455
1323812,422
1061472,354
1206863,14
1389125,16
1425734,16
1173685,20
1349089,23
1421410,25
1090311,19
1442624,126
1497803,134
1208465,133
1088239,114
1120442,138
1399354,126
1180298,142
1471974,109
1013299,115
1420814,75
1287492,30
1064175,17
1396116,19
1167138,22
1316677,19
1233252,151
1253592,159
1398291,173
1240628,143
1499610,140
1374566,157
1407030,188
1394499,155
1456666,135
1026147,120
1096290,13
1014622,12
1188670,236
1141504,219
1413796,233
1202092,237
1050649,225
1267399,222
1398009,257
1362163,284
1014376,268
1126925,191
1022475,375
1237898,360
1036089,367
1406614,362
1370785,1108
1499126,988
1381677,477
1024838,440
1334533,361
1227943,307
1263791,88
1459846,87
1470758,107
1038905,87
1373055,93
1408796,83
1021287,111
1362049,110
1305031,116
1152312,96
1440771,43
1187170,44
1333857,38
1403116,75
1445194,66
1007138,34
1187461,38
1026257,34
1441563,30
1070835,97
1305429,94
1055665,95
1157152,94
1311164,89
1427990,94
1104489,123
1111825,153
1447194,115
1363630,97
1084048,15
1406741,14
1130968,14
1218838,15
1476647,44
1289757,69
1303822,67
1332264,54
1135584,64
1438137,53
1294141,77
1320980,52
1234430,51
1023244,41
1055728,46
1482952,35
1096103,139
1441078,136
1324485,38
1181824,48
1471619,43
1084847,36
1027455,37
1281529,35
1013702,35
1304798,36
1066172,49
1032931,48
1180413,58
1437438,39
1334218,45
1347941,39
1389643,74
1315664,115
1359741,114
1411569,127
1347488,70
1225994,54
1327384,65
1244799,62
1180905,68
1301631,52
1168148,122
1469529,121
1391432,116
1314764,105
1315854,129
1480821,116
1127406,123
1404354,118
1489408,118
1174805,94
1037167,98
1261905,100
1231013,94
1286531,80
1404655,86
1366645,73
1123959,89
1015959,89
1296737,60
1224486,56
1360259,212
1208838,201
1097126,204
1155822,198
1399625,202
1248988,183
1306893,243
1092132,195
1024168,189
1049337,162
1035365,490
1415138,847
1127856,500
1172386,507
1117249,546
1003516,518
1279245,2182
1256438,1494
1202794,480
1044876,384
1207506,22
1270213,23
1320039,19
1147947,18
1223081,18
1419834,274
1330961,168
1435944,170
1172547,149
1444883,160
1306041,146
1321470,164
1019808,184
1053634,164
1175478,119
1463966,70
1031861,67
1124451,71
1497710,69
1070647,70
1037784,66
1326168,80
1441485,81
1022671,79
1283181,61
1083889,327
1378453,330
1434331,329
1311554,355
1111904,422
1430955,400
1455829,483
1182896,552
1205862,589
1215917,461
1140520,14
1401330,14
1370827,239
1210510,230
1444583,214
1180513,203
1153574,261
1463014,238
1079096,241
1196866,210
1421929,213
1305781,176
1355984,280
1193016,771
1338781,307
1268959,261
1080975,282
1156713,249
1277454,1636
1480116,1255
1416723,220
1370466,211
1121896,244
1093815,238
1171798,237
1110818,258
1368837,289
1016415,261
1300798,327
1093179,368
1305192,391
1095872,287
1057541,63
1144479,63
1265509,65
1193741,46
1401074,51
1290336,44
1472495,52
1030352,53
1304927,31
1452763,53
1181252,48
1048036,39
1365192,28
1247734,31
1047893,27
1476634,31
1219150,30
1418704,24
1234436,35
1450413,31
1174742,30
1011859,38
1231323,47
1085320,21
1030496,34
1133342,49
1425452,27
1349084,517
1301951,426
1055047,449
1109479,466
1196856,1280
1100420,1133
1426580,682
1032184,639
1461768,1503
1058161,1279
1482071,43
1118423,85
1143761,74
1173022,98
1302221,37
1175233,38
1174841,48
1160861,47
1434397,43
1474096,39
1335769,18
1045993,28
1349802,16
1177881,21
1457076,21
1443780,17
1292750,16
1211721,18
1067400,17
1433069,92
1397198,86
1379504,107
1185911,91
1091958,110
1109333,99
1167180,117
1081167,125
1087268,123
1221495,101
1053449,25
1041898,100
1309464,122
1351500,34
1342397,34
1320336,29
1009743,28
1294351,211
1082781,200
1119851,218
1467408,206
1210552,222
1096404,213
1273993,244
1219560,217
1082763,214
1491444,170
1203029,32
1344951,33
1180354,29
1325435,28
1445951,25
1294628,23
1419171,20
1004866,113
1174471,121
1499724,127
1303018,132
1484881,143
1336482,125
1263568,143
1014154,172
1145983,180
1329014,136
1043533,307
1263261,296
1204894,296
1284763,295
1434903,306
1160971,284
1285880,335
1019892,298
1069139,284
1125818,220
1167503,48
1051775,45
1241441,49
1111497,43
1381275,43
1401879,45
1255183,46
1011053,38
1052343,174
1036170,174
1338985,166
1076504,155
1253353,182
1197539,164
1012486,184
1127637,168
1452181,158
1488970,140
1311318,80
1181114,109
1238128,93
1349833,94
1318144,108
1187485,80
1467015,98
1460483,81
1412024,73
1187938,70
1483675,90
1044692,88
1309244,93
1315121,94
1244194,101
1029370,71
1406179,111
1087358,112
1062484,111
1286223,90
1411487,239
1434063,234
1107783,243
1067126,221
1067371,241
1245636,224
1305132,273
1439843,237
1408670,237
1320423,189
1147326,55
1487198,55
1127530,56
1215467,54
1404880,73
1219365,72
1192293,90
1058833,75
1211291,79
1493775,64
1260238,228
1448531,222
1353151,231
1409437,214
1357379,242
1339529,205
1471069,275
1360746,199
1452041,219
1398366,131
1208370,48
1472409,42
1145189,58
1375565,54
1171033,49
1337888,59
1184696,70
1350494,70
1464443,72
1029249,55
1382621,270
1368162,267
1180259,268
1284213,249
1320512,254
1058888,255
1496541,302
1192877,261
1221066,243
1000531,190
1368579,23
1320374,110
1176713,78
1300373,23
1397866,26
1386107,29
1320006,25
1286910,30
1492031,38
1360663,43
1185115,44
1027999,36
1262160,38
1008521,47
1494129,45
1407133,34
1193391,213
1216224,200
1211468,199
1204072,193
1344591,211
1484430,177
1271581,222
1467395,230
1286932,209
1117604,164
1446214,220
1372850,211
1206927,237
1094093,205
1332724,538
1145862,526
1189322,300
1140102,239
1048802,219
1251786,183
1240478,120
1062248,101
1457291,119
1286949,122
1113433,110
1102829,111
1427631,149
1090565,166
1300353,155
1308012,114
1048558,35
1383758,34
1389582,32
1201819,30
1121620,56
1397812,51
1324630,25
1222494,27
1403403,26
1140050,24
1494088,97
1397155,94
1449226,99
1133501,87
1467808,128
1074575,99
1486099,144
1048727,146
1006233,137
1068633,103
1213448,14
1084107,14
1157687,15
1293087,14
1311764,61
1477226,61
1373589,58
1482068,56
1373505,48
1374634,42
1415718,58
1481039,52
1264789,35
1275191,137
1135404,131
1134765,21
1365045,22
1331309,30
1334098,24
1046455,27
1473987,22
1382211,17
1030032,18
1177914,17
1367594,22
1056805,22
1008514,24
1277523,20
1074310,18
1269004,23
1222155,57
1384559,90
1445028,74
1196216,94
1269071,86
1119152,54
1282614,57
1476589,53
1381427,42
1419068,36
1246867,125
1208872,134
1443503,124
1079579,111
1402483,149
1158661,125
1295298,136
1211532,132
1365024,120
1300579,93
1088345,188
1356809,186
1080195,196
1426286,177
1013600,185
1112824,175
1484768,229
1468658,184
1025677,176
1202168,151
1324376,451
1209888,889
1013207,442
1032261,430
1436558,476
1137097,432
1262296,1805
1254566,1601
1057706,382
1487137,331
1150878,15
1093883,15
1005103,15
1387118,201
1247256,126
1431663,126
1317967,106
1070796,110
1231736,105
1147571,116
1287198,105
1310572,109
1474583,78
1291932,36
1404048,38
1465742,37
1223823,37
1426137,37
1459860,33
1430159,43
1021450,42
1276823,39
1349255,30
1249505,196
1206767,197
1094469,214
1278323,212
1173977,238
1140787,210
1116819,274
1252003,440
1352888,384
1128508,261
1390449,189
1083362,171
1224403,169
1197207,151
1219833,198
1009290,164
1320991,181
1248026,165
1292318,157
1055337,134
1000116,183
1499174,604
1254585,237
1301578,177
1454563,186
1235291,167
1153581,943
1065743,781
1441830,162
1071687,134
1235991,218
1357362,224
1224648,227
1042687,227
1435100,251
1386731,223
1030695,281
1254045,310
1392602,337
1443272,235
1374367,32
1212449,45
1219033,31
1108446,20
1207845,21
1336688,20
1289787,17
1207552,42
1487007,23
1209615,34
1497854,23
1070733,23
1299413,24
1037986,22
1174242,24
1456990,36
1102292,372
1135029,332
1320860,374
1480834,339
1066544,852
1076907,840
1308113,560
1351526,516
1072003,1450
1162592,987
1248568,57
1443519,43
1141805,63
1241572,41
1060117,26
1095707,27
1091182,25
1463873,23
1388692,34
1142485,40
1492454,19
1341745,22
1487956,22
1272459,21
1042371,20
1347537,136
1041719,143
1295444,154
1278768,147
1440616,155
1213359,144
1107278,178
1431670,180
1129977,173
1312066,132
1319481,79
1363648,96
1280225,20
1354295,25
1399761,22
1280365,215
1127415,196
1055248,198
1203463,197
1381766,219
1093377,191
1119745,319
1251432,214
1286984,192
1309768,166
1395486,29
1052944,28
1187833,28
1143497,27
1164512,23
1140262,22
1142480,23
1108132,21
1362940,21
1227656,18
1260972,82
1448800,73
1329069,76
1137381,87
1118094,82
1185269,72
1247893,107
1455149,118
1338727,121
1293085,85
1022670,342
1098084,337
1395007,347
1008082,346
1255856,331
1212779,317
1213187,383
1112212,348
1155253,334
1146461,258
1414636,189
1417793,177
1057520,171
1004214,157
1058135,190
1003459,167
1366195,178
1336103,161
1385647,151
1171591,133
1043700,42
1330119,64
1134462,75
1067376,74
1312395,56
1358238,59
1083003,67
1243872,65
1065542,49
1331381,40
1033631,37
1413962,39
1396181,38
1267612,38
1062790,37
1412337,53
1191743,52
1236936,45
1444312,37
1031664,226
1494935,225
1471250,228
1028420,214
1201168,222
1044920,209
1398093,258
1342490,224
1348533,217
1402030,171
1248175,31
1118685,32
1014131,31
1025147,34
1346618,42
1300033,40
1463743,51
1178038,38
1171185,41
1110962,48
1091807,286
1182872,265
1036586,282
1235005,274
1070988,290
1132084,261
1134359,314
1433692,249
1312122,264
1211899,162
1440242,58
1071747,32
1255434,31
1358588,42
1075081,42
1444995,42
1123405,53
1369584,47
1274564,37
1379701,240
1162985,239
1309985,250
1181215,236
1156744,222
1062078,227
1075144,284
1283850,238
1066268,219
1491526,177
1253958,18
1345883,48
1289049,73
1088169,15
1335974,16
1473427,20
1113898,378
1302251,325
1074640,344
1279043,349
1027337,380
1117583,320
1499218,424
1415442,396
1279459,395
1484875,289
1136982,558
1451719,544
1387920,539
1297893,537
1423597,1127
1153606,1110
1068952,720
1101454,640
1184273,577
1292802,476
1305756,144
1334411,137
1489347,143
1394547,124
1031100,177
1046296,138
1405738,167
1070227,173
1125353,175
1283683,145
1486052,71
1433039,67
1306038,60
1438909,55
1246961,98
1089876,90
1089133,59
1102306,61
1480951,49
1033763,42
1144073,128
1191055,119
1181166,142
1077761,118
1198249,131
1003774,128
1105094,157
1297253,167
1255680,171
1356046,138
1149541,37
1315946,36
1130490,36
1455454,30
1052719,33
1253938,35
1380861,31
1243278,27
1251759,72
1313449,77
1299247,64
1011658,51
1429750,62
1478428,47
1092421,59
1076975,47
1072256,46
1262007,65
1277261,56
1452624,352
1326094,314
1111913,52
1006757,51
1352307,70
1083018,52
1168700,74
1394147,43
1207902,82
1350935,82
1115240,84
1222986,83
1287849,119
1391368,122
1290682,138
1012825,89
1306478,100
1391652,88
1404904,73
1304742,103
1178964,142
1052107,134
1071420,119
1362930,70
1216157,82
1389546,79
1249514,66
1270031,56
1294598,181
1179239,188
1050303,177
1087011,160
1227664,339
1163122,260
1095113,195
1202063,197
1444462,176
1019836,157
1168044,132
1068035,134
1179968,145
1386801,102
1129631,120
1463595,97
1194176,115
1199855,116
1478743,72
1475126,64
1077708,255
1336265,253
1102611,245
1281991,233
1179481,242
1150635,231
1422895,304
1213113,263
1167346,253
1295691,220
1447908,487
1372928,1116
1132512,490
1132676,480
1151245,497
1175015,445
1111506,3293
1001680,2489
1290443,424
1327452,372
1389512,36
1034827,29
1033446,30
1434236,27
1460815,29
1494171,28
1442168,24
1285602,23
1094372,244
1053666,216
1351771,227
1064374,209
1317412,229
1300491,207
1466619,247
1149000,270
1113377,227
1402941,166
1224442,174
1149258,171
1115642,174
1137861,192
1321337,158
1456547,167
1239251,204
1016677,200
1295373,208
1199633,170
1207745,596
1332437,583
1295195,550
1238168,736
1401191,792
1320351,722
1015073,893
1440436,919
1488196,951
1084735,813
1359162,28
1443654,28
1402507,29
1242371,27
1416825,26
1084128,27
1317479,27
1096050,27
1118030,25
1051015,25
1151085,297
1150146,304
1322647,303
1301833,279
1457613,520
1325195,408
1359067,333
1425528,322
1453846,318
1282703,283
1022766,322
1462456,1320
1154248,282
1147729,216
1263599,291
1030093,251
1262202,2762
1408762,2007
1095333,238
1319045,233
1158313,522
1100676,529
1158135,524
1171800,584
1026264,624
1321385,591
1050460,746
1146215,785
1419175,802
1372396,709
1301176,127
1224034,122
1331102,142
1365952,93
1252222,93
1121534,79
1141516,95
1258187,91
1459196,61
1429767,58
1406304,50
1374485,51
1095596,55
1368104,32
1444468,33
1051830,37
1394484,39
1131655,34
1150992,28
1040372,35
1237367,45
1434129,40
1164972,33
1419007,30
1067868,32
1442880,30
1310723,36
1493855,33
1296951,28
1399854,542
1394510,537
1045208,584
1496500,563
1363459,2307
1071433,1929
1336903,863
1221557,748
1117672,3310
1090698,2443
1252213,54
1299848,62
1448417,83
1073006,41
1148432,36
1332496,48
1219073,40
1438003,32
1195553,63
1342462,45
1049247,46
1216539,19
1219585,34
1266338,32
1377021,26
1219958,26
1217087,25
1219445,141
1220798,139
1202899,156
1479383,125
1409834,145
1193733,139
1337968,166
1061532,171
1031241,165
1224330,145
1273205,44
1167783,45
1462600,246
1264988,248
1369393,39
1173623,40
1069542,54
1254356,45
1220623,59
1376159,40
1488744,269
1463122,257
1319687,263
1247231,268
1230288,300
1488675,281
1422970,335
1051688,306
1167223,294
1459041,228
1135750,37
1029579,35
1008796,38
1277631,32
1481378,30
1348069,33
1283100,29
1360701,25
1326014,200
1363993,206
1065978,216
1124674,233
1031580,240
1076145,244
1062552,289
1043014,326
1219837,336
1496028,267
1370308,344
1085737,365
1135400,397
1190020,474
1491603,382
1421823,351
1124519,413
1060240,390
1213853,343
1489926,293
1045879,67
1115000,62
1479186,65
1152086,63
1232423,74
1338458,46
1391466,73
1176775,74
1026126,65
1020680,61
1187407,204
1188742,209
1462532,193
1428580,176
1266752,364
1493963,281
1228618,222
1269353,213
1130227,203
1352515,192
1405754,82
1462537,109
1073284,106
1143333,91
1391582,98
1246710,81
1056463,99
1008614,99
1356351,92
1118153,64
1375132,150
1444878,156
1481499,162
1271829,164
1414372,156
1021248,156
1444240,186
1406839,200
1040908,182
1356602,161
1471895,315
1452669,279
1254741,284
1400085,280
1080022,311
1157952,270
1133636,329
1218626,365
1273704,290
1120877,250
1110134,158
1197052,160
1032047,160
1304997,161
1368918,204
1078393,222
1118619,262
1411856,186
1130724,209
1486220,175
1351735,416
1004481,432
1479465,410
1396311,420
1349762,433
1045436,390
1147287,496
1136838,377
1326030,403
1198850,297
1328665,142
1320507,87
1245813,113
1475592,117
1038031,110
1419046,114
1401794,131
1291874,145
1383474,154
1318041,124
1003371,433
1359908,437
1016502,419
1396732,405
1333058,384
1492727,369
1339466,459
1237611,394
1465922,374
1014413,308
1098767,48
1279968,51
1430777,210
1077154,216
1491416,40
1189411,42
1121542,52
1096392,51
1345025,46
1025888,46
1360530,596
1319476,553
1045099,539
1445467,538
1109996,583
1440417,531
1437101,653
1029001,677
1121941,630
1359060,497
1038600,543
1046027,544
1479609,622
1272693,624
1395444,1457
1178578,1564
1100120,718
1432675,789
1475773,619
1366625,521
1027667,158
1189946,168
1021695,140
1261027,133
1246152,161
1172447,204
1119251,72
1113612,236
1363498,162
1034750,228
1053349,226
1038291,227
1435821,219
1307291,217
1027398,219
1282035,275
1302999,261
1344130,255
1482823,207
1494106,59
1197419,56
1349078,54
1152665,47
1149622,165
1306213,96
1402790,49
1161069,57
1256887,44
1307235,37
1292295,219
1399190,204
1266238,223
1444705,205
1470695,209
1390864,189
1348562,257
1144931,239
1206962,245
1308925,205
1461376,23
1049919,25
1135861,19
1141169,36
1468767,92
1161253,89
1458704,70
1153704,73
1458020,62
1130233,89
1461252,50
1474533,53
1153827,42
1150000,86
1135028,82
1254653,91
1083295,106
1361680,107
1001624,53
1468167,103
1305260,160
1440011,163
1196056,129
1015226,106
1339966,111
1133854,114
1341586,114
1031378,117
1066825,117
1445758,129
1120047,145
1132152,146
1448722,122
1164468,29
1376712,35
1367646,262
1298238,255
1398643,33
1325274,32
1183298,49
1174310,45
1487849,35
1228616,42
1072809,173
1448418,169
1321874,186
1417088,166
1153076,345
1186368,308
1335600,360
1028529,212
1408664,237
1485113,210
1090779,64
1274893,140
1256154,130
1178881,143
1496602,93
1363863,56
1208445,66
1094342,65
1166273,52
1199984,46
1225216,168
1421630,162
1482077,147
1015148,130
1355744,361
1371099,297
1329499,202
1433843,185
1068858,158
1031013,143
1434474,75
1103153,72
1376770,75
1495479,86
1141469,70
1038934,79
1012475,81
1138392,44
1486675,49
1081039,411
1160606,370
1475934,395
1446692,375
1093602,372
1341098,357
1457395,451
1158067,372
1048678,368
1304391,329
1103899,337
1440086,1579
1233427,380
1431673,352
1272569,395
1374065,401
1465484,2512
1033877,2399
1377670,313
1320396,278
1055872,30
1086214,28
1097976,26
1237099,26
1126164,22
1090327,22
1428535,23
1498754,23
1429174,562
1420037,547
1483609,549
1058279,528
1030092,536
1261440,506
1130092,637
1098918,659
1208791,601
1203036,505
1035466,105
1397224,97
1076146,99
1448564,38
1194817,91
1480765,101
1183307,177
1219991,167
1361881,194
1142410,152
1133931,71
1252838,77
1142162,79
1376318,79
1081486,77
1363674,86
1449824,99
1353652,98
1234686,83
1407930,35
1262868,34
1122970,34
1044940,37
1381660,38
1252882,36
1369127,41
1055591,43
1288550,43
1265645,37
1067356,1099
1282200,1012
1137357,1018
1396043,1003
1269970,1022
1350440,981
1308326,1178
1242087,1261
1043619,1383
1222185,1307
1270686,25
1184845,25
1330894,25
1067964,23
1300660,22
1305187,23
1211863,21
1476145,17
1313695,19
1009224,236
1440261,236
1226702,221
1100074,199
1394039,522
1013085,388
1200472,307
1309177,282
1410555,255
1454059,246
1178356,160
1117913,1847
1170183,309
1484069,141
1227336,190
1271122,161
1128406,2533
1413258,2144
1356382,199
1057904,154
1402145,542
1475657,545
1467695,553
1147970,596
1378850,552
1121390,541
1237926,685
1492615,707
1006586,747
1000914,661
1253128,58
1037684,34
1482036,31
1405609,31
1116488,25
1102348,43
1223837,72
1160879,47
1018065,62
1207162,68
1368739,61
1126912,51
1331346,51
1154903,42
1207416,484
1387833,451
1149195,459
1482011,599
1255519,1709
1230230,1695
1453288,740
1313222,654
1179829,3542
1381272,3045
1220305,40
1262942,98
1331634,111
1256019,129
1209053,69
1495820,38
1224577,48
1424443,48
1137664,40
1496575,34
1309366,103
1193003,72
1030480,72
1006018,14
1100845,24
1129615,35
1452758,26
1464006,276
1110657,258
1237923,255
1322369,236
1201860,258
1293914,241
1030911,303
1248673,286
1117487,266
1062083,243
1034224,28
1214264,305
1252968,254
1281877,33
1055267,28
1450619,33
1140133,37
1381871,278
1208129,275
1294110,282
1393207,288
1361224,296
1071035,281
1008040,356
1280618,319
1225125,311
1340348,248
1133718,31
1442140,31
1205338,31
1209426,26
1373086,21
1422131,22
1303565,23
1421454,19
1119550,19
1004410,88
1054492,88
1029733,95
1177231,89
1456961,90
1015288,95
1077552,106
1488566,120
1184657,126
1399814,96
1205618,286
1156440,284
1069575,253
1049835,260
1208125,259
1092107,253
1246248,310
1200152,314
1183897,330
1391457,267
1077080,270
1235413,315
1363192,360
1294031,321
1340407,314
1009810,300
1207212,379
1484000,310
1466931,371
1049774,286
1493390,68
1107738,68
1354760,67
1152740,64
1488573,60
1254335,60
1277416,66
1495339,67
1269606,59
1467660,58
1261758,183
1383028,178
1100816,157
1011186,146
1167614,395
1487942,364
1095222,237
1061572,208
1165313,187
1237510,183
1439251,61
1202885,124
1495109,107
1287808,97
1135792,98
1336861,87
1161565,125
1106260,81
1410886,75
1282451,65
1062042,36
1091060,37
1349895,72
1094183,40
1245680,44
1225773,44
1487581,60
1476033,62
1081813,58
1417238,54
1455516,221
1136179,245
1406428,268
1367101,263
1003446,256
1222905,237
1130480,309
1444668,264
1194100,247
1009225,214
1405077,113
1059635,105
1271568,106
1244089,112
1265246,218
1266540,199
1448665,196
1229877,116
1213424,127
1385344,139
1078717,751
1042405,697
1164413,678
1161731,822
1413059,824
1369957,747
1087168,921
1367814,728
1271501,732
1102552,580
1234697,140
1112506,71
1359586,94
1341593,101
1216771,105
1416809,108
1460059,121
1327917,153
1452772,162
1142843,127
1230871,470
1438599,454
1304303,449
1459823,409
1179762,437
1200300,408
1268189,499
1186251,441
1145216,400
1056319,330
1270356,214
1295495,153
1110276,32
1085916,26
1175672,33
1420970,53
1146248,60
1493195,63
1062944,64
1242833,61
1468396,54
1278331,71
1177901,73
1439633,42
1239742,359
1463605,354
1115062,349
1080694,350
1403223,355
1058371,312
1260035,424
1119877,435
1364771,393
1309451,285
1091337,432
1067887,422
1381756,421
1208306,375
1275036,677
1372659,737
1293301,524
1242985,488
1498374,448
1397018,362
1325001,84
1166942,90
1279987,97
1161127,100
1305115,87
1417280,96
1177789,82
1314218,128
1184287,121
1389191,99
1468082,295
1288867,261
1441255,297
1214742,283
1441994,273
1247355,262
1281129,329
1135082,308
1180798,286
1014022,229
1064715,30
1222096,31
1331278,31
1308134,27
1282672,65
1285191,46
1067610,25
1450588,33
1130786,28
1249067,179
1353480,175
1009158,195
1310983,193
1397538,184
1114236,174
1307389,246
1488789,220
1247508,195
1174313,154
1458394,16
1410058,14
1259885,14
1372618,39
1356431,72
1310702,69
1193664,51
1033546,53
1282739,74
1256432,48
1038203,32
1386720,70
1230317,59
1426825,74
1095464,81
1407626,85
1499434,97
1091316,115
1359888,49
1303070,121
1218776,122
1421988,126
1069629,121
1024500,121
1496161,119
1499073,136
1201097,151
1481016,153
1010567,125
1300533,25
1135306,183
1191685,142
1411826,32
1240720,28
1024033,41
1197503,36
1299438,42
1144255,42
1215569,47
1011286,45
1023628,63
1190645,70
1461607,40
1083166,48
1230195,42
1036190,46
1268737,72
1064545,99
1261566,119
1444737,74
1223485,42
1140087,56
1012078,52
1086440,47
1256557,38
1211267,138
1361772,149
1486238,154
1299905,142
1312920,220
1364559,165
1368295,175
1371908,174
1279456,158
1006430,134
1350437,359
1239916,345
1385485,378
1405350,347
1132871,342
1379933,334
1095292,445
1292161,362
1099989,346
1210814,291
1323236,361
1366790,1034
1411775,342
1360888,311
1145757,366
1498106,334
1334795,3015
1465746,2186
1268625,302
1431795,262
1390196,17
1071864,15
1431774,15
1421532,391
1028461,396
1275186,426
1193030,373
1103832,395
1464245,359
1154085,462
1483205,463
1212985,429
1078587,350
1249518,95
1402512,61
1471457,96
1073637,105
1487515,28
1146888,63
1344425,169
1205825,108
1079675,114
1278487,41
1162091,123
1485716,128
1123773,130
1315565,129
1344422,126
1371858,124
1356796,139
1414563,155
1394323,159
1469547,129
1184440,24
1382956,34
1365266,31
1251220,29
1243970,30
1256599,28
1439037,35
1251058,36
1035192,33
1366948,27
1001412,483
1389027,473
1406711,469
1070287,475
1084653,521
1137633,491
1233884,643
1315294,632
1282318,634
1206406,535
1178015,14
1411070,235
1011507,219
1043439,220
1174150,191
1142750,449
1368289,381
1334468,281
1227184,262
1203740,234
1250707,214
1211901,160
1131553,1321
1237309,166
1096812,121
1200160,169
1308355,138
1166147,2633
1387365,1908
1210136,148
1090451,136
1495114,250
1438706,247
1352093,251
1422053,243
1332317,262
1178329,238
1467909,320
1347977,325
1445235,327
1365395,243
1218158,36
1053275,31
1387243,28
1340776,22
1232517,17
1431745,18
1409084,20
1238567,16
1332352,26
1056398,26
1458594,23
1165358,24
1215907,25
1048759,27
1073586,27
1461970,26
1139288,23
1364414,293
1063313,277
1101076,318
1187916,279
1400819,1338
1451604,829
1378838,399
1402916,365
1027653,1731
1301859,1397
1184567,31
1008654,66
1446086,62
1014434,99
1068604,58
1288249,28
1389080,35
1153559,32
1329008,57
1305198,29
1491765,32
1154973,14
1484482,16
1223398,17
1181412,20
1229754,18
1416643,273
1472800,243
1439087,257
1049933,258
1021975,250
1289229,235
1143368,316
1147171,272
1110507,267
1419295,228
1283293,23
1213221,246
1479763,252
1318333,28
1391833,22
1177177,33
1239490,32
1151322,28
1354125,29
1251542,193
1002198,205
1182114,228
1317797,204
1099240,221
1147027,213
1387532,306
1337131,241
1122711,220
1025876,180
1050592,37
1140398,36
1222795,37
1076157,31
1234963,29
1412995,27
1384852,28
1012906,29
1409929,25
1314185,24
1089683,155
1268696,162
1242095,169
1265774,157
1071735,165
1308362,162
1096086,190
1215049,202
1041134,196
1187872,163
1271646,163
1304503,159
1464644,171
1415679,159
1177460,160
1499858,154
1301887,193
1020443,201
1464381,194
1291113,164
1015560,468
1041893,307
1418371,327
1135509,323
1314498,292
1059275,298
1029762,362
1489207,303
1493103,281
1240314,239
1127292,23
1110530,25
1163817,23
1407890,22
1467062,20
1234965,24
1321783,21
1349364,19
1342102,19
1180457,261
1144924,251
1106874,254
1066372,220
1297157,466
1359349,354
1186984,300
1171282,287
1392045,254
1236497,230
1211448,66
1294685,100
1058284,103
1027595,92
1497001,85
1211478,77
1270199,108
1252414,73
1476428,63
1352942,56
1072941,35
1205668,36
1034901,40
1230021,33
1375305,56
1241472,52
1479790,46
1196151,39
1148182,309
1079479,329
1093571,362
1241585,351
1011801,322
1006238,308
1381531,392
1032631,331
1111856,312
1010402,263
1188409,23
1253465,24
1364047,26
1438407,39
1369768,41
1109523,55
1365702,37
1385875,42
1340798,34
1391392,417
1049233,398
1369730,413
1115309,427
1223995,435
1026616,389
1377442,514
1113981,373
1396513,382
1018206,277
1488237,27
1042330,37
1210286,42
1097524,55
1430200,49
1304771,38
1449013,484
1303892,487
1059770,519
1014749,464
1375882,431
1155784,405
1295753,538
1228425,465
1024113,407
1306885,344
1244005,20
1293359,166
1015816,138
1434478,24
1360908,22
1070701,31
1334443,395
1343145,255
1117345,278
1088047,273
1339590,280
1498193,252
1001062,346
1329524,320
1151507,315
1302668,236
1331816,196
1360289,197
1442400,212
1148661,197
1446413,568
1026328,616
1042450,424
1031516,234
1257318,242
1157812,176
1212040,143
1451556,127
1346851,128
1046242,132
1228211,134
1458620,133
1473716,163
1157852,163
1185048,163
1309272,123
1483429,28
1043719,29
1302279,26
1371110,53
1355822,25
1404951,30
1053730,143
1010218,133
1202683,137
1228604,149
1140034,174
1316768,135
1108944,177
1393643,188
1488743,169
1443959,126
1262825,15
1307828,14
1182352,14
1381638,60
1313863,41
1316934,40
1486656,37
1280956,57
1093956,31
1200158,32
1144617,43
1249151,16
1387003,20
1068151,93
1145192,94
1019300,18
1027883,17
1055295,19
1442130,26
1065230,26
1358044,32
1373810,21
1199192,48
1223894,48
1297394,57
1305104,92
1109213,64
1183920,31
1020603,41
1324824,39
1280934,32
1077308,28
1481863,78
1007957,79
1339071,75
1169545,63
1365154,99
1170147,87
1423554,71
1478005,76
1073474,70
1432644,58
1451189,177
1319974,185
1075761,184
1327287,176
1316742,184
1052054,173
1271387,226
1318938,189
1337499,172
1011067,150
1135341,262
1222330,705
1020208,254
1092468,243
1289204,302
1370281,257
1315725,2381
1343984,1608
1254687,185
1311762,196
1468256,15
1241732,198
1268097,137
1116853,152
1166592,137
1144994,139
1435366,130
1409185,139
1186891,118
1468882,127
1042127,98
1451380,40
1189023,38
1461090,39
1481882,39
1378385,40
1374425,37
1099673,45
1252862,45
1218015,36
1497813,411
1094690,442
1152196,427
1003610,470
1479704,451
1068127,469
1222762,603
1324076,607
1473003,679
1343036,624
1195504,14
1265192,93
1391916,89
1117970,91
1334075,85
1241599,107
1033182,105
1063335,87
1247373,91
1201329,85
1204591,75
1205389,73
1497052,620
1253644,117
1183386,81
1493328,106
1413701,87
1105691,1342
1055151,972
1020087,87
1489983,80
1008981,248
1480916,278
1174520,267
1408456,291
1103391,325
1108102,312
1108547,404
1238197,381
1043675,434
1268656,351
1349650,26
1349515,26
1172039,28
1211613,19
1407466,18
1293997,19
1097574,15
1426499,17
1136386,21
1175313,14
1280040,27
1113557,35
1167651,25
1103745,26
1078400,25
1268218,227
1058122,227
1207997,241
1148911,209
1419809,1190
1397824,1076
1295121,341
1132197,342
1217059,1488
1375917,1041
1306328,36
1393921,33
1065989,34
1156779,70
1475586,49
1230085,25
1402888,23
1262107,23
1165440,14
1439872,19
1262098,15
1383733,16
1397334,148
1366713,155
1286305,159
1006243,159
1261020,157
1279885,150
1281283,181
1040223,175
1134676,169
1418998,146
1458189,110
1038003,91
1478214,25
1093346,27
1117929,97
1404071,100
1157917,100
1193704,119
1211792,118
1445638,109
1408825,115
1235778,113
1328196,110
1173310,97
1496802,25
1348096,23
1468251,20
1463160,23
1181627,23
1035323,22
1157473,92
1082120,106
1311644,87
1403849,111
1030973,119
1294107,96
1136233,105
1226958,114
1189088,111
1427596,88
1248502,411
1275605,434
1277097,460
1071792,457
1143304,426
1419745,405
1395178,493
1490842,426
1211335,392
1078987,355
1313185,15
1268956,18
1231863,98
1180672,105
1320094,103
1443667,93
1012943,129
1334448,110
1291911,100
1425808,104
1205259,102
1295164,88
1308175,66
1370405,78
1282792,71
1432249,64
1001655,52
1433288,74
1377265,49
1077514,51
1366276,39
1398540,40
1313557,39
1027599,42
1161401,43
1275190,41
1232986,50
1021553,54
1486782,50
1164083,44
1357661,267
1319382,259
1364660,311
1461293,283
1415413,285
1145327,263
1345207,343
1338642,286
1155695,268
1395102,220
1086984,27
1445161,29
1358903,28
1040402,30
1486092,42
1447947,42
1475790,47
1471246,32
1237169,39
1197885,33
1075943,213
1096442,220
1142841,220
1291558,234
1176446,226
1483366,190
1455302,256
1166094,191
1007265,214
1070372,131
1053804,47
1227588,26
1441375,41
1412656,42
1467462,36
1295378,36
1370534,44
1054541,47
1316692,35
1495032,126
1458343,139
1382652,132
1170520,138
1474124,120
1488816,126
1235127,141
1008418,124
1289314,109
1470891,93
1348889,18
1154829,64
1384196,56
1306515,15
1017067,24
1190728,518
1122286,500
1435775,480
1320899,498
1036809,521
1496763,476
1131538,577
1318282,623
1363101,560
1076052,483
1205256,606
1305186,564
1131831,559
1198452,629
1267199,1450
1158066,1377
1061242,733
1429684,710
1425949,659
1103470,556
1149088,354
1065238,380
1343697,339
1075666,394
1049332,416
1098357,397
1318694,426
1269402,465
1100430,480
1254841,410
1217878,130
1482713,126
1356321,131
1070528,142
1339004,134
1448727,126
1208422,163
1280808,172
1010670,178
1175851,137
1158507,53
1215713,50
1116456,52
1059102,45
1134168,153
1182924,91
1065507,47
1485305,53
1317467,42
1464615,36
1106508,169
1154157,157
1238399,170
1378815,171
1442340,175
1109352,156
1494813,192
1150862,206
1491323,210
1243524,178
1154390,21
1025514,21
1345499,21
1427225,21
1332354,64
1181409,130
1174194,115
1476979,91
1100732,102
1214733,84
1471144,120
1000187,70
1133779,72
1496005,64
1386755,340
1183033,364
1206094,379
1423546,587
1202896,513
1125038,445
1244936,560
1367021,767
1441592,698
1011620,592
1491160,82
1097281,84
1133994,85
1449596,86
1061666,89
1284544,91
1198144,99
1330348,112
1255123,119
1149007,85
1056047,42
1165483,41
1477841,324
1314848,308
1274780,40
1128321,37
1170029,50
1426318,38
1414178,56
1312357,109
1079199,107
1443865,111
1069717,107
1331934,172
1107151,251
1193708,240
1435293,162
1271891,146
1070444,128
1115383,75
1468137,158
1222703,134
1183120,194
1466677,123
1288363,67
1009315,75
1387250,74
1375589,70
1398464,58
1446632,181
1383245,170
1465945,162
1335462,146
1036403,331
1486367,279
1367873,180
1339617,175
1067651,155
1173991,145
1445432,59
1450298,70
1054815,71
1432609,71
1055289,63
1230087,76
1190688,77
1284979,46
1090382,47
1276630,499
1229533,456
1367722,457
1168617,454
1268563,435
1312594,422
1392051,528
1118654,471
1207039,435
1220371,372
1068999,462
1140321,1787
1200100,445
1223618,392
1421303,513
1154848,470
1199454,3222
1216781,2924
1089356,360
1174345,331
1394582,20
1481387,27
1073171,34
1068236,22
1266223,23
1057929,24
1456769,549
1230032,531
1268149,525
1388306,527
1124599,544
1339069,525
1049350,606
1342306,663
1246717,632
1147802,529
1299563,463
1229149,455
1213565,423
1335791,456
1185320,465
1090346,460
1103112,551
1371505,491
1362932,754
1390394,707
1011505,56
1471059,57
1199518,59
1047470,65
1105399,65
1071892,62
1125120,67
1077092,79
1333879,82
1076556,67
1075661,41
1047450,44
1373247,74
1240059,40
1000748,59
1320186,64
1365852,60
1472456,53
1106809,1019
1318582,1117
1438968,1111
1361549,1096
1057783,1147
1004386,1114
1315211,1321
1428093,1532
1163409,1548
1040148,1399
1252762,17
1106173,16
1144801,15
1027413,16
1321282,16
1228341,281
1363066,275
1172793,265
1246739,244
1093307,509
1412731,473
1425925,329
1228645,311
1076130,288
1074690,265
1370340,158
1446737,1876
1308118,226
1016936,191
1045999,206
1498872,176
1484932,3090
1403279,2670
1336453,199
1412376,145
1353415,654
1460235,752
1445553,708
1447369,782
1028990,837
1184922,715
1153898,975
1198610,1076
1079437,991
1472394,818
1269365,44
1350519,50
1210918,70
1199788,42
1022092,34
1446920,31
1399913,36
1320053,37
1051225,32
1025401,27
1087675,44
1202724,37
1430923,42
1477208,38
1499767,56
1252468,39
1416927,31
1189918,39
1408983,37
1426060,29
1402675,614
1136265,594
1372264,623
1358297,602
1273291,2763
1442423,2238
1400040,783
1094162,750
1285324,3708
1394930,3313
1118490,48
1407007,115
1416211,88
1035322,130
1284600,80
1437468,49
1333953,60
1188932,60
1284311,53
1071854,42
1275536,95
1212852,47
1052678,31
1495323,15
1437219,25
1006087,316
1365677,271
1247434,274
1133192,268
1076769,281
1064194,259
1166910,314
1021413,295
1486243,294
1094528,246
1081138,31
1480419,403
1274066,323
1208290,41
1161914,40
1387841,54
1192549,45
1463256,41
1130627,53
1149775,343
1440024,336
1315773,355
1209109,385
1292547,375
1370307,357
1053860,449
1010398,383
1264859,380
1041529,316
1255799,36
1169305,36
1259815,38
1285901,31
1255690,31
1231986,30
1189783,29
1029982,29
1014155,28
1230263,67
1356234,68
1406832,70
1223170,70
1082570,72
1291460,75
1454651,79
1103851,95
1405218,94
1145032,82
1368715,317
1313982,316
1430625,303
1499731,386
1171657,405
1100507,399
1281814,467
1157707,511
1063227,502
1142405,448
1487221,207
1294443,243
1350731,256
1465065,256
1135508,235
1408826,238
1134711,295
1372355,261
1267073,262
1176281,221
1009975,57
1118236,58
1417628,58
1452920,57
1001425,80
1264890,43
1330041,63
1009331,65
1052528,58
1226125,54
1415161,186
1378355,184
1360766,174
1077952,152
1416031,366
1468541,341
1152380,210
1110478,205
1358068,186
1263993,177
1336730,104
1366938,163
1255590,156
1224012,162
1034565,163
1477986,138
1128826,198
1174307,116
1100873,130
1261480,103
1394741,63
1280982,64
1302103,62
1364546,86
1116564,58
1334387,62
1250606,114
1404482,85
1379887,85
1235095,78
1493917,355
1454261,365
1289707,390
1412987,368
1415928,388
1440190,350
1036613,412
1067502,377
1122463,364
1417728,313
1370120,79
1422221,77
1110747,82
1427960,80
1030226,242
1024822,237
1216003,293
1113104,119
1250210,137
1087198,112
1268579,818
1493246,729
1001078,668
1182492,814
1181111,821
1104288,726
1163574,877
1270201,721
1395431,688
1208254,572
1005154,324
1497165,118
1228974,120
1331336,124
1262992,137
1135041,130
1297570,152
1413110,179
1158052,187
1398579,159
1204388,543
1403497,534
1238372,524
1379979,501
1423085,502
1421718,474
1164086,583
1276724,503
1256991,450
1311616,391
1278396,42
1466102,38
1266200,221
1017736,217
1010615,31
1201367,29
1325701,46
1176563,42
1057329,50
1159457,45
1236521,51
1429989,58
1386785,53
1289858,47
1062235,55
1426016,55
1128705,34
1173801,39
1003367,282
1028838,203
1351864,217
1397932,210
1020398,224
1198928,186
1489710,235
1469373,205
1466874,208
1115459,153
1474319,277
1385096,271
1310846,320
1396501,297
1079083,1342
1331772,1074
1357329,355
1084641,324
1447721,307
1418429,246
1332886,115
1425258,110
1268577,122
1234680,114
1047888,111
1034989,135
1205178,129
1210375,138
1451900,142
1444837,110
1279830,33
1325920,35
1197346,34
1429177,28
1457124,66
1006400,62
1131539,26
1231939,31
1442439,29
1080327,84
1006454,81
1272369,83
1172167,94
1056647,82
1470064,78
1382964,107
1041090,126
1365341,108
1197741,114
1265086,25
1025507,23
1337756,24
1414441,22
1359350,23
1017068,22
1346333,20
1139636,27
1311646,45
1313410,40
1143282,28
1433094,32
1271999,28
1233889,53
1162125,48
1014856,281
1487099,247
1423099,41
1386823,38
1012293,51
1046847,57
1254043,44
1488174,53
1305399,55
1207940,55
1460712,78
1296610,77
1323323,101
1231970,69
1323329,67
1312264,59
1226350,79
1167345,97
1061654,80
1218300,115
1021754,86
1260202,50
1478629,64
1282500,63
1143492,52
1296537,44
1491817,155
1236541,156
1435363,142
1364798,135
1019894,153
1158989,144
1167619,148
1365428,152
1307258,151
1090656,122
1494561,74
1060853,73
1401384,80
1213006,66
1040424,62
1467724,57
1154131,71
1172007,67
1157530,50
1240791,195
1399973,184
1476518,188
1143346,176
1107324,189
1090739,174
1116922,231
1174553,186
1268473,179
1278195,152
1333707,457
1110292,844
1197580,475
1301394,401
1292157,482
1088390,433
1308041,2081
1090223,1348
1402826,413
1303923,339
1103146,22
1183926,21
1464530,19
1018488,19
1239986,17
1138796,19
1036193,239
1286961,147
1367592,148
1164085,140
1469544,152
1257007,121
1354912,139
1036445,125
1318405,134
1483334,112
1160511,86
1049364,87
1361089,86
1498268,84
1243089,85
1057687,85
1278925,102
1200813,103
1029236,105
1298996,80
1352373,650
1145134,694
1285247,623
1485963,677
1410494,755
1194947,694
1479842,908
1141874,962
1219813,1012
1020182,853
1469038,14
1478388,15
1301661,238
1209721,226
1470110,217
1260568,201
1366712,246
1063924,227
1209955,237
1074154,211
1416019,199
1039342,173
1266311,239
1036751,725
1482256,291
1279507,231
1283752,256
1047164,275
1361501,1783
1168500,1321
1287087,175
1338978,166
1243030,426
1342622,397
1474891,402
1107378,526
1120819,496
1195282,475
1335120,626
1377332,641
1318602,743
1106208,530
1140411,49
1109072,51
1334308,52
1063638,40
1405532,47
1360411,32
1030666,51
1039447,50
1408990,51
1160540,25
1202321,26
1105638,31
1071851,25
1319327,48
1077816,33
1147355,31
1423096,28
1152289,28
1490790,17
1443298,32
1292453,36
1433070,28
1224601,24
1078845,415
1486614,376
1407632,393
1492844,388
1279914,1857
1216593,1642
1328013,534
1439928,500
1216659,1890
1042279,1363
1353682,32
1012255,44
1288892,56
1059605,93
1471499,82
1211375,35
1401429,43
1234238,42
1141019,36
1339243,30
1065243,60
1087717,47
1266842,35
1373847,15
1091380,24
1214073,21
1058764,22
1227612,22
1013373,142
1384974,127
1022529,143
1312426,126
1271890,138
1485813,132
1098649,161
1299861,157
1389595,157
1499162,136
1342250,26
1304171,165
1147881,184
1296614,28
1428090,27
1317898,29
1032701,38
1227283,30
1098073,177
1291511,170
1482488,170
1497978,174
1173007,185
1158796,180
1313035,203
1416376,193
1472372,175
1185689,147
1162498,32
1132304,32
1447875,30
1248758,25
1266463,25
1057655,24
1159054,23
1356535,25
1350253,23
1033531,22
1041420,180
1198108,182
1027212,171
1475322,186
1172141,273
1393742,224
1266346,233
1377521,245
1400997,254
1019222,200
1200921,236
1033908,266
1018332,275
1248754,277
1230538,262
1317270,258
1123969,308
1336390,275
1233276,263
1064304,213
1440680,45
1460672,44
1216744,41
1235794,41
1226151,40
1319892,37
1222758,40
1326527,37
1004505,35
1212716,143
1275664,132
1098504,130
1452295,105
1149279,139
1218556,128
1411529,118
1354563,116
1322625,109
1294117,97
1410028,67
1036232,63
1455107,76
1421652,64
1494678,73
1296401,52
1160998,70
1056097,61
1356467,46
1412784,41
1067429,117
1334969,118
1411562,115
1475191,119
1188752,121
1296548,111
1272906,136
1123142,142
1286263,143
1433634,116
1144693,210
1032662,226
1370978,249
1122083,240
1211601,257
1357283,228
1194866,267
1287568,244
1268488,230
1129395,190
1177184,75
1070083,72
1297768,79
1350667,77
1333592,188
1425926,138
1293905,152
1462420,101
1209830,123
1334845,100
1387633,358
1247743,351
1117537,345
1079065,313
1180290,358
1415350,311
1206483,396
1339817,325
1295357,310
1340117,203
1132769,122
1199188,63
1169788,75
1423621,73
1018563,72
1080853,89
1285450,95
1326234,110
1132323,109
1222544,82
1433611,396
1186967,390
1173866,382
1448932,362
1229078,358
1232693,347
1391815,414
1386900,359
1404957,340
1415551,283
1079171,27
1263378,24
1169912,145
1058707,122
1395362,29
1225413,33
1084326,29
1150748,48
1040838,48
1451834,48
1375324,47
1203305,48
1276111,48
1089354,35
1456270,36
1231504,473
1430097,464
1162031,457
1272750,449
1320907,482
1061083,438
1349906,587
1368565,543
1056508,509
1176726,398
1057026,725
1090905,671
1041602,661
1473384,700
1247041,2052
1006972,1649
1112156,866
1014063,805
1257761,755
1337096,592
1020633,205
1384720,228
1351858,239
1458481,243
1458802,249
1166438,256
1427174,319
1063469,323
1284641,313
1057638,255
1176123,101
1053426,99
1362188,106
1472327,100
1206366,108
1257964,102
1480277,121
1465217,124
1284838,129
1319585,109
1181839,70
1131518,70
1268768,66
1391032,66
1260481,118
1069609,97
1324346,61
1046579,65
1232070,53
1173143,42
1267634,55
1465123,55
1362254,62
1237389,61
1466483,64
1041421,66
1060615,84
1326935,86
1421533,76
1069064,68
1232845,43
1061266,45
1496650,42
1276290,38
1184775,37
1404104,37
1216877,38
1288726,39
1006248,33
1019604,29
1462054,50
1155430,91
1116479,83
1178750,72
1332949,101
1119799,65
1357303,63
1417777,49
1137724,205
1423011,225
1438518,223
1018827,168
1429932,216
1294970,232
1273324,266
1153382,285
1262708,310
1061420,264
1129706,95
1025300,94
1412369,95
1125357,95
1389049,96
1488501,95
1132673,110
1448288,126
1469785,129
1424009,98
1005733,61
1199112,63
1147013,391
1154039,302
1270940,53
1250143,54
1427638,69
1047461,48
1054157,66
1429640,310
1419037,303
1031315,298
1456519,294
1238858,484
1433450,491
1273195,542
1388619,353
1433284,362
1207528,323
1020914,108
1184809,189
1101299,196
1049974,184
1307058,131
1402432,101
1330573,117
1093878,117
1170942,108
1136234,78
1336913,84
1481273,97
1232719,96
1297029,81
1227586,146
1138532,142
1217013,103
1257492,105
1166466,95
1461892,85
1157087,118
1338101,121
1028066,127
1198902,142
1272992,142
1445613,128
1106028,165
1072843,142
1074625,82
1110407,66
1399261,410
1454243,409
1091379,410
1409591,388
1225625,414
1298752,393
1386787,489
1391503,426
1099252,395
1144316,353
1171130,571
1365329,1723
1171863,543
1473197,528
1274263,593
1277137,546
1156522,3536
1387414,3036
1134038,477
1081483,415
1133643,37
1308370,34
1306499,31
1443284,30
1244740,27
1431655,27
1348094,26
1373197,24
1175329,448
1224703,442
1300896,439
1445437,431
1408590,443
1180221,417
1328800,514
1238224,545
1445032,516
1433797,422
1418017,227
1265394,199
1446150,195
1203063,179
1112304,239
1087179,188
1393208,181
1437433,306
1083339,271
1010307,223
1443244,55
1186542,57
1191341,58
1206576,60
1400158,61
1415414,63
1225162,64
1375215,75
1152899,76
1484953,63
1154169,131
1107329,123
1108464,124
1143995,136
1134896,121
1279926,123
1414764,161
1321694,164
1220511,154
1103032,139
1240615,1402
1397490,1400
1355088,1386
1401705,1443
1422185,1496
1390157,1489
1460838,1663
1377519,1796
1310657,1818
1491023,1662
1035528,40
1244162,41
1335442,41
1034995,35
1299500,33
1483231,37
1361035,37
1042151,32
1169768,29
1074099,316
1489678,304
1028985,300
1049598,271
1240507,524
1263294,469
1318084,355
1484213,335
1383207,303
1235435,286
1242759,222
1038515,1433
1434725,277
1076706,210
1053052,268
1321083,213
1173318,2907
1011628,2183
1449610,274
1293946,215
1125250,843
1037647,852
1138222,792
1266103,897
1003947,922
1348210,895
1145349,1136
1373036,1202
1309199,1196
1171211,1047
1276632,83
1006869,66
1490016,66
1367690,56
1200641,52
1317691,56
1378510,54
1197398,43
1460062,38
1432590,35
1107995,36
1311380,32
1140546,32
1303417,59
1154781,27
1322706,26
1489068,840
1064789,780
1178264,798
1482167,854
1414147,2977
1318708,2190
1457640,1004
1496743,975
1439487,3594
1117036,2866
1464172,59
1204098,120
1014795,107
1420298,120
1412351,77
1107519,51
1286582,71
1201131,66
1253449,56
1233036,44
1062376,123
1399544,85
1130725,67
1066832,32
1175537,38
1320313,41
1416932,42
1474917,41
1134238,34
1397808,156
1149154,145
1274284,159
1414652,145
1357536,146
1225370,136
1383879,169
1418145,164
1400390,162
1422708,156
1198571,41
1181119,261
1249298,236
1419601,36
1119650,36
1409495,52
1327005,46
1303327,40
1080254,45
1414658,203
1474459,202
1272721,225
1174028,206
1484299,217
1319711,207
1457607,271
1167481,246
1471887,240
1456063,199
1321067,83
1232285,86
1342696,73
1389072,57
1057764,53
1108277,60
1123242,58
1294566,44
1476847,39
1414426,88
1143644,86
1022628,88
1271798,91
1296135,91
1245834,93
1195290,106
1001552,121
1207003,123
1143977,93
1049986,612
1058080,599
1385476,581
1197433,599
1157667,617
1462354,619
1447886,731
1414248,769
1071904,777
1233401,715
1048213,250
1447792,271
1422192,271
1333331,301
1345321,301
1359424,274
1188609,333
1351203,289
1121215,304
1325999,246
1055041,213
1260187,208
1372516,215
1478820,207
1281981,213
1170276,204
1352878,233
1086413,235
1174609,229
1210516,187
1216868,188
1312485,173
1114376,164
1214610,145
1092849,327
1423702,296
1067336,182
1112246,181
1128675,161
1260223,157
1064865,79
1010319,123
1398591,121
1301497,109
1221429,122
1387628,104
1065479,135
1374782,96
1064336,94
1402535,73
1378097,199
1052288,203
1280063,203
1488358,212
1146421,213
1261997,205
1273271,247
1379056,242
1320666,247
1282552,199
1012356,227
1280965,222
1067057,251
1007605,262
1292992,279
1478678,243
1251025,319
1134701,268
1225717,279
1238986,233
1193124,291
1056666,285
1312685,279
1336457,285
1454072,477
1360725,473
1070791,534
1284859,349
1000502,366
1091118,331
1310137,789
1303810,728
1277815,688
1239684,831
1244622,831
1417395,732
1301940,887
1209454,757
1280610,758
1110072,642
1315006,420
1274070,189
1460463,187
1180088,198
1086621,260
1199102,209
1263657,244
1354041,276
1270384,281
1270266,234
1388270,521
1206660,505
1347411,491
1130577,483
1218895,503
1188923,456
1420775,557
1264839,498
1131282,441
1289857,370
1187232,48
1154629,44
1071327,309
1104104,223
1424002,43
1278069,42
1162475,57
1315112,48
1278374,42
1156508,44
1221970,121
1039156,122
1013847,127
1269940,139
1249208,137
1032032,125
1381878,164
1179267,150
1103358,85
1031522,64
1441429,441
1205987,406
1126546,421
1062138,393
1168666,440
1428344,449
1192653,491
1025988,522
1092801,481
1466330,387
1253435,382
1003790,375
1407686,385
1386117,952
1041553,864
1160729,474
1105240,419
1275872,391
1064239,327
1129687,182
1037739,198
1342075,152
1480121,185
1102860,147
1483078,105
1004285,289
1069331,255
1434986,217
1305194,126
1124507,111
1348574,122
1265021,121
1134259,127
1124696,111
1475116,156
1214823,159
1395004,144
1238037,132
1128404,49
1234039,53
1204827,55
1152216,50
1302724,118
1323021,79
1003827,49
1145179,50
1072806,41
1101824,35
1327840,135
1489316,121
1191403,152
1162076,143
1079663,137
1018683,148
1134125,181
1097271,175
1341114,160
1302813,131
1200785,26
1214706,26
1095511,24
1226081,45
1368710,80
1312690,71
1047653,63
1189012,65
1469136,77
1302705,57
1017688,55
1398113,40
1362599,347
1120329,348
1301366,403
1002209,491
1240302,456
1233562,369
1110335,490
1348050,482
1058578,537
1335537,434
1098570,50
1073553,51
1044020,56
1165391,39
1204487,42
1472749,294
1244370,237
1437863,37
1336959,32
1394160,56
1131763,44
1063451,39
1140662,40
1288250,89
1157702,88
1107474,89
1128343,87
1101634,129
1119422,130
1023345,162
1298978,90
1207170,105
1312063,91
1383510,66
1393228,89
1417616,89
1129132,152
1301112,82
1333133,52
1177896,75
1183511,70
1474158,61
1043355,47
1023619,82
1486661,91
1130825,91
1046603,75
1129769,154
1104503,150
1340182,98
1488407,102
1280734,96
1153942,82
1473989,237
1292670,236
1256986,230
1164851,210
1093705,226
1181024,203
1398775,283
1177612,226
1208371,210
1414249,182
1452353,377
1024727,1177
1275924,337
1174973,298
1336295,400
1407628,341
1215558,2937
1095301,2501
1129955,318
1150712,277
1469299,21
1119669,18
1192004,17
1374612,16
1130206,15
1029916,15
1414039,15
1276937,15
1025011,14
1148633,388
1269822,383
1122710,375
1368824,363
1267281,387
1010516,350
1207782,413
1107897,453
1355123,430
1245170,491
1394634,457
1107583,432
1278108,402
1328969,408
1102011,427
1333022,514
1320534,558
1077386,509
1233535,468
1194207,39
1448370,38
1079356,40
1184629,42
1071294,45
1093908,48
1239978,47
1263128,56
1188114,59
1042781,52
1279275,57
1305159,54
1195872,54
1271171,78
1287009,54
1125745,59
1067289,70
1114177,71
1432227,87
1087470,54
1237947,751
1452835,742
1029462,734
1365321,762
1377892,831
1378346,812
1261333,1002
1427333,1094
1157382,1130
1168967,1006
1297182,23
1200350,23
1050596,23
1347479,22
1157094,189
1356002,193
1016138,185
1309641,171
1499969,422
1318960,381
1132759,238
1156703,218
1347366,209
1479828,187
1353276,114
1310745,1322
1259126,137
1399815,127
1479063,172
1280384,138
1273328,2626
1329675,2000
1296742,107
1097552,128
1175098,499
1107789,430
1472551,459
1434395,498
1204957,518
1066271,479
1201647,600
1207963,604
1224651,584
1102821,497
1252491,35
1245895,29
1481691,28
1161370,29
1212692,26
1318121,25
1321701,28
1412851,26
1276134,39
1410177,28
1169782,28
1017948,23
1155477,26
1307971,24
1467101,261
1455580,302
1073869,324
1164529,304
1242649,1645
1458824,1388
1205276,560
1153862,460
1026311,2209
1100814,1524
1433607,53
1325788,110
1222062,104
1095953,133
1192192,75
1003275,47
1419391,57
1213380,59
1449132,49
1025691,38
1166120,85
1492774,53
1389720,60
1029230,21
1352343,34
1368955,29
1012363,30
1318880,26
1122068,24
1320801,184
1363348,174
1006930,163
1033851,170
1405700,180
1456057,172
1495295,206
1403913,188
1493423,197
1157998,177
1169405,194
1122567,251
1141716,44
1133958,42
1199519,36
1411918,41
1089046,187
1420568,161
1094571,164
1015407,176
1343753,175
1290825,176
1247241,200
1383868,188
1419894,185
1048220,159
1401237,51
1093184,50
1037033,47
1462031,36
1294471,37
1324469,39
1037484,40
1455758,35
1140449,29
1452600,32
1462180,37
1210051,38
1448582,37
1153239,37
1292579,46
1444618,49
1253969,41
1066074,197
1040567,195
1033848,201
1060668,194
1364029,205
1062630,197
1094506,239
1358659,245
1465329,260
1440816,208
1453624,173
1366879,149
1066766,157
1218935,160
1456740,186
1272288,157
1229915,186
1295433,175
1187828,193
1426162,153
1390856,34
1064665,36
1440509,34
1239126,34
1396561,34
1352708,31
1169282,34
1368073,32
1087742,30
1239602,28
1254600,130
1187584,141
1256962,134
1250767,114
1183162,238
1279361,202
1441846,128
1025243,136
1301264,131
1087640,123
1045918,71
1060939,94
1453084,98
1389584,80
1109929,83
1195022,75
1303129,105
1470042,79
1425214,74
1480181,58
1120639,52
1421206,55
1357988,55
1004611,57
1274230,66
1339747,75
1035696,67
1021984,78
1019163,69
1364760,63
1098207,147
1144332,145
1001298,120
1052493,127
1116984,126
1358488,143
1479481,156
1479982,138
1250243,132
1224186,121
1476141,78
1092873,82
1411938,84
1288977,79
1414035,116
1477480,125
1441461,157
1334203,95
1011084,118
1272016,97
1291804,461
1083211,442
1459930,427
1080771,482
1290984,494
1371092,454
1129462,544
1146886,412
1075732,426
1481125,309
1383646,150
1262046,79
1031233,104
1313003,120
1111253,123
1464277,121
1449649,141
1241310,171
1311108,175
1359316,131
1328056,387
1338235,365
1424127,384
1006231,348
1217979,345
1256515,311
1230515,391
1167123,338
1186034,320
1459062,260
1131248,51
1159026,236
1196992,170
1019725,28
1038502,41
1345899,26
1149789,36
1434408,318
1331367,267
1151568,309
1038126,281
1105246,328
1354383,269
1375571,347
1188956,302
1350405,288
1040755,194
1329810,355
1095638,337
1045471,382
1026941,362
1383816,913
1342743,737
1081079,441
1404092,373
1497047,376
1077049,297
1298757,124
1346606,141
1350474,146
1096561,125
1424462,129
1257115,135
1448606,161
1410308,158
1397778,192
1274838,142
1181744,24
1086282,30
1342834,30
1191933,26
1455688,64
1156031,63
1463066,23
1307453,26
1328288,25
1170261,215
1200413,189
1249578,201
1392101,205
1076983,200
1395094,200
1291487,243
1166161,237
1237836,246
1109620,188
1353433,20
1279339,20
1205295,19
1431212,18
1271186,19
1491686,17
1180510,18
1383885,15
1341913,60
1144509,73
1210738,65
1472270,51
1374106,56
1241273,50
1388278,81
1483740,63
1052572,49
1401309,27
1400990,126
1259749,150
1240225,34
1092082,47
1227429,40
1097232,43
1312352,34
1268573,38
1232796,41
1035942,44
1299417,41
1386090,54
1016464,56
1303501,69
1176686,48
1080504,49
1446354,43
1181712,69
1274821,123
1159957,111
1131022,135
1194633,70
1148248,49
1027752,60
1286552,62
1087904,53
1343655,42
1289665,140
1359744,140
1216979,137
1007979,119
1267184,197
1475359,127
1399772,129
1044288,127
1204605,111
1166180,96
1029581,60
1049770,65
1239437,94
1218181,61
1439193,69
1461309,55
1203974,72
1039123,71
1269935,48
1189136,45
1297968,240
1259331,244
1135133,240
1421534,230
1413771,237
1178643,207
1078554,280
1495417,233
1274485,220
1335756,186
1201137,412
1320497,937
1483134,410
1363331,343
1186216,420
1068689,545
1371487,2805
1379605,2412
1207029,271
1436681,284
1052630,22
1260318,17
1257768,17
1221459,14
1080389,270
1256024,242
1328739,262
1245033,249
1252741,258
1424447,233
1139612,279
1498209,318
1123645,291
1323759,233
1292034,81
1157559,82
1208584,81
1290817,85
1427899,85
1161944,83
1217185,100
1259287,101
1192548,96
1177141,79
1255407,478
1338733,460
1482136,453
1147855,504
1311799,582
1306558,548
1494027,676
1265348,898
1083041,917
1003331,709
1084671,23
1127039,23
1111671,21
1149061,21
1432334,18
1036706,17
1173657,17
1099347,257
1376287,254
1124300,252
1468244,224
1015025,320
1083819,302
1217848,258
1298548,244
1434356,236
1482492,215
1320819,271
1248373,953
1008294,326
1232116,252
1255594,283
1318738,366
1446799,2118
1486944,1642
1386805,173
1413768,183
1462608,387
1418346,376
1491979,360
1407308,402
1010422,457
1108134,418
1224076,513
1140817,562
1025411,600
1403656,468
1217471,55
1104854,58
1256148,61
1458926,50
1412413,57
1006284,45
1426761,57
1139068,53
1316420,37
1259792,37
1483645,50
1349724,46
1427122,46
1072907,31
1453758,33
1131668,30
1442229,34
1065535,34
1390209,29
1462612,25
1489860,53
1389663,33
1206646,29
1365027,23
1283496,26
1262779,26
1435474,33
1294014,32
1132104,26
1018393,25
1258354,792
1133666,574
1066784,593
1167841,646
1468687,1772
1328290,1424
1240567,823
1424215,742
1057722,2366
1349429,1504
1053488,41
1058362,77
1281230,70
1053785,109
1324241,71
1039288,44
1386011,51
1143236,54
1233422,43
1272934,38
1242088,48
1209556,33
1052913,35
1266188,22
1249279,24
1125302,22
1272411,23
1039622,22
1075384,229
1332431,221
1141830,227
1032755,203
1183226,209
1444861,211
1465487,261
1116043,243
1155353,258
1394606,197
1211649,31
1338544,32
1206721,191
1213726,179
1121296,27
1341927,31
1126590,42
1017637,40
1116834,47
1179503,33
1158599,212
1218897,204
1144162,223
1191552,201
1419930,227
1068714,213
1034417,260
1153354,227
1402994,222
1174600,175
1067348,27
1000557,28
1141868,24
1193883,23
1477660,22
1374717,25
1005512,22
1481939,21
1194957,104
1209298,101
1491117,109
1021817,119
1238437,126
1088320,108
1353310,129
1151804,158
1275812,162
1152280,122
1253246,249
1210078,292
1364359,306
1015692,328
1200780,326
1473909,286
1114235,346
1035523,316
1060105,301
1130600,232
1409129,26
1150723,27
1181288,27
1303570,30
1076136,30
1496530,28
1131674,185
1262299,160
1213601,156
1300132,147
1305748,262
1087593,187
1494276,167
1004602,152
1218108,152
1485765,137
1369461,84
1332257,128
1208274,108
1084190,96
1054679,108
1381709,87
1006574,113
1100330,104
1459804,92
1074270,85
1323505,159
1159662,161
1458025,160
1453177,165
1314608,179
1134764,157
1150022,185
1086312,224
1465717,168
1279859,160
1134014,220
1472460,251
1492825,257
1415612,306
1019478,282
1059110,253
1204889,307
1169118,281
1451461,276
1112696,228
1236946,87
1434549,90
1120418,94
1403037,109
1144287,186
1358838,183
1290736,189
1259881,112
1401133,121
1126127,106
1169445,449
1004578,446
1179600,444
1308774,411
1302648,458
1319128,384
1088656,479
1299376,396
1292193,407
1305988,299
1015328,140
1459453,62
1051019,72
1321503,72
1055145,68
1234463,71
1010315,88
1374626,99
1186950,99
1285406,79
1318631,310
1250084,302
1307634,304
1149758,277
1067032,270
1434813,278
1002560,331
1156579,289
1396591,268
1392103,220
1249940,21
1425455,20
1154185,83
1015552,93
1082946,20
1286570,29
1254729,64
1006149,64
1412957,69
1252535,51
1339142,60
1442360,56
1303970,64
1111277,63
1317971,42
1003422,44
1270759,530
1251827,413
1441633,455
1246760,402
1077996,419
1059707,393
1256407,519
1046867,474
1336797,434
1335237,322
1089648,229
1237824,216
1443604,266
1315244,191
1254893,668
1019982,515
1395631,337
1498515,269
1233129,235
1478969,189
1429360,63
1120903,70
1255283,71
1228809,62
1257624,85
1066626,82
1383790,95
1236459,103
1158042,92
1110951,85
1094399,43
1171262,45
1216042,36
1040672,86
1164094,73
1290899,35
1362590,37
1436155,27
1141020,125
1137816,124
1268877,130
1177855,109
1418558,127
1134734,117
1325056,161
1145992,168
1049420,162
1362616,124
1384912,14
1473127,54
1323704,85
1329092,76
1245072,58
1238938,48
1084196,45
1442846,48
1025058,11
1428338,27
1090704,44
1320112,17
1297638,11
1337109,17
1385171,22
1155836,112
1234570,200
1066501,194
1306678,211
1115733,142
1166572,103
1442966,115
1460038,79
1193240,71
1434050,58
1129340,189
1182360,190
1478755,190
1287636,164
1439136,332
1311021,253
1483148,221
1084470,216
1177978,197
1199834,168
1210152,15
1281696,15
1051001,17
1056902,14
1386579,230
1252232,243
1392509,240
1473748,204
1194125,218
1452660,214
1313545,311
1220899,237
1176114,215
1368957,181
1290080,626
1089612,1225
1439182,531
1453938,480
1416600,599
1061133,779
1444912,3019
1021121,2500
1317447,408
1115697,373
1439020,14
1161356,17
1359174,15
1181972,14
1140677,14
1254006,14
1249389,418
1144725,255
1024456,293
1333259,260
1158440,272
1245351,242
1209146,323
1336601,309
1229162,266
1147384,193
1202967,40
1266951,63
1123101,33
1397105,38
1451801,36
1410965,46
1132536,46
1089582,42
1009115,37
1443523,205
1163835,201
1494285,224
1318970,212
1230640,237
1350989,216
1469698,323
1157662,346
1365942,360
1241167,285
1474470,14
1199867,14
1410274,14
1424399,14
1275961,15
1123239,223
1300003,203
1142646,210
1406271,179
1081205,413
1272773,295
1107862,265
1445770,239
1114381,221
1415547,197
1160077,248
1091853,791
1330691,697
1415863,279
1334478,261
1141705,496
1420680,2603
1487401,1915
1204380,229
1052413,214
1242874,153
1077197,165
1127975,170
1230110,165
1166412,184
1066808,165
1470409,228
1342442,248
1139563,255
1003833,188
1013568,22
1458838,20
1242946,21
1117852,17
1444202,16
1240782,13
1377760,16
1197572,41
1109827,41
1259868,39
1363824,25
1225867,27
1199703,37
1393980,26
1376514,20
1302656,46
1141699,63
1433132,38
1454906,31
1474457,31
1353854,67
1238870,61
1102120,32
1381727,26
1165621,412
1067751,378
1367529,407
1419376,407
1217634,1727
1435817,1196
1388704,623
1050100,584
1447978,2402
1223297,1764
1057692,55
1208998,109
1142079,104
1114122,146
1348065,88
1123612,53
1147172,59
1449879,53
1410895,42
1474990,33
1462527,45
1486074,28
1393559,29
1126109,23
1454486,15
1483756,16
1138537,16
1325573,69
1051613,81
1191347,99
1459200,70
1119462,84
1353313,84
1265434,127
1338064,122
1391890,140
1094290,99
1494524,63
1122982,72
1247940,25
1492928,17
1447707,329
1306135,319
1375347,370
1210263,344
1031578,370
1224519,337
1094254,445
1331126,376
1412296,357
1464457,280
1429670,34
1048429,36
1266516,29
1064371,28
1010582,30
1279234,30
1140213,24
1462914,19
1028151,82
1078943,82
1254456,87
1282678,87
1182119,91
1430557,85
1044051,111
1372892,125
1120515,122
1489688,95
1247162,457
1272298,397
1423076,453
1080130,443
1053710,439
1164565,399
1205751,527
1210368,445
1260599,403
1121115,364
1198240,170
1144385,155
1437302,167
1132630,145
1101586,345
1091445,237
1295002,175
1448868,173
1435790,143
1431208,121
1431365,151
1385563,139
1087230,126
1471543,121
1097979,104
1256441,136
1444251,111
1213606,113
1296465,90
1269338,39
1196617,41
1158962,42
1378735,38
1249741,38
1350135,36
1431352,57
1267745,58
1257221,41
1045903,408
1168162,364
1199171,414
1192330,401
1026480,361
1359515,360
1183397,476
1352135,377
1263834,349
1219655,310
1104882,41
1064112,43
1103507,42
1359439,36
1362263,47
1115404,51
1495441,64
1263659,47
1492790,51
1472842,43
1220718,216
1035762,201
1005331,223
1144722,232
1375730,221
1053781,193
1221582,276
1101521,181
1464391,189
1118931,143
1402087,39
1267543,21
1031981,24
1131800,26
1226628,25
1429379,25
1084519,31
1054929,35
1111818,31
1127792,212
1148446,202
1099206,224
1109184,181
1229777,181
1297617,192
1237610,253
1069068,200
1090735,175
1383176,154
1318530,50
1349996,57
1102502,17
1079296,344
1264719,341
1431686,357
1320803,348
1011233,372
1377962,329
1192944,446
1405148,438
1405071,400
1123716,302
1453825,385
1309172,372
1227764,401
1149701,387
1030628,1015
1058252,906
1491947,506
1494597,425
1401368,399
1435257,333
1475740,83
1441634,65
1473188,97
1453677,97
1138281,99
1365133,125
1201008,80
1221090,80
1252788,82
1312378,128
1121476,130
1452533,143
1151293,145
1048430,140
1078682,124
1174467,186
1076674,189
1054235,166
1438311,138
1172173,29
1211628,30
1114022,30
1119679,25
1098728,62
1402934,48
1022522,24
1190225,30
1280461,177
1042807,166
1403241,180
1184545,184
1338050,165
1026597,156
1451444,230
1001753,220
1244369,220
1114154,164
1251743,14
1216807,14
1044810,15
1329636,42
1292821,73
1107124,79
1295439,66
1052382,65
1108059,79
1292720,72
1149871,55
1133587,35
1411654,72
1217172,55
1447046,31
1367645,25
1001659,79
1228444,73
1433924,133
1371163,134
1408863,86
1477833,30
1283271,31
1257511,34
1159801,31
1099699,34
1378391,34
1419443,39
1302328,44
1455533,46
1466302,41
1216929,180
1314022,41
1313140,19
1224624,24
1401467,19
1352497,23
1448084,42
1362746,47
1267173,49
1105075,45
1307999,63
1488767,64
1040530,77
1131755,40
1492694,48
1027892,45
1099057,47
1225458,101
1010715,95
1387667,139
1346873,112
1408529,40
1164196,53
1067861,54
1286769,47
1310185,38
1112704,125
1055978,134
1093150,136
1332210,116
1045586,212
1399769,179
1428523,151
1056581,143
1447191,132
1384034,111
1137590,21
1263027,23
1396476,24
1393708,20
1098120,19
1146079,15
1176683,19
1236232,21
1043714,13
1112290,13
1315890,347
1251960,348
1344744,391
1285953,341
1222463,348
1380883,332
1155889,450
1190568,357
1429669,337
1351758,276
1122867,519
1428085,1329
1055368,473
1181140,458
1192825,488
1497180,465
1248212,3190
1144793,2945
1361907,457
1307127,353
1296593,16
1288029,14
1136665,14
1374497,14
1038293,14
1113345,429
1129168,419
1156793,433
1095528,397
1306049,405
1282473,379
1316409,501
1394640,508
1009777,470
1386654,380
1154407,102
1423212,82
1413911,112
1007465,114
1392733,104
1343164,87
1114869,131
1399552,149
1208940,77
1112607,44
1040360,47
1119698,43
1325998,44
1147410,42
1305088,46
1158546,58
1323328,56
1158006,48
1119887,23
1165697,23
1403211,35
1443517,22
1014151,672
1374002,670
1417996,646
1141881,684
1219590,751
1373220,708
1355558,915
1042282,967
1323969,964
1480827,890
1181254,20
1150997,19
1379420,18
1033770,18
1451868,17
1108405,272
1481278,245
1127853,256
1069729,230
1028848,467
1201050,405
1278761,319
1182751,286
1494451,256
1346198,236
1367068,217
1393667,1619
1263571,272
1395629,177
1395320,207
1486344,178
1100089,2858
1316600,2538
1133091,191
1497480,153
1196661,491
1496261,475
1194929,477
1209119,500
1397954,508
1433003,511
1306725,686
1355897,716
1064394,696
1299518,624
1100813,24
1103179,25
1349648,26
1360039,25
1008284,21
1372827,23
1022366,23
1247275,16
1250692,29
1166812,26
1075237,24
1284106,22
1132690,16
1021330,18
1173609,16
1161832,23
1084054,25
1196971,21
1287686,21
1490438,23
1377459,47
1284858,26
1215512,23
1013410,436
1306922,384
1407650,434
1115185,398
1300326,1595
1348608,1155
1077818,597
1431835,522
1314817,2336
1066068,1880
1236383,56
1051153,40
1403654,85
1458515,59
1092603,22
1406779,29
1363499,27
1308591,38
1445820,24
1339495,39
1031284,12
1011989,16
1092978,14
1416822,20
1044644,14
1400124,14
1020688,21
1132214,209
1299296,188
1328803,210
1334503,193
1383625,198
1448378,197
1069438,260
1171702,239
1152361,236
1150037,197
1198481,121
1397183,118
1149053,21
1380157,37
1016217,29
1237054,339
1044369,341
1157822,400
1420945,391
1375200,399
1358278,365
1205185,486
1362253,437
1263433,384
1337606,318
1266676,29
1311688,29
1369119,25
1391955,24
1095582,22
1236493,21
1350052,23
1396061,22
1422724,26
1416267,26
1023518,31
1210701,29
1084100,32
1161473,31
1245334,34
1471348,40
1155624,42
1303316,38
1072688,86
1082037,104
1248088,127
1240215,150
1140940,149
1372767,143
1319511,174
1163430,182
1024275,177
1176115,155
1230753,289
1459901,303
1283901,326
1420906,331
1125326,277
1280096,285
1256216,378
1497839,309
1056161,286
1249726,237
1038455,15
1434793,14
1160822,14
1346146,150
1428646,160
1449241,172
1411131,146
1001411,224
1385630,213
1237972,188
1078865,171
1319741,159
1309594,136
1146287,69
1352895,114
1378461,108
1426530,98
1437824,94
1028205,79
1326348,115
1025298,87
1421003,65
1356082,63
1213133,26
1400057,29
1006359,31
1478327,30
1264778,27
1296198,42
1091285,39
1188584,306
1289252,320
1121717,362
1165494,347
1133975,291
1017195,299
1473572,404
1156194,357
1420711,318
1050364,273
1218991,32
1036017,33
1114325,46
1038860,50
1322237,48
1073235,42
1314434,41
1418720,34
1245711,262
1063433,257
1035108,349
1352358,296
1074658,307
1499594,288
1056537,390
1255064,246
1421744,256
1109478,183
1194904,41
1371113,23
1478926,26
1218200,30
1194155,28
1393791,29
1356548,41
1087090,42
1362391,33
1000962,375
1031818,383
1467100,406
1034605,331
1101780,355
1002344,326
1046072,458
1442812,350
1345228,312
1113888,254
1219117,16
1297015,101
1202918,77
1354197,17
1268287,26
1242062,18
1046820,17
1013774,20
1383287,17
1249173,17
1402527,13
1088465,448
1321672,420
1493321,429
1486372,430
1411581,456
1338165,408
1206135,509
1093502,534
1461412,490
1015740,455
1189256,419
1128323,436
1326661,398
1242328,1145
1210696,995
1120940,515
1045314,511
1270338,438
1491051,376
1321001,317
1149554,320
1321455,330
1220031,327
1249562,318
1221659,326
1448873,385
1201558,396
1112961,412
1441542,317
1227620,117
1060282,123
1212298,136
1324089,105
1160616,123
1125254,130
1367408,163
1164080,159
1095594,148
1441231,127
1418316,44
1028314,41
1376664,46
1001180,42
1317946,85
1162285,68
1183217,34
1344949,32
1207523,31
1102512,115
1361643,107
1135403,125
1171163,100
1473307,106
1038042,106
1053898,140
1496571,161
1142142,154
1162420,136
1199487,18
1373867,17
1424223,17
1451930,15
1370497,15
1065924,16
1083741,36
1234248,69
1088860,71
1356258,58
1302259,48
1152733,36
1484698,75
1261194,42
1230150,37
1107553,42
1100828,363
1201667,322
1162414,326
1162048,363
1360889,398
1070154,396
1242415,403
1009155,456
1007348,458
1257698,349
1386147,58
1477962,61
1164241,61
1313079,61
1489391,62
1217690,65
1403412,65
1067902,78
1016818,84
1451414,69
1144387,50
1357820,47
1123456,346
1000586,338
1286790,50
1115930,36
1193439,52
1219711,53
1438799,81
1011484,80
1146910,85
1078476,85
1273798,133
1381479,139
1414898,163
1313752,84
1097004,101
1295157,90
1065465,63
1344156,116
1055855,106
1234968,130
1249681,74
1066635,46
1064923,58
1167876,57
1053807,46
1237785,38
1471314,136
1249240,147
1119440,131
1039592,124
1014849,244
1196535,178
1292202,146
1275446,141
1454082,136
1373757,121
1346922,52
1058487,53
1357585,56
1246808,73
1099146,57
1412353,51
1468339,61
1313065,66
1490279,35
1444037,258
1032563,259
1412227,256
1397626,244
1215207,249
1284712,241
1480206,321
1344652,275
1362439,260
1089623,227
1175542,528
1314812,1583
1408441,505
1198898,411
1096814,505
1019929,467
1050747,3420
1059227,2587
1304119,372
1062397,346
1213487,21
1167608,15
1037042,467
1363682,448
1129795,451
1212698,443
1432412,459
1307351,419
1028375,507
1429330,541
1488638,507
1413805,420
1068732,233
1459985,185
1275261,242
1178436,250
1118377,251
1222153,268
1121953,317
1108733,306
1243875,309
1444290,261
1410568,62
1201705,66
1422145,65
1265812,64
1143936,68
1207164,64
1035471,65
1182115,79
1301690,81
1043957,68
1412117,55
1239970,55
1415533,53
1058293,83
1328879,49
1188626,74
1184088,55
1131958,71
1014626,66
1350558,54
1470774,730
1299041,690
1105837,678
1082803,732
1023822,807
1312925,791
1089746,964
1133734,999
1096643,1031
1095601,894
1118778,16
1318169,16
1167507,16
1415526,15
1461383,15
1010375,310
1440426,296
1154587,256
1079575,253
1158030,525
1362696,461
1066731,329
1347823,307
1295629,276
1318474,277
1013232,162
1252214,1536
1390132,216
1114889,175
1096101,204
1459986,168
1173416,2870
1044076,2364
1112081,142
1128597,156
1117544,614
1417850,568
1211259,551
1431972,617
1475506,630
1409045,607
1410758,758
1368841,767
1409653,778
1251129,662
1472488,44
1461331,45
1253822,43
1407561,50
1191571,35
1492538,28
1143486,31
1004907,33
1127961,27
1186842,35
1008262,29
1274142,29
1048054,25
1384843,22
1351109,24
1353818,27
1063035,27
1352845,23
1128433,637
1407888,603
1212422,611
1279701,588
1453508,2761
1349422,2119
1292070,766
1124122,723
1192277,3181
1413046,2342
1028748,51
1443200,84
1043603,72
1219673,118
1152131,58
1393223,36
1420107,44
1216873,46
1190133,42
1430193,32
1014965,114
1078132,41
1292424,41
1255258,14
1066079,18
1105879,22
1411353,22
1449547,22
1234887,181
1125678,169
1435855,179
1056982,165
1107898,177
1420115,175
1382425,220
1456487,221
1204895,218
1271507,188
1229377,28
1038196,31
1008268,370
1429686,239
1258400,65
1168925,41
1036885,40
1480686,301
1317736,269
1209072,271
1100649,304
1305444,299
1491431,287
1378334,368
1225887,305
1326777,303
1133252,243
1097687,39
1139498,37
1411557,40
1333045,30
1318193,28
1406669,28
1405764,28
1147888,25
1488755,23
1151189,275
1024790,268
1164052,277
1230002,269
1441669,287
1407711,274
1002962,334
1307976,344
1328697,348
1193459,279
1331356,248
1397910,219
1033866,235
1185243,298
1340832,212
1422405,211
1000907,263
1140986,232
1166061,229
1147826,200
1174075,47
1121861,46
1427424,44
1202501,42
1211307,47
1391383,45
1051248,41
1124427,41
1143781,156
1122608,156
1173756,147
1218630,130
1072974,293
1271370,273
1108945,158
1303182,158
1323756,147
1219727,145
1398197,48
1089695,152
1356105,108
1402798,91
1291085,73
1404814,71
1428083,109
1203717,62
1111706,57
1394938,45
1108936,69
1105792,70
1306121,71
1393546,76
1452330,89
1384949,85
1369516,92
1386732,98
1402801,89
1487219,78
1487448,309
1189549,247
1264146,262
1352579,256
1165448,253
1203426,243
1123527,293
1219158,263
1356081,257
1251853,223
1359239,79
1323864,79
1110355,82
1234810,81
1092030,117
1262482,129
1327710,159
1431000,96
1223860,120
1381768,99
1451012,554
1035076,543
1161618,532
1443293,603
1071762,587
1489624,531
1436386,642
1396514,491
1039985,501
1458659,397
1478260,208
1211763,104
1461264,132
1452748,137
1454882,144
1178109,144
1151588,171
1093068,199
1069584,209
1188384,163
1019856,446
1203766,425
1355799,411
1344056,407
1439488,396
1402415,375
1026211,466
1370612,394
1218651,381
1374767,308
1095558,29
1230790,32
1219964,185
1230004,159
1283749,28
1081422,28
1068866,36
1102942,39
1413625,41
1266101,45
1006570,49
1102106,41
1392645,36
1136584,49
1453858,46
1029171,30
1194113,31
1336189,259
1039864,216
1378231,225
1339671,219
1314578,231
1403828,203
1249231,247
1311330,266
1476081,247
1413988,185
1431384,295
1487673,274
1068668,293
1063833,273
1393194,680
1359636,671
1108677,368
1304133,297
1485109,316
1485137,248
1045996,96
1044730,101
1150354,104
1446291,104
1001106,88
1356071,86
1101252,113
1223036,119
1134987,119
1062304,89
1116597,34
1145893,37
1025496,37
1218778,65
1153423,60
1357408,29
1286873,32
1402952,31
1170957,25
1361706,91
1014000,75
1039951,79
1473600,74
1265560,81
1462466,83
1114666,100
1443948,117
1401506,97
1253336,83
1229602,32
1486505,30
1487852,29
1445743,28
1310175,26
1134018,26
1448035,24
1296975,48
1029539,63
1304389,59
1110541,58
1331960,66
1218721,47
1154883,59
1490445,36
1181176,28
1356273,22
1412186,101
1114401,137
1228683,19
1337833,21
1050850,31
1457667,25
1024014,26
1171411,46
1257636,48
1074009,43
1145515,61
1248367,67
1298875,69
1448070,47
1179183,52
1395822,45
1303811,45
1412306,155
1087455,93
1028514,120
1467820,69
1491649,55
1474249,46
1028658,48
1491544,40
1163145,35
1433035,88
1459830,87
1174361,89
1250822,69
1078406,102
1499791,93
1233243,76
1149972,84
1014740,74
1022510,68
1235837,84
1371786,77
1493420,99
1010170,67
1425445,65
1273778,69
1270680,73
1376166,71
1164762,49
1344143,47
1160893,144
1236978,159
1453878,164
1246866,152
1302283,154
1064732,143
1141248,182
1080727,162
1487939,156
1295266,137
1013660,261
1093949,676
1429810,236
1130721,237
1138486,283
1372175,253
1272747,2232
1182172,1513
1026845,181
1346301,183
1272184,26
1340133,25
1233411,24
1194326,25
1498415,21
1074808,22
1216412,23
1241604,21
1345822,19
1372115,187
1423689,163
1293491,166
1308693,155
1209311,166
1110021,143
1277171,160
1020754,146
1161508,146
1374528,117
1197461,97
1329651,93
1040737,87
1480946,99
1498109,81
1002703,84
1349426,94
1004288,95
1444755,94
1074093,77
1115748,531
1281521,521
1451363,518
1430974,582
1461605,639
1248805,597
1365062,733
1413517,790
1079468,935
1462434,738
1056092,24
1365006,23
1456089,23
1446786,23
1040817,22
1109353,22
1487989,20
1121159,20
1222840,127
1460813,135
1487066,130
1079005,113
1388676,158
1371072,140
1297231,125
1016210,119
1210558,115
1123675,103
1086030,164
1394115,644
1278363,135
1085675,92
1091432,122
1484666,117
1459972,1613
1025645,1149
1253204,101
1150554,78
1353589,347
1083761,342
1017978,341
1204607,366
1179263,409
1287664,378
1101142,459
1259598,476
1403541,500
1101243,376
1202680,52
1343708,50
1386496,77
1391427,41
1230052,42
1047182,40
1131586,46
1169082,46
1065210,32
1322258,30
1062507,37
1369946,35
1266139,35
1317106,27
1200557,27
1442391,27
1141389,27
1209068,23
1048616,24
1161399,59
1246499,28
1173875,24
1295803,24
1382915,26
1270557,25
1387232,274
1234509,271
1131712,275
1041891,257
1189265,1120
1242154,954
1271716,469
1241557,390
1056516,1559
1103361,1067
1333733,39
1001630,65
1071359,55
1309758,87
1363781,47
1275758,34
1335742,33
1385596,33
1379435,33
1065819,33
1192767,24
1281501,21
1307572,20
1456322,21
1431483,75
1062258,70
1333906,76
1106524,71
1290036,70
1184862,81
1096073,96
1031537,96
1203109,87
1071558,72
1101932,21
1044801,25
1079827,80
1285141,112
1075442,15
1499597,17
1343162,27
1476106,126
1049161,107
1364913,106
1193107,108
1180048,122
1358834,118
1151399,131
1044081,104
1466579,110
1014859,92
1332396,32
1266400,30
1472252,28
1003603,26
1409616,25
1059512,22
1484676,178
1368949,179
1329321,180
1375533,188
1107947,192
1425745,181
1273134,222
1436258,237
1254725,243
1421375,189
1325792,156
1193535,149
1218040,156
1236341,162
1062111,153
1128983,156
1391564,175
1321495,158
1210468,150
1203757,135
1412587,24
1433116,26
1042053,24
1124635,24
1154252,24
1279658,22
1407745,24
1186723,21
1470954,20
1368908,18
1374038,117
1153248,125
1345956,117
1393237,101
1014560,138
1012199,122
1077136,106
1119709,119
1046854,113
1283164,95
1314508,66
1471054,95
1128581,86
1166222,80
1188988,81
1134994,88
1378089,79
1135823,67
1235260,43
1377286,101
1308546,97
1196922,98
1163908,97
1085465,97
1068315,89
1234038,110
1038950,118
1444536,119
1283324,93
1191789,160
1438073,172
1172474,186
1280261,198
1275016,214
1145855,177
1232971,235
1224224,190
1062528,194
1057817,162
1337490,117
1433830,120
1304337,121
1167678,120
1299855,155
1311195,154
1432084,184
1180256,134
1421002,156
1053628,121
1121324,290
1026413,292
1070072,306
1146493,281
1023501,323
1453489,265
1038965,322
1347849,258
1045776,256
1452750,180
1021010,68
1136984,39
1234163,41
1215779,50
1370085,45
1152832,41
1214420,46
1143861,54
1223574,61
1456445,53
1030306,192
1056828,184
1140717,183
1289609,175
1355546,172
1104076,177
1172744,206
1031169,172
1242193,161
1145750,144
1050897,90
1272957,114
1122296,24
1152640,24
1183320,30
1436037,46
1110617,62
1028234,55
1061389,41
1272403,45
1034465,42
1040003,45
1163226,504
1031803,488
1429552,483
1126332,491
1204816,499
1356232,445
1017032,566
1074980,583
1405502,524
1012125,429
1169730,578
1326969,519
1290989,519
1324687,536
1435521,1091
1424670,1190
1217911,697
1445424,607
1307778,551
1109546,445
1322878,229
1050289,241
1361083,210
1159200,238
1180812,224
1378506,240
1287932,257
1314601,300
1360376,348
1316856,186
1401754,114
1091471,92
1300817,116
1193216,105
1060409,117
1209654,114
1282653,137
1425189,150
1361061,143
1099961,113
1476887,49
1108169,46
1344879,43
1017490,38
1176469,87
1130081,71
1058797,40
1296440,41
1341876,36
1042340,30
1480288,87
1388976,89
1119648,98
1321873,104
1261615,98
1427961,99
1363989,131
1410687,146
1431485,144
1457142,122
1190838,33
1280906,34
1123939,35
1338164,31
1455555,29
1478284,29
1151232,27
1129758,26
1436307,42
1144232,93
1206831,70
1035382,60
1196146,57
1260615,54
1312498,83
1136753,52
1489232,52
1035832,41
1061276,234
1015088,220
1292002,199
1285083,226
1343995,226
1304918,211
1017601,273
1180813,278
1169611,309
1346633,258
1207310,95
1452410,101
1318219,103
1260006,104
1372927,109
1133760,111
1075937,119
1025820,142
1310403,140
1030704,113
1415287,42
1180965,40
1113679,265
1357660,311
1161674,40
1334489,38
1069619,57
1315618,48
1274761,41
1185715,45
1281482,235
1185994,225
1101359,256
1224536,256
1416326,415
1489036,407
1432032,370
1485473,231
1191888,284
1140077,255
1307302,56
1177684,84
1331883,72
1425911,112
1293866,75
1062563,52
1201874,71
1153088,62
1234655,65
1157099,41
1161036,150
1135545,156
1442958,161
1314621,128
1388384,239
1227978,142
1301241,164
1184839,144
1046279,169
1167856,143
1113162,82
1384889,98
1442329,97
1199138,96
1401990,97
1238679,79
1464254,96
1140293,102
1457212,57
1189272,59
1271696,303
1139577,288
1148826,309
1317428,268
1018320,278
1099215,273
1402594,360
1180246,298
1047356,287
1486518,243
1223600,425
1358943,1519
1092417,397
1198010,357
1048692,456
1184868,430
1302853,3289
1011499,2525
1413467,351
1233653,288
1434166,32
1432772,29
1496055,26
1399699,27
1037988,24
1104148,25
1193669,24
1279111,23
1121988,424
1115180,428
1008616,427
1359199,400
1466525,419
1060044,387
1237487,475
1445380,508
1070424,466
1324840,389
1210001,243
1406512,240
1476709,225
1469794,248
1227316,245
1434845,242
1026204,307
1325430,268
1311405,315
1487564,274
1012771,96
1492039,102
1409644,108
1069560,111
1230159,111
1451740,119
1223669,125
1480159,141
1329548,141
1008093,112
1240273,73
1245225,73
1103636,75
1309363,78
1095731,75
1444210,90
1270167,114
1040828,136
1271717,98
1112011,86
1123214,1425
1038791,1402
1134852,1404
1403461,1459
1002912,1524
1089089,1475
1082554,1567
1353572,1629
1015394,1726
1320654,1608
1450412,27
1346636,26
1142017,27
1232162,25
1258738,26
1440844,26
1355348,25
1047465,387
1052061,361
1246412,339
1305157,281
1412668,562
1196150,494
1023855,359
1497263,328
1163695,290
1447975,295
1083097,192
1181871,1698
1040695,206
1063801,173
1341226,208
1009874,172
1079968,2363
1331936,2031
1325121,190
1370183,181
1161630,915
1021993,889
1179517,896
1332254,944
1319159,962
1356974,967
1290939,1121
1401750,1155
1064767,1183
1070383,1062
1105919,67
1270179,64
1026319,55
1032990,45
1166528,39
1156987,44
1015916,32
1448825,28
1212228,30
1301184,28
1201561,26
1315874,27
1291984,26
1364501,21
1410066,26
1349184,491
1130619,441
1096780,445
1352350,460
1467630,1677
1225027,1929
1319162,646
1196160,564
1304965,2603
1163371,1943
1410444,51
1447902,98
1220066,98
1395996,106
1050155,65
1405958,42
1460942,52
1156794,52
1259715,50
1290300,35
1407667,111
1268061,59
1435514,60
1118148,23
1110023,35
1016117,37
1057728,33
1269429,33
1398750,31
1307215,38
1053207,167
1381358,168
1255638,186
1176118,177
1043550,173
1369209,161
1359946,193
1311666,182
1064580,200
1006230,166
1415441,23
1178941,327
1146905,210
1344481,41
1495378,38
1337557,36
1246312,259
1171690,278
1445691,283
1086007,268
1304601,489
1292707,320
1350725,362
1126286,337
1167983,322
1340967,269
1321976,36
1088772,37
1446950,38
1210886,33
1321519,29
1454833,29
1231250,29
1060841,29
1063119,25
1368987,23
1106904,107
1345120,110
1121990,119
1432624,118
1306602,118
1096748,123
1346881,136
1417343,155
1248441,161
1369427,132
1034885,236
1188905,233
1000505,231
1155391,230
1175738,247
1346234,237
1177275,279
1379838,294
1492943,305
1308976,251
1086708,222
1137260,201
1412405,190
1407411,210
1333872,228
1469078,209
1445891,229
1306540,209
1015130,200
1306586,176
1288584,120
1216944,111
1394355,110
1285022,105
1462965,101
1205977,111
1349950,123
1340917,109
1191343,93
1262924,83
1106662,257
1095231,255
1210181,192
1032488,171
1351353,318
1277125,318
1277374,275
1030600,211
1497254,189
1294314,212
1120835,60
1168918,98
1010155,82
1219862,78
1262985,76
1489334,100
1272770,73
1139055,65
1005607,58
1433314,115
1145467,117
1375025,120
1095276,124
1187504,141
1167315,107
1162925,142
1129751,152
1154706,150
1428567,125
1432009,221
1119531,198
1430629,208
1258284,264
1404233,180
1059406,202
1141667,242
1354571,230
1284851,204
1266965,181
1403343,213
1050693,174
1389483,207
1028926,212
1164432,344
1022069,335
1424160,321
1466699,200
1013907,256
1325027,194
1111122,758
1152573,711
1139647,661
1194544,748
1473726,738
1357020,662
1226117,805
1018768,647
1259325,625
1497891,489
1011931,334
1108509,108
1137755,120
1313978,121
1154103,159
1023140,163
1398600,147
1300190,162
1019457,181
1443796,142
1251406,509
1077955,497
1432633,490
1135634,459
1053800,464
1300651,431
1403400,532
1084536,459
1422024,418
1067466,356
1181335,30
1407215,224
1250390,176
1119553,29
1431014,26
1141140,38
1362663,26
1258340,41
1477586,76
1232549,73
1421415,75
1499661,88
1390906,82
1392104,67
1341715,83
1459707,80
1213952,59
1319632,52
1284837,683
1493378,660
1108062,644
1199115,624
1234045,660
1150824,618
1195695,746
1437201,769
1332203,731
1025247,608
1350211,1217
1108160,1053
1306384,974
1301386,1123
1359640,2382
1065859,2552
1461969,1081
1456556,1088
1186540,976
1188205,804
1062543,408
1398189,422
1466289,406
1184561,433
1388769,446
1022676,451
1107883,523
1457400,538
1084848,529
1301668,443
1191468,115
1043523,100
1106934,118
1232746,106
1150178,115
1464884,107
1454215,133
1276479,142
1157583,143
1435668,120
1061430,172
1289127,163
1205864,172
1239910,159
1410666,385
1312333,245
1485353,137
1257696,163
1103602,155
1380060,133
1078789,118
1258021,102
1033797,130
1351003,109
1258210,110
1050711,123
1134300,149
1385089,144
1353835,151
1121782,120
1417469,40
1399537,39
1357556,35
1173518,34
1165681,33
1135715,36
1461113,31
1162104,88
1140483,160
1256636,146
1226418,128
1426747,132
1229906,116
1177248,157
1438430,97
1011649,105
1495463,90
1123146,479
1283686,527
1013187,506
1209472,571
1074286,565
1182203,494
1270377,669
1129511,512
1480157,607
1036327,523
1336480,123
1230167,129
1161027,130
1474084,132
1018008,135
1078258,138
1191793,159
1463167,181
1209802,190
1316201,157
1480252,44
1157948,48
1484457,264
1342379,267
1008085,37
1235730,52
1021989,56
1450107,55
1347721,358
1025278,356
1179188,344
1087166,346
1157826,506
1249459,673
1180417,726
1120848,343
1014416,375
1424299,336
1103877,153
1410995,209
1106286,208
1079826,236
1299309,189
1156239,126
1167739,169
1035520,164
1474882,157
1436002,122
1106947,100
1038730,115
1007039,107
1109602,85
1307498,128
1163586,165
1454022,126
1319449,104
1221686,99
1450663,83
1278837,110
1430956,107
1058059,116
1391914,114
1284694,118
1047034,104
1128200,130
1362834,138
1372825,81
1261755,70
1114322,512
1169375,507
1242200,498
1477386,483
1394203,509
1276366,466
1138700,563
1009855,524
1375467,480
1495420,443
1494572,823
1443408,3002
1046238,705
1046430,636
1258929,716
1162336,676
1119487,4239
1390966,4001
1207032,597
1277215,515
1350522,67
1137795,51
1002793,54
1461455,45
1171371,35
1322633,38
1164057,44
1440801,41
1490055,35
1193418,675
1198884,629
1410268,590
1319050,598
1201688,618
1309747,573
1445768,717
1161906,740
1010865,723
1362178,609
1335657,449
1371464,429
1322076,466
1192580,450
1315446,481
1477854,471
1198926,505
1206563,555
1342655,547
1290673,495
1223905,109
1266392,111
1291976,109
1164193,116
1394245,115
1414710,116
1006345,128
1152630,150
1332072,156
1387257,125
1099622,122
1224371,118
1078580,125
1354327,125
1069327,130
1290290,131
1036858,158
1410348,169
1330379,147
1065783,121
1185434,1750
1101049,1717
1101699,1670
1089294,1756
1480593,1798
1339799,1801
1261433,1972
1397430,2017
1083089,1961
1138673,1961
1088540,42
1085191,44
1338003,44
1203469,37
1255321,38
1178671,36
1061782,38
1346062,39
1088986,29
1410375,372
1103878,364
1415587,349
1320629,321
1259587,613
1435587,674
1222378,449
1148437,397
1307388,364
1203171,337
1023532,293
1429992,2138
1020444,374
1217757,259
1323110,301
1428418,264
1339749,3365
1300869,2802
1077843,222
1490233,214
1266519,965
1137275,1028
1266254,984
1125205,1040
1282243,971
1265496,1058
1269069,1215
1421700,1310
1095834,1370
1175473,1238
1478221,65
1387281,64
1446736,66
1040382,72
1130883,70
1218824,57
1315250,73
1148711,76
1169207,44
1192336,47
1258982,59
1126069,67
1316507,71
1171598,55
1418313,53
1290649,45
1390837,56
1197163,52
1030401,45
1483696,36
1129265,68
1012371,64
1415273,66
1070312,54
1345540,55
1336029,57
1217162,61
1272790,63
1301604,44
1405386,1197
1167724,1145
1126396,1136
1237585,1197
1405719,2978
1406813,3048
1285817,1448
1386434,1550
1062686,3738
1258300,3890
1227192,93
1404963,153
1175735,170
1104176,221
1222583,117
1080833,91
1088693,102
1272865,94
1476491,84
1038852,69
1139472,109
1112793,74
1175594,73
1298517,24
1255481,38
1080589,45
1128383,36
1201129,44
1136805,223
1311206,209
1041160,210
1117290,210
1136497,207
1126149,208
1014383,254
1363114,242
1421040,241
1355617,204
1005745,289
1498006,250
1009210,32
1430653,30
1214827,51
1222373,44
1371009,37
1053905,41
1364079,263
1115318,260
1454707,272
1012151,354
1402108,317
1136298,308
1196671,383
1173061,347
1275935,347
1316352,291
1160060,73
1029300,73
1202641,69
1305385,59
1392013,53
1473273,52
1210621,57
1385103,56
1483936,47
1127484,41
1334472,132
1364248,128
1349737,138
1487287,135
1426756,140
1459447,146
1224526,162
1127290,188
1114943,197
1179480,158
1353114,623
1253464,623
1242076,634
1340873,672
1412456,672
1210302,701
1404230,835
1199301,882
1323295,881
1325558,823
1435797,293
1230293,315
1476138,324
1378907,427
1463942,329
1066858,317
1141573,387
1482473,337
1315422,358
1154170,308
1098408,93
1466943,92
1001101,96
1219612,92
1165887,90
1125271,87
1413674,97
1425133,122
1104431,92
1468731,79
1268382,167
1212416,167
1258074,163
1443392,141
1297279,236
1354271,269
1349257,191
1085416,178
1458913,167
1392222,148
1252749,147
1205708,226
1268510,216
1407369,198
1305864,212
1396943,193
1399299,260
1314371,185
1099354,194
1339781,150
1091951,193
1414650,186
1122981,192
1030360,202
1272696,188
1146788,195
1056095,233
1406516,242
1021686,232
1005332,211
1225674,275
1334883,297
1138288,307
1175267,344
1463904,366
1357643,297
1361886,392
1115214,333
1440633,332
1173767,300
1195122,197
1078493,214
1327218,206
1076853,211
1416374,305
1383696,412
1028933,523
1161361,230
1073713,267
1287364,222
1363184,826
1199993,770
1497719,741
1027254,888
1033201,906
1105714,806
1088152,1006
1105750,791
1001499,795
1445468,652
1171323,576
1164578,231
1457732,272
1305267,292
1051084,279
1356816,282
1374452,335
1464106,355
1165966,378
1439454,300
1405793,635
1087935,587
1482706,576
1391417,557
1352442,596
1445173,536
1194190,655
1492896,598
1044219,535
1047140,468
1270897,32
1314522,41
1377865,338
1347818,209
1124731,34
1487297,46
1378911,35
1461034,43
1172455,97
1256536,94
1089322,104
1155514,104
1086787,102
1322050,89
1314452,109
1397380,119
1127289,70
1205071,67
1051139,275
1252119,156
1442758,157
1316588,147
1026142,154
1456297,152
1303542,160
1376226,133
1124573,140
1214594,110
1413230,148
1288873,149
1497306,168
1045529,114
1211162,314
1363689,392
1353804,276
1224929,159
1087629,296
1007589,265
1158737,76
1372362,73
1219920,78
1103872,71
1397755,81
1402368,77
1481384,116
1303248,106
1493585,109
1207746,70
1141137,24
1087160,26
1159717,25
1474172,44
1162341,43
1131373,23
1459844,23
1246489,111
1496832,105
1383829,119
1252476,109
1249332,110
1480810,100
1096564,137
1298371,147
1482350,159
1239703,127
1314748,14
1145540,14
1351129,14
1029384,14
1102053,44
1078797,72
1270116,54
1195405,49
1431006,45
1036045,61
1323407,45
1071612,49
1412128,52
1329839,14
1122832,61
1160992,115
1198402,109
1311634,131
1475918,108
1310608,49
1402246,55
1148436,51
1156317,41
1413495,89
1392268,90
1223784,102
1230218,80
1277563,96
1129549,94
1036213,98
1038824,96
1202518,87
1059545,70
1011440,223
1477503,191
1130262,142
1346600,144
1339163,155
1204193,162
1159117,193
1210989,156
1392125,147
1469797,127
1359351,485
1090440,1116
1398868,507
1370143,453
1312652,523
1299021,484
1105415,1932
1243449,1821
1372564,430
1123616,352
1278640,24
1161784,228
1274462,127
1110391,140
1083245,122
1321283,127
1249754,112
1053779,121
1034869,139
1429223,128
1479594,80
1065649,21
1247475,21
1017376,22
1069813,20
1146173,24
1046576,22
1070359,22
1261208,18
1295739,152
1371494,162
1242910,155
1297462,147
1408420,170
1468795,157
1322980,195
1278810,226
1286425,233
1287421,175
1137875,115
1066080,105
1421641,106
1365140,98
1095442,114
1076755,99
1404791,108
1035671,108
1431880,97
1143822,81
1233267,177
1394833,622
1179749,239
1296432,167
1442048,175
1285582,154
1402829,1413
1272532,1245
1484749,160
1118851,98
1009685,176
1103790,175
1081466,167
1067689,173
1320892,181
1425915,165
1265570,200
1117394,225
1131780,226
1242389,164
1049606,25
1345251,26
1033602,21
1353342,22
1099601,16
1242070,18
1165673,21
1272610,44
1304675,22
1111610,24
1103610,21
1119849,21
1025188,47
1452732,22
1198164,258
1159741,251
1495381,276
1279465,255
1089873,656
1126918,699
1193654,423
1392600,365
1007620,1037
1046609,673
1089220,43
1448499,70
1480977,57
1165626,97
1400690,83
1398185,41
1287476,34
1002446,35
1280812,29
1496509,24
1411840,16
1333737,22
1455813,18
1032114,16
1202461,86
1224855,71
1453460,96
1241492,94
1049602,88
1235695,77
1474850,110
1228447,130
1128513,109
1193256,100
1339264,64
1358351,54
1032540,16
1143118,18
1064557,170
1040647,167
1429401,179
1220103,166
1044804,176
1359148,174
1329120,199
1459893,180
1285114,177
1105654,142
1190701,23
1351946,21
1042350,20
1484593,18
1121456,18
1019250,16
1291968,16
1147536,15
1474772,72
1016615,81
1018551,70
1480247,72
1395898,71
1448266,64
1231701,83
1012670,101
1240287,94
1463854,77
1093731,510
1269050,500
1023961,496
1388114,464
1175925,470
1109214,445
1095490,549
1430226,477
1479522,443
1349727,372
1030237,22
1225930,114
1385412,113
1107223,123
1006102,105
1053334,140
1464589,117
1030302,127
1274071,129
1260736,114
1133680,99
1065468,47
1467769,78
1032172,69
1115458,65
1266940,75
1443467,62
1173395,82
1332233,64
1042157,62
1130326,43
1094332,22
1433395,23
1180934,22
1060487,26
1171147,23
1375433,27
1006863,25
1114839,24
1048552,20
1249809,390
1460215,423
1098302,423
1018556,373
1153013,403
1406628,375
1493850,463
1367571,379
1142375,368
1125901,309
1470260,29
1216773,31
1346299,30
1463665,32
1269039,150
1472378,147
1484598,161
1422402,140
1398699,156
1143869,146
1347349,174
1309756,128
1462779,131
1339369,101
1335552,21
1309956,19
1093896,21
1284066,22
1483726,23
1258953,19
1391442,158
1074147,161
1098053,161
1169805,140
1032075,145
1322932,151
1402445,170
1165145,139
1479434,130
1103124,123
1449517,17
1078767,15
1040825,185
1281373,113
1451370,111
1247939,126
1138400,117
1229203,114
1072744,117
1009271,99
1238845,106
1139373,78
1253878,368
1433742,352
1271361,344
1318816,330
1013289,828
1360747,809
1245642,378
1145973,359
1219376,369
1211106,272
1114881,55
1037344,47
1030428,55
1312113,54
1000666,44
1146575,49
1350267,58
1384048,55
1331565,55
1166954,45
1333239,38
1009910,42
1435998,39
1271673,35
1066592,67
1220416,57
1473341,31
1224761,32
1214246,29
1110589,25
1262540,34
1323752,37
1343272,48
1008406,58
1426204,50
1423852,53
1340706,60
1362799,70
1018544,55
1317712,33
1180122,32
1379374,32
1210748,30
1314686,30
1226697,29
1485349,28
1278322,27
1279690,25
1299263,25
1428130,65
1287120,55
1441706,56
1496140,45
1023202,48
1224457,37
1307990,51
1393706,41
1476089,40
1240676,36
1345447,33
1457860,35
1248698,119
1138253,97
1176245,33
1075398,31
1438275,43
1055999,40
1293041,39
1011525,29
1401432,141
1465418,138
1483716,141
1378475,136
1032528,174
1090692,182
1207091,211
1302076,153
1109560,162
1235803,138
1213514,65
1285974,81
1406254,56
1208820,89
1482217,55
1195960,48
1342435,63
1237820,60
1429024,50
1266035,40
1046904,85
1371198,80
1332404,84
1472665,71
1463208,132
1190516,133
1180232,82
1248961,83
1471954,73
1148848,66
1156598,89
1473807,98
1131135,110
1342618,81
1034517,80
1029594,70
1331308,89
1395057,88
1473348,62
1288937,54
1441890,201
1452815,196
1050471,199
1319582,178
1495342,191
1125330,181
1274663,235
1311575,196
1339048,185
1085391,159
1403092,322
1126737,625
1261324,303
1472510,295
1442794,325
1029656,302
1335249,1873
1283680,1634
1379654,298
1273760,239
1191899,15
1476984,15
1289334,15
1114108,15
1141281,15
1346518,16
1401883,15
1145177,15
1247809,165
1233056,98
1288355,93
1030091,89
1325706,87
1136765,88
1159283,99
1165972,108
1452428,86
1019402,70
1483718,155
1423393,154
1471097,150
1051052,155
1022326,153
1013503,148
1425115,179
1479423,177
1454891,169
1468117,167
1296483,303
1265643,324
1243332,312
1017985,337
1002910,387
1214298,356
1265634,453
1490788,502
1054015,524
1394286,402
1148358,27
1096127,26
1396438,26
1335466,25
1472716,24
1357170,23
1151847,24
1124932,137
1263980,138
1405603,135
1457882,122
1243722,143
1418093,174
1268970,135
1175091,125
1179357,117
1411541,104
1195341,160
1343858,726
1149711,143
1381929,119
1434781,156
1435147,143
1075399,1590
1215485,1177
1205968,112
1423129,102
1159992,294
1349938,291
1440017,281
1021112,296
1087316,328
1382875,296
1223460,374
1140043,418
1358812,431
1384056,310
1342187,62
1283499,88
1236942,86
1188311,57
1441301,61
1306594,53
1216717,63
1067885,59
1282886,40
1000233,36
1311852,84
1222345,66
1378449,39
1100820,38
1423483,38
1412050,36
1062359,31
1329444,29
1083984,56
1120774,36
1396398,49
1380584,27
1193984,24
1038260,40
1096751,36
1394382,33
1362855,23
1365771,314
1210842,324
1244960,347
1303233,644
1284547,1529
1161437,1222
1317740,464
1086077,421
1016409,1406
1188996,1112
1278915,53
1468021,56
1087191,101
1461999,54
1427004,36
1432803,41
1150675,35
1303708,78
1359559,50
1064015,43
1284449,24
1030923,37
1435938,32
1060856,28
1412869,27
1335568,25
1035831,23
1217335,38
1124524,38
1294240,49
1370016,52
1427371,60
1297702,49
1108874,78
1294741,70
1011365,66
1052867,20
1011799,89
1375108,80
1064800,22
1252259,30
1238568,29
1056683,122
1483536,121
1480346,141
1298778,126
1198542,140
1391592,124
1330306,134
1276537,132
1402353,124
1416208,97
1054533,36
1157714,34
1375702,30
1404614,28
1365090,26
1464373,30
1414357,28
1259160,22
1257518,124
1086855,125
1155554,128
1492370,124
1148565,132
1253739,137
1487411,156
1332302,167
1314671,164
1103515,123
1122707,218
1103679,241
1248120,244
1135939,242
1412925,236
1040396,226
1265718,269
1170956,231
1175645,218
1132794,188
1056722,94
1177655,89
1484447,87
1169645,86
1323495,82
1457994,83
1155386,94
1409690,89
1275226,79
1430027,74
1097512,104
1278606,99
1182176,92
1401690,84
1294690,171
1008247,172
1180958,108
1236313,100
1474566,97
1243283,84
1143378,47
1467572,51
1395698,49
1056127,43
1153514,47
1097871,39
1446962,49
1194289,38
1251230,57
1240222,23
1111500,93
1165860,93
1317781,93
1135395,96
1059630,95
1043255,91
1287061,109
1115066,111
1196696,112
1466154,117
1404278,170
1218127,187
1357828,184
1286946,189
1159274,175
1178338,175
1481479,208
1284324,187
1116325,178
1112007,153
1289683,132
1000119,137
1162607,131
1135134,133
1067483,170
1103070,178
1191139,214
1365136,156
1051164,180
1385999,144
1008440,199
1359692,186
1010337,194
1056526,181
1321568,193
1219292,183
1433307,220
1061618,163
1276246,171
1202816,125
1160436,111
1305800,78
1023318,90
1367061,93
1335602,91
1205053,87
1372471,108
1029950,120
1326414,124
1279850,88
1227875,308
1069980,303
1495290,304
1038896,275
1349870,275
1442117,279
1199882,334
1499647,284
1326814,258
1404384,208
1200189,26
1031655,27
1123469,65
1492791,24
1293873,34
1127793,28
1026804,30
1331929,32
1327940,80
1466241,84
1330314,81
1383693,92
1088604,76
1020884,66
1490846,86
1313483,78
1131997,56
1143391,49
1425882,474
1435973,343
1255329,363
1269710,349
1094190,368
1290576,336
1457996,434
1343838,405
1193872,356
1172875,263
1263016,421
1142936,412
1144128,440
1300682,388
1366778,955
1270725,807
1305979,465
1337785,445
1048223,388
1261923,321
1410135,238
1357911,215
1362697,227
1435716,205
1116399,220
1082279,214
1320535,263
1184574,248
1355189,278
1300394,206
1274108,55
1146546,43
1042812,42
1478834,37
1493024,76
1225700,66
1034437,31
1310192,40
1425307,33
1420788,28
1265438,158
1381530,139
1377302,150
1042953,138
1463037,150
1290141,146
1216489,173
1023277,176
1014891,183
1036389,147
1123588,26
1137982,24
1290815,24
1313954,25
1443431,23
1022780,22
1258137,51
1409965,70
1278238,75
1425828,67
1217136,58
1003704,55
1255164,76
1395186,47
1115897,39
1138371,41
1232649,44
1019322,247
1469891,246
1299342,30
1362461,35
1018204,55
1370089,43
1191951,55
1216596,35
1319105,61
1293933,61
1442076,62
1074410,60
1412637,84
1377213,88
1325614,115
1058873,73
1201538,75
1090414,64
1092006,104
1113366,145
1493948,136
1120175,180
1137339,69
1356946,63
1372407,73
1486442,73
1302946,61
1172140,53
1082298,125
1150221,135
1397772,127
1140032,109
1053049,149
1349760,133
1445268,122
1309908,125
1016495,123
1441001,107
1443270,257
1030388,259
1166420,268
1096295,235
1274331,242
1002232,230
1354780,298
1479882,253
1385985,234
1149204,192
1057623,353
1412835,866
1420561,316
1112700,287
1351941,333
1061668,332
1310851,2443
1304053,1750
1352827,260
1105191,261
1073338,38
1260742,29
1205947,28
1028104,28
1021162,24
1208304,25
1265589,26
1069778,22
1220154,295
1085877,260
1246917,282
1396429,269
1318103,283
1113641,253
1310037,316
1383149,285
1008601,271
1318291,196
1038393,96
1108100,94
1452155,95
1346627,97
1171357,109
1472644,93
1419717,114
1051295,122
1129172,122
1259575,93
1450701,392
1224760,389
1363494,377
1324577,426
1491314,470
1158272,453
1412751,548
1112151,594
1219827,764
1187185,653
1438649,21
1482787,21
1492355,22
1080700,19
1303897,19
1071840,21
1007028,17
1266357,189
1001960,202
1123252,185
1014522,175
1276354,380
1493476,278
1109491,224
1473460,211
1077871,201
1288980,185
1324265,159
1035112,994
1052770,175
1277335,148
1215978,182
1063075,148
1436856,1783
1448738,1282
1464317,142
1254705,151
1119729,377
1178379,377
1168706,378
1171672,413
1432899,449
1268541,426
1006145,519
1441960,568
1183895,677
1460906,608
1188111,68
1228717,66
1140317,62
1331594,48
1292643,47
1449768,50
1028507,47
1127166,40
1334493,31
1004715,52
1226758,48
1297773,49
1230585,57
1158190,56
1328451,45
1493704,43
1258825,44
1361685,40
1480130,38
1116522,335
1408421,341
1186097,352
1092362,395
1477329,1763
1453733,1225
1173815,562
1227706,489
1390410,2387
1133184,1909
1379437,45
1064876,93
1087207,89
1221083,118
1435425,48
1217777,46
1472769,53
1425021,50
1323453,40
1357754,35
1403993,72
1341505,53
1412612,48
1088156,23
1470729,33
1454734,32
1276891,25
1017785,28
1029297,26
1011377,26
1414821,149
1244720,152
1129605,165
1189914,148
1327944,154
1139728,151
1157061,185
1248368,201
1468695,186
1223120,162
1298566,39
1438231,39
1019113,200
1331921,165
1387698,30
1411389,33
1469298,52
1004343,45
1008761,55
1325331,47
1212642,127
1294647,121
1241369,125
1217149,127
1032147,140
1219775,127
1175440,142
1182013,142
1213041,139
1271942,111
1337117,31
1245831,33
1053654,32
1197171,27
1144802,24
1043869,21
1381072,23
1171071,21
1048783,18
1463108,233
1001682,229
1286957,236
1083317,227
1413058,256
1145683,239
1175281,291
1145346,324
1036709,404
1218544,340
1101610,357
1351558,377
1401050,401
1062617,391
1307656,371
1206410,356
1490925,410
1391911,357
1340955,331
1226464,291
1018136,57
1029029,57
1465478,55
1288816,53
1274958,51
1233905,50
1432851,63
1004906,60
1109687,50
1110286,186
1233965,197
1430108,176
1241891,163
1350034,359
1302694,265
1075807,197
1342142,194
1000429,188
1103152,175
1055930,90
1156896,113
1127311,109
1000085,101
1228116,110
1074082,101
1226267,106
1207668,98
1482926,100
1462202,77
1451314,118
1241621,126
1439785,124
1128198,127
1247376,126
1230053,122
1007110,144
1174598,150
1069511,151
1382684,121
1315755,299
1393509,319
1193820,342
1419813,329
1395058,316
1476749,305
1089646,356
1008397,314
1202688,300
1118090,244
1361990,128
1338782,124
1199873,132
1452537,129
1378521,162
1125415,165
1005390,192
1044864,137
1337110,164
1367705,136
1023497,353
1420872,343
1297788,342
1050978,328
1476707,364
1135907,324
1294289,408
1439672,312
1005400,333
1106965,227
1375660,82
1214818,60
1446657,69
1139069,73
1080378,69
1225400,67
1087184,80
1002928,92
1082837,95
1303408,73
1342222,307
1300602,298
1441282,297
1217675,272
1108498,280
1110838,276
1397560,330
1373044,289
1245969,269
1099449,223
1430079,31
1476280,133
1259451,140
1193717,31
1351136,31
1345768,44
1222106,40
1162888,42
1013213,438
1379891,387
1259771,397
1312682,404
1264722,403
1419650,384
1100432,475
1154554,460
1197778,407
1451525,332
1073524,794
1492503,765
1097156,758
1036028,780
1250001,1870
1450557,1649
1090506,861
1032054,847
1007532,782
1207482,621
1204818,105
1250170,96
1433375,114
1227077,128
1348980,102
1206710,98
1361864,127
1302647,129
1441050,133
1144575,106
1182843,114
1261157,110
1076108,102
1244122,101
1469746,154
1254766,151
1064331,104
1137161,95
1037024,76
1176682,57
1333742,44
1206421,44
1199447,50
1437393,62
1095013,71
1022502,52
1096667,86
1443356,85
1021862,96
1219773,65
1001694,38
1458319,38
1453928,35
1271876,33
1223179,31
1491332,31
1398619,33
1262833,83
1035721,121
1309705,115
1176972,104
1258259,112
1095494,106
1379760,122
1486057,105
1210597,68
1003757,48
1297446,45
1203897,153
1149983,215
1001057,44
1146776,48
1180036,61
1478663,52
1312163,56
1132288,38
1491279,154
1484227,152
1291300,147
1152408,152
1453476,296
1198342,288
1244347,240
1324684,212
1044984,180
1346952,152
1316400,209
1083200,342
1048200,255
1258790,259
1373316,222
1446348,214
1151739,184
1045943,191
1070522,167
1033219,131
1371044,129
1179641,125
1068951,116
1154773,106
1206027,123
1252042,108
1438934,112
1220519,117
1168203,112
1015629,92
1196482,147
1282002,174
1056173,166
1086341,120
1321524,121
1011877,103
1046443,130
1378361,126
1047794,84
1372137,67
1080908,285
1384303,280
1303454,271
1136324,264
1396390,277
1078618,246
1251281,325
1272811,288
1137638,278
1037638,219
1209858,580
1296504,1263
1089951,685
1418192,632
1303765,655
1101167,600
1126491,2533
1346249,2100
1329704,617
1020188,501
1054299,73
1407581,60
1151268,60
1243764,66
1061269,44
1115069,44
1278926,51
1178509,49
1266557,37
1473804,31
1272751,188
1087871,167
1476514,174
1328253,166
1370622,155
1113809,154
1438925,170
1389329,181
1108768,157
1081595,142
1075131,276
1309581,289
1043060,284
1363133,291
1024818,314
1376229,259
1493527,334
1389102,331
1355724,334
1215039,263
1268331,394
1030648,399
1033468,388
1452010,427
1164883,480
1265395,451
1214244,568
1307226,623
1425834,673
1105463,527
1037477,60
1451848,58
1203271,56
1010063,51
1167197,46
1252536,46
1344470,52
1252711,50
1066432,40
1086268,186
1320108,183
1091017,185
1457179,167
1173309,201
1349037,178
1085442,197
1196756,180
1173632,171
1331567,152
1222963,256
1499679,395
1010515,260
1025362,273
1230047,265
1374924,235
1373130,1969
1381535,1683
1069435,231
1255737,219
1058344,364
1414470,346
1252992,339
1115685,475
1421486,478
1320342,535
1021911,553
1251776,436
1320427,146
1031538,140
1489660,152
1452051,112
1227420,104
1144362,92
1331426,110
1040158,97
1255792,61
1378330,58
1302794,82
1411915,105
1302369,56
1134484,57
1419727,51
1321403,69
1028769,58
1313984,47
1056035,64
1221682,70
1002568,64
1255054,64
1181530,54
1247660,48
1151461,55
1043385,54
1154027,51
1313337,50
1449237,708
1420866,685
1230996,705
1036444,769
1158613,1704
1317168,1484
1066661,1091
1385189,996
1327428,2637
1212895,1990
1110618,164
1085758,191
1133637,240
1184081,242
1410147,160
1292973,152
1373391,131
1318034,131
1066826,112
1041770,84
1128915,80
1036796,62
1495717,62
1238113,24
1252052,39
1448172,43
1064804,33
1097704,35
1017698,32
1489247,28
1043262,61
1065768,68
1113838,64
1471676,68
1476130,81
1291979,58
1394751,80
1393045,67
1448276,50
1370348,45
1286862,185
1442399,148
1489786,40
1129044,39
1379305,51
1216016,49
1228377,53
1387910,38
1352055,169
1426244,160
1123307,162
1187131,167
1016479,160
1478596,158
1394265,189
1162586,174
1058953,171
1276377,143
1360068,83
1371280,86
1023669,80
1219542,77
1316408,71
1013880,66
1064488,75
1079799,73
1427116,56
1215881,46
1417277,182
1206235,190
1105979,195
1299770,199
1472997,205
1247176,192
1035903,239
1016929,266
1100790,280
1479035,209
1474849,364
1429831,334
1298145,341
1009025,360
1219314,346
1019977,338
1326829,410
1343998,369
1052262,366
1402114,293
1184166,142
1100491,152
1173954,154
1102454,160
1014336,142
1386947,141
1488697,165
1036702,177
1098488,143
1359565,129
1254718,194
1096729,190
1369718,180
1217617,167
1286578,188
1437847,172
1322492,187
1309498,169
1137040,165
1461366,135
1343254,138
1106393,173
1440560,158
1229099,155
1141119,156
1076364,138
1344236,159
1264716,150
1145320,151
1227743,110
1228572,319
1435819,321
1041203,315
1328928,309
1331644,319
1058015,314
1082947,366
1238939,366
1158689,366
1321731,293
1146271,386
1265318,340
1482215,355
1033033,339
1056742,357
1312218,336
1156082,413
1014030,384
1335399,376
1218567,311
1408337,256
1288784,253
1178037,254
1322672,268
1126772,425
1021990,433
1024324,405
1066118,356
1389581,315
1174172,259
1263405,398
1094102,386
1111871,384
1328174,401
1353691,418
1333805,368
1481693,452
1277844,360
1327740,359
1180851,245
1489645,343
1297802,138
1439742,156
1261421,152
1294183,166
1395845,162
1052419,190
1373422,211
1420267,218
1262326,181
1094044,518
1201394,507
1428524,478
1141719,463
1385522,446
1083350,418
1443671,522
1453498,454
1107034,417
1388982,354
1348122,48
1195043,120
1023820,121
1277956,41
1326556,42
1338236,52
1328575,48
1281640,51
1273491,36
1068138,138
1232383,134
1198565,147
1013266,107
1172129,117
1239868,97
1177634,117
1094700,132
1010401,76
1374959,65
1261815,274
1205802,200
1158437,210
1185619,197
1387699,205
1241704,184
1215503,217
1239569,194
1026880,176
1144032,131
1183974,160
1141626,165
1366149,165
1291788,173
1102782,315
1354607,276
1487646,200
1042342,176
1113528,151
1356527,126
1218491,68
1484322,71
1151767,68
1379516,93
1093013,89
1131842,84
1379192,69
1164653,26
1293396,26
1272003,25
1037765,42
1001642,40
1414348,22
1143714,21
1471305,20
1133739,89
1008228,80
1240884,96
1411585,84
1497767,88
1401894,86
1209535,103
1456302,109
1246946,100
1147337,80
1177147,14
1051057,14
1233695,14
1239403,13
1060753,33
1119891,49
1069032,58
1229488,48
1055325,48
1390803,49
1475741,48
1278947,33
1388606,30
1371081,69
1222683,55
1241053,14
1203040,14
1190765,20
1271271,15
1303527,19
1389418,25
1053095,26
1365299,22
1406978,51
1371746,67
1241146,75
1389119,90
1431115,59
1457241,44
1424409,45
1335563,36
1401836,28
1266690,26
1478944,77
1438086,84
1368420,72
1289617,65
1405882,96
1004738,79
1305073,76
1005418,75
1423957,67
1132799,54
1023989,126
1005046,135
1348128,143
1150426,131
1079960,133
1141648,125
1056058,152
1310662,141
1205504,123
1128779,92
1399692,150
1110338,266
1344252,142
1433165,138
1359495,128
1221849,135
1465226,839
1141860,912
1208459,125
1278981,86
1455218,17
1312752,14
1226109,14
1146029,15
1080487,13
1053540,184
1134540,146
1102820,144
1029112,144
1252841,137
1447963,128
1345192,144
1487792,132
1167627,139
1294557,105
1004475,24
1242141,24
1385315,26
1234172,25
1144864,27
1311445,24
1030912,22
1493213,16
1243020,280
1433764,277
1124103,264
1031825,285
1437782,324
1087645,288
1185456,355
1450862,372
1465438,373
1035890,278
1453860,12
1041241,97
1110918,89
1323227,95
1136649,90
1456699,113
1366403,98
1324878,100
1049721,100
1326657,89
1478019,72
1393811,47
1207811,141
1106883,54
1258707,48
1145823,52
1359971,676
1368559,734
1373869,82
1424334,55
1416839,207
1218844,207
1170492,198
1091303,211
1367373,225
1241826,208
1023270,253
1495450,264
1383578,275
1482218,196
1444590,27
1399766,33
1115507,24
1273428,23
1242533,21
1053728,21
1269124,23
1300935,20
1498558,24
1339600,24
1120015,24
1448047,25
1058173,22
1439659,23
1072117,154
1318647,164
1421019,164
1477029,160
1013006,605
1278451,504
1109484,209
1107714,299
1168641,665
1499828,539
1470180,30
1107668,47
1040244,62
1337508,78
1287186,74
1099744,31
1283746,35
1444198,34
1202765,28
1199433,23
1080300,35
1486308,24
1059653,20
1474599,14
1384693,60
1322554,60
1178760,75
1280994,67
1169970,71
1215801,64
1373619,85
1093145,84
1293553,79
1059909,66
1045506,17
1195197,53
1165390,49
1185989,15
1309434,15
1247782,70
1155368,73
1150198,71
1287438,80
1473418,73
1473086,89
1415610,85
1323180,66
1060321,53
1008295,23
1406013,23
1161177,23
1375519,21
1090722,17
1048023,17
1443046,18
1148002,16
1238277,13
1172788,70
1393553,72
1035358,70
1299647,77
1272919,78
1334372,63
1159056,96
1302378,106
1190534,87
1011587,67
1268964,189
1082167,226
1462810,246
1311154,212
1364772,228
1193167,204
1180673,258
1139384,226
1445987,199
1324588,166
1415824,105
1363283,114
1419755,109
1086173,101
1413277,126
1016959,101
1483464,103
1395407,109
1158140,99
1167044,79
1473056,83
1248411,105
1087749,91
1270524,86
1470352,87
1047720,73
1296849,96
1433596,64
1078212,68
1075257,38
1171351,31
1283654,32
1123687,33
1304243,31
1484480,29
1135766,36
1267957,35
1050543,34
1144794,24
1326956,139
1188873,157
1112492,178
1413955,168
1259051,181
1478797,150
1196861,180
1337536,168
1244907,143
1088470,123
1139397,40
1342523,41
1218415,39
1332894,42
1115820,48
1310215,50
1438038,61
1301300,42
1207357,46
1049307,33
1489999,191
1333839,179
1394740,190
1208062,182
1105498,202
1345238,167
1171401,212
1186923,156
1405756,148
1352556,118
1210059,55
1349592,32
1391378,53
1290510,30
1169717,118
1166085,121
1142943,125
1091779,109
1457944,103
1452906,108
1420162,119
1331177,107
1081036,83
1230194,69
1289562,65
1494991,70
1330838,16
1111071,17
1390004,253
1131461,184
1355543,189
1346717,178
1299881,199
1407705,169
1295754,210
1383355,211
1466509,173
1119188,134
1033089,493
1318359,487
1298800,486
1321396,477
1068992,1065
1142258,860
1272163,626
1187745,545
1156399,502
1044889,394
1057232,47
1320833,59
1369479,51
1006298,49
1064762,43
1129316,46
1035694,65
1470238,79
1083401,62
1370288,49
1375236,66
1295197,62
1376197,60
1113687,59
1041821,115
1108999,98
1171733,53
1416057,60
1195673,46
1227566,37
1319822,57
1473225,64
1002219,61
1427842,49
1356650,68
1312521,62
1343939,72
1224754,75
1361200,74
1375139,69
1261700,28
1432738,27
1316698,27
1180814,26
1168545,26
1321009,25
1424621,64
1210629,84
1141894,79
1457583,76
1375272,62
1475274,77
1318787,59
1115387,49
1354710,33
1117073,31
1021595,145
1153428,115
1153751,30
1436928,32
1054276,44
1037192,39
1026121,39
1281292,28
1342195,64
1384634,65
1360973,63
1448657,66
1210194,95
1463652,93
1356887,109
1456771,75
1005761,77
1263233,64
1081095,137
1295977,159
1490516,159
1045075,208
1484827,120
1336250,74
1158108,87
1336818,83
1433602,68
1330516,60
1119881,105
1489802,106
1161807,106
1483303,92
1017142,138
1063060,97
1066390,103
1199793,100
1285908,95
1014062,78
1090029,81
1100027,87
1168048,88
1122277,83
1239782,83
1274801,68
1150293,83
1050718,84
1187229,57
1481854,50
1115935,215
1379826,219
1034449,218
1494433,206
1314973,203
1299718,191
1050411,254
1313326,205
1457605,195
1028118,159
1163547,392
1222222,1012
1144242,417
1092325,369
1271702,465
1149836,408
1345268,1400
1261549,1452
1220364,373
1098869,316
1098789,34
1463302,28
1151283,22
1417011,24
1004415,23
1025892,22
1295957,21
1256602,198
1294220,124
1119592,120
1280859,113
1375368,117
1130751,107
1273306,113
1040504,112
1282341,115
1070446,89
1198253,184
1095728,192
1212520,184
1421593,189
1288418,190
1311286,183
1289986,220
1421436,223
1379297,224
1206791,173
1161084,291
1351984,309
1196384,291
1231951,323
1004647,363
1441493,321
1337172,487
1127689,497
1321298,524
1475476,397
1449997,25
1258363,26
1058379,26
1407103,26
1453903,26
1281020,25
1431191,26
1194658,159
1029622,159
1317286,157
1226194,133
1239666,148
1088324,143
1144598,143
1085401,137
1230963,136
1286715,112
1089771,197
1390452,342
1095968,203
1070305,202
1183331,203
1327461,185
1069534,1445
1292884,1273
1133018,199
1134748,151
1401228,243
1495883,233
1186113,237
1452283,244
1478258,268
1197751,241
1124970,303
1131633,358
1414498,372
1453888,254
1209279,77
1373404,91
1013139,83
1340194,59
1129388,66
1441579,57
1335268,64
1128265,64
1136500,43
1246191,35
1276289,71
1435279,62
1162830,58
1073000,47
1401183,46
1072044,44
1035271,49
1085183,50
1176711,33
1395665,41
1070135,44
1463031,28
1483255,21
1318108,38
1413088,29
1375547,30
1398482,28
1140432,35
1157084,427
1071457,395
1355774,413
1265739,449
1074567,1020
1448820,1072
1348391,683
1427610,632
1400131,1935
1405867,1374
1228200,97
1057561,123
1080973,102
1041492,121
1027189,64
1475924,62
1310318,65
1010555,60
1467609,49
1321932,39
1356983,57
1262915,39
1242479,36
1016202,20
1130121,27
1200066,24
1290975,23
1353668,36
1394143,38
1065122,55
1128401,47
1353148,46
1377111,47
1091560,63
1357578,73
1332402,88
1031326,57
1276097,23
1284109,23
1267460,125
1198100,101
1270388,25
1308702,34
1280892,102
1362773,106
1288832,112
1326830,105
1251729,113
1062043,114
1419475,111
1166145,109
1291777,103
1457955,80
1346194,53
1325434,53
1269059,48
1179248,41
1376126,37
1308022,36
1370470,38
1487779,38
1141792,33
1245821,26
1493372,95
1015693,98
1397319,103
1361853,147
1037616,161
1069003,115
1429561,130
1379641,158
1380619,160
1305515,116
1101987,304
1047110,309
1339318,321
1479870,335
1220382,312
1470691,292
1284825,360
1242012,313
1166976,314
1146827,228
1039223,75
1061702,72
1148419,71
1357744,70
1317350,63
1485381,63
1459186,70
1159770,86
1477445,57
1469635,55
1174890,121
1292473,126
1188656,114
1384836,100
1216650,166
1409048,131
1246782,118
1068780,112
1147387,108
1296580,95
1002279,99
1166240,82
1243150,90
1388951,101
1386008,91
1224735,83
1142767,95
1362483,85
1098955,66
1239456,47
1152313,127
1293336,128
1430932,127
1300078,125
1284526,134
1078971,117
1427939,150
1066486,156
1185418,157
1141599,122
1400215,261
1247779,243
1190162,259
1355682,252
1441240,251
1399620,239
1169123,277
1002043,252
1358854,240
1237549,193
1177959,154
1159030,156
1315155,151
1030152,159
1022652,188
1403044,195
1261360,240
1250564,180
1412208,204
1481851,154
1146927,217
1309361,210
1466185,225
1061824,208
1151262,249
1319965,203
1140038,269
1483664,197
1104312,208
1218581,132
1260659,174
1171808,89
1325488,109
1441608,109
1108947,118
1322938,116
1026148,132
1073403,153
1296867,158
1374201,119
1188533,267
1464491,259
1364844,258
1194071,248
1292957,252
1351452,246
1330418,293
1349506,254
1107763,237
1071025,186
1451749,30
1141262,29
1426163,120
1416107,105
1109049,28
1469962,26
1048165,35
1400718,30
1032396,32
1172572,27
1464617,75
1034668,72
1487535,69
1152696,81
1389891,63
1261414,64
1397480,76
1104924,55
1168000,52
1373268,45
1072684,398
1103729,364
1207433,369
1105905,368
1359815,392
1222246,349
1452554,444
1238125,457
1101607,418
1472622,321
1080956,508
1044579,492
1250099,492
1049132,513
1230152,1051
1274608,1125
1222984,601
1245282,556
1419732,506
1356967,398
1357398,145
1377246,158
1416156,132
1007490,146
1244788,116
1294502,149
1083790,183
1240964,178
1353443,203
1404746,171
1495669,94
1363126,78
1194682,76
1249099,69
1169404,79
1389391,70
1228033,93
1356727,93
1063529,96
1123761,94
1217656,49
1473669,50
1309566,47
1087211,44
1172247,117
1354486,72
1422321,43
1331642,46
1030455,40
1320982,34
1322377,96
1337290,101
1196913,86
1460320,79
1153742,86
1462187,93
1478440,118
1329534,125
1221070,114
1030670,97
1047663,19
1097854,19
1115528,19
1440671,18
1243528,50
1331317,86
1473731,78
1261584,73
1017120,83
1414341,68
1390714,84
1111735,59
1113139,60
1382163,41
1077114,165
1363975,187
1421658,161
1308751,127
1092608,173
1337744,93
1463499,273
1160082,275
1370253,261
1228452,181
1372445,85
1460621,93
1057891,102
1305397,99
1147034,106
1367941,102
1222993,115
1353139,129
1386779,130
1147372,106
1474421,28
1490720,30
1005087,183
1087532,187
1232497,25
1179522,24
1172252,122
1258413,128
1028216,127
1212479,130
1258609,183
1411597,173
1344894,208
1340890,128
1294652,152
1221638,124
1013719,85
1048034,162
1359469,159
1025208,182
1420334,120
1123336,64
1127683,80
1427154,79
1374026,73
1224238,59
1281588,92
1058708,82
1249152,83
1496799,71
1368119,146
1065633,137
1181948,86
1403753,90
1242671,81
1141635,68
1134020,63
1200607,71
1414515,77
1063015,75
1195031,65
1385813,57
1052650,71
1288831,73
1338846,44
1363882,368
1012992,396
1127841,380
1145990,344
1058431,363
1086764,341
1470381,433
1209282,359
1475925,346
1034380,294
1467152,546
1465667,1333
1226596,476
1230945,443
1132296,506
1288951,474
1312949,2941
1079710,2654
1402174,342
1200214,307
1441014,32
1294079,27
1245940,26
1262561,25
1228009,22
1042616,22
1455308,21
1349678,269
1324969,260
1372061,276
1479677,261
1004495,269
1150150,257
1228822,309
1358085,336
1406245,318
1263663,122
1232131,157
1163541,110
1073589,155
1127608,161
1430822,163
1123111,162
1039277,190
1148728,222
1206354,166
1491344,68
1245780,76
1150550,72
1296322,79
1363297,76
1022421,72
1374992,80
1290071,89
1360420,93
1354178,70
1092576,63
1016837,58
1146781,60
1270326,62
1489539,61
1268557,62
1154429,73
1476508,94
1234783,71
1432128,60
1224992,500
1311411,503
1058810,485
1180280,514
1171237,586
1345370,524
1361205,648
1020415,639
1490702,667
1214923,580
1460611,27
1213443,28
1054892,26
1458950,25
1042596,25
1289149,172
1062037,168
1021922,158
1246387,148
1050369,342
1301966,307
1203616,190
1280359,180
1105804,172
1258734,157
1438001,161
1056305,1459
1275552,164
1200793,140
1020858,173
1050581,145
1348257,2536
1264375,2080
1489838,299
1442240,112
1268353,279
1295313,271
1086365,259
1072664,262
1271325,290
1468915,267
1396555,346
1082289,361
1471863,361
1288038,267
1302415,47
1126786,45
1317399,45
1371275,38
1459796,34
1439681,33
1366611,37
1031204,34
1483452,30
1476539,25
1410483,36
1491036,37
1269485,72
1233924,36
1477973,70
1235360,35
1331407,55
1358318,36
1025989,31
1043811,58
1415501,479
1049470,456
1266052,460
1074993,487
1430441,1951
1307721,1651
1478265,654
1268385,627
1103038,2307
1332843,1727
1073519,51
1461040,104
1471285,92
1040724,109
1249171,89
1452081,44
1146258,55
1044017,56
1006107,56
1221523,36
1344385,82
1436547,46
1192028,57
1028423,32
1021459,33
1391751,29
1058107,27
1029816,31
1202457,89
1325872,83
1006258,127
1482596,100
1477781,92
1043154,117
1099878,136
1233810,131
1032702,116
1480809,210
1038990,239
1410350,43
1087974,39
1360174,28
1471735,33
1139762,188
1480807,195
1251882,201
1042128,205
1440519,205
1417530,195
1484259,247
1253370,212
1018465,211
1029599,171
1361099,57
1072658,54
1217898,55
1231107,43
1293246,44
1228135,40
1415887,38
1426026,39
1362004,33
1375131,27
1298212,66
1157067,72
1295122,73
1274216,73
1252812,76
1088086,75
1261754,84
1333671,97
1318074,96
1232469,149
1183342,156
1029141,150
1387433,142
1038005,150
1412517,146
1358836,166
1099898,178
1323584,181
1009805,146
1159227,224
1223342,254
1464888,263
1450801,278
1493470,246
1377169,247
1032774,302
1456120,272
1210638,268
1042424,223
1350192,76
1440033,78
1351402,76
1114529,92
1432643,104
1293693,103
1293367,70
1383338,84
1003354,76
1154695,70
1136004,121
1307097,126
1071750,122
1390124,105
1013355,147
1475975,172
1437293,117
1243092,117
1369093,116
1145169,104
1063825,77
1295983,129
1459115,106
1131911,96
1143573,113
1115937,96
1452274,116
1086585,81
1254545,78
1497981,70
1416559,59
1125481,62
1276151,62
1370194,65
1357541,63
1079050,61
1165645,80
1217413,82
1092817,76
1277293,248
1485183,265
1094380,278
1315060,269
1493552,254
1434384,282
1019990,316
1279847,274
1089493,261
1439739,224
1189064,69
1361970,89
1308459,81
1336379,76
1024127,106
1485280,110
1146264,139
1163887,94
1050678,113
1198759,89
1342993,435
1055560,400
1107812,402
1267000,451
1163620,433
1062556,397
1029070,509
1035424,362
1039304,385
1355785,267
1252840,71
1170057,45
1380376,49
1441462,55
1053752,53
1337074,51
1116914,59
1234605,74
1040269,87
1326502,65
1242600,230
1271366,223
1125915,226
1473338,204
1349036,207
1100265,205
1350569,269
1466616,210
1379221,198
1326947,156
1473813,30
1395873,26
1027495,154
1002997,135
1452915,20
1239630,32
1069886,29
1151908,53
1401512,52
1333316,57
1070294,66
1171212,75
1152269,56
1372888,66
1425235,68
1446660,39
1365220,41
1106438,445
1149208,337
1053587,351
1470456,345
1447078,374
1049813,345
1221830,451
1032394,379
1141538,367
1367679,277
1272720,321
1481022,311
1212344,342
1222203,339
1318349,775
1120074,705
1065792,434
1313139,557
1400723,370
1344090,290
1461237,76
1086120,74
1232933,82
1317953,76
1153701,79
1457380,82
1177992,101
1243007,115
1132306,111
1102349,82
1479142,54
1380922,52
1330549,53
1285430,46
1163892,102
1175194,83
1471675,42
1425334,44
1128357,37
1219427,30
1493677,95
1395010,85
1247358,113
1240240,91
1259542,100
1218111,90
1336611,126
1303301,137
1012579,129
1153179,106
1118587,15
1026154,14
1426628,14
1395715,15
1216068,39
1258714,73
1216185,58
1427998,63
1368745,44
1221546,57
1086371,56
1392642,29
1447408,28
1206105,118
1268836,119
1286111,49
1198552,28
1388970,41
1346514,36
1441521,34
1247480,45
1490597,47
1000213,58
1019871,61
1346793,68
1321968,43
1163208,54
1238200,45
1079007,66
1402048,131
1020825,118
1324304,104
1422884,52
1395107,51
1315511,61
1280458,62
1016568,51
1389176,41
1187665,124
1016028,129
1462415,121
1020336,114
1316569,137
1383376,137
1429395,133
1353028,125
1143026,97
1009102,126
1022584,121
1020358,100
1330506,103
1137539,94
1028018,77
1163862,95
1230530,78
1131155,63
1090713,58
1179951,222
1457723,220
1306822,238
1169520,208
1497732,231
1165065,201
1004518,285
1216801,221
1167114,208
1327982,184
1315764,485
1237251,701
1465135,476
1205005,421
1121434,494
1440825,423
1023350,2146
1084568,1821
1207158,426
1489889,322
1171684,28
1099028,24
1145845,24
1076297,23
1322331,23
1243217,22
1429661,20
1197131,19
1176424,19
1416093,164
1442196,138
1020213,151
1302699,132
1364586,131
1303163,116
1180229,154
1341997,147
1147960,158
1305871,120
1239839,118
1160158,116
1208555,113
1060804,113
1074276,113
1433675,108
1301442,128
1012153,135
1283463,135
1011568,103
1487991,504
1173983,476
1455460,474
1093777,550
1284038,593
1398418,537
1100317,705
1050205,745
1355831,812
1205352,668
1117812,16
1187507,16
1011457,16
1269505,17
1092093,222
1272876,224
1383303,207
1458502,186
1023747,265
1069991,229
1471500,244
1476176,208
1350709,195
1335032,174
1076879,378
1062656,856
1426834,396
1458426,322
1329563,340
1486783,327
1460257,1930
1021535,1723
1299660,231
1355379,222
1460540,279
1109530,273
1140660,265
1015607,293
1039868,335
1179336,300
1156949,388
1416864,430
1229607,470
1488828,358
1357349,83
1444390,81
1063846,72
1146800,70
1178839,64
1257808,58
1279711,65
1173475,63
1142151,45
1453811,37
1127057,54
1373401,45
1418621,26
1464167,25
1099840,25
1441363,24
1009825,25
1486357,23
1078903,21
1337962,57
1376906,53
1218064,46
1104338,35
1079072,25
1304812,26
1125197,29
1422466,66
1352120,28
1047024,310
1102777,288
1083061,330
1251353,328
1149589,944
1097127,859
1495930,713
1385548,629
1215768,1279
1414645,1025
1068176,38
1364233,66
1364564,62
1423013,86
1116729,42
1123237,33
1232919,35
1230330,30
1142498,52
1389988,33
1215805,33
1034507,18
1036452,30
1175443,19
1337742,18
1010245,20
1288211,19
1267896,20
1346875,105
1199426,80
1240750,108
1138618,121
1149289,108
1102916,103
1017666,127
1106702,137
1487597,137
1098178,109
1331327,28
1462161,29
1073905,131
1000380,129
1138868,21
1033486,22
1257642,27
1047803,28
1246340,28
1014026,153
1315279,148
1188897,160
1165067,162
1065299,159
1010051,155
1435027,179
1196131,168
1197288,160
1251652,135
1439531,31
1496216,32
1186355,32
1177200,27
1455577,24
1090001,22
1208761,25
1226903,24
1423338,22
1103810,21
1421075,62
1210247,68
1322916,71
1385551,86
1189895,88
1358912,74
1134301,97
1337366,118
1024231,110
1081336,88
1334406,190
1312641,198
1478725,205
1330625,224
1322160,211
1493176,206
1401269,244
1322867,224
1119772,226
1046510,175
1150288,122
1324267,121
1441751,118
1390749,104
1181666,127
1036614,123
1004792,111
1391550,113
1163155,108
1413929,98
1205702,52
1454933,105
1220578,96
1343850,88
1387572,89
1117169,65
1209150,99
1019692,64
1441344,61
1254542,114
1136802,118
1176603,118
1340138,119
1321675,115
1214676,116
1294408,138
1361085,147
1487225,149
1476364,116
1396170,206
1439116,198
1029205,192
1340752,199
1401840,205
1329672,192
1147453,237
1017140,217
1295838,216
1422043,175
1105195,46
1205040,48
1240058,52
1365659,53
1222239,74
1370409,67
1273441,86
1262804,70
1175785,71
1422436,62
1187958,251
1109561,245
1434574,266
1033891,236
1424493,264
1188565,230
1089009,283
1447457,234
1192636,234
1227524,156
1478225,76
1415631,42
1455622,62
1260616,59
1142328,54
1181346,58
1496795,59
1093473,82
1033302,88
1226646,62
1143077,220
1117887,219
1167183,216
1389242,206
1238107,198
1466306,209
1250420,253
1271945,207
1181613,194
1066252,161
1374036,19
1492052,79
1316849,47
1161969,11
1255438,25
1437428,20
1142607,23
1010649,21
1102030,77
1117071,75
1175372,84
1095747,64
1179084,68
1074971,59
1167812,87
1229440,59
1414406,61
1271005,44
1224868,159
1497155,146
1330797,151
1280679,153
1299109,144
1078691,138
1102864,150
1377131,154
1045486,124
1271657,100
1013278,293
1163568,315
1035134,330
1453924,326
1242112,694
1328774,740
1482353,368
1046966,331
1276295,303
1253177,237
1260226,40
1411677,39
1250015,39
1337063,39
1043837,41
1308940,55
1458855,53
1263616,39
1367996,31
1473223,27
1410509,27
1201828,25
1029994,25
1132590,45
1283691,44
1320652,22
1347707,24
1024189,22
1401716,22
1273502,27
1059327,29
1125014,38
1174617,37
1311410,44
1163684,35
1396950,48
1264284,38
1287395,49
1199233,33
1238242,14
1399512,14
1081462,14
1383858,15
1449012,14
1146539,27
1225650,27
1387823,22
1025159,25
1389919,133
1366353,139
1462136,22
1329665,38
1230382,31
1311631,23
1368971,64
1253684,67
1083443,62
1493905,66
1217220,85
1147901,87
1166225,104
1073327,68
1428894,68
1220082,56
1476123,55
1227002,88
1354703,85
1157900,89
1133698,41
1222949,39
1349351,41
1085992,39
1402411,33
1168970,27
1000121,56
1309103,57
1030633,60
1021972,51
1187246,73
1285859,66
1120598,68
1027293,66
1345841,55
1172393,51
1005855,114
1244463,110
1262324,101
1230360,73
1426771,75
1169581,67
1440278,80
1406927,65
1473278,51
1224295,143
1232647,130
1159985,138
1439329,128
1371825,138
1308807,133
1056665,157
1355328,147
1033485,133
1167571,112
1250796,317
1071801,509
1429716,318
1106133,274
1435076,342
1262025,316
1227005,1498
1242523,1306
1212286,281
1459181,226
1427098,15
1312958,14
1014001,14
1481946,117
1452327,75
1097734,77
1134494,82
1162121,76
1294270,73
1363905,87
1465173,94
1120799,81
1313703,64
1484433,103
1348987,105
1178504,103
1242843,104
1258554,101
1270294,96
1051906,123
1107709,109
1322690,114
1366614,84
1117909,379
1387886,365
1344564,359
1155339,400
1270105,449
1299390,410
1402691,499
1435663,539
1499834,631
1185266,511
1237110,14
1116388,14
1106605,15
1473729,14
1166622,15
1029223,14
1018802,131
1030588,127
1230579,123
1000916,113
1163834,143
1062420,123
1037052,133
1302226,123
1005678,116
1095882,94
1313401,173
1401641,279
1146686,168
1343078,148
1376033,164
1259435,155
1131938,1065
1415856,947
1452412,128
1472537,108
1214618,284
1364865,284
1133180,283
1008164,300
1166614,328
1204365,297
1426744,360
1145434,391
1302570,405
1158968,277
1056709,43
1211183,46
1403943,43
1474539,39
1150521,40
1330860,42
1049031,39
1108108,30
1030576,26
1233091,40
1389024,34
1412346,29
1386934,29
1121174,26
1323222,25
1213475,18
1403371,23
1126656,16
1046942,25
1298678,21
1370968,48
1111518,16
1083594,275
1171318,257
1081759,289
1338433,268
1020719,911
1191824,817
1054201,395
1408379,353
1352836,1156
1126752,802
1068042,42
1268785,45
1489368,47
1060922,67
1292555,43
1215011,25
1114342,30
1174381,27
1398181,22
1267040,37
1213543,29
1491297,18
1487429,22
1321137,23
1152850,19
1449044,19
1293409,21
1420343,19
1216168,55
1393536,59
1172903,59
1040248,53
1027819,51
1302314,68
1380981,64
1496803,68
1315046,50
1232718,20
1420003,48
1391562,18
1009784,20
1055315,27
1454173,22
1281401,83
1097202,72
1132518,65
1291236,72
1406117,82
1346714,78
1191410,86
1275019,83
1250849,66
1451903,52
1430887,31
1298742,32
1390131,30
1419763,26
1070037,26
1081843,28
1091185,25
1089335,154
1018974,156
1089923,154
1061591,158
1372023,164
1089056,151
1443312,185
1165874,197
1441628,249
1188416,201
1289201,104
1275470,103
1119919,104
1063131,106
1320694,106
1188527,103
1004507,124
1109296,116
1045706,105
1154017,79
1249671,83
1135295,80
1265976,79
1385434,80
1155714,81
1430856,77
1148716,88
1404257,78
1426656,71
1008950,60
1129558,73
1491166,76
1138952,83
1054087,67
1288016,79
1440743,73
1355736,90
1409385,82
1412256,77
1408387,62
1170902,54
1278003,54
1430621,44
1096892,41
1095830,46
1156213,40
1480615,47
1188126,37
1178819,23
1230380,157
1346678,158
1277900,160
1420768,159
1206978,156
1175333,154
1488302,187
1355175,201
1190308,177
1161328,138
1124650,114
1022714,105
1295553,103
1401083,109
1173065,111
1198959,102
1054906,117
1181597,114
1468666,100
1486532,80
1240209,127
1182135,131
1212347,138
1192604,140
1453727,161
1344150,183
1293329,216
1247615,156
1230168,169
1218623,130
1106482,191
1224475,187
1008740,186
1413584,188
1072859,202
1136158,174
1278807,210
1499074,164
1120923,168
1370620,118
1368711,116
1210049,69
1043535,80
1446240,87
1092746,86
1399286,87
1277933,102
1104911,109
1483091,112
1265203,81
1233669,226
1090616,223
1384865,222
1195450,213
1044873,209
1370005,212
1433199,249
1117633,215
1357097,200
1034463,155
1018868,25
1160479,90
1498867,57
1486013,21
1088819,27
1055319,23
1433933,27
1188123,20
1373011,101
1239312,101
1203643,103
1165037,98
1474320,95
1220537,86
1426208,106
1009398,101
1244519,80
1469983,57
1026366,128
1368308,126
1065778,173
1119688,96
1360028,214
1497401,194
1181755,106
1339401,117
1098229,93
1079642,77
1240618,106
1454523,107
1127908,110
1137267,95
1432625,100
1090433,90
1173379,115
1020333,137
1261895,127
1356790,85
1111869,21
1464999,22
1291641,22
1238288,34
1398779,36
1382490,20
1313356,155
1098373,150
1445551,175
1161659,146
1234799,144
1430511,151
1118431,199
1302929,194
1019797,173
1292764,132
1185766,14
1401710,25
1134227,28
1322698,21
1005828,26
1148634,15
1401112,17
1396750,18
1265951,14
1386843,106
1004313,122
1041032,108
1370332,129
1482514,65
1497233,60
1178054,77
1369446,73
1284559,63
1300214,48
1269393,151
1092013,135
1102465,151
1237518,134
1354195,165
1438434,156
1033807,158
1395793,153
1038462,140
1346626,114
1423116,162
1009513,165
1170173,172
1425176,145
1137715,165
1359285,152
1193489,189
1377436,158
1487481,146
1098551,124
1187281,581
1430870,1142
1410217,580
1048131,509
1364347,603
1117008,927
1328770,1862
1345869,1460
1071799,470
1330035,405
1032173,16
1495208,14
1383002,14
1402872,46
1435861,45
1178853,46
1122331,50
1240938,37
1296533,63
1466523,66
1334815,47
1308211,16
1256813,17
1266863,16
1296573,17
1493672,15
1183189,12
1402501,75
1305350,76
1416500,71
1061620,87
1356623,86
1135009,73
1039371,101
1358442,132
1330108,131
1368952,87
1462550,14
1369178,14
1127368,14
1115599,139
1038256,134
1331730,147
1497225,130
1081286,154
1304131,152
1481379,154
1169752,146
1302845,130
1195185,104
1149992,274
1122208,814
1460719,333
1378323,250
1256770,261
1422410,322
1345825,960
1246051,1210
1090476,215
1450161,184
1356370,91
1245069,76
1295639,86
1305904,95
1292177,102
1317384,95
1121211,115
1021640,131
1210569,124
1442046,92
1321821,24
1064144,19
1453686,16
1167008,13
1039041,15
1498885,12
1184297,12
1093750,31
1450524,26
1318369,41
1076401,54
1343116,25
1145496,22
1351476,265
1052953,266
1076286,297
1093380,283
1261614,1016
1255779,645
1444017,434
1275886,390
1248091,1225
1182264,656
1338299,49
1369916,69
1102096,60
1095800,26
1198327,39
1250772,38
1160375,32
1107432,26
1060946,30
1042183,30
1369620,22
1122156,16
1175348,22
1363391,18
1063775,110
1495203,96
1101411,113
1092440,106
1145502,111
1466400,100
1079464,132
1049098,138
1142848,136
1213627,86
1343897,18
1036537,28
1243770,39
1180979,15
1039804,13
1369285,18
1054396,19
1278952,14
1377409,187
1360361,188
1377051,208
1164969,200
1140859,201
1291354,196
1358775,238
1346906,208
1013720,191
1292460,157
1244578,33
1474430,38
1322499,63
1365197,37
1362232,37
1371779,32
1264908,47
1458255,62
1348866,49
1013564,29
1247790,386
1475065,367
1091144,375
1401772,335
1055430,353
1216862,345
1087415,409
1363888,352
1353104,328
1281332,260
1006892,13
1498669,15
1181152,14
1246156,18
1185338,13
1179564,11
1271415,159
1079926,158
1491328,177
1370913,145
1150110,172
1289002,147
1154816,176
1161426,164
1425253,150
1055652,128
1366540,18
1466142,20
1282021,20
1471786,20
1471184,19
1158034,17
1044415,24
1190027,19
1025744,14
1449443,394
1091600,362
1252477,363
1368442,330
1061735,358
1141220,341
1014144,413
1228466,347
1235177,321
1463183,259
1198427,22
1362374,19
1319966,24
1076970,26
1072338,33
1324663,25
1099626,71
1184336,64
1239385,77
1367023,67
1220533,76
1268409,70
1409006,85
1365750,71
1155946,56
1049715,32
1140522,16
1308262,22
1075712,28
1318240,24
1046741,17
1442998,87
1143694,109
1499298,116
1351721,91
1336045,79
1416593,89
1493857,104
1105475,126
1449195,66
1093850,61
1340596,22
1011398,42
1103720,17
1067294,25
1046037,570
1165089,563
1065795,551
1046290,570
1158811,612
1485195,540
1263562,662
1450493,696
1081449,644
1280539,524
1222518,795
1395897,769
1491382,738
1027914,776
1159704,2239
1256817,1687
1227051,862
1191531,754
1284327,727
1423686,598
1049725,197
1215092,227
1495796,200
1438076,197
1128271,144
1481158,215
1063232,262
1057013,289
1367340,305
1093991,243
1351594,125
1370272,141
1485920,130
1020051,114
1102709,122
1069020,125
1072489,158
1428154,165
1119021,155
1294168,142
1428679,73
1018876,76
1286035,70
1189314,64
1401061,147
1408505,110
1256086,59
1471256,64
1046971,56
1339604,44
1004476,124
1179367,124
1282419,144
1314155,136
1480818,130
1213921,128
1054327,161
1402384,171
1489585,166
1284450,144
1095362,45
1295510,46
1079425,40
1127426,39
1492121,37
1275922,40
1444429,39
1028719,33
1234695,29
1157221,72
1279092,131
1177494,123
1087017,111
1466728,112
1439667,110
1360145,142
1419779,86
1433653,86
1163712,79
1187024,316
1441270,331
1477046,276
1323027,326
1411082,349
1195466,323
1263804,443
1062879,430
1008287,383
1456652,304
1277897,152
1496861,152
1070216,152
1136807,153
1244852,158
1122945,157
1042841,176
1283397,199
1394281,201
1425621,165
1199897,54
1058203,57
1083931,415
1141481,293
1475372,47
1111675,44
1257162,66
1122641,52
1006713,43
1242123,59
1140599,298
1287375,283
1106683,284
1178326,284
1062658,412
1442310,419
1031482,473
1274961,301
1193794,330
1173046,275
1073405,121
1388386,211
1015635,203
1265850,238
1275880,142
1255232,99
1087043,112
1369894,107
1271614,94
1423644,79
1365843,152
1277788,160
1331408,148
1366942,131
1131169,189
1319595,180
1083661,145
1468982,150
1437287,142
1346942,126
1387120,121
1274992,113
1334251,126
1042062,131
1347891,127
1224265,116
1052043,142
1334827,146
1073391,77
1152066,494
1291763,483
1419497,510
1343368,464
1406483,488
1387465,463
1292366,565
1050874,521
1305270,456
1267518,417
1488118,551
1150157,2059
1447158,500
1373666,458
1053742,520
1142160,509
1318873,3700
1405202,3413
1483332,452
1021804,366
1069078,46
1090320,39
1286831,40
1375719,33
1076781,27
1067044,29
1067311,31
1431689,29
1272650,26
1005375,617
1304158,587
1441552,563
1184251,570
1093975,608
1293881,563
1339191,692
1217665,704
1152701,676
1058476,571
1135586,350
1065825,363
1423534,367
1280440,375
1053814,398
1256199,409
1119525,427
1475701,442
1047518,462
1497173,331
1027610,113
1118499,116
1376750,124
1372751,121
1014613,122
1499206,125
1394950,132
1270313,155
1388225,166
1102682,133
1373049,132
1374934,136
1466642,136
1196961,139
1204608,138
1302893,137
1211146,162
1447746,163
1279444,164
1443192,131
1173972,1964
1350644,1908
1103990,1920
1093038,1937
1435909,2060
1158632,2021
1044666,2194
1022214,2069
1109852,1992
1103251,1804
1245151,41
1091280,43
1216346,42
1075875,34
1262452,33
1067301,33
1411464,35
1255011,34
1405681,30
1242338,26
1219724,371
1058377,359
1195401,348
1484640,319
1430136,613
1194693,554
1238795,443
1445130,396
1495302,370
1457745,341
1228826,199
1032558,1896
1116835,265
1281436,202
1392727,246
1107967,200
1497229,3126
1412855,2859
1176830,205
1181052,203
1026093,1004
1185453,1038
1315380,1000
1413823,1098
1010266,1109
1091121,1138
1126295,1332
1322521,1462
1345620,1468
1273456,1162
1017181,72
1437992,75
1342908,79
1028601,82
1396722,76
1467939,65
1149914,83
1399635,84
1012701,44
1244464,48
1386370,53
1216014,55
1368555,46
1113123,43
1345794,36
1119492,41
1111125,40
1412767,44
1450857,33
1173917,77
1155630,59
1356121,76
1050288,59
1162283,51
1489209,48
1351254,63
1216122,54
1321233,54
1378592,42
1243144,815
1179049,804
1122106,824
1128795,856
1161911,3398
1291485,2927
1164130,1089
1304828,1068
1375598,3869
1226809,2704
1055745,65
1373254,140
1254780,131
1064535,139
1262880,112
1210758,62
1241336,69
1340262,65
1179825,65
1194213,49
1408547,211
1221819,130
1075060,120
1122942,37
1101877,47
1394784,44
1193406,45
1286648,48
1422458,38
1375901,54
1108850,201
1315916,203
1474269,218
1054140,202
1120723,201
1305234,195
1301459,243
1376519,226
1134580,233
1485791,205
1451083,40
1445603,418
1484744,347
1038904,38
1031321,36
1407540,50
1039587,40
1156578,41
1312025,54
1040401,323
1114965,322
1104316,316
1112568,324
1428843,333
1230914,322
1075523,368
1488572,353
1070158,356
1326706,310
1088269,66
1056626,63
1103377,63
1083185,50
1311976,45
1494852,47
1424685,50
1365452,51
1144977,45
1487150,39
1269737,158
1220695,160
1260241,161
1413776,161
1096175,163
1028988,162
1163114,182
1379872,201
1434750,207
1149128,174
1050787,503
1393875,498
1012578,504
1198302,527
1145147,547
1088945,545
1031019,670
1451871,714
1484128,701
1403902,596
1230428,341
1258533,367
1461975,391
1051521,372
1449613,406
1301242,439
1388334,421
1462301,382
1256292,365
1375741,320
1272397,89
1030881,93
1389672,93
1082933,88
1255464,83
1180074,81
1476554,96
1316356,83
1492732,83
1086058,238
1028415,231
1239901,205
1252904,186
1201095,365
1150029,316
1353626,250
1480847,234
1008536,224
1335480,213
1401571,128
1090332,193
1387352,233
1457410,179
1463710,190
1023300,181
1303377,230
1370092,146
1226369,151
1125244,119
1435758,75
1449932,74
1115199,76
1384407,72
1478571,73
1074049,72
1205729,94
1437531,95
1214154,89
1128210,81
1472617,274
1484423,318
1379556,334
1151642,395
1491312,402
1154462,382
1126102,383
1016428,354
1395652,345
1008390,308
1099643,270
1405566,267
1334187,269
1144637,272
1223108,392
1104258,401
1476710,453
1175881,283
1457081,340
1336815,268
1179494,1020
1424073,948
1245852,894
1365636,1069
1106708,1074
1153454,970
1249506,1117
1172413,902
1444494,924
1478307,758
1391175,306
1013490,175
1085873,204
1115883,226
1368173,227
1471715,226
1016398,272
1077222,294
1165593,312
1491929,250
1384377,552
1032299,551
1202009,539
1439062,526
1265686,543
1051255,531
1424001,622
1280472,545
1294818,491
1388456,433
1416231,46
1083836,40
1331096,243
1368030,279
1345512,31
1292810,31
1087300,49
1343012,41
1161779,35
1319688,43
1333542,116
1486982,110
1107205,118
1390807,135
1466492,131
1334010,114
1270293,144
1074290,148
1041760,77
1445115,69
1264796,417
1023315,342
1210647,380
1426497,372
1235375,398
1350360,355
1469630,438
1277210,407
1146622,373
1036876,284
1425196,194
1491984,185
1344138,207
1283089,207
1170506,550
1411866,409
1194304,261
1113435,225
1237466,235
1271238,167
1363159,138
1364616,143
1429146,146
1464202,133
1068354,135
1005203,132
1414175,176
1481232,166
1129914,168
1238863,130
1008215,27
1411724,29
1245081,26
1484308,56
1202024,51
1052405,21
1042014,25
1000162,26
1027805,24
1311397,154
1477907,151
1216651,156
1123580,161
1417666,158
1002038,151
1084662,189
1489354,185
1158075,181
1042125,141
1251613,14
1168245,15
1160402,14
1422509,15
1158511,15
1147099,15
1320661,61
1384396,61
1132599,66
1146902,69
1261255,68
1257915,52
1345160,80
1337595,58
1390310,54
1062489,25
1063831,124
1255299,100
1413299,22
1168202,37
1057456,29
1266795,37
1169272,40
1102241,39
1211490,39
1399529,51
1378037,52
1040540,55
1146566,36
1331389,44
1315441,37
1372739,47
1421522,84
1259696,74
1129512,90
1067118,36
1438160,39
1051817,44
1499922,43
1111061,38
1066167,30
1314843,92
1347403,101
1212494,105
1279696,88
1138980,122
1198904,103
1222111,96
1438733,104
1398572,99
1319182,79
1185945,50
1093579,50
1032870,57
1214375,47
1177759,55
1274988,56
1427628,56
1142944,37
1384967,250
1061803,259
1465247,260
1378051,241
1009948,239
1480310,220
1382879,288
1456342,243
1010920,229
1056436,185
1429213,253
1382855,577
1200363,238
1084567,224
1498562,274
1469153,233
1037102,2137
1427400,1780
1409674,184
1459589,189
1341539,18
1358202,15
1082994,15
1280847,14
1137255,280
1449924,193
1146408,180
1109325,177
1089155,175
1260361,157
1069628,184
1476185,205
1304452,216
1456018,150
1168634,52
1050143,54
1448384,50
1492295,56
1368624,40
1036112,49
1483648,59
1406961,56
1386811,53
1323791,44
1334064,289
1474493,291
1452523,285
1109460,307
1397686,461
1436925,332
1271835,395
1266289,467
1172743,584
1028916,502
1315521,14
1072330,15
1337149,15
1275118,14
1162539,15
1196722,124
1490941,132
1040784,122
1294243,110
1352466,149
1452753,125
1050510,114
1115545,114
1188052,115
1071305,106
1247277,66
1052474,481
1108974,116
1371893,86
1367438,94
1449624,77
1484270,1161
1183169,1053
1286878,94
1144960,84
1053700,285
1196897,277
1100864,284
1095250,288
1314012,323
1177213,293
1312239,360
1371943,401
1269951,409
1124463,306
1490942,39
1170667,33
1143819,32
1179359,24
1475609,25
1027289,28
1378115,26
1021057,23
1449942,25
1249222,19
1208517,21
1062744,22
1243058,25
1293688,14
1100724,24
1439573,38
1373315,25
1222836,13
1335629,243
1278780,230
1067138,249
1438654,245
1115605,1104
1129879,956
1107382,373
1430066,332
1125215,1497
1053604,1082
1384170,29
1136582,74
1349156,75
1058093,51
1483101,26
1029890,33
1474722,28
1475193,41
1135844,46
1398655,30
1315808,16
1103978,25
1470282,22
1269302,21
1227936,21
1408686,149
1070194,135
1403968,146
1123130,146
1245806,178
1495941,140
1470501,165
1015807,169
1391639,188
1482372,142
1391156,19
1045104,20
1103952,119
1454713,80
1375968,18
1007084,14
1052745,26
1158748,121
1286519,121
1309602,126
1372560,139
1128131,134
1162379,123
1456855,136
1248994,142
1472655,133
1455569,106
1122155,26
1220591,25
1075151,23
1276712,24
1499384,23
1359818,19
1079711,92
1233988,95
1397501,86
1009945,92
1299667,97
1393892,99
1234576,117
1134369,122
1353368,131
1340396,97
1440443,405
1127755,443
1073642,458
1442597,435
1123801,407
1016113,405
1077256,486
1417275,422
1127001,384
1426278,349
1476353,24
1446591,23
1060246,142
1423262,157
1142875,161
1381048,139
1457123,219
1159627,160
1389785,153
1105548,159
1149460,144
1274740,134
1080233,43
1031203,65
1139190,73
1104740,68
1290913,71
1430451,57
1335989,84
1162693,72
1305141,53
1013437,55
1233671,41
1320120,41
1025076,44
1223519,47
1054214,44
1308065,44
1240654,57
1200050,60
1345355,60
1068268,49
1270445,270
1343543,306
1155966,318
1283403,296
1121260,280
1480060,281
1334159,335
1491288,287
1211269,259
1478541,232
1452943,46
1417264,48
1191088,48
1396054,51
1292602,62
1297445,65
1453344,79
1211395,54
1014021,67
1346976,53
1048031,270
1456955,266
1381063,293
1277432,324
1099897,289
1250071,267
1463021,333
1353948,250
1033537,259
1486601,170
1420868,57
1180967,33
1168582,45
1200756,41
1231412,39
1169013,61
1331116,64
1125203,61
1348911,46
1086613,263
1421320,257
1090620,268
1069506,241
1325531,240
1083569,235
1313290,295
1080704,241
1164623,224
1302218,183
1194353,63
1132414,63
1031339,297
1169426,192
1079503,207
1097103,198
1285304,218
1402825,174
1089017,225
1010820,188
1015441,183
1231147,150
1105986,245
1348536,234
1433325,255
1167618,199
1277541,555
1444093,537
1263410,270
1451230,259
1204224,236
1397681,190
1182144,107
1495363,108
1424798,120
1166644,113
1437121,118
1336858,108
1452469,131
1033949,147
1049040,131
1323615,99
1269746,42
1433619,40
1001640,38
1194935,37
1188770,69
1081277,46
1396237,37
1361791,35
1142156,29
1301647,25
1194788,88
1118413,82
1463339,95
1322713,82
1217125,91
1149362,80
1063625,115
1315041,124
1337564,114
1400460,83
1319113,15
1346923,15
1006410,68
1374185,67
1128146,61
1107192,61
1429267,56
1348839,70
1062422,43
1152761,55
1103794,31
1116108,24
1030078,25
1442249,110
1255211,101
1128793,21
1385567,23
1261731,28
1401816,23
1088743,31
1108362,30
1418907,30
1440868,32
1073521,42
1271078,32
1032225,42
1383271,30
1178834,32
1302037,28
1245159,76
1066967,83
1183823,92
1359292,121
1488400,79
1175823,49
1100095,62
1302501,58
1007438,51
1320986,39
1218892,103
1244188,106
1285096,103
1236380,83
1063163,109
1204772,99
1093786,100
1174817,96
1486767,88
1488426,74
1293017,47
1097133,49
1374574,52
1085531,44
1361255,41
1472554,43
1064428,57
1044578,35
1432364,32
1154515,132
1077412,127
1372989,134
1085876,119
1232949,126
1109936,121
1487950,160
1097184,138
1140272,134
1493015,108
1109605,364
1070941,934
1103072,384
1451491,354
1176188,408
1132187,367
1360286,1619
1008508,1418
1390829,302
1390931,268
1155697,21
1208514,15
1387955,15
1091512,16
1163909,14
1054161,14
1221242,140
1075306,115
1472117,116
1361785,118
1299678,121
1478932,103
1477313,124
1028047,120
1111646,117
1100366,101
1342337,35
1439494,34
1006332,33
1419759,32
1395664,33
1129361,31
1380842,35
1050958,37
1105354,37
1450106,29
1409427,334
1100468,336
1411863,332
1010693,370
1004925,429
1265382,390
1239027,484
1462013,529
1464784,567
1440692,423
1087631,15
1202597,139
1489659,143
1327758,136
1234609,132
1039028,144
1470903,134
1195946,137
1033329,134
1214830,123
1240032,106
1099603,182
1353172,591
1019198,230
1391487,173
1386397,178
1370849,179
1055063,1190
1398646,1059
1124512,130
1209189,94
1000264,261
1253533,256
1109365,256
1492072,256
1369989,293
1233753,278
1113550,326
1119683,365
1351878,382
1143262,268
1272587,28
1290655,27
1166069,29
1099209,26
1004210,27
1445895,27
1493529,25
1128880,52
1306327,34
1443388,23
1232007,23
1473506,23
1408066,25
1055072,24
1295169,22
1398942,22
1224218,25
1258934,23
1154519,25
1335469,26
1333990,24
1404629,18
1113566,22
1403272,27
1265773,298
1199865,306
1246934,351
1122674,322
1218607,1152
1117180,974
1395756,541
1200879,504
1354961,1289
1254236,952
1378973,54
1365889,52
1404113,62
1420948,95
1085578,34
1461775,42
1222138,35
1446108,25
1080246,26
1195326,16
1082828,91
1269378,84
1349534,117
1333349,112
1363871,103
1004201,110
1208483,130
1308393,134
1176480,132
1267608,98
1229780,22
1474801,79
1196064,67
1094602,21
1341838,30
1471444,25
1443416,29
1350236,23
1463712,123
1162339,125
1104304,127
1313355,125
1452462,135
1036900,128
1390732,131
1318748,131
1417446,123
1400458,95
1281325,29
1335270,28
1432911,24
1243734,24
1412550,24
1096371,25
1414904,22
1268663,23
1016463,63
1014561,67
1023254,57
1261641,59
1242929,58
1066835,50
1084108,65
1273171,92
1310686,90
1429564,74
1024089,192
1250260,184
1079833,183
1205357,183
1391126,187
1033330,179
1362777,215
1205882,194
1370541,190
1175659,156
1027143,36
1493357,123
1455534,130
1178953,127
1365007,113
1331624,136
1051517,125
1111575,130
1343235,126
1409057,119
1225360,99
1485114,60
1120103,81
1049722,83
1284522,82
1342647,84
1086255,73
1434155,69
1487073,69
1210002,53
1336168,43
1179146,88
1077679,91
1356561,84
1445899,90
1056607,90
1471104,85
1157790,105
1281062,108
1128363,107
1147010,85
1079844,174
1343311,157
1222710,159
1444309,149
1430049,159
1107484,151
1449523,171
1204458,166
1349810,152
1233956,132
1267409,45
1020645,45
1076446,45
1158633,45
1137733,55
1330234,81
1165516,49
1232019,58
1087910,47
1153545,213
1291261,216
1132971,224
1184517,204
1481481,223
1072917,204
1124052,248
1120927,188
1270649,200
1318939,134
1085957,58
1308794,36
1456287,50
1171254,48
1120570,43
1457111,42
1299687,46
1274831,52
1202928,55
1223002,42
1369030,188
1243985,189
1334645,189
1133418,179
1483507,178
1182900,183
1029886,214
1218586,178
1305277,161
1468483,142
1391127,24
1001197,23
1185326,104
1049627,54
1006124,19
1298818,21
1179858,26
