id,num_orders
1177098,839
1486011,809
1301735,778
1273097,765
1450902,791
1158165,740
1077876,878
1479002,968
1281555,912
1220629,777
1287288,1320
1149272,1308
1430093,1331
1157251,1579
1364131,3136
1227970,3029
1411427,1476
1033512,1534
1249878,1506
1449349,1326
1386036,400
1177651,403
1261268,396
1316488,371
1297387,402
1240915,324
1140431,459
1013079,481
1361178,478
1097810,376
1391435,181
1099528,184
1117969,185
1054117,163
1103779,152
1285350,152
1367217,206
1416683,215
1118412,218
1293675,178
1330467,186
1189762,202
1408479,186
1375495,173
1361615,328
1498846,247
1145843,199
1310857,196
1315483,188
1074295,161
1279057,114
1092985,109
1259030,129
1326687,111
1373522,128
1157350,127
1250173,140
1152295,146
1348202,143
1284570,111
1158868,30
1047566,31
1209129,25
1004886,24
1195396,25
1271245,26
1093884,24
1259014,24
1399101,206
1437934,286
1416330,240
1302476,242
1146657,247
1057285,234
1349227,296
1368165,208
1422379,230
1086047,188
1002589,657
1017711,602
1211204,556
1345688,595
1210501,626
1084025,594
1239272,682
1022695,692
1011110,748
1005560,659
1225988,110
1366211,112
1324708,115
1184103,115
1310794,116
1388767,113
1272864,129
1133154,153
1344662,152
1038802,132
1467437,75
1329046,69
1057669,378
1331479,305
1232705,66
1401490,54
1196960,98
1119175,82
1149199,66
1297151,67
1408811,438
1237636,412
1008635,445
1481250,415
1481724,797
1458403,786
1438049,778
1197105,478
1181471,483
1352308,426
1399262,267
1398440,336
1472243,369
1342553,377
1303872,314
1374742,216
1160087,290
1449481,261
1409784,265
1181977,232
1236099,180
1088551,194
1438339,185
1374498,161
1173658,198
1008292,302
1045869,237
1284400,228
1228589,224
1136450,194
1192132,222
1277023,204
1226033,217
1383481,218
1345596,240
1346637,215
1099736,266
1070940,261
1283616,167
1412687,144
1078901,774
1229539,695
1340614,663
1428262,640
1018915,671
1038769,631
1103105,747
1360988,723
1298022,682
1492789,577
1051818,824
1147532,2228
1246221,672
1000164,768
1315204,853
1268614,833
1303680,3787
1399880,3036
1494417,898
1272597,732
1418909,86
1396660,86
1175187,81
1317753,67
1034244,54
1040435,49
1349623,55
1431405,56
1179430,49
1176893,38
1449984,798
1292983,764
1115570,750
1200857,722
1344262,755
1203477,700
1187267,822
1044893,905
1220430,870
1320834,744
1198931,518
1430253,464
1196393,475
1480687,521
1097181,543
1499604,496
1408309,606
1053367,639
1066051,572
1073193,509
1161079,64
1134692,64
1444677,66
1417557,62
1292994,64
1461469,65
1382786,67
1259677,93
1148205,98
1325721,78
1179236,92
1447264,97
1007165,101
1094157,93
1037639,136
1043566,118
1071289,114
1230721,132
1281633,129
1381624,95
1134786,1649
1052017,1591
1209585,1544
1115016,1602
1101235,1777
1448019,1916
1315737,1962
1039269,1990
1436545,1966
1445418,1794
1252654,77
1067370,78
1415662,79
1423314,64
1367043,62
1234416,52
1368612,60
1175687,63
1126635,53
1215026,41
1307333,451
1077544,431
1461548,428
1155304,406
1076344,636
1479849,745
1337089,582
1436130,515
1097496,477
1095473,402
1397206,277
1132317,1464
1249794,301
1235645,271
1267815,283
1024354,263
1106620,2756
1277874,2334
1128160,321
1088442,201
1008071,673
1351714,697
1278748,664
1033118,734
1432496,742
1231141,762
1026727,951
1077204,987
1438728,1025
1424161,873
1232750,155
1240251,151
1324350,149
1315410,171
1492833,171
1136861,153
1295531,190
1280308,183
1167103,118
1389109,97
1355488,107
1216663,109
1363746,112
1128710,91
1042523,89
1110118,73
1290610,91
1145669,90
1286261,80
1325159,60
1011543,149
1058360,143
1007123,140
1412939,128
1014783,125
1113754,116
1273175,134
1248159,132
1457927,105
1115454,95
1214752,1504
1058556,1559
1353953,1577
1408738,1710
1483186,2827
1052629,2725
1466020,1605
1051717,1809
1431922,3673
1216601,3577
1238090,169
1214968,216
1079476,215
1165310,229
1176334,190
1012940,130
1250538,206
1199727,167
1467998,182
1007279,151
1061973,244
1281392,187
1023051,195
1158061,74
1142648,84
1404159,81
1348850,88
1379341,85
1403602,72
1229591,94
1009044,209
1066687,210
1167748,216
1075832,202
1151308,196
1262900,182
1080258,245
1497570,213
1316773,227
1173901,169
1020490,64
1054376,74
1066575,455
1428927,429
1195774,63
1482761,45
1359976,102
1054274,80
1197821,68
1048829,72
1273910,303
1238143,313
1474729,329
1350239,320
1440237,327
1105342,307
1001956,370
1114835,364
1115501,356
1184958,293
1155995,181
1040659,172
1311681,170
1433355,154
1271815,158
1242344,149
1200743,185
1436480,169
1279838,157
1251356,138
1076920,127
1489348,123
1249911,126
1429083,116
1014635,133
1274715,118
1084623,132
1486084,155
1007567,159
1005224,137
1018869,411
1079368,405
1093376,413
1041123,384
1430566,440
1040612,407
1392552,513
1281620,536
1005866,558
1037632,455
1386889,482
1173359,497
1367247,528
1482433,539
1257584,559
1114301,581
1421477,593
1010322,580
1366678,528
1190900,443
1268984,211
1082662,214
1341057,205
1198596,198
1360054,203
1316119,215
1182553,213
1312899,232
1279295,238
1179644,204
1195643,309
1400933,320
1006845,319
1244972,289
1211835,414
1245361,338
1205492,347
1459875,345
1369352,333
1279631,286
1197470,279
1364127,391
1473365,342
1413843,425
1116354,381
1185582,318
1359183,413
1259615,278
1175328,314
1017133,252
1073550,276
1052320,286
1218304,275
1403013,291
1213321,298
1059546,286
1037013,340
1030517,343
1413036,354
1010010,318
1446578,540
1465365,589
1026935,606
1117406,618
1304553,577
1221568,571
1385364,688
1387510,625
1020597,593
1419393,496
1003760,348
1207260,339
1110869,336
1146477,337
1207346,739
1408082,708
1376120,702
1407386,407
1497500,431
1194367,387
1272083,1080
1099221,979
1406384,937
1360566,1191
1050703,1234
1419040,1179
1255087,1343
1169109,930
1231535,1013
1475079,815
1121637,731
1286192,333
1076099,385
1135164,413
1243831,506
1247648,406
1080752,506
1006812,496
1205020,490
1281256,421
1185139,698
1297480,646
1051229,653
1012762,633
1005712,647
1290480,605
1107751,710
1448045,690
1320697,645
1343551,521
1465107,72
1041761,68
1359065,397
1083748,395
1174518,59
1309393,47
1173584,98
1362180,76
1402804,64
1379904,65
1234402,196
1232348,205
1186038,195
1228924,230
1420063,219
1224017,204
1456472,255
1387675,249
1043351,147
1426735,132
1190633,581
1234168,555
1187850,560
1461408,565
1324628,588
1043320,543
1112006,627
1431890,685
1142113,650
1473136,514
1129467,725
1440344,701
1199647,656
1329067,922
1310720,1763
1187699,2237
1490972,779
1188019,784
1393545,801
1196202,649
1289523,268
1306275,296
1123768,300
1495866,290
1251443,324
1112488,290
1248124,374
1361909,380
1484093,417
1137757,336
1049366,113
1442356,106
1344308,113
1057310,103
1450163,120
1249769,99
1328737,127
1358230,126
1245395,131
1227902,111
1141892,81
1023603,77
1009205,66
1401622,57
1056837,181
1399479,127
1380035,67
1187248,69
1052075,58
1190890,40
1224120,130
1083028,133
1435741,134
1227990,130
1102401,116
1494941,113
1405194,142
1160706,149
1389486,152
1475674,111
1117711,19
1268268,19
1084245,16
1436228,13
1044490,68
1119951,122
1148469,101
1040533,104
1182305,116
1058670,93
1069033,132
1052272,65
1102729,80
1439572,61
1091114,392
1066926,423
1042657,390
1126990,405
1135737,440
1264507,433
1220181,503
1483607,533
1465019,560
1142488,487
1103283,159
1398797,173
1198936,153
1206071,150
1148030,176
1293650,163
1200910,181
1285518,191
1080615,213
1254886,183
1083754,57
1462240,375
1135487,348
1018722,52
1172707,79
1162264,44
1086936,250
1207218,242
1040287,252
1430895,260
1029036,362
1338150,515
1352621,696
1068287,285
1032470,319
1455331,299
1244516,98
1327333,202
1077866,185
1157697,202
1359546,108
1083789,65
1186701,86
1307736,80
1169772,80
1423832,58
1052776,146
1017418,152
1084980,139
1049695,111
1152112,277
1073128,216
1400065,185
1078686,176
1442361,150
1438146,143
1229328,61
1154798,57
1258593,57
1214967,66
1415050,58
1249408,52
1217205,62
1403443,37
1323989,507
1063221,502
1375428,494
1171835,471
1175458,510
1022677,468
1064513,587
1141542,523
1254313,483
1429469,403
1140772,637
1473886,2041
1040538,523
1300105,554
1254975,588
1468203,601
1147088,3355
1225845,2850
1449493,618
1168141,449
1472121,41
1486257,38
1290578,35
1323798,30
1176875,21
1329642,23
1060343,23
1217405,22
1290002,709
1480585,670
1132573,630
1057544,640
1185226,668
1332114,630
1006557,709
1223406,793
1165398,787
1252122,695
1043572,471
1120725,475
1493836,472
1382069,491
1262029,533
1436339,514
1171914,569
1222059,611
1179976,620
1312713,527
1168741,106
1108197,103
1322681,98
1446803,99
1460737,101
1378544,92
1223144,97
1415427,122
1238698,129
1273113,95
1024905,70
1161371,57
1335725,64
1185623,58
1495661,52
1059370,51
1485382,69
1136555,74
1113434,72
1476173,63
1098228,1516
1080847,1393
1064602,1336
1093227,1354
1177861,1461
1259611,1421
1274836,1584
1030333,1583
1249982,1727
1188591,1634
1387134,25
1055877,24
1308549,25
1205716,20
1471019,21
1245854,21
1453386,22
1234023,18
1302153,332
1246959,323
1433203,321
1339909,305
1161885,537
1437209,613
1357587,476
1418362,430
1118797,384
1109876,335
1103484,250
1179187,1432
1262515,269
1050801,200
1209593,228
1129604,211
1471717,2682
1147030,2367
1374174,188
1347061,137
1101375,750
1398435,738
1353965,698
1183936,771
1311911,808
1062494,754
1410039,950
1187463,968
1082477,976
1345516,852
1302404,53
1319320,50
1363194,54
1150515,43
1465309,32
1373073,40
1164383,33
1302775,27
1439889,69
1043720,59
1065834,45
1272505,49
1356980,32
1028730,52
1124574,54
1369044,42
1157352,43
1197335,748
1098456,663
1004231,699
1348678,1089
1069114,2465
1120606,2899
1116595,926
1124659,884
1403491,3094
1124415,3027
1380381,75
1110397,166
1051554,149
1158465,190
1120697,82
1080382,55
1288728,63
1023715,66
1010857,61
1432432,38
1343027,109
1048501,70
1154647,79
1019399,46
1272535,33
1321418,30
1473948,33
1083699,27
1258695,39
1293810,182
1321966,168
1376274,197
1453454,177
1341931,182
1133750,167
1452164,213
1142445,193
1334127,214
1074156,172
1097952,32
1438615,48
1068496,392
1000100,345
1134437,37
1292242,63
1413791,57
1490069,36
1314145,62
1019214,320
1340547,318
1367086,336
1188841,340
1344109,356
1378136,344
1393759,365
1352569,365
1480595,356
1349200,297
1236400,55
1153639,53
1004909,37
1347302,42
1448703,45
1291242,39
1224254,37
1265051,115
1303545,110
1241905,101
1156187,101
1164364,110
1368515,96
1371309,106
1270509,133
1023956,147
1175778,121
1400016,409
1371135,411
1386866,424
1263387,417
1316202,454
1238695,430
1269164,524
1212464,563
1458850,555
1164926,464
1439647,268
1321232,327
1055592,416
1241427,443
1072422,305
1381948,273
1459193,383
1107012,323
1484291,339
1189072,277
1217722,60
1024786,63
1164714,60
1487084,57
1194216,52
1333009,50
1400194,58
1220768,55
1206564,193
1448674,194
1237375,173
1323061,151
1205077,398
1281460,331
1483448,266
1406717,241
1439670,211
1311889,213
1408468,96
1025542,161
1160326,135
1443402,130
1226069,143
1175779,132
1495888,191
1226727,107
1088993,121
1162495,95
1171266,97
1018646,99
1224157,129
1476159,111
1481437,101
1137703,88
1443319,126
1297612,107
1366087,105
1219884,88
1495062,405
1079487,412
1415325,432
1347027,409
1006493,389
1005118,335
1486530,446
1269555,407
1250542,397
1218398,327
1088412,180
1341714,182
1317606,170
1191523,172
1373558,274
1144418,369
1482712,507
1290408,234
1044002,262
1156368,223
1040430,953
1087004,876
1042794,818
1359630,1058
1059906,1073
1340375,1014
1167679,1153
1118042,864
1433454,929
1414239,737
1333032,377
1074655,133
1017569,175
1047271,178
1364823,215
1081645,207
1193498,233
1308101,234
1295480,284
1026912,254
1170447,520
1141028,539
1283426,519
1353711,493
1053353,497
1077335,459
1347043,566
1222655,518
1413603,465
1166615,377
1251605,41
1207693,39
1108927,283
1388671,229
1286860,15
1306117,48
1493718,42
1289654,28
1140803,36
1164395,70
1131843,69
1437106,73
1360876,69
1383471,69
1008063,62
1465304,73
1045061,77
1461030,41
1207213,47
1247289,914
1005108,894
1034753,879
1306222,916
1383467,947
1264972,955
1061474,1083
1132437,1193
1115805,1176
1016058,978
1137610,1416
1480777,1492
1494822,1537
1464047,1751
1472699,2995
1376448,3369
1282271,1471
1408615,1679
1023846,1541
1243501,1512
1129707,434
1260334,453
1021163,434
1140966,479
1243209,514
1083760,467
1381446,594
1005261,640
1252533,581
1188240,526
1160081,124
1008310,108
1221080,104
1059966,110
1242487,110
1421837,96
1057534,126
1323943,125
1064030,126
1498348,104
1136118,170
1134200,171
1145773,176
1190892,162
1466336,369
1134658,286
1459356,188
1426808,202
1296652,186
1348796,163
1120430,150
1247851,147
1031048,140
1106408,138
1029543,155
1193017,144
1261642,170
1395556,173
1005813,178
1037275,147
1442044,71
1307339,69
1196209,74
1482208,62
1379112,56
1128418,53
1467469,65
1120268,64
1346817,59
1441892,45
1113611,121
1265885,168
1466429,146
1180816,140
1315750,151
1407545,136
1420309,190
1262288,123
1069047,147
1135656,112
1086750,468
1159714,494
1240555,511
1124593,540
1083372,602
1186898,555
1000649,684
1356969,728
1305931,745
1223568,618
1025605,209
1046412,213
1115576,208
1199659,209
1499049,221
1324623,209
1322481,246
1231854,278
1219611,290
1341241,236
1213246,77
1303698,71
1137709,502
1185120,414
1371702,77
1208218,60
1035515,112
1386342,91
1143967,80
1377191,73
1008206,513
1479104,504
1207945,492
1061234,490
1453841,656
1154063,894
1219733,906
1399265,586
1458672,578
1496971,500
1233312,242
1264605,393
1068894,331
1056311,390
1305530,285
1103403,206
1257959,257
1124544,251
1079989,233
1463282,208
1467510,205
1191200,217
1173754,210
1262678,195
1390007,372
1039345,240
1350477,265
1110823,254
1211565,254
1350329,219
1072530,244
1445154,235
1472817,251
1232736,276
1378869,273
1272128,249
1049965,306
1034550,305
1050805,191
1181479,178
1329551,823
1327025,735
1122935,714
1493967,682
1342800,733
1130779,688
1209612,816
1082880,792
1355118,727
1313071,623
1364001,1097
1158273,2497
1179879,905
1072628,961
1078195,1045
1014743,963
1093556,3914
1394305,3135
1180962,1052
1317465,994
1285290,86
1283478,92
1403548,98
1126214,65
1264973,59
1305760,51
1357985,60
1341978,59
1017304,49
1110867,811
1137245,797
1403820,783
1256510,758
1353789,824
1007195,790
1400253,873
1290777,953
1287202,920
1387179,801
1147262,557
1240702,530
1198318,525
1326921,574
1136997,541
1449211,577
1285242,675
1429995,732
1118227,732
1477410,626
1082079,184
1399206,196
1071064,197
1338613,193
1279640,203
1218656,197
1255347,228
1196682,260
1175536,266
1176180,230
1032497,177
1354339,183
1494544,185
1340571,194
1191782,188
1186849,189
1367532,227
1107386,228
1065339,239
1323008,205
1332667,2433
1039351,2335
1319273,2345
1305518,2368
1327143,2413
1272171,2160
1223757,2198
1090089,2267
1128850,2278
1446344,2402
1379360,93
1203113,96
1341899,94
1163110,81
1229974,73
1392905,68
1155992,76
1287197,77
1290426,71
1067530,57
1171352,576
1182678,540
1065067,519
1239466,485
1223222,1029
1422513,807
1446621,680
1453468,638
1361280,554
1449340,495
1369843,374
1388974,2288
1256351,354
1418345,287
1410772,315
1347615,309
1229128,2450
1275233,2501
1238848,385
1404060,290
1075942,1398
1458788,1443
1108592,1567
1091948,1723
1028978,1736
1480899,1733
1043364,1777
1390783,1806
1083460,1838
1113545,1769
1203532,147
1404661,140
1019816,144
1152557,153
1262290,166
1118117,149
1389659,175
1375700,182
1089820,106
1019878,99
1254872,115
1174768,103
1364143,111
1412578,87
1327394,80
1015386,67
1117354,85
1151394,81
1287520,71
1357767,54
1316684,113
1039434,110
1115675,114
1135243,110
1240466,107
1057585,90
1278666,106
1300574,116
1207105,111
1035393,79
1020081,1532
1190755,1531
1167256,1548
1096372,1642
1218496,3000
1475974,2951
1373463,1538
1256563,1748
1123285,3807
1173215,3076
1279379,161
1451598,254
1304937,258
1231953,319
1168898,179
1353870,126
1165749,168
1230695,165
1242560,158
1228365,131
1413930,256
1022252,177
1139910,167
1001888,66
1210850,80
1407222,77
1370845,80
1266898,90
1151883,80
1277683,76
1487280,219
1123603,223
1206298,226
1337824,217
1053213,227
1177201,214
1374187,242
1021300,260
1490308,237
1306497,205
1279131,120
1269144,89
1276382,656
1116326,535
1404622,98
1275681,69
1194463,128
1304635,115
1205095,104
1478466,89
1010552,353
1331672,390
1457969,378
1368801,391
1455031,417
1011328,376
1162772,453
1227348,417
1255226,397
1145821,334
1470186,121
1178919,121
1418928,122
1081244,105
1077806,105
1152499,97
1370097,108
1020769,111
1400947,98
1018985,87
1414158,215
1416216,222
1192089,217
1115764,217
1473840,228
1302530,216
1237322,249
1004831,281
1153638,298
1084874,248
1109804,561
1054832,595
1352123,571
1423856,617
1435666,641
1354480,616
1246275,744
1336436,799
1432832,793
1165254,657
1339938,419
1210385,520
1099728,485
1023338,565
1011542,545
1155592,462
1019661,579
1392027,515
1316583,534
1097877,449
1494216,292
1182532,294
1290506,301
1470108,298
1267485,309
1334810,258
1222803,284
1484176,279
1028575,279
1179192,236
1374892,265
1350025,258
1271551,251
1135607,238
1094534,565
1402997,533
1276985,380
1050864,349
1438304,325
1172618,288
1248315,205
1203731,297
1423330,243
1175893,243
1120441,261
1195707,238
1333706,334
1334557,237
1243318,248
1190535,208
1116374,409
1018735,436
1205948,412
1083732,441
1124304,424
1068682,404
1061931,493
1188547,479
1197855,461
1395274,395
1431703,488
1351595,453
1409355,469
1315567,501
1429778,474
1414869,465
1027375,532
1022544,543
1022578,490
1078001,405
1267686,426
1143283,388
1162708,384
1327015,391
1396741,527
1224020,755
1173723,919
1430604,431
1263640,457
1429780,400
1022953,1781
1495360,1798
1029946,1639
1089615,1969
1112962,1996
1210844,1946
1283830,2055
1242056,1411
1129081,1648
1213128,1472
1234220,1621
1358932,607
1456061,628
1001605,708
1495976,732
1186697,690
1318247,809
1304912,856
1116992,854
1415286,794
1398257,930
1247585,944
1035021,891
1221774,848
1152647,887
1124283,833
1232726,971
1362645,942
1418889,894
1261781,746
1256386,79
1057182,78
1263231,447
1084274,376
1082354,68
1472006,62
1310908,109
1374704,92
1285971,78
1412159,71
1115708,275
1092272,262
1219683,245
1310626,289
1027118,277
1335607,263
1371511,322
1273740,318
1181728,185
1251517,174
1485369,343
1103569,338
1314410,324
1430695,320
1145013,322
1468147,296
1412754,353
1032733,368
1213087,351
1008542,257
1209550,305
1441788,306
1494973,315
1276788,265
1469801,465
1416169,647
1351029,552
1231616,335
1066223,317
1173940,246
1432305,133
1283783,122
1146363,127
1465455,130
1036398,120
1203802,103
1456889,146
1478238,139
1049845,151
1100984,134
1084587,41
1190800,43
1039931,39
1073152,33
1481762,65
1334284,34
1029180,39
1084257,32
1317402,29
1079777,155
1270643,147
1446195,166
1484197,167
1200304,164
1287827,149
1248108,195
1403904,192
1021726,181
1376640,176
1380277,15
1041176,16
1297002,15
1066076,15
1259666,15
1088323,15
1292401,55
1290034,90
1332253,84
1014996,78
1163030,79
1440934,64
1349753,86
1249975,51
1056109,55
1357053,122
1350810,128
1054426,107
1289065,90
1471242,91
1055911,92
1123788,126
1347514,151
1324777,167
1322645,113
1095958,59
1434822,62
1242168,65
1273859,63
1012400,60
1215030,58
1208743,65
1490547,87
1401627,89
1358531,70
1188645,202
1162484,191
1013447,18
1118218,50
1404874,33
1226475,27
1000846,26
1356581,73
1013345,73
1442195,74
1215930,68
1408973,101
1238444,110
1420458,130
1131404,81
1086225,85
1169837,71
1203992,52
1145754,76
1199358,88
1243074,101
1256588,72
1478036,34
1392760,47
1385580,44
1457759,53
1042647,31
1058867,83
1310991,85
1269866,80
1128791,71
1036302,94
1214927,91
1275245,98
1358702,94
1146124,85
1318590,68
1370271,32
1000409,32
1422995,34
1439692,33
1284951,33
1175049,35
1185125,24
1415191,256
1003274,251
1148714,249
1305683,229
1438635,237
1321983,207
1326115,265
1144115,235
1257509,223
1022568,176
1379917,279
1031253,862
1024232,221
1136080,239
1250344,302
1469473,284
1019938,1742
1231475,1660
1380749,211
1214542,216
1303074,22
1148161,17
1411642,13
1028210,15
1226546,312
1395289,315
1189355,320
1443779,299
1370125,307
1375670,275
1441077,351
1325306,351
1215047,345
1329687,276
1482844,193
1201815,195
1331830,200
1049699,166
1333824,205
1005047,199
1434656,213
1421537,203
1170030,250
1333229,190
1432554,71
1036321,65
1340270,71
1134217,67
1031549,68
1238585,60
1312452,70
1201497,87
1199397,88
1213797,74
1062232,27
1329787,28
1381422,26
1041718,24
1025446,36
1030594,39
1171225,588
1113088,653
1421572,557
1231421,654
1155226,701
1050090,647
1462159,813
1262088,806
1059783,844
1068765,675
1024581,14
1278254,16
1210203,14
1142069,14
1393711,16
1028000,142
1133330,146
1425669,137
1240821,125
1398217,213
1288267,202
1054056,182
1252270,172
1134544,160
1239796,146
1082924,87
1010839,998
1462666,15
1015385,55
1477694,85
1017174,78
1339356,1115
1251909,1499
1237409,13
1235681,435
1473044,431
1165704,426
1327609,465
1382591,423
1258870,458
1340640,595
1165396,625
1460743,622
1210591,433
1439204,35
1456232,38
1281119,41
1306776,26
1146091,22
1475252,20
1221331,23
1072871,20
1036557,17
1249595,18
1423465,32
1191423,32
1041334,38
1462748,34
1098172,58
1265747,33
1071053,55
1260150,39
1467327,36
1039490,30
1282588,278
1340515,275
1000357,289
1329859,288
1377570,1277
1198647,851
1243803,539
1393212,376
1413792,2342
1114795,1863
1073984,29
1296525,56
1026899,47
1161777,60
1069257,31
1003011,24
1015640,23
1053602,27
1236743,29
1298612,22
1171522,42
1298237,44
1217098,30
1079423,24
1072315,31
1092628,171
1077145,170
1428079,161
1121116,168
1144786,182
1151671,177
1289400,221
1159996,198
1223966,198
1268664,184
1437271,14
1420669,21
1425768,174
1287294,95
1052619,38
1328041,41
1350959,190
1042549,185
1437111,198
1166579,185
1485217,195
1438722,204
1179775,223
1064722,209
1116704,205
1161161,156
1194491,35
1342433,34
1237362,27
1486738,26
1070617,26
1478278,25
1089189,24
1487636,22
1335161,42
1149326,44
1184109,38
1250917,40
1157950,41
1165272,39
1045564,43
1031512,62
1267384,65
1165991,49
1224499,251
1022104,219
1332421,218
1233349,244
1412941,263
1498242,230
1054399,316
1030700,337
1460017,300
1461262,223
1244952,135
1287128,164
1163539,184
1235684,161
1483944,171
1142725,176
1323315,220
1254188,194
1115861,184
1075316,143
1104842,16
1369219,16
1243216,16
1409284,13
1046968,15
1073731,22
1055416,25
1289214,129
1221524,127
1043470,114
1076426,102
1038594,139
1344687,131
1031647,130
1294819,133
1152672,117
1415430,111
1120552,61
1329211,106
1077637,95
1269584,80
1320063,79
1243523,104
1443457,62
1091205,66
1059392,47
1381859,32
1203139,35
1468809,36
1097142,33
1494739,129
1133318,64
1489756,68
1478252,53
1158974,127
1312320,126
1140924,149
1450893,188
1149920,129
1165858,154
1098563,173
1373446,193
1129872,165
1392880,117
1468382,32
1486459,29
1457277,27
1160131,42
1107036,42
1313365,53
1114748,40
1492680,44
1338998,33
1369288,414
1097299,426
1288385,420
1075490,423
1276034,446
1335661,420
1263819,506
1307045,356
1023914,381
1438726,289
1107949,209
1255934,79
1049619,72
1102290,64
1010584,64
1079013,61
1239770,79
1415070,91
1234331,96
1147425,77
1159953,340
1484891,340
1076815,340
1375783,304
1057460,298
1047283,281
1282357,354
1019252,302
1180163,272
1403728,204
1399943,19
1031064,129
1285677,129
1422692,32
1472670,16
1245179,30
1098339,27
1415077,330
1167273,304
1478601,327
1085278,305
1413452,306
1282205,289
1050183,335
1090747,342
1326067,331
1355437,243
1147147,272
1366465,275
1081854,281
1099585,238
1033845,530
1027173,417
1053974,336
1149325,317
1485355,302
1114099,205
1192440,135
1302703,106
1362241,158
1170120,148
1134558,139
1083778,132
1359599,176
1146050,207
1243817,207
1385751,168
1318214,78
1354676,84
1043464,59
1095610,70
1445857,74
1165646,97
1109736,84
1250867,92
1104719,71
1161020,36
1433370,39
1209170,38
1031572,32
1069568,65
1406673,48
1485136,31
1380450,32
1457409,28
1189724,26
1277505,84
1071404,73
1194259,92
1492522,90
1483263,82
1300957,93
1391820,103
1444828,100
1235646,105
1149262,90
1051940,24
1172631,26
1248197,22
1241439,22
1429867,21
1169083,22
1017091,21
1233024,32
1221654,51
1228894,45
1344123,42
1374880,32
1347248,52
1225854,29
1126089,42
1104094,36
1260322,222
1300752,229
1035344,197
1371644,211
1308196,205
1412339,192
1039687,225
1331189,282
1424339,253
1357786,203
1449682,49
1319818,53
1169218,55
1221116,52
1216692,54
1429369,51
1131747,56
1041188,75
1319940,73
1408109,63
1157877,26
1014711,29
1238324,172
1167321,200
1282806,37
1207621,26
1438842,33
1431659,84
1493848,88
1005859,83
1117230,81
1316073,112
1495277,117
1367997,138
1278946,87
1390076,102
1410654,87
1285811,53
1485817,83
1286176,79
1032676,101
1092650,62
1396008,38
1041864,46
1335428,44
1052206,41
1279988,32
1453255,75
1119599,77
1429851,68
1289928,56
1064150,118
1235639,108
1108801,86
1480216,79
1478575,67
1157233,61
1415890,53
1327054,52
1175553,57
1305943,60
1457199,53
1364840,48
1498709,58
1125965,60
1035490,35
1101134,37
1013760,228
1239109,226
1122956,222
1483182,199
1067620,211
1107810,193
1242455,246
1158124,204
1073879,203
1426907,148
1154338,141
1456903,445
1203547,117
1351498,125
1094406,155
1228266,151
1217570,1516
1026120,1559
1160422,108
1366903,88
1440445,29
1111819,25
1268765,22
1290397,20
1475801,19
1439793,19
1471569,244
1034052,244
1100285,252
1264101,232
1279549,247
1160529,214
1089518,273
1281168,272
1353592,270
1421768,189
1294900,149
1245219,191
1441584,186
1086294,187
1309019,186
1498185,276
1382755,286
1215093,280
1440248,196
1415276,43
1183251,46
1289437,39
1011312,43
1176696,41
1023764,39
1403023,41
1184878,60
1118194,61
1181673,49
1431945,37
1152849,40
1380942,39
1108913,40
1326790,40
1254119,43
1209328,51
1277966,50
1184480,42
1221985,523
1301321,525
1463289,525
1275946,559
1400875,592
1348564,581
1273247,719
1017611,738
1062279,760
1237961,627
1417054,16
1003607,15
1424179,14
1323747,15
1230958,156
1163294,165
1365966,147
1467823,135
1347467,281
1034811,294
1121415,197
1048682,179
1443052,154
1034404,148
1130574,131
1400224,679
1165216,138
1489607,138
1057854,148
1488677,113
1249972,1726
1096794,1718
1187668,105
1164828,81
1428233,365
1094909,335
1332634,339
1226462,362
1022245,395
1082397,379
1136816,466
1478736,448
1468754,462
1392549,364
1015651,40
1092575,34
1168055,25
1157854,22
1053981,20
1487585,16
1088619,17
1460736,30
1396268,27
1270168,24
1279071,23
1068050,29
1348154,28
1149086,25
1430948,306
1125207,296
1191961,330
1079406,314
1402254,1288
1313316,1077
1389901,453
1434316,384
1200882,2032
1130820,1222
1136992,48
1070978,76
1085342,91
1354071,68
1352957,37
1171509,44
1218549,44
1033103,29
1484655,53
1429343,43
1426362,47
1019053,17
1149610,21
1188764,22
1085095,21
1163249,22
1200526,20
1359182,157
1190919,122
1318614,144
1106674,138
1484037,141
1145685,120
1477155,143
1370445,154
1437300,155
1333249,116
1244747,18
1468842,175
1326759,193
1011416,22
1297084,21
1233664,25
1100085,34
1330971,80
1138077,75
1352006,113
1487542,86
1108221,89
1139998,75
1472724,101
1359856,90
1026021,86
1097467,59
1209010,42
1203418,40
1288697,41
1466637,34
1412357,32
1473386,30
1315013,32
1046348,33
1351338,32
1337583,30
1247118,178
1155168,175
1023555,170
1189141,174
1294514,181
1170464,168
1032841,218
1319448,218
1372525,231
1197527,171
1104829,119
1091408,130
1100655,137
1212272,126
1139167,125
1208032,132
1089775,153
1287888,140
1468614,134
1199908,102
1265084,51
1413660,51
1204209,46
1202448,49
1461934,43
1399020,52
1428777,42
1084734,51
1251697,49
1143725,40
1248669,110
1492080,111
1125820,105
1240530,88
1182284,196
1161715,188
1397460,119
1397576,121
1085214,108
1041296,99
1317327,44
1124007,75
1001431,59
1454242,45
1207961,65
1168512,40
1388227,47
1149006,34
1389070,77
1077085,88
1262049,82
1374006,84
1192491,79
1046377,100
1149415,111
1057610,100
1037961,87
1108246,191
1143509,230
1105358,254
1100472,228
1423581,237
1175539,221
1331445,262
1293935,239
1023451,231
1049464,203
1309583,61
1230234,60
1461709,61
1408980,64
1488053,79
1274689,86
1041473,109
1166260,83
1461337,88
1206736,73
1056913,403
1056567,383
1323239,391
1466159,415
1333540,416
1282979,387
1338001,480
1334066,339
1454911,338
1096576,279
1325572,157
1061707,106
1318381,126
1127586,141
1076352,134
1207706,124
1051075,149
1178070,166
1471943,163
1050157,137
1175530,211
1158903,208
1169201,206
1031727,187
1356784,198
1294357,182
1169953,219
1414115,178
1030541,178
1062207,129
1006290,142
1106911,139
1398536,25
1263867,20
1016670,28
1171413,23
1153425,30
1014174,302
1059918,291
1434673,284
1437796,277
1209418,288
1340261,273
1453426,304
1073580,328
1125848,298
1499035,208
1295338,402
1222180,393
1165274,396
1237456,349
1069738,883
1014169,1031
1127003,470
1266348,470
1334765,427
1463681,327
1030133,183
1006565,144
1135300,190
1232307,178
1436481,182
1083483,139
1218091,226
1456658,264
1092475,258
1433866,199
1176492,60
1353610,61
1089484,63
1072876,52
1453728,56
1002461,48
1125670,70
1229468,65
1347887,69
1251976,59
1314783,39
1116236,40
1376495,37
1119344,33
1458904,65
1052692,48
1260776,32
1378898,35
1112041,31
1438832,27
1248265,70
1195954,70
1381379,66
1281126,67
1498748,64
1284086,80
1293530,89
1436975,83
1122080,85
1363954,22
1208670,25
1395641,22
1115606,22
1032783,22
1313008,22
1381034,22
1128691,21
1092234,37
1142469,59
1418236,54
1285563,49
1252304,56
1127538,41
1084154,53
1197924,36
1337255,39
1185867,27
1363671,203
1289303,183
1004740,204
1204926,207
1118823,188
1377335,158
1266794,244
1137166,262
1014502,284
1278599,234
1410185,108
1065002,109
1201146,104
1295967,109
1478836,108
1263028,105
1047818,116
1181209,137
1043905,132
1033551,107
1231479,32
1309569,30
1068192,177
1494564,198
1227142,18
1456193,41
1191448,31
1360848,31
1085163,129
1499564,117
1191755,126
1022893,122
1472361,164
1433295,175
1373742,195
1038419,130
1254866,151
1227242,124
1471032,63
1072191,118
1224559,116
1199250,115
1280019,77
1069118,41
1082440,56
1049894,54
1249689,59
1100757,36
1373418,91
1425889,91
1262003,85
1110029,72
1079214,145
1009321,121
1055383,106
1235873,103
1186917,92
1151999,76
1207102,60
1192156,62
1226763,65
1434274,66
1337949,58
1040562,55
1160472,69
1156193,72
1248747,39
1227492,40
1099568,224
1275063,209
1253582,202
1043906,193
1436089,200
1026803,188
1190415,229
1128432,202
1029605,186
1263106,146
1183611,308
1481991,920
1178623,255
1409516,289
1157955,358
1185489,335
1452021,2173
1210378,2136
1031376,151
1177597,205
1409502,27
1257355,20
1413100,19
1211003,15
1096378,15
1345861,15
1421914,15
1276698,284
1103064,266
1057956,273
1405565,268
1202685,261
1366788,249
1338435,277
1447615,314
1409269,305
1197167,230
1035001,248
1350978,234
1306161,206
1366727,216
1380882,215
1233397,233
1332984,301
1144564,284
1304218,297
1395217,210
1065392,88
1066756,90
1370689,90
1186797,85
1183418,88
1177408,82
1282300,93
1460464,109
1089717,113
1156808,87
1495432,54
1297290,54
1100886,57
1464389,55
1251720,54
1239853,51
1344807,62
1189431,64
1327017,64
1211035,53
1001797,690
1131807,684
1494899,666
1268958,699
1288154,788
1203405,738
1040370,909
1044833,899
1350447,916
1347690,772
1044455,25
1477801,25
1094263,23
1348081,21
1457172,22
1235797,22
1091749,21
1462573,22
1244735,22
1242870,204
1024593,213
1368146,204
1153680,192
1298252,366
1444981,336
1261913,270
1404886,247
1061342,229
1172110,209
1272052,110
1275436,632
1352301,82
1088922,88
1142032,132
1009193,109
1184241,1729
1274934,1619
1320020,883
1155127,1
1207458,369
1408017,356
1090667,352
1397788,395
1227739,394
1362484,383
1097531,481
1082537,492
1484097,490
1325444,377
1251276,31
1309343,31
1103196,37
1394008,32
1047128,30
1340919,33
1342347,36
1478158,23
1358927,41
1062782,45
1011715,44
1214193,35
1366131,29
1189909,31
1307236,32
1220551,27
1402459,39
1392162,40
1446122,33
1043188,34
1230082,33
1305994,26
1348778,33
1002960,49
1489067,38
1269724,27
1045443,409
1326150,375
1467198,406
1027897,410
1432174,1649
1248475,1336
1393876,496
1162245,425
1274195,2053
1261856,1688
1334116,44
1185549,82
1493370,65
1357046,82
1230268,56
1280515,30
1165845,35
1435470,36
1410218,30
1427121,58
1419156,49
1226413,15
1384055,20
1246091,25
1067532,23
1464252,24
1133732,26
1223903,28
1045510,104
1391305,99
1226448,99
1107663,115
1341061,105
1362854,93
1498099,135
1209334,136
1135795,125
1315178,120
1130481,25
1463428,216
1278200,183
1393458,26
1391624,46
1270020,39
1225582,33
1063501,123
1357869,125
1014892,140
1247520,119
1336840,133
1211469,120
1059036,147
1176566,136
1132246,131
1292348,103
1254416,40
1276415,41
1070659,40
1329123,34
1160584,32
1428803,29
1466539,31
1091359,32
1486528,30
1432211,76
1330381,75
1034776,76
1131866,74
1143621,77
1002286,75
1085415,83
1134920,104
1341225,101
1415100,78
1252167,197
1051889,203
1439963,191
1324815,198
1437561,211
1188982,197
1407599,234
1290623,257
1359200,258
1118472,192
1311604,137
1031757,166
1056240,161
1474016,151
1180599,157
1320888,169
1009958,222
1020232,168
1336350,176
1381030,139
1003702,65
1297632,68
1315655,63
1189968,64
1369244,60
1091740,60
1214002,63
1186897,67
1161849,66
1115766,54
1365940,122
1027637,119
1378297,118
1253091,92
1126539,213
1327372,199
1401921,140
1104114,142
1459400,126
1263309,115
1336623,72
1075826,102
1085349,97
1110209,92
1103290,85
1267654,89
1216595,110
1097353,72
1212254,73
1084827,62
1371347,138
1155726,133
1240789,132
1171370,132
1265660,138
1018252,144
1493141,138
1093559,164
1447467,178
1473259,124
1347256,143
1394977,138
1392377,149
1310599,140
1195053,146
1275321,145
1051713,183
1184351,148
1113836,152
1132798,111
1436870,96
1409226,96
1150362,100
1228678,97
1369151,124
1227977,139
1206279,166
1372105,114
1380214,132
1339516,111
1389987,495
1072901,466
1203450,465
1455635,513
1247179,546
1278100,502
1448482,610
1459132,447
1442394,450
1131544,364
1181234,153
1273574,88
1455968,121
1233302,116
1443559,114
1347087,102
1041709,122
1349855,149
1198557,141
1221492,115
1465453,231
1333678,234
1090753,235
1462747,204
1177417,216
1193051,202
1196763,241
1278502,208
1185545,201
1481698,152
1404091,30
1461497,28
1173571,145
1083108,159
1002205,24
1447555,22
1319625,32
1176790,28
1238226,29
1391315,50
1113235,50
1163319,47
1190560,47
1404369,45
1264727,44
1482729,61
1058895,59
1238793,30
1361780,39
1478370,397
1411161,406
1408190,388
1409562,372
1456972,393
1276208,358
1490001,446
1486353,467
1000127,450
1366757,375
1346060,520
1366689,520
1152927,500
1085039,469
1308005,1190
1416818,1484
1157372,599
1035677,574
1043744,547
1275513,423
1427226,56
1428931,85
1482270,83
1337955,85
1074040,86
1223872,67
1056054,130
1045111,105
1466260,115
1271724,109
1362659,101
1466995,119
1019525,111
1013636,113
1026870,136
1368359,125
1495646,123
1364816,113
1170240,41
1039898,42
1412137,41
1169338,34
1042017,83
1287984,62
1498396,36
1176996,38
1077306,31
1491374,27
1145664,105
1066734,103
1374651,116
1279324,107
1409608,123
1009256,96
1157723,123
1071832,147
1076420,140
1331136,129
1346673,16
1452741,13
1468212,14
1230784,16
1190650,15
1047101,15
1420224,47
1005457,35
1404012,40
1323173,26
1190479,32
1444164,21
1322332,145
1393220,131
1195731,138
1037225,100
1290352,121
1369208,146
1399477,122
1464990,216
1191994,166
1317160,152
1291135,269
1304893,270
1260429,274
1430497,286
1140847,292
1151498,282
1217377,303
1443512,343
1353405,346
1107486,297
1317910,14
1368716,341
1010055,233
1081143,67
1010965,54
1016213,34
1263775,49
1189397,85
1405401,91
1266638,87
1276585,87
1180684,126
1059213,138
1344474,163
1438853,101
1363716,93
1250158,56
1152407,102
1496385,77
1304461,120
1069061,74
1435255,46
1167009,50
1245685,55
1232151,49
1078016,31
1474949,103
1096408,109
1121882,102
1108739,80
1347317,180
1110144,173
1442709,130
1036582,125
1412982,102
1324501,97
1073283,80
1411916,72
1263486,71
1050056,73
1123493,69
1020169,61
1186919,69
1214037,71
1457953,39
1155273,42
1123649,267
1358951,298
1095885,276
1188104,255
1109153,258
1498548,253
1242079,325
1282712,288
1197982,271
1396460,208
1367131,385
1413681,1246
1487661,334
1219708,346
1460528,408
1468717,407
1452919,2625
1149490,2703
1391982,340
1198228,235
1426036,25
1120019,19
1072591,14
1020410,14
1078483,15
1128180,15
1325280,14
1278821,410
1436586,430
1029722,432
1134426,441
1261036,413
1178195,391
1086893,466
1170114,497
1038318,478
1088809,422
1133401,115
1189592,126
1170403,115
1003089,120
1299976,100
1180067,59
1245737,283
1209341,230
1009944,215
1341596,99
1386673,180
1234362,179
1288681,176
1493343,183
1265338,183
1121206,169
1032317,209
1455226,235
1411958,208
1141862,186
1419869,36
1021598,36
1352516,31
1356988,34
1108704,438
1349640,434
1233603,445
1240827,442
1054033,497
1398644,458
1303762,591
1272724,630
1423160,611
1055961,519
1260085,15
1403827,13
1481291,15
1432968,197
1452142,192
1249247,196
1379067,180
1105641,444
1073716,380
1045265,284
1296384,249
1031252,230
1367777,212
1434558,124
1253275,1472
1052291,30
1212523,74
1397951,135
1112208,105
1045583,2042
1052724,2144
1052729,23
1330575,52
1029294,371
1013001,325
1081183,331
1485036,360
1256807,388
1203716,382
1414123,473
1250749,473
1434042,496
1048122,388
1116916,45
1004559,34
1348312,37
1090148,24
1354566,24
1102343,20
1049158,27
1210473,39
1161610,30
1443205,26
1425213,24
1249853,25
1223675,40
1076570,33
1148902,26
1388739,408
1007829,395
1159448,410
1295887,412
1446997,1661
1440035,1631
1041969,547
1350903,493
1402515,2587
1104654,2121
1465066,39
1086170,85
1472881,86
1289905,96
1392324,57
1067586,37
1001468,35
1067176,45
1359146,38
1323950,26
1062551,61
1034912,45
1203135,41
1048644,17
1180443,22
1040065,23
1494499,24
1466396,22
1091873,153
1389761,141
1473048,159
1339668,159
1310744,133
1439011,130
1083428,182
1315271,176
1010745,160
1219262,153
1220063,9
1014438,34
1093831,160
1320813,160
1346889,22
1283548,19
1241028,33
1076152,31
1225059,21
1487998,181
1433590,165
1434557,186
1239454,177
1467330,189
1365830,167
1138191,217
1432490,198
1267627,201
1019901,150
1118233,36
1189202,36
1263331,34
1059297,30
1416214,27
1055724,26
1249086,28
1327869,26
1392951,25
1041163,174
1196547,164
1380448,183
1384588,167
1238821,185
1130148,180
1055993,214
1386679,232
1080744,246
1055252,204
1160680,100
1085396,99
1390416,102
1412215,105
1100598,113
1442542,102
1333339,122
1491136,137
1129473,137
1080418,97
1237295,155
1446998,185
1449484,199
1333400,192
1064627,179
1341028,240
1352502,198
1184457,218
1218820,235
1125676,139
1335892,34
1498333,38
1180295,34
1468730,34
1155218,30
1316740,30
1318234,34
1283246,42
1130000,37
1459415,31
1176325,178
1015877,179
1297507,176
1205048,152
1369188,295
1176486,313
1341438,295
1104071,237
1020171,199
1168271,183
1174176,52
1383428,111
1228081,74
1120872,71
1254272,111
1461596,54
1042497,61
1164067,36
1162719,42
1461189,40
1305167,46
1171637,42
1386951,43
1135964,53
1064678,58
1059530,61
1101560,51
1304645,146
1082523,163
1174789,176
1003698,172
1253157,159
1095952,165
1056008,202
1078061,187
1441886,184
1385303,134
1345375,55
1271433,57
1281895,56
1115907,51
1179550,94
1083637,101
1266241,79
1385890,87
1464689,68
1312971,602
1242304,570
1358481,567
1252129,631
1234652,639
1006772,587
1335737,731
1082713,559
1011159,539
1039116,115
1245920,68
1412193,78
1487103,82
1484137,83
1338495,75
1487433,91
1022987,114
1428133,114
1294128,98
1221310,485
1361824,468
1117178,471
1023369,431
1194420,455
1425859,413
1015144,498
1264805,434
1316991,402
1382469,346
1151863,21
1190515,107
1221392,79
1311200,23
1180736,39
1448616,40
1361892,41
1141506,39
1237245,38
1159657,33
1250645,38
1363943,40
1149041,24
1096323,716
1350701,679
1065455,651
1142409,663
1488944,691
1020912,656
1436609,747
1253895,806
1165678,749
1327823,636
1176823,836
1101710,833
1141921,784
1385350,848
1157741,2154
1151119,2013
1161188,915
1315527,907
1369399,808
1460667,683
1194932,139
1115132,148
1264565,141
1075641,141
1246631,149
1411198,130
1140498,216
1313588,241
1315048,250
1383782,160
1027016,141
1191829,147
1112122,151
1479265,130
1126587,134
1195982,129
1314692,158
1493689,165
1039169,163
1401014,150
1413802,103
1374584,99
1224680,93
1029041,76
1175602,191
1447145,139
1300870,80
1483261,94
1413577,80
1176990,58
1181520,108
1025776,104
1177948,111
1203571,114
1209590,94
1058406,99
1304622,126
1301362,146
1232376,134
1348216,103
1323477,209
1060474,216
1494909,169
1236863,186
1315101,205
1021195,161
1091479,289
1258153,314
1404475,315
1332940,219
1171521,180
1434146,177
1300093,179
1119480,183
1297275,189
1120782,184
1457486,217
1146680,243
1134271,248
1281939,206
1232717,57
1246974,64
1070455,316
1050349,317
1023950,49
1426156,40
1381963,87
1030017,65
1000438,50
1119483,59
1349533,287
1449142,296
1337248,288
1200866,293
1290309,400
1418797,429
1164582,530
1303136,323
1347698,363
1493799,331
1447686,214
1146210,261
1403685,233
1476020,274
1018738,232
1130157,181
1046978,232
1331178,214
1257741,205
1322423,171
1261811,188
1141743,189
1370665,186
1035256,174
1479691,268
1400324,280
1415004,220
1038432,226
1336056,210
1187092,193
1193098,130
1458214,120
1039561,124
1074938,123
1223395,119
1456334,103
1149120,142
1172680,87
1116900,79
1269834,490
1056163,489
1098695,479
1178203,474
1061470,512
1354722,465
1066795,568
1170494,522
1488737,483
1097182,391
1425142,480
1005746,1548
1369118,483
1260005,489
1010852,548
1215951,508
1438319,2476
1100299,2306
1081163,523
1459649,414
1180223,77
1238801,61
1070150,62
1165612,53
1480839,38
1157017,44
1156189,43
1287339,46
1307947,40
1217805,39
1385333,680
1009702,648
1479251,644
1253248,618
1245868,652
1031763,600
1477396,684
1489091,755
1485086,722
1276165,613
1371595,249
1228275,239
1456589,238
1393900,256
1451902,216
1484282,231
1353419,307
1477668,318
1093917,318
1415280,248
1060921,106
1441064,115
1036623,115
1334537,114
1131845,111
1233303,109
1052105,119
1130360,142
1140184,133
1097453,114
1016845,123
1177882,127
1297460,127
1119491,171
1043097,121
1427114,129
1149568,156
1118707,174
1021503,155
1338844,139
1460444,1885
1476535,1583
1297121,1513
1141103,1482
1274933,1568
1435122,1562
1486477,1682
1195364,1859
1301491,1856
1059056,1735
1419190,45
1273467,49
1120980,40
1288632,37
1272229,34
1012823,34
1424258,36
1114584,34
1365258,32
1497466,391
1486369,349
1280462,341
1329993,318
1015668,627
1162775,584
1239627,470
1191627,433
1102060,439
1232474,369
1211593,247
1411245,1893
1022614,189
1203568,222
1106084,252
1485205,211
1373998,2499
1062654,2011
1201316,182
1370105,181
1139730,784
1301842,756
1251244,739
1183358,809
1059732,792
1151274,778
1072415,946
1469941,983
1288037,1022
1325139,832
1231223,98
1190669,101
1376192,109
1146955,87
1056018,87
1258889,93
1218561,87
1466508,73
1109609,57
1335827,139
1165522,143
1110279,148
1143313,140
1083501,134
1428672,111
1219047,130
1259870,136
1342405,127
1354416,114
1271440,993
1118621,965
1192681,1021
1028746,984
1031614,2302
1392506,2117
1343631,1183
1185820,1259
1356333,2717
1307954,2434
1336105,130
1187686,181
1489882,179
1123496,196
1322525,157
1477958,101
1462588,116
1098622,117
1207399,119
1465439,87
1198021,159
1474866,101
1311455,97
1033015,48
1090571,56
1232737,49
1300878,52
1483287,50
1188526,46
1270382,54
1306234,191
1378503,178
1296522,181
1478474,176
1111452,166
1428885,179
1078876,208
1426995,209
1310613,193
1284993,166
1248779,46
1286196,396
1311264,360
1389854,35
1467104,66
1471259,58
1498881,43
1130256,73
1062490,278
1043605,263
1026057,284
1468053,287
1150560,300
1110568,269
1162730,318
1358189,310
1257386,290
1061706,234
1052384,204
1200598,206
1264244,199
1294669,199
1425440,207
1145895,194
1144262,229
1076977,255
1054344,259
1377594,214
1115056,347
1292390,340
1166952,356
1384513,372
1093599,390
1367894,378
1119869,457
1070129,463
1394194,481
1002435,397
1180646,355
1485809,371
1211075,390
1313206,456
1494204,389
1434483,339
1099251,414
1025379,370
1477569,350
1055674,298
1010243,142
1037655,146
1401737,143
1022228,145
1097803,140
1076303,134
1480464,150
1233512,162
1406320,156
1423616,136
1246502,262
1302001,242
1073776,239
1363056,235
1471341,446
1253143,414
1453040,356
1301753,319
1404546,307
1392729,255
1451807,137
1409671,147
1122214,142
1211769,184
1437385,136
1217993,144
1161892,180
1229478,188
1213094,194
1297883,164
1012855,338
1418147,355
1286032,398
1099298,439
1479230,333
1179950,347
1124263,424
1184587,352
1029660,360
1357396,306
1463406,306
1418001,288
1342588,296
1161315,285
1046297,414
1153933,436
1231645,525
1287870,319
1193177,366
1487003,343
1230693,843
1398262,841
1345832,800
1267250,933
1432764,881
1301486,865
1069354,986
1245836,811
1275241,793
1463775,655
1196334,404
1402996,171
1493032,206
1264183,213
1052529,224
1110240,212
1382389,270
1313142,280
1317341,292
1122806,261
1274226,655
1352572,631
1295323,627
1299017,598
1252039,617
1030444,552
1454269,673
1228734,617
1427970,544
1125886,467
1136112,43
1339197,59
1101505,341
1339810,286
1392791,38
1184046,29
1105735,72
1154260,57
1488663,43
1042242,54
1034878,104
1259675,101
1355647,114
1267774,112
1347236,115
1000392,108
1221328,126
1284731,128
1446589,72
1141794,65
1466161,395
1068090,256
1041144,301
1491093,280
1172503,307
1430344,249
1402925,344
1323039,296
1382156,309
1065731,222
1216354,208
1130102,206
1030597,218
1379599,129
1359056,502
1186410,510
1398042,306
1146321,215
1441295,221
1354132,184
1479808,104
1366617,98
1126860,104
1002342,92
1463533,139
1180427,89
1146882,125
1256418,123
1085624,123
1398280,98
1156018,32
1466660,36
1217010,34
1327864,30
1001108,55
1476698,52
1150678,30
1286496,26
1223345,146
1198378,150
1347688,149
1098095,146
1101245,162
1084840,129
1318929,177
1077102,205
1381116,177
1192516,149
1338874,17
1278449,15
1278499,52
1218247,60
1349858,53
1020219,39
1240731,39
1187353,60
1250784,46
1473793,49
1168482,28
1091234,17
1110776,73
1228744,82
1008610,23
1011775,19
1268989,19
1306448,17
1259442,23
1045010,26
1418055,27
1043212,25
1061891,63
1091493,72
1446133,75
1193998,88
1286572,61
1215083,37
1031438,42
1064741,37
1296913,30
1227442,30
1465660,104
1186359,111
1288078,112
1393617,96
1445824,153
1353206,116
1368925,113
1376133,116
1410979,101
1016413,86
1363984,163
1325683,168
1340269,176
1345716,157
1115561,170
1200166,163
1014090,207
1477799,183
1308074,165
1083942,130
1314516,306
1244449,950
1073390,368
1062675,262
1441123,290
1355242,316
1317677,1963
1314338,1469
1148815,220
1395200,197
1118069,22
1350375,16
1162956,13
1020303,14
1352264,347
1476030,201
1049229,206
1207242,196
1360874,211
1308479,186
1143421,237
1408134,215
1207235,211
1430711,166
1343435,34
1382126,38
1247229,48
1323555,36
1049897,33
1028424,32
1017526,38
1329979,45
1129897,42
1415045,32
1220040,189
1275484,178
1272211,173
1290617,196
1321339,227
1458201,207
1219875,275
1085852,295
1334748,317
1224780,232
1389557,15
1224019,14
1002006,14
1058944,107
1439257,123
1197826,108
1161585,94
1078356,208
1164315,186
1117989,125
1037515,130
1348845,114
1009769,113
1399258,66
1111218,678
1282574,44
1167392,50
1184466,88
1271881,74
1352082,1228
1277718,986
1070188,73
1159747,47
1445037,197
1332387,206
1146755,203
1125510,219
1468793,250
1474894,229
1246237,289
1468989,308
1264726,328
1023588,233
1049688,34
1212467,19
1225175,18
1235898,23
1023309,23
1344775,25
1131610,33
1103267,24
1003384,279
1118081,263
1105948,301
1191246,327
1141630,879
1483668,1012
1004420,460
1077010,406
1296562,1846
1299196,1326
1257545,50
1104216,42
1330414,56
1212172,85
1470862,56
1180183,34
1476995,30
1303459,29
1170531,23
1370718,80
1191748,52
1280198,33
1301996,16
1364909,22
1011434,22
1458262,20
1217302,20
1194852,19
1049411,118
1182059,106
1252534,119
1233877,99
1297806,104
1339628,98
1203442,153
1061292,138
1070437,135
1400213,115
1480031,61
1486498,51
1160637,12
1095876,21
1161665,22
1215009,156
1340178,154
1197552,163
1397410,157
1104993,181
1051624,159
1296303,204
1209310,193
1129508,179
1169715,137
1463684,33
1378332,31
1426495,28
1331468,23
1079424,22
1357297,19
1416081,23
1196248,22
1089249,20
1173280,19
1313829,50
1448406,47
1010943,46
1268748,53
1065918,60
1306179,52
1045704,65
1403733,81
1096183,90
1457003,43
1316766,222
1379054,265
1184160,290
1464987,272
1492100,265
1133258,228
1401070,312
1105338,303
1179101,261
1078277,216
1255031,139
1213899,138
1405744,134
1410139,103
1424016,220
1459848,137
1269920,124
1451917,123
1325398,117
1045480,106
1345555,51
1131551,78
1191732,79
1103804,76
1483544,83
1002169,68
1228393,98
1442285,87
1276853,64
1005699,52
1394628,43
1491257,43
1020364,48
1254624,49
1427543,44
1483138,44
1264681,56
1086118,63
1218843,64
1303575,52
1137317,212
1181809,265
1263575,284
1020427,254
1247296,248
1459079,238
1432441,296
1489210,265
1173974,258
1180811,297
1004788,23
1090317,26
1221703,30
1040715,41
1304495,45
1189836,38
1231775,38
1147300,28
1252687,210
1185173,194
1002909,217
1024663,190
1394736,187
1427461,160
1093785,209
1066138,162
1006670,178
1163733,109
1196241,50
1368477,35
1311516,37
1041166,40
1484068,50
1370856,52
1151982,36
1395048,145
1390106,139
1299135,150
1317099,128
1445007,129
1072033,128
1320376,152
1108620,132
1288665,120
1389923,87
1305598,15
1193063,23
1237006,36
1036844,16
1310332,12
1225037,640
1176448,573
1014696,580
1145867,580
1293848,624
1202745,546
1319084,649
1401826,706
1398001,669
1316995,523
1449676,806
1366789,683
1009292,683
1464786,717
1376394,1567
1076725,1581
1488081,834
1300625,856
1457308,770
1222485,595
1309910,64
1487690,83
1261902,47
1063994,43
1238329,78
1383592,131
1236789,135
1450849,139
1210423,110
1118582,137
1250962,149
1371087,160
1061066,154
1075569,139
1396314,118
1126504,165
1021878,160
1483622,164
1166168,136
1460628,61
1425569,61
1013855,58
1117835,49
1037894,132
1343359,93
1325050,50
1373136,57
1414505,49
1011546,39
1302852,125
1295333,118
1476917,131
1237095,124
1166445,143
1367644,122
1036146,143
1400369,156
1221061,159
1304194,133
1092414,24
1145112,25
1021476,20
1455251,22
1265514,20
1098944,17
1381205,23
1396028,22
1402074,64
1496715,107
1376888,90
1037634,88
1143415,94
1293724,73
1421169,97
1197088,65
1278646,58
1133390,45
1064688,73
1450648,72
1302322,59
1272093,69
1223262,92
1429672,106
1110449,102
1322057,146
1076835,124
1214700,81
1223704,268
1476902,257
1265371,243
1130424,254
1198811,261
1045236,252
1309125,290
1495133,310
1338580,315
1408893,266
1293143,36
1312686,45
1262037,283
1093130,221
1104439,31
1223276,29
1428246,51
1166219,47
1433812,32
1029438,46
1394412,162
1463475,158
1073615,159
1312562,156
1104551,228
1170391,312
1211759,325
1280831,186
1122865,209
1364734,181
1425711,84
1374100,189
1159933,159
1371677,185
1217301,106
1239629,64
1147289,72
1100532,80
1397074,68
1218270,51
1084541,145
1078304,138
1060861,124
1090108,112
1394990,219
1354562,224
1251620,148
1237932,149
1381017,139
1044217,137
1459390,87
1373833,81
1001171,81
1454798,84
1075821,86
1064096,77
1073773,80
1197565,86
1315474,51
1219768,384
1338022,379
1229678,381
1109532,379
1494638,383
1032122,374
1165413,457
1475544,391
1387338,366
1410167,313
1172350,452
1058305,1628
1441315,419
1226927,410
1148821,510
1169225,438
1047892,3205
1327045,3211
1435007,398
1477335,323
1187218,36
1473646,32
1445208,33
1128443,23
1007092,22
1177336,21
1308369,23
1169740,22
1437845,21
1305204,608
1169115,588
1485207,574
1133327,585
1144895,593
1265135,551
1217432,604
1465199,664
1127418,643
1065475,541
1208945,185
1205027,112
1370543,141
1184858,100
1241780,156
1257683,112
1127095,205
1402380,258
1271788,266
1417694,165
1016090,184
1378218,182
1490162,180
1007961,177
1048476,185
1363750,180
1377977,206
1177453,229
1096484,238
1490021,198
1158592,53
1220323,51
1079738,56
1272815,56
1082719,51
1428980,50
1307591,61
1244359,68
1309989,68
1129187,56
1373369,1501
1159100,1391
1078309,1397
1444543,1459
1403090,1542
1091288,1516
1357059,1702
1258709,1792
1016250,1834
1291439,1764
1035769,24
1141007,24
1092629,25
1470124,19
1270442,21
1032642,19
1499459,22
1465076,22
1378578,23
1271294,289
1297171,280
1484782,286
1125260,269
1044825,517
1403738,439
1419512,387
1407678,337
1097909,329
1308103,290
1064482,141
1344498,1595
1019358,66
1197065,117
1014215,150
1465986,113
1221712,2332
1343053,2368
1150330,70
1064636,95
1171380,766
1257945,790
1164850,757
1317829,834
1494403,914
1372964,923
1028254,1090
1394819,1188
1239193,1173
1466747,1041
1456648,64
1035374,58
1154323,50
1142259,40
1449907,35
1083651,36
1193931,31
1317257,26
1260574,51
1430521,42
1009487,50
1302905,47
1164224,56
1005212,35
1353130,36
1051730,48
1057003,44
1024922,33
1047047,728
1012909,644
1446430,715
1004539,868
1297841,2591
1190458,2697
1300063,908
1483559,830
1492798,3224
1289811,3097
1236266,59
1042049,107
1156490,108
1040519,127
1233817,58
1209622,44
1344427,52
1232899,52
1435021,46
1397443,35
1106569,107
1370150,44
1290947,60
1053250,22
1093368,29
1100342,26
1040528,31
1236914,172
1178409,194
1276499,186
1292548,198
1091700,187
1201373,187
1179723,220
1021693,225
1383719,219
1171600,179
1325197,36
1098189,255
1389806,241
1346354,23
1343497,51
1018121,35
1147448,39
1439086,175
1297322,184
1392169,194
1180066,259
1125019,194
1091233,204
1148765,259
1422960,247
1269068,237
1464291,182
1242518,49
1059185,48
1340927,46
1227103,40
1083081,36
1476267,34
1442954,36
1310205,34
1462837,35
1233491,35
1342926,339
1165718,332
1127141,312
1253795,312
1312242,319
1427198,308
1326605,354
1135723,377
1303003,385
1255517,322
1334250,231
1226115,224
1221502,234
1129603,229
1300912,332
1066331,333
1055924,389
1135533,414
1412599,434
1381463,379
1018619,202
1280720,269
1495944,306
1039816,382
1022447,315
1095815,307
1166087,330
1116674,311
1342580,321
1100337,268
1403792,63
1243588,69
1375821,62
1009681,61
1125124,57
1375223,70
1334811,61
1111727,72
1203809,63
1124837,59
1006036,273
1089355,250
1023077,244
1088502,235
1154308,434
1361686,398
1001984,327
1265825,301
1370764,272
1102828,238
1004325,70
1376221,116
1478833,91
1478982,102
1394276,88
1076577,115
1165520,71
1238261,84
1498440,63
1181820,78
1346625,80
1062616,81
1207682,95
1178918,104
1301717,76
1283401,102
1376997,109
1274050,108
1071845,96
1391787,217
1387016,257
1457848,265
1419824,252
1458527,238
1045618,288
1341626,268
1231600,270
1419408,262
1493367,223
1045597,76
1315063,82
1236135,78
1099461,78
1200980,124
1396714,195
1344886,279
1099376,134
1473464,148
1172936,120
1174606,930
1463004,857
1383441,810
1132416,937
1486024,931
1475054,918
1480696,1100
1392220,827
1218477,863
1391805,707
1380357,283
1284608,99
1497786,123
1257181,133
1329389,160
1131741,148
1333616,172
1149680,195
1254249,187
1055471,172
1074653,499
1394503,472
1395980,488
1256087,464
1149138,463
1423280,430
1038388,503
1410171,453
1317093,407
1296819,363
1481530,38
1325113,200
1260387,93
1404040,30
1090120,21
1120131,34
1472113,34
1331429,26
1180567,34
1381332,64
1137404,63
1258488,72
1013599,62
1163018,60
1083750,70
1355784,74
1273699,38
1221446,416
1074066,225
1265692,261
1454467,247
1109664,256
1259106,270
1353996,289
1449409,292
1393405,272
1347221,204
1270817,216
1044231,235
1202376,224
1475127,144
1425943,655
1190637,691
1066705,364
1443612,249
1074216,236
1287822,162
1325209,47
1203492,50
1182168,68
1278151,51
1007474,53
1458641,45
1054272,69
1238139,84
1255484,75
1063187,49
1437236,52
1014725,51
1296501,52
1270123,43
1122246,103
1315303,87
1077352,50
1118613,46
1315359,37
1067323,30
1250269,59
1408921,74
1277776,60
1182721,50
1055751,57
1311052,71
1005347,74
1143886,79
1494235,58
1374299,14
1312726,15
1047397,13
1067203,15
1285850,53
1342935,56
1210576,56
1416916,47
1238947,54
1491185,34
1023806,53
1253183,35
1450451,40
1203153,23
1294764,15
1021481,87
1388663,45
1005817,6
1052769,14
1463481,22
1345403,24
1214405,27
1360048,31
1379939,39
1450536,84
1110389,96
1328210,103
1479518,157
1317775,62
1244418,55
1490466,51
1344579,49
1406296,37
1332403,30
1263164,105
1228342,99
1423496,112
1194920,84
1354931,95
1038199,99
1497822,106
1439583,112
1207936,94
1334538,75
1346629,30
1444033,24
1428610,22
1084617,19
1072459,22
1143336,20
1078228,17
1240376,17
1129647,179
1371024,172
1337771,207
1272173,161
1250737,195
1395336,164
1077178,214
1412257,175
1133657,173
1141832,126
1005610,656
1051619,1105
1291501,671
1224135,663
1452525,663
1241673,614
1130888,2329
1136512,1813
1198927,535
1379462,470
1328618,16
1084551,16
1492201,15
1388229,14
1116211,111
1025464,99
1172770,111
1432452,105
1025860,92
1295788,85
1185678,98
1210461,128
1405891,120
1164030,86
1191446,34
1405911,34
1047099,33
1492888,29
1167184,39
1400097,43
1423468,43
1192481,29
1113951,148
1075058,136
1395991,155
1060374,160
1344988,194
1379139,171
1216578,213
1347909,248
1124487,276
1314422,195
1133017,15
1122672,15
1208622,15
1174195,16
1052297,125
1436823,129
1076795,112
1403006,92
1076963,121
1191952,118
1235630,129
1238367,120
1427300,113
1032658,96
1207270,227
1161743,619
1298916,421
1026022,211
1193241,174
1171101,174
1164137,1641
1321775,1287
1378647,192
1231116,101
1095435,175
1323949,167
1395799,156
1145737,171
1238384,196
1042036,179
1351219,232
1085203,240
1371386,268
1219723,163
1374416,31
1189323,19
1337676,18
1003680,22
1022823,20
1082992,16
1474734,19
1342334,52
1175207,52
1033599,37
1129747,29
1057371,25
1495511,21
1354900,22
1425005,24
1368872,20
1433769,17
1349382,45
1250534,33
1080873,44
1139207,32
1018091,22
1147190,35
1128435,38
1157339,43
1276177,461
1450019,447
1174173,477
1261967,511
1107899,1249
1287052,1270
1234527,885
1498591,681
1147438,2085
1228840,1508
1114215,58
1179414,65
1177028,65
1216396,86
1248865,45
1060936,34
1402609,30
1011086,34
1201586,27
1102627,22
1175109,37
1279214,34
1443674,17
1422706,82
1221151,67
1131821,74
1490426,69
1049070,69
1169917,62
1327124,96
1112819,97
1323892,94
1456199,73
1330908,75
1351797,41
1229044,13
1101241,13
1161125,20
1060114,17
1015937,22
1410873,193
1174564,201
1191920,193
1125314,198
1062361,199
1475531,203
1373526,252
1219223,236
1345121,215
1316865,156
1194915,29
1391656,32
1248453,25
1089414,24
1101295,23
1455678,22
1381518,20
1301363,18
1363338,89
1408074,80
1204391,82
1153172,90
1385784,110
1094777,90
1287845,115
1052223,128
1087971,132
1015674,78
1013988,520
1103117,470
1424721,506
1452145,456
1114030,459
1415291,435
1025202,546
1064176,495
1265298,447
1282575,357
1370636,106
1148724,113
1293002,101
1198272,84
1263025,111
1125955,103
1366177,110
1150078,101
1217839,94
1264814,86
1035972,108
1444561,101
1111719,100
1182641,84
1305667,97
1303118,83
1419860,89
1222718,72
1090797,94
1443743,66
1371785,39
1474865,40
1163334,39
1402147,42
1294333,38
1131529,37
1416476,53
1237795,58
1168507,55
1306170,46
1076467,397
1379585,354
1434055,375
1019051,330
1342691,360
1210023,345
1254730,417
1028198,368
1215471,347
1484039,282
1344207,31
1132553,31
1036433,27
1199141,29
1443462,40
1413086,39
1397477,51
1307344,44
1205066,44
1307499,33
1067824,204
1273706,228
1042603,225
1090725,214
1350396,213
1238736,188
1471183,249
1229870,184
1497134,197
1120206,125
1234483,57
1238365,30
1078467,51
1006405,49
1066302,41
1214466,50
1265100,55
1237497,54
1269056,43
1015263,200
1060235,203
1174360,212
1479343,193
1247572,173
1033654,185
1260212,226
1010680,184
1296051,175
1387077,140
1162720,0
1012076,0
1338102,11
1205675,19
1152949,19
1458882,13
1237811,403
1033758,401
1499951,410
1053599,385
1404089,405
1418689,370
1285966,437
1234568,454
1242215,419
1077297,344
1231512,539
1117072,547
1091750,519
1147110,512
1027059,1410
1363829,1127
1060391,709
1296093,645
1411783,573
1076732,411
1102338,142
1167549,174
1152757,174
1103421,150
1408137,153
1250988,179
1315404,230
1275358,253
1256963,263
1427933,218
1306276,111
1112398,105
1457331,130
1202120,104
1321446,108
1029940,97
1274550,130
1179351,144
1308289,120
1202474,105
1306442,48
1287716,49
1317791,46
1104534,39
1426930,78
1347464,59
1018032,37
1450217,37
1356206,34
1393103,29
1281383,87
1239082,83
1018331,96
1290273,98
1022303,90
1328781,83
1321002,122
1466438,128
1021318,114
1362220,95
1282522,26
1208631,25
1119538,21
1414474,23
1219364,21
1253166,23
1349187,23
1458875,21
1115978,76
1351227,75
1109039,57
1117896,45
1472568,61
1492493,29
1036719,205
1442242,211
1290442,208
1461010,171
1263119,151
1171474,188
1068463,255
1098663,236
1285209,268
1379975,153
1004280,93
1468273,91
1054292,98
1411885,94
1272392,95
1298954,92
1449468,99
1027500,122
1074865,121
1306435,98
1402334,33
1249185,46
1350424,315
1027208,298
1444476,32
1274272,25
1099884,58
1445659,49
1176168,38
1129742,34
1258874,158
1345579,155
1308325,151
1210380,149
1392336,241
1197638,237
1129536,299
1261211,184
1432540,209
1132812,186
1140900,67
1035004,180
1328690,146
1236944,181
1072931,86
1214395,46
1217642,55
1058775,54
1233784,55
1027593,33
1423030,158
1486929,156
1036243,139
1380531,114
1028031,196
1357262,188
1076524,178
1166204,153
1006312,138
1287529,133
1088111,47
1474529,51
1143054,49
1258914,48
1441756,44
1006816,52
1284992,39
1302350,29
1441293,34
1494423,297
1037582,298
1186135,322
1035444,292
1412430,297
1471318,287
1302798,368
1140942,330
1352739,311
1444822,244
1180697,461
1288985,1497
1498800,442
1062934,457
1002696,524
1204196,513
1416492,2976
1113253,2437
1353961,333
1320692,319
1224947,32
1418302,36
1384132,28
1252877,17
1161599,19
1173529,21
1407391,19
1391735,416
1095368,411
1291104,403
1164263,386
1236985,397
1397015,373
1202662,450
1257054,470
1188918,452
1307324,369
1061800,255
1306774,236
1010856,241
1099608,255
1115724,220
1125554,229
1140698,312
1220959,319
1389206,303
1268227,266
1240408,108
1235156,115
1262731,113
1249918,111
1313158,105
1460940,101
1357469,110
1485800,131
1006987,134
1456848,108
1285816,100
1277532,101
1119159,100
1365522,90
1251959,96
1134918,69
1281698,86
1170505,125
1460584,80
1170339,78
1359066,895
1328835,854
1375031,843
1180363,851
1079995,923
1468705,902
1041884,1072
1161571,1114
1049477,1136
1363599,985
1233504,24
1459135,25
1418509,26
1493410,23
1040420,22
1030025,23
1290035,24
1184610,24
1093868,24
1235293,255
1051981,249
1388536,243
1112176,233
1150649,516
1114185,396
1306071,368
1382323,332
1014526,314
1103982,272
1111935,192
1258199,1498
1377853,135
1203979,137
1019804,172
1406890,166
1357343,2300
1415791,2288
1013842,99
1325819,77
1191706,561
1131459,551
1336230,567
1425283,598
1320850,630
1057220,614
1490464,735
1245748,774
1433608,767
1027214,611
1080063,50
1126189,48
1418559,34
1424045,29
1463075,31
1474709,31
1124673,22
1194601,31
1262092,32
1223819,46
1165334,31
1298535,27
1090792,41
1491705,29
1438548,33
1124545,34
1455070,25
1239125,420
1333514,372
1380095,416
1140243,409
1160343,1123
1243839,1074
1021807,640
1130037,564
1440281,2573
1273879,2283
1265408,38
1151818,85
1346361,80
1292333,97
1252777,54
1267738,32
1063344,34
1068820,40
1260624,28
1452241,117
1014950,48
1067474,65
1401322,20
1204393,33
1435552,27
1303906,28
1038580,27
1019593,197
1251424,202
1222327,208
1217414,184
1162493,189
1065461,192
1094705,231
1035017,226
1286859,244
1046651,219
1455922,26
1137631,286
1040830,216
1294878,34
1247132,22
1010388,50
1363337,43
1325129,34
1142696,256
1301239,253
1084390,260
1072219,258
1338035,268
1009375,263
1037247,305
1282209,292
1208037,277
1457135,217
1320138,47
1220238,45
1478119,46
1019734,39
1055862,35
1354636,34
1014814,36
1270332,33
1081737,61
1407633,60
1014398,60
1491825,59
1270741,58
1040458,56
1093081,60
1479989,79
1295162,76
1293636,60
1051218,347
1096610,353
1109216,364
1491934,369
1325802,389
1279856,371
1041468,456
1038351,442
1312390,460
1077444,381
1034569,191
1348908,207
1356772,229
1449864,232
1382979,179
1417525,219
1289590,256
1140301,228
1107381,225
1049531,174
1330395,72
1304104,71
1463362,68
1322487,64
1076412,60
1358172,61
1101734,75
1310017,75
1060069,72
1197296,60
1180839,190
1344920,197
1004828,182
1266015,168
1235237,336
1156851,293
1324338,262
1321628,242
1257443,226
1417117,208
1463442,68
1127666,103
1184220,86
1451779,80
1005436,83
1178960,84
1288797,113
1038899,70
1264535,71
1343261,57
1090050,123
1447677,122
1280003,124
1285815,130
1089192,105
1200656,115
1171313,141
1235880,148
1449369,140
1287691,125
1299126,132
1079774,152
1332266,164
1229811,156
1062210,145
1062104,158
1104032,213
1328757,195
1493096,183
1371361,143
1464606,114
1444631,115
1202718,109
1488002,107
1153686,157
1007842,167
1425079,206
1197475,142
1437825,139
1015345,480
1359792,483
1389163,470
1002689,554
1280135,524
1228164,495
1068045,582
1068382,438
1127032,462
1475728,358
1324560,193
1149962,90
1161738,126
1270394,131
1266485,134
1099379,128
1404662,193
1396212,214
1025197,215
1437767,193
1242898,345
1087842,351
1374875,346
1333723,331
1206548,348
1193522,323
1055113,395
1319063,337
1033641,322
1349975,253
1086605,36
1491536,30
1381527,213
1490168,207
1115261,19
1470240,22
1343554,29
1003166,26
1076264,29
1198829,40
1436892,38
1336163,47
1359435,43
1406006,41
1228411,38
1095767,43
1479107,46
1433670,25
1112065,32
1170791,252
1345683,199
1433582,234
1228255,211
1312287,232
1193512,190
1443615,242
1430898,257
1492660,215
1307783,148
1227060,333
1174088,343
1456565,345
1420269,348
1304477,671
1308904,879
1077994,440
1495715,374
1399551,382
1183503,277
1195179,135
1441260,123
1454430,118
1044544,111
1203407,113
1292029,107
1222883,128
1037300,132
1221223,136
1462723,116
1402079,47
1324129,44
1310176,37
1395065,34
1399254,69
1422826,66
1322590,32
1403469,34
1432116,29
1113063,26
1332509,139
1446201,130
1149507,132
1415178,112
1053667,119
1197479,121
1123521,136
1253597,145
1131618,174
1110181,105
1072892,22
1366226,26
1406814,24
1399900,22
1453972,22
1143501,23
1384906,22
1299966,46
1349681,38
1462077,38
1191532,52
1410443,54
1277208,54
1089516,33
1473125,36
1025898,45
1481945,154
1342457,87
1399342,34
1262038,27
1158328,36
1444289,37
1211619,30
1041733,39
1359903,44
1319788,49
1094142,47
1186546,45
1243712,59
1443685,55
1160800,74
1112142,55
1343542,56
1034394,47
1250665,101
1366207,184
1168628,149
1462832,160
1319647,83
1490847,80
1327465,76
1242046,63
1410134,54
1267932,46
1290868,171
1023440,170
1259984,156
1003155,150
1490242,162
1201903,156
1483945,166
1280071,157
1345002,145
1427380,135
1342252,93
1051272,100
1121108,104
1067445,78
1341870,81
1054616,72
1069917,76
1128963,68
1094414,53
1215898,51
1052668,264
1144863,249
1221336,243
1343682,224
1313499,240
1017949,221
1452342,256
1118519,249
1327104,235
1071026,180
1076214,600
1187657,1345
1295030,568
1085476,525
1385886,577
1284793,563
1308836,2243
1205106,2153
1101970,445
1021912,405
1277491,25
1318189,19
1284961,16
1396542,16
1441218,15
1308789,17
1170472,233
1326395,190
1102915,203
1490422,186
1338949,189
1400753,174
1281302,203
1262498,197
1373759,209
1020854,148
1079691,83
1373162,83
1313922,78
1470329,93
1043208,74
1498149,78
1209198,88
1130285,95
1350042,96
1015074,79
1390579,305
1436947,301
1045739,270
1318087,322
1223698,380
1436625,362
1383644,472
1045356,503
1121593,538
1114635,393
1488584,24
1010075,25
1363457,23
1078002,21
1380388,20
1147439,21
1138141,244
1236945,236
1369433,225
1379985,213
1424254,247
1441674,259
1280345,269
1022802,242
1166846,236
1377696,202
1173823,315
1217625,709
1164729,258
1326219,260
1068568,258
1003219,240
1278744,1652
1066418,1518
1410131,217
1298180,156
1473058,331
1463455,323
1248427,324
1173141,360
1471497,392
1455556,376
1305973,454
1456111,472
1311369,532
1084924,381
1394807,123
1002603,127
1345677,115
1174767,92
1237037,87
1477215,73
1266148,69
1285970,78
1347126,51
1239988,45
1424446,58
1380755,62
1179458,47
1013425,33
1207452,31
1404575,23
1461727,30
1083782,30
1318780,27
1154806,28
1222837,47
1494714,53
1452148,46
1442947,32
1105018,40
1182886,47
1475789,31
1224009,52
1092076,41
1190987,33
1435748,497
1301304,476
1110939,576
1390665,525
1445202,1210
1429305,1288
1093306,824
1122466,713
1017266,2151
1398485,1624
1426610,51
1068662,65
1419823,69
1072966,88
1186069,38
1490467,32
1123207,34
1494119,36
1405706,33
1211830,26
1457528,49
1208175,67
1257230,21
1211873,29
1321469,25
1454866,21
1101141,23
1221444,24
1438300,138
1190997,139
1053941,134
1083391,127
1187634,133
1154076,121
1373500,150
1102839,158
1083225,154
1165740,131
1196726,26
1364592,30
1458526,99
1008710,92
1014602,27
1010378,18
1084749,30
1442543,29
1458994,23
1337584,197
1031733,195
1106938,204
1481223,212
1448207,212
1061949,205
1470638,240
1202732,218
1091243,213
1260998,153
1095889,39
1008708,39
1234865,38
1388725,33
1053371,28
1369483,25
1189443,27
1338379,27
1069031,29
1429960,26
1186964,118
1202630,115
1269934,119
1339581,124
1436109,110
1101500,147
1023599,183
1442172,186
1157371,117
1051519,391
1053169,409
1385699,438
1107959,445
1144512,394
1289744,339
1350862,463
1374335,396
1055230,401
1095155,325
1448374,49
1122401,50
1160411,46
1066841,50
1320649,45
1118447,45
1046582,44
1467232,49
1023000,50
1363046,40
1048888,224
1440463,222
1480971,203
1104556,189
1099037,241
1382085,244
1426428,248
1342409,226
1003012,225
1210445,192
1342393,91
1476851,130
1376464,99
1233406,99
1150316,105
1153339,97
1282883,109
1412451,103
1352136,102
1041636,65
1028680,126
1488449,131
1470231,133
1196664,138
1135015,135
1222652,131
1419491,155
1261676,163
1377965,160
1337424,139
1390104,326
1401313,328
1439166,351
1197083,330
1224626,341
1044870,310
1395535,373
1031550,359
1058951,368
1272619,287
1355143,122
1077979,120
1247091,114
1239269,120
1401108,146
1244411,144
1106091,174
1409870,126
1419636,147
1396890,128
1046653,308
1101904,278
1359440,296
1324289,319
1268704,309
1064201,268
1332108,301
1219927,253
1111265,259
1201333,173
1282305,58
1015273,38
1003496,54
1333430,64
1253867,59
1487063,44
1371085,51
1254330,65
1385952,66
1341588,54
1133297,318
1088344,317
1269200,334
1494636,309
1257870,300
1141742,293
1321297,331
1368535,285
1437216,278
1109703,222
1179278,23
1255632,26
1187631,59
1418705,69
1041291,29
1436774,27
1455799,28
1143109,64
1011891,62
1098671,71
1331472,50
1470509,55
1336461,50
1167780,54
1121948,49
1021401,37
1052604,38
1363995,297
1136010,163
1232767,185
1290532,160
1428670,177
1394002,160
1391373,208
1405516,186
1237484,173
1060387,128
1478644,332
1109347,325
1144523,344
1355267,282
1114402,675
1251813,546
1009379,410
1006717,381
1376856,308
1164305,236
1467138,43
1469634,41
1126946,57
1142560,68
1034126,67
1405173,36
1264903,61
1116430,55
1118886,84
1452755,49
1300311,40
1181698,40
1413278,42
1325912,37
1424801,75
1385976,65
1126583,34
1411848,35
1245639,32
1074197,44
1258810,47
1355439,45
1391099,36
1094315,56
1011887,81
1403191,46
1218617,22
1344068,23
1057905,22
1354317,21
1023964,23
1368796,20
1395219,20
1407735,39
1262889,40
1345333,37
1471495,42
1392516,43
1373275,54
1437465,36
1414571,34
1134995,37
1170554,31
1171279,147
1314329,130
1077953,31
1073741,26
1323445,39
1411845,34
1245004,25
1205164,82
1357235,86
1056761,85
1292906,82
1374092,102
1344550,110
1177395,131
1351443,104
1428011,105
1190207,89
1074105,72
1203176,135
1272135,120
1021670,125
1321867,97
1084372,60
1373961,66
1435336,60
1176491,51
1321540,38
1262383,96
1007731,104
1018360,96
1041924,87
1459762,112
1486936,91
1355001,103
1418344,98
1334087,91
1304546,77
1096482,133
1008772,138
1499988,132
1269910,112
1471306,123
1290508,111
1234301,114
1455478,124
1382910,85
1111577,72
1186445,206
1114751,193
1463133,204
1366545,185
1345589,183
1097457,178
1207501,226
1206620,177
1166459,190
1189297,141
1155036,379
1034867,829
1054736,381
1030998,377
1131331,416
1225246,384
1232890,1348
1426081,1196
1476284,355
1482150,278
1190145,32
1289484,27
1052303,26
1454730,20
1423762,21
1327489,19
1259996,20
1051651,139
1001905,91
1224660,103
1076185,87
1143891,96
1175181,73
1075374,105
1044528,108
1105318,119
1017270,53
1154559,152
1112058,159
1387533,169
1337831,159
1225379,163
1201924,155
1227658,177
1119868,184
1152662,192
1276162,169
1025721,418
1457412,405
1251774,423
1380718,446
1262455,512
1043759,467
1153098,585
1142567,631
1044267,648
1263998,529
1133681,16
1322128,16
1381323,16
1143816,15
1097664,17
1091771,17
1404076,17
1481626,157
1427862,172
1300692,149
1004607,141
1285568,184
1089895,158
1111467,182
1428614,155
1410589,145
1255320,138
1112459,224
1276338,524
1104702,174
1146677,171
1417511,187
1137692,172
1199840,963
1302643,1040
1009642,396
1001037,130
1276142,271
1333143,258
1487777,245
1395108,306
1042584,319
1274476,298
1055703,365
1247424,401
1302516,429
1171030,295
1257617,98
1365501,94
1257346,105
1474262,75
1410391,76
1065521,64
1478066,69
1108700,63
1306433,45
1286442,46
1389878,60
1231344,48
1333981,53
1424822,31
1138058,34
1492576,29
1409649,37
1001450,33
1308291,30
1133040,24
1071661,30
1018080,38
1478849,32
1383628,28
1226202,28
1127373,26
1065120,35
1354994,31
1450673,26
1115906,351
1004246,322
1176343,380
1358268,394
1016244,1488
1168290,1372
1497528,451
1487577,440
1261598,1317
1210751,1040
1465377,39
1049616,72
1054088,69
1014345,85
1157820,75
1008109,38
1296788,36
1129632,40
1270431,37
1095162,65
1469210,59
1157584,37
1414860,24
1357223,27
1387218,30
1137145,26
1112572,25
1104172,27
1088612,24
1230896,82
1345259,80
1006250,76
1310622,75
1166099,83
1431128,75
1072570,99
1115681,99
1220849,99
1048938,81
1285263,27
1438175,91
1229282,94
1349904,29
1264314,23
1007527,29
1483373,32
1197587,22
1116996,80
1286575,80
1323853,92
1349597,77
1174376,98
1259305,92
1446318,92
1165802,90
1134201,86
1352852,56
1496897,40
1188175,38
1378200,40
1214209,34
1137486,33
1242539,29
1241717,31
1060354,31
1138143,27
1060806,168
1297235,165
1249239,166
1024103,183
1318385,187
1015306,173
1102204,215
1331093,244
1112099,262
1096804,180
1150467,157
1145033,153
1206358,152
1497477,147
1153911,151
1248932,155
1459766,191
1153131,167
1491472,165
1136775,117
1440883,65
1485910,67
1107925,68
1432815,65
1028235,77
1490043,66
1494266,76
1150869,69
1245747,56
1331957,116
1088564,126
1306940,111
1018699,93
1448364,133
1036363,97
1383483,121
1213867,111
1029199,104
1032834,99
1498066,49
1439262,63
1376645,48
1142228,53
1343351,43
1269436,47
1301125,56
1379552,60
1287518,46
1021872,146
1291288,151
1451221,147
1091430,154
1396310,170
1120159,142
1217315,172
1142552,173
1468892,182
1050380,144
1106879,159
1309039,157
1344699,204
1488800,152
1244775,171
1020796,162
1263671,198
1497604,190
1053653,188
1297442,159
1483833,141
1088765,135
1135371,137
1185079,136
1414429,171
1124700,181
1097789,215
1469614,162
1089927,177
1092532,159
1454364,268
1271463,262
1009181,257
1438685,289
1013485,266
1100145,246
1488304,293
1480437,220
1058997,228
1242119,170
1175167,136
1341146,71
1337250,90
1047318,104
1293562,98
1494999,94
1093795,106
1202102,120
1387050,126
1454073,105
1412672,315
1387977,325
1085005,323
1333190,317
1314140,299
1457102,291
1029390,363
1035747,311
1124009,274
1353005,230
1106138,40
1172262,39
1173109,77
1070986,62
1330214,33
1348534,36
1400294,33
1287371,31
1197492,34
1429191,136
1016691,134
1498160,119
1150323,108
1230498,112
1250530,96
1114903,109
1473148,101
1336352,78
1041201,66
1207875,428
1441899,457
1088601,427
1336659,389
1211198,421
1051921,388
1131960,480
1215447,515
1278933,477
1274572,369
1152272,624
1120199,588
1263854,607
1489178,569
1298616,1143
1479853,1054
1481165,822
1022706,734
1332316,693
1185615,553
1006532,208
1496202,171
1228432,186
1278894,208
1165880,213
1252492,173
1150452,263
1207023,264
1482128,216
1287733,220
1170969,64
1139622,56
1026791,59
1350098,53
1405296,52
1019197,44
1440115,66
1130244,73
1154927,68
1440235,48
1489750,49
1458738,47
1383402,39
1292308,84
1146229,68
1247834,56
1086618,40
1008385,33
1220660,30
1281563,115
1381705,93
1036303,84
1392380,74
1120250,75
1163736,67
1382021,91
1144237,89
1346381,93
1338612,77
1054864,35
1372965,36
1333426,36
1356004,32
1024747,28
1120011,26
1385060,28
1490527,28
1324608,27
1153097,28
1407062,48
1399725,77
1055663,74
1238317,58
1334149,57
1252107,68
1014424,47
1045929,45
1076974,34
1276400,232
1048870,262
1282969,277
1052757,256
1215424,280
1497593,278
1259844,331
1161985,326
1493763,347
1322822,293
1325888,132
1238350,132
1059632,126
1373882,152
1368795,138
1498061,126
1090724,165
1083415,172
1292299,164
1308336,132
1358623,56
1000662,56
1248470,310
1339347,251
1348246,44
1316602,33
1391976,76
1232445,57
1202382,44
1036178,53
1034611,285
1374733,276
1448305,272
1420537,282
1304263,374
1265562,391
1374023,468
1172343,307
1022093,343
1056075,316
1335255,68
1140702,164
1403528,160
1098625,178
1249422,121
1233077,66
1004548,61
1086671,61
1371703,64
1450481,39
1402597,120
1050351,133
1409072,109
1365294,91
1050495,182
1038405,170
1360974,124
1092395,128
1133574,115
1237123,113
1393567,119
1050202,123
1051269,115
1294662,120
1416111,113
1347737,109
1437947,128
1125457,129
1222122,78
1443391,69
1444649,262
1101109,252
1394444,256
1412054,234
1469601,249
1369165,235
1408164,291
1266701,267
1335307,256
1294489,199
1325002,524
1115161,1490
1022436,484
1009320,470
1059149,555
1381797,486
1182231,2879
1365708,2343
1170204,404
1288220,393
1057573,39
1476812,34
1302236,32
1088753,20
1290461,23
1339397,21
1004423,405
1182211,421
1287217,393
1364719,391
1393217,364
1372970,355
1255664,452
1343873,448
1182906,428
1349421,371
1086209,264
1263662,238
1400162,239
1322060,265
1407685,278
1256423,271
1366093,339
1091579,347
1218417,345
1086325,259
1219510,99
1258031,96
1254371,94
1366427,105
1140603,100
1394553,96
1315638,98
1210068,139
1303043,120
1208742,96
1441678,151
1310240,148
1183018,145
1465748,154
1416451,124
1067886,137
1147342,163
1027770,153
1086495,165
1115754,147
1236999,1025
1129005,950
1060160,954
1139012,1009
1009801,1075
1499374,1042
1130038,1210
1136954,1234
1214539,1261
1341789,1098
1245261,27
1256719,31
1314459,23
1200620,26
1105095,26
1320422,26
1207536,287
1490420,289
1367274,282
1198611,271
1079668,431
1214548,350
1351077,326
1276935,326
1220000,316
1201804,278
1255670,198
1178631,1103
1187815,154
1232901,167
1041132,358
1165069,191
1067128,2240
1296288,1756
1482384,105
1354149,130
1199822,525
1306963,508
1352289,537
1487534,567
1043614,580
1388656,558
1464836,695
1072381,713
1388909,707
1280894,603
1437743,54
1096922,51
1125018,43
1092303,39
1150462,31
1422780,37
1426062,37
1299613,32
1339963,26
1047669,49
1431233,45
1395626,47
1138941,44
1027348,37
1126025,32
1484689,35
1224719,41
1001894,46
1045452,49
1253965,572
1273495,522
1427581,571
1182139,585
1295304,2114
1421037,1379
1270843,678
1074647,700
1382460,2723
1241247,2405
1167949,63
1363403,85
1489033,113
1086137,124
1374063,87
1099116,46
1139669,53
1403410,58
1359459,53
1363262,33
1001524,90
1277278,54
1040180,70
1441382,23
1118212,33
1021448,36
1103660,30
1320976,33
1122586,29
1405315,39
1432075,145
1214183,125
1254559,152
1420772,146
1284435,145
1490537,137
1395998,173
1375781,170
1343300,159
1046381,143
1106454,45
1044419,52
1152711,340
1142883,251
1149305,27
1495438,62
1334966,60
1244264,42
1226196,53
1299559,193
1114519,192
1065280,209
1484962,208
1207808,210
1473304,207
1406454,250
1209617,231
1027031,220
1498763,170
1241244,49
1455780,49
1454724,48
1477134,43
1330995,40
1207514,34
1399018,34
1262276,35
1431194,32
1427037,29
1269656,144
1472696,148
1031228,143
1123593,154
1319830,156
1468554,145
1219034,173
1481004,207
1439152,191
1368778,169
1254681,237
1471178,224
1172228,235
1040523,229
1488427,244
1367962,244
1353492,287
1466210,314
1117823,328
1159601,260
1245385,244
1364335,290
1469871,288
1333035,278
1117868,256
1335106,262
1122846,312
1466980,294
1485499,298
1141529,228
1144903,83
1337479,88
1073830,91
1422858,102
1112045,82
1401547,85
1275465,91
1309030,96
1318453,93
1149470,80
1254290,177
1459998,177
1070652,162
1464131,149
1442610,239
1092384,269
1326611,206
1098833,199
1175421,191
1105577,168
1084506,56
1228415,95
1455355,81
1329060,69
1343251,87
1222999,64
1274850,95
1275996,66
1343377,60
1494843,38
1329590,165
1219468,163
1405838,174
1148515,260
1127606,218
1003132,167
1194753,231
1090177,213
1086521,219
1002439,161
1215373,218
1310434,273
1162008,259
1499690,252
1164966,234
1312179,245
1055616,291
1416327,265
1460374,256
1417288,214
1145961,194
1370257,192
1128571,189
1271253,188
1318179,269
1471607,278
1466744,347
1063250,246
1159917,280
1237960,250
1328513,668
1470893,607
1278366,602
1117505,647
1395759,662
1118718,601
1412625,724
1047563,567
1178879,546
1432042,468
1497989,336
1343340,229
1160549,259
1162252,263
1174967,280
1402905,319
1249355,394
1051286,417
1082555,357
1494002,300
1468736,429
1476289,432
1248662,416
1245505,383
1316510,388
1164569,391
1108976,465
1386393,392
1488071,362
1073468,311
1096522,51
1460063,53
1233398,224
1109675,165
1011640,39
1376882,35
1241681,66
1170489,46
1094898,40
1158425,46
1154663,126
1334262,124
1308881,123
1259517,122
1292623,124
1224591,109
1439789,128
1291420,134
1215295,79
1216208,72
1213249,294
1469431,247
1230216,274
1209533,260
1308993,274
1432440,229
1102468,301
1446868,274
1334640,259
1192568,195
1150058,240
1211349,232
1430745,229
1284527,181
1493152,661
1163720,740
1430286,510
1161810,232
1134065,231
1200718,140
1164145,58
1401174,53
1240971,51
1022654,45
1067611,57
1068928,72
1168286,112
1084785,74
1342342,87
1342060,61
1046255,41
1275184,40
1100005,40
1181108,34
1284846,68
1362043,69
1129309,31
1167386,36
1382153,29
1359621,85
1394966,90
1076123,81
1051967,74
1337804,108
1265780,100
1073998,115
1027170,116
1029422,114
1384721,93
1466652,15
1150331,15
1211169,14
1375138,14
1090971,70
1227742,92
1345960,87
1014733,96
1068702,95
1373444,80
1212321,106
1119341,77
1356353,86
1282158,40
1366995,80
1301880,42
1005450,15
1468001,13
1125354,21
1447544,19
1229650,20
1253863,27
1497718,105
1164662,210
1365958,166
1348953,186
1315684,113
1285364,72
1109511,78
1345131,142
1394786,61
1215065,55
1288325,121
1122843,117
1233710,143
1005691,127
1009524,127
1306525,100
1060469,131
1013479,120
1215019,104
1183058,93
1191625,22
1480072,18
1305847,16
1382421,313
1345514,323
1106834,336
1155281,296
1075698,303
1160642,276
1415496,337
1111687,295
1441059,277
1041033,216
1282016,759
1465194,1261
1448283,744
1295058,709
1414292,803
1441562,745
1370349,2162
1180580,2555
1121635,553
1140363,501
1194629,12
1039245,15
1399293,14
1358027,15
1273681,14
1077324,14
1143939,140
1167629,133
1026590,137
1225294,119
1199817,114
1255746,98
1356165,133
1350163,124
1415607,130
1233177,34
1343032,33
1065027,35
1398744,33
1252753,30
1390345,30
1063055,38
1344083,45
1136200,43
1458915,34
1492614,177
1468175,174
1127745,166
1356109,195
1288414,245
1186700,214
1088403,284
1133590,296
1155657,338
1348738,238
1492120,14
1406300,14
1467493,14
1297855,14
1365916,186
1207858,187
1011274,203
1096972,188
1218618,252
1189930,222
1321235,234
1238309,200
1137912,193
1302339,173
1452067,387
1232785,954
1230100,854
1258282,324
1444665,325
1045971,295
1195640,2067
1032181,2044
1150358,196
1109305,183
1203473,238
1052376,221
1275300,221
1168517,234
1164780,258
1412431,244
1215826,313
1198539,343
1281207,363
1400789,257
1142733,23
1058741,17
1108175,13
1322786,45
1251536,43
1316879,47
1347430,25
1379600,27
1190160,34
1488976,30
1096987,24
1330271,20
1341115,25
1180055,33
1276549,41
1055810,40
1174252,36
1250701,27
1470418,47
1084864,40
1072273,23
1187272,440
1161844,417
1116856,480
1240063,481
1265862,1341
1348612,1313
1106972,793
1256383,639
1190784,2173
1183641,1630
1122583,95
1074978,145
1263468,171
1011094,165
1451907,110
1288551,65
1134380,122
1193006,116
1175490,59
1055561,44
1076029,53
1391420,33
1288625,33
1429794,25
1080632,23
1165848,22
1283777,17
1155338,83
1260314,40
1337184,21
1428300,18
1321456,263
1023661,256
1108274,269
1005857,270
1299973,257
1308249,265
1039535,311
1386232,286
1312142,271
1216941,212
1076663,53
1116062,51
1373635,54
1223580,45
1206844,41
1184897,44
1399955,45
1172075,37
1194003,33
1079689,91
1130535,91
1031756,88
1064667,89
1099811,113
1265941,96
1077243,121
1228516,144
1490318,142
1253513,84
1208934,671
1499504,651
1312260,630
1300527,603
1204831,632
1087121,591
1045978,687
1346635,636
1358565,607
1466288,493
1466754,18
1291832,26
1497662,22
1037408,124
1003413,131
1244549,134
1046988,123
1042431,121
1495101,102
1397621,136
1195397,115
1363375,108
1400481,99
1272743,98
1030286,113
1056144,94
1207447,110
1465823,108
1391318,90
1081976,126
1282233,108
1435085,89
1335889,67
1233904,38
1247038,39
1332561,39
1194391,42
1303746,40
1274777,39
1305701,56
1363596,58
1010627,53
1368398,48
1325982,480
1089445,544
1147836,527
1483095,510
1479101,538
1457020,489
1438318,599
1130482,573
1363049,534
1171208,436
1495316,28
1419230,28
1411042,28
1406706,28
1202211,36
1491671,36
1314238,49
1497076,40
1465417,43
1160226,194
1390427,205
1493066,197
1484452,172
1228658,196
1261892,165
1248921,216
1117788,164
1297961,176
1123998,104
1284677,32
1476365,19
1431889,19
1305212,23
1036985,27
1170347,36
1317986,38
1307819,36
1015528,257
1325298,250
1448339,288
1137782,232
1253487,233
1178473,243
1275767,279
1110700,285
1158069,241
1479826,199
1232444,0
1320678,12
1281517,106
1029038,105
1397931,114
1303888,111
1070644,116
1448552,116
1438074,115
1070011,97
1095052,127
1232434,152
1071259,150
1002687,74
1289203,245
1423217,356
1471087,224
1049389,138
1099913,90
1113318,61
1229001,61
1433304,59
1401068,64
1187242,56
1359625,74
1185356,71
1040153,69
1008719,54
1350206,20
1495173,21
1128689,19
1001023,29
1285359,27
1420413,20
1342540,16
1079649,16
1154251,105
1185029,101
1067710,107
1416184,102
1093010,94
1226046,74
1255874,108
1480365,110
1240015,127
1072056,90
1010331,12
1059861,12
1096264,10
1057847,33
1267848,35
1353281,31
1435910,38
1133468,50
1271548,17
1257128,31
1458370,15
1303550,53
1081423,72
1176395,62
1452747,77
1249598,49
1453716,36
1301192,41
1451676,40
1157287,52
1189803,31
1147480,78
1423216,83
1286899,82
1480723,64
1406611,93
1357260,90
1170208,90
1097908,83
1415920,73
1271099,64
1217407,110
1011881,129
1407485,142
1295630,105
1053847,116
1144343,125
1478102,137
1025390,121
1302448,105
1246317,92
1010666,252
1313421,945
1000698,181
1092126,183
1473499,256
1209421,215
1387028,1497
1061134,1215
1162193,175
1099223,157
1412109,16
1023342,10
1461384,11
1317056,128
1039007,131
1300140,131
1335882,117
1286846,118
1459159,111
1406375,135
1254323,135
1421326,120
1036769,89
1188121,24
1288839,25
1452281,21
1423886,36
1429192,31
1170773,14
1343976,14
1008860,25
1208057,24
1398096,98
1094768,105
1458256,109
1469568,124
1042422,127
1281477,110
1427545,153
1398303,167
1297500,169
1184259,95
1247248,15
1050335,190
1389117,178
1091327,170
1191903,187
1473941,222
1361611,188
1390206,188
1067572,185
1462163,177
1022601,152
1436514,54
1428766,699
1031474,0
1205829,26
1470414,74
1330416,59
1215711,1021
1234303,862
1459527,90
1091726,104
1494166,76
1425078,78
1280912,88
1101451,86
1102535,103
1192441,83
1095607,110
1367089,124
1159398,129
1234591,63
1276836,14
1114189,13
1364745,14
1217742,10
1066010,9
1108218,10
1226604,28
1330739,23
1234421,19
1265219,21
1199333,21
1083928,48
1041818,9
1270599,209
1287231,203
1412408,227
1349144,231
1224252,873
1395552,650
1402396,340
1215113,291
1078367,1512
1206651,741
1197899,28
1286540,37
1248828,48
1085236,63
1208237,19
1482243,25
1056066,35
1248566,19
1076486,27
1214421,20
1016268,19
1394274,21
1216050,110
1198442,108
1181286,113
1242834,105
1320866,101
1479494,92
1338420,139
1234957,108
1470791,110
1183173,95
1342205,120
1221456,116
1265965,123
1468194,119
1130150,136
1146521,107
1243690,146
1144351,135
1025173,121
1272944,95
1219707,63
1007209,47
1082299,51
1067520,49
1352924,49
1410275,44
1039372,61
1256674,77
1295791,94
1236452,44
1058027,81
1274554,90
1329740,121
1167347,103
1451883,88
1198739,102
1117758,121
1452199,112
1254860,93
1194661,76
1309274,13
1131716,14
1283793,14
1218947,134
1383534,139
1349711,137
1224002,121
1138335,159
1390060,136
1443567,157
1060435,136
1393922,115
1224512,107
1095238,23
1221251,26
1405406,23
1284661,34
1478516,34
1223492,127
1112602,141
1040307,159
1081076,133
1359075,130
1087231,149
1191560,181
1044549,152
1128096,134
1381724,104
1461471,17
1439341,17
1211903,20
1213401,30
1070053,32
1279096,35
1251454,32
1213767,33
1071776,21
1015899,52
1068960,48
1428482,47
1493778,44
1084126,53
1166141,36
1059119,70
1344297,39
1172465,33
1192321,0
1171256,20
1105799,14
1252385,20
1086394,20
1323071,17
1089737,22
1399894,35
1336059,37
1114250,21
1157695,68
1059960,73
1323156,66
1307832,47
1430672,56
1083044,54
1019952,78
1310874,57
1206124,49
1467171,19
1292159,240
1200761,186
1152578,208
1165400,184
1468823,210
1233718,187
1067345,228
1272924,247
1064613,236
1417327,169
1080513,323
1196458,341
1443469,303
1375742,283
1072649,639
1309132,448
1290854,422
1127315,335
1441457,339
1165142,250
1049952,47
1310650,46
1236773,43
1173994,72
1441700,52
1402904,39
1376912,64
1308727,67
1064523,73
1043894,58
1063256,37
1455058,41
1078273,38
1242551,31
1330929,52
1315562,50
1228679,27
1015454,33
1217178,26
1377098,59
1382624,54
1309943,57
1234906,61
1319758,59
1142998,50
1078062,81
1396355,74
1377697,84
1131561,68
1095178,30
1115944,33
1274803,30
1095602,26
1067896,29
1221106,28
1368829,27
1002660,39
1006792,58
1466488,45
1367222,43
1022457,43
1104908,49
1225707,33
1061460,56
1340502,24
1279583,27
1183707,81
1394734,75
1168535,26
1410114,39
1156319,32
1197604,33
1215697,21
1320069,59
1444887,69
1475387,64
1346305,60
1177114,78
1002289,86
1361334,103
1020355,79
1342654,75
1315254,66
1098380,54
1349856,101
1468813,103
1337198,110
1179388,64
1215476,50
1122716,57
1406481,56
1373420,36
1102059,107
1065427,118
1004198,95
1141401,84
1225795,111
1414811,89
1047239,97
1229693,102
1224714,94
1192829,80
1081848,97
1157252,100
1462830,116
1386971,76
1338138,84
1181514,76
1089558,79
1365949,80
1441761,55
1025825,52
1010248,164
1304450,169
1045376,180
1425432,162
1029668,166
1116525,171
1100793,212
1174284,177
1054029,164
1364193,135
1366962,270
1453619,511
1129900,262
1433846,268
1475443,276
1086519,274
1213738,1810
1241413,1578
1217461,204
1074355,181
1250684,23
1185761,24
1148006,23
1242359,19
1070040,18
1009282,22
1140020,18
1134901,19
1123975,17
1366099,294
1050241,190
1162092,217
1061294,184
1274168,187
1149165,155
1323957,211
1280976,219
1278113,220
1210708,161
1339465,233
1338896,225
1483889,223
1315614,234
1278314,223
1043794,215
1283121,254
1101191,265
1415650,290
1401680,238
1460445,304
1180058,331
1462684,296
1138520,339
1317061,385
1054840,364
1438974,466
1002774,472
1159437,517
1089638,418
1127397,24
1415166,24
1435778,23
1128032,22
1076832,22
1392837,188
1454709,198
1179231,182
1182033,163
1029988,286
1042837,217
1219095,210
1376260,203
1463761,190
1227644,176
1317620,131
1453388,639
1399359,80
1490375,103
1097563,118
1092587,112
1109919,1284
1427406,1168
1211765,95
1130959,65
1448306,281
1419811,268
1265062,255
1425904,293
1125938,330
1202900,309
1095568,369
1300715,391
1376035,404
1247963,320
1233461,61
1336037,68
1167286,52
1468046,41
1004508,43
1135287,39
1380028,38
1163632,30
1409352,31
1013469,41
1004938,40
1105636,39
1095364,30
1047991,31
1448323,26
1399603,29
1496729,27
1298382,21
1005003,20
1401766,29
1465689,26
1193331,28
1438123,25
1098604,23
1367860,21
1370235,22
1450299,27
1457399,15
1256980,284
1247682,295
1217450,289
1399546,325
1484802,1013
1045267,812
1083456,473
1025693,428
1229151,1845
1472239,1379
1141854,53
1275306,68
1190954,71
1232183,85
1225479,45
1228546,32
1082302,28
1220988,32
1488412,26
1462286,23
1272933,48
1012794,45
1060379,23
1322864,34
1422003,88
1261322,67
1361920,42
1011082,35
1198185,66
1155781,62
1460971,60
1217608,62
1464015,58
1092728,52
1443211,85
1319853,89
1224204,83
1161246,70
1225127,26
1244297,28
1492404,56
1266882,77
1115336,26
1100363,21
1386771,29
1228144,27
1456463,32
1209430,26
1057256,88
1220699,96
1011026,100
1181307,101
1306278,114
1034430,99
1363491,122
1263946,108
1030522,105
1208582,77
1288919,45
1188398,42
1257603,39
1444572,35
1195794,31
1277054,29
1324093,34
1457210,33
1374108,29
1074202,28
1431907,145
1486660,132
1087576,137
1050233,142
1132252,150
1095838,147
1369255,175
1034963,197
1223053,207
1267677,143
1485310,116
1473546,127
1426101,151
1332522,137
1102609,136
1384611,129
1136040,157
1415673,142
1036779,132
1083181,103
1313017,93
1122743,93
1059507,95
1143434,101
1123578,90
1175471,89
1420158,111
1171896,108
1340676,103
1281560,113
1158519,121
1071538,114
1036619,96
1158312,118
1066536,142
1133053,113
1251379,122
1100091,112
1149857,104
1047198,54
1136864,79
1179725,73
1306697,60
1281504,71
1327389,51
1055921,72
1101152,71
1182646,76
1424279,40
1105421,246
1445716,247
1079973,232
1458467,249
1312972,242
1088756,249
1267746,288
1232711,299
1457306,317
1011235,278
1471277,138
1181771,158
1231442,163
1193500,161
1200482,152
1348404,148
1436025,185
1290134,158
1033917,175
1179301,129
1081725,129
1393415,135
1389608,129
1352022,133
1279211,161
1472093,177
1242163,211
1430423,157
1489595,166
1336018,154
1373525,232
1090212,230
1209604,224
1270455,234
1333274,238
1247242,210
1483471,239
1157862,182
1094134,197
1340562,142
1188903,155
1421956,105
1069594,124
1032110,140
1221954,132
1089247,120
1400695,135
1431873,148
1057308,153
1392873,141
1375319,192
1336737,187
1197957,190
1355864,175
1064517,173
1228726,176
1133114,204
1388842,176
1069600,166
1010212,135
1350266,100
1404848,35
1364685,41
1322930,44
1014899,39
1024487,37
1054349,98
1299746,98
1255402,93
1313903,79
1169066,77
1378577,64
1100250,82
1217224,82
1255217,58
1119655,54
1342352,889
1308085,906
1444143,877
1176836,880
1107618,926
1247310,855
1076251,991
1230370,1112
1405510,1047
1044169,887
1128832,1238
1356616,1165
1242991,1139
1229614,1450
1054269,2103
1386650,3084
1428923,1466
1199404,1364
1424116,1323
1017704,1154
1488050,594
1266608,575
1461971,567
1069314,601
1295765,645
1313113,605
1156774,653
1020945,702
1008568,728
1397328,612
1479955,157
1278982,154
1466318,148
1114726,147
1050846,153
1326323,136
1354098,169
1392774,172
1088550,171
1065051,148
1442994,151
1404802,150
1448322,139
1453906,123
1184605,315
1080267,229
1063685,151
1141097,153
1237041,138
1193161,116
1456560,165
1291901,156
1330248,169
1102993,139
1171305,153
1394882,155
1013097,186
1490074,189
1358294,198
1068255,178
1342445,35
1291172,34
1325526,27
1404721,25
1401858,23
1247641,27
1323579,28
1008571,28
1029555,113
1060085,202
1178756,180
1335690,184
1038438,181
1255410,169
1300405,243
1369944,128
1426505,164
1299024,132
1057752,861
1412748,847
1364620,845
1261442,882
1245205,905
1064070,845
1309278,1006
1208235,972
1284797,1033
1148320,873
1176349,164
1451180,168
1341426,170
1389218,170
1212530,181
1340756,175
1445687,205
1001480,234
1285713,246
1016498,209
1238649,335
1209840,322
1449539,55
1478559,48
1390158,73
1494723,53
1323348,44
1139353,62
1358455,364
1031442,377
1051268,362
1061096,369
1012652,509
1182370,510
1334101,616
1339935,384
1321554,411
1439931,382
1116026,179
1118461,301
1129761,292
1305470,381
1119279,255
1186970,147
1374360,180
1376618,171
1249682,163
1445557,142
1013212,252
1245740,232
1212302,233
1336986,221
1012718,439
1455753,393
1414107,453
1108487,326
1145767,285
1074126,236
1327909,114
1187865,113
1209194,119
1020515,123
1342004,117
1309704,105
1392386,128
1089782,134
1303695,75
1095152,68
1473553,587
1079855,540
1242295,549
1010465,537
1020507,563
1293282,530
1396363,645
1022752,618
1357421,548
1410617,472
1139996,841
1053955,2472
1093507,668
1144866,734
1128043,793
1267998,749
1093360,3808
1494011,3810
1342237,767
1409426,613
1080952,53
1357847,46
1111725,48
1220749,33
1115692,26
1028364,28
1260258,30
1118887,33
1322939,30
1234117,820
1287542,776
1159595,786
1001266,766
1181256,767
1170613,755
1403354,871
1076195,929
1264257,877
1195502,764
1125151,858
1377611,864
1415079,752
1432411,781
1090138,824
1484042,799
1394148,939
1241695,996
1295216,994
1384543,859
1020876,141
1144384,146
1158488,146
1087275,151
1481135,151
1330803,143
1243616,170
1356902,190
1144010,195
1177817,170
1257211,71
1068853,69
1385807,71
1197420,66
1227153,66
1066210,62
1011221,83
1459794,88
1467815,93
1245659,73
1306935,1907
1349929,1846
1391689,1784
1350008,1856
1017175,1995
1230601,1942
1353563,2089
1460117,2114
1366885,2160
1096075,2002
1063639,44
1350493,46
1262949,42
1403427,33
1146723,32
1332594,29
1018381,35
1255521,35
1004292,34
1224437,31
1437923,469
1083487,406
1472309,418
1217589,421
1214056,933
1343584,942
1352012,790
1115630,578
1260544,476
1304453,410
1268487,385
1123692,1832
1068143,429
1190711,366
1359339,418
1025909,389
1338479,3222
1290319,3290
1409429,433
1105783,253
1399041,1023
1185779,1020
1055011,1018
1080864,1091
1247741,1124
1041516,1143
1157213,1295
1168450,1370
1392666,1401
1024666,1184
1141823,68
1242035,78
1181156,80
1038064,76
1398988,79
1473452,76
1310422,82
1108032,89
1055296,55
1220126,54
1113589,99
1491605,100
1299696,96
1280568,77
1313893,77
1330955,62
1208004,69
1173016,67
1462080,57
1375355,40
1230094,124
1025866,122
1451107,121
1416531,89
1282054,87
1450921,70
1161156,89
1091126,98
1252445,91
1433536,68
1339034,1676
1142781,1564
1335631,1574
1134459,1725
1493457,3371
1174658,3531
1247295,1450
1256335,1647
1295935,3643
1232035,3542
1485405,134
1231774,191
1411004,188
1291762,329
1499681,212
1232710,97
1096139,141
1460120,126
1366542,116
1125681,88
1243692,131
1367348,79
1025160,80
1156586,46
1499625,92
1336867,29
1336320,43
1344543,33
1222669,48
1105933,311
1073276,282
1215795,268
1471342,280
1495234,282
1182328,261
1138810,332
1142707,315
1231327,326
1299213,285
1015842,38
1362249,48
1202195,312
1495580,251
1196447,54
1091996,69
1498511,47
1258236,61
1223314,585
1397885,586
1265343,596
1067951,596
1343456,627
1283754,533
1170441,651
1373829,648
1152698,573
1200354,465
1445388,83
1248715,85
1013539,83
1198405,72
1352697,69
1061216,63
1029414,72
1456131,68
1048715,63
1438492,46
1216741,180
1306218,184
1080375,187
1428386,195
1377936,198
1276173,191
1268572,230
1179178,251
1043271,260
1309384,220
1129929,546
1046382,536
1183543,572
1478269,575
1117518,616
1173083,588
1037186,732
1174472,762
1427657,755
1403435,653
1088835,330
1450335,389
1380455,426
1073789,415
1276695,419
1203994,368
1136726,454
1298827,441
1247598,428
1440729,361
1115349,93
1078995,107
1316171,105
1229599,95
1133642,86
1210879,79
1496663,94
1376737,101
1238615,99
1063947,82
1314432,303
1149171,286
1087492,285
1362637,270
1274851,559
1164898,497
1407146,575
1123371,402
1291337,342
1231383,307
1186826,217
1031599,270
1456388,249
1115977,259
1370192,273
1496330,259
1309382,361
1327692,223
1099768,264
1086319,202
1295236,257
1333324,278
1145620,277
1048752,291
1390781,355
1185214,255
1192395,322
1095976,339
1331958,343
1432224,308
1115994,316
1035138,426
1435247,447
1336877,431
1316005,388
1174524,401
1166020,472
1180767,473
1113149,452
1199960,359
1214772,241
1222650,254
1379128,236
1163871,237
1463945,340
1119237,355
1002773,441
1142372,278
1359413,330
1278587,281
1364919,1281
1267877,1147
1371429,997
1258322,1339
1177282,1363
1177106,1436
1301531,1506
1219857,1006
1280093,1116
1152242,952
1394171,385
1110233,238
1028580,296
1163127,298
1313914,308
1109985,288
1452309,335
1264964,348
1044536,372
1311855,319
1202702,657
1468486,611
1431695,622
1112281,599
1166618,622
1335465,583
1444591,690
1062590,657
1088084,594
1246139,497
1244026,50
1202324,47
1482606,277
1149079,233
1283300,26
1318802,64
1276791,56
1063475,42
1199348,60
1056121,93
1148243,96
1271065,105
1121352,99
1195327,89
1310472,107
1012275,114
1013681,62
1057017,267
1081755,227
1329157,245
1016607,242
1097417,227
1273607,215
1030030,254
1102375,281
1014321,251
1460731,177
1209388,411
1079093,404
1009864,402
1232226,377
1212390,926
1015514,787
1026288,564
1342395,431
1317334,397
1499718,317
1144252,64
1266770,65
1345020,64
1498588,58
1081567,64
1136800,62
1404563,80
1048698,91
1379696,101
1494614,69
1044262,39
1318421,43
1051497,36
1181919,71
1155905,68
1494117,25
1409682,32
1278364,29
1390694,26
1370833,116
1443525,116
1428650,114
1447715,99
1224368,129
1160516,96
1224600,122
1379561,129
1221505,126
1025904,111
1417093,34
1258195,30
1090477,32
1424192,27
1112094,25
1355719,27
1179255,24
1248962,25
1283105,46
1103749,64
1108210,41
1032155,44
1192611,39
1282019,27
1200477,56
1409201,33
1385955,27
1369859,28
1355820,48
1010486,185
1279865,133
1497126,41
1492673,30
1468197,54
1067239,43
1194966,41
1359094,33
1267904,157
1066283,166
1064134,168
1257133,165
1223316,144
1395167,136
1353989,156
1422291,124
1298285,127
1236996,107
1001765,89
1080677,127
1197159,111
1382993,144
1079574,55
1418919,56
1483390,55
1298823,57
1173925,47
1476878,39
1233803,116
1431428,127
1329543,105
1162793,94
1387275,127
1323908,110
1322958,105
1268053,113
1305051,106
1350344,93
1374893,78
1035507,98
1176675,96
1295932,72
1201353,79
1013966,67
1063382,83
1375806,76
1072425,49
1183053,50
1166233,207
1150804,194
1459959,214
1028758,181
1470426,201
1045457,184
1107904,236
1330464,199
1191436,195
1041527,145
1309992,351
1083320,775
1144631,357
1229991,368
1141624,383
1266359,348
1257289,2358
1450042,1801
1408203,216
1366613,221
1326039,34
1414267,28
1351716,20
1101161,23
1343335,22
1415914,227
1066165,243
1084729,191
1332928,209
1307584,207
1122837,178
1101186,233
1472746,210
1481360,204
1097637,156
1178734,132
1385359,143
1313891,133
1372544,140
1095090,143
1103849,133
1231318,152
1342423,160
1489884,158
1050683,136
1093651,487
1009004,533
1447838,522
1339194,593
1027184,659
1366421,599
1395557,763
1382148,761
1066186,804
1437787,666
1273643,23
1138260,18
1250575,21
1391663,21
1409188,193
1249625,209
1431237,191
1236537,178
1266099,268
1409991,247
1026632,220
1221355,226
1247935,213
1277356,185
1307732,185
1185822,934
1123946,160
1045423,149
1030906,174
1207533,162
1187581,1766
1210149,1354
1239382,120
1175679,77
1112711,342
1374089,358
1118795,346
1140639,399
1083175,427
1492620,408
1175595,500
1381389,500
1252196,526
1125403,433
1119217,59
1277459,57
1453409,60
1242979,51
1175963,49
1429994,44
1072318,54
1023198,31
1173743,32
1407808,50
1007837,51
1439868,30
1035955,33
1294097,25
1419467,29
1059549,28
1003296,24
1050250,23
1164254,58
1329352,59
1318629,55
1497364,58
1372971,43
1382213,60
1168538,40
1007065,51
1436260,45
1131468,35
1065864,372
1373382,379
1204938,416
1497299,405
1369939,1555
1413077,1340
1329521,492
1014278,412
1322531,2378
1386627,1997
1021800,54
1122164,55
1023106,76
1437074,30
1377719,28
1025301,25
1046935,27
1452681,22
1493038,23
1098698,64
1309145,48
1468663,38
1069977,21
1408414,31
1345178,29
1460552,21
1059627,22
1452397,22
1426515,22
1295518,87
1387877,84
1361789,93
1064474,74
1124284,86
1417174,83
1386814,100
1301623,110
1427811,110
1026720,86
1251710,37
1234209,38
1004166,139
1438196,151
1484353,27
1429143,50
1111111,46
1118109,37
1292839,32
1422430,112
1328104,105
1320587,122
1428499,110
1140562,127
1280840,115
1137543,150
1313904,125
1255247,126
1311217,90
1232936,36
1043919,33
1342245,31
1214809,27
1233222,26
1274357,26
1033582,23
1290145,22
1105210,229
1079607,223
1229556,226
1358305,235
1495092,231
1075788,231
1462272,281
1487211,302
1278525,315
1072156,246
1261277,218
1411806,282
1078267,269
1378172,265
1386744,266
1130416,226
1404114,285
1455416,260
1445438,254
1185819,208
1004773,89
1251663,82
1336507,87
1131973,81
1143972,76
1119395,70
1336287,76
1096741,85
1414362,85
1064559,71
1099973,120
1409973,124
1406534,113
1378401,98
1491481,134
1085482,114
1110998,106
1352488,114
1287516,108
1021170,97
1498407,69
1280562,88
1201803,88
1079291,61
1179921,76
1182796,67
1096333,91
1339580,82
1030469,83
1222532,71
1248761,158
1223245,163
1328456,166
1264900,163
1064669,163
1329624,160
1388838,187
1041615,203
1345269,206
1188222,174
1392665,219
1123137,276
1250396,270
1422156,270
1254126,255
1194437,246
1348159,298
1016063,291
1465923,262
1419496,220
1269147,292
1170430,291
1320738,282
1326260,296
1374077,317
1199340,311
1368664,367
1179933,278
1150951,296
1388915,274
1137052,308
1230372,298
1173501,295
1018139,307
1469771,310
1110475,273
1151876,302
1473267,252
1388450,257
1375965,200
1363025,229
1008936,130
1245398,164
1084912,176
1012482,176
1175740,170
1110002,193
1480871,231
1364896,222
1229308,194
1053113,291
1196459,266
1417926,283
1071157,264
1137622,270
1343829,265
1247675,300
1210915,276
1106162,269
1132122,217
1152116,33
1139349,30
1403955,121
1128118,105
1066140,29
1313652,38
1233389,34
1200593,31
1233269,527
1346803,525
1469088,511
1188853,530
1435699,544
1398730,498
1422241,567
1214165,618
1003508,571
1154152,450
1314712,739
1114271,637
1418277,635
1297826,765
1268774,1596
1172613,1520
1149489,900
1389759,821
1378974,824
1213880,636
1115848,88
1225685,88
1075296,89
1329857,106
1068883,119
1296744,59
1394552,86
1081878,172
1037238,167
1049689,104
1217530,116
1112317,113
1451006,133
1322215,122
1227037,110
1388600,103
1133186,150
1122416,156
1275720,134
1362231,118
1010045,91
1438085,87
1179844,78
1304407,63
1461529,160
1412828,109
1371428,75
1218504,71
1383239,62
1074332,41
1042152,127
1489069,127
1199888,147
1010784,138
1338040,141
1077390,122
1186594,158
1076876,158
1408837,170
1310252,129
1497911,26
1436420,26
1095697,25
1318923,24
1318975,21
1069820,22
1413457,22
1129290,25
1184847,70
1055182,120
1085489,99
1442787,93
1359966,96
1001227,79
1246966,128
1456174,140
1274250,75
1082997,54
1213692,141
1128539,132
1126645,159
1439027,152
1169895,168
1142898,154
1041277,184
1390925,168
1368563,195
1123106,153
1352791,97
1365509,100
1299335,107
1155033,103
1441502,107
1080640,102
1131289,117
1416439,138
1167023,130
1115834,102
1085711,30
1078579,38
1222068,279
1381996,209
1384957,26
1463347,28
1211180,56
1004884,41
1292684,32
1181766,42
1378441,326
1039589,317
1484787,282
1307650,274
1393168,387
1147260,438
1160873,580
1390275,332
1490077,384
1426206,356
1161308,116
1202035,229
1063781,198
1255540,253
1189624,120
1011928,72
1416477,93
1213176,79
1466824,84
1318823,57
1186515,139
1241768,141
1281060,126
1106118,108
1397917,148
1230287,200
1058025,153
1004209,139
1035823,131
1373037,116
1308254,102
1007918,96
1437367,103
1148491,105
1461261,101
1084812,94
1239648,106
1320070,114
1046692,72
1320872,56
1112072,405
1426307,406
1233434,398
1204311,387
1270286,384
1241151,372
1106195,462
1362527,420
1373822,401
1088651,334
1371692,684
1170712,2119
1097376,749
1425470,532
1338306,591
1059092,590
1236134,3440
1420579,3448
1313750,442
1251701,377
1004232,47
1436746,35
1195929,34
1249534,29
1280255,21
1036895,21
1275145,24
1400554,23
1120021,542
1040633,547
1310818,519
1031907,547
1205122,551
1195293,516
1121684,611
1335302,651
1323910,609
1394931,494
1002479,181
1185698,186
1387808,193
1182612,189
1299452,155
1398759,201
1219014,242
1329042,261
1079212,192
1079402,222
1157925,57
1395999,64
1238279,62
1352454,61
1201572,63
1171633,59
1114558,65
1007921,82
1231837,83
1372533,71
1153580,63
1051401,68
1487987,66
1122589,66
1198363,74
1311137,59
1392561,77
1037381,84
1327930,81
1286218,70
1375145,1175
1354719,1101
1416624,1086
1162670,1097
1473999,1201
1415730,1159
1070101,1344
1149110,1426
1268657,1411
1125034,1269
1161652,29
1311386,32
1353828,28
1109541,26
1141616,20
1087687,20
1086947,24
1449835,23
1256323,21
1427597,22
1037754,360
1076695,340
1086034,344
1053303,316
1112214,685
1301567,582
1259161,440
1170392,426
1061037,407
1285893,348
1492646,201
1460894,1846
1322240,153
1007261,143
1287191,465
1277198,506
1285653,2618
1286918,2669
1325803,225
1041443,141
1232446,659
1381352,674
1168965,643
1300191,682
1391636,707
1475935,692
1413562,858
1129712,908
1181753,911
1094992,761
1208353,60
1166543,56
1059366,59
1039066,65
1460911,57
1436368,47
1006634,54
1226340,55
1402413,27
1187793,53
1076982,50
1478638,48
1470811,42
1027092,35
1413435,37
1311896,34
1026289,29
1163098,38
1092729,56
1161082,48
1465666,46
1398850,60
1319787,34
1304626,49
1292616,53
1344823,64
1189234,52
1253767,682
1487539,644
1238994,711
1195948,710
1220112,2683
1015880,2333
1228793,787
1042610,751
1028951,2992
1160784,2760
1397871,64
1442844,147
1069635,156
1358312,178
1015296,71
1379372,49
1302018,54
1194770,53
1233925,58
1345656,34
1219740,99
1364228,50
1307805,12
1494681,22
1494207,22
1253660,21
1410707,23
1055553,26
1126416,26
1328139,174
1349919,178
1456099,191
1167640,174
1183385,169
1403233,175
1332523,211
1299844,212
1481979,202
1334903,185
1004153,19
1195817,32
1445345,326
1173304,288
1073388,31
1085281,49
1173989,47
1124624,34
1049773,45
1390667,319
1102785,305
1071583,322
1469131,353
1393329,324
1168040,323
1375615,389
1491239,358
1336140,376
1208757,280
1196539,47
1340721,46
1107889,43
1161557,34
1448615,31
1217383,25
1482831,29
1387153,30
1198020,30
1021889,29
1022048,120
1281758,124
1190579,119
1300537,121
1109701,119
1260746,115
1393954,128
1421839,151
1278023,151
1451124,129
1219527,396
1430679,400
1080688,415
1009989,425
1058103,453
1109571,450
1192976,573
1112770,601
1458923,601
1098294,512
1319718,537
1428028,233
1160528,243
1293845,284
1390673,253
1469818,258
1209263,292
1058889,303
1218519,262
1416073,234
1062487,62
1410365,64
1005997,65
1462622,72
1425740,55
1090497,57
1067884,69
1072910,75
1011254,123
1169260,59
1319069,229
1046319,232
1255725,216
1038138,201
1459768,433
1499428,339
1146280,293
1328949,269
1253401,257
1160220,232
1050512,93
1213511,140
1237764,116
1461783,116
1019125,119
1276137,104
1358552,141
1121022,151
1479610,103
1062718,68
1119057,112
1062577,118
1072243,119
1138775,164
1094329,106
1280108,157
1158916,125
1148925,158
1273103,156
1326093,138
1037885,600
1204846,218
1362909,229
1025813,214
1257262,223
1338047,204
1411743,280
1371064,228
1470068,225
1101170,203
1462001,192
1281969,196
1120747,190
1119858,193
1464503,341
1454907,279
1112783,391
1153201,243
1033222,298
1317246,227
1279653,673
1259804,629
1330889,622
1456783,740
1451338,716
1455484,672
1463806,820
1293785,652
1092809,631
1255924,505
1238303,166
1273884,96
1321003,128
1421408,137
1323018,135
1291907,130
1191059,145
1226492,170
1109928,167
1359763,149
1020875,541
1479459,517
1126519,514
1243938,481
1011707,508
1055572,465
1202213,561
1112551,530
1318608,454
1171492,383
1346505,236
1399035,128
1410195,18
1428200,22
1450681,39
1230794,35
1111998,26
1458521,34
1089466,91
1013318,91
1266827,89
1356906,84
1015954,89
1277060,80
1167480,94
1218228,97
1410761,42
1060769,826
1261517,820
1429715,792
1008750,745
1275945,791
1227991,722
1432316,847
1153718,959
1092779,1561
1461917,716
1087803,1103
1140643,1073
1257290,999
1451317,1228
1424992,2172
1065017,2772
1195936,1251
1404821,1235
1384273,1095
1218303,924
1300007,441
1169576,436
1483754,424
1248165,458
1113702,453
1455324,437
1313776,537
1077395,549
1140455,577
1139004,451
1397517,130
1160121,139
1111558,137
1466321,125
1138171,122
1014190,99
1038757,139
1263194,153
1473297,156
1196301,126
1364052,169
1038561,161
1061158,167
1170498,148
1334067,315
1354259,241
1045566,166
1137247,172
1325543,151
1362836,137
1220386,109
1106959,110
1152967,126
1280185,109
1165417,117
1270138,116
1207627,148
1058052,136
1180711,152
1093029,130
1267791,40
1310051,39
1407193,40
1197290,32
1261533,31
1453402,29
1406646,31
1016126,29
1097438,139
1016091,201
1311629,180
1004022,169
1298135,175
1078562,163
1254708,235
1494605,132
1370522,159
1079860,126
1220471,591
1485377,636
1403428,590
1230061,630
1402669,665
1231858,638
1351261,754
1274271,808
1377695,800
1207970,682
1183373,147
1345983,149
1070992,146
1329876,152
1471648,157
1035888,152
1349583,179
1063439,203
1408273,211
1201464,170
1477543,49
1390256,56
1178105,392
1443203,316
1394524,70
1278543,32
1474327,82
1348414,66
1390594,47
1309800,57
1392815,395
1115483,395
1148318,391
1205809,395
1497444,517
1095215,518
1056960,646
1251999,399
1188139,452
1134444,396
1124612,150
1463839,262
1405337,267
1045963,258
1404679,171
1487809,113
1008500,152
1346088,162
1309473,143
1440765,120
1351627,197
1441768,198
1370126,210
1292794,193
1308071,249
1470794,292
1164141,243
1170897,234
1077235,224
1205460,190
1256077,110
1135420,105
1425475,112
1104883,115
1070616,111
1119638,104
1287436,128
1390833,132
1130338,80
1221218,68
1013813,622
1210130,603
1113889,590
1131919,591
1347100,624
1203738,574
1216417,689
1075536,654
1248608,591
1231823,508
1284997,781
1392430,2190
1250311,637
1343332,964
1158805,830
1302808,770
1315927,3630
1390178,3604
1319088,779
1400730,649
1049345,76
1173186,64
1310002,64
1401748,50
1127622,37
1352703,40
1196939,46
1062100,43
1464385,40
1261795,34
1441938,817
1202667,779
1144183,753
1279884,787
1067326,792
1174713,753
1039677,867
1070775,932
1090686,863
1351993,772
1486124,517
1177585,519
1119464,530
1181642,533
1235863,570
1169391,559
1405637,614
1413868,654
1162780,611
1006063,526
1218918,125
1221805,134
1351968,133
1276334,134
1176666,136
1490962,131
1209534,146
1429093,177
1207337,173
1237384,139
1149222,111
1117923,110
1166830,113
1120717,134
1499239,105
1102466,106
1197506,130
1298538,140
1134036,177
1061156,104
1306954,1890
1342909,1823
1244760,1787
1431361,1871
1276681,2005
1148958,1946
1184174,2070
1323560,2112
1066229,2124
1025558,2006
1272226,49
1345224,50
1180576,49
1400678,41
1494631,38
1041253,33
1085653,41
1036898,40
1255825,35
1166811,33
1312936,380
1313089,361
1109924,384
1335860,372
1287145,707
1176669,673
1458693,514
1129849,477
1491799,432
1051349,380
1443980,223
1213478,1811
1488938,271
1236270,200
1448872,257
1152021,224
1233583,2523
1254865,2617
1446649,212
1123458,148
1413179,904
1064720,859
1333985,873
1485965,937
1045179,935
1034980,930
1055582,1113
1444798,1149
1059223,1152
1047097,947
1328392,96
1249257,96
1345965,118
1189952,100
1030558,100
1379280,92
1257501,112
1054115,126
1454949,65
1395932,57
1346914,89
1478318,82
1075796,86
1383931,65
1285934,69
1215738,57
1060380,67
1378187,63
1095715,51
1297712,41
1037218,97
1125921,108
1226436,95
1132112,82
1034182,78
1282516,62
1456846,82
1439256,95
1303607,95
1471480,66
1309280,828
1316821,860
1068449,950
1244417,1088
1460277,2916
1141964,3143
1341807,1124
1374690,1270
1116327,3124
1395446,3116
1318251,120
1464601,219
1227075,215
1429094,246
1433405,145
1318005,99
1092639,136
1499150,135
1076176,113
1272010,80
1321757,175
1330209,119
1099026,121
1493281,46
1164689,49
1498076,52
1319999,56
1448350,53
1421711,44
1038221,43
1297481,264
1342441,267
1065384,267
1457965,262
1047619,267
1116321,250
1199733,300
1253782,295
1164408,296
1045723,255
1408514,44
1248845,57
1361418,443
1266589,369
1289418,44
1306674,34
1282683,75
1007581,57
1007038,46
1191930,59
1289632,288
1265199,291
1394596,322
1399350,325
1090499,348
1207469,311
1337311,397
1478789,364
1191669,352
1316515,286
1074816,109
1450974,103
1316042,103
1179169,87
1271167,80
1001293,73
1274820,82
1498345,75
1461834,65
1076787,152
1099423,153
1253791,156
1405583,166
1128016,174
1148287,164
1336749,197
1121493,230
1300038,227
1469353,197
1379869,504
1364543,480
1209429,497
1336922,513
1184984,561
1033802,531
1102254,623
1069100,681
1251110,700
1422931,614
1396463,384
1384942,448
1267286,470
1080373,556
1453390,384
1460261,421
1118334,494
1216971,463
1314150,438
1062635,360
1197947,135
1429990,142
1328020,139
1000304,156
1413854,137
1058705,138
1059717,151
1120318,160
1195881,157
1133957,129
1333350,304
1395760,288
1141879,291
1106071,265
1424549,460
1188351,432
1404749,377
1402018,337
1408756,323
1184746,278
1247919,228
1348282,273
1425154,243
1005220,246
1368923,256
1238630,238
1272350,303
1184813,235
1243023,235
1415987,199
1134877,198
1116838,210
1242837,207
1461295,284
1304951,183
1231273,210
1259733,259
1431813,270
1244857,255
1120215,232
1089252,390
1169044,460
1488310,475
1311865,502
1130736,443
1253835,451
1198939,522
1141237,504
1220100,486
1251272,411
1389126,246
1028984,250
1210725,244
1439307,246
1276761,351
1038564,365
1487161,469
1204026,291
1058780,341
1198260,307
1409283,1097
1369586,1009
1208466,989
1105224,1181
1160660,1181
1070798,1103
1436213,1277
1262471,922
1040294,986
1148180,809
1174904,462
1310941,237
1072061,308
1096891,315
1050753,315
1372237,307
1480355,350
1464692,371
1205643,395
1255449,327
1343936,677
1024894,646
1225695,609
1327670,614
1136102,614
1029371,571
1108374,674
1313682,647
1446388,583
1061253,451
1256773,56
1156707,52
1225914,340
1188906,231
1175099,45
1213251,31
1318948,70
1140044,55
1453448,37
1482127,56
1492186,123
1451729,133
1175655,138
1232270,149
1386092,130
1146127,154
1007031,157
1252790,88
1208015,87
1460898,284
1472216,279
1497186,276
1281556,272
1319241,291
1211603,273
1200918,304
1489205,319
1345123,298
1436473,214
1412634,285
1004840,300
1370737,292
1148097,239
1230329,456
1264189,447
1471564,342
1207436,339
1117271,334
1456785,234
1034638,101
1321713,139
1229492,87
1017228,103
1347864,117
1358884,111
1157643,159
1014275,197
1273605,130
1492568,148
1429233,67
1373773,52
1103191,55
1184979,60
1261848,55
1460475,51
1171496,88
1341287,77
1149009,78
1075015,77
1363384,49
1207153,40
1311230,28
1445660,59
1388607,46
1339201,30
1255252,27
1093143,27
1239147,21
1428924,66
1232381,78
1448200,83
1347708,83
1362845,71
1125996,95
1015315,92
1100625,96
1102718,74
1366224,17
1442450,18
1070689,16
1459302,16
1214871,16
1103295,52
1402841,91
1453915,75
1204065,75
1429149,60
1256007,93
1288466,54
1212811,48
1244220,44
1230918,165
1146830,119
1283364,130
1366050,115
1202304,172
1374456,152
1284388,203
1298741,222
1361024,204
1085139,133
1115757,61
1164611,58
1071986,59
1062774,58
1465544,57
1156252,62
1338188,79
1475777,79
1363760,61
1298841,25
1331898,153
1339825,87
1078026,16
1110323,31
1164425,30
1154567,98
1384956,82
1409353,84
1010862,77
1183882,196
1438307,152
1149805,183
1038249,101
1288149,107
1217865,85
1170575,51
1459362,91
1350029,95
1467669,101
1014675,69
1280197,41
1220931,43
1336050,51
1299433,47
1024888,37
1306844,72
1365486,75
1177550,66
1131156,51
1343038,117
1420346,101
1147021,87
1476298,81
1342290,58
1122492,30
1369700,33
1020027,36
1206446,39
1306114,36
1125550,41
1348293,34
1188771,36
1482727,205
1057243,204
1126452,205
1342786,185
1384345,200
1479026,191
1400837,224
1386993,189
1024697,181
1117768,137
1433636,296
1271523,741
1413066,232
1052429,278
1080624,329
1433782,300
1429517,1717
1211453,1617
1148474,222
1403075,158
1326194,23
1179865,17
1298419,14
1455874,15
1177955,15
1071207,14
1288752,376
1167747,317
1467746,312
1122163,302
1200111,310
1282157,277
1072327,337
1358293,343
1179258,341
1433034,287
1242400,175
1183728,104
1480985,153
1309302,152
1129620,162
1140646,175
1364451,209
1404202,225
1196684,233
1134530,185
1287497,62
1105062,59
1395783,61
1105017,61
1148887,60
1209537,56
1261074,58
1165109,77
1008951,80
1025002,63
1021362,28
1248311,29
1127567,27
1294035,29
1005287,28
1408576,26
1476703,31
1138460,41
1455947,42
1499341,44
1257724,544
1138065,549
1331635,546
1089050,566
1209677,616
1178390,590
1232486,750
1165663,752
1115081,766
1294491,635
1172071,16
1065500,15
1395805,15
1335487,15
1483824,15
1417531,17
1078215,145
1196339,143
1325211,136
1196940,112
1222681,239
1075794,259
1054169,180
1285808,158
1207618,138
1336847,146
1481561,72
1430507,839
1273196,22
1402786,22
1313810,81
1422861,63
1182953,1305
1431576,1330
1336624,44
1358256,11
1466648,331
1217089,318
1275462,318
1461365,345
1159522,347
1442492,346
1426884,419
1223006,413
1257596,442
1313402,346
1076417,28
1113562,29
1306781,29
1437817,26
1095654,23
1037188,23
1193062,22
1116791,25
1078593,28
1301677,26
1431143,25
1335729,19
1273431,19
1291651,16
1046453,24
1270301,30
1321242,20
1027253,22
1013732,21
1024533,24
1027745,23
1401756,334
1200397,332
1336135,341
1127302,343
1086163,1327
1158899,857
1418131,448
1011342,425
1383378,2007
1329788,1457
1413355,35
1453914,72
1165320,79
1057838,90
1302966,63
1035293,34
1021717,34
1428648,40
1437108,49
1166881,34
1390263,49
1221841,37
1393273,34
1408322,17
1414454,22
1214045,23
1039828,25
1179927,83
1254793,89
1351626,81
1361626,98
1474171,94
1020749,83
1283888,105
1218770,113
1493085,108
1104390,95
1392730,27
1124619,26
1027577,53
1215288,79
1011785,23
1010577,25
1204806,29
1174460,149
1013394,147
1263967,158
1498604,143
1124137,148
1040051,132
1291601,166
1095188,153
1073321,154
1205283,122
1248898,27
1442657,29
1016320,30
1350450,24
1050645,22
1295212,24
1120237,22
1448221,22
1041643,51
1241401,54
1286172,51
1348808,55
1200960,57
1069495,53
1375220,57
1280709,73
1363658,71
1192217,60
1254129,188
1298211,170
1226852,173
1080756,176
1357125,191
1037900,173
1018982,213
1206804,223
1434708,238
1350481,183
1356462,102
1206990,120
1374639,125
1248955,123
1488819,110
1314173,119
1422028,152
1474301,130
1421735,121
1329364,105
1297374,66
1205205,65
1267715,65
1096759,60
1371599,57
1196904,58
1275453,60
1205146,66
1195095,64
1157236,54
1200113,77
1405527,78
1412772,72
1191506,58
1286282,121
1393333,106
1456278,80
1199618,76
1209903,70
1166888,65
1417296,51
1233935,76
1447608,68
1070930,59
1347324,59
1421863,47
1423458,70
1314357,45
1472011,51
1202692,38
1204108,54
1320421,54
1157131,50
1493504,63
1027269,48
1071193,52
1153084,63
1154191,69
1319139,65
1223887,55
1113523,113
1198977,133
1114413,137
1388713,119
1394714,119
1159948,136
1323802,171
1194854,145
1470372,143
1048695,110
1225474,77
1287737,65
1239768,64
1289902,60
1113656,147
1369685,153
1266061,173
1011495,91
1298947,96
1293685,81
1045465,390
1081681,375
1421624,398
1451474,417
1163083,420
1083920,402
1031606,467
1133029,346
1003561,349
1290934,283
1020564,166
1178892,63
1119268,73
1493433,83
1264710,79
1318684,71
1289831,80
1387575,101
1364643,107
1254679,85
1326548,223
1258579,211
1429577,207
1057122,194
1132453,206
1452892,186
1430832,235
1481540,188
1405175,180
1261253,133
1198643,18
1371814,19
1211409,48
1108597,84
1397712,17
1087010,15
1187741,20
1488904,28
1051180,28
1447326,26
1312294,28
1037296,31
1066036,26
1274650,24
1360248,26
1313926,21
1376399,20
1197966,239
1108691,233
1407227,249
1156240,228
1359242,237
1101112,213
1396786,267
1214504,267
1305039,249
1066722,190
1010949,277
1257911,286
1155840,281
1005910,294
1268420,469
1499109,433
1022495,370
1050999,272
1481138,281
1388481,199
1412015,71
1176447,38
1253823,91
1494779,91
1036773,96
1208909,122
1248167,146
1392970,112
1444295,88
1057981,73
1297433,75
1064848,76
1323764,63
1020465,63
1332048,55
1089745,88
1310777,87
1455214,81
1189682,66
1097913,22
1218649,38
1138627,20
1483004,18
1465355,14
1095932,111
1086204,99
1347932,116
1323389,116
1360373,121
1369485,112
1156482,127
1473466,130
1107803,138
1361421,118
1124678,14
1075990,14
1400926,36
1383499,67
1126038,54
1286555,37
1375120,55
1159696,36
1088236,52
1217593,50
1136291,50
1317437,23
1461229,120
1183783,131
1343779,126
1335558,134
1221537,127
1081323,74
1389983,151
1261113,171
1387450,141
1338940,111
1067321,16
1051361,69
1030392,77
1155915,14
1229449,9
1132160,21
1152412,19
1489262,21
1116102,18
1086847,22
1348070,35
1241177,37
1413177,43
1180550,27
1366766,32
1198791,42
1327818,39
1331264,49
1204089,30
1053998,19
1077837,22
1329598,23
1246576,30
1485914,84
1299729,88
1460115,88
1299132,73
1137246,94
1251637,85
1221233,96
1151884,93
1187774,82
1156979,67
1204525,17
1347649,14
1493813,16
1140478,15
1482717,16
1166964,338
1246650,342
1436167,362
1354222,335
1135520,342
1087917,321
1025372,374
1105223,339
1119382,317
1412980,248
1264395,234
1199994,669
1264068,197
1102366,222
1411928,248
1302832,223
1430125,1723
1179547,1381
1432135,185
1423780,170
1271169,13
1177475,13
1284113,191
1182008,185
1065218,192
1405233,183
1275037,182
1474230,163
1215183,199
1435232,208
1143903,169
1358874,145
1014564,158
1206185,163
1392612,182
1309171,155
1126294,183
1339737,178
1337158,204
1429763,217
1092832,221
1066511,145
1344086,19
1210234,35
1080240,20
1156847,25
1028232,121
1262649,116
1453211,125
1262599,145
1495848,129
1342607,170
1358429,196
1475006,195
1009709,137
1492097,15
1006833,148
1406361,155
1308035,139
1018667,126
1360589,167
1387284,143
1037113,153
1216798,143
1413073,124
1418176,123
1472931,68
1484697,827
1160231,17
1104329,33
1176781,90
1399279,68
1016676,1230
1212768,1044
1401817,52
1076968,49
1127204,127
1454285,131
1230213,127
1216199,132
1338024,141
1316220,131
1261077,171
1499021,184
1384202,180
1327954,113
1221607,28
1289506,18
1421492,12
1075950,12
1085945,12
1298007,22
1431853,20
1164599,15
1484727,14
1251893,21
1149765,180
1225876,174
1415546,204
1078113,194
1490342,971
1143538,824
1342267,342
1442839,277
1137292,1658
1394848,839
1192413,24
1089505,33
1053247,27
1427058,40
1399010,27
1022717,24
1281547,26
1368785,19
1424511,11
1294222,16
1454421,126
1483482,115
1006934,153
1337295,151
1331277,141
1444811,123
1103642,172
1182198,169
1497051,146
1488795,146
1174921,20
1234400,18
1394502,68
1200823,78
1275837,23
1041452,29
1479766,165
1387983,160
1159217,172
1320682,163
1085106,167
1233601,150
1131145,202
1258777,185
1159193,192
1010363,144
1363486,21
1425117,23
1325405,19
1391577,16
1133753,16
1111154,15
1197779,15
1365246,18
1212707,114
1313597,108
1412241,119
1337684,90
1280026,93
1323007,105
1255751,92
1354177,92
1078929,80
1019057,105
1450808,94
1298458,87
1364650,56
1409575,21
1125328,16
1216882,12
1345389,95
1388295,95
1209508,111
1476668,86
1413395,118
1225315,109
1035195,110
1313839,111
1230384,99
1056205,84
1082698,63
1308392,81
1199853,81
1022140,62
1352470,87
1189345,54
1490265,62
1348230,38
1181616,22
1197754,26
1341473,26
1183839,29
1412036,26
1294587,41
1207154,32
1319547,191
1190103,219
1240755,222
1336172,203
1271870,205
1407766,198
1309964,246
1170529,215
1273445,195
1101540,155
1497398,26
1439873,25
1109486,26
1253988,34
1295721,37
1126045,48
1300636,38
1384325,39
1401376,30
1132739,172
1010460,176
1195857,174
1247979,182
1035595,197
1069260,194
1094702,241
1240856,154
1007680,162
1426661,118
1256382,18
1108013,26
1259378,21
1053053,30
1057181,41
1287446,28
1456020,229
1204510,231
1420426,224
1467938,199
1466987,209
1260987,197
1136679,245
1334365,200
1424034,187
1080646,138
1175393,19
1120564,26
1002584,56
1369039,63
1337552,16
1165405,15
1492488,24
1312853,23
1136587,24
1301621,26
1160572,22
1110622,16
1106150,297
1049172,240
1114784,280
1167505,250
1361792,280
1152503,223
1227862,302
1105779,305
1376356,276
1402031,193
1096623,108
1239656,116
1405703,118
1191021,113
1092472,518
1458592,409
1294843,278
1308629,266
1495955,146
1061848,128
1190084,124
1341158,115
1462124,118
1360840,107
1181465,132
1057569,98
1057633,131
1075114,147
1055398,135
1333295,117
1297074,23
1379038,21
1322503,34
1448129,32
1350207,20
1123031,19
1232610,130
1201589,121
1151450,128
1281317,107
1477767,113
1405278,107
1491066,140
1163517,151
1474008,146
1233979,121
1408360,13
1441467,20
1039188,31
1059972,33
1090412,23
1439582,17
1049512,30
1278377,25
1048840,19
1294224,18
1443887,24
1443342,68
1495749,55
1312759,26
1310930,23
1312840,28
1088172,51
1179491,59
1439950,59
1068923,80
1004841,28
1103936,28
1424143,28
1302670,27
1003271,23
1042443,23
1282737,146
1024017,140
1400061,125
1488713,95
1169855,124
1358064,112
1331832,118
1158324,121
1423816,107
1404581,95
1441739,191
1265839,198
1216683,206
1335875,182
1160156,182
1149327,177
1079856,224
1166586,202
1177025,178
1157387,135
1208736,308
1264561,635
1073671,269
1209675,284
1275754,323
1367936,288
1446165,1980
1234429,1798
1124690,233
1084106,182
1052283,11
1336838,171
1217775,138
1438573,167
1072145,154
1449639,159
1383383,132
1064086,163
1183107,156
1111109,152
1049747,106
1118719,21
1198172,24
1191230,24
1209839,33
1130885,30
1245977,73
1352817,72
1245183,74
1490092,87
1278462,104
1090267,97
1231613,133
1164334,159
1300150,169
1231259,105
1353044,139
1364881,134
1070795,123
1334338,97
1270230,136
1377631,115
1080033,120
1415642,127
1014478,112
1469693,99
1161439,106
1168002,755
1441244,91
1273528,73
1010262,107
1464628,102
1054992,1295
1424027,1257
1181485,141
1387632,40
1165288,112
1113019,101
1116213,109
1044947,127
1402049,137
1073679,113
1088866,153
1194180,167
1474476,180
1049402,106
1150785,26
1430351,15
1154657,17
1294881,16
1482963,25
1320236,24
1401300,23
1402219,18
1085905,26
1074853,25
1002726,20
1159511,257
1187456,258
1042038,261
1123472,259
1493200,1148
1302806,906
1407912,423
1446984,352
1183152,1766
1204185,1195
1108978,66
1199511,80
1083409,34
1118263,35
1218876,36
1167285,34
1252700,30
1445581,26
1127512,21
1085656,19
1321845,126
1455472,124
1027884,126
1394720,108
1074634,121
1308475,109
1139202,131
1049629,145
1495048,133
1255867,126
1063225,19
1274489,58
1155113,75
1012556,15
1136132,26
1057620,14
1367681,22
1127237,121
1123531,118
1087129,130
1337331,119
1255536,146
1025123,141
1492236,170
1168750,155
1186584,146
1456847,122
1075416,29
1372842,27
1240169,26
1014713,23
1345243,20
1227735,23
1088888,20
1333761,18
1158242,19
1081099,55
1242607,44
1495219,53
1401482,68
1318810,64
1400541,55
1024895,75
1046431,88
1068378,104
1431933,63
1271591,324
1421944,341
1184062,372
1057805,339
1076888,321
1181549,309
1211353,366
1201369,366
1041442,333
1080016,272
1194305,119
1215404,110
1373267,106
1317965,85
1102462,132
1228578,109
1450338,116
1140085,119
1353087,106
1399873,93
1199864,57
1427938,56
1040108,41
1232520,45
1140444,43
1491788,56
1017798,39
1078602,39
1432281,28
1474925,24
1487930,24
1062946,28
1250578,34
1251241,30
1054675,46
1430035,44
1320248,274
1384763,332
1373622,358
1226738,319
1329412,299
1475103,318
1222607,351
1202378,318
1191895,303
1446321,250
1116078,19
1438279,20
1260468,25
1307543,43
1412237,35
1008257,35
1287575,25
1187973,143
1432844,127
1041119,127
1308270,117
1365491,140
1355275,101
1152106,99
1099823,59
1054861,172
1000718,180
1184753,182
1086068,152
1128378,159
1195583,169
1497882,194
1104126,164
1317079,149
1282758,116
1155200,33
1324217,30
1473072,13
1343671,25
1026843,22
1125834,446
1189808,336
1441262,364
1055391,360
1296574,394
1448485,322
1075573,431
1349629,396
1024221,378
1209177,300
1043846,192
1187193,186
1401517,206
1451717,181
1137204,586
1394137,547
1293060,450
1084654,244
1235655,224
1198297,159
1356764,112
1146613,100
1337790,105
1005714,98
1047886,106
1490612,93
1248990,134
1106562,125
1197378,123
1296853,112
1402753,35
1425375,39
1028038,31
1345814,86
1498239,68
1440240,31
1313487,28
1172976,24
1173479,20
1108099,100
1140422,100
1476136,93
1183601,86
1392652,102
1281225,79
1076397,119
1455589,144
1427470,109
1378157,104
1249463,15
1159521,13
1007336,26
1492890,47
1416727,41
1274743,34
1060770,44
1304904,29
1420681,42
1046677,41
1331432,34
1392564,20
1007301,13
1087412,13
1070032,97
1307443,48
1141999,24
1409598,24
1279045,17
1423195,16
1488981,18
1133119,22
1452440,58
1132502,89
1407149,117
1282673,131
1268753,57
1284746,43
1005070,50
1019974,48
1309173,36
1480639,30
1446457,99
1362996,106
1090500,100
1304163,83
1078416,129
1059592,101
1162316,113
1158244,112
1366358,96
1314753,87
1286080,28
1335910,28
1006041,35
1249283,23
1461362,20
1015427,14
1358416,20
1020212,16
1248147,15
1378174,264
1215064,263
1442250,272
1075519,241
1182344,235
1160732,232
1334546,280
1166553,259
1450602,248
1267841,182
1253078,353
1102244,790
1189123,384
1003545,326
1304674,362
1428307,351
1142838,2251
1350187,2164
1074022,195
1431871,203
1437490,26
1466259,15
1253695,13
1286044,14
1283002,218
1382675,193
1272292,214
1480386,196
1365169,201
1384166,184
1497042,233
1363181,239
1294124,195
1009747,157
1283339,39
1267181,42
1332082,41
1315779,38
1265919,36
1130549,51
1468217,54
1117415,47
1177808,41
1020966,140
1210680,141
1007010,149
1426974,163
1167015,191
1208134,170
1088146,226
1384893,262
1295493,293
1237768,191
1025533,14
1473799,14
1178769,115
1386312,129
1129935,104
1441314,85
1154339,129
1308805,106
1094696,113
1268433,114
1357317,103
1068361,84
1281581,166
1112950,449
1394268,114
1356848,106
1115980,131
1215913,123
1260394,1697
1236784,1546
1131319,114
1207117,44
1470747,179
1410454,168
1329627,171
1053569,174
1098179,194
1489281,182
1230739,236
1117763,241
1016076,259
1020937,172
1018712,27
1045845,28
1329309,30
1161877,21
1226026,20
1492109,18
1040086,23
1412950,22
1340735,15
1233208,18
1151954,43
1288009,38
1273694,18
1488686,20
1193844,18
1257412,17
1015655,27
1316041,57
1296576,55
1400039,26
1194635,24
1313348,24
1119000,27
1027462,30
1371466,28
1134961,23
1485722,299
1143142,286
1272200,311
1387344,339
1138217,1540
1325439,1287
1072277,432
1314839,357
1443394,2112
1371303,1691
1110848,53
1205741,68
1442808,67
1323796,88
1032128,57
1467255,33
1132370,42
1087561,37
1123735,31
1319373,25
1494589,47
1395269,29
1319608,31
1414354,14
1120550,16
1168667,18
1039323,9
1174079,12
1138894,106
1332326,93
1443795,91
1269616,79
1432258,105
1147987,82
1295928,106
1287051,114
1158914,113
1361913,118
1136100,63
1395576,49
1125717,11
1185462,26
1494897,55
1135110,129
1269099,129
1313849,135
1120599,121
1180650,138
1092730,140
1411549,157
1202252,151
1323841,145
1102250,117
1340912,29
1150418,28
1225337,27
1168528,20
1043153,17
1456419,20
1243421,19
1010145,16
1018571,59
1069802,59
1401957,54
1404213,62
1316048,66
1158712,51
1479461,80
1208718,97
1185405,97
1198952,68
1474845,416
1157526,544
1148769,569
1070034,432
1140349,416
1137134,368
1410300,583
1101704,531
1294776,393
1027926,328
1420629,15
1104909,12
1287283,110
1261591,129
1478055,109
1275336,92
1492006,139
1373733,118
1133943,117
1134075,121
1252216,108
1365824,105
1422465,103
1066872,105
1335313,104
1474073,94
1164921,98
1348022,87
1253188,100
1018552,87
1346530,89
1339297,55
1220358,44
1301699,43
1406291,39
1467067,43
1025513,36
1312658,41
1465977,48
1276636,55
1322947,50
1443723,44
1088449,346
1038747,422
1074323,494
1425596,339
1365619,330
1343273,321
1162807,471
1212269,417
1132139,338
1132973,271
1318675,22
1121665,22
1157481,32
1127473,41
1171397,32
1057180,35
1147842,25
1152981,229
1355233,230
1151463,247
1002763,218
1354095,235
1392836,199
1283010,259
1394082,183
1094935,198
1151706,140
1200731,62
1141438,24
1399751,42
1108673,40
1273336,34
1238435,29
1295267,37
1459297,46
1018011,47
1159162,31
1278056,125
1023979,127
1226314,139
1071038,116
1373670,104
1056884,109
1362578,128
1094443,108
1389248,96
1243448,61
1413481,18
1360278,13
1378063,31
1166004,50
1418240,18
1484087,21
1040229,17
1300041,16
1316313,430
1308796,423
1139258,406
1493273,401
1296204,429
1184448,364
1102185,440
1015283,488
1335904,443
1132706,369
1247498,606
1111828,574
1050509,590
1225960,606
1127936,1806
1066415,1216
1358786,690
1090286,700
1161679,627
1432350,509
1374582,183
1185511,196
1386250,193
1008427,179
1172238,206
1019043,198
1103612,249
1393402,200
1232866,262
1021932,212
1295018,68
1114607,71
1359954,86
1019313,67
1059851,83
1476929,66
1410152,90
1220929,90
1319121,109
1236073,91
1309919,48
1274531,48
1327243,43
1077904,36
1296259,79
1244754,59
1455282,33
1496731,36
1197177,31
1324344,113
1280829,123
1343500,111
1132022,98
1259861,115
1231386,105
1372949,136
1095880,140
1321490,138
1015489,123
1080169,27
1397944,26
1198786,24
1264775,20
1384255,20
1421779,21
1185691,21
1434682,61
1354008,101
1408531,88
1466423,79
1356737,78
1189941,64
1088646,89
1392976,61
1303529,64
1280402,269
1233708,228
1482059,292
1493098,269
1347717,279
1408089,261
1444918,313
1433357,368
1339315,392
1384499,321
1121169,87
1441170,89
1084363,84
1283429,86
1279398,90
1259805,83
1083814,93
1489761,114
1207479,116
1100808,92
1078039,45
1409480,58
1375526,291
1475219,231
1065416,29
1133414,22
1203590,53
1454122,44
1300661,32
1307899,40
1051496,193
1029671,206
1319750,202
1130635,191
1281671,268
1116333,260
1312450,334
1001732,235
1452847,252
1341886,223
1224175,71
1223150,179
1060365,149
1055160,172
1435103,73
1159771,48
1388818,59
1058809,57
1343550,60
1039843,34
1092200,135
1495200,121
1046120,108
1001638,96
1192455,134
1405377,148
1041927,126
1189301,118
1340940,104
1461400,97
1326313,239
1276735,55
1163652,86
1417376,77
1122299,79
1008743,68
1032920,79
1138081,82
1318665,47
1372995,50
1143198,317
1044391,328
1106036,311
1312310,320
1259739,321
1144461,285
1309137,355
1237369,314
1302878,301
1082810,235
1483907,466
1367832,1452
1070518,440
1392636,444
1023524,490
1462648,435
1229441,2908
1423953,2953
1114245,406
1306638,385
1308439,37
1295096,25
1439811,19
1306205,19
1299332,21
1352223,19
1479831,20
1339805,402
1243256,403
1138267,421
1335166,389
1250508,394
1475951,371
1342720,449
1306068,486
1398609,469
1356536,402
1273131,232
1427047,213
1228987,238
1117910,251
1325084,237
1146767,256
1199571,323
1266900,353
1164756,357
1180117,289
1233241,68
1054223,70
1289081,73
1250107,68
1280555,73
1292298,72
1083856,71
1361332,95
1299828,94
1195665,74
1164822,93
1420293,90
1341606,99
1037322,87
1345040,89
1114649,72
1136853,94
1494238,94
1405723,119
1470269,74
1264350,1217
1169852,1136
1392031,1303
1140763,1351
1359423,1481
1145373,1401
1381586,1589
1486989,1585
1061075,1634
1018684,1495
1415482,22
1122374,23
1092204,24
1388240,22
1204116,20
1055426,20
1481106,20
1086401,21
1045123,22
1319982,229
1206301,225
1476808,228
1074527,220
1297918,456
1116946,380
1326550,320
1354092,304
1175470,273
1352189,237
1233536,175
1441005,1615
1380607,102
1247012,102
1458093,168
1126592,143
1025339,2206
1024722,1823
1216193,133
1011181,83
1121765,592
1154015,589
1193249,739
1025216,790
1487129,806
1132636,807
1011414,990
1368489,1039
1369233,1011
1458746,788
1381318,46
1179843,64
1019442,63
1247604,35
1331326,35
1201206,33
1186649,33
1158671,29
1226279,31
1353248,26
1407293,47
1281098,34
1078058,21
1394187,22
1348427,30
1186575,29
1363247,24
1297230,764
1167634,693
1053043,751
1423915,771
1055545,2627
1114758,2380
1318987,861
1397343,811
1370186,2501
1472161,2553
1276697,43
1336467,67
1203758,79
1172892,104
1037310,114
1251864,32
1045336,40
1186000,46
1070140,45
1434891,26
1392770,76
1444603,46
1067990,61
1293324,21
1358355,30
1216349,32
1274362,24
1029262,25
1318994,144
1363865,141
1033638,156
1101622,146
1191317,161
1404911,148
1131961,177
1243385,160
1060454,163
1343387,142
1121979,38
1403567,272
1487459,271
1017917,33
1062761,20
1468345,43
1393161,38
1059386,29
1499860,36
1396041,185
1283359,181
1118053,188
1017722,205
1312573,196
1430516,191
1314619,241
1140198,215
1454863,212
1388620,164
1346863,50
1201289,51
1183310,47
1364257,38
1143199,39
1278126,37
1458264,34
1380871,32
1273251,88
1431518,80
1230572,83
1062492,81
1497120,89
1030045,92
1261209,112
1132637,114
1188748,89
1458080,295
1453206,297
1199568,297
1248799,299
1039738,330
1201156,322
1474243,380
1017840,403
1048357,427
1398873,325
1036027,145
1083550,179
1250165,202
1290283,180
1051440,175
1228552,169
1487438,253
1427474,185
1158915,206
1059423,163
1395026,142
1078445,134
1296395,139
1419507,120
1136027,103
1219400,123
1327846,141
1203267,156
1346275,128
1189866,109
1313319,138
1146335,135
1359932,137
1070174,105
1267950,167
1426151,223
1132474,153
1151371,149
1332269,141
1274328,129
1198368,50
1194111,88
1278568,74
1413620,67
1226250,69
1151079,56
1196663,131
1124985,84
1265526,67
1171114,48
1180389,181
1377809,179
1419087,165
1497642,169
1427519,168
1419847,149
1429378,194
1366456,252
1051466,219
1437244,192
1369746,145
1191177,199
1359579,218
1008422,228
1361514,261
1083765,183
1208100,257
1103916,231
1268975,217
1386877,181
1023579,133
1311954,129
1488452,130
1274486,129
1473937,190
1191349,189
1227321,231
1197558,158
1230982,185
1173627,173
1259982,549
1060557,550
1365049,528
1386676,605
1021036,631
1391925,577
1333552,702
1303490,546
1410175,546
1053503,423
1163661,301
1248345,181
1027074,202
1105101,205
1428483,223
1305049,219
1252301,259
1392558,276
1321571,291
1226420,249
1088812,404
1142629,401
1320284,395
1178821,373
1470043,386
1120815,361
1484461,435
1284339,364
1162814,345
1003890,296
1016178,47
1453325,46
1411725,229
1168060,205
1303062,17
1061634,19
1062614,39
1060096,36
1289801,24
1265042,35
1155844,63
1467304,60
1344265,60
1229723,66
1045622,55
1189950,51
1262458,62
1449096,66
1172065,35
1044476,34
1144948,271
1105663,238
1292184,250
1409156,246
1219848,246
1446882,232
1130658,281
1117216,261
1180146,262
1123723,185
1092214,394
1193244,400
1473093,419
1015778,348
1353466,958
1449756,974
1113140,480
1365891,422
1331579,433
1234776,353
1217244,63
1236590,59
1312208,61
1054258,56
1020243,56
1464033,50
1362544,81
1365100,83
1147950,81
1326431,63
1323979,46
1126741,48
1152714,44
1243749,39
1239508,85
1175845,70
1284532,35
1151282,42
1084295,34
1498639,27
1406743,70
1038286,69
1221279,71
1322887,56
1215429,63
1388757,63
1459085,79
1472642,96
1207215,83
1422972,83
1351470,29
1432777,27
1441916,26
1322235,23
1024988,24
1440966,26
1041786,24
1457838,23
1458507,62
1436526,92
1046795,78
1157453,68
1157467,78
1250220,67
1253502,70
1449527,66
1215320,57
1323683,36
1487270,28
1201241,28
1181074,114
1216318,84
1016515,34
1175256,23
1109308,36
1155018,29
1055106,34
1330159,23
1100362,87
1323732,90
1297694,86
1482935,86
1453370,103
1217703,107
1349362,127
1498376,91
1247371,100
1389523,82
1434827,88
1487985,123
1202772,119
1436244,135
1326422,61
1219713,51
1389801,58
1061995,56
1385517,47
1250239,42
1023444,182
1462006,183
1238059,177
1313063,161
1487782,273
1489141,246
1244156,208
1197199,210
1347013,198
1222394,179
1344049,75
1139130,61
1136868,65
1135794,48
1269572,51
1287268,55
1312626,33
1349215,35
1424470,214
1465908,224
1433007,221
1348099,192
1248768,218
1348933,201
1473910,257
1081562,209
1413965,203
1404408,152
1154217,378
1230706,897
1496234,298
1080295,363
1410013,391
1492218,491
1142595,2344
1341806,1803
1270406,270
1449841,239
1407648,35
1123096,30
1444293,30
1130663,37
1442756,22
1260453,22
1349171,23
1094765,22
1477758,209
1435423,188
1135179,207
1178848,176
1311551,186
1188755,170
1126623,210
1225608,218
1061139,187
1265832,151
1422855,118
1492002,113
1025759,115
1014641,117
1380163,109
1405883,110
1441114,123
1322295,137
1271703,129
1126947,116
1233869,459
1478615,450
1081273,463
1452584,512
1082717,531
1009386,708
1251805,870
1390565,765
1301315,789
1033019,677
1173361,26
1400135,28
1489440,27
1278953,23
1463175,22
1471485,23
1020768,25
1152664,26
1324280,25
1099632,194
1112056,195
1225810,172
1182550,165
1046330,375
1011226,249
1253903,235
1182041,214
1389945,203
1363040,184
1144372,196
1244397,820
1192419,144
1423648,142
1211910,165
1027316,256
1221224,1790
1030268,1300
1018816,96
1290329,89
1466568,380
1429643,379
1301120,366
1377778,421
1271409,436
1168372,426
1469059,522
1067430,519
1155421,520
1136593,451
1412025,43
1287019,49
1396176,34
1331977,32
1017414,32
1043534,47
1443689,51
1347861,50
1080052,28
1117513,31
1428659,32
1236742,32
1359593,28
1430032,25
1101512,36
1221917,36
1450030,35
1311807,31
1380508,31
1059445,27
1110999,28
1133144,60
1173000,49
1422208,28
1324958,419
1254383,400
1160460,457
1285982,466
1434894,1645
1478111,1249
1208714,681
1257730,593
1204027,2534
1234660,1991
1379557,37
1206972,79
1036821,81
1281479,98
1086556,41
1249198,29
1273640,35
1154247,32
1039516,27
1086615,43
1074491,40
1331967,34
1247169,16
1314566,22
1207802,15
1217120,18
1085153,22
1096124,20
1324643,58
1348063,60
1215254,55
1163471,60
1343129,58
1323659,53
1341726,76
1084459,78
1318775,80
1256838,62
1137669,158
1276624,85
1439602,25
1243108,20
1160233,35
1289462,28
1070377,24
1140632,171
1120911,160
1080511,169
1005706,179
1252996,179
1068406,159
1132811,198
1036698,182
1142085,183
1291286,136
1355770,36
1063009,36
1374169,36
1210839,31
1429939,28
1370140,26
1470437,29
1472579,27
1451674,27
1462767,24
1426126,107
1436356,112
1252819,115
1026971,118
1149602,123
1324150,116
1265505,129
1415266,153
1194917,171
1205287,112
1216607,305
1347976,359
1468668,397
1351362,360
1210795,381
1211587,326
1110361,421
1498310,352
1405934,343
1444235,290
1413454,60
1045716,61
1353423,59
1154956,59
1019221,53
1230883,52
1329315,54
1090421,60
1218834,66
1207249,53
1096870,164
1396409,169
1037656,150
1014037,141
1432248,207
1454232,201
1432921,171
1499865,172
1491511,161
1141545,149
1395659,102
1006261,177
1357284,107
1397297,96
1084335,89
1099952,89
1490160,113
1498026,94
1354418,100
1174084,64
1031835,198
1124713,204
1231192,209
1430845,195
1372144,211
1167420,198
1437265,230
1400908,244
1032713,244
1414921,213
1138409,280
1074677,315
1249229,309
1034893,286
1236619,273
1073611,271
1398971,303
1191159,290
1179404,278
1158107,221
1170010,115
1063594,117
1276959,113
1079134,120
1249813,141
1282607,144
1216484,187
1083050,127
1126864,146
1304998,121
1254131,301
1288768,303
1236684,295
1159256,302
1046393,288
1144740,262
1387143,308
1376447,234
1090955,236
1367945,183
1062966,116
1215173,70
1423125,76
1304852,81
1021724,77
1093088,77
1200538,86
1489037,98
1008838,99
1169203,82
1050959,335
1428574,313
1434386,320
1381322,305
1052185,297
1024283,297
1247559,330
1012208,289
1047132,275
1111480,223
1020431,153
1226209,90
1448463,27
1265029,45
1371818,42
1001148,33
1362812,546
1239762,361
1254062,402
1040412,366
1107366,403
1372047,388
1386015,449
1015227,426
1268228,428
1369293,329
1057989,331
1094537,340
1264303,346
1379614,313
1333333,492
1476899,508
1186550,435
1030934,400
1262550,352
1352451,285
1427314,172
1151744,158
1013929,171
1302552,176
1026832,174
1427606,137
1339299,190
1074211,218
1319989,182
1209709,170
1102908,37
1421244,39
1435074,40
1497104,33
1013820,58
1405691,54
1030857,28
1448901,32
1296889,27
1362892,26
1177846,155
1216716,159
1485789,164
1000405,149
1377293,158
1149679,111
1357633,166
1069951,187
1394657,175
1342487,161
1103781,22
1260990,21
1186075,21
1420628,19
1033678,19
1159897,30
1055147,21
1058034,26
1437001,23
1237714,25
1464379,29
1312387,37
1185155,24
1116803,27
1168006,91
1174164,94
1026794,35
1053982,22
1318678,36
1325393,25
1250190,29
1374738,48
1248806,41
1245972,48
1002128,43
1083476,77
1449458,45
1482122,73
1214569,58
1309837,47
1340245,42
1128407,67
1003796,76
1251253,61
1252353,87
1291714,45
1080543,44
1469694,47
1233157,41
1474573,35
1219309,32
1004249,101
1294600,110
1361715,89
1429336,84
1077780,138
1270581,94
1450900,99
1059120,99
1378120,92
1121365,80
1057980,152
1252149,151
1106978,159
1083553,146
1486382,153
1160547,150
1052664,187
1221494,157
1029101,149
1034243,107
1474190,251
1210832,906
1384764,263
1464581,237
1449113,241
1221115,234
1213496,1832
1232809,1554
1187479,220
1388369,138
1495776,22
1168775,16
1355384,13
1017536,14
1033467,15
1087374,16
1344569,238
1059351,196
1332121,209
1256130,224
1288076,184
1470264,191
1187374,245
1247292,217
1352064,212
1026735,161
1474051,48
1164344,48
1253909,43
1313512,46
1187666,41
1000831,42
1361966,53
1228440,56
1222358,55
1259767,47
1083024,393
1027186,394
1226206,394
1193020,454
1208269,620
1441531,507
1201640,610
1412072,737
1063733,783
1196516,600
1481613,23
1404146,25
1037597,22
1303077,21
1400354,21
1460258,21
1258158,21
1391288,19
1259464,19
1022162,102
1043840,94
1339738,80
1384661,71
1209720,141
1455897,84
1127451,82
1363426,82
1217809,79
1309141,71
1195458,96
1344468,658
1109661,146
1022560,76
1019323,104
1146209,93
1378286,1209
1356402,1104
1499223,65
1276621,50
1496726,243
1040688,254
1359566,226
1322847,267
1419205,296
1376392,278
1471555,360
1157631,361
1446675,389
1171196,304
1281533,29
1093990,31
1209374,30
1421623,22
1251384,23
1051395,23
1139627,24
1180107,22
1325722,18
1118152,42
1330397,45
1361124,54
1178707,37
1413986,33
1241852,22
1283593,48
1238865,41
1028109,38
1183910,29
1180242,327
1118832,310
1173239,355
1418951,378
1029810,1415
1463479,902
1196208,526
1369533,454
1267353,2036
1120902,1557
1204473,49
1363790,60
1089488,41
1321307,77
1209154,38
1276722,35
1042434,33
1272062,29
1408207,24
1139545,37
1370338,34
1441728,33
1250654,18
1383155,14
1063345,20
1447665,112
1312133,99
1173106,85
1272624,116
1327619,96
1434019,84
1111401,119
1455666,114
1393896,124
1078164,98
1090469,20
1127551,56
1130340,56
1071794,20
1343891,18
1029979,26
1494201,68
1110232,70
1191425,72
1083831,70
1114637,84
1444450,76
1002579,91
1136776,82
1227062,81
1253118,51
1333423,41
1060388,43
1167613,43
1056566,34
1304142,32
1058319,29
1093672,33
1305060,33
1022178,29
1267082,27
1222568,99
1315683,100
1122220,104
1374913,112
1443718,109
1402391,102
1172117,126
1460512,150
1057481,143
1435184,102
1154591,254
1029511,288
1122897,289
1327188,266
1058238,278
1241404,265
1004561,291
1293729,281
1454012,274
1251881,215
1494214,24
1447416,28
1295580,23
1062579,23
1326138,27
1454801,32
1251730,35
1495918,26
1165001,119
1215402,112
1367986,105
1173733,115
1195787,169
1013331,110
1224522,101
1478189,110
1287261,105
1100902,93
1474455,46
1264948,61
1485074,53
1489039,49
1348732,52
1105602,32
1007891,56
1077300,55
1329141,45
1259803,45
1360415,65
1127043,64
1059133,62
1204248,69
1217680,63
1167403,61
1427762,78
1055201,86
1486591,85
1011382,73
1310544,167
1408249,181
1442686,232
1004124,173
1028308,183
1185785,216
1481414,210
1185694,198
1075073,186
1230994,148
1379639,90
1131581,97
1156328,118
1245306,94
1471389,105
1364328,125
1436549,179
1463916,135
1390277,117
1107277,114
1357918,237
1447229,232
1005089,251
1251525,226
1446516,239
1364017,214
1451683,233
1029269,189
1140303,206
1295180,142
1152177,105
1017399,63
1145891,87
1413242,71
1397636,65
1273228,63
1106083,81
1455436,90
1210472,94
1179024,93
1233530,203
1497414,197
1070634,194
1207686,184
1237150,184
1110076,180
1154847,210
1461549,176
1154617,169
1084175,130
1186995,332
1210151,282
1381179,299
1461982,277
1427117,303
1119080,268
1086505,347
1494879,300
1173357,291
1272563,206
1304421,497
1121467,474
1262305,461
1247788,486
1015891,991
1309128,1215
1005399,675
1006498,604
1435652,543
1299727,442
1194476,95
1212725,95
1190444,91
1254939,83
1111305,87
1331353,81
1022768,105
1380047,109
1488338,130
1152614,130
1096268,64
1474006,75
1325326,55
1383158,49
1161026,110
1447296,110
1150094,56
1246960,46
1495161,40
1356515,159
1292414,151
1486912,154
1112470,181
1398419,166
1308975,155
1342069,225
1451824,183
1460152,201
1498359,196
1163148,38
1013434,40
1156755,40
1482906,36
1242262,33
1231518,31
1218599,32
1414865,33
1001701,31
1469466,32
1424863,94
1380652,84
1000734,89
1005335,71
1404053,79
1446011,63
1171263,73
1116171,55
1312433,79
1338621,43
1465064,47
1449755,50
1386365,231
1024030,195
1046592,35
1152096,37
1421359,60
1316044,47
1181013,52
1070137,38
1146852,117
1295497,119
1371269,113
1295314,115
1151009,140
1338515,203
1285058,254
1281399,138
1343836,144
1140896,120
1008749,176
1489542,162
1392767,155
1089465,173
1260208,132
1415229,77
1481494,76
1103454,75
1098157,64
1130726,50
1225453,209
1369168,221
1103558,186
1211285,182
1139460,257
1215932,223
1126306,231
1339455,217
1071891,205
1161712,188
1026497,121
1086610,123
1321124,113
1310618,101
1361581,103
1465472,93
1217409,101
1044635,102
1291482,68
1436060,61
1314539,286
1047310,268
1285948,274
1435237,253
1016992,254
1149757,237
1193059,285
1083302,263
1476967,259
1192208,204
1419882,834
1404698,1411
1445592,846
1051753,778
1437653,826
1016753,819
1061979,3057
1166878,2455
1077710,734
1151813,523
1331608,41
1040462,35
1491082,37
1380987,20
1238332,25
1343421,23
1455377,24
1401181,289
1098169,185
1414810,207
1036855,176
1103761,190
1042253,176
1235632,225
1045651,234
1411635,216
1323063,171
1443157,270
1330934,277
1316177,265
1278699,291
1238056,293
1129006,284
1407025,324
1221491,332
1480631,340
1492689,310
1117594,633
1486028,598
1135738,593
1222614,685
1406377,760
1244061,750
1003197,915
1289790,968
1036601,992
1050954,854
1094126,27
1270770,29
1382259,29
1349385,25
1329858,25
1168409,24
1183464,24
1372710,25
1070786,26
1180446,26
1152619,387
1339008,384
1094930,377
1372645,373
1458283,487
1363817,383
1425272,418
1331011,408
1213126,371
1022307,317
1193613,669
1194956,983
1267495,493
1057705,447
1428544,416
1242885,397
1075410,2383
1261158,1902
1311456,314
1068712,276
1246456,590
1213389,563
1011038,549
1403857,624
1377782,676
1354740,681
1195560,827
1000845,855
1188391,857
1310969,686
1349423,95
1072222,95
1474968,112
1286832,80
1206362,77
1206240,67
1240574,69
1046701,63
1316364,46
1201456,50
1393626,71
1033993,73
1252764,65
1397241,38
1266837,35
1367769,31
1234359,35
1047082,36
1058253,28
1120533,24
1243607,72
1444377,65
1399251,46
1211270,67
1389781,62
1041281,45
1499053,46
1034495,43
1411800,43
1339180,36
1026340,677
1426674,684
1178617,727
1384129,725
1094924,2039
1473719,2009
1086535,1143
1319044,927
1082944,2532
1416679,2189
1383333,64
1442804,82
1019682,87
1142103,128
1456298,55
1198846,44
1355892,46
1354917,47
1419588,35
1470635,82
1311030,68
1098457,71
1347629,23
1024016,27
1020196,33
1349568,24
1296974,29
1384332,27
1112022,28
1063805,181
1169301,165
1236391,160
1487226,189
1043032,171
1052339,161
1319985,214
1118019,243
1065364,207
1280176,188
1197882,51
1336558,45
1304381,233
1364534,171
1382408,28
1486487,32
1227369,51
1417012,45
1332262,47
1207324,48
1471695,340
1379662,329
1068011,349
1332593,350
1145163,347
1418885,328
1486990,390
1094413,357
1067435,359
1171175,283
1170587,49
1009387,47
1471282,50
1446802,42
1318609,39
1219191,36
1256714,38
1426027,39
1114280,33
1233775,33
1384107,330
1055966,340
1137846,314
1138651,335
1475804,378
1437784,357
1233590,431
1175552,449
1457208,473
1306640,396
1492548,354
1499518,337
1300407,333
1204844,346
1495928,337
1143934,318
1235352,361
1068392,348
1433681,347
1162384,274
1440330,83
1416370,82
1358159,85
1341131,82
1050479,76
1120227,73
1296492,87
1271141,83
1178189,84
1100128,164
1117429,171
1338037,160
1362739,152
1340320,197
1117884,182
1250167,183
1284344,163
1462931,155
1257974,145
1078594,65
1177300,108
1440074,99
1381202,88
1121088,96
1472538,86
1008764,108
1095641,83
1270236,75
1487114,80
1413653,359
1456294,357
1493346,372
1253423,378
1464461,398
1258298,382
1490920,428
1064573,425
1082240,418
1256806,369
1054024,310
1332189,300
1457769,302
1398069,292
1433872,305
1149035,275
1163601,325
1181945,319
1082740,323
1389913,243
1465517,171
1495193,170
1002309,163
1472784,163
1473380,229
1010982,333
1221848,408
1445942,205
1145830,221
1139043,196
1158925,478
1275715,485
1350790,484
1391141,493
1235746,497
1386957,470
1124751,571
1340094,453
1091113,467
1152565,374
1450571,374
1419513,143
1328548,163
1253135,172
1354514,178
1310755,188
1469390,216
1479042,227
1204703,239
1096925,213
1177199,496
1052133,494
1130890,479
1379400,477
1003688,483
1400232,443
1487971,531
1123740,468
1495516,429
1055893,375
1204356,48
1369059,49
1351937,205
1004040,195
1399111,30
1418848,25
1245910,50
1335062,45
1323447,35
1154097,44
1243434,97
1440438,103
1477230,98
1041606,95
1079764,88
1322204,81
1388371,93
1191040,81
1345720,61
1226984,58
1103552,360
1095975,290
1396135,332
1361416,324
1028341,321
1176218,279
1044843,372
1244513,339
1075589,332
1165362,248
1454684,495
1445429,479
1442692,476
1320541,462
1477747,943
1038111,1204
1423052,642
1326454,552
1405676,504
1114439,396
1054413,155
1060287,150
1053202,156
1107001,143
1260188,179
1389884,144
1011812,176
1035060,189
1225651,182
1269716,170
1423243,67
1056176,59
1086057,52
1181477,46
1096384,92
1261427,87
1126466,43
1251550,47
1344627,37
1240320,33
1100592,150
1151563,147
1072177,148
1157690,145
1067421,134
1049469,137
1177757,157
1121323,171
1259921,178
1270504,150
1148734,33
1484172,36
1415096,31
1477460,28
1307102,25
1033661,28
1254297,29
1169748,27
1351915,38
1287757,61
1246353,54
1161031,45
1492892,54
1231162,29
1069357,55
1237460,63
1154573,43
1252295,19
1441237,56
1310322,45
1341706,235
1199338,177
1402927,39
1059264,30
1056575,62
1226667,49
1184350,55
1116990,34
1068099,58
1380215,55
1147717,54
1336774,55
1300589,71
1151202,67
1092291,83
1158536,72
1048271,62
1321815,55
1341469,91
1074570,187
1183904,159
1161695,176
1427233,88
1019963,82
1064759,64
1260965,67
1489804,52
1499105,42
1138163,136
1275435,140
1242346,125
1303020,110
1390581,113
1467768,120
1497257,123
1458496,115
1331663,112
1337395,99
1098324,139
1473216,131
1288843,128
1336958,101
1374798,110
1285831,94
1157343,102
1055864,111
1149140,78
1375688,63
1005415,258
1254165,247
1287323,267
1197742,223
1098491,240
1064484,220
1316610,274
1295783,244
1310563,236
1264587,178
1023439,630
1079927,1035
1096318,585
1182017,602
1450646,631
1294005,589
1307672,2626
1056291,2554
1041967,444
1161052,320
1115378,45
1126975,42
1425062,40
1421083,34
1430111,22
1310837,25
1323552,27
1449312,24
1303502,245
1390650,181
1149555,205
1214070,180
1142508,182
1221143,167
1391855,236
1295014,215
1077590,238
1306567,174
1130901,192
1360630,195
1461640,207
1439173,186
1247601,188
1473103,190
1072711,223
1016474,234
1496045,237
1293797,209
1497941,637
1278537,619
1355035,611
1143583,673
1020166,751
1406416,712
1203123,881
1480428,916
1420069,940
1125502,812
1024935,22
1289109,21
1459553,23
1134348,23
1111393,259
1355898,261
1130917,257
1149958,234
1036356,271
1455529,273
1491854,300
1234170,285
1391597,274
1183080,238
1402530,310
1102476,792
1498269,309
1428840,273
1336198,281
1225617,261
1133951,1946
1325664,1723
1172045,209
1381124,163
1405281,604
1140630,601
1179175,564
1328240,624
1148498,676
1444150,679
1184976,815
1455643,826
1054872,882
1465520,711
1128843,90
1315539,86
1242462,80
1350802,83
1096746,74
1129487,67
1183500,72
1041769,64
1239451,46
1217436,43
1358603,60
1457940,64
1049890,48
1328556,30
1349869,31
1061284,24
1009353,27
1431845,27
1422420,23
1413250,22
1297493,68
1006600,66
1024745,71
1401938,48
1015892,61
1168659,57
1467272,40
1372762,47
1070911,62
1162490,51
1062386,514
1058455,519
1038618,630
1012910,651
1273816,1556
1015970,1288
1133607,837
1462127,763
1005260,2438
1178206,1848
1099372,75
1151684,142
1062706,112
1000462,138
1113146,67
1286451,61
1209288,54
1071743,51
1406565,38
1303623,33
1101312,77
1274220,57
1046363,47
1124945,20
1163384,28
1453188,45
1039477,22
1110194,24
1173932,25
1317154,22
1265971,172
1376692,170
1025739,170
1490685,147
1233592,169
1242586,157
1417742,202
1085830,194
1125663,200
1277434,162
1073593,39
1069567,41
1337776,230
1412396,176
1155177,31
1187206,30
1028786,48
1397179,49
1309690,42
1024218,42
1070732,174
1223304,165
1107079,172
1454774,165
1040018,182
1141787,177
1085213,203
1061709,193
1097923,192
1388988,153
1407946,46
1130479,45
1019957,44
1131530,35
1332626,33
1178951,34
1025702,32
1026610,29
1112746,26
1184133,354
1460544,360
1232535,353
1479916,391
1115572,396
1494124,373
1283670,444
1285656,469
1399178,506
1113406,397
1190768,243
1251345,279
1280927,288
1343610,279
1154445,255
1403823,253
1311885,309
1339877,296
1418984,297
1300135,218
1200592,134
1260242,130
1395800,128
1453905,126
1443736,123
1464242,114
1048256,131
1160937,136
1349435,125
1174466,112
1089398,187
1087733,195
1234773,194
1359835,171
1148989,173
1365592,192
1309184,209
1378698,195
1386797,191
1330452,168
1351826,89
1277872,107
1314199,98
1019082,78
1370963,87
1286139,73
1456597,91
1432834,103
1104820,92
1139260,71
1337305,244
1130316,247
1040709,250
1158635,238
1431499,257
1084752,256
1274093,304
1342313,302
1455649,316
1114608,284
1310892,221
1199038,257
1140872,266
1295778,292
1130685,232
1196193,234
1407837,279
1209313,282
1407123,263
1362036,209
1296768,149
1434488,143
1074836,151
1470035,150
1390700,195
1044974,186
1196047,227
1000316,167
1319295,185
1022883,169
1074755,417
1265478,449
1079551,449
1284323,503
1088414,517
1059042,409
1333252,454
1385541,430
1436174,396
1207409,315
1237302,157
1302873,99
1402640,138
1101215,139
1384496,130
1020464,129
1370973,142
1140008,168
1128860,167
1321905,132
1040493,384
1266782,378
1334924,375
1100862,376
1313064,368
1102764,356
1249006,415
1353126,359
1190022,342
1299662,283
1353069,42
1012130,40
1495700,171
1298675,118
1369804,27
1034705,45
1398806,39
1187068,38
1463531,106
1305395,110
1148186,102
1289382,93
1364225,83
1492483,92
1234254,91
1322227,62
1277972,59
1416876,543
1199684,530
1169253,522
1431942,533
1124620,535
1292462,514
1157971,597
1376744,677
1346422,641
1366798,486
1339641,828
1480786,745
1418641,747
1366988,889
1056350,2153
1177798,2221
1295143,787
1347530,849
1468567,782
1467885,650
1313505,267
1428532,292
1177648,234
1260235,292
1023852,267
1389275,258
1312237,341
1418312,367
1341648,359
1381447,302
1029884,65
1066120,72
1369386,79
1059676,80
1429101,82
1172837,57
1158730,92
1408804,92
1179836,97
1168556,80
1309096,114
1260976,111
1333433,106
1267474,91
1128942,195
1342545,150
1021203,87
1438920,107
1073117,93
1401981,68
1497894,115
1483400,114
1187366,101
1092508,107
1105494,110
1061530,106
1192020,141
1057605,143
1287959,134
1073416,97
1126584,52
1229122,51
1005407,54
1315629,45
1271290,43
1394658,35
1046637,42
1493956,39
1391775,35
1047036,65
1033147,124
1193901,99
1354229,95
1452022,83
1310666,121
1232566,75
1483477,70
1288112,48
1117255,379
1263274,340
1039799,367
1463547,385
1078142,406
1040684,391
1171583,467
1321027,515
1269832,537
1411302,387
1352627,144
1165481,140
1215378,147
1271516,145
1163658,151
1230965,144
1365652,164
1431943,189
1144443,190
1385200,164
1240353,65
1343801,59
1140936,320
1233169,257
1140705,53
1426262,44
1467381,84
1374112,63
1275546,48
1444197,55
1458629,318
1285260,323
1241716,328
1311102,330
1141241,470
1441734,478
1225616,585
1440398,333
1184580,395
1163115,344
1346652,117
1117959,231
1491102,165
1208881,201
1115005,117
1025834,77
1002587,98
1191834,94
1266002,92
1106897,72
1372662,196
1421424,182
1200145,167
1495791,153
1442540,268
1304455,284
1398733,210
1499629,212
1333510,190
1028768,179
1395056,131
1395859,131
1446160,126
1229730,139
1064133,128
1206668,111
1033644,138
1081570,136
1245157,84
1476211,80
1394735,466
1372987,462
1026483,447
1068862,452
1279450,468
1425955,432
1186148,527
1381909,472
1431593,447
1454362,364
1065376,630
1159794,1951
1094504,1039
1260311,658
1011813,774
1483839,993
1402324,3484
1264747,3589
1125632,639
1036941,528
1140959,49
1303406,39
1315724,39
1471838,32
1387664,20
1083939,24
1498015,24
1311461,27
1252908,23
1209578,529
1109999,525
1305434,532
1027247,539
1483090,564
1202770,527
1226985,625
1376393,640
1248664,596
1266859,491
1031078,506
1050610,505
1453965,514
1376725,546
1214462,544
1439200,629
1281767,625
1133908,599
1078694,541
1476169,125
1108613,126
1355314,128
1209386,126
1295170,126
1212610,118
1329325,133
1212536,154
1432242,156
1233757,131
1359281,164
1492687,160
1478985,165
1252493,159
1111872,155
1450249,186
1342064,221
1181360,229
1207317,229
1001439,205
1259591,1916
1327142,1868
1249310,1799
1337116,1857
1426288,1973
1178106,1923
1112605,2078
1297011,2098
1015985,2121
1413327,2002
1418086,43
1241569,40
1384829,39
1140269,33
1334770,31
1246235,30
1482782,33
1138104,33
1288442,30
1233239,29
1296700,477
1176152,432
1490730,446
1126270,434
1482237,769
1317530,664
1235841,552
1023943,519
1210305,469
1303610,396
1392342,395
1265893,1894
1300383,973
1113155,433
1113616,452
1194554,386
1412744,3080
1046474,2975
1250174,374
1154990,276
1167271,907
1393728,897
1109152,861
1366322,936
1101391,938
1478799,938
1215120,1118
1428408,1145
1100774,1151
1495413,957
1328783,68
1489537,74
1359618,70
1417079,69
1292079,67
1032899,68
1278865,75
1258520,76
1062432,46
1496537,48
1066654,97
1434239,80
1252662,61
1189165,55
1158238,64
1245281,60
1080663,48
1454861,40
1049973,58
1205070,70
1127296,64
1408881,52
1299062,42
1072387,40
1089940,41
1200410,69
1169666,64
1109817,47
1300828,1023
1223412,960
1040191,1002
1241259,1037
1111087,2567
1207821,2784
1399584,1258
1115966,1302
1198576,3376
1400578,3442
1245436,79
1472988,162
1439147,115
1057936,171
1413477,96
1181097,69
1353808,66
1444602,63
1402889,57
1425006,40
1485050,115
1406914,74
1368481,85
1348179,33
1418832,31
1332124,41
1087115,40
1086536,29
1064213,35
1300128,221
1175832,191
1383898,193
1178026,194
1496047,210
1132421,192
1488470,238
1463699,224
1156176,241
1182836,204
1147081,60
1434553,61
1100311,345
1018405,299
1239465,45
1129652,81
1401086,71
1381340,56
1258644,69
1443036,354
1053161,357
1153904,359
1137845,368
1357976,388
1455063,349
1032554,442
1271162,400
1255596,378
1433839,314
1421036,63
1240396,65
1052736,61
1318399,49
1198182,44
1059854,48
1445630,45
1052571,42
1366366,113
1127930,118
1420586,113
1418510,110
1098578,113
1379530,111
1116454,120
1337912,142
1097049,140
1434232,118
1201964,487
1189658,481
1059263,487
1394190,517
1236690,558
1441691,533
1334605,638
1410693,663
1107017,661
1374145,565
1045821,215
1222113,281
1217271,288
1341683,266
1009555,260
1309392,253
1315349,307
1480966,288
1225163,276
1198644,241
1208849,290
1441614,306
1248156,279
1485601,263
1312698,278
1419409,268
1122933,395
1244035,343
1008087,343
1133047,276
1226797,182
1337287,180
1352856,196
1303705,172
1194545,310
1412631,312
1175214,277
1183617,258
1121929,239
1368598,201
1185564,103
1009043,164
1177149,139
1269966,130
1296374,127
1493329,182
1012549,116
1097146,116
1069577,88
1242697,243
1087963,267
1294670,253
1111304,276
1363038,331
1313011,289
1099771,312
1199619,326
1095691,330
1101436,338
1198242,285
1184246,308
1253028,325
1330281,299
1209338,297
1161018,428
1261445,396
1353033,353
1237434,345
1102543,299
1242716,316
1249009,316
1495394,296
1274734,285
1024355,413
1103357,422
1399642,512
1345916,399
1228419,446
1169119,337
1113492,977
1366158,891
1439432,834
1053389,1030
1036237,1047
1283801,995
1406109,1170
1097535,891
1294933,910
1149663,741
1261102,394
1151084,251
1188460,303
1013566,304
1197612,318
1279695,303
1107242,343
1078963,363
1117593,381
1270954,318
1333325,649
1347680,566
1257619,595
1325342,584
1343161,619
1298632,548
1374260,668
1043910,610
1324159,549
1196203,467
1187416,57
1327498,65
1280962,302
1145871,256
1298088,49
1416084,43
1025418,76
1112152,60
1156397,46
1200616,54
1015576,119
1462952,123
1300731,121
1057777,132
1077697,117
1083512,108
1043832,134
1073718,136
1404165,82
1383574,73
1277521,267
1170512,243
1370401,247
1452526,232
1204032,249
1122526,225
1463003,274
1025274,273
1347318,270
1321328,173
1067839,407
1483725,410
1300490,409
1496218,378
1317787,955
1283497,826
1441003,510
1386255,426
1315234,425
1191121,333
1284152,40
1466198,39
1199378,41
1397692,54
1370363,41
1400901,31
1201023,57
1164774,52
1358350,54
1204434,48
1176816,32
1422919,34
1083560,33
1468201,28
1183572,62
1039852,55
1007766,28
1454545,28
1471552,22
1270068,40
1443132,53
1097219,50
1049932,49
1323340,37
1131342,59
1380580,63
1213905,60
1471972,55
1413083,27
1449954,29
1122166,26
1238788,25
1055667,26
1409994,25
1453234,24
1257317,70
1361294,49
1379698,42
1342320,68
1328836,44
1121055,46
1080422,45
1262302,41
1123997,37
1037357,181
1388566,102
1002941,27
1488200,48
1465957,34
1173465,26
1424985,137
1249481,143
1095297,135
1128364,139
1441697,167
1091221,169
1129825,193
1400537,146
1418187,153
1000954,133
1082700,150
1187505,174
1274638,153
1425827,151
1278517,85
1396283,69
1431261,68
1068792,66
1132616,48
1200149,39
1339820,108
1438802,119
1435671,107
1484168,88
1198444,104
1492945,91
1163707,103
1243932,105
1151562,97
1186321,80
1447666,88
1306889,84
1155251,85
1413745,88
1269383,82
1057636,80
1089983,81
1234828,71
1250556,59
1420610,46
1066603,177
1255787,190
1301525,179
1273784,174
1406571,180
1127643,168
1338351,206
1301867,180
1013460,176
1239990,126
1439857,453
1214145,608
1321197,422
1206526,427
1183250,475
1350692,446
1386804,1869
1153957,1682
1130559,580
1164242,338
1378610,33
1235782,26
1306210,25
1240822,20
1095002,18
1079749,19
1058365,19
1294522,18
1080282,129
1079666,97
1175781,111
1001246,98
1025857,97
1432632,81
1073456,107
1181173,102
1475537,91
1123999,60
1137944,110
1104736,111
1325754,107
1329527,111
1012530,121
1299937,102
1356631,119
1464535,133
1494205,128
1478093,107
1485637,319
1214130,337
1277790,319
1014247,356
1415059,421
1107132,386
1011846,481
1036998,521
1006386,557
1412745,444
1114571,26
1484014,25
1193951,25
1467342,26
1348621,25
1203499,229
1430576,220
1341179,219
1093872,204
1414499,224
1423493,210
1477931,241
1161696,219
1428932,225
1093840,191
1022986,248
1290504,563
1370181,222
1069368,221
1440724,215
1210781,203
1291900,1436
1303057,1362
1357157,175
1130746,131
1039889,359
1347952,339
1129722,327
1023285,371
1330789,419
1334275,407
1183235,495
1278095,506
1161492,524
1189870,412
1423664,58
1164216,66
1493943,52
1221196,54
1473953,58
1474289,55
1319200,48
1468811,47
1465665,38
1283607,33
1141693,67
1044743,59
1231111,39
1289132,40
1050938,36
1267675,27
1482800,33
1306570,30
1453612,25
1419275,22
1229473,56
1119490,41
1083272,35
1256710,24
1146418,37
1459739,48
1020805,40
1371287,37
1461333,30
1253476,360
1302292,353
1435862,393
1174009,421
1379685,1073
1482582,978
1019288,681
1413176,563
1487325,1729
1180897,1197
1398879,55
1021611,85
1130738,85
1459114,99
1464656,42
1093919,38
1307454,34
1293285,39
1083784,34
1185727,31
1220571,50
1473421,37
1317080,34
1193964,18
1279482,24
1089000,25
1069545,20
1189067,22
1169197,19
1356966,62
1417092,55
1437968,54
1001749,54
1059349,73
1292411,53
1350514,71
1326021,81
1253272,80
1154525,66
1453346,153
1040282,86
1238900,61
1125618,31
1286968,34
1474139,32
1319696,34
1267159,24
1335217,132
1252627,126
1248791,133
1352296,120
1053563,133
1154102,119
1290045,134
1470601,128
1186545,120
1178586,85
1012027,42
1047777,45
1040476,41
1186084,35
1245279,30
1373676,34
1015578,34
1165831,31
1401263,27
1475390,233
1463410,185
1292372,184
1439264,196
1102131,212
1209977,182
1138279,238
1411809,260
1358060,263
1313166,196
1176220,238
1039778,228
1004425,220
1203269,200
1224424,215
1011146,201
1340082,247
1239108,232
1435204,234
1041304,173
1298065,62
1377872,68
1376854,69
1444587,65
1036541,65
1354025,63
1007242,63
1053458,71
1160895,64
1410872,158
1176285,160
1081672,135
1139063,127
1099030,143
1054104,138
1267211,141
1239395,127
1050376,115
1475466,114
1235986,49
1284206,91
1210694,75
1209335,79
1266488,82
1291850,74
1400961,91
1256315,79
1403345,42
1280070,127
1054478,128
1331984,165
1373602,134
1042290,129
1253575,125
1348829,146
1171409,161
1103726,152
1470466,134
1221540,192
1337388,180
1234863,183
1466692,164
1010591,180
1343778,169
1441368,203
1060968,203
1416037,196
1406540,138
1059461,169
1317440,173
1005508,162
1421850,171
1376322,202
1435805,223
1314953,256
1129714,193
1048311,223
1215194,190
1043169,258
1208467,255
1048369,253
1125626,258
1261246,258
1404288,238
1291939,283
1470656,221
1454603,227
1499149,165
1413707,147
1195152,73
1356694,97
1170280,109
1022388,108
1059761,99
1262783,110
1278245,125
1352086,128
1156922,109
1325594,227
1049667,223
1011124,217
1461927,203
1480136,205
1488207,200
1160805,222
1049976,206
1377134,182
1431854,150
1386974,37
1198524,36
1129402,74
1319244,80
1360006,28
1204701,37
1345464,31
1407657,29
1170013,35
1074218,118
1474997,118
1066976,104
1389077,105
1095921,97
1150235,89
1098314,98
1159403,81
1265800,81
1461619,60
1173091,411
1022036,401
1100321,398
1159673,378
1397068,410
1130731,375
1067260,446
1435116,479
1238094,449
1450540,375
1198224,452
1033177,432
1466058,422
1056871,375
1185031,1076
1094661,1182
1455353,629
1139412,479
1227744,501
1338180,364
1416516,164
1076235,171
1300518,165
1129548,165
1203648,173
1009223,149
1231638,220
1418807,211
1286622,203
1082562,167
1238634,40
1229625,42
1018177,39
1138702,31
1013831,69
1289847,62
1111285,40
1378876,42
1110506,29
1210067,23
1156700,158
1143542,170
1114521,169
1225380,150
1442696,162
1201493,144
1189643,214
1067946,196
1090206,182
1421095,162
1296233,15
1373548,12
1264067,15
1411185,15
1109203,42
1054094,85
1080059,60
1000890,54
1304878,55
1340130,46
1165289,76
1315803,41
1087548,58
1488603,38
1484915,45
1384503,18
1040011,59
1287103,53
1465270,54
1195244,58
1315953,43
1447359,123
1351534,107
1311428,50
1063614,91
1442280,92
1416939,92
1452470,90
1018327,89
1433963,88
1000967,102
1028432,116
1412243,117
1120664,93
1230421,16
1414288,18
1441254,193
1467889,137
1268631,20
1486559,49
1231346,24
1172938,58
1309897,62
1451216,61
1085409,55
1495023,91
1167774,96
1007013,122
1099596,74
1260443,73
1224794,57
1359667,36
1226780,57
1226506,67
1016231,101
1015558,64
1086235,34
1052327,38
1162208,33
1054680,37
1408716,24
1053999,146
1078323,150
1447474,143
1011007,115
1476273,235
1499088,220
1461407,184
1421014,184
1143695,152
1226838,138
1308367,47
1243977,44
1149575,48
1173936,39
1427278,41
1307614,44
1086494,42
1460795,24
1178324,322
1272303,311
1499934,338
1377140,321
1055053,327
1216159,296
1157645,371
1239651,341
1068029,306
1343834,242
1228159,562
1432714,1401
1425342,461
1411709,487
1113498,551
1302003,536
1265026,3015
1254847,2439
1057178,377
1279677,336
1424540,22
1416590,17
1299299,15
1475668,13
1199264,16
1245301,13
1310361,392
1229774,396
1342822,401
1120392,382
1032653,374
1494618,363
1047535,438
1233071,438
1255103,418
1158290,367
1111332,114
1245702,118
1047541,125
1169085,106
1339027,123
1320276,106
1325057,151
1068290,178
1157302,154
1442262,82
1301207,81
1236347,80
1154900,87
1128636,88
1461973,90
1123342,85
1094031,97
1319514,114
1155242,110
1474460,89
1295663,22
1314294,26
1436210,25
1177426,48
1325329,44
1259603,20
1277405,33
1425203,41
1079289,38
1170446,31
1040703,716
1012461,672
1431639,707
1121810,732
1054385,786
1106975,787
1094087,960
1140825,1028
1340524,1000
1133545,948
1056933,14
1205375,13
1244886,13
1490530,15
1472953,15
1416699,14
1450088,239
1343302,234
1032041,230
1326038,198
1031312,455
1191484,382
1285572,323
1115177,309
1343512,258
1147761,234
1349223,141
1118544,1473
1247856,63
1053624,86
1355907,138
1182340,122
1063432,2083
1367168,1744
1220587,172
1137033,78
1009276,493
1355967,484
1439212,494
1145363,519
1001921,537
1159863,554
1347974,693
1012491,744
1373298,744
1355523,627
1237748,35
1448117,32
1222779,32
1163092,25
1254173,20
1333036,19
1219684,20
1227375,11
1235035,18
1279289,15
1425722,17
1291220,19
1400709,17
1215159,31
1298578,22
1477704,391
1082297,371
1250718,392
1304517,390
1007597,1271
1419099,1370
1152031,525
1244420,433
1016563,2528
1021222,2220
1213361,36
1065345,41
1179779,80
1127531,38
1443957,21
1051118,24
1496945,22
1264920,23
1084873,65
1365195,32
1495418,32
1260705,19
1050759,19
1020079,23
1118213,23
1035969,20
1270851,29
1123143,30
1135820,163
1019852,162
1385419,188
1078271,183
1458841,184
1410422,157
1061333,220
1315882,210
1020053,209
1431676,180
1068073,12
1270780,254
1254304,155
1435213,17
1438178,49
1492822,32
1358808,23
1316805,231
1333390,252
1067670,267
1018043,251
1105588,232
1456750,243
1271465,316
1416907,293
1121489,273
1313498,208
1029830,26
1255557,21
1193203,18
1324205,20
1441042,19
1485303,18
1367431,78
1307589,84
1346931,79
1108071,76
1061545,73
1102240,85
1293894,106
1090685,101
1010064,81
1348411,238
1401298,233
1243982,226
1408791,233
1300733,229
1233212,210
1347782,282
1497644,298
1397906,307
1132342,239
1310816,231
1086028,246
1254784,250
1482667,249
1189684,217
1170143,251
1327596,282
1003526,265
1241837,254
1230803,203
1260111,39
1145076,40
1003527,35
1171152,32
1295117,29
1131852,26
1122805,53
1454318,46
1369172,53
1051784,45
1118223,212
1148984,197
1498148,206
1441671,174
1024004,326
1304737,343
1296839,280
1043326,257
1449009,231
1267008,220
1435764,37
1150568,74
1357621,62
1398059,57
1312126,58
1171028,69
1456299,86
1151991,55
1401355,68
1231048,44
1298774,35
1235244,38
1240781,36
1200378,54
1451628,54
1401927,55
1139987,42
1377423,229
1002890,291
1421154,301
1404777,271
1314971,273
1144315,279
1063944,333
1118760,289
1109972,282
1033868,231
1142412,28
1159551,25
1348513,47
1276231,47
1413676,63
1159070,46
1085513,47
1076736,38
1201488,490
1364365,451
1237813,480
1264986,558
1161714,550
1462364,492
1160219,647
1266694,468
1495739,464
1152498,355
1094580,54
1364788,26
1284049,31
1180721,29
1446241,32
1159038,29
1429602,42
1231740,56
1008596,56
1486204,37
1143221,504
1178515,499
1278720,503
1134672,467
1287970,477
1409175,442
1292612,550
1036703,506
1028807,422
1096407,360
1197880,10
1377256,12
1283042,110
1449143,105
1358960,10
1432265,19
1392147,16
1416956,22
1180681,181
1376592,137
1427081,161
1127933,167
1393998,162
1102692,149
1263996,182
1325073,166
1383672,173
1365529,115
1226869,294
1137477,275
1022881,281
1408325,251
1331391,1216
1455182,1085
1083054,347
1379716,313
1475256,332
1486316,251
1392618,79
1300685,76
1284845,66
1117229,59
1442984,66
1478254,64
1022424,92
1471167,93
1149469,94
1481394,74
1063798,34
1185056,34
1157246,33
1100173,30
1355003,59
1459340,59
1495807,24
1320329,26
1419826,22
1334195,30
1158959,78
1168138,72
1428415,69
1472745,61
1480196,69
1429232,59
1218254,81
1177828,89
1417973,90
1275299,69
1257450,24
1036368,21
1252682,20
1386895,22
1022118,19
1165138,76
1306099,70
1308493,64
1423901,39
1180874,49
1337324,42
1416785,33
1346647,31
1463718,27
1307693,136
1277463,116
1162273,32
1112550,35
1030887,24
1481903,40
1004955,44
1191405,43
1100937,50
1099346,48
1006648,58
1258772,47
1148904,47
1064510,38
1357694,192
1022331,195
1087516,175
1346348,174
1253337,90
1496382,78
1126128,79
1417871,75
1381232,62
1146102,48
1254802,134
1203845,140
1268876,118
1215618,105
1119962,139
1175969,148
1381779,149
1182831,122
1279959,96
1032374,58
1491271,5
1282860,20
1461586,24
1056737,160
1255684,167
1207004,168
1167140,156
1142809,168
1080730,186
1056322,190
1420723,166
1184112,162
1221119,122
1077779,464
1018451,736
1311096,449
1246267,477
1137454,499
1229053,457
1397257,1936
1422386,1469
1127343,406
1110599,289
1232302,33
1117757,27
1356088,22
1054158,21
1416387,20
1170771,22
1498811,21
1386710,19
1309812,20
1238676,167
1310902,154
1453266,167
1073500,112
1280655,115
1034918,103
1048380,132
1464476,139
1198550,128
1165233,76
1119609,45
1438719,47
1178675,46
1458337,42
1255092,42
1042514,45
1315305,53
1364529,55
1017902,46
1198616,283
1177611,295
1077911,270
1305831,306
1098936,360
1189364,350
1495457,447
1193672,457
1177716,487
1125817,401
1111309,15
1421985,15
1205461,15
1094241,18
1045722,184
1168534,182
1315421,172
1495102,154
1182051,215
1101602,244
1389254,247
1458614,184
1422666,168
1178714,148
1144441,246
1438212,681
1309826,226
1415208,214
1388897,209
1115522,197
1325299,1627
1203825,1234
1408481,212
1120407,142
1119975,252
1296989,254
1256467,244
1478418,271
1141172,309
1237197,284
1215871,347
1015109,361
1173440,392
1115717,284
1045972,50
1026874,49
1385087,53
1035285,25
1305696,29
1303994,24
1466731,27
1378417,25
1449238,23
1003325,36
1240097,31
1170203,61
1218774,35
1228340,53
1058496,34
1070810,44
1098200,40
1137125,24
1215383,442
1145836,388
1159106,428
1237283,440
1182497,1947
1479658,1702
1009750,479
1457332,448
1397423,1960
1376094,1309
1244100,120
1446941,155
1212398,106
1006361,151
1396082,79
1175684,50
1481585,58
1190598,53
1404442,51
1372716,42
1427335,32
1093994,22
1403727,22
1137634,19
1171787,18
1039292,20
1047032,21
1174657,103
1216142,94
1335320,104
1198136,91
1392278,96
1114780,95
1112554,115
1012132,125
1453182,122
1220398,101
1026834,21
1351780,104
1075062,94
1025615,16
1490297,26
1394090,22
1038974,28
1367692,19
1126893,131
1443158,128
1371034,140
1356978,132
1320321,133
1077288,133
1233845,154
1002018,148
1397022,141
1323243,101
1130427,44
1075107,41
1440829,38
1207427,33
1078383,32
1066458,32
1135503,32
1040443,28
1348806,26
1173978,91
1434024,86
1191693,86
1461833,132
1097071,132
1344039,130
1143636,163
1451337,171
1241407,196
1422806,136
1402295,299
1189249,346
1227160,367
1022032,346
1467840,362
1295041,326
1316293,413
1184400,360
1264550,366
1307651,293
1120804,28
1007549,32
1431812,31
1318982,29
1062544,36
1225764,36
1292156,27
1250391,136
1250127,133
1139409,123
1474247,102
1353816,155
1264512,133
1136184,119
1389677,106
1167194,108
1285662,100
1014959,58
1195124,91
1439732,120
1240501,111
1424527,100
1418384,76
1443889,64
1252731,63
1378709,62
1246695,75
1338426,53
1423024,52
1371483,54
1391878,54
1044434,55
1196870,49
1363303,63
1228539,71
1312262,69
1289077,62
1131178,209
1209021,211
1174663,222
1178992,211
1241787,212
1142788,193
1081125,246
1397164,229
1412741,228
1110318,158
1318877,64
1308024,63
1058696,61
1064291,59
1337610,73
1405795,91
1357410,115
1207443,84
1452851,86
1468089,72
1154031,161
1266339,145
1403985,155
1467236,169
1263011,171
1392759,154
1149931,183
1476644,137
1009485,148
1387837,92
1283298,118
1152567,66
1292779,76
1408601,66
1395390,74
1364974,66
1198587,66
1074370,81
1330798,91
1150034,82
1150952,123
1000239,132
1368564,129
1209006,127
1225892,114
1180844,116
1080998,131
1352952,112
1161538,102
1462226,75
1129628,23
1240833,65
1294006,27
1333321,37
1101343,38
1200089,37
1014910,30
1174372,23
1169548,22
1226297,221
1197276,142
1118245,159
1347953,148
1444841,160
1419767,147
1385803,187
1065852,167
1354618,140
1029652,96
1048319,163
1449399,160
1377941,150
1033540,180
1475649,708
1438471,461
1444680,228
1494734,176
1206012,195
1331601,149
1170077,77
1321401,81
1013138,69
1488317,67
1380337,71
1277314,81
1442299,81
1393959,89
1251204,90
1297987,77
1187117,20
1007858,26
1369451,20
1413606,87
1313151,22
1226412,20
1417240,17
1089929,21
1132041,75
1376468,74
1370975,68
1426059,71
1497986,69
1150833,66
1457734,78
1238587,90
1176143,91
1360564,71
1372749,15
1463356,28
1040334,45
1113748,40
1050828,36
1051165,45
1414894,26
1460597,26
1135055,27
1047124,26
1461952,44
1105467,62
1395033,20
1185551,26
1121561,19
1022493,21
1018666,23
1362060,20
1301397,24
1182334,26
1291602,44
1486846,39
1402486,52
1485489,83
1071651,25
1163508,23
1214601,22
1245847,22
1429824,23
1109033,104
1347075,105
1383125,96
1184487,76
1162155,106
1377489,95
1470294,126
1173002,92
1215737,92
1474101,70
1062167,28
1240800,32
1057352,20
1089842,25
1278279,21
1421622,19
1090305,20
1420842,81
1170153,85
1165214,92
1194921,78
1459130,83
1313669,72
1353513,99
1247163,83
1461187,74
1055062,49
1497770,271
1321774,452
1376752,265
1099178,285
1040232,289
1317487,286
1179988,1414
1251333,1478
1164536,368
1083292,268
1349813,15
1157241,11
1003495,12
1276154,13
1107468,12
1208439,12
1476005,124
1424569,71
1181440,87
1006444,73
1132047,75
1273403,60
1035309,88
1201822,82
1498182,88
1165756,52
1470598,48
1203967,44
1217868,47
1015274,48
1300202,42
1108806,39
1254873,48
1199090,53
1265564,47
1121842,40
1312130,201
1284072,211
1390606,202
1177870,229
1217412,254
1391279,251
1000635,308
1070142,325
1158077,354
1263948,259
1193421,13
1156344,14
1485835,12
1027573,13
1266107,13
1021981,15
1015055,161
1205726,157
1281507,140
1336471,134
1371096,152
1298833,149
1479793,155
1144663,146
1103525,130
1197547,129
1296043,127
1237520,440
1229220,150
1047440,120
1005311,109
1016408,109
1329187,887
1353734,705
1084794,195
1360072,217
1432207,166
1394210,153
1443225,149
1342526,164
1449114,185
1123390,181
1247236,222
1261392,250
1489922,271
1401658,177
1310639,39
1310614,29
1320270,19
1021422,21
1231315,25
1294120,23
1256367,17
1494072,14
1350289,10
1497576,22
1074887,19
1342968,18
1428256,18
1012009,18
1476296,16
1107262,20
1180712,255
1282937,248
1497422,257
1227980,251
1025770,1138
1136598,895
1189975,447
1420919,336
1050733,1277
1353409,742
1034239,33
1303445,27
1136905,26
1421265,57
1267023,20
1136504,20
1095993,16
1126729,44
1079069,27
1292980,41
1303079,13
1462333,12
1019410,19
1438716,16
1435109,12
1144962,62
1420185,59
1112604,67
1361559,54
1285104,68
1376099,58
1214290,75
1410003,80
1268568,76
1406091,19
1415989,25
1211232,36
1424836,20
1376616,21
1107196,17
1413500,89
1406133,82
1350713,86
1453725,80
1362405,91
1053239,91
1157912,95
1376542,90
1409362,79
1379033,53
1183423,25
1193727,24
1400533,22
1283484,20
1260253,21
1327267,20
1067574,45
1025091,44
1153270,55
1394193,56
1142889,56
1158789,45
1287972,74
1206482,92
1212175,86
1016096,47
1432981,154
1023890,166
1109225,173
1270197,159
1186395,165
1416108,154
1017675,191
1394196,178
1004465,170
1012703,132
1253619,103
1239241,108
1169578,84
1016228,73
1071564,95
1045441,92
1317808,111
1329582,89
1414635,81
1380886,72
1173597,60
1254262,52
1254768,54
1224126,47
1198629,59
1206547,47
1101674,56
1205025,39
1365276,47
1414784,27
1316568,81
1456931,73
1237087,84
1304436,84
1238935,82
1321591,81
1196912,92
1455585,99
1252744,95
1272139,107
1487244,155
1329414,158
1499372,165
1257824,150
1497563,161
1271281,151
1242958,182
1221756,161
1463746,152
1196527,117
1236535,26
1076788,27
1300917,26
1174577,25
1231316,32
1489870,25
1230866,42
1091117,41
1222002,39
1493218,27
1312818,180
1452472,176
1035476,190
1264026,187
1339727,196
1214712,193
1160566,182
1010653,171
1229452,159
1176747,125
1323954,46
1254479,30
1440217,27
1252943,28
1108815,25
1161763,37
1416819,66
1193778,156
1300983,152
1122637,160
1411939,149
1031959,146
1303625,145
1238349,169
1252660,145
1349638,131
1300844,101
1276319,45
1437773,38
1203934,19
1309094,16
1144647,21
1281864,45
1274790,46
1386829,45
1190878,36
1455637,33
1417791,31
1190587,31
1076991,31
1195531,22
1400538,22
1430582,487
1285990,400
1477291,424
1356384,427
1150281,440
1370080,392
1460451,469
1348031,508
1044121,433
1133254,372
1278014,698
1403459,641
1317166,635
1101385,642
1426987,1558
1034494,1185
1491377,797
1464250,726
1022006,696
1148475,587
1484671,65
1228708,62
1324032,65
1103003,56
1430610,58
1195267,76
1236706,70
1340005,88
1217303,71
1003775,102
1343878,100
1226007,96
1099098,83
1009486,155
1330192,163
1446159,73
1334259,83
1091570,73
1102858,55
1420778,102
1477933,108
1197090,100
1390893,86
1421101,92
1499403,76
1382081,107
1140362,118
1093489,113
1356618,92
1423088,41
1192006,38
1474663,32
1085309,30
1336011,29
1363332,30
1135752,32
1043065,32
1187227,107
1079197,112
1006967,109
1242972,99
1250142,109
1319491,122
1043915,78
1221198,82
1237425,63
1492794,71
1140775,69
1013635,204
1175249,134
1229061,53
1471915,51
1104983,79
1009083,61
1045986,58
1233374,54
1209101,165
1038551,167
1293094,165
1425780,159
1150996,201
1220665,221
1068227,262
1098287,191
1065954,217
1117031,191
1286663,171
1217322,224
1178898,227
1442104,209
1069214,161
1431479,123
1485687,129
1353255,119
1114499,106
1297409,86
1458579,163
1159489,170
1384833,147
1367817,130
1222696,273
1006871,199
1442863,178
1083688,171
1264958,159
1100547,158
1020009,159
1283055,176
1059560,138
1310135,132
1498194,124
1012741,124
1183714,151
1407622,141
1295424,92
1483037,302
1127728,293
1253251,295
1044711,275
1246779,283
1428427,262
1483396,327
1117421,294
1249450,287
1446810,218
1488993,521
1173486,1016
1058307,450
1411973,453
1272886,480
1014260,459
1481364,2586
1126940,2105
1306695,415
1067847,310
1093258,56
1209561,42
1275913,42
1461176,37
1059013,30
1336430,33
1154879,32
1027714,32
1404182,225
1273647,183
1267729,210
1416232,176
1376813,198
1484156,162
1118664,200
1470343,213
1198659,176
1497568,143
1072349,238
1060176,231
1380226,233
1270763,243
1414842,241
1006679,251
1258071,286
1247670,297
1150813,304
1215972,276
1402068,432
1414079,433
1027086,431
1376822,468
1473650,513
1318829,483
1485144,596
1440877,654
1259634,671
1197323,568
1461060,43
1286426,39
1005386,40
1326015,35
1216054,34
1042609,32
1052663,34
1274204,32
1317813,32
1076102,298
1446470,307
1034950,300
1251250,272
1124996,460
1329337,336
1052063,341
1393099,341
1291876,326
1239530,283
1128989,147
1250468,798
1128007,135
1305327,139
1443163,166
1349532,152
1463940,1833
1067683,1282
1497405,153
1427690,119
1131692,364
1325899,366
1035806,322
1192752,396
1154621,404
1105567,407
1351561,486
1284314,489
1119425,518
1071315,418
1246537,123
1380847,119
1294936,104
1044935,95
1138879,95
1176172,83
1051931,107
1002959,105
1448369,69
1449451,58
1105139,115
1115844,118
1008005,105
1368689,85
1115922,77
1345103,70
1246054,73
1454376,68
1252642,61
1081770,43
1011869,85
1053029,64
1314053,60
1084167,69
1335565,74
1082784,53
1403001,54
1434417,60
1413074,54
1246394,39
1219340,719
1050739,712
1081641,709
1284180,741
1454969,1995
1294205,1816
1275885,915
1479530,826
1208280,2623
1214026,1903
1396005,126
1174114,155
1357653,136
1200505,155
1142397,90
1412678,68
1335177,72
1370526,71
1120043,62
1208972,45
1044205,79
1377609,73
1020582,68
1141498,38
1185774,45
1321317,47
1044208,37
1462768,40
1193401,36
1323629,32
1310109,77
1140274,80
1208581,78
1163752,71
1469436,68
1319124,59
1313925,94
1385981,97
1446581,104
1437446,62
1258414,50
1174433,51
1055153,179
1067334,120
1128244,37
1412206,34
1387722,56
1218541,52
1275925,51
1256153,146
1122590,124
1473145,135
1498862,146
1468073,147
1118231,138
1087099,161
1258783,151
1260565,150
1291095,105
1205721,64
1121544,68
1142191,68
1238740,56
1182987,54
1005888,44
1254577,54
1192747,45
1456541,44
1223264,37
1103707,171
1059508,176
1243642,171
1122553,171
1437856,185
1024334,182
1094451,226
1469441,244
1148888,265
1076174,196
1411749,304
1015942,354
1363447,386
1453406,370
1430928,332
1209243,326
1457115,381
1443790,348
1263578,323
1474898,295
1267831,282
1358267,274
1117920,255
1328212,239
1009729,345
1247718,288
1207734,280
1118433,280
1181657,267
1278379,236
1134421,101
1132261,147
1320763,118
1435856,119
1164020,118
1221554,96
1319256,125
1137425,121
1029137,130
1103208,101
1138911,263
1165664,257
1066867,255
1358058,263
1494749,275
1180274,278
1224290,332
1426563,343
1298595,353
1148750,323
1005991,293
1116883,304
1363374,319
1096571,301
1184430,293
1451172,282
1066128,328
1034948,313
1326066,292
1102430,234
1005839,335
1142609,328
1424764,336
1255897,334
1164600,399
1442420,423
1471794,479
1299929,355
1251682,388
1187963,350
1077995,406
1453805,397
1368058,405
1145535,405
1467638,418
1401067,368
1196492,440
1153756,341
1257122,366
1204857,283
1218069,320
1301983,121
1421520,163
1198628,155
1309951,163
1342026,159
1356728,187
1105141,210
1079507,209
1463915,177
1233795,431
1053494,420
1394036,422
1225441,396
1009382,386
1192637,364
1467684,438
1489795,367
1496426,356
1471166,305
1233270,36
1449283,47
1266186,91
1343496,89
1126475,44
1206173,30
1263095,38
1238031,42
1038208,41
1431065,31
1357861,128
1112729,123
1334347,110
1107165,103
1065013,107
1222552,95
1070954,105
1036421,103
1278133,74
1420350,65
1372959,324
1087440,324
1105500,325
1161104,301
1355011,321
1482584,284
1051069,333
1116511,357
1356690,337
1014995,265
1363250,384
1391402,376
1370933,390
1370147,398
1013543,502
1488019,831
1491784,554
1439153,441
1365373,402
1497842,286
1013839,43
1118156,60
1174124,61
1140152,66
1174722,55
1161921,74
1265011,115
1133560,118
1114035,87
1298165,114
1294042,79
1428145,111
1207278,83
1051663,74
1181734,65
1126206,82
1134606,91
1113723,90
1397919,91
1491918,74
1043312,41
1147478,41
1451559,39
1218312,77
1286106,51
1112082,36
1426235,38
1003250,34
1259326,26
1050893,43
1316942,64
1067443,45
1061638,51
1068385,45
1062592,38
1335692,78
1099468,56
1445308,59
1183480,64
1317126,15
1472200,15
1490235,38
1174386,78
1358409,52
1256452,52
1466565,43
1487695,51
1185809,51
1494354,36
1023978,24
1085749,134
1352707,136
1278123,172
1062709,147
1250818,150
1349155,203
1454309,189
1194145,228
1307270,172
1050861,121
1045222,120
1220930,117
1443773,118
1154727,121
1094658,113
1465044,125
1288182,149
1360946,149
1466464,122
1121475,27
1286904,26
1023709,126
1401955,164
1355254,16
1335658,40
1377502,20
1034536,18
1163567,31
1344633,116
1478109,136
1219029,127
1305096,121
1226722,151
1015804,156
1380027,184
1114802,124
1083269,141
1041594,119
1377282,57
1394329,120
1206840,115
1369644,112
1411752,72
1337720,40
1463866,62
1379819,49
1291108,52
1290527,31
1205756,80
1438927,80
1036746,75
1285741,60
1390805,96
1372636,87
1395249,84
1037450,79
1177169,70
1123384,63
1464318,217
1015193,211
1497309,217
1452792,191
1151297,197
1105382,198
1410900,237
1029010,204
1297299,190
1490816,144
1091889,213
1044397,1039
1191281,117
1180756,146
1025950,215
1309748,184
1101949,1886
1110111,1422
1310574,129
1176036,125
1074826,33
1440334,27
1169864,25
1440104,23
1085197,19
1287693,19
1165333,20
1126706,293
1385420,302
1430739,298
1042357,270
1249746,279
1093106,260
1086128,318
1157763,337
1057624,317
1031076,241
1377992,132
1424787,151
1075935,138
1092103,131
1391640,137
1285669,107
1295471,183
1078557,149
1420653,178
1296870,118
1428528,59
1400203,61
1055380,61
1182933,62
1483633,57
1450450,59
1357576,64
1065959,81
1495520,79
1198518,62
1282663,34
1193174,34
1350874,34
1253271,33
1198619,32
1247621,42
1022520,47
1258083,44
1355498,36
1138175,514
1165312,524
1419232,511
1093243,556
1146579,601
1250371,583
1441494,706
1146752,707
1427935,733
1012377,623
1178247,22
1233203,16
1340615,19
1033712,18
1281965,16
1037514,128
1297117,132
1010495,111
1482368,96
1318695,127
1348460,122
1338367,116
1393195,111
1223629,106
1424988,96
1211590,52
1243253,850
1092227,10
1318993,26
1445601,79
1292773,59
1307199,1332
1476894,1152
1117265,82
1388554,36
1105308,220
1107240,230
1387470,212
1184143,236
1072620,238
1460051,242
1111278,305
1442651,323
1409134,325
1051968,240
1120331,48
1281035,43
1293493,48
1139973,35
1493676,29
1211354,21
1352909,25
1337721,23
1113910,25
1102135,19
1425377,34
1422384,30
1230598,26
1411707,24
1409949,29
1144878,28
1422767,44
1284889,45
1223585,395
1206396,379
1378160,389
1052245,387
1430890,1490
1383977,934
1045804,630
1156318,484
1291422,1560
1380683,1493
1157321,55
1127659,110
1235689,99
1256556,103
1065319,58
1496936,56
1009706,43
1111605,44
1004134,31
1377031,37
1112513,30
1053460,14
1193479,14
1109243,20
1187105,13
1372911,17
1499803,70
1209794,66
1016566,67
1195041,59
1139039,56
1057767,57
1220076,81
1336292,91
1020982,84
1489603,70
1135573,15
1061984,24
1462450,173
1127074,154
1038259,25
1149922,24
1279581,37
1324180,98
1470662,93
1283213,100
1378795,96
1170047,96
1061263,86
1181328,110
1102835,99
1346782,96
1214346,63
1229842,43
1108968,32
1121701,27
1066693,31
1208257,31
1270239,28
1348062,134
1368447,130
1219540,126
1321207,122
1000642,120
1076525,121
1122408,135
1382330,155
1433378,156
1392074,130
1109747,126
1075276,132
1478089,136
1113423,135
1388642,143
1073366,129
1111214,156
1456596,171
1153622,174
1116753,119
1017288,168
1451772,172
1119297,173
1138638,164
1434726,156
1003447,157
1458918,208
1101879,178
1336104,172
1348705,133
1465396,40
1376423,40
1481206,37
1009569,38
1387274,31
1310708,34
1155929,37
1314559,43
1097259,30
1109233,126
1070475,128
1022232,108
1275544,94
1108444,135
1406546,126
1167154,122
1476614,117
1234726,107
1451631,102
1050057,55
1361060,89
1331292,75
1283598,76
1499806,74
1018726,70
1408381,81
1272485,72
1362852,49
1129500,33
1062525,57
1235519,55
1369995,49
1075387,57
1400898,55
1224959,51
1421340,71
1220168,109
1439539,72
1470046,68
1391149,138
1297146,136
1410054,144
1364916,138
1233541,137
1422209,131
1083629,162
1368507,147
1198651,140
1283960,104
1231476,63
1349761,82
1482768,75
1002536,66
1419887,90
1248501,99
1291944,123
1436867,89
1257323,91
1132521,74
1030230,409
1093409,443
1249587,422
1130025,439
1394076,453
1349917,449
1033575,537
1209870,391
1482022,381
1430894,294
1382800,126
1226060,66
1418431,75
1048428,94
1362840,82
1240846,83
1259183,94
1070288,114
1467073,119
1379768,97
1406956,264
1311326,258
1387939,260
1049891,229
1237190,233
1212519,225
1209918,266
1154373,248
1205630,216
1354206,165
1288571,20
1120855,97
1133824,95
1196734,20
1060062,28
1164785,33
1336298,181
1405041,174
1060513,177
1353037,193
1383969,178
1480033,167
1068087,215
1128618,211
1204524,184
1156177,125
1229710,132
1075135,121
1185011,149
1105675,88
1189309,176
1257953,170
1435140,140
1268931,126
1250643,114
1373331,101
1314804,41
1085036,41
1054001,44
1288387,32
1286151,51
1247116,44
1019807,25
1412520,25
1161669,43
1082827,49
1433386,20
1156715,22
1179911,49
1179936,45
1233478,49
1399946,47
1032955,45
1002856,37
1287783,63
1166709,64
1346583,74
1286122,82
1204381,17
1029430,17
1323538,16
1416779,16
1253163,15
1332638,52
1330372,59
1177255,49
1477268,48
1189551,27
1114827,56
1278141,40
1364476,38
1096012,26
1259676,17
1203050,17
1313304,76
1128930,61
1099709,21
1105749,27
1179700,20
1431582,22
1152692,24
1076816,25
1054611,28
1478275,26
1030592,32
1432030,38
1119155,28
1076400,30
1440313,83
1102018,102
1239878,111
1113947,103
1095118,77
1266382,54
1222099,47
1289441,49
1479532,39
1125619,36
1087987,80
1167708,90
1214743,76
1355453,57
1045081,106
1459993,103
1434614,95
1335959,78
1397855,71
1171886,66
1191038,31
1007240,32
1294794,23
1246825,23
1364329,126
1286535,141
1373312,151
1198624,149
1003799,147
1256663,131
1412094,170
1220509,147
1167611,141
1318187,109
1009831,510
1388765,860
1359919,466
1241983,464
1179995,500
1212359,481
1376509,2002
1052051,1972
1404009,425
1339522,297
1318327,22
1233545,16
1476335,13
1302373,15
1105644,139
1415361,113
1045371,134
1005596,115
1044413,119
1038816,101
1209003,153
1083324,145
1311779,135
1404668,90
1188630,40
1412947,40
1072334,37
1377155,39
1025414,37
1354738,34
1246940,41
1222461,51
1066086,49
1336313,37
1026962,314
1019750,284
1052756,294
1199363,304
1268913,322
1301467,321
1203194,401
1182935,430
1163522,484
1072037,384
1447951,14
1409401,14
1086420,14
1331890,14
1178120,141
1247967,147
1423994,137
1036223,125
1416797,176
1301576,171
1212594,145
1026960,140
1370443,118
1165387,117
1386562,252
1316517,644
1067207,240
1093937,211
1111260,209
1445136,192
1110219,1496
1398603,1347
1081181,183
1190478,132
1003254,265
1467189,240
1391034,197
1402736,216
1359141,254
1385854,227
1364965,278
1323652,289
1488422,296
1426492,231
1397082,37
1183542,31
1297522,35
1138417,22
1318183,24
1207002,18
1142667,17
1167396,18
1060989,26
1091688,46
1316599,30
1153086,15
1162850,24
1205495,28
1166342,24
1052895,20
1419947,341
1126746,312
1037962,365
1047146,386
1204425,985
1235062,937
1103243,629
1120213,487
1270215,1768
1279495,1174
1191198,54
1392035,57
1415566,68
1206608,71
1133034,47
1063358,30
1381777,28
1137331,33
1193871,26
1219698,27
1386138,31
1128376,29
1028398,23
1378005,18
1408874,18
1073159,19
1312708,20
1005967,67
1122653,63
1192154,64
1291405,81
1246214,78
1145228,89
1343513,92
1231000,71
1482446,23
1117272,22
1099679,82
1401233,55
1112808,22
1432401,18
1410871,26
1162651,24
1016899,26
1204132,145
1079439,155
1037012,165
1232389,168
1392405,187
1282001,162
1496357,194
1461201,179
1128577,172
1300341,139
1344720,29
1463100,28
1465046,24
1017841,21
1025415,22
1017556,25
1017987,23
1230486,19
1267865,183
1083326,139
1408065,143
1328158,139
1052607,176
1363852,150
1403750,182
1021705,195
1489126,207
1298290,142
1279562,408
1286209,409
1184252,415
1398745,392
1240758,374
1389985,370
1163173,459
1174671,412
1358679,391
1187231,306
1252109,10
1159089,11
1469555,20
1483071,20
1057435,111
1008958,112
1228910,102
1273259,89
1047684,131
1083469,125
1148001,103
1458865,101
1490628,90
1049275,79
1226940,131
1031082,128
1166031,109
1046186,102
1228900,115
1432549,91
1399393,91
1041932,96
1245703,88
1355224,61
1215604,38
1051743,39
1277562,40
1113170,43
1494387,42
1372244,36
1049141,48
1074239,56
1128774,54
1376540,46
1437760,317
1108262,291
1168331,298
1141138,280
1335501,293
1460874,273
1459975,320
1214021,289
1192427,273
1011073,208
1003568,42
1304019,40
1001350,45
1079923,45
1484969,57
1190493,55
1134077,73
1379147,52
1042262,55
1480338,44
1443390,151
1277919,152
1436754,160
1390757,159
1370531,153
1439508,154
1157260,168
1012488,144
1453079,151
1049953,79
1239800,51
1309077,33
1378564,37
1368027,49
1082858,51
1425354,37
1125176,40
1427076,53
1099647,54
1422391,39
1004160,163
1253731,163
1452541,178
1207513,154
1453485,156
1060476,159
1051838,188
1006214,154
1154326,144
1010806,110
1079506,18
1164049,20
1426844,43
1135475,47
1410231,23
1062733,447
1319141,458
1134128,479
1470083,466
1173705,479
1167231,443
1166855,543
1316448,586
1315318,538
1328973,423
1224798,425
1111734,429
1035513,425
1320280,384
1243378,999
1312036,1154
1351501,806
1485680,524
1031838,445
1055470,357
1108200,104
1177218,140
1162136,131
1001218,97
1244163,138
1220606,101
1339373,158
1152169,187
1310691,189
1435894,85
1478521,103
1086088,98
1254550,102
1173254,93
1348587,89
1358767,75
1078871,122
1031293,139
1221401,122
1192753,98
1313303,32
1012264,40
1206239,42
1020767,34
1029535,73
1382856,39
1407934,39
1109538,30
1136023,27
1126260,72
1180004,74
1163284,106
1258768,77
1498538,75
1096137,89
1343181,111
1488101,135
1176648,113
1126581,86
1154721,15
1028416,13
1128999,14
1341159,17
1125927,41
1065645,78
1139142,69
1210716,77
1042827,70
1368817,43
1496025,74
1158456,60
1118651,59
1077192,36
1277378,94
1249354,89
1428806,127
1333703,105
1090094,91
1241511,93
1082030,150
1307675,183
1102882,184
1403544,92
1031656,104
1057468,104
1254869,105
1301393,97
1418380,98
1425208,94
1498214,111
1059414,132
1354141,129
1357261,100
1471596,29
1244888,19
1435749,155
1206662,101
1289837,18
1321832,16
1396477,29
1293366,21
1057374,15
1013823,25
1407630,49
1100203,50
1290556,48
1027327,39
1385322,81
1081549,82
1319225,110
1446058,70
1046977,67
1065843,49
1384266,36
1467641,77
1130404,78
1082755,95
1256784,56
1350726,30
1202811,41
1006695,35
1310669,44
1079853,24
1166693,104
1378906,109
1007982,110
1322216,83
1182054,174
1336720,125
1472124,127
1146016,125
1200229,99
1347107,88
1461518,19
1008079,16
1005877,19
1246057,434
1034621,423
1116418,443
1273111,409
1039920,408
1075647,387
1309041,487
1272308,439
1135659,415
1184324,336
1429396,511
1316018,1560
1147117,463
1499092,492
1373243,531
1168909,504
1124988,3046
1034545,2510
1386995,420
1481215,354
1485905,21
1446239,20
1365715,17
1214310,15
1125217,12
1077074,15
1066882,15
1201006,369
1352126,373
1320721,383
1207481,377
1174504,384
1279294,357
1223663,446
1285597,446
1131213,422
1251757,363
1316737,91
1336425,129
1175819,135
1405199,95
1206594,111
1104790,134
1374234,131
1488555,214
1050887,223
1136383,151
1326753,93
1066019,104
1324215,99
1480680,99
1365726,99
1050102,93
1472375,103
1320171,124
1357176,127
1057971,100
1422296,31
1375422,31
1121472,28
1348142,26
1427919,23
1133355,34
1225464,42
1296900,39
1337907,30
1245457,625
1324576,580
1054723,589
1240913,608
1403942,676
1004923,647
1429694,788
1029910,844
1228946,839
1119476,714
1153063,14
1387862,12
1338145,13
1010613,16
1411001,15
1254639,246
1062163,235
1314655,247
1214604,217
1499996,489
1076322,430
1295832,357
1059505,322
1435781,286
1450486,238
1400252,151
1043916,1465
1334266,144
1332401,83
1424541,129
1269115,116
1325639,2140
1413444,1861
1150346,160
1194832,92
1467164,469
1164908,469
1182446,482
1393856,489
1161200,516
1242357,499
1344145,631
1430031,641
1193698,614
1449017,500
1480348,25
1105352,23
1056548,22
1204384,20
1389300,22
1159245,26
1007386,16
1086612,37
1383381,23
1211544,15
1117090,14
1305028,16
1497650,11
1258805,29
1298831,27
1416755,20
1395061,25
1493859,32
1165027,30
1325065,27
1173236,13
1461461,336
1031143,309
1338319,322
1382544,343
1271586,1676
1269024,1458
1167686,587
1361654,438
1223632,2411
1333660,2126
1369149,25
1299994,44
1379722,43
1492813,65
1267473,39
1496114,17
1422934,25
1272585,22
1225073,29
1489149,19
1133031,61
1129020,43
1011397,30
1074564,12
1375237,16
1059977,16
1088641,135
1428749,141
1314335,151
1380138,147
1497901,143
1457740,146
1251460,180
1073802,177
1188251,170
1424484,133
1259215,6
1430121,177
1106796,148
1157026,53
1182802,40
1241573,32
1455381,270
1025335,269
1216649,291
1308574,288
1207111,297
1170636,272
1092905,346
1102625,319
1088738,301
1227946,228
1396228,32
1451374,22
1387655,19
1141553,26
1486055,23
1353727,19
1427372,84
1307655,84
1311140,88
1446095,86
1018911,83
1199464,79
1219081,97
1189218,113
1161886,108
1164974,89
1075689,228
1487402,218
1253839,209
1180477,201
1047246,230
1466888,224
1021666,270
1283025,286
1469190,303
1391079,232
1284482,254
1000105,305
1131405,313
1026786,300
1401169,267
1385345,287
1417732,352
1106209,328
1446703,308
1013495,251
1151385,33
1306511,36
1366410,30
1006403,28
1119932,41
1043407,40
1444521,41
1256754,47
1283179,40
1196826,188
1387452,198
1230711,206
1236120,183
1185618,325
1213184,292
1004268,275
1136398,252
1279574,235
1204333,201
1390444,50
1462554,230
1438751,137
1170801,99
1210459,77
1460994,119
1440018,69
1164610,71
1488966,48
1242930,30
1390101,31
1465566,33
1000399,33
1137195,46
1469869,53
1147978,47
1231088,36
1101374,360
1155055,407
1146684,458
1055690,406
1102117,388
1432286,395
1006749,481
1070762,445
1337657,399
1478088,343
1360628,43
1131297,49
1201315,47
1342955,43
1109874,73
1240433,73
1487214,100
1064794,68
1398521,72
1310802,57
1187527,422
1266277,450
1424653,451
1293173,537
1230491,527
1259128,469
1159755,644
1061646,453
1071202,472
1479720,362
1308655,176
1208083,61
1406102,77
1146795,81
1207125,82
1373978,80
1425009,94
1159178,117
1149792,116
1101270,92
1003426,643
1336097,624
1097994,609
1230031,572
1409887,590
1296679,566
1152195,688
1042129,643
1218255,549
1159094,456
1455053,105
1294863,95
1154504,43
1253115,34
1441342,29
1129865,25
1411712,29
1451554,26
1095043,344
1329450,213
1125836,265
1430034,237
1142440,246
1044380,226
1303629,296
1291262,264
1348532,264
1099484,205
1171803,322
1123524,316
1090759,303
1407952,307
1135688,635
1389266,615
1418776,395
1073552,314
1022559,307
1483098,240
1339708,95
1470087,81
1032828,87
1124041,79
1369678,92
1461502,71
1143046,89
1456341,104
1035674,103
1128260,87
1077741,52
1116828,46
1104430,31
1006876,70
1038889,66
1229088,38
1341616,34
1392433,37
1430712,80
1446867,79
1068263,74
1028358,61
1237914,77
1119781,63
1084443,92
1075103,91
1430774,94
1463395,73
1170237,23
1152704,21
1167595,22
1417527,21
1057642,44
1211529,56
1491460,52
1173218,49
1196727,42
1215876,31
1392155,57
1255627,63
1131296,62
1372817,26
1363668,31
1378609,30
1397881,156
1353011,96
1239441,23
1038504,18
1326400,37
1026836,29
1334475,24
1434413,31
1026176,37
1298077,37
1245848,37
1035147,35
1263020,85
1387986,74
1047301,82
1367333,51
1445108,45
1245784,148
1052527,172
1154093,144
1112092,161
1063008,106
1136777,74
1041377,74
1007970,68
1059438,56
1479835,51
1383133,118
1134647,108
1056045,106
1313529,95
1147431,107
1130814,92
1309558,104
1030937,99
1112119,92
1117017,75
1239136,73
1271587,70
1038585,74
1392239,64
1290122,61
1108124,54
1041100,57
1004768,58
1156294,41
1425233,42
1343050,214
1101383,214
1240963,215
1193266,179
1109229,201
1188459,193
1254738,233
1384680,183
1245643,184
1083613,140
1081347,520
1452904,780
1043817,468
1291371,490
1123762,480
1334397,471
1460060,1897
1360251,1822
1281762,468
1439399,302
1456841,35
1151987,28
1085268,28
1247499,24
1059572,22
1058761,20
1213428,22
1231149,18
1112851,19
1000917,21
1379980,197
1445903,173
1025963,153
1462601,162
1341646,163
1225833,150
1158773,198
1228545,173
1144060,174
1006721,131
1164093,61
1435780,58
1061961,56
1440940,57
1160251,51
1477670,50
1356831,57
1156352,63
1344824,63
1314386,53
1485491,419
1493366,378
1244054,354
1339975,442
1493137,488
1482630,497
1237519,618
1414111,649
1290325,686
1064432,548
1029248,29
1106987,27
1366046,27
1359583,23
1380921,22
1369493,25
1289695,24
1110768,187
1338863,190
1382552,170
1465531,147
1241642,166
1344808,176
1268761,223
1092893,165
1219577,175
1197753,142
1067587,247
1030802,614
1058272,251
1469310,221
1135977,214
1457455,218
1336420,1462
1044036,1397
1089556,213
1330753,118
1104767,439
1331057,424
1203291,382
1325692,404
1200019,430
1101366,508
1410252,533
1412366,548
1491157,424
1159926,71
1148781,72
1420464,76
1310990,50
1195644,57
1491489,43
1143648,61
1128910,34
1439261,32
1139047,76
1098155,70
1202577,64
1149766,35
1375995,38
1028380,30
1490332,33
1415018,29
1152702,28
1203390,21
1420693,39
1076949,42
1473548,51
1445518,36
1486977,36
1205567,33
1417445,60
1008417,38
1094914,36
1335339,31
1489978,412
1143124,397
1478947,442
1341530,450
1448998,1206
1460556,1101
1425588,724
1447660,586
1204319,1835
1152041,1234
1031113,70
1109588,137
1042999,91
1121263,106
1272311,71
1035417,48
1488435,46
1110234,49
1046452,43
1154396,32
1161124,67
1012281,37
1440975,38
1028809,18
1052765,23
1272908,27
1431024,17
1133290,19
1235620,23
1484884,19
1348620,109
1319291,104
1141726,111
1401741,100
1489392,95
1139984,92
1131770,117
1194241,142
1065106,124
1386594,120
1268551,132
1073089,83
1139610,33
1329960,26
1355420,30
1311633,25
1337310,32
1148023,22
1441522,170
1138443,158
1135202,160
1107821,158
1188980,167
1416036,154
1301771,180
1088259,156
1270555,161
1272194,123
1499793,52
1309793,50
1350159,43
1269768,41
1100287,35
1167804,33
1192141,41
1402406,36
1340231,33
1419886,30
1260343,193
1182877,214
1217356,211
1379965,223
1441304,205
1448107,203
1063294,232
1023485,253
1253042,252
1336992,180
1449051,209
1468878,250
1433312,256
1189831,238
1350933,251
1499642,220
1002220,266
1354819,251
1175159,252
1273334,190
1167786,44
1301245,41
1254662,38
1406214,42
1455960,38
1049062,34
1433561,41
1187892,46
1492015,43
1034544,36
1263414,122
1475968,127
1213459,109
1098128,96
1166118,116
1044631,114
1170333,112
1436012,107
1190243,102
1411936,91
1462062,109
1462250,134
1478840,112
1272125,107
1173592,116
1082757,100
1315888,112
1228962,103
1218951,114
1450157,70
1261300,83
1168313,81
1363268,82
1110969,85
1065108,75
1075576,77
1195998,93
1107358,106
1346015,99
1341848,103
1117382,230
1336905,228
1029565,244
1220068,228
1323831,233
1064599,222
1427131,265
1042031,254
1468651,254
1208468,187
1177476,101
1295274,108
1273741,106
1342863,99
1186787,221
1476397,182
1405693,219
1087697,136
1383887,139
1310014,116
1096435,334
1230201,330
1327424,350
1132325,325
1273416,351
1205384,296
1262956,343
1122503,277
1151545,292
1154377,210
1364266,131
1011680,55
1119959,71
1158717,79
1065220,74
1019539,75
1280259,83
1026271,98
1397525,103
1293237,82
1253918,274
1360008,268
1474314,274
1161152,249
1177267,244
1107037,249
1173268,284
1267108,253
1037485,262
1368561,197
1187183,18
1039161,22
1206949,91
1295773,53
1173347,31
1296351,16
1117059,26
1399077,22
1082409,31
1067565,460
1139300,370
1208174,403
1011793,420
1154581,397
1385320,352
1439856,462
1340904,406
1171791,396
1071982,320
1443474,462
1451076,417
1435826,436
1191886,376
1263052,1101
1263612,1079
1233431,496
1036701,457
1492648,406
1193094,350
1430287,148
1058569,143
1492697,146
1056546,137
1204210,157
1224718,130
1053778,183
1030896,161
1088431,184
1032604,126
1278927,44
1313959,52
1034410,49
1169758,33
1054997,67
1091093,67
1440267,38
1139782,42
1022113,31
1044881,32
1406716,184
1168881,173
1213366,170
1086686,161
1061143,174
1017207,170
1414578,196
1102297,198
1216870,207
1373185,164
1251629,34
1156628,33
1160666,33
1298962,28
1053397,28
1056878,25
1111308,27
1479578,27
1288087,26
1471120,27
1046475,43
1493330,82
1444927,71
1213229,61
1439048,58
1289710,39
1139483,67
1330572,73
1278620,41
1482738,27
1436768,50
1187402,49
1484931,243
1160983,178
1204951,29
1323946,30
1139023,53
1017883,44
1452460,47
1368853,35
1206015,51
1081991,53
1052440,53
1251515,56
1177457,67
1143868,65
1012312,80
1082444,60
1231667,64
1294198,53
1001589,109
1245764,170
1173024,127
1140780,162
1099951,84
1276819,57
1042565,60
1334897,60
1079864,47
1455309,37
1249865,174
1060602,182
1183244,159
1451782,151
1134905,257
1183036,296
1388259,198
1037543,192
1034628,166
1252651,157
1033716,79
1290880,86
1277555,77
1018412,65
1237270,65
1091196,54
1393399,62
1291765,55
1315398,43
1386568,39
1252163,263
1380398,259
1436318,259
1065215,245
1079999,251
1278358,238
1497315,291
1349361,270
1168663,261
1364764,214
1382522,435
1278260,1056
1499444,350
1395990,370
1490371,459
1239951,420
1336054,2717
1377724,2125
1237631,259
1286591,299
1032092,31
1412836,29
1096428,27
1023786,17
1044596,15
1247191,16
1458427,16
1341137,15
1216688,298
1474661,236
1309062,259
1437313,252
1095693,245
1268258,223
1284565,295
1124262,260
1054665,282
1112624,198
1030655,121
1442612,127
1059397,126
1254831,118
1033383,112
1358859,110
1091267,127
1106379,141
1398968,134
1413888,120
1316160,714
1419545,645
1062437,601
1181575,832
1143023,813
1278339,753
1282203,911
1080746,939
1296937,955
1210564,859
1498130,26
1423053,26
1162538,26
1156343,21
1155176,22
1140696,22
1348589,23
1274735,22
1144733,177
1471235,192
1133933,186
1301416,164
1197228,389
1390628,345
1265180,266
1034409,241
1125602,227
1331846,214
1219136,238
1111993,1110
1130159,135
1447928,174
1425338,188
1144306,169
1054489,2027
1164986,1868
1031723,86
1066069,92
1022008,444
1438700,441
1314739,402
1316314,477
1050661,491
1317396,502
1179891,603
1035233,624
1011404,658
1306324,553
1311882,61
1262231,55
1044776,52
1388783,56
1124343,43
1343601,40
1424831,43
1366075,41
1117973,28
1412333,30
1232239,56
1443246,73
1231783,63
1047398,34
1436104,36
1411819,30
1126514,35
1432466,28
1332733,25
1052922,38
1445257,44
1397451,36
1335660,45
1113039,53
1259989,33
1435221,56
1423989,55
1007274,24
1248694,446
1231562,462
1130546,496
1484346,507
1442704,1815
1231053,1568
1483761,656
1347385,570
1330482,2518
1185291,2095
1224132,72
1317197,104
1241367,101
1390190,135
1072198,77
1244605,51
1202906,46
1148817,40
1210527,63
1482028,41
1251007,34
1356261,17
1468996,19
1048360,21
1207133,15
1183999,19
1042446,19
1427250,19
1105380,147
1243006,145
1095300,142
1483804,135
1354048,140
1179559,132
1254839,162
1458313,161
1081002,167
1491158,117
1163656,169
1103189,151
1106730,32
1146782,50
1347859,40
1309782,35
1211246,183
1296046,174
1025817,189
1324612,181
1473661,211
1261002,192
1352677,229
1025143,215
1292861,224
1104929,156
1430481,30
1207788,32
1065786,33
1375055,27
1430795,25
1278380,22
1091685,23
1464998,24
1341777,20
1138248,317
1490626,304
1281487,292
1082441,308
1482938,310
1184923,311
1326973,368
1192047,388
1267180,400
1246324,423
1097109,330
1173687,327
1131198,394
1310234,369
1065673,376
1213540,326
1274015,394
1077171,374
1296692,355
1012505,305
1257968,54
1225233,55
1377517,52
1114069,50
1427908,48
1079074,48
1139550,66
1171872,61
1371558,51
1207630,199
1045125,211
1497213,187
1258001,186
1079563,358
1179847,357
1064410,271
1376454,251
1181980,230
1477762,209
1181474,73
1220195,114
1137571,95
1168297,104
1353136,106
1472975,92
1433727,111
1473901,97
1191319,90
1416495,65
1226362,146
1058055,138
1237424,142
1097480,147
1239094,138
1427548,139
1134215,172
1101934,162
1227132,169
1107600,139
1074380,266
1040219,348
1075922,359
1483577,461
1187970,276
1226360,315
1189058,377
1037004,329
1069941,358
1433285,282
1105113,234
1277408,225
1085386,221
1407082,222
1385752,269
1212643,269
1021280,330
1402014,289
1242573,293
1204789,286
1008328,335
1356975,353
1426728,363
1376105,419
1030585,375
1413560,367
1046211,435
1466477,294
1464177,343
1007464,248
1237346,227
1016003,79
1366429,112
1454944,113
1159279,108
1255341,128
1168385,147
1414891,166
1455705,160
1099051,143
1133067,345
1333880,339
1359714,337
1108942,317
1270430,325
1158007,309
1073033,339
1035826,308
1394665,286
1325149,246
1148964,34
1301591,31
1054238,104
1432687,117
1369820,26
1142224,24
1222928,37
1126137,33
1289761,34
1105042,25
1300295,74
1175047,76
1470434,92
1130199,69
1137849,69
1199578,59
1242043,65
1375038,59
1027496,45
1204718,43
1195576,530
1446499,514
1195279,520
1010758,533
1354889,518
1347174,483
1101194,573
1152426,605
1425660,558
1486207,458
1202850,503
1392817,498
1416778,493
1371311,480
1308810,967
1458963,998
1145504,706
1266884,646
1194501,549
1054423,436
1295451,37
1456593,41
1367486,6
1457634,111
1270934,43
1143105,25
1062418,121
1368546,110
1200473,136
1130835,130
1047685,118
1126061,120
1163821,145
1169619,158
1401462,143
1073198,125
1199424,39
1017200,38
1257467,34
1050839,28
1108091,74
1041705,46
1233321,30
1368544,34
1475574,28
1030570,23
1059894,115
1389405,96
1288556,107
1126299,110
1201059,98
1105093,90
1053387,127
1009972,143
1273474,136
1142240,109
1089204,15
1333903,15
1088611,35
1089153,62
1042206,49
1268813,53
1233183,39
1073477,61
1200055,33
1027765,36
1336904,46
1290936,57
1077142,24
1052585,31
1466748,50
1311945,22
1382023,34
1162454,43
1430846,90
1062961,97
1100322,96
1394157,99
1045296,96
1383490,98
1420177,93
1393398,111
1127680,132
1197145,153
1443014,133
1135504,18
1039343,120
1452266,59
1297518,20
1148882,30
1210043,13
1345687,21
1377152,28
1124601,25
1492708,25
1163223,18
1339037,17
1256412,39
1231690,39
1253859,36
1436052,34
1174062,23
1228388,52
1474450,109
1097238,127
1227931,127
1329104,77
1006640,50
1046575,54
1146138,48
1191939,40
1484976,170
1489133,169
1288241,144
1225058,135
1093359,289
1175825,304
1003353,251
1286252,226
1322978,190
1299602,165
1432390,16
1251736,17
1496308,16
1017856,12
1058968,17
1190208,404
1345826,421
1141415,402
1008850,396
1327250,406
1495708,381
1104677,485
1160493,439
1320703,386
1027062,329
1322431,645
1268993,2051
1144211,589
1489736,596
1175246,677
1125431,652
1412006,2763
1241406,2674
1118679,645
1342717,496
1299363,22
1273355,18
1240489,14
1210148,14
1328963,14
1439151,319
1403041,335
1374095,349
1465788,363
1145397,339
1315899,308
1174807,367
1135854,420
1033339,398
1021348,323
1208448,34
1213834,47
1394883,41
1294077,41
1234987,75
1450781,81
1254800,101
1158154,125
1308725,122
1446887,119
1262361,113
1451679,110
1418604,110
1078051,101
1208168,116
1041890,143
1378832,161
1159213,146
1093737,21
1200754,24
1143224,21
1297207,19
1428215,18
1341299,27
1272207,30
1085056,26
1481640,334
1031471,329
1241213,339
1055152,360
1075123,425
1365959,371
1195304,502
1211091,523
1373638,711
1091949,591
1393810,15
1103739,16
1064148,17
1355980,269
1185374,259
1386984,270
1485511,242
1287135,525
1470658,501
1199186,397
1042536,353
1003304,320
1364923,280
1085341,352
1331710,1965
1275541,221
1341427,246
1190610,251
1470105,244
1059086,2158
1170745,2145
1190647,234
1217666,185
1317164,171
1404058,168
1099698,178
1225205,184
1120109,208
1317198,202
1485133,259
1011810,279
1212950,410
1022775,337
1308216,35
1001837,28
1010451,27
1163875,21
1044014,15
1011280,14
1492792,27
1464863,28
1361159,24
1156261,23
1239283,20
1246844,45
1382200,42
1040381,29
1383194,24
1483614,556
1158128,540
1352318,573
1229307,598
1420379,1591
1130528,1424
1066609,803
1486088,728
1492838,3124
1328470,2204
1081769,45
1427746,81
1389098,68
1205560,88
1273304,57
1342728,28
1430130,40
1488705,38
1114349,45
1282630,27
1187473,72
1318026,42
1155627,34
1236638,10
1367579,22
1386706,13
1127458,23
1347832,154
1081122,137
1135583,176
1317214,168
1108123,140
1259625,134
1030257,196
1044613,188
1091363,200
1227543,178
1188655,14
1457066,124
1136292,82
1094514,39
1002965,40
1213573,20
1490689,24
1271981,418
1483269,424
1187987,490
1048292,463
1311383,465
1272295,444
1091585,509
1153982,506
1251268,461
1284150,366
1286897,35
1248048,38
1005493,37
1267340,31
1239904,27
1277516,21
1303470,25
1481719,25
1402112,24
1027373,63
1053078,60
1246247,60
1445153,62
1131144,60
1022645,60
1347554,65
1036573,81
1190178,101
1053533,87
1304520,114
1419372,112
1288833,117
1435274,108
1314299,122
1451163,114
1230602,145
1223589,174
1313223,168
1425457,115
1449224,230
1204575,229
1142402,259
1023335,223
1247584,221
1156954,235
1311902,285
1442346,274
1108742,252
1345988,208
1298775,20
1395159,16
1303699,14
1176341,16
1435013,25
1324100,22
1375569,282
1222642,263
1008853,276
1498918,255
1109016,407
1331054,432
1054844,372
1053706,346
1379618,302
1466164,256
1374168,51
1041129,96
1279473,84
1325155,86
1113630,77
1025725,53
1420947,105
1281621,65
1380927,61
1030996,52
1359223,36
1207971,35
1497598,35
1002230,35
1361399,35
1145097,31
1029048,50
1182337,61
1471562,52
1057859,45
1246239,311
1346290,342
1239205,349
1365667,312
1363773,296
1438163,307
1124497,387
1035904,353
1217859,333
1032275,268
1094996,24
1458686,27
1260284,24
1049246,43
1032350,43
1227412,55
1022589,37
1210589,27
1483750,210
1279331,205
1285467,210
1239556,260
1177527,267
1497342,247
1479242,357
1457016,239
1113685,245
1222266,93
1130670,47
1221942,51
1335895,45
1347237,33
1335483,46
1201957,63
1245394,61
1283139,49
1159875,307
1068162,301
1304851,316
1031011,276
1366117,274
1081454,262
1155890,341
1143009,296
1109837,266
1420026,203
1073318,13
1219979,21
1417619,111
1310817,52
1163382,17
1182396,35
1054132,29
1360123,15
1256829,17
1122414,14
1469496,10
1490414,20
1281725,237
1285268,195
1385760,231
1467681,201
1237618,215
1097503,198
1041008,233
1191686,255
1110858,235
1009792,178
1153258,200
1261101,191
1003559,195
1147045,204
1212345,647
1209256,602
1033560,355
1099076,241
1249361,251
1003543,178
1366721,95
1369157,98
1357947,98
1034851,98
1441985,93
1444957,84
1036924,122
1018734,117
1040888,126
1209466,93
1247389,42
1446359,43
1301912,41
1400145,36
1235060,77
1074206,75
1276086,33
1282178,37
1258552,30
1084942,24
1154649,79
1155410,74
1155845,69
1128430,74
1196226,73
1399997,66
1412783,91
1384724,91
1446797,97
1430688,82
1397921,18
1486556,16
1030646,17
1195477,18
1086065,62
1287867,81
1366235,76
1068779,59
1082221,74
1300287,57
1104414,61
1394387,43
1065082,56
1261807,57
1399983,24
1392715,67
1411551,77
1210413,8
1321360,27
1427732,32
1381451,35
1273296,35
1175998,33
1072824,39
1470215,41
1430558,46
1166112,38
1203344,38
1299061,33
1342610,95
1096847,166
1072878,114
1124042,172
1466895,79
1497250,60
1387934,61
1085459,60
1492225,51
1142718,37
1457058,112
1424908,110
1200217,94
1044787,78
1364727,98
1307772,94
1237451,94
1223865,89
1294200,79
1427298,72
1213120,32
1128126,32
1085143,37
1230402,24
1181195,25
1241991,24
1319873,22
1069963,164
1304127,162
1313628,184
1361296,171
1026014,161
1489921,165
1120076,211
1304941,174
1481457,169
1458967,124
1064603,538
1280020,898
1080428,509
1364032,514
1340335,570
1192024,513
1062785,1655
1365356,1565
1160539,544
1436896,435
1207359,26
1249113,17
1412865,16
1299237,15
1185486,15
1478163,15
1155205,15
1004297,135
1237737,116
1230705,125
1319258,121
1267633,117
1168400,104
1294658,123
1109580,117
1394030,123
1296678,75
1345635,45
1364763,46
1109062,46
1316392,46
1098691,41
1312916,40
1494672,52
1288751,57
1447072,55
1144125,47
1165135,220
1365978,179
1425692,184
1352787,236
1106798,238
1151845,222
1446773,286
1000259,316
1361688,355
1339452,264
1266036,15
1355728,15
1359687,15
1490276,18
1110725,192
1051747,195
1409553,181
1155898,169
1331091,209
1004645,225
1484601,221
1176259,199
1164274,193
1175834,173
1227396,280
1475697,731
1275455,234
1098208,219
1100709,231
1141206,194
1393239,1655
1496220,1379
1117606,191
1158804,131
1280129,139
1114886,157
1163765,157
1406367,182
1142814,262
1294699,184
1379642,241
1244589,252
1100387,283
1323102,192
1177540,29
1136502,28
1491362,34
1250840,27
1016153,22
1050973,24
1358467,24
1436626,20
1181846,65
1133369,55
1372452,43
1105445,39
1233676,30
1248416,27
1170610,36
1236319,21
1290214,16
1488157,33
1479779,34
1427043,34
1310388,28
1015884,56
1180421,27
1359547,58
1410710,37
1446311,47
1452837,24
1477870,414
1215216,388
1285681,454
1314990,424
1337450,1063
1095122,1138
1164460,787
1260186,579
1268073,1990
1264095,1484
1312991,52
1223786,97
1252201,84
1008278,96
1040076,49
1365093,40
1478529,39
1376960,41
1286449,36
1059103,30
1342550,36
1427813,33
1468070,36
1198993,18
1096212,22
1175396,21
1055343,16
1027386,16
1027603,21
1126082,57
1095804,64
1284871,72
1412582,61
1352134,76
1014758,51
1239271,86
1343596,78
1343455,81
1259932,76
1319798,22
1315760,97
1399760,54
1293278,25
1225808,23
1407284,26
1118637,20
1003511,157
1388877,165
1183200,170
1031478,192
1481797,211
1450040,184
1391988,220
1325950,205
1034337,189
1401405,145
1309036,29
1486121,30
1094193,27
1238414,21
1257291,22
1339559,20
1078324,20
1189106,20
1422129,22
1158245,21
1170036,74
1467615,63
1024239,53
1495288,68
1214497,72
1135850,67
1463434,79
1181187,99
1044453,104
1239433,57
1490132,416
1480622,434
1345970,445
1002734,427
1071118,400
1209765,397
1377968,472
1180975,433
1197780,424
1138204,345
1234971,21
1296050,20
1007089,19
1085266,20
1488516,19
1410651,29
1162178,146
1028250,139
1162284,126
1153095,107
1089838,122
1400665,107
1383706,116
1123698,109
1148219,109
1369726,98
1487745,137
1258801,144
1394487,125
1386178,115
1033130,119
1123301,103
1189931,117
1213578,106
1392146,113
1172957,83
1004822,48
1447907,50
1027560,50
1475205,53
1317475,48
1143854,48
1487269,59
1110968,77
1361934,59
1124862,59
1479327,272
1034228,303
1016160,296
1116053,283
1296120,290
1027940,276
1120072,306
1142743,303
1498844,284
1254537,211
1010463,39
1297352,43
1050702,45
1155579,46
1133161,59
1324163,53
1338945,74
1320612,55
1371459,63
1104555,48
1347240,145
1443123,145
1155221,151
1052491,177
1145651,165
1408518,155
1388157,179
1165523,128
1023502,143
1292007,137
1280466,45
1285179,63
1180700,64
1145185,62
1436680,60
1202037,64
1131039,79
1247144,86
1423783,119
1080009,126
1216295,147
1150345,122
1005265,124
1453080,117
1427992,130
1319455,111
1198216,102
1256336,69
1152804,16
1439914,22
1097710,31
1257810,47
1302677,26
1154154,24
1337180,26
1056340,23
1279269,27
1152002,15
1329468,16
1402266,502
1292844,499
1349547,508
1001035,488
1311694,490
1338401,469
1285535,582
1493498,601
1306863,558
1031721,447
1220913,498
1410292,491
1163414,491
1105889,490
1179154,1050
1082621,1450
1164863,618
1392002,552
1150054,523
1431400,431
1492231,188
1036457,120
1335135,197
1158436,181
1364866,181
1401916,174
1333504,214
1426546,227
1487694,259
1371620,187
1082679,151
1152188,141
1112827,148
1432923,160
1327449,141
1131015,153
1058774,175
1031584,167
1295532,175
1314481,157
1367157,60
1203857,59
1144711,55
1080313,46
1096602,117
1004511,86
1003574,51
1136626,51
1357905,45
1359107,34
1061395,150
1343240,139
1427859,155
1374160,145
1231678,143
1155753,114
1250372,145
1006089,154
1128300,172
1108889,155
1161719,21
1412839,14
1345390,15
1208097,57
1200860,102
1071175,90
1377468,77
1035511,84
1083867,94
1217287,55
1492759,210
1393518,211
1459471,182
1335272,219
1013130,191
1441346,223
1289569,274
1318211,247
1100972,311
1062346,230
1337818,118
1141482,121
1076650,120
1123940,119
1037301,120
1235133,113
1309929,124
1385475,144
1282871,147
1222112,125
1286976,37
1469796,42
1340685,303
1190687,298
1032024,38
1045292,22
1329344,45
1060659,39
1003967,45
1460613,132
1327688,134
1057303,129
1233931,130
1123396,177
1248066,177
1334332,203
1284319,135
1091082,151
1006636,136
1118546,69
1477507,161
1402350,157
1307281,181
1269672,96
1388621,46
1363690,58
1396538,60
1432230,58
1432434,38
1157808,150
1300805,154
1402946,114
1075510,107
1350471,271
1300102,256
1314991,143
1434599,120
1061560,108
1033765,107
1201769,66
1262439,65
1063388,68
1374518,67
1382830,59
1308127,52
1195303,63
1389536,71
1218017,46
1311218,48
1017920,341
1464492,354
1447167,350
1150968,338
1325663,351
1491428,334
1267263,415
1055918,377
1087693,352
1356066,295
1206999,344
1220242,1426
1158723,317
1004679,472
1436738,404
1411737,410
1322953,2711
1485619,2750
1451702,386
1028427,279
1021833,42
1403718,33
1159072,25
1296434,19
1050306,19
1482885,21
1426257,379
1071899,375
1017674,381
1307337,382
1299070,418
1450331,350
1492206,433
1038082,451
1053057,454
1328779,385
1408726,245
1316397,185
1470572,228
1069529,180
1144116,218
1445719,229
1076655,277
1081706,308
1387906,303
1049778,221
1050836,96
1328615,90
1065297,95
1261401,90
1469920,86
1478651,92
1441997,95
1291316,106
1444966,111
1102147,91
1049400,42
1375249,47
1018609,39
1111529,43
1272559,42
1026662,55
1366360,53
1302524,47
1267165,1071
1262997,1004
1088775,1007
1217709,1032
1430418,1079
1275478,1043
1435295,1189
1346982,1246
1160970,1241
1310566,1146
1244866,25
1484515,24
1402186,20
1228789,17
1150337,20
1475694,22
1476370,22
1092027,308
1174462,259
1309288,242
1325177,244
1371419,585
1372954,575
1219907,325
1044361,284
1000595,249
1424899,260
1220962,139
1059573,1450
1371967,52
1008058,95
1307575,139
1482143,116
1167859,2199
1151969,2232
1327497,54
1021678,73
1414458,509
1306516,496
1180610,514
1323085,556
1212285,568
1039279,549
1395825,678
1386899,715
1216036,684
1225001,595
1055980,40
1163248,44
1248223,49
1115289,47
1175889,42
1104604,36
1493205,39
1461580,45
1116567,26
1056911,38
1165133,51
1045201,35
1070414,37
1221347,32
1305920,31
1402463,32
1274256,29
1246396,28
1005749,30
1347755,26
1462314,23
1427008,30
1376522,37
1331312,36
1439245,39
1287196,43
1121802,451
1083360,427
1387604,425
1297521,471
1148106,1532
1054831,1672
1340381,776
1471793,596
1214188,3084
1358310,2911
1154235,62
1170609,69
1411927,91
1295307,59
1284250,25
1201392,31
1041425,32
1387685,47
1458669,26
1388858,82
1402783,64
1158859,32
1237454,21
1307597,29
1439838,21
1169331,26
1448891,212
1144366,185
1201215,200
1014486,194
1076076,205
1197521,191
1448108,224
1464025,213
1050487,222
1300350,207
1244383,28
1209362,36
1175433,327
1041996,258
1281845,29
1481458,21
1226086,48
1324219,49
1151124,36
1216755,42
1333438,229
1489328,239
1477002,241
1098852,233
1164983,234
1290361,227
1256809,289
1186105,282
1393199,270
1017459,220
1022949,39
1144435,41
1080644,39
1433984,31
1377389,27
1364496,27
1026523,28
1002825,26
1136894,106
1179973,112
1042531,105
1216221,104
1462430,103
1249510,95
1276527,108
1205823,126
1448426,127
1028218,99
1105486,265
1495174,289
1004376,278
1320784,268
1489187,308
1318303,275
1481749,343
1216902,346
1184723,392
1226502,299
1461216,229
1105982,270
1040547,241
1024773,335
1237216,213
1084227,217
1444516,272
1412875,253
1425330,226
1298435,187
1143296,35
1218455,36
1305125,32
1041777,42
1377731,40
1438743,252
1339840,231
1445860,211
1312582,201
1354697,353
1107407,308
1085344,222
1165006,207
1369299,202
1398637,173
1223814,69
1183147,107
1221280,91
1272917,87
1022602,78
1457798,117
1145318,76
1291779,75
1071387,46
1161381,55
1463809,54
1043945,53
1428660,57
1231167,54
1263934,51
1283930,71
1165506,79
1246532,78
1167940,65
1006832,203
1388700,243
1139792,254
1092679,220
1441471,226
1453398,200
1055317,276
1403310,215
1014083,211
1136618,179
1269949,81
1015470,82
1209078,77
1029273,117
1224671,140
1249789,161
1127161,107
1459424,123
1255187,105
1273610,918
1494860,859
1469809,746
1289384,801
1440943,816
1455095,762
1356813,858
1435344,703
1250601,712
1388615,576
1014137,204
1220175,119
1018456,147
1396001,162
1128557,160
1097352,155
1362664,186
1282704,199
1322287,210
1382848,171
1363870,410
1070361,381
1157864,399
1125057,369
1359188,383
1334054,370
1272692,450
1026490,376
1181159,356
1085144,298
1220086,27
1012081,238
1494281,197
1268702,26
1155654,26
1389451,51
1456024,45
1476914,25
1214790,55
1314337,53
1027602,53
1372056,59
1301451,53
1361172,45
1241383,58
1379284,61
1235705,42
1182403,31
1348084,142
1052783,131
1198932,144
1316195,125
1354895,142
1080862,126
1201850,149
1268084,143
1476536,140
1251873,85
1305176,98
1383497,101
1037756,105
1139395,0
1292208,86
1217371,141
1236727,121
1066688,116
1050944,82
1489321,46
1209309,92
1003753,100
1377975,97
1173009,95
1125362,97
1089147,74
1032271,112
1304946,115
1313934,107
1420456,91
1435029,17
1268871,17
1446385,23
1137736,20
1464178,19
1129429,13
1173914,17
1209410,52
1286612,40
1349508,36
1094927,34
1277410,52
1179754,27
1319597,28
1139374,17
1046291,13
1017579,25
1269118,33
1430936,12
1020389,69
1397322,22
1222271,10
1292674,63
1437835,28
1397433,37
1318618,14
1003233,16
1020071,24
1026349,27
1057370,33
1267098,24
1374721,21
1264193,23
1001959,24
1114825,18
1063760,15
1256517,20
1444323,138
1063688,157
1267215,139
1225113,118
1001235,163
1260541,136
1488536,133
1416203,121
1394998,110
1425594,100
1319480,89
1101584,95
1169870,99
1098498,81
1363190,92
1130649,79
1492037,112
1151988,100
1044024,84
1426570,58
1031682,190
1434359,534
1012465,166
1005381,175
1224590,208
1172089,199
1403309,1121
1092034,1006
1236029,171
1168852,135
1099677,150
1093858,146
1059843,145
1012745,143
1430112,138
1479236,126
1103994,160
1093267,172
1173814,151
1082751,15
1310040,87
1495262,80
1472174,83
1251039,16
1039265,16
1208172,18
1112432,15
1409411,20
1451100,27
1074440,25
1034558,51
1176365,50
1094576,54
1392466,61
1055474,76
1217360,53
1271801,90
1345064,108
1401294,116
1024879,54
1057421,172
1246771,174
1232056,170
1034367,159
1033617,218
1003218,207
1481969,187
1038947,183
1396320,172
1043673,152
1034125,68
1007900,371
1104045,69
1349952,60
1183866,82
1398163,72
1188811,727
1431359,699
1022402,60
1113928,67
1147078,62
1065907,64
1354825,67
1177980,78
1201164,86
1003099,71
1002495,108
1365578,114
1419626,109
1195370,55
1297532,21
1192446,16
1039474,11
1282502,7
1190011,192
1061568,182
1389377,202
1358438,207
1089351,787
1474431,598
1323284,330
1355349,249
1419613,1091
1367988,894
1283225,20
1203085,22
1190203,18
1446915,15
1119724,13
1070558,14
1139943,27
1184750,139
1496674,138
1066650,135
1000985,143
1486680,139
1341774,128
1339391,158
1308505,179
1435633,160
1386849,142
1379099,23
1219650,23
1356379,30
1380958,131
1342952,129
1339521,144
1093789,148
1403569,159
1352929,124
1380785,163
1278694,154
1460527,138
1361358,114
1459822,43
1305254,46
1451735,47
1129026,45
1148456,55
1219726,47
1430307,69
1253049,70
1432323,38
1348068,101
1244298,105
1260622,109
1349633,87
1150838,104
1030243,106
1220817,124
1246990,110
1149550,95
1231529,76
1317716,166
1126370,146
1008110,155
1423383,139
1004659,200
1038509,170
1407977,158
1026691,156
1024597,145
1116633,132
1345747,27
1420393,21
1358056,41
1406018,18
1035550,29
1097311,23
1192832,12
1176978,15
1171909,16
1428117,21
1423315,26
1265837,31
1356525,33
1205477,23
1428458,150
1228888,155
1497243,168
1318753,143
1355554,144
1059984,148
1094135,189
1316514,178
1205603,152
1222855,117
1220274,67
1271480,50
1342721,56
1336270,48
1364688,50
1281752,52
1093297,62
1027654,35
1365653,48
1425548,6
1008773,21
1008574,20
1108380,28
1345723,23
1280856,38
1217729,39
1312629,76
1343650,78
1343822,83
1325627,62
1240091,66
1027368,53
1235410,87
1360992,66
1069927,50
1160894,24
1433729,217
1074540,189
1209661,204
1407586,209
1258824,193
1463585,180
1240414,227
1347735,245
1456243,242
1294366,176
1267876,151
1494455,146
1214425,144
1363784,153
1418399,507
1055166,449
1281197,216
1142620,192
1392306,179
1143676,124
1136999,64
1287425,74
1111884,72
1387039,56
1463169,63
1083258,58
1490887,80
1006545,84
1400409,97
1240207,68
1173342,40
1306896,43
1010409,32
1394810,71
1077316,67
1135228,29
1302997,32
1102705,26
1148385,21
1427360,142
1079149,78
1075559,14
1325619,15
1276615,70
1191397,97
1257720,83
1217814,76
1169274,87
1447542,61
1466039,67
1066597,50
1096629,70
1266012,37
1271431,98
1008008,14
1095570,20
1055136,115
1336000,176
1472836,167
1191333,174
1235816,115
1483921,65
1395368,76
1094038,69
1105815,54
1314631,46
1026138,133
1191882,122
1344759,108
1411078,96
1369846,115
1109552,102
1381175,127
1192894,112
1001951,105
1421430,83
1429773,169
1240373,198
1467559,212
1242372,165
1242379,169
1218259,176
1142876,224
1403767,179
1232994,173
1107845,128
1066977,606
1467682,964
1085069,590
1418851,587
1217236,621
1174458,578
1195403,2358
1220035,2338
1462839,464
1287164,379
1001071,22
1429537,14
1378787,13
1347235,169
1247051,101
1076387,122
1443855,112
1028510,106
1219752,91
1179883,127
1204147,140
1000796,114
1314952,79
1442368,22
1384173,23
1104417,18
1377616,22
1253092,27
1064390,31
1374399,27
1145942,22
1306281,77
1042427,89
1039235,89
1270474,110
1387994,126
1204001,110
1146761,156
1160004,191
1274185,198
1271542,106
1124445,13
1417329,14
1468716,124
1049153,125
1418671,110
1440725,97
1043632,108
1131507,105
1109600,143
1024610,106
1404758,93
1337054,85
1152418,297
1461002,775
1122525,256
1359951,242
1345367,227
1292317,224
1375107,1771
1301610,1668
1150676,165
1116620,155
1299709,113
1454164,117
1068339,128
1131994,134
1452032,135
1268214,121
1261241,150
1209168,187
1106716,184
1104690,103
1179493,65
1048344,8
1186948,46
1435035,45
1376824,33
1298051,14
1020593,14
1177502,16
1156704,9
1191925,27
1058785,36
1471133,23
1071254,25
1087869,21
1437124,27
1440286,26
1115564,20
1314342,327
1407720,289
1050572,373
1471014,356
1102279,1077
1073296,931
1001420,603
1310282,499
1214363,2122
1203613,1610
1118702,72
1345691,124
1013458,107
1414435,117
1102838,61
1356018,51
1397416,56
1024198,53
1069242,43
1492637,31
1194849,60
1248010,69
1419217,61
1328270,60
1454997,67
1067822,67
1258110,66
1348027,58
1256555,93
1181713,89
1414766,80
1017146,62
1287363,50
1056033,39
1198423,20
1364412,13
1066449,21
1005166,20
1296158,186
1192897,177
1242406,190
1266765,200
1439805,199
1228845,182
1398564,228
1034193,237
1340687,302
1000237,142
1398867,28
1498335,26
1125114,26
1090818,18
1319634,19
1099027,18
1486214,20
1102434,19
1167018,16
1299648,51
1470573,43
1092183,37
1450872,45
1084546,56
1432435,38
1443500,61
1131071,77
1368660,79
1403213,32
1107202,428
1263782,407
1331170,427
1460264,370
1426141,379
1234948,374
1421162,463
1058212,408
1103651,391
1066515,303
1462332,8
1279293,7
1332514,167
1140533,169
1212897,167
1287056,152
1048549,174
1020570,177
1137531,187
1086367,202
1316077,188
1061575,139
1303294,97
1376825,125
1324963,101
1165658,97
1483489,99
1294285,72
1403800,83
1132303,96
1257856,94
1019496,79
1387167,21
1162278,23
1028630,24
1201509,24
1429858,24
1455208,36
1101218,43
1335329,43
1103583,30
1359875,495
1337050,435
1391771,458
1146344,429
1302275,442
1425677,426
1359004,522
1480962,465
1323812,420
1061472,346
1206863,15
1389125,16
1425734,18
1173685,22
1349089,28
1421410,33
1090311,31
1442624,123
1497803,131
1208465,131
1088239,112
1120442,128
1399354,120
1180298,138
1471974,101
1013299,107
1420814,56
1287492,29
1064175,18
1396116,20
1167138,32
1316677,23
1233252,157
1253592,150
1398291,170
1240628,143
1499610,143
1374566,152
1407030,192
1394499,156
1456666,137
1026147,98
1096290,13
1014622,16
1188670,242
1141504,203
1413796,225
1202092,217
1050649,211
1267399,203
1398009,232
1362163,249
1014376,245
1126925,183
1022475,384
1237898,355
1036089,365
1406614,368
1370785,1025
1499126,885
1381677,472
1024838,431
1334533,367
1227943,315
1263791,89
1459846,87
1470758,96
1038905,72
1373055,80
1408796,74
1021287,97
1362049,98
1305031,112
1152312,94
1440771,42
1187170,42
1333857,36
1403116,76
1445194,76
1007138,32
1187461,36
1026257,33
1441563,29
1070835,99
1305429,101
1055665,95
1157152,88
1311164,88
1427990,90
1104489,119
1111825,145
1447194,114
1363630,97
1084048,16
1406741,15
1130968,14
1218838,14
1476647,42
1289757,77
1303822,58
1332264,47
1135584,59
1438137,36
1294141,71
1320980,51
1234430,49
1023244,34
1055728,48
1482952,30
1096103,138
1441078,121
1324485,33
1181824,47
1471619,41
1084847,31
1027455,38
1281529,36
1013702,34
1304798,38
1066172,43
1032931,43
1180413,55
1437438,42
1334218,49
1347941,38
1389643,75
1315664,111
1359741,111
1411569,113
1347488,65
1225994,51
1327384,49
1244799,52
1180905,57
1301631,40
1168148,127
1469529,125
1391432,106
1314764,96
1315854,116
1480821,107
1127406,118
1404354,109
1489408,106
1174805,94
1037167,97
1261905,100
1231013,100
1286531,84
1404655,83
1366645,70
1123959,81
1015959,75
1296737,55
1224486,52
1360259,203
1208838,200
1097126,210
1155822,187
1399625,203
1248988,181
1306893,227
1092132,185
1024168,183
1049337,136
1035365,485
1415138,769
1127856,482
1172386,480
1117249,507
1003516,480
1279245,2067
1256438,1554
1202794,446
1044876,312
1207506,22
1270213,24
1320039,17
1147947,16
1223081,19
1419834,260
1330961,151
1435944,173
1172547,149
1444883,170
1306041,152
1321470,182
1019808,195
1053634,183
1175478,123
1463966,68
1031861,67
1124451,70
1497710,70
1070647,66
1037784,64
1326168,76
1441485,81
1022671,84
1283181,70
1083889,340
1378453,339
1434331,335
1311554,373
1111904,436
1430955,423
1455829,504
1182896,552
1205862,574
1215917,468
1140520,13
1401330,15
1370827,231
1210510,234
1444583,224
1180513,210
1153574,273
1463014,275
1079096,274
1196866,243
1421929,239
1305781,210
1355984,279
1193016,669
1338781,247
1268959,233
1080975,226
1156713,215
1277454,1623
1480116,1287
1416723,182
1370466,148
1121896,246
1093815,240
1171798,215
1110818,266
1368837,298
1016415,287
1300798,349
1093179,356
1305192,402
1095872,290
1057541,64
1144479,62
1265509,66
1193741,45
1401074,48
1290336,41
1472495,46
1030352,43
1304927,29
1452763,49
1181252,48
1048036,37
1365192,23
1247734,29
1047893,24
1476634,27
1219150,26
1418704,23
1234436,36
1450413,34
1174742,32
1011859,33
1231323,39
1085320,25
1030496,36
1133342,51
1425452,32
1349084,472
1301951,425
1055047,453
1109479,476
1196856,1305
1100420,1228
1426580,705
1032184,589
1461768,1535
1058161,1499
1482071,43
1118423,78
1143761,72
1173022,87
1302221,37
1175233,35
1174841,43
1160861,47
1434397,42
1474096,38
1335769,20
1045993,21
1349802,14
1177881,19
1457076,20
1443780,15
1292750,16
1211721,16
1067400,18
1433069,97
1397198,85
1379504,103
1185911,86
1091958,103
1109333,94
1167180,107
1081167,117
1087268,114
1221495,102
1053449,29
1041898,123
1309464,110
1351500,36
1342397,39
1320336,36
1009743,28
1294351,213
1082781,202
1119851,228
1467408,208
1210552,227
1096404,212
1273993,244
1219560,228
1082763,215
1491444,156
1203029,32
1344951,32
1180354,28
1325435,25
1445951,24
1294628,24
1419171,21
1004866,107
1174471,112
1499724,123
1303018,125
1484881,143
1336482,118
1263568,147
1014154,176
1145983,183
1329014,117
1043533,309
1263261,304
1204894,309
1284763,295
1434903,300
1160971,281
1285880,327
1019892,290
1069139,290
1125818,221
1167503,50
1051775,47
1241441,50
1111497,43
1381275,45
1401879,47
1255183,54
1011053,45
1052343,180
1036170,185
1338985,176
1076504,163
1253353,173
1197539,182
1012486,191
1127637,178
1452181,170
1488970,164
1311318,76
1181114,100
1238128,81
1349833,83
1318144,87
1187485,71
1467015,90
1460483,83
1412024,67
1187938,65
1483675,94
1044692,90
1309244,97
1315121,99
1244194,117
1029370,88
1406179,110
1087358,129
1062484,121
1286223,104
1411487,230
1434063,226
1107783,241
1067126,216
1067371,240
1245636,227
1305132,268
1439843,254
1408670,258
1320423,193
1147326,55
1487198,53
1127530,51
1215467,54
1404880,69
1219365,63
1192293,79
1058833,67
1211291,72
1493775,59
1260238,230
1448531,211
1353151,231
1409437,225
1357379,220
1339529,208
1471069,244
1360746,188
1452041,202
1398366,127
1208370,48
1472409,33
1145189,54
1375565,48
1171033,45
1337888,51
1184696,60
1350494,63
1464443,63
1029249,48
1382621,260
1368162,269
1180259,276
1284213,246
1320512,251
1058888,254
1496541,292
1192877,262
1221066,240
1000531,195
1368579,24
1320374,82
1176713,52
1300373,26
1397866,19
1386107,28
1320006,27
1286910,24
1492031,47
1360663,46
1185115,48
1027999,36
1262160,36
1008521,44
1494129,37
1407133,30
1193391,201
1216224,174
1211468,188
1204072,188
1344591,200
1484430,161
1271581,216
1467395,228
1286932,223
1117604,159
1446214,229
1372850,216
1206927,220
1094093,174
1332724,484
1145862,496
1189322,314
1140102,224
1048802,208
1251786,179
1240478,117
1062248,94
1457291,101
1286949,102
1113433,100
1102829,104
1427631,120
1090565,140
1300353,125
1308012,99
1048558,34
1383758,33
1389582,30
1201819,28
1121620,51
1397812,49
1324630,25
1222494,23
1403403,20
1140050,23
1494088,98
1397155,91
1449226,84
1133501,78
1467808,128
1074575,82
1486099,122
1048727,120
1006233,129
1068633,95
1213448,15
1084107,14
1157687,15
1293087,15
1311764,62
1477226,53
1373589,55
1482068,44
1373505,51
1374634,38
1415718,49
1481039,52
1264789,29
1275191,115
1135404,100
1134765,22
1365045,13
1331309,29
1334098,25
1046455,27
1473987,19
1382211,20
1030032,21
1177914,20
1367594,22
1056805,25
1008514,28
1277523,31
1074310,28
1269004,44
1222155,58
1384559,73
1445028,71
1196216,78
1269071,72
1119152,34
1282614,42
1476589,40
1381427,26
1419068,26
1246867,137
1208872,134
1443503,115
1079579,101
1402483,120
1158661,117
1295298,136
1211532,120
1365024,107
1300579,95
1088345,179
1356809,181
1080195,193
1426286,171
1013600,178
1112824,166
1484768,217
1468658,179
1025677,173
1202168,133
1324376,432
1209888,842
1013207,420
1032261,421
1436558,435
1137097,390
1262296,1733
1254566,1595
1057706,341
1487137,308
1150878,16
1093883,14
1005103,14
1387118,178
1247256,107
1431663,125
1317967,105
1070796,117
1231736,90
1147571,123
1287198,112
1310572,127
1474583,69
1291932,35
1404048,35
1465742,33
1223823,36
1426137,33
1459860,31
1430159,41
1021450,47
1276823,44
1349255,34
1249505,204
1206767,208
1094469,202
1278323,219
1173977,248
1140787,234
1116819,302
1252003,446
1352888,377
1128508,262
1390449,184
1083362,195
1224403,179
1197207,158
1219833,185
1009290,196
1320991,199
1248026,182
1292318,175
1055337,158
1000116,189
1499174,506
1254585,157
1301578,156
1454563,164
1235291,164
1153581,910
1065743,823
1441830,147
1071687,141
1235991,218
1357362,225
1224648,210
1042687,229
1435100,261
1386731,232
1030695,308
1254045,325
1392602,347
1443272,261
1374367,29
1212449,44
1219033,37
1108446,16
1207845,19
1336688,16
1289787,12
1207552,41
1487007,27
1209615,32
1497854,25
1070733,23
1299413,23
1037986,30
1174242,28
1456990,34
1102292,358
1135029,349
1320860,389
1480834,368
1066544,900
1076907,951
1308113,606
1351526,508
1072003,1777
1162592,1081
1248568,42
1443519,42
1141805,45
1241572,32
1060117,22
1095707,23
1091182,21
1463873,19
1388692,38
1142485,38
1492454,19
1341745,22
1487956,20
1272459,20
1042371,18
1347537,126
1041719,127
1295444,143
1278768,129
1440616,130
1213359,128
1107278,151
1431670,164
1129977,157
1312066,124
1319481,90
1363648,58
1280225,21
1354295,27
1399761,29
1280365,205
1127415,194
1055248,207
1203463,193
1381766,210
1093377,204
1119745,317
1251432,225
1286984,207
1309768,147
1395486,27
1052944,27
1187833,28
1143497,24
1164512,19
1140262,19
1142480,21
1108132,20
1362940,21
1227656,18
1260972,84
1448800,63
1329069,68
1137381,80
1118094,84
1185269,64
1247893,103
1455149,121
1338727,132
1293085,66
1022670,348
1098084,340
1395007,360
1008082,340
1255856,328
1212779,319
1213187,377
1112212,356
1155253,356
1146461,266
1414636,185
1417793,187
1057520,180
1004214,163
1058135,199
1003459,216
1366195,191
1336103,176
1385647,162
1171591,148
1043700,35
1330119,61
1134462,59
1067376,56
1312395,50
1358238,35
1083003,58
1243872,61
1065542,42
1331381,29
1033631,36
1413962,38
1396181,44
1267612,40
1062790,40
1412337,52
1191743,59
1236936,53
1444312,50
1031664,220
1494935,223
1471250,239
1028420,232
1201168,216
1044920,214
1398093,261
1342490,247
1348533,251
1402030,186
1248175,31
1118685,32
1014131,30
1025147,33
1346618,40
1300033,40
1463743,53
1178038,47
1171185,46
1110962,56
1091807,283
1182872,271
1036586,275
1235005,269
1070988,278
1132084,257
1134359,286
1433692,233
1312122,248
1211899,164
1440242,63
1071747,33
1255434,36
1358588,46
1075081,46
1444995,44
1123405,54
1369584,53
1274564,39
1379701,243
1162985,241
1309985,234
1181215,231
1156744,212
1062078,209
1075144,252
1283850,219
1066268,204
1491526,159
1253958,16
1345883,38
1289049,55
1088169,22
1335974,22
1473427,19
1113898,390
1302251,300
1074640,331
1279043,323
1027337,334
1117583,287
1499218,373
1415442,356
1279459,354
1484875,276
1136982,535
1451719,527
1387920,524
1297893,538
1423597,1233
1153606,1432
1068952,741
1101454,701
1184273,626
1292802,484
1305756,141
1334411,134
1489347,132
1394547,122
1031100,159
1046296,120
1405738,148
1070227,153
1125353,159
1283683,137
1486052,69
1433039,69
1306038,55
1438909,45
1246961,104
1089876,90
1089133,57
1102306,54
1480951,41
1033763,35
1144073,130
1191055,119
1181166,131
1077761,111
1198249,116
1003774,106
1105094,139
1297253,144
1255680,150
1356046,124
1149541,36
1315946,35
1130490,34
1455454,25
1052719,29
1253938,30
1380861,29
1243278,27
1251759,58
1313449,59
1299247,54
1011658,40
1429750,48
1478428,45
1092421,54
1076975,37
1072256,49
1262007,59
1277261,54
1452624,350
1326094,335
1111913,44
1006757,37
1352307,70
1083018,57
1168700,64
1394147,38
1207902,85
1350935,88
1115240,88
1222986,86
1287849,105
1391368,110
1290682,130
1012825,95
1306478,101
1391652,86
1404904,76
1304742,90
1178964,130
1052107,134
1071420,99
1362930,60
1216157,66
1389546,63
1249514,54
1270031,42
1294598,201
1179239,210
1050303,195
1087011,188
1227664,330
1163122,279
1095113,245
1202063,226
1444462,228
1019836,206
1168044,122
1068035,119
1179968,126
1386801,98
1129631,111
1463595,100
1194176,107
1199855,102
1478743,67
1475126,59
1077708,262
1336265,255
1102611,245
1281991,241
1179481,248
1150635,238
1422895,299
1213113,269
1167346,268
1295691,213
1447908,477
1372928,1113
1132512,453
1132676,476
1151245,471
1175015,458
1111506,2803
1001680,2463
1290443,382
1327452,312
1389512,36
1034827,32
1033446,30
1434236,24
1460815,24
1494171,24
1442168,23
1285602,25
1094372,249
1053666,210
1351771,230
1064374,207
1317412,220
1300491,194
1466619,246
1149000,267
1113377,228
1402941,192
1224442,179
1149258,183
1115642,180
1137861,198
1321337,160
1456547,171
1239251,207
1016677,213
1295373,215
1199633,199
1207745,563
1332437,587
1295195,582
1238168,804
1401191,878
1320351,795
1015073,948
1440436,972
1488196,967
1084735,853
1359162,27
1443654,27
1402507,27
1242371,25
1416825,22
1084128,23
1317479,24
1096050,25
1118030,25
1051015,27
1151085,305
1150146,325
1322647,311
1301833,297
1457613,524
1325195,384
1359067,372
1425528,357
1453846,347
1282703,296
1022766,305
1462456,1279
1154248,172
1147729,199
1263599,237
1030093,225
1262202,2277
1408762,1852
1095333,161
1319045,164
1158313,504
1100676,515
1158135,507
1171800,579
1026264,600
1321385,609
1050460,725
1146215,770
1419175,811
1372396,680
1301176,115
1224034,111
1331102,126
1365952,90
1252222,90
1121534,77
1141516,88
1258187,85
1459196,58
1429767,53
1406304,52
1374485,55
1095596,58
1368104,36
1444468,30
1051830,37
1394484,36
1131655,31
1150992,23
1040372,35
1237367,44
1434129,36
1164972,28
1419007,28
1067868,26
1442880,25
1310723,31
1493855,31
1296951,26
1399854,506
1394510,519
1045208,571
1496500,559
1363459,1894
1071433,1821
1336903,847
1221557,717
1117672,2833
1090698,2160
1252213,53
1299848,57
1448417,94
1073006,37
1148432,36
1332496,40
1219073,35
1438003,26
1195553,59
1342462,41
1049247,43
1216539,19
1219585,31
1266338,27
1377021,18
1219958,21
1217087,19
1219445,135
1220798,137
1202899,148
1479383,124
1409834,146
1193733,127
1337968,162
1061532,162
1031241,164
1224330,129
1273205,44
1167783,44
1462600,255
1264988,227
1369393,30
1173623,25
1069542,49
1254356,41
1220623,44
1376159,37
1488744,259
1463122,256
1319687,269
1247231,263
1230288,292
1488675,277
1422970,316
1051688,302
1167223,289
1459041,222
1135750,37
1029579,37
1008796,41
1277631,30
1481378,26
1348069,28
1283100,25
1360701,25
1326014,205
1363993,212
1065978,219
1124674,238
1031580,248
1076145,249
1062552,312
1043014,337
1219837,347
1496028,272
1370308,304
1085737,357
1135400,400
1190020,447
1491603,354
1421823,314
1124519,383
1060240,357
1213853,336
1489926,294
1045879,68
1115000,66
1479186,68
1152086,63
1232423,69
1338458,49
1391466,65
1176775,76
1026126,72
1020680,61
1187407,202
1188742,218
1462532,211
1428580,191
1266752,353
1493963,295
1228618,260
1269353,247
1130227,237
1352515,214
1405754,82
1462537,112
1073284,95
1143333,85
1391582,97
1246710,87
1056463,98
1008614,92
1356351,93
1118153,53
1375132,154
1444878,163
1481499,168
1271829,166
1414372,165
1021248,158
1444240,200
1406839,222
1040908,200
1356602,179
1471895,277
1452669,283
1254741,282
1400085,281
1080022,288
1157952,241
1133636,306
1218626,339
1273704,259
1120877,229
1110134,152
1197052,156
1032047,156
1304997,158
1368918,208
1078393,204
1118619,245
1411856,188
1130724,216
1486220,192
1351735,409
1004481,443
1479465,421
1396311,412
1349762,408
1045436,384
1147287,469
1136838,372
1326030,380
1198850,305
1328665,141
1320507,92
1245813,117
1475592,114
1038031,110
1419046,106
1401794,114
1291874,128
1383474,141
1318041,119
1003371,421
1359908,432
1016502,405
1396732,388
1333058,363
1492727,383
1339466,438
1237611,377
1465922,350
1014413,308
1098767,50
1279968,47
1430777,212
1077154,183
1491416,26
1189411,32
1121542,48
1096392,41
1345025,33
1025888,42
1360530,612
1319476,578
1045099,526
1445467,546
1109996,566
1440417,527
1437101,617
1029001,697
1121941,650
1359060,502
1038600,522
1046027,547
1479609,614
1272693,771
1395444,1746
1178578,1864
1100120,690
1432675,795
1475773,639
1366625,523
1027667,154
1189946,165
1021695,111
1261027,132
1246152,167
1172447,205
1119251,132
1113612,270
1363498,180
1034750,227
1053349,232
1038291,225
1435821,216
1307291,208
1027398,207
1282035,248
1302999,238
1344130,244
1482823,211
1494106,64
1197419,63
1349078,59
1152665,46
1149622,145
1306213,94
1402790,54
1161069,57
1256887,46
1307235,37
1292295,215
1399190,203
1266238,212
1444705,190
1470695,197
1390864,178
1348562,250
1144931,217
1206962,235
1308925,204
1461376,24
1049919,25
1135861,19
1141169,40
1468767,92
1161253,81
1458704,59
1153704,64
1458020,44
1130233,77
1461252,43
1474533,43
1153827,31
1150000,84
1135028,76
1254653,92
1083295,108
1361680,113
1001624,46
1468167,94
1305260,146
1440011,162
1196056,118
1015226,112
1339966,114
1133854,109
1341586,108
1031378,112
1066825,106
1445758,118
1120047,137
1132152,133
1448722,108
1164468,28
1376712,38
1367646,318
1298238,268
1398643,24
1325274,26
1183298,54
1174310,38
1487849,32
1228616,44
1072809,168
1448418,158
1321874,182
1417088,147
1153076,332
1186368,303
1335600,406
1028529,224
1408664,277
1485113,249
1090779,63
1274893,149
1256154,123
1178881,149
1496602,79
1363863,44
1208445,54
1094342,56
1166273,49
1199984,32
1225216,176
1421630,162
1482077,159
1015148,129
1355744,340
1371099,337
1329499,255
1433843,225
1068858,187
1031013,181
1434474,75
1103153,72
1376770,70
1495479,74
1141469,67
1038934,78
1012475,78
1138392,44
1486675,44
1081039,397
1160606,357
1475934,404
1446692,366
1093602,380
1341098,363
1457395,453
1158067,387
1048678,366
1304391,310
1103899,308
1440086,1398
1233427,300
1431673,324
1272569,356
1374065,395
1465484,2341
1033877,2890
1377670,337
1320396,202
1055872,35
1086214,30
1097976,29
1237099,24
1126164,19
1090327,19
1428535,22
1498754,22
1429174,538
1420037,568
1483609,532
1058279,523
1030092,508
1261440,474
1130092,580
1098918,623
1208791,588
1203036,500
1035466,131
1397224,104
1076146,98
1448564,52
1194817,93
1480765,108
1183307,208
1219991,209
1361881,239
1142410,169
1133931,78
1252838,77
1142162,76
1376318,78
1081486,71
1363674,88
1449824,109
1353652,106
1234686,87
1407930,36
1262868,37
1122970,35
1044940,37
1381660,32
1252882,30
1369127,46
1055591,48
1288550,46
1265645,41
1067356,1062
1282200,911
1137357,1013
1396043,945
1269970,995
1350440,985
1308326,1156
1242087,1183
1043619,1409
1222185,1311
1270686,25
1184845,24
1330894,22
1067964,22
1300660,19
1305187,20
1211863,21
1476145,18
1313695,21
1009224,261
1440261,227
1226702,246
1100074,223
1394039,517
1013085,415
1200472,375
1309177,360
1410555,329
1454059,277
1178356,165
1117913,1832
1170183,227
1484069,89
1227336,149
1271122,131
1128406,2005
1413258,2096
1356382,69
1057904,101
1402145,496
1475657,516
1467695,551
1147970,571
1378850,539
1121390,515
1237926,650
1492615,688
1006586,779
1000914,661
1253128,60
1037684,33
1482036,26
1405609,28
1116488,21
1102348,45
1223837,69
1160879,48
1018065,54
1207162,62
1368739,64
1126912,50
1331346,50
1154903,45
1207416,471
1387833,438
1149195,483
1482011,683
1255519,1688
1230230,1610
1453288,737
1313222,656
1179829,3041
1381272,2825
1220305,43
1262942,72
1331634,87
1256019,122
1209053,56
1495820,33
1224577,40
1424443,41
1137664,41
1496575,28
1309366,103
1193003,63
1030480,63
1006018,14
1100845,29
1129615,34
1452758,26
1464006,274
1110657,245
1237923,232
1322369,215
1201860,233
1293914,225
1030911,286
1248673,283
1117487,266
1062083,255
1034224,27
1214264,339
1252968,283
1281877,29
1055267,19
1450619,36
1140133,39
1381871,287
1208129,282
1294110,296
1393207,292
1361224,291
1071035,275
1008040,338
1280618,307
1225125,299
1340348,235
1133718,30
1442140,33
1205338,35
1209426,27
1373086,21
1422131,20
1303565,21
1421454,19
1119550,21
1004410,91
1054492,92
1029733,96
1177231,88
1456961,90
1015288,90
1077552,100
1488566,121
1184657,121
1399814,96
1205618,293
1156440,281
1069575,254
1049835,271
1208125,262
1092107,261
1246248,321
1200152,349
1183897,363
1391457,314
1077080,248
1235413,339
1363192,374
1294031,316
1340407,325
1009810,322
1207212,379
1484000,319
1466931,391
1049774,278
1493390,71
1107738,67
1354760,67
1152740,63
1488573,54
1254335,56
1277416,62
1495339,73
1269606,72
1467660,62
1261758,192
1383028,193
1100816,164
1011186,155
1167614,419
1487942,407
1095222,305
1061572,255
1165313,229
1237510,205
1439251,66
1202885,124
1495109,110
1287808,97
1135792,101
1336861,88
1161565,131
1106260,74
1410886,74
1282451,62
1062042,41
1091060,40
1349895,81
1094183,43
1245680,45
1225773,43
1487581,66
1476033,74
1081813,65
1417238,57
1455516,189
1136179,266
1406428,289
1367101,283
1003446,272
1222905,242
1130480,300
1444668,282
1194100,266
1009225,218
1405077,110
1059635,107
1271568,106
1244089,101
1265246,254
1266540,208
1448665,217
1229877,126
1213424,145
1385344,146
1078717,794
1042405,749
1164413,736
1161731,886
1413059,870
1369957,852
1087168,994
1367814,691
1271501,732
1102552,558
1234697,140
1112506,76
1359586,97
1341593,112
1216771,107
1416809,101
1460059,116
1327917,138
1452772,136
1142843,111
1230871,455
1438599,436
1304303,432
1459823,393
1179762,411
1200300,397
1268189,482
1186251,445
1145216,401
1056319,328
1270356,233
1295495,134
1110276,24
1085916,33
1175672,46
1420970,58
1146248,61
1493195,61
1062944,61
1242833,57
1468396,50
1278331,66
1177901,70
1439633,39
1239742,375
1463605,363
1115062,366
1080694,346
1403223,341
1058371,317
1260035,391
1119877,410
1364771,383
1309451,297
1091337,396
1067887,424
1381756,415
1208306,442
1275036,739
1372659,857
1293301,504
1242985,476
1498374,451
1397018,359
1325001,75
1166942,92
1279987,99
1161127,98
1305115,78
1417280,97
1177789,70
1314218,117
1184287,107
1389191,79
1468082,263
1288867,241
1441255,263
1214742,248
1441994,256
1247355,242
1281129,290
1135082,296
1180798,281
1014022,259
1064715,30
1222096,29
1331278,28
1308134,22
1282672,57
1285191,43
1067610,26
1450588,25
1130786,26
1249067,180
1353480,167
1009158,179
1310983,179
1397538,171
1114236,162
1307389,227
1488789,209
1247508,191
1174313,163
1458394,16
1410058,15
1259885,15
1372618,37
1356431,66
1310702,64
1193664,45
1033546,46
1282739,64
1256432,36
1038203,28
1386720,61
1230317,44
1426825,78
1095464,80
1407626,77
1499434,106
1091316,134
1359888,32
1303070,117
1218776,119
1421988,114
1069629,116
1024500,117
1496161,105
1499073,123
1201097,143
1481016,137
1010567,114
1300533,25
1135306,178
1191685,129
1411826,30
1240720,18
1024033,38
1197503,33
1299438,43
1144255,44
1215569,44
1011286,44
1023628,73
1190645,82
1461607,52
1083166,51
1230195,44
1036190,48
1268737,71
1064545,94
1261566,102
1444737,64
1223485,34
1140087,42
1012078,41
1086440,38
1256557,29
1211267,148
1361772,152
1486238,155
1299905,140
1312920,209
1364559,223
1368295,191
1371908,186
1279456,170
1006430,153
1350437,354
1239916,328
1385485,373
1405350,339
1132871,342
1379933,339
1095292,409
1292161,376
1099989,342
1210814,272
1323236,349
1366790,1058
1411775,280
1360888,300
1145757,355
1498106,341
1334795,2568
1465746,2036
1268625,211
1431795,211
1390196,23
1071864,18
1431774,14
1421532,413
1028461,414
1275186,412
1193030,408
1103832,412
1464245,377
1154085,449
1483205,472
1212985,459
1078587,378
1249518,105
1402512,64
1471457,99
1073637,104
1487515,43
1146888,88
1344425,200
1205825,190
1079675,170
1278487,72
1162091,120
1485716,125
1123773,122
1315565,121
1344422,117
1371858,113
1356796,125
1414563,146
1394323,146
1469547,122
1184440,26
1382956,39
1365266,34
1251220,28
1243970,27
1256599,25
1439037,33
1251058,41
1035192,38
1366948,31
1001412,491
1389027,485
1406711,477
1070287,508
1084653,566
1137633,513
1233884,681
1315294,711
1282318,701
1206406,582
1178015,13
1411070,236
1011507,216
1043439,221
1174150,203
1142750,434
1368289,376
1334468,324
1227184,286
1203740,255
1250707,232
1211901,144
1131553,1204
1237309,36
1096812,82
1200160,143
1308355,103
1166147,1952
1387365,1664
1210136,105
1090451,78
1495114,237
1438706,248
1352093,241
1422053,269
1332317,281
1178329,264
1467909,342
1347977,347
1445235,358
1365395,267
1218158,39
1053275,35
1387243,31
1340776,24
1232517,19
1431745,18
1409084,18
1238567,11
1332352,27
1056398,27
1458594,24
1165358,24
1215907,24
1048759,27
1073586,26
1461970,27
1139288,23
1364414,298
1063313,284
1101076,324
1187916,317
1400819,1283
1451604,894
1378838,429
1402916,378
1027653,1921
1301859,1779
1184567,31
1008654,60
1446086,63
1014434,96
1068604,49
1288249,25
1389080,27
1153559,32
1329008,55
1305198,37
1491765,33
1154973,16
1484482,15
1223398,18
1181412,18
1229754,21
1416643,257
1472800,241
1439087,238
1049933,230
1021975,237
1289229,214
1143368,293
1147171,263
1110507,255
1419295,243
1283293,18
1213221,261
1479763,258
1318333,32
1391833,9
1177177,46
1239490,38
1151322,24
1354125,32
1251542,211
1002198,218
1182114,242
1317797,211
1099240,235
1147027,220
1387532,303
1337131,258
1122711,247
1025876,189
1050592,35
1140398,36
1222795,33
1076157,30
1234963,25
1412995,22
1384852,25
1012906,28
1409929,26
1314185,24
1089683,157
1268696,160
1242095,157
1265774,150
1071735,157
1308362,150
1096086,183
1215049,203
1041134,203
1187872,160
1271646,160
1304503,163
1464644,162
1415679,166
1177460,171
1499858,159
1301887,207
1020443,228
1464381,231
1291113,174
1015560,517
1041893,296
1418371,307
1135509,292
1314498,281
1059275,284
1029762,339
1489207,302
1493103,289
1240314,240
1127292,22
1110530,26
1163817,23
1407890,24
1467062,18
1234965,25
1321783,29
1349364,29
1342102,22
1180457,261
1144924,254
1106874,246
1066372,223
1297157,381
1359349,297
1186984,298
1171282,288
1392045,266
1236497,237
1211448,62
1294685,95
1058284,90
1027595,79
1497001,79
1211478,63
1270199,94
1252414,68
1476428,59
1352942,41
1072941,36
1205668,40
1034901,38
1230021,36
1375305,56
1241472,61
1479790,58
1196151,49
1148182,297
1079479,335
1093571,352
1241585,329
1011801,321
1006238,277
1381531,365
1032631,323
1111856,316
1010402,256
1188409,25
1253465,28
1364047,26
1438407,41
1369768,43
1109523,56
1365702,40
1385875,46
1340798,35
1391392,410
1049233,403
1369730,407
1115309,429
1223995,433
1026616,403
1377442,515
1113981,359
1396513,376
1018206,288
1488237,26
1042330,31
1210286,40
1097524,57
1430200,54
1304771,42
1449013,473
1303892,483
1059770,479
1014749,442
1375882,434
1155784,401
1295753,500
1228425,439
1024113,409
1306885,347
1244005,24
1293359,154
1015816,120
1434478,23
1360908,15
1070701,32
1334443,394
1343145,235
1117345,255
1088047,248
1339590,258
1498193,220
1001062,339
1329524,286
1151507,308
1302668,229
1331816,209
1360289,213
1442400,187
1148661,192
1446413,540
1026328,611
1042450,426
1031516,220
1257318,238
1157812,154
1212040,133
1451556,119
1346851,111
1046242,113
1228211,116
1458620,106
1473716,130
1157852,134
1185048,139
1309272,116
1483429,29
1043719,29
1302279,24
1371110,59
1355822,24
1404951,30
1053730,142
1010218,123
1202683,118
1228604,129
1140034,157
1316768,124
1108944,147
1393643,162
1488743,157
1443959,114
1262825,15
1307828,15
1182352,16
1381638,46
1313863,36
1316934,32
1486656,36
1280956,41
1093956,26
1200158,31
1144617,45
1249151,18
1387003,21
1068151,93
1145192,89
1019300,20
1027883,20
1055295,23
1442130,25
1065230,30
1358044,32
1373810,26
1199192,54
1223894,50
1297394,64
1305104,94
1109213,59
1183920,29
1020603,35
1324824,36
1280934,31
1077308,28
1481863,82
1007957,84
1339071,72
1169545,60
1365154,88
1170147,77
1423554,79
1478005,76
1073474,66
1432644,57
1451189,177
1319974,183
1075761,188
1327287,163
1316742,173
1052054,172
1271387,223
1318938,183
1337499,171
1011067,134
1135341,262
1222330,656
1020208,223
1092468,242
1289204,274
1370281,249
1315725,1973
1343984,1570
1254687,165
1311762,179
1468256,15
1241732,188
1268097,121
1116853,152
1166592,124
1144994,122
1435366,117
1409185,144
1186891,124
1468882,135
1042127,92
1451380,39
1189023,40
1461090,42
1481882,43
1378385,39
1374425,36
1099673,49
1252862,54
1218015,42
1497813,390
1094690,400
1152196,380
1003610,446
1479704,453
1068127,478
1222762,594
1324076,616
1473003,664
1343036,593
1195504,14
1265192,96
1391916,87
1117970,86
1334075,72
1241599,116
1033182,116
1063335,91
1247373,98
1201329,90
1204591,76
1205389,63
1497052,620
1253644,23
1183386,49
1493328,85
1413701,62
1105691,1301
1055151,1113
1020087,62
1489983,33
1008981,258
1480916,302
1174520,275
1408456,313
1103391,349
1108102,348
1108547,426
1238197,394
1043675,456
1268656,382
1349650,27
1349515,29
1172039,29
1211613,18
1407466,18
1293997,18
1097574,17
1426499,23
1136386,24
1175313,11
1280040,23
1113557,33
1167651,32
1103745,31
1078400,25
1268218,222
1058122,232
1207997,252
1148911,258
1419809,1235
1397824,1260
1295121,368
1132197,328
1217059,1943
1375917,1496
1306328,40
1393921,34
1065989,39
1156779,67
1475586,46
1230085,25
1402888,30
1262107,26
1165440,16
1439872,18
1262098,15
1383733,18
1397334,148
1366713,150
1286305,146
1006243,151
1261020,158
1279885,140
1281283,181
1040223,173
1134676,159
1418998,145
1458189,90
1038003,57
1478214,25
1093346,24
1117929,86
1404071,94
1157917,103
1193704,107
1211792,112
1445638,104
1408825,121
1235778,116
1328196,111
1173310,89
1496802,26
1348096,21
1468251,18
1463160,23
1181627,22
1035323,21
1157473,95
1082120,107
1311644,85
1403849,107
1030973,102
1294107,96
1136233,105
1226958,119
1189088,131
1427596,81
1248502,429
1275605,432
1277097,471
1071792,454
1143304,416
1419745,394
1395178,477
1490842,420
1211335,398
1078987,337
1313185,17
1268956,18
1231863,95
1180672,105
1320094,101
1443667,84
1012943,132
1334448,111
1291911,103
1425808,101
1205259,96
1295164,82
1308175,60
1370405,62
1282792,52
1432249,53
1001655,45
1433288,64
1377265,37
1077514,46
1366276,41
1398540,40
1313557,41
1027599,45
1161401,42
1275190,40
1232986,51
1021553,60
1486782,58
1164083,52
1357661,266
1319382,258
1364660,311
1461293,278
1415413,275
1145327,244
1345207,338
1338642,281
1155695,279
1395102,216
1086984,29
1445161,35
1358903,33
1040402,35
1486092,45
1447947,44
1475790,53
1471246,44
1237169,47
1197885,38
1075943,207
1096442,222
1142841,227
1291558,245
1176446,234
1483366,191
1455302,246
1166094,194
1007265,222
1070372,124
1053804,47
1227588,24
1441375,42
1412656,42
1467462,37
1295378,39
1370534,52
1054541,53
1316692,41
1495032,131
1458343,136
1382652,133
1170520,127
1474124,114
1488816,120
1235127,136
1008418,114
1289314,102
1470891,79
1348889,19
1154829,45
1384196,34
1306515,22
1017067,29
1190728,509
1122286,497
1435775,485
1320899,476
1036809,515
1496763,480
1131538,535
1318282,638
1363101,577
1076052,481
1205256,596
1305186,573
1131831,574
1198452,673
1267199,1564
1158066,1513
1061242,742
1429684,740
1425949,673
1103470,557
1149088,354
1065238,388
1343697,342
1075666,394
1049332,412
1098357,389
1318694,428
1269402,481
1100430,491
1254841,422
1217878,136
1482713,126
1356321,126
1070528,135
1339004,125
1448727,112
1208422,146
1280808,162
1010670,172
1175851,139
1158507,57
1215713,53
1116456,50
1059102,39
1134168,135
1182924,96
1065507,47
1485305,52
1317467,42
1464615,32
1106508,162
1154157,164
1238399,165
1378815,170
1442340,174
1109352,147
1494813,194
1150862,207
1491323,208
1243524,173
1154390,19
1025514,19
1345499,19
1427225,18
1332354,65
1181409,126
1174194,108
1476979,87
1100732,99
1214733,77
1471144,110
1000187,67
1133779,62
1496005,53
1386755,368
1183033,352
1206094,385
1423546,564
1202896,509
1125038,431
1244936,582
1367021,740
1441592,698
1011620,620
1491160,80
1097281,83
1133994,81
1449596,81
1061666,85
1284544,82
1198144,87
1330348,109
1255123,106
1149007,86
1056047,38
1165483,41
1477841,336
1314848,315
1274780,31
1128321,23
1170029,46
1426318,33
1414178,47
1312357,110
1079199,111
1443865,112
1069717,109
1331934,165
1107151,237
1193708,241
1435293,179
1271891,161
1070444,125
1115383,73
1468137,160
1222703,128
1183120,197
1466677,101
1288363,52
1009315,58
1387250,59
1375589,64
1398464,42
1446632,181
1383245,181
1465945,171
1335462,148
1036403,309
1486367,325
1367873,242
1339617,215
1067651,195
1173991,172
1445432,63
1450298,74
1054815,72
1432609,67
1055289,67
1230087,72
1190688,75
1284979,43
1090382,46
1276630,478
1229533,439
1367722,439
1168617,451
1268563,436
1312594,406
1392051,510
1118654,460
1207039,429
1220371,361
1068999,444
1140321,1708
1200100,428
1223618,373
1421303,501
1154848,442
1199454,3139
1216781,3250
1089356,421
1174345,353
1394582,21
1481387,34
1073171,37
1068236,16
1266223,27
1057929,23
1456769,560
1230032,538
1268149,530
1388306,536
1124599,545
1339069,508
1049350,573
1342306,656
1246717,644
1147802,543
1299563,445
1229149,427
1213565,411
1335791,443
1185320,457
1090346,458
1103112,564
1371505,477
1362932,751
1390394,712
1011505,59
1471059,63
1199518,59
1047470,61
1105399,62
1071892,58
1125120,64
1077092,81
1333879,82
1076556,65
1075661,43
1047450,47
1373247,78
1240059,41
1000748,62
1320186,69
1365852,63
1472456,56
1106809,992
1318582,1161
1438968,1184
1361549,1073
1057783,1116
1004386,1089
1315211,1263
1428093,1502
1163409,1524
1040148,1389
1252762,15
1106173,16
1144801,14
1027413,14
1321282,19
1228341,295
1363066,288
1172793,290
1246739,274
1093307,551
1412731,475
1425925,403
1228645,376
1076130,337
1074690,301
1370340,155
1446737,1663
1308118,187
1016936,161
1045999,161
1498872,144
1484932,2375
1403279,2460
1336453,179
1412376,65
1353415,618
1460235,749
1445553,728
1447369,793
1028990,820
1184922,744
1153898,982
1198610,1045
1079437,949
1472394,802
1269365,48
1350519,53
1210918,66
1199788,39
1022092,34
1446920,26
1399913,32
1320053,34
1051225,26
1025401,24
1087675,46
1202724,40
1430923,43
1477208,40
1499767,54
1252468,39
1416927,29
1189918,40
1408983,40
1426060,32
1402675,615
1136265,594
1372264,661
1358297,675
1273291,2363
1442423,2233
1400040,720
1094162,666
1285324,3090
1394930,2837
1118490,46
1407007,77
1416211,84
1035322,130
1284600,67
1437468,41
1333953,45
1188932,47
1284311,43
1071854,33
1275536,120
1212852,60
1052678,41
1495323,15
1437219,26
1006087,277
1365677,243
1247434,253
1133192,241
1076769,259
1064194,230
1166910,305
1021413,279
1486243,289
1094528,245
1081138,20
1480419,408
1274066,316
1208290,25
1161914,21
1387841,51
1192549,41
1463256,36
1130627,48
1149775,339
1440024,334
1315773,361
1209109,379
1292547,362
1370307,360
1053860,443
1010398,358
1264859,357
1041529,297
1255799,38
1169305,40
1259815,43
1285901,34
1255690,29
1231986,23
1189783,23
1029982,25
1014155,27
1230263,65
1356234,67
1406832,67
1223170,64
1082570,67
1291460,64
1454651,66
1103851,87
1405218,87
1145032,71
1368715,311
1313982,332
1430625,315
1499731,411
1171657,422
1100507,395
1281814,493
1157707,538
1063227,561
1142405,435
1487221,213
1294443,273
1350731,276
1465065,287
1135508,236
1408826,235
1134711,297
1372355,266
1267073,274
1176281,213
1009975,50
1118236,56
1417628,55
1452920,50
1001425,99
1264890,43
1330041,65
1009331,67
1052528,62
1226125,52
1415161,184
1378355,186
1360766,181
1077952,159
1416031,378
1468541,349
1152380,248
1110478,249
1358068,214
1263993,193
1336730,102
1366938,167
1255590,141
1224012,139
1034565,148
1477986,130
1128826,191
1174307,99
1100873,117
1261480,89
1394741,63
1280982,67
1302103,64
1364546,86
1116564,54
1334387,60
1250606,136
1404482,93
1379887,96
1235095,86
1493917,287
1454261,365
1289707,384
1412987,347
1415928,379
1440190,315
1036613,414
1067502,371
1122463,358
1417728,310
1370120,78
1422221,80
1110747,77
1427960,74
1030226,238
1024822,230
1216003,295
1113104,126
1250210,142
1087198,117
1268579,813
1493246,720
1001078,685
1182492,815
1181111,825
1104288,779
1163574,892
1270201,697
1395431,694
1208254,567
1005154,338
1497165,117
1228974,130
1331336,125
1262992,130
1135041,126
1297570,148
1413110,165
1158052,169
1398579,147
1204388,546
1403497,536
1238372,544
1379979,508
1423085,499
1421718,478
1164086,590
1276724,541
1256991,481
1311616,382
1278396,31
1466102,35
1266200,221
1017736,180
1010615,18
1201367,26
1325701,42
1176563,41
1057329,36
1159457,47
1236521,53
1429989,58
1386785,52
1289858,49
1062235,51
1426016,56
1128705,28
1173801,34
1003367,265
1028838,186
1351864,203
1397932,189
1020398,207
1198928,172
1489710,229
1469373,225
1466874,209
1115459,158
1474319,284
1385096,277
1310846,252
1396501,280
1079083,1307
1331772,1121
1357329,379
1084641,313
1447721,311
1418429,274
1332886,114
1425258,103
1268577,108
1234680,103
1047888,110
1034989,132
1205178,129
1210375,128
1451900,123
1444837,104
1279830,33
1325920,36
1197346,34
1429177,29
1457124,62
1006400,61
1131539,27
1231939,28
1442439,25
1080327,82
1006454,75
1272369,69
1172167,89
1056647,77
1470064,67
1382964,102
1041090,120
1365341,105
1197741,115
1265086,24
1025507,22
1337756,22
1414441,22
1359350,22
1017068,21
1346333,20
1139636,27
1311646,35
1313410,37
1143282,24
1433094,26
1271999,28
1233889,48
1162125,48
1014856,269
1487099,230
1423099,38
1386823,27
1012293,49
1046847,42
1254043,35
1488174,52
1305399,53
1207940,55
1460712,69
1296610,62
1323323,88
1231970,65
1323329,67
1312264,57
1226350,80
1167345,93
1061654,83
1218300,114
1021754,75
1260202,48
1478629,49
1282500,51
1143492,41
1296537,36
1491817,163
1236541,167
1435363,138
1364798,137
1019894,161
1158989,160
1167619,169
1365428,151
1307258,146
1090656,130
1494561,77
1060853,76
1401384,82
1213006,68
1040424,62
1467724,58
1154131,63
1172007,58
1157530,44
1240791,180
1399973,176
1476518,178
1143346,166
1107324,173
1090739,165
1116922,203
1174553,176
1268473,175
1278195,123
1333707,429
1110292,677
1197580,419
1301394,411
1292157,456
1088390,405
1308041,1834
1090223,1286
1402826,375
1303923,274
1103146,22
1183926,19
1464530,17
1018488,19
1239986,17
1138796,16
1036193,223
1286961,139
1367592,147
1164085,144
1469544,141
1257007,113
1354912,147
1036445,139
1318405,151
1483334,104
1160511,87
1049364,90
1361089,90
1498268,86
1243089,86
1057687,84
1278925,95
1200813,101
1029236,96
1298996,82
1352373,638
1145134,658
1285247,603
1485963,670
1410494,721
1194947,698
1479842,923
1141874,936
1219813,933
1020182,773
1469038,14
1478388,15
1301661,235
1209721,231
1470110,215
1260568,209
1366712,246
1063924,260
1209955,274
1074154,237
1416019,232
1039342,199
1266311,232
1036751,632
1482256,230
1279507,207
1283752,208
1047164,256
1361501,1645
1168500,1317
1287087,162
1338978,131
1243030,430
1342622,391
1474891,396
1107378,537
1120819,522
1195282,510
1335120,701
1377332,685
1318602,803
1106208,566
1140411,50
1109072,50
1334308,55
1063638,37
1405532,43
1360411,29
1030666,58
1039447,55
1408990,52
1160540,24
1202321,26
1105638,32
1071851,19
1319327,46
1077816,35
1147355,32
1423096,29
1152289,29
1490790,17
1443298,31
1292453,39
1433070,35
1224601,25
1078845,401
1486614,388
1407632,400
1492844,471
1279914,1830
1216593,1764
1328013,520
1439928,440
1216659,1922
1042279,1385
1353682,33
1012255,49
1288892,62
1059605,83
1471499,68
1211375,28
1401429,35
1234238,31
1141019,28
1339243,24
1065243,57
1087717,49
1266842,35
1373847,17
1091380,23
1214073,18
1058764,19
1227612,23
1013373,139
1384974,124
1022529,132
1312426,120
1271890,125
1485813,115
1098649,145
1299861,139
1389595,146
1499162,130
1342250,31
1304171,138
1147881,162
1296614,20
1428090,26
1317898,29
1032701,28
1227283,22
1098073,174
1291511,170
1482488,171
1497978,174
1173007,180
1158796,173
1313035,198
1416376,199
1472372,182
1185689,140
1162498,32
1132304,35
1447875,30
1248758,25
1266463,24
1057655,23
1159054,22
1356535,24
1350253,23
1033531,19
1041420,186
1198108,197
1027212,168
1475322,192
1172141,245
1393742,241
1266346,244
1377521,257
1400997,273
1019222,183
1200921,239
1033908,281
1018332,288
1248754,295
1230538,257
1317270,259
1123969,304
1336390,285
1233276,282
1064304,220
1440680,45
1460672,44
1216744,44
1235794,43
1226151,39
1319892,36
1222758,48
1326527,48
1004505,40
1212716,134
1275664,126
1098504,122
1452295,93
1149279,118
1218556,113
1411529,125
1354563,112
1322625,104
1294117,102
1410028,54
1036232,63
1455107,60
1421652,50
1494678,47
1296401,39
1160998,50
1056097,41
1356467,42
1412784,39
1067429,110
1334969,119
1411562,113
1475191,112
1188752,116
1296548,112
1272906,128
1123142,139
1286263,131
1433634,117
1144693,223
1032662,256
1370978,263
1122083,244
1211601,254
1357283,229
1194866,280
1287568,268
1268488,258
1129395,202
1177184,72
1070083,69
1297768,76
1350667,76
1333592,213
1425926,134
1293905,162
1462420,115
1209830,123
1334845,103
1387633,346
1247743,357
1117537,353
1079065,325
1180290,344
1415350,323
1206483,383
1339817,316
1295357,320
1340117,223
1132769,124
1199188,57
1169788,76
1423621,73
1018563,70
1080853,92
1285450,90
1326234,108
1132323,95
1222544,78
1433611,386
1186967,386
1173866,379
1448932,373
1229078,370
1232693,362
1391815,403
1386900,357
1404957,336
1415551,278
1079171,34
1263378,26
1169912,111
1058707,104
1395362,25
1225413,33
1084326,29
1150748,48
1040838,48
1451834,45
1375324,42
1203305,40
1276111,36
1089354,31
1456270,29
1231504,472
1430097,478
1162031,469
1272750,473
1320907,478
1061083,445
1349906,599
1368565,568
1056508,518
1176726,412
1057026,713
1090905,627
1041602,627
1473384,706
1247041,2213
1006972,1893
1112156,813
1014063,774
1257761,736
1337096,596
1020633,197
1384720,218
1351858,236
1458481,227
1458802,263
1166438,259
1427174,321
1063469,330
1284641,335
1057638,277
1176123,107
1053426,106
1362188,95
1472327,88
1206366,103
1257964,88
1480277,101
1465217,99
1284838,107
1319585,102
1181839,73
1131518,69
1268768,65
1391032,58
1260481,117
1069609,101
1324346,59
1046579,67
1232070,53
1173143,42
1267634,61
1465123,60
1362254,60
1237389,61
1466483,52
1041421,52
1060615,74
1326935,73
1421533,77
1069064,64
1232845,45
1061266,42
1496650,44
1276290,36
1184775,34
1404104,32
1216877,37
1288726,36
1006248,35
1019604,33
1462054,50
1155430,93
1116479,70
1178750,63
1332949,96
1119799,59
1357303,61
1417777,45
1137724,206
1423011,211
1438518,229
1018827,180
1429932,210
1294970,213
1273324,257
1153382,263
1262708,294
1061420,217
1129706,93
1025300,99
1412369,98
1125357,95
1389049,97
1488501,91
1132673,103
1448288,126
1469785,129
1424009,102
1005733,61
1199112,65
1147013,429
1154039,313
1270940,51
1250143,43
1427638,76
1047461,52
1054157,70
1429640,323
1419037,318
1031315,318
1456519,329
1238858,504
1433450,506
1273195,632
1388619,358
1433284,418
1207528,380
1020914,107
1184809,212
1101299,178
1049974,178
1307058,107
1402432,83
1330573,92
1093878,89
1170942,91
1136234,67
1336913,103
1481273,111
1232719,98
1297029,82
1227586,185
1138532,152
1217013,116
1257492,116
1166466,109
1461892,101
1157087,122
1338101,126
1028066,125
1198902,126
1272992,124
1445613,109
1106028,140
1072843,129
1074625,83
1110407,73
1399261,399
1454243,407
1091379,405
1409591,387
1225625,394
1298752,373
1386787,470
1391503,423
1099252,394
1144316,317
1171130,534
1365329,1700
1171863,453
1473197,526
1274263,601
1277137,544
1156522,3315
1387414,3317
1134038,527
1081483,371
1133643,41
1308370,36
1306499,36
1443284,31
1244740,22
1431655,24
1348094,26
1373197,25
1175329,466
1224703,445
1300896,445
1445437,463
1408590,455
1180221,434
1328800,511
1238224,546
1445032,511
1433797,429
1418017,219
1265394,195
1446150,188
1203063,179
1112304,204
1087179,180
1393208,181
1437433,263
1083339,254
1010307,201
1443244,56
1186542,60
1191341,59
1206576,57
1400158,57
1415414,54
1225162,58
1375215,77
1152899,79
1484953,66
1154169,134
1107329,130
1108464,127
1143995,136
1134896,123
1279926,124
1414764,160
1321694,166
1220511,149
1103032,153
1240615,1388
1397490,1377
1355088,1324
1401705,1390
1422185,1466
1390157,1485
1460838,1619
1377519,1753
1310657,1687
1491023,1624
1035528,39
1244162,41
1335442,39
1034995,33
1299500,32
1483231,34
1361035,36
1042151,35
1169768,34
1074099,328
1489678,315
1028985,311
1049598,298
1240507,486
1263294,421
1318084,389
1484213,348
1383207,333
1235435,295
1242759,216
1038515,1657
1434725,188
1076706,200
1053052,206
1321083,195
1173318,2480
1011628,1961
1449610,128
1293946,149
1125250,790
1037647,814
1138222,773
1266103,887
1003947,882
1348210,895
1145349,1095
1373036,1210
1309199,1194
1171211,1062
1276632,84
1006869,70
1490016,66
1367690,53
1200641,49
1317691,53
1378510,50
1197398,42
1460062,37
1432590,34
1107995,38
1311380,32
1140546,30
1303417,59
1154781,34
1322706,29
1489068,809
1064789,741
1178264,772
1482167,860
1414147,2653
1318708,2126
1457640,877
1496743,911
1439487,3033
1117036,2909
1464172,63
1204098,94
1014795,110
1420298,118
1412351,63
1107519,49
1286582,58
1201131,53
1253449,55
1233036,30
1062376,111
1399544,80
1130725,72
1066832,29
1175537,34
1320313,30
1416932,35
1474917,37
1134238,31
1397808,151
1149154,149
1274284,146
1414652,135
1357536,147
1225370,122
1383879,156
1418145,153
1400390,158
1422708,142
1198571,38
1181119,229
1249298,200
1419601,38
1119650,30
1409495,54
1327005,48
1303327,39
1080254,45
1414658,204
1474459,201
1272721,242
1174028,213
1484299,220
1319711,200
1457607,262
1167481,239
1471887,229
1456063,195
1321067,104
1232285,97
1342696,71
1389072,53
1057764,46
1108277,69
1123242,54
1294566,44
1476847,41
1414426,91
1143644,95
1022628,95
1271798,91
1296135,92
1245834,92
1195290,96
1001552,120
1207003,121
1143977,102
1049986,612
1058080,595
1385476,588
1197433,618
1157667,647
1462354,634
1447886,767
1414248,816
1071904,814
1233401,737
1048213,218
1447792,275
1422192,286
1333331,298
1345321,292
1359424,261
1188609,327
1351203,288
1121215,285
1325999,231
1055041,207
1260187,211
1372516,214
1478820,192
1281981,205
1170276,197
1352878,224
1086413,237
1174609,232
1210516,203
1216868,196
1312485,177
1114376,174
1214610,150
1092849,314
1423702,295
1067336,226
1112246,220
1128675,207
1260223,180
1064865,72
1010319,117
1398591,110
1301497,96
1221429,101
1387628,79
1065479,125
1374782,75
1064336,75
1402535,56
1378097,209
1052288,226
1280063,218
1488358,221
1146421,218
1261997,213
1273271,260
1379056,276
1320666,276
1282552,244
1012356,189
1280965,231
1067057,261
1007605,256
1292992,265
1478678,236
1251025,314
1134701,277
1225717,278
1238986,216
1193124,288
1056666,283
1312685,286
1336457,299
1454072,465
1360725,450
1070791,587
1284859,347
1000502,393
1091118,365
1310137,769
1303810,742
1277815,701
1239684,818
1244622,835
1417395,772
1301940,896
1209454,745
1280610,727
1110072,609
1315006,432
1274070,150
1460463,189
1180088,196
1086621,228
1199102,192
1263657,236
1354041,254
1270384,257
1270266,225
1388270,505
1206660,492
1347411,484
1130577,478
1218895,495
1188923,449
1420775,540
1264839,505
1131282,447
1289857,369
1187232,44
1154629,48
1071327,280
1104104,209
1424002,35
1278069,31
1162475,63
1315112,51
1278374,37
1156508,47
1221970,126
1039156,121
1013847,126
1269940,128
1249208,119
1032032,110
1381878,143
1179267,130
1103358,86
1031522,76
1441429,435
1205987,429
1126546,428
1062138,395
1168666,425
1428344,427
1192653,434
1025988,468
1092801,446
1466330,374
1253435,378
1003790,362
1407686,340
1386117,933
1041553,1095
1160729,474
1105240,429
1275872,400
1064239,336
1129687,167
1037739,184
1342075,152
1480121,178
1102860,143
1483078,124
1004285,278
1069331,292
1434986,261
1305194,117
1124507,108
1348574,114
1265021,112
1134259,113
1124696,98
1475116,146
1214823,145
1395004,127
1238037,130
1128404,54
1234039,55
1204827,54
1152216,49
1302724,109
1323021,82
1003827,55
1145179,49
1072806,41
1101824,34
1327840,137
1489316,124
1191403,143
1162076,139
1079663,128
1018683,134
1134125,172
1097271,165
1341114,144
1302813,135
1200785,26
1214706,26
1095511,21
1226081,48
1368710,79
1312690,62
1047653,53
1189012,59
1469136,66
1302705,43
1017688,44
1398113,34
1362599,328
1120329,335
1301366,404
1002209,512
1240302,470
1233562,375
1110335,465
1348050,467
1058578,549
1335537,402
1098570,47
1073553,50
1044020,49
1165391,33
1204487,42
1472749,317
1244370,264
1437863,24
1336959,24
1394160,54
1131763,42
1063451,29
1140662,35
1288250,92
1157702,89
1107474,90
1128343,88
1101634,127
1119422,132
1023345,175
1298978,110
1207170,114
1312063,95
1383510,64
1393228,88
1417616,90
1129132,146
1301112,65
1333133,46
1177896,58
1183511,53
1474158,55
1043355,33
1023619,87
1486661,95
1130825,93
1046603,74
1129769,169
1104503,163
1340182,117
1488407,108
1280734,97
1153942,91
1473989,252
1292670,239
1256986,248
1164851,230
1093705,240
1181024,222
1398775,278
1177612,252
1208371,239
1414249,190
1452353,345
1024727,1243
1275924,274
1174973,274
1336295,364
1407628,342
1215558,2618
1095301,2600
1129955,231
1150712,233
1469299,25
1119669,18
1192004,18
1374612,17
1130206,14
1029916,14
1414039,14
1276937,15
1025011,14
1148633,374
1269822,387
1122710,377
1368824,373
1267281,391
1010516,339
1207782,415
1107897,451
1355123,435
1245170,458
1394634,403
1107583,451
1278108,360
1328969,364
1102011,369
1333022,456
1320534,507
1077386,475
1233535,420
1194207,40
1448370,41
1079356,44
1184629,44
1071294,43
1093908,42
1239978,42
1263128,60
1188114,65
1042781,54
1279275,60
1305159,57
1195872,56
1271171,75
1287009,54
1125745,54
1067289,64
1114177,69
1432227,91
1087470,62
1237947,752
1452835,733
1029462,764
1365321,806
1377892,883
1378346,921
1261333,1046
1427333,1100
1157382,1134
1168967,1029
1297182,22
1200350,24
1050596,20
1347479,21
1157094,193
1356002,198
1016138,193
1309641,180
1499969,447
1318960,406
1132759,319
1156703,278
1347366,252
1479828,217
1353276,116
1310745,1324
1259126,23
1399815,61
1479063,126
1280384,102
1273328,1965
1329675,1859
1296742,36
1097552,55
1175098,507
1107789,432
1472551,491
1434395,527
1204957,558
1066271,517
1201647,618
1207963,640
1224651,618
1102821,520
1252491,35
1245895,31
1481691,27
1161370,29
1212692,23
1318121,20
1321701,29
1412851,26
1276134,37
1410177,27
1169782,29
1017948,30
1155477,30
1307971,25
1467101,271
1455580,329
1073869,340
1164529,393
1242649,1407
1458824,1370
1205276,622
1153862,474
1026311,2270
1100814,1963
1433607,49
1325788,97
1222062,94
1095953,124
1192192,53
1003275,39
1419391,47
1213380,50
1449132,44
1025691,30
1166120,88
1492774,57
1389720,56
1029230,21
1352343,33
1368955,30
1012363,29
1318880,23
1122068,23
1320801,178
1363348,173
1006930,158
1033851,161
1405700,180
1456057,178
1495295,212
1403913,193
1493423,205
1157998,183
1169405,237
1122567,253
1141716,56
1133958,43
1199519,39
1411918,42
1089046,190
1420568,155
1094571,173
1015407,175
1343753,174
1290825,170
1247241,203
1383868,190
1419894,190
1048220,146
1401237,50
1093184,50
1037033,47
1462031,36
1294471,34
1324469,38
1037484,36
1455758,36
1140449,30
1452600,33
1462180,36
1210051,37
1448582,31
1153239,34
1292579,52
1444618,51
1253969,43
1066074,189
1040567,192
1033848,204
1060668,198
1364029,206
1062630,197
1094506,243
1358659,248
1465329,267
1440816,205
1453624,182
1366879,156
1066766,173
1218935,150
1456740,173
1272288,156
1229915,193
1295433,180
1187828,201
1426162,136
1390856,33
1064665,37
1440509,35
1239126,33
1396561,30
1352708,30
1169282,34
1368073,39
1087742,38
1239602,32
1254600,123
1187584,129
1256962,120
1250767,93
1183162,216
1279361,225
1441846,150
1025243,150
1301264,137
1087640,126
1045918,76
1060939,107
1453084,88
1389584,73
1109929,80
1195022,77
1303129,98
1470042,68
1425214,64
1480181,50
1120639,55
1421206,52
1357988,58
1004611,60
1274230,67
1339747,72
1035696,65
1021984,79
1019163,74
1364760,73
1098207,184
1144332,149
1001298,135
1052493,119
1116984,123
1358488,135
1479481,160
1479982,143
1250243,141
1224186,104
1476141,81
1092873,81
1411938,84
1288977,78
1414035,124
1477480,130
1441461,152
1334203,102
1011084,113
1272016,99
1291804,476
1083211,436
1459930,414
1080771,499
1290984,476
1371092,465
1129462,539
1146886,418
1075732,434
1481125,328
1383646,143
1262046,82
1031233,103
1313003,113
1111253,120
1464277,107
1449649,122
1241310,144
1311108,136
1359316,113
1328056,354
1338235,348
1424127,366
1006231,337
1217979,340
1256515,322
1230515,374
1167123,331
1186034,316
1459062,249
1131248,47
1159026,249
1196992,162
1019725,29
1038502,48
1345899,27
1149789,36
1434408,319
1331367,264
1151568,296
1038126,275
1105246,295
1354383,246
1375571,319
1188956,297
1350405,285
1040755,202
1329810,343
1095638,343
1045471,330
1026941,333
1383816,895
1342743,767
1081079,507
1404092,367
1497047,394
1077049,301
1298757,121
1346606,133
1350474,128
1096561,120
1424462,123
1257115,127
1448606,141
1410308,147
1397778,188
1274838,144
1181744,22
1086282,30
1342834,31
1191933,25
1455688,55
1156031,64
1463066,16
1307453,22
1328288,25
1170261,209
1200413,181
1249578,191
1392101,199
1076983,187
1395094,187
1291487,223
1166161,215
1237836,220
1109620,188
1353433,19
1279339,19
1205295,20
1431212,17
1271186,17
1491686,17
1180510,15
1383885,17
1341913,61
1144509,75
1210738,71
1472270,49
1374106,51
1241273,48
1388278,75
1483740,64
1052572,45
1401309,32
1400990,120
1259749,132
1240225,24
1092082,45
1227429,36
1097232,37
1312352,25
1268573,39
1232796,46
1035942,45
1299417,44
1386090,55
1016464,50
1303501,65
1176686,48
1080504,50
1446354,40
1181712,62
1274821,98
1159957,109
1131022,117
1194633,56
1148248,41
1027752,43
1286552,45
1087904,36
1343655,29
1289665,149
1359744,152
1216979,141
1007979,132
1267184,165
1475359,144
1399772,151
1044288,133
1204605,111
1166180,108
1029581,68
1049770,72
1239437,93
1218181,64
1439193,66
1461309,59
1203974,64
1039123,57
1269935,45
1189136,38
1297968,244
1259331,245
1135133,241
1421534,228
1413771,238
1178643,217
1078554,270
1495417,248
1274485,236
1335756,185
1201137,386
1320497,998
1483134,366
1363331,357
1186216,427
1068689,551
1371487,2594
1379605,2458
1207029,209
1436681,243
1052630,28
1260318,17
1257768,18
1221459,16
1080389,279
1256024,227
1328739,261
1245033,244
1252741,245
1424447,226
1139612,271
1498209,290
1123645,289
1323759,245
1292034,80
1157559,79
1208584,80
1290817,81
1427899,81
1161944,77
1217185,90
1259287,99
1192548,94
1177141,81
1255407,480
1338733,465
1482136,463
1147855,507
1311799,573
1306558,538
1494027,679
1265348,951
1083041,972
1003331,713
1084671,24
1127039,24
1111671,21
1149061,19
1432334,16
1036706,18
1173657,17
1099347,259
1376287,257
1124300,255
1468244,235
1015025,339
1083819,279
1217848,303
1298548,268
1434356,261
1482492,241
1320819,261
1248373,793
1008294,242
1232116,214
1255594,222
1318738,316
1446799,1889
1486944,1612
1386805,128
1413768,125
1462608,383
1418346,375
1491979,366
1407308,417
1010422,451
1108134,421
1224076,537
1140817,569
1025411,577
1403656,435
1217471,56
1104854,55
1256148,57
1458926,43
1412413,51
1006284,40
1426761,42
1139068,41
1316420,29
1259792,31
1483645,52
1349724,46
1427122,46
1072907,27
1453758,29
1131668,26
1442229,24
1065535,26
1390209,24
1462612,20
1489860,48
1389663,32
1206646,27
1365027,25
1283496,26
1262779,24
1435474,35
1294014,32
1132104,31
1018393,26
1258354,786
1133666,538
1066784,623
1167841,649
1468687,1672
1328290,1357
1240567,853
1424215,754
1057722,2290
1349429,1623
1053488,45
1058362,57
1281230,73
1053785,101
1324241,64
1039288,33
1386011,38
1143236,42
1233422,32
1272934,27
1242088,45
1209556,36
1052913,34
1266188,22
1249279,23
1125302,18
1272411,20
1039622,19
1075384,231
1332431,229
1141830,220
1032755,212
1183226,212
1444861,201
1465487,259
1116043,238
1155353,249
1394606,202
1211649,35
1338544,29
1206721,199
1213726,173
1121296,24
1341927,29
1126590,45
1017637,42
1116834,35
1179503,29
1158599,209
1218897,202
1144162,240
1191552,203
1419930,232
1068714,211
1034417,256
1153354,235
1402994,232
1174600,174
1067348,28
1000557,27
1141868,24
1193883,20
1477660,19
1374717,20
1005512,20
1481939,18
1194957,109
1209298,105
1491117,105
1021817,114
1238437,132
1088320,108
1353310,132
1151804,158
1275812,167
1152280,107
1253246,249
1210078,306
1364359,314
1015692,320
1200780,322
1473909,269
1114235,338
1035523,301
1060105,290
1130600,230
1409129,28
1150723,30
1181288,29
1303570,31
1076136,39
1496530,32
1131674,182
1262299,174
1213601,157
1300132,149
1305748,239
1087593,224
1494276,205
1004602,184
1218108,176
1485765,158
1369461,81
1332257,122
1208274,99
1084190,93
1054679,99
1381709,77
1006574,107
1100330,102
1459804,81
1074270,83
1323505,161
1159662,166
1458025,162
1453177,165
1314608,180
1134764,157
1150022,194
1086312,245
1465717,180
1279859,176
1134014,230
1472460,266
1492825,265
1415612,344
1019478,287
1059110,240
1204889,297
1169118,284
1451461,281
1112696,221
1236946,88
1434549,90
1120418,93
1403037,117
1144287,216
1358838,184
1290736,198
1259881,117
1401133,122
1126127,109
1169445,448
1004578,425
1179600,436
1308774,432
1302648,423
1319128,373
1088656,441
1299376,354
1292193,372
1305988,285
1015328,148
1459453,49
1051019,68
1321503,66
1055145,62
1234463,58
1010315,70
1374626,83
1186950,86
1285406,71
1318631,303
1250084,291
1307634,289
1149758,281
1067032,265
1434813,269
1002560,309
1156579,272
1396591,253
1392103,213
1249940,17
1425455,19
1154185,71
1015552,67
1082946,21
1286570,29
1254729,64
1006149,63
1412957,72
1252535,52
1339142,55
1442360,50
1303970,55
1111277,51
1317971,36
1003422,36
1270759,517
1251827,351
1441633,369
1246760,347
1077996,388
1059707,348
1256407,445
1046867,424
1336797,416
1335237,315
1089648,231
1237824,216
1443604,234
1315244,179
1254893,700
1019982,587
1395631,364
1498515,287
1233129,229
1478969,176
1429360,60
1120903,70
1255283,65
1228809,50
1257624,77
1066626,80
1383790,81
1236459,93
1158042,80
1110951,72
1094399,37
1171262,44
1216042,33
1040672,73
1164094,68
1290899,27
1362590,29
1436155,23
1141020,120
1137816,120
1268877,104
1177855,93
1418558,114
1134734,97
1325056,133
1145992,134
1049420,124
1362616,108
1384912,12
1473127,60
1323704,68
1329092,54
1245072,52
1238938,39
1084196,35
1442846,41
1025058,5
1428338,34
1090704,35
1320112,8
1297638,2
1337109,13
1385171,23
1155836,112
1234570,219
1066501,199
1306678,207
1115733,136
1166572,97
1442966,174
1460038,115
1193240,81
1434050,58
1129340,206
1182360,214
1478755,201
1287636,183
1439136,333
1311021,291
1483148,264
1084470,251
1177978,231
1199834,201
1210152,18
1281696,18
1051001,14
1056902,12
1386579,244
1252232,246
1392509,245
1473748,221
1194125,226
1452660,215
1313545,278
1220899,251
1176114,232
1368957,170
1290080,582
1089612,1459
1439182,475
1453938,469
1416600,589
1061133,857
1444912,3044
1021121,2458
1317447,421
1115697,358
1439020,15
1161356,21
1359174,17
1181972,12
1140677,12
1254006,14
1249389,407
1144725,250
1024456,282
1333259,254
1158440,242
1245351,227
1209146,306
1336601,296
1229162,289
1147384,198
1202967,38
1266951,69
1123101,37
1397105,38
1451801,36
1410965,42
1132536,50
1089582,46
1009115,37
1443523,204
1163835,200
1494285,204
1318970,222
1230640,252
1350989,241
1469698,329
1157662,357
1365942,370
1241167,268
1474470,14
1199867,15
1410274,12
1424399,13
1275961,16
1123239,222
1300003,202
1142646,205
1406271,187
1081205,430
1272773,282
1107862,267
1445770,255
1114381,238
1415547,209
1160077,254
1091853,862
1330691,705
1415863,225
1334478,237
1141705,509
1420680,2425
1487401,1963
1204380,114
1052413,166
1242874,146
1077197,155
1127975,154
1230110,182
1166412,202
1066808,185
1470409,249
1342442,255
1139563,273
1003833,195
1013568,25
1458838,23
1242946,23
1117852,20
1444202,15
1240782,12
1377760,14
1197572,39
1109827,41
1259868,39
1363824,21
1225867,26
1199703,42
1393980,23
1376514,20
1302656,46
1141699,56
1433132,41
1454906,31
1474457,30
1353854,53
1238870,50
1102120,36
1381727,28
1165621,386
1067751,392
1367529,402
1419376,402
1217634,1722
1435817,1303
1388704,605
1050100,558
1447978,2611
1223297,2145
1057692,56
1208998,95
1142079,102
1114122,148
1348065,79
1123612,48
1147172,52
1449879,54
1410895,39
1474990,26
1462527,52
1486074,31
1393559,28
1126109,28
1454486,17
1483756,18
1138537,16
1325573,66
1051613,74
1191347,82
1459200,60
1119462,68
1353313,66
1265434,93
1338064,104
1391890,118
1094290,74
1494524,73
1122982,42
1247940,25
1492928,13
1447707,319
1306135,326
1375347,366
1210263,344
1031578,369
1224519,344
1094254,416
1331126,389
1412296,358
1464457,283
1429670,32
1048429,36
1266516,25
1064371,21
1010582,26
1279234,23
1140213,21
1462914,20
1028151,86
1078943,80
1254456,85
1282678,90
1182119,96
1430557,84
1044051,115
1372892,136
1120515,135
1489688,90
1247162,442
1272298,399
1423076,453
1080130,434
1053710,436
1164565,376
1205751,472
1210368,448
1260599,416
1121115,351
1198240,187
1144385,177
1437302,163
1132630,150
1101586,302
1091445,246
1295002,196
1448868,194
1435790,157
1431208,119
1431365,141
1385563,116
1087230,96
1471543,115
1097979,82
1256441,135
1444251,112
1213606,116
1296465,95
1269338,38
1196617,39
1158962,40
1378735,43
1249741,40
1350135,38
1431352,55
1267745,61
1257221,44
1045903,420
1168162,366
1199171,416
1192330,379
1026480,346
1359515,339
1183397,418
1352135,389
1263834,348
1219655,302
1104882,39
1064112,44
1103507,39
1359439,38
1362263,46
1115404,48
1495441,61
1263659,48
1492790,53
1472842,42
1220718,229
1035762,213
1005331,238
1144722,266
1375730,237
1053781,207
1221582,266
1101521,185
1464391,199
1118931,143
1402087,40
1267543,17
1031981,19
1131800,23
1226628,18
1429379,23
1084519,35
1054929,38
1111818,28
1127792,208
1148446,199
1099206,235
1109184,179
1229777,187
1297617,190
1237610,235
1069068,214
1090735,178
1383176,145
1318530,34
1349996,23
1102502,16
1079296,364
1264719,357
1431686,370
1320803,371
1011233,361
1377962,341
1192944,427
1405148,439
1405071,397
1123716,304
1453825,381
1309172,378
1227764,397
1149701,358
1030628,1020
1058252,1068
1491947,488
1494597,431
1401368,414
1435257,341
1475740,75
1441634,55
1473188,90
1453677,91
1138281,89
1365133,114
1201008,74
1221090,75
1252788,65
1312378,125
1121476,124
1452533,123
1151293,134
1048430,121
1078682,108
1174467,161
1076674,164
1054235,143
1438311,144
1172173,26
1211628,30
1114022,26
1119679,20
1098728,50
1402934,50
1022522,23
1190225,23
1280461,177
1042807,161
1403241,162
1184545,184
1338050,163
1026597,151
1451444,224
1001753,206
1244369,215
1114154,179
1251743,10
1216807,14
1044810,13
1329636,43
1292821,64
1107124,76
1295439,60
1052382,54
1108059,61
1292720,60
1149871,49
1133587,31
1411654,80
1217172,59
1447046,39
1367645,30
1001659,113
1228444,128
1433924,177
1371163,158
1408863,106
1477833,28
1283271,32
1257511,31
1159801,27
1099699,28
1378391,26
1419443,30
1302328,45
1455533,50
1466302,36
1216929,178
1314022,41
1313140,19
1224624,32
1401467,15
1352497,18
1448084,42
1362746,43
1267173,45
1105075,43
1307999,72
1488767,67
1040530,87
1131755,56
1492694,55
1027892,44
1099057,48
1225458,83
1010715,87
1387667,123
1346873,88
1408529,31
1164196,42
1067861,45
1286769,35
1310185,26
1112704,125
1055978,129
1093150,119
1332210,102
1045586,195
1399769,185
1428523,158
1056581,153
1447191,133
1384034,117
1137590,18
1263027,20
1396476,23
1393708,19
1098120,16
1146079,15
1176683,15
1236232,20
1043714,11
1112290,12
1315890,340
1251960,336
1344744,372
1285953,347
1222463,343
1380883,342
1155889,402
1190568,370
1429669,342
1351758,267
1122867,479
1428085,1467
1055368,433
1181140,428
1192825,493
1497180,447
1248212,3016
1144793,3023
1361907,402
1307127,348
1296593,21
1288029,17
1136665,12
1374497,13
1038293,13
1113345,448
1129168,415
1156793,430
1095528,393
1306049,397
1282473,380
1316409,479
1394640,502
1009777,479
1386654,393
1154407,102
1423212,69
1413911,97
1007465,118
1392733,106
1343164,83
1114869,144
1399552,171
1208940,61
1112607,43
1040360,43
1119698,39
1325998,41
1147410,39
1305088,41
1158546,60
1323328,60
1158006,46
1119887,20
1165697,22
1403211,38
1443517,26
1014151,651
1374002,652
1417996,603
1141881,673
1219590,736
1373220,712
1355558,889
1042282,955
1323969,946
1480827,866
1181254,18
1150997,19
1379420,17
1033770,17
1451868,16
1108405,273
1481278,244
1127853,237
1069729,229
1028848,479
1201050,408
1278761,352
1182751,320
1494451,287
1346198,241
1367068,211
1393667,1628
1263571,157
1395629,144
1395320,166
1486344,159
1100089,2208
1316600,2329
1133091,99
1497480,93
1196661,473
1496261,468
1194929,466
1209119,494
1397954,483
1433003,497
1306725,637
1355897,681
1064394,705
1299518,598
1100813,26
1103179,25
1349648,27
1360039,24
1008284,21
1372827,20
1022366,23
1247275,14
1250692,29
1166812,25
1075237,25
1284106,20
1132690,11
1021330,15
1173609,13
1161832,25
1084054,25
1196971,19
1287686,18
1490438,18
1377459,47
1284858,27
1215512,20
1013410,424
1306922,395
1407650,428
1115185,418
1300326,1571
1348608,1216
1077818,615
1431835,523
1314817,2685
1066068,2250
1236383,48
1051153,41
1403654,69
1458515,47
1092603,17
1406779,17
1363499,22
1308591,33
1445820,17
1339495,40
1031284,10
1011989,12
1092978,13
1416822,16
1044644,11
1400124,15
1020688,21
1132214,215
1299296,190
1328803,204
1334503,184
1383625,196
1448378,194
1069438,238
1171702,230
1152361,233
1150037,206
1198481,111
1397183,91
1149053,22
1380157,42
1016217,31
1237054,352
1044369,352
1157822,398
1420945,385
1375200,404
1358278,352
1205185,446
1362253,435
1263433,392
1337606,311
1266676,28
1311688,29
1369119,22
1391955,19
1095582,17
1236493,22
1350052,23
1396061,21
1422724,26
1416267,26
1023518,28
1210701,25
1084100,27
1161473,24
1245334,28
1471348,44
1155624,46
1303316,36
1072688,89
1082037,108
1248088,162
1240215,164
1140940,187
1372767,162
1319511,207
1163430,209
1024275,207
1176115,164
1230753,262
1459901,302
1283901,325
1420906,304
1125326,257
1280096,284
1256216,346
1497839,318
1056161,293
1249726,238
1038455,14
1434793,12
1160822,13
1346146,170
1428646,169
1449241,159
1411131,145
1001411,187
1385630,242
1237972,192
1078865,186
1319741,168
1309594,150
1146287,65
1352895,106
1378461,96
1426530,88
1437824,88
1028205,69
1326348,108
1025298,88
1421003,63
1356082,50
1213133,28
1400057,32
1006359,37
1478327,32
1264778,30
1296198,52
1091285,48
1188584,283
1289252,318
1121717,352
1165494,324
1133975,278
1017195,299
1473572,368
1156194,356
1420711,313
1050364,259
1218991,31
1036017,30
1114325,49
1038860,51
1322237,58
1073235,53
1314434,49
1418720,36
1245711,275
1063433,259
1035108,345
1352358,311
1074658,316
1499594,300
1056537,382
1255064,255
1421744,260
1109478,184
1194904,37
1371113,20
1478926,23
1218200,22
1194155,24
1393791,22
1356548,45
1087090,46
1362391,31
1000962,378
1031818,375
1467100,389
1034605,329
1101780,362
1002344,336
1046072,412
1442812,360
1345228,329
1113888,263
1219117,11
1297015,70
1202918,42
1354197,13
1268287,21
1242062,18
1046820,14
1013774,18
1383287,16
1249173,15
1402527,12
1088465,451
1321672,433
1493321,424
1486372,447
1411581,444
1338165,405
1206135,485
1093502,521
1461412,487
1015740,424
1189256,414
1128323,412
1326661,386
1242328,1324
1210696,1019
1120940,521
1045314,487
1270338,440
1491051,378
1321001,324
1149554,328
1321455,319
1220031,336
1249562,317
1221659,334
1448873,411
1201558,432
1112961,416
1441542,343
1227620,106
1060282,125
1212298,125
1324089,94
1160616,109
1125254,112
1367408,139
1164080,128
1095594,126
1441231,110
1418316,44
1028314,45
1376664,47
1001180,37
1317946,88
1162285,68
1183217,32
1344949,34
1207523,29
1102512,114
1361643,106
1135403,115
1171163,97
1473307,100
1038042,87
1053898,131
1496571,146
1142142,141
1162420,133
1199487,17
1373867,17
1424223,18
1451930,15
1370497,15
1065924,19
1083741,35
1234248,54
1088860,63
1356258,54
1302259,48
1152733,33
1484698,60
1261194,39
1230150,39
1107553,37
1100828,373
1201667,316
1162414,333
1162048,368
1360889,391
1070154,387
1242415,410
1009155,463
1007348,462
1257698,332
1386147,59
1477962,61
1164241,59
1313079,56
1489391,58
1217690,56
1403412,60
1067902,75
1016818,84
1451414,62
1144387,42
1357820,41
1123456,330
1000586,314
1286790,33
1115930,23
1193439,50
1219711,44
1438799,82
1011484,85
1146910,84
1078476,81
1273798,125
1381479,131
1414898,163
1313752,105
1097004,112
1295157,93
1065465,61
1344156,115
1055855,109
1234968,136
1249681,54
1066635,43
1064923,52
1167876,50
1053807,41
1237785,28
1471314,139
1249240,133
1119440,117
1039592,100
1014849,204
1196535,175
1292202,164
1275446,153
1454082,139
1373757,128
1346922,52
1058487,54
1357585,54
1246808,65
1099146,53
1412353,49
1468339,54
1313065,61
1490279,30
1444037,283
1032563,284
1412227,275
1397626,265
1215207,268
1284712,268
1480206,327
1344652,303
1362439,285
1089623,223
1175542,505
1314812,1524
1408441,478
1198898,450
1096814,506
1019929,455
1050747,2994
1059227,2500
1304119,418
1062397,347
1213487,26
1167608,14
1037042,471
1363682,471
1129795,487
1212698,475
1432412,488
1307351,450
1028375,523
1429330,562
1488638,533
1413805,444
1068732,237
1459985,205
1275261,266
1178436,242
1118377,246
1222153,274
1121953,328
1108733,334
1243875,329
1444290,261
1410568,63
1201705,63
1422145,62
1265812,59
1143936,64
1207164,55
1035471,61
1182115,81
1301690,81
1043957,65
1412117,55
1239970,55
1415533,51
1058293,90
1328879,53
1188626,94
1184088,61
1131958,82
1014626,78
1350558,64
1470774,720
1299041,706
1105837,696
1082803,719
1023822,794
1312925,778
1089746,938
1133734,956
1096643,972
1095601,855
1118778,16
1318169,14
1167507,14
1415526,15
1461383,15
1010375,306
1440426,286
1154587,278
1079575,266
1158030,572
1362696,496
1066731,413
1347823,385
1295629,344
1318474,328
1013232,152
1252214,1506
1390132,118
1114889,136
1096101,155
1459986,139
1173416,2219
1044076,2268
1112081,64
1128597,90
1117544,588
1417850,567
1211259,572
1431972,632
1475506,649
1409045,629
1410758,773
1368841,789
1409653,794
1251129,636
1472488,44
1461331,46
1253822,45
1407561,49
1191571,31
1492538,23
1143486,27
1004907,26
1127961,22
1186842,34
1008262,37
1274142,33
1048054,24
1384843,22
1351109,22
1353818,26
1063035,29
1352845,24
1128433,604
1407888,555
1212422,605
1279701,639
1453508,2434
1349422,2126
1292070,653
1124122,653
1192277,2696
1413046,1966
1028748,47
1443200,81
1043603,71
1219673,104
1152131,44
1393223,28
1420107,37
1216873,35
1190133,42
1430193,25
1014965,128
1078132,45
1292424,38
1255258,7
1066079,11
1105879,11
1411353,21
1449547,23
1234887,171
1125678,173
1435855,178
1056982,162
1107898,163
1420115,176
1382425,226
1456487,226
1204895,219
1271507,196
1229377,25
1038196,23
1008268,311
1429686,220
1258400,71
1168925,45
1036885,65
1480686,303
1317736,260
1209072,271
1100649,307
1305444,294
1491431,279
1378334,366
1225887,302
1326777,299
1133252,240
1097687,38
1139498,41
1411557,41
1333045,31
1318193,24
1406669,24
1405764,26
1147888,25
1488755,25
1151189,284
1024790,277
1164052,283
1230002,274
1441669,298
1407711,290
1002962,356
1307976,366
1328697,393
1193459,312
1331356,253
1397910,212
1033866,231
1185243,298
1340832,201
1422405,206
1000907,266
1140986,240
1166061,228
1147826,208
1174075,44
1121861,45
1427424,44
1202501,37
1211307,51
1391383,55
1051248,48
1124427,47
1143781,143
1122608,149
1173756,143
1218630,114
1072974,286
1271370,294
1108945,195
1303182,183
1323756,168
1219727,155
1398197,50
1089695,112
1356105,91
1402798,74
1291085,62
1404814,68
1428083,96
1203717,61
1111706,56
1394938,36
1108936,72
1105792,73
1306121,72
1393546,77
1452330,81
1384949,84
1369516,86
1386732,99
1402801,94
1487219,78
1487448,276
1189549,236
1264146,252
1352579,252
1165448,244
1203426,226
1123527,290
1219158,262
1356081,252
1251853,221
1359239,79
1323864,78
1110355,77
1234810,74
1092030,113
1262482,125
1327710,152
1431000,95
1223860,108
1381768,97
1451012,562
1035076,561
1161618,536
1443293,604
1071762,602
1489624,539
1436386,658
1396514,517
1039985,509
1458659,410
1478260,207
1211763,100
1461264,137
1452748,147
1454882,143
1178109,135
1151588,164
1093068,182
1069584,173
1188384,141
1019856,445
1203766,429
1355799,400
1344056,405
1439488,390
1402415,361
1026211,464
1370612,379
1218651,361
1374767,301
1095558,23
1230790,37
1219964,194
1230004,142
1283749,24
1081422,22
1068866,39
1102942,39
1413625,43
1266101,43
1006570,48
1102106,39
1392645,36
1136584,44
1453858,45
1029171,27
1194113,30
1336189,275
1039864,188
1378231,211
1339671,203
1314578,208
1403828,196
1249231,243
1311330,257
1476081,245
1413988,186
1431384,298
1487673,277
1068668,302
1063833,286
1393194,663
1359636,674
1108677,393
1304133,314
1485109,325
1485137,248
1045996,89
1044730,92
1150354,84
1446291,83
1001106,68
1356071,73
1101252,93
1223036,103
1134987,103
1062304,79
1116597,36
1145893,39
1025496,38
1218778,68
1153423,56
1357408,29
1286873,32
1402952,29
1170957,26
1361706,87
1014000,74
1039951,70
1473600,69
1265560,63
1462466,80
1114666,84
1443948,105
1401506,87
1253336,77
1229602,31
1486505,29
1487852,25
1445743,25
1310175,25
1134018,24
1448035,23
1296975,53
1029539,60
1304389,61
1110541,49
1331960,58
1218721,50
1154883,53
1490445,30
1181176,33
1356273,23
1412186,95
1114401,109
1228683,16
1337833,18
1050850,28
1457667,24
1024014,27
1171411,46
1257636,53
1074009,48
1145515,57
1248367,66
1298875,64
1448070,52
1179183,53
1395822,43
1303811,49
1412306,113
1087455,97
1028514,110
1467820,59
1491649,47
1474249,41
1028658,44
1491544,37
1163145,34
1433035,98
1459830,103
1174361,92
1250822,69
1078406,92
1499791,96
1233243,95
1149972,90
1014740,77
1022510,74
1235837,88
1371786,77
1493420,92
1010170,68
1425445,68
1273778,67
1270680,64
1376166,66
1164762,46
1344143,46
1160893,140
1236978,144
1453878,152
1246866,149
1302283,146
1064732,141
1141248,174
1080727,152
1487939,146
1295266,105
1013660,261
1093949,648
1429810,215
1130721,252
1138486,270
1372175,259
1272747,1926
1182172,1516
1026845,167
1346301,178
1272184,29
1340133,26
1233411,26
1194326,22
1498415,19
1074808,19
1216412,22
1241604,20
1345822,20
1372115,183
1423689,153
1293491,167
1308693,158
1209311,162
1110021,145
1277171,182
1020754,165
1161508,172
1374528,122
1197461,94
1329651,95
1040737,92
1480946,102
1498109,89
1002703,86
1349426,91
1004288,102
1444755,102
1074093,90
1115748,536
1281521,554
1451363,550
1430974,609
1461605,661
1248805,658
1365062,777
1413517,794
1079468,967
1462434,722
1056092,22
1365006,22
1456089,22
1446786,20
1040817,21
1109353,20
1487989,20
1121159,19
1222840,132
1460813,137
1487066,123
1079005,102
1388676,149
1371072,128
1297231,112
1016210,117
1210558,112
1123675,106
1086030,151
1394115,673
1278363,47
1085675,66
1091432,100
1484666,92
1459972,1438
1025645,1167
1253204,77
1150554,47
1353589,349
1083761,359
1017978,355
1204607,398
1179263,417
1287664,409
1101142,495
1259598,491
1403541,513
1101243,422
1202680,51
1343708,53
1386496,71
1391427,37
1230052,41
1047182,38
1131586,38
1169082,37
1065210,27
1322258,32
1062507,40
1369946,38
1266139,40
1317106,27
1200557,29
1442391,27
1141389,27
1209068,21
1048616,25
1161399,55
1246499,30
1173875,23
1295803,23
1382915,30
1270557,26
1387232,278
1234509,272
1131712,282
1041891,288
1189265,1234
1242154,1086
1271716,536
1241557,414
1056516,2023
1103361,1555
1333733,43
1001630,62
1071359,63
1309758,73
1363781,48
1275758,30
1335742,26
1385596,30
1379435,38
1065819,36
1192767,22
1281501,20
1307572,14
1456322,17
1431483,73
1062258,70
1333906,67
1106524,65
1290036,63
1184862,72
1096073,85
1031537,92
1203109,90
1071558,71
1101932,20
1044801,28
1079827,59
1285141,84
1075442,11
1499597,16
1343162,29
1476106,127
1049161,100
1364913,112
1193107,104
1180048,124
1358834,111
1151399,154
1044081,117
1466579,118
1014859,85
1332396,31
1266400,30
1472252,24
1003603,26
1409616,28
1059512,26
1484676,179
1368949,171
1329321,175
1375533,191
1107947,197
1425745,186
1273134,223
1436258,243
1254725,250
1421375,193
1325792,158
1193535,156
1218040,167
1236341,158
1062111,155
1128983,154
1391564,194
1321495,174
1210468,170
1203757,134
1412587,24
1433116,26
1042053,25
1124635,26
1154252,23
1279658,24
1407745,26
1186723,32
1470954,33
1368908,27
1374038,119
1153248,129
1345956,106
1393237,93
1014560,140
1012199,110
1077136,107
1119709,113
1046854,107
1283164,94
1314508,67
1471054,93
1128581,81
1166222,85
1188988,76
1134994,80
1378089,77
1135823,66
1235260,33
1377286,94
1308546,93
1196922,94
1163908,96
1085465,97
1068315,89
1234038,99
1038950,114
1444536,110
1283324,100
1191789,144
1438073,172
1172474,197
1280261,198
1275016,221
1145855,163
1232971,241
1224224,199
1062528,200
1057817,155
1337490,113
1433830,122
1304337,118
1167678,116
1299855,143
1311195,154
1432084,182
1180256,131
1421002,147
1053628,126
1121324,263
1026413,284
1070072,297
1146493,271
1023501,290
1453489,258
1038965,306
1347849,239
1045776,247
1452750,189
1021010,73
1136984,40
1234163,45
1215779,49
1370085,46
1152832,41
1214420,46
1143861,56
1223574,65
1456445,54
1030306,199
1056828,181
1140717,194
1289609,170
1355546,167
1104076,175
1172744,200
1031169,167
1242193,166
1145750,129
1050897,83
1272957,82
1122296,23
1152640,20
1183320,29
1436037,47
1110617,61
1028234,53
1061389,41
1272403,40
1034465,37
1040003,37
1163226,503
1031803,511
1429552,485
1126332,485
1204816,487
1356232,450
1017032,546
1074980,592
1405502,557
1012125,444
1169730,497
1326969,527
1290989,524
1324687,519
1435521,1073
1424670,1342
1217911,704
1445424,618
1307778,534
1109546,459
1322878,190
1050289,221
1361083,204
1159200,215
1180812,200
1378506,212
1287932,232
1314601,278
1360376,317
1316856,189
1401754,112
1091471,100
1300817,102
1193216,89
1060409,108
1209654,100
1282653,117
1425189,133
1361061,118
1099961,99
1476887,50
1108169,51
1344879,45
1017490,38
1176469,86
1130081,65
1058797,40
1296440,42
1341876,34
1042340,29
1480288,90
1388976,89
1119648,96
1321873,100
1261615,85
1427961,86
1363989,115
1410687,137
1431485,135
1457142,120
1190838,32
1280906,35
1123939,35
1338164,30
1455555,25
1478284,28
1151232,25
1129758,28
1436307,40
1144232,80
1206831,62
1035382,53
1196146,50
1260615,43
1312498,75
1136753,47
1489232,44
1035832,34
1061276,217
1015088,201
1292002,199
1285083,195
1343995,211
1304918,198
1017601,267
1180813,258
1169611,282
1346633,243
1207310,95
1452410,102
1318219,103
1260006,99
1372927,104
1133760,98
1075937,103
1025820,130
1310403,127
1030704,101
1415287,42
1180965,45
1113679,284
1357660,271
1161674,27
1334489,21
1069619,55
1315618,45
1274761,35
1185715,40
1281482,231
1185994,230
1101359,258
1224536,264
1416326,411
1489036,413
1432032,454
1485473,255
1191888,318
1140077,310
1307302,55
1177684,73
1331883,66
1425911,119
1293866,72
1062563,38
1201874,61
1153088,52
1234655,58
1157099,29
1161036,159
1135545,177
1442958,177
1314621,123
1388384,196
1227978,151
1301241,208
1184839,164
1046279,183
1167856,162
1113162,84
1384889,93
1442329,95
1199138,83
1401990,88
1238679,78
1464254,88
1140293,93
1457212,48
1189272,57
1271696,286
1139577,269
1148826,314
1317428,275
1018320,275
1099215,281
1402594,340
1180246,295
1047356,280
1486518,229
1223600,407
1358943,1462
1092417,371
1198010,386
1048692,450
1184868,427
1302853,3018
1011499,2540
1413467,370
1233653,240
1434166,33
1432772,28
1496055,30
1399699,26
1037988,21
1104148,22
1193669,21
1279111,21
1121988,443
1115180,435
1008616,451
1359199,446
1466525,435
1060044,406
1237487,485
1445380,532
1070424,507
1324840,429
1210001,262
1406512,255
1476709,234
1469794,259
1227316,256
1434845,251
1026204,308
1325430,290
1311405,319
1487564,278
1012771,98
1492039,103
1409644,105
1069560,101
1230159,100
1451740,102
1223669,106
1480159,129
1329548,129
1008093,101
1240273,75
1245225,73
1103636,74
1309363,75
1095731,72
1444210,84
1270167,107
1040828,132
1271717,88
1112011,83
1123214,1430
1038791,1363
1134852,1374
1403461,1431
1002912,1531
1089089,1465
1082554,1497
1353572,1515
1015394,1601
1320654,1551
1450412,26
1346636,25
1142017,28
1232162,23
1258738,22
1440844,24
1355348,24
1047465,367
1052061,353
1246412,328
1305157,273
1412668,532
1196150,499
1023855,417
1497263,388
1163695,341
1447975,322
1083097,172
1181871,1666
1040695,84
1063801,117
1341226,152
1009874,129
1079968,1829
1331936,1875
1325121,127
1370183,137
1161630,899
1021993,886
1179517,863
1332254,948
1319159,1007
1356974,1003
1290939,1118
1401750,1125
1064767,1202
1070383,1111
1105919,65
1270179,65
1026319,58
1032990,39
1166528,38
1156987,41
1015916,27
1448825,27
1212228,29
1301184,26
1201561,24
1315874,23
1291984,24
1364501,24
1410066,26
1349184,493
1130619,438
1096780,462
1352350,538
1467630,1466
1225027,1847
1319162,742
1196160,577
1304965,2382
1163371,2010
1410444,51
1447902,95
1220066,107
1395996,114
1050155,54
1405958,37
1460942,47
1156794,44
1259715,46
1290300,29
1407667,110
1268061,61
1435514,64
1118148,21
1110023,28
1016117,30
1057728,24
1269429,30
1398750,27
1307215,38
1053207,173
1381358,171
1255638,190
1176118,182
1043550,183
1369209,166
1359946,198
1311666,194
1064580,204
1006230,167
1415441,20
1178941,329
1146905,218
1344481,39
1495378,32
1337557,46
1246312,258
1171690,283
1445691,291
1086007,265
1304601,454
1292707,303
1350725,357
1126286,312
1167983,303
1340967,235
1321976,37
1088772,39
1446950,40
1210886,31
1321519,26
1454833,24
1231250,25
1060841,25
1063119,25
1368987,26
1106904,105
1345120,115
1121990,110
1432624,110
1306602,110
1096748,109
1346881,117
1417343,141
1248441,134
1369427,110
1034885,241
1188905,237
1000505,234
1155391,242
1175738,254
1346234,250
1177275,310
1379838,327
1492943,336
1308976,279
1086708,218
1137260,200
1412405,210
1407411,214
1333872,227
1469078,195
1445891,232
1306540,215
1015130,207
1306586,178
1288584,116
1216944,116
1394355,112
1285022,106
1462965,103
1205977,131
1349950,138
1340917,122
1191343,105
1262924,92
1106662,262
1095231,280
1210181,198
1032488,175
1351353,326
1277125,320
1277374,337
1030600,270
1497254,242
1294314,233
1120835,63
1168918,103
1010155,74
1219862,82
1262985,72
1489334,101
1272770,69
1139055,69
1005607,54
1433314,123
1145467,125
1375025,127
1095276,127
1187504,141
1167315,111
1162925,146
1129751,165
1154706,156
1428567,138
1432009,206
1119531,189
1430629,215
1258284,285
1404233,177
1059406,194
1141667,246
1354571,234
1284851,207
1266965,186
1403343,205
1050693,164
1389483,179
1028926,185
1164432,326
1022069,321
1424160,361
1466699,218
1013907,281
1325027,222
1111122,751
1152573,656
1139647,626
1194544,711
1473726,737
1357020,709
1226117,837
1018768,653
1259325,633
1497891,491
1011931,321
1108509,112
1137755,136
1313978,123
1154103,161
1023140,158
1398600,164
1300190,176
1019457,191
1443796,150
1251406,488
1077955,482
1432633,488
1135634,450
1053800,463
1300651,431
1403400,514
1084536,463
1422024,405
1067466,344
1181335,34
1407215,223
1250390,156
1119553,10
1431014,20
1141140,38
1362663,24
1258340,34
1477586,79
1232549,74
1421415,78
1499661,77
1390906,75
1392104,69
1341715,83
1459707,85
1213952,52
1319632,57
1284837,689
1493378,676
1108062,644
1199115,615
1234045,662
1150824,622
1195695,710
1437201,830
1332203,781
1025247,640
1350211,1227
1108160,1102
1306384,1014
1301386,1204
1359640,2216
1065859,2867
1461969,1115
1456556,1130
1186540,991
1188205,847
1062543,413
1398189,428
1466289,403
1184561,438
1388769,436
1022676,447
1107883,550
1457400,562
1084848,533
1301668,447
1191468,114
1043523,100
1106934,111
1232746,92
1150178,97
1464884,93
1454215,120
1276479,121
1157583,132
1435668,104
1061430,153
1289127,154
1205864,158
1239910,143
1410666,291
1312333,219
1485353,157
1257696,149
1103602,139
1380060,109
1078789,114
1258021,105
1033797,132
1351003,109
1258210,105
1050711,121
1134300,145
1385089,130
1353835,143
1121782,117
1417469,40
1399537,40
1357556,30
1173518,32
1165681,26
1135715,31
1461113,30
1162104,93
1140483,151
1256636,120
1226418,110
1426747,128
1229906,98
1177248,145
1438430,86
1011649,94
1495463,83
1123146,500
1283686,490
1013187,489
1209472,522
1074286,535
1182203,476
1270377,622
1129511,531
1480157,607
1036327,485
1336480,126
1230167,126
1161027,119
1474084,120
1018008,130
1078258,119
1191793,132
1463167,155
1209802,163
1316201,139
1480252,45
1157948,47
1484457,276
1342379,256
1008085,31
1235730,33
1021989,52
1450107,44
1347721,356
1025278,374
1179188,360
1087166,360
1157826,518
1249459,682
1180417,871
1120848,379
1014416,383
1424299,349
1103877,139
1410995,197
1106286,181
1079826,229
1299309,165
1156239,99
1167739,133
1035520,121
1474882,119
1436002,93
1106947,111
1038730,118
1007039,96
1109602,81
1307498,142
1163586,156
1454022,140
1319449,114
1221686,101
1450663,90
1278837,114
1430956,112
1058059,116
1391914,115
1284694,114
1047034,106
1128200,129
1362834,130
1372825,70
1261755,69
1114322,488
1169375,462
1242200,467
1477386,469
1394203,488
1276366,450
1138700,526
1009855,494
1375467,464
1495420,372
1494572,766
1443408,2333
1046238,592
1046430,637
1258929,705
1162336,679
1119487,3635
1390966,3739
1207032,672
1277215,484
1350522,69
1137795,55
1002793,60
1461455,50
1171371,31
1322633,36
1164057,40
1440801,41
1490055,37
1193418,695
1198884,663
1410268,641
1319050,642
1201688,631
1309747,605
1445768,704
1161906,768
1010865,769
1362178,670
1335657,432
1371464,435
1322076,466
1192580,452
1315446,496
1477854,474
1198926,508
1206563,601
1342655,562
1290673,469
1223905,109
1266392,105
1291976,103
1164193,105
1394245,103
1414710,101
1006345,108
1152630,131
1332072,132
1387257,106
1099622,134
1224371,132
1078580,134
1354327,133
1069327,141
1290290,140
1036858,158
1410348,172
1330379,143
1065783,132
1185434,1696
1101049,1689
1101699,1663
1089294,1734
1480593,1749
1339799,1737
1261433,1902
1397430,1930
1083089,1931
1138673,1957
1088540,42
1085191,45
1338003,45
1203469,34
1255321,33
1178671,28
1061782,33
1346062,36
1088986,32
1410375,386
1103878,358
1415587,363
1320629,351
1259587,584
1435587,730
1222378,538
1148437,477
1307388,423
1203171,387
1023532,267
1429992,2210
1020444,246
1217757,195
1323110,278
1428418,231
1339749,2885
1300869,2869
1077843,272
1490233,104
1266519,937
1137275,1053
1266254,1012
1125205,1065
1282243,940
1265496,1150
1269069,1289
1421700,1357
1095834,1419
1175473,1210
1478221,68
1387281,62
1446736,63
1040382,62
1130883,64
1218824,54
1315250,66
1148711,67
1169207,38
1192336,38
1258982,65
1126069,69
1316507,69
1171598,59
1418313,51
1290649,44
1390837,54
1197163,53
1030401,42
1483696,37
1129265,73
1012371,65
1415273,71
1070312,54
1345540,54
1336029,59
1217162,62
1272790,75
1301604,50
1405386,1183
1167724,1142
1126396,1162
1237585,1297
1405719,2931
1406813,3514
1285817,1372
1386434,1524
1062686,3139
1258300,3449
1227192,92
1404963,147
1175735,188
1104176,218
1222583,102
1080833,62
1088693,91
1272865,84
1476491,80
1038852,51
1139472,105
1112793,76
1175594,79
1298517,23
1255481,37
1080589,40
1128383,31
1201129,47
1136805,223
1311206,225
1041160,211
1117290,205
1136497,203
1126149,205
1014383,258
1363114,250
1421040,250
1355617,215
1005745,278
1498006,233
1009210,31
1430653,24
1214827,54
1222373,46
1371009,34
1053905,46
1364079,262
1115318,261
1454707,274
1012151,405
1402108,312
1136298,319
1196671,368
1173061,346
1275935,347
1316352,271
1160060,80
1029300,82
1202641,76
1305385,64
1392013,58
1473273,52
1210621,58
1385103,58
1483936,53
1127484,44
1334472,128
1364248,126
1349737,131
1487287,125
1426756,131
1459447,126
1224526,140
1127290,169
1114943,171
1179480,143
1353114,623
1253464,626
1242076,633
1340873,673
1412456,680
1210302,699
1404230,852
1199301,918
1323295,932
1325558,859
1435797,220
1230293,309
1476138,333
1378907,419
1463942,314
1066858,322
1141573,364
1482473,348
1315422,352
1154170,293
1098408,93
1466943,95
1001101,101
1219612,94
1165887,93
1125271,87
1413674,102
1425133,137
1104431,103
1468731,86
1268382,185
1212416,178
1258074,185
1443392,161
1297279,252
1354271,355
1349257,288
1085416,269
1458913,239
1392222,198
1252749,145
1205708,221
1268510,199
1407369,182
1305864,203
1396943,186
1399299,252
1314371,162
1099354,180
1339781,145
1091951,196
1414650,199
1122981,198
1030360,218
1272696,200
1146788,204
1056095,246
1406516,258
1021686,251
1005332,227
1225674,239
1334883,320
1138288,341
1175267,366
1463904,352
1357643,303
1361886,389
1115214,335
1440633,336
1173767,286
1195122,196
1078493,230
1327218,221
1076853,211
1416374,321
1383696,461
1028933,620
1161361,290
1073713,278
1287364,234
1363184,795
1199993,756
1497719,730
1027254,960
1033201,994
1105714,941
1088152,1196
1105750,743
1001499,817
1445468,658
1171323,523
1164578,245
1457732,292
1305267,308
1051084,279
1356816,276
1374452,333
1464106,350
1165966,379
1439454,330
1405793,632
1087935,570
1482706,587
1391417,566
1352442,591
1445173,534
1194190,645
1492896,600
1044219,523
1047140,447
1270897,31
1314522,43
1377865,333
1347818,222
1124731,43
1487297,43
1378911,35
1461034,40
1172455,94
1256536,93
1089322,102
1155514,99
1086787,102
1322050,88
1314452,102
1397380,112
1127289,63
1205071,61
1051139,223
1252119,127
1442758,155
1316588,138
1026142,144
1456297,126
1303542,153
1376226,142
1124573,150
1214594,93
1413230,135
1288873,128
1497306,137
1045529,95
1211162,337
1363689,349
1353804,273
1224929,140
1087629,355
1007589,222
1158737,77
1372362,66
1219920,72
1103872,58
1397755,66
1402368,66
1481384,106
1303248,94
1493585,103
1207746,63
1141137,23
1087160,24
1159717,27
1474172,38
1162341,45
1131373,21
1459844,23
1246489,95
1496832,92
1383829,99
1252476,80
1249332,84
1480810,80
1096564,113
1298371,122
1482350,145
1239703,130
1314748,15
1145540,13
1351129,14
1029384,16
1102053,38
1078797,63
1270116,49
1195405,45
1431006,38
1036045,49
1323407,34
1071612,46
1412128,49
1329839,11
1122832,62
1160992,106
1198402,114
1311634,122
1475918,93
1310608,48
1402246,50
1148436,50
1156317,36
1413495,91
1392268,96
1223784,89
1230218,67
1277563,75
1129549,66
1036213,89
1038824,83
1202518,73
1059545,61
1011440,227
1477503,178
1130262,161
1346600,141
1339163,150
1204193,153
1159117,186
1210989,153
1392125,144
1469797,105
1359351,468
1090440,1036
1398868,468
1370143,410
1312652,471
1299021,451
1105415,1884
1243449,1875
1372564,370
1123616,294
1278640,26
1161784,219
1274462,114
1110391,130
1083245,110
1321283,119
1249754,99
1053779,124
1034869,142
1429223,133
1479594,74
1065649,21
1247475,22
1017376,20
1069813,21
1146173,28
1046576,35
1070359,31
1261208,22
1295739,135
1371494,147
1242910,135
1297462,154
1408420,175
1468795,158
1322980,212
1278810,248
1286425,267
1287421,181
1137875,117
1066080,100
1421641,98
1365140,87
1095442,112
1076755,106
1404791,110
1035671,108
1431880,99
1143822,85
1233267,170
1394833,488
1179749,166
1296432,146
1442048,141
1285582,148
1402829,1275
1272532,1219
1484749,190
1118851,63
1009685,165
1103790,169
1081466,156
1067689,183
1320892,191
1425915,189
1265570,235
1117394,259
1131780,268
1242389,172
1049606,23
1345251,23
1033602,21
1353342,19
1099601,13
1242070,15
1165673,20
1272610,49
1304675,26
1111610,21
1103610,17
1119849,19
1025188,51
1452732,22
1198164,252
1159741,248
1495381,274
1279465,268
1089873,710
1126918,796
1193654,439
1392600,359
1007620,1350
1046609,876
1089220,53
1448499,81
1480977,61
1165626,89
1400690,78
1398185,50
1287476,35
1002446,30
1280812,26
1496509,22
1411840,27
1333737,26
1455813,19
1032114,14
1202461,64
1224855,68
1453460,82
1241492,68
1049602,72
1235695,61
1474850,94
1228447,116
1128513,85
1193256,82
1339264,36
1358351,30
1032540,17
1143118,21
1064557,164
1040647,158
1429401,167
1220103,160
1044804,179
1359148,170
1329120,197
1459893,189
1285114,194
1105654,144
1190701,22
1351946,21
1042350,20
1484593,18
1121456,18
1019250,17
1291968,17
1147536,15
1474772,71
1016615,75
1018551,55
1480247,64
1395898,67
1448266,55
1231701,80
1012670,99
1240287,97
1463854,71
1093731,470
1269050,522
1023961,496
1388114,453
1175925,478
1109214,441
1095490,532
1430226,473
1479522,453
1349727,360
1030237,20
1225930,112
1385412,114
1107223,106
1006102,91
1053334,114
1464589,98
1030302,113
1274071,114
1260736,99
1133680,87
1065468,46
1467769,74
1032172,65
1115458,52
1266940,61
1443467,52
1173395,72
1332233,61
1042157,58
1130326,37
1094332,22
1433395,25
1180934,27
1060487,28
1171147,28
1375433,35
1006863,40
1114839,40
1048552,32
1249809,388
1460215,431
1098302,418
1018556,368
1153013,401
1406628,374
1493850,451
1367571,389
1142375,375
1125901,310
1470260,31
1216773,29
1346299,36
1463665,39
1269039,152
1472378,139
1484598,153
1422402,146
1398699,147
1143869,146
1347349,165
1309756,127
1462779,135
1339369,86
1335552,22
1309956,19
1093896,24
1284066,30
1483726,35
1258953,23
1391442,143
1074147,142
1098053,151
1169805,134
1032075,134
1322932,133
1402445,148
1165145,131
1479434,122
1103124,89
1449517,9
1078767,17
1040825,170
1281373,87
1451370,120
1247939,130
1138400,109
1229203,97
1072744,123
1009271,116
1238845,120
1139373,61
1253878,362
1433742,350
1271361,343
1318816,319
1013289,903
1360747,1014
1245642,367
1145973,356
1219376,374
1211106,258
1114881,49
1037344,43
1030428,39
1312113,44
1000666,34
1146575,37
1350267,50
1384048,53
1331565,56
1166954,47
1333239,42
1009910,47
1435998,39
1271673,35
1066592,60
1220416,54
1473341,34
1224761,32
1214246,29
1110589,26
1262540,32
1323752,36
1343272,41
1008406,49
1426204,45
1423852,51
1340706,53
1362799,59
1018544,55
1317712,33
1180122,33
1379374,31
1210748,29
1314686,27
1226697,26
1485349,29
1278322,27
1279690,25
1299263,23
1428130,61
1287120,56
1441706,56
1496140,37
1023202,51
1224457,32
1307990,52
1393706,35
1476089,35
1240676,37
1345447,38
1457860,33
1248698,121
1138253,106
1176245,33
1075398,26
1438275,40
1055999,37
1293041,36
1011525,28
1401432,146
1465418,139
1483716,137
1378475,131
1032528,165
1090692,175
1207091,206
1302076,149
1109560,159
1235803,156
1213514,67
1285974,85
1406254,56
1208820,72
1482217,50
1195960,41
1342435,48
1237820,49
1429024,36
1266035,34
1046904,92
1371198,94
1332404,87
1472665,74
1463208,122
1190516,111
1180232,97
1248961,95
1471954,82
1148848,73
1156598,96
1473807,97
1131135,107
1342618,83
1034517,81
1029594,72
1331308,85
1395057,77
1473348,60
1288937,53
1441890,194
1452815,195
1050471,202
1319582,180
1495342,191
1125330,184
1274663,225
1311575,186
1339048,182
1085391,143
1403092,323
1126737,550
1261324,276
1472510,297
1442794,312
1029656,306
1335249,1888
1283680,1713
1379654,265
1273760,170
1191899,18
1476984,18
1289334,18
1114108,16
1141281,17
1346518,16
1401883,16
1145177,17
1247809,149
1233056,90
1288355,98
1030091,83
1325706,78
1136765,75
1159283,92
1165972,108
1452428,84
1019402,45
1483718,155
1423393,156
1471097,155
1051052,157
1022326,153
1013503,148
1425115,186
1479423,182
1454891,178
1468117,193
1296483,300
1265643,316
1243332,319
1017985,343
1002910,390
1214298,374
1265634,482
1490788,495
1054015,525
1394286,424
1148358,23
1096127,24
1396438,26
1335466,23
1472716,22
1357170,22
1151847,22
1124932,151
1263980,155
1405603,140
1457882,125
1243722,145
1418093,194
1268970,159
1175091,143
1179357,140
1411541,125
1195341,149
1343858,694
1149711,78
1381929,102
1434781,133
1435147,125
1075399,1429
1215485,1284
1205968,108
1423129,84
1159992,303
1349938,298
1440017,276
1021112,325
1087316,328
1382875,315
1223460,385
1140043,398
1358812,428
1384056,339
1342187,62
1283499,81
1236942,82
1188311,60
1441301,58
1306594,50
1216717,56
1067885,52
1282886,36
1000233,36
1311852,74
1222345,60
1378449,34
1100820,31
1423483,31
1412050,32
1062359,26
1329444,25
1083984,48
1120774,36
1396398,43
1380584,30
1193984,22
1038260,41
1096751,45
1394382,35
1362855,27
1365771,313
1210842,342
1244960,351
1303233,698
1284547,2090
1161437,1702
1317740,430
1086077,379
1016409,1977
1188996,1471
1278915,60
1468021,69
1087191,87
1461999,54
1427004,41
1432803,40
1150675,36
1303708,69
1359559,55
1064015,45
1284449,26
1030923,33
1435938,31
1060856,27
1412869,29
1335568,27
1035831,25
1217335,39
1124524,42
1294240,45
1370016,46
1427371,58
1297702,40
1108874,69
1294741,74
1011365,65
1052867,23
1011799,41
1375108,54
1064800,25
1252259,30
1238568,26
1056683,110
1483536,117
1480346,142
1298778,113
1198542,135
1391592,124
1330306,137
1276537,130
1402353,126
1416208,96
1054533,37
1157714,34
1375702,29
1404614,27
1365090,25
1464373,27
1414357,27
1259160,25
1257518,125
1086855,121
1155554,119
1492370,121
1148565,137
1253739,127
1487411,153
1332302,174
1314671,176
1103515,116
1122707,227
1103679,253
1248120,252
1135939,238
1412925,231
1040396,221
1265718,275
1170956,246
1175645,232
1132794,186
1056722,94
1177655,90
1484447,87
1169645,89
1323495,82
1457994,80
1155386,89
1409690,99
1275226,93
1430027,81
1097512,118
1278606,111
1182176,98
1401690,87
1294690,171
1008247,159
1180958,103
1236313,108
1474566,101
1243283,85
1143378,47
1467572,55
1395698,44
1056127,33
1153514,46
1097871,31
1446962,49
1194289,32
1251230,54
1240222,23
1111500,95
1165860,97
1317781,101
1135395,106
1059630,102
1043255,103
1287061,118
1115066,132
1196696,125
1466154,152
1404278,176
1218127,194
1357828,191
1286946,186
1159274,178
1178338,174
1481479,211
1284324,195
1116325,186
1112007,137
1289683,130
1000119,133
1162607,118
1135134,131
1067483,158
1103070,173
1191139,209
1365136,158
1051164,170
1385999,154
1008440,199
1359692,174
1010337,188
1056526,180
1321568,184
1219292,180
1433307,209
1061618,162
1276246,166
1202816,129
1160436,115
1305800,80
1023318,100
1367061,101
1335602,93
1205053,92
1372471,101
1029950,118
1326414,118
1279850,100
1227875,309
1069980,304
1495290,305
1038896,276
1349870,272
1442117,281
1199882,318
1499647,285
1326814,266
1404384,218
1200189,27
1031655,27
1123469,33
1492791,25
1293873,39
1127793,31
1026804,30
1331929,32
1327940,82
1466241,86
1330314,84
1383693,92
1088604,78
1020884,68
1490846,82
1313483,70
1131997,56
1143391,52
1425882,433
1435973,334
1255329,344
1269710,319
1094190,332
1290576,288
1457996,369
1343838,365
1193872,355
1172875,279
1263016,407
1142936,399
1144128,411
1300682,363
1366778,972
1270725,791
1305979,462
1337785,435
1048223,381
1261923,303
1410135,239
1357911,221
1362697,228
1435716,211
1116399,220
1082279,212
1320535,259
1184574,245
1355189,286
1300394,212
1274108,52
1146546,46
1042812,42
1478834,35
1493024,69
1225700,64
1034437,31
1310192,37
1425307,28
1420788,26
1265438,153
1381530,134
1377302,138
1042953,131
1463037,142
1290141,133
1216489,169
1023277,169
1014891,162
1036389,139
1123588,27
1137982,23
1290815,23
1313954,23
1443431,24
1022780,23
1258137,52
1409965,68
1278238,65
1425828,50
1217136,58
1003704,39
1255164,67
1395186,38
1115897,31
1138371,48
1232649,46
1019322,228
1469891,214
1299342,28
1362461,26
1018204,51
1370089,46
1191951,42
1216596,32
1319105,65
1293933,61
1442076,60
1074410,56
1412637,74
1377213,74
1325614,101
1058873,73
1201538,74
1090414,62
1092006,98
1113366,156
1493948,142
1120175,191
1137339,66
1356946,52
1372407,55
1486442,56
1302946,47
1172140,35
1082298,132
1150221,143
1397772,128
1140032,105
1053049,151
1349760,151
1445268,137
1309908,131
1016495,125
1441001,113
1443270,265
1030388,263
1166420,280
1096295,238
1274331,243
1002232,246
1354780,301
1479882,282
1385985,264
1149204,199
1057623,331
1412835,871
1420561,293
1112700,301
1351941,322
1061668,319
1310851,2426
1304053,1882
1352827,175
1105191,185
1073338,38
1260742,30
1205947,31
1028104,29
1021162,21
1208304,22
1265589,25
1069778,24
1220154,295
1085877,239
1246917,271
1396429,266
1318103,260
1113641,231
1310037,299
1383149,271
1008601,279
1318291,204
1038393,102
1108100,101
1452155,101
1346627,103
1171357,112
1472644,95
1419717,109
1051295,122
1129172,117
1259575,100
1450701,390
1224760,366
1363494,365
1324577,429
1491314,459
1158272,460
1412751,563
1112151,570
1219827,769
1187185,659
1438649,21
1482787,21
1492355,24
1080700,21
1303897,21
1071840,18
1007028,17
1266357,197
1001960,216
1123252,201
1014522,199
1276354,396
1493476,295
1109491,271
1473460,242
1077871,241
1288980,210
1324265,140
1035112,837
1052770,133
1277335,127
1215978,153
1063075,138
1436856,1396
1448738,1227
1464317,122
1254705,99
1119729,394
1178379,389
1168706,389
1171672,436
1432899,436
1268541,436
1006145,535
1441960,563
1183895,716
1460906,592
1188111,65
1228717,61
1140317,60
1331594,42
1292643,43
1449768,42
1028507,43
1127166,33
1334493,26
1004715,47
1226758,48
1297773,47
1230585,59
1158190,62
1328451,41
1493704,41
1258825,42
1361685,42
1480130,42
1116522,358
1408421,338
1186097,395
1092362,405
1477329,1670
1453733,1245
1173815,515
1227706,436
1390410,2380
1133184,2188
1379437,46
1064876,78
1087207,90
1221083,99
1435425,37
1217777,34
1472769,36
1425021,36
1323453,31
1357754,23
1403993,71
1341505,53
1412612,47
1088156,21
1470729,32
1454734,33
1276891,22
1017785,27
1029297,23
1011377,25
1414821,149
1244720,154
1129605,164
1189914,147
1327944,154
1139728,152
1157061,186
1248368,201
1468695,188
1223120,167
1298566,38
1438231,35
1019113,196
1331921,153
1387698,22
1411389,26
1469298,49
1004343,39
1008761,39
1325331,44
1212642,120
1294647,113
1241369,127
1217149,117
1032147,137
1219775,123
1175440,142
1182013,138
1213041,137
1271942,100
1337117,31
1245831,33
1053654,32
1197171,26
1144802,21
1043869,16
1381072,20
1171071,19
1048783,17
1463108,223
1001682,228
1286957,222
1083317,235
1413058,252
1145683,233
1175281,310
1145346,314
1036709,408
1218544,333
1101610,344
1351558,399
1401050,406
1062617,372
1307656,369
1206410,347
1490925,400
1391911,371
1340955,336
1226464,297
1018136,57
1029029,59
1465478,55
1288816,54
1274958,50
1233905,50
1432851,58
1004906,63
1109687,50
1110286,186
1233965,204
1430108,176
1241891,165
1350034,334
1302694,292
1075807,250
1342142,230
1000429,229
1103152,191
1055930,92
1156896,111
1127311,100
1000085,97
1228116,101
1074082,76
1226267,95
1207668,82
1482926,83
1462202,67
1451314,118
1241621,126
1439785,123
1128198,126
1247376,128
1230053,122
1007110,139
1174598,152
1069511,148
1382684,129
1315755,297
1393509,322
1193820,334
1419813,319
1395058,279
1476749,285
1089646,338
1008397,304
1202688,291
1118090,234
1361990,128
1338782,124
1199873,132
1452537,130
1378521,163
1125415,160
1005390,188
1044864,144
1337110,159
1367705,142
1023497,325
1420872,341
1297788,339
1050978,327
1476707,353
1135907,324
1294289,394
1439672,291
1005400,306
1106965,219
1375660,85
1214818,54
1446657,63
1139069,66
1080378,64
1225400,58
1087184,64
1002928,77
1082837,77
1303408,64
1342222,309
1300602,298
1441282,287
1217675,278
1108498,273
1110838,279
1397560,311
1373044,284
1245969,265
1099449,220
1430079,30
1476280,134
1259451,116
1193717,27
1351136,22
1345768,34
1222106,28
1162888,29
1013213,419
1379891,378
1259771,381
1312682,394
1264722,375
1419650,363
1100432,448
1154554,409
1197778,385
1451525,313
1073524,762
1492503,727
1097156,705
1036028,722
1250001,1726
1450557,1542
1090506,827
1032054,834
1007532,781
1207482,632
1204818,96
1250170,92
1433375,100
1227077,112
1348980,83
1206710,75
1361864,98
1302647,104
1441050,111
1144575,92
1182843,114
1261157,110
1076108,104
1244122,99
1469746,158
1254766,140
1064331,99
1137161,95
1037024,79
1176682,60
1333742,45
1206421,46
1199447,47
1437393,52
1095013,62
1022502,40
1096667,79
1443356,75
1021862,105
1219773,55
1001694,39
1458319,38
1453928,34
1271876,30
1223179,29
1491332,29
1398619,30
1262833,85
1035721,114
1309705,108
1176972,89
1258259,101
1095494,78
1379760,106
1486057,103
1210597,59
1003757,52
1297446,47
1203897,178
1149983,182
1001057,41
1146776,41
1180036,60
1478663,50
1312163,55
1132288,35
1491279,158
1484227,155
1291300,157
1152408,158
1453476,330
1198342,338
1244347,299
1324684,219
1044984,208
1346952,181
1316400,184
1083200,284
1048200,234
1258790,255
1373316,220
1446348,211
1151739,187
1045943,197
1070522,174
1033219,152
1371044,138
1179641,142
1068951,122
1154773,105
1206027,101
1252042,101
1438934,114
1220519,117
1168203,111
1015629,98
1196482,147
1282002,155
1056173,156
1086341,120
1321524,126
1011877,117
1046443,124
1378361,127
1047794,92
1372137,79
1080908,291
1384303,289
1303454,285
1136324,278
1396390,272
1078618,258
1251281,307
1272811,288
1137638,272
1037638,210
1209858,568
1296504,1211
1089951,629
1418192,595
1303765,622
1101167,590
1126491,2532
1346249,2498
1329704,551
1020188,434
1054299,73
1407581,65
1151268,65
1243764,63
1061269,43
1115069,43
1278926,47
1178509,46
1266557,42
1473804,39
1272751,190
1087871,166
1476514,176
1328253,164
1370622,156
1113809,147
1438925,187
1389329,194
1108768,182
1081595,141
1075131,297
1309581,296
1043060,284
1363133,302
1024818,340
1376229,291
1493527,328
1389102,348
1355724,353
1215039,320
1268331,398
1030648,404
1033468,397
1452010,441
1164883,494
1265395,471
1214244,592
1307226,654
1425834,656
1105463,536
1037477,61
1451848,60
1203271,60
1010063,51
1167197,44
1252536,45
1344470,48
1252711,48
1066432,44
1086268,209
1320108,216
1091017,208
1457179,189
1173309,209
1349037,207
1085442,243
1196756,214
1173632,214
1331567,186
1222963,264
1499679,480
1010515,274
1025362,274
1230047,255
1374924,233
1373130,1986
1381535,1839
1069435,224
1255737,180
1058344,347
1414470,340
1252992,331
1115685,501
1421486,495
1320342,550
1021911,545
1251776,413
1320427,141
1031538,137
1489660,144
1452051,113
1227420,108
1144362,99
1331426,116
1040158,104
1255792,71
1378330,62
1302794,82
1411915,105
1302369,57
1134484,59
1419727,48
1321403,69
1028769,53
1313984,43
1056035,67
1221682,70
1002568,63
1255054,58
1181530,53
1247660,39
1151461,50
1043385,52
1154027,53
1313337,51
1449237,722
1420866,694
1230996,771
1036444,832
1158613,1501
1317168,1387
1066661,1143
1385189,968
1327428,2031
1212895,2043
1110618,145
1085758,170
1133637,212
1184081,231
1410147,142
1292973,145
1373391,126
1318034,116
1066826,97
1041770,81
1128915,76
1036796,63
1495717,54
1238113,28
1252052,34
1448172,42
1064804,31
1097704,30
1017698,31
1489247,28
1043262,56
1065768,61
1113838,56
1471676,60
1476130,74
1291979,42
1394751,82
1393045,52
1448276,46
1370348,48
1286862,178
1442399,129
1489786,44
1129044,34
1379305,55
1216016,48
1228377,52
1387910,36
1352055,178
1426244,162
1123307,166
1187131,164
1016479,158
1478596,164
1394265,184
1162586,175
1058953,170
1276377,125
1360068,79
1371280,82
1023669,78
1219542,77
1316408,70
1013880,66
1064488,72
1079799,68
1427116,57
1215881,43
1417277,184
1206235,192
1105979,186
1299770,197
1472997,209
1247176,191
1035903,239
1016929,275
1100790,291
1479035,208
1474849,359
1429831,327
1298145,342
1009025,339
1219314,338
1019977,325
1326829,384
1343998,356
1052262,373
1402114,286
1184166,147
1100491,158
1173954,162
1102454,169
1014336,143
1386947,150
1488697,174
1036702,201
1098488,174
1359565,149
1254718,206
1096729,207
1369718,185
1217617,175
1286578,164
1437847,156
1322492,193
1309498,181
1137040,177
1461366,153
1343254,131
1106393,158
1440560,122
1229099,117
1141119,127
1076364,99
1344236,124
1264716,120
1145320,114
1227743,94
1228572,325
1435819,331
1041203,326
1328928,327
1331644,339
1058015,341
1082947,394
1238939,417
1158689,411
1321731,364
1146271,375
1265318,342
1482215,358
1033033,346
1056742,332
1312218,320
1156082,388
1014030,363
1335399,371
1218567,288
1408337,255
1288784,250
1178037,252
1322672,279
1126772,466
1021990,460
1024324,482
1066118,402
1389581,366
1174172,318
1263405,409
1094102,386
1111871,392
1328174,416
1353691,406
1333805,386
1481693,438
1277844,359
1327740,368
1180851,263
1489645,352
1297802,141
1439742,177
1261421,166
1294183,179
1395845,181
1052419,209
1373422,227
1420267,233
1262326,207
1094044,486
1201394,493
1428524,471
1141719,466
1385522,451
1083350,440
1443671,522
1453498,478
1107034,431
1388982,371
1348122,48
1195043,129
1023820,84
1277956,41
1326556,36
1338236,45
1328575,44
1281640,41
1273491,36
1068138,130
1232383,127
1198565,130
1013266,103
1172129,108
1239868,102
1177634,113
1094700,129
1010401,80
1374959,73
1261815,271
1205802,179
1158437,192
1185619,176
1387699,190
1241704,167
1215503,223
1239569,196
1026880,189
1144032,131
1183974,145
1141626,150
1366149,147
1291788,156
1102782,246
1354607,216
1487646,194
1042342,161
1113528,150
1356527,119
1218491,56
1484322,64
1151767,58
1379516,89
1093013,85
1131842,84
1379192,76
1164653,25
1293396,28
1272003,25
1037765,45
1001642,42
1414348,24
1143714,21
1471305,22
1133739,85
1008228,79
1240884,86
1411585,76
1497767,82
1401894,73
1209535,97
1456302,107
1246946,103
1147337,82
1177147,14
1051057,14
1233695,15
1239403,13
1060753,35
1119891,59
1069032,54
1229488,52
1055325,45
1390803,58
1475741,53
1278947,45
1388606,40
1371081,20
1222683,39
1241053,18
1203040,13
1190765,22
1271271,20
1303527,22
1389418,18
1053095,26
1365299,28
1406978,57
1371746,73
1241146,71
1389119,76
1431115,59
1457241,35
1424409,35
1335563,34
1401836,29
1266690,27
1478944,82
1438086,91
1368420,72
1289617,57
1405882,84
1004738,66
1305073,77
1005418,69
1423957,63
1132799,53
1023989,132
1005046,136
1348128,137
1150426,130
1079960,132
1141648,125
1056058,148
1310662,137
1205504,125
1128779,93
1399692,142
1110338,286
1344252,127
1433165,132
1359495,121
1221849,164
1465226,901
1141860,1115
1208459,138
1278981,60
1455218,21
1312752,16
1226109,13
1146029,14
1080487,12
1053540,187
1134540,144
1102820,144
1029112,140
1252841,134
1447963,119
1345192,143
1487792,137
1167627,144
1294557,103
1004475,26
1242141,24
1385315,26
1234172,23
1144864,30
1311445,35
1030912,36
1493213,29
1243020,263
1433764,286
1124103,252
1031825,284
1437782,339
1087645,317
1185456,385
1450862,411
1465438,428
1035890,333
1453860,13
1041241,102
1110918,100
1323227,94
1136649,85
1456699,117
1366403,101
1324878,108
1049721,109
1326657,100
1478019,88
1393811,35
1207811,185
1106883,45
1258707,37
1145823,42
1359971,772
1368559,819
1373869,23
1424334,13
1416839,198
1218844,197
1170492,189
1091303,217
1367373,241
1241826,230
1023270,293
1495450,312
1383578,325
1482218,242
1444590,30
1399766,38
1115507,24
1273428,18
1242533,19
1053728,19
1269124,20
1300935,16
1498558,26
1339600,23
1120015,23
1448047,27
1058173,31
1439659,30
1072117,148
1318647,156
1421019,173
1477029,182
1013006,598
1278451,462
1109484,239
1107714,301
1168641,995
1499828,773
1470180,30
1107668,47
1040244,62
1337508,72
1287186,67
1099744,32
1283746,28
1444198,35
1202765,31
1199433,27
1080300,40
1486308,27
1059653,18
1474599,17
1384693,58
1322554,64
1178760,70
1280994,62
1169970,62
1215801,59
1373619,85
1093145,78
1293553,86
1059909,69
1045506,17
1195197,30
1165390,28
1185989,20
1309434,17
1247782,60
1155368,65
1150198,62
1287438,70
1473418,58
1473086,77
1415610,68
1323180,64
1060321,46
1008295,22
1406013,21
1161177,21
1375519,19
1090722,16
1048023,16
1443046,16
1148002,16
1238277,16
1172788,62
1393553,70
1035358,62
1299647,71
1272919,78
1334372,60
1159056,83
1302378,100
1190534,108
1011587,71
1268964,172
1082167,227
1462810,246
1311154,195
1364772,242
1193167,195
1180673,248
1139384,222
1445987,198
1324588,174
1415824,110
1363283,110
1419755,101
1086173,87
1413277,123
1016959,102
1483464,107
1395407,107
1158140,95
1167044,86
1473056,82
1248411,94
1087749,72
1270524,74
1470352,82
1047720,68
1296849,85
1433596,58
1078212,69
1075257,43
1171351,32
1283654,33
1123687,37
1304243,34
1484480,33
1135766,45
1267957,50
1050543,45
1144794,35
1326956,136
1188873,155
1112492,179
1413955,168
1259051,187
1478797,145
1196861,196
1337536,170
1244907,157
1088470,124
1139397,40
1342523,39
1218415,38
1332894,43
1115820,47
1310215,48
1438038,61
1301300,51
1207357,52
1049307,41
1489999,177
1333839,167
1394740,180
1208062,171
1105498,185
1345238,161
1171401,188
1186923,153
1405756,150
1352556,107
1210059,52
1349592,31
1391378,58
1290510,40
1169717,119
1166085,113
1142943,120
1091779,102
1457944,100
1452906,98
1420162,114
1331177,100
1081036,84
1230194,53
1289562,53
1494991,52
1330838,23
1111071,23
1390004,280
1131461,163
1355543,192
1346717,161
1299881,189
1407705,148
1295754,205
1383355,200
1466509,181
1119188,135
1033089,464
1318359,471
1298800,484
1321396,433
1068992,959
1142258,709
1272163,572
1187745,470
1156399,476
1044889,366
1057232,46
1320833,55
1369479,43
1006298,39
1064762,36
1129316,39
1035694,64
1470238,80
1083401,57
1370288,49
1375236,69
1295197,63
1376197,61
1113687,52
1041821,118
1108999,94
1171733,55
1416057,54
1195673,46
1227566,39
1319822,52
1473225,53
1002219,48
1427842,41
1356650,52
1312521,54
1343939,58
1224754,65
1361200,67
1375139,62
1261700,29
1432738,29
1316698,27
1180814,26
1168545,25
1321009,24
1424621,69
1210629,78
1141894,78
1457583,70
1375272,49
1475274,71
1318787,42
1115387,48
1354710,36
1117073,31
1021595,144
1153428,105
1153751,32
1436928,27
1054276,36
1037192,36
1026121,35
1281292,30
1342195,60
1384634,66
1360973,65
1448657,67
1210194,87
1463652,94
1356887,109
1456771,77
1005761,81
1263233,66
1081095,125
1295977,165
1490516,172
1045075,171
1484827,105
1336250,74
1158108,77
1336818,73
1433602,59
1330516,47
1119881,110
1489802,112
1161807,103
1483303,89
1017142,125
1063060,92
1066390,116
1199793,101
1285908,99
1014062,82
1090029,88
1100027,93
1168048,89
1122277,86
1239782,84
1274801,69
1150293,79
1050718,78
1187229,61
1481854,44
1115935,211
1379826,217
1034449,218
1494433,199
1314973,202
1299718,195
1050411,241
1313326,196
1457605,183
1028118,146
1163547,383
1222222,895
1144242,387
1092325,368
1271702,435
1149836,372
1345268,1417
1261549,1707
1220364,353
1098869,306
1098789,36
1463302,31
1151283,22
1417011,23
1004415,22
1025892,22
1295957,20
1256602,170
1294220,101
1119592,121
1280859,105
1375368,105
1130751,87
1273306,114
1040504,120
1282341,123
1070446,75
1198253,177
1095728,183
1212520,177
1421593,176
1288418,184
1311286,177
1289986,216
1421436,220
1379297,225
1206791,193
1161084,314
1351984,316
1196384,300
1231951,347
1004647,387
1441493,367
1337172,575
1127689,557
1321298,556
1475476,414
1449997,25
1258363,26
1058379,22
1407103,23
1453903,25
1281020,23
1431191,25
1194658,170
1029622,174
1317286,167
1226194,146
1239666,157
1088324,150
1144598,171
1085401,162
1230963,159
1286715,139
1089771,195
1390452,292
1095968,199
1070305,180
1183331,180
1327461,172
1069534,1534
1292884,1505
1133018,156
1134748,97
1401228,241
1495883,221
1186113,235
1452283,254
1478258,275
1197751,270
1124970,325
1131633,364
1414498,382
1453888,266
1209279,74
1373404,82
1013139,78
1340194,59
1129388,58
1441579,51
1335268,54
1128265,60
1136500,38
1246191,38
1276289,73
1435279,63
1162830,58
1073000,37
1401183,43
1072044,36
1035271,46
1085183,44
1176711,29
1395665,36
1070135,37
1463031,28
1483255,20
1318108,30
1413088,28
1375547,29
1398482,30
1140432,31
1157084,429
1071457,409
1355774,436
1265739,459
1074567,865
1448820,1276
1348391,672
1427610,574
1400131,1980
1405867,1474
1228200,95
1057561,107
1080973,105
1041492,107
1027189,64
1475924,59
1310318,55
1010555,53
1467609,43
1321932,36
1356983,59
1262915,39
1242479,41
1016202,20
1130121,25
1200066,24
1290975,21
1353668,40
1394143,42
1065122,49
1128401,38
1353148,40
1377111,42
1091560,63
1357578,69
1332402,88
1031326,56
1276097,25
1284109,25
1267460,90
1198100,78
1270388,26
1308702,31
1280892,97
1362773,100
1288832,128
1326830,101
1251729,115
1062043,115
1419475,127
1166145,120
1291777,114
1457955,78
1346194,54
1325434,52
1269059,50
1179248,42
1376126,39
1308022,36
1370470,43
1487779,41
1141792,34
1245821,30
1493372,89
1015693,97
1397319,93
1361853,137
1037616,164
1069003,108
1429561,150
1379641,181
1380619,176
1305515,104
1101987,307
1047110,324
1339318,330
1479870,332
1220382,321
1470691,291
1284825,352
1242012,310
1166976,320
1146827,232
1039223,78
1061702,74
1148419,72
1357744,78
1317350,65
1485381,68
1459186,69
1159770,97
1477445,76
1469635,64
1174890,110
1292473,120
1188656,106
1384836,90
1216650,182
1409048,111
1246782,126
1068780,114
1147387,105
1296580,100
1002279,89
1166240,80
1243150,83
1388951,89
1386008,82
1224735,79
1142767,91
1362483,81
1098955,70
1239456,39
1152313,125
1293336,126
1430932,128
1300078,127
1284526,138
1078971,123
1427939,147
1066486,162
1185418,159
1141599,134
1400215,257
1247779,245
1190162,276
1355682,271
1441240,261
1399620,255
1169123,293
1002043,291
1358854,273
1237549,192
1177959,147
1159030,152
1315155,144
1030152,164
1022652,197
1403044,191
1261360,250
1250564,172
1412208,204
1481851,179
1146927,209
1309361,203
1466185,216
1061824,206
1151262,251
1319965,192
1140038,257
1483664,189
1104312,196
1218581,131
1260659,162
1171808,82
1325488,117
1441608,114
1108947,121
1322938,120
1026148,123
1073403,145
1296867,140
1374201,119
1188533,262
1464491,273
1364844,263
1194071,256
1292957,249
1351452,247
1330418,288
1349506,258
1107763,249
1071025,194
1451749,33
1141262,32
1426163,86
1416107,73
1109049,28
1469962,23
1048165,30
1400718,28
1032396,30
1172572,25
1464617,73
1034668,70
1487535,71
1152696,79
1389891,63
1261414,58
1397480,65
1104924,52
1168000,47
1373268,41
1072684,404
1103729,367
1207433,390
1105905,402
1359815,397
1222246,345
1452554,436
1238125,452
1101607,430
1472622,329
1080956,516
1044579,497
1250099,489
1049132,443
1230152,902
1274608,1314
1222984,564
1245282,529
1419732,512
1356967,387
1357398,141
1377246,140
1416156,115
1007490,130
1244788,109
1294502,137
1083790,172
1240964,170
1353443,173
1404746,148
1495669,102
1363126,82
1194682,77
1249099,72
1169404,72
1389391,71
1228033,89
1356727,94
1063529,92
1123761,97
1217656,53
1473669,53
1309566,47
1087211,46
1172247,102
1354486,74
1422321,47
1331642,46
1030455,40
1320982,30
1322377,88
1337290,94
1196913,83
1460320,74
1153742,85
1462187,88
1478440,110
1329534,122
1221070,112
1030670,92
1047663,18
1097854,17
1115528,16
1440671,18
1243528,54
1331317,88
1473731,78
1261584,60
1017120,67
1414341,57
1390714,74
1111735,48
1113139,48
1382163,36
1077114,170
1363975,198
1421658,173
1308751,133
1092608,191
1337744,138
1463499,297
1160082,323
1370253,283
1228452,193
1372445,87
1460621,91
1057891,96
1305397,91
1147034,96
1367941,88
1222993,103
1353139,123
1386779,121
1147372,103
1474421,23
1490720,33
1005087,181
1087532,187
1232497,19
1179522,24
1172252,119
1258413,129
1028216,124
1212479,125
1258609,170
1411597,169
1344894,191
1340890,132
1294652,145
1221638,127
1013719,80
1048034,165
1359469,154
1025208,193
1420334,108
1123336,56
1127683,69
1427154,64
1374026,64
1224238,40
1281588,95
1058708,86
1249152,83
1496799,60
1368119,140
1065633,121
1181948,94
1403753,96
1242671,82
1141635,72
1134020,66
1200607,75
1414515,79
1063015,73
1195031,66
1385813,60
1052650,72
1288831,69
1338846,41
1363882,366
1012992,378
1127841,391
1145990,343
1058431,371
1086764,345
1470381,413
1209282,371
1475925,356
1034380,281
1467152,528
1465667,1379
1226596,431
1230945,450
1132296,516
1288951,484
1312949,2812
1079710,2771
1402174,394
1200214,267
1441014,37
1294079,30
1245940,31
1262561,25
1228009,20
1042616,21
1455308,21
1349678,264
1324969,263
1372061,277
1479677,245
1004495,258
1150150,252
1228822,299
1358085,323
1406245,301
1263663,125
1232131,154
1163541,120
1073589,164
1127608,155
1430822,141
1123111,171
1039277,190
1148728,222
1206354,154
1491344,68
1245780,75
1150550,69
1296322,74
1363297,73
1022421,65
1374992,77
1290071,93
1360420,100
1354178,71
1092576,64
1016837,60
1146781,62
1270326,62
1489539,57
1268557,60
1154429,67
1476508,97
1234783,80
1432128,69
1224992,501
1311411,508
1058810,508
1180280,552
1171237,610
1345370,568
1361205,703
1020415,713
1490702,736
1214923,616
1460611,28
1213443,29
1054892,24
1458950,23
1042596,23
1289149,165
1062037,172
1021922,153
1246387,148
1050369,319
1301966,331
1203616,229
1280359,202
1105804,187
1258734,170
1438001,149
1056305,1412
1275552,98
1200793,123
1020858,138
1050581,118
1348257,1984
1264375,2034
1489838,227
1442240,91
1268353,275
1295313,274
1086365,265
1072664,300
1271325,310
1468915,284
1396555,361
1082289,370
1471863,393
1288038,308
1302415,47
1126786,47
1317399,44
1371275,38
1459796,34
1439681,27
1366611,33
1031204,31
1483452,27
1476539,22
1410483,36
1491036,38
1269485,66
1233924,38
1477973,61
1235360,34
1331407,59
1358318,39
1025989,37
1043811,54
1415501,504
1049470,468
1266052,507
1074993,570
1430441,1933
1307721,1735
1478265,662
1268385,635
1103038,2455
1332843,1948
1073519,49
1461040,104
1471285,89
1040724,107
1249171,74
1452081,39
1146258,49
1044017,51
1006107,55
1221523,33
1344385,95
1436547,38
1192028,61
1028423,35
1021459,33
1391751,29
1058107,31
1029816,34
1202457,86
1325872,84
1006258,115
1482596,101
1477781,85
1043154,104
1099878,124
1233810,125
1032702,115
1480809,234
1038990,212
1410350,57
1087974,30
1360174,28
1471735,31
1139762,196
1480807,197
1251882,205
1042128,203
1440519,213
1417530,187
1484259,259
1253370,218
1018465,207
1029599,162
1361099,60
1072658,58
1217898,56
1231107,45
1293246,47
1228135,39
1415887,42
1426026,42
1362004,39
1375131,36
1298212,67
1157067,71
1295122,70
1274216,67
1252812,71
1088086,66
1261754,74
1333671,93
1318074,94
1232469,145
1183342,150
1029141,140
1387433,144
1038005,155
1412517,140
1358836,176
1099898,194
1323584,197
1009805,144
1159227,211
1223342,254
1464888,259
1450801,259
1493470,240
1377169,239
1032774,292
1456120,284
1210638,285
1042424,207
1350192,72
1440033,76
1351402,73
1114529,87
1432643,99
1293693,102
1293367,67
1383338,88
1003354,81
1154695,71
1136004,117
1307097,120
1071750,111
1390124,91
1013355,147
1475975,164
1437293,116
1243092,112
1369093,108
1145169,104
1063825,76
1295983,114
1459115,103
1131911,85
1143573,103
1115937,81
1452274,110
1086585,76
1254545,73
1497981,56
1416559,58
1125481,61
1276151,63
1370194,62
1357541,61
1079050,59
1165645,75
1217413,82
1092817,82
1277293,223
1485183,266
1094380,287
1315060,264
1493552,254
1434384,284
1019990,295
1279847,287
1089493,278
1439739,222
1189064,68
1361970,89
1308459,80
1336379,72
1024127,102
1485280,115
1146264,137
1163887,91
1050678,102
1198759,88
1342993,449
1055560,394
1107812,396
1267000,478
1163620,457
1062556,437
1029070,550
1035424,367
1039304,389
1355785,303
1252840,68
1170057,48
1380376,52
1441462,51
1053752,59
1337074,45
1116914,60
1234605,72
1040269,78
1326502,71
1242600,234
1271366,218
1125915,211
1473338,202
1349036,199
1100265,201
1350569,247
1466616,203
1379221,192
1326947,136
1473813,29
1395873,29
1027495,105
1002997,96
1452915,16
1239630,29
1069886,30
1151908,56
1401512,53
1333316,63
1070294,59
1171212,69
1152269,55
1372888,62
1425235,64
1446660,35
1365220,37
1106438,421
1149208,319
1053587,333
1470456,339
1447078,347
1049813,317
1221830,406
1032394,386
1141538,366
1367679,289
1272720,314
1481022,314
1212344,298
1222203,308
1318349,690
1120074,693
1065792,463
1313139,516
1400723,331
1344090,254
1461237,83
1086120,78
1232933,84
1317953,76
1153701,79
1457380,79
1177992,93
1243007,101
1132306,102
1102349,80
1479142,55
1380922,55
1330549,54
1285430,42
1163892,105
1175194,86
1471675,43
1425334,45
1128357,35
1219427,27
1493677,91
1395010,93
1247358,125
1240240,81
1259542,95
1218111,79
1336611,119
1303301,119
1012579,117
1153179,109
1118587,15
1026154,15
1426628,13
1395715,17
1216068,38
1258714,59
1216185,57
1427998,51
1368745,41
1221546,47
1086371,59
1392642,22
1447408,30
1206105,135
1268836,115
1286111,39
1198552,27
1388970,36
1346514,31
1441521,28
1247480,41
1490597,46
1000213,54
1019871,51
1346793,64
1321968,45
1163208,50
1238200,40
1079007,70
1402048,116
1020825,117
1324304,104
1422884,44
1395107,49
1315511,54
1280458,50
1016568,39
1389176,33
1187665,123
1016028,129
1462415,106
1020336,94
1316569,125
1383376,130
1429395,123
1353028,108
1143026,96
1009102,124
1022584,113
1020358,99
1330506,103
1137539,93
1028018,82
1163862,92
1230530,78
1131155,61
1090713,53
1179951,230
1457723,215
1306822,237
1169520,193
1497732,227
1165065,197
1004518,263
1216801,229
1167114,211
1327982,160
1315764,481
1237251,773
1465135,473
1205005,438
1121434,478
1440825,435
1023350,1995
1084568,1909
1207158,358
1489889,280
1171684,33
1099028,27
1145845,26
1076297,23
1322331,19
1243217,24
1429661,20
1197131,19
1176424,20
1416093,162
1442196,134
1020213,143
1302699,134
1364586,123
1303163,109
1180229,168
1341997,158
1147960,157
1305871,103
1239839,113
1160158,116
1208555,108
1060804,107
1074276,104
1433675,97
1301442,115
1012153,126
1283463,123
1011568,103
1487991,490
1173983,456
1455460,481
1093777,559
1284038,600
1398418,572
1100317,715
1050205,734
1355831,800
1205352,632
1117812,15
1187507,16
1011457,14
1269505,16
1092093,211
1272876,217
1383303,200
1458502,186
1023747,262
1069991,248
1471500,254
1476176,229
1350709,224
1335032,199
1076879,365
1062656,785
1426834,360
1458426,309
1329563,292
1486783,313
1460257,1786
1021535,1745
1299660,217
1355379,173
1460540,294
1109530,284
1140660,262
1015607,314
1039868,339
1179336,318
1156949,398
1416864,430
1229607,439
1488828,345
1357349,78
1444390,81
1063846,70
1146800,71
1178839,63
1257808,56
1279711,67
1173475,58
1142151,40
1453811,34
1127057,45
1373401,45
1418621,21
1464167,22
1099840,22
1441363,20
1009825,20
1486357,17
1078903,11
1337962,55
1376906,55
1218064,44
1104338,37
1079072,26
1304812,29
1125197,32
1422466,61
1352120,26
1047024,325
1102777,326
1083061,375
1251353,378
1149589,1008
1097127,992
1495930,716
1385548,689
1215768,1567
1414645,1298
1068176,38
1364233,57
1364564,75
1423013,71
1116729,39
1123237,22
1232919,28
1230330,25
1142498,55
1389988,37
1215805,31
1034507,13
1036452,20
1175443,15
1337742,15
1010245,18
1288211,18
1267896,17
1346875,103
1199426,87
1240750,99
1138618,108
1149289,99
1102916,98
1017666,107
1106702,119
1487597,120
1098178,97
1331327,32
1462161,29
1073905,142
1000380,120
1138868,20
1033486,23
1257642,29
1047803,22
1246340,27
1014026,151
1315279,151
1188897,166
1165067,162
1065299,169
1010051,149
1435027,193
1196131,179
1197288,177
1251652,123
1439531,31
1496216,31
1186355,33
1177200,25
1455577,23
1090001,20
1208761,23
1226903,22
1423338,21
1103810,20
1421075,66
1210247,65
1322916,67
1385551,78
1189895,91
1358912,73
1134301,104
1337366,118
1024231,127
1081336,84
1334406,183
1312641,210
1478725,229
1330625,228
1322160,201
1493176,212
1401269,265
1322867,237
1119772,241
1046510,193
1150288,113
1324267,121
1441751,104
1390749,92
1181666,118
1036614,114
1004792,113
1391550,112
1163155,99
1413929,96
1205702,54
1454933,91
1220578,93
1343850,89
1387572,89
1117169,64
1209150,90
1019692,76
1441344,62
1254542,110
1136802,115
1176603,108
1340138,110
1321675,109
1214676,110
1294408,128
1361085,144
1487225,136
1476364,121
1396170,196
1439116,210
1029205,216
1340752,197
1401840,209
1329672,193
1147453,247
1017140,236
1295838,229
1422043,176
1105195,45
1205040,48
1240058,49
1365659,48
1222239,59
1370409,59
1273441,75
1262804,64
1175785,67
1422436,52
1187958,244
1109561,235
1434574,255
1033891,242
1424493,253
1188565,231
1089009,258
1447457,219
1192636,217
1227524,145
1478225,80
1415631,46
1455622,60
1260616,62
1142328,55
1181346,57
1496795,51
1093473,79
1033302,81
1226646,58
1143077,219
1117887,222
1167183,217
1389242,199
1238107,206
1466306,209
1250420,239
1271945,211
1181613,199
1066252,146
1374036,24
1492052,48
1316849,6
1161969,12
1255438,21
1437428,18
1142607,18
1010649,17
1102030,79
1117071,81
1175372,84
1095747,65
1179084,67
1074971,59
1167812,75
1229440,52
1414406,57
1271005,39
1224868,161
1497155,135
1330797,147
1280679,161
1299109,142
1078691,127
1102864,164
1377131,156
1045486,132
1271657,91
1013278,279
1163568,318
1035134,296
1453924,302
1242112,628
1328774,635
1482353,412
1046966,338
1276295,283
1253177,235
1260226,36
1411677,32
1250015,35
1337063,34
1043837,34
1308940,63
1458855,56
1263616,50
1367996,41
1473223,29
1410509,29
1201828,26
1029994,25
1132590,40
1283691,44
1320652,27
1347707,22
1024189,21
1401716,23
1273502,30
1059327,29
1125014,27
1174617,30
1311410,47
1163684,28
1396950,46
1264284,42
1287395,65
1199233,41
1238242,16
1399512,16
1081462,15
1383858,16
1449012,14
1146539,18
1225650,19
1387823,21
1025159,27
1389919,104
1366353,112
1462136,26
1329665,37
1230382,28
1311631,22
1368971,63
1253684,65
1083443,63
1493905,64
1217220,75
1147901,82
1166225,99
1073327,75
1428894,73
1220082,60
1476123,60
1227002,83
1354703,89
1157900,91
1133698,48
1222949,40
1349351,33
1085992,36
1402411,31
1168970,28
1000121,64
1309103,64
1030633,60
1021972,48
1187246,63
1285859,47
1120598,63
1027293,58
1345841,54
1172393,49
1005855,106
1244463,109
1262324,95
1230360,72
1426771,75
1169581,70
1440278,74
1406927,62
1473278,54
1224295,137
1232647,115
1159985,123
1439329,118
1371825,122
1308807,115
1056665,152
1355328,130
1033485,125
1167571,88
1250796,328
1071801,453
1429716,295
1106133,294
1435076,335
1262025,312
1227005,1451
1242523,1397
1212286,334
1459181,229
1427098,16
1312958,14
1014001,15
1481946,103
1452327,70
1097734,73
1134494,71
1162121,68
1294270,60
1363905,73
1465173,83
1120799,75
1313703,47
1484433,98
1348987,100
1178504,100
1242843,100
1258554,98
1270294,94
1051906,119
1107709,116
1322690,113
1366614,99
1117909,385
1387886,368
1344564,360
1155339,420
1270105,456
1299390,436
1402691,543
1435663,569
1499834,663
1185266,552
1237110,16
1116388,16
1106605,16
1473729,15
1166622,15
1029223,16
1018802,126
1030588,127
1230579,116
1000916,99
1163834,113
1062420,109
1037052,128
1302226,117
1005678,114
1095882,101
1313401,169
1401641,249
1146686,163
1343078,142
1376033,142
1259435,144
1131938,1079
1415856,972
1452412,112
1472537,74
1214618,275
1364865,264
1133180,270
1008164,323
1166614,339
1204365,330
1426744,396
1145434,416
1302570,416
1158968,331
1056709,43
1211183,45
1403943,43
1474539,39
1150521,38
1330860,36
1049031,31
1108108,27
1030576,28
1233091,47
1389024,36
1412346,22
1386934,25
1121174,24
1323222,22
1213475,24
1403371,22
1126656,13
1046942,22
1298678,21
1370968,52
1111518,10
1083594,274
1171318,241
1081759,287
1338433,288
1020719,1116
1191824,851
1054201,444
1408379,346
1352836,1441
1126752,926
1068042,45
1268785,57
1489368,64
1060922,57
1292555,42
1215011,23
1114342,27
1174381,25
1398181,21
1267040,38
1213543,26
1491297,17
1487429,16
1321137,22
1152850,18
1449044,17
1293409,20
1420343,19
1216168,53
1393536,55
1172903,57
1040248,46
1027819,44
1302314,59
1380981,59
1496803,72
1315046,49
1232718,21
1420003,29
1391562,23
1009784,21
1055315,29
1454173,25
1281401,78
1097202,68
1132518,67
1291236,60
1406117,77
1346714,68
1191410,80
1275019,72
1250849,67
1451903,41
1430887,33
1298742,35
1390131,33
1419763,26
1070037,24
1081843,26
1091185,24
1089335,150
1018974,148
1089923,137
1061591,145
1372023,162
1089056,151
1443312,183
1165874,206
1441628,258
1188416,202
1289201,125
1275470,123
1119919,123
1063131,117
1320694,113
1188527,110
1004507,137
1109296,126
1045706,123
1154017,79
1249671,80
1135295,77
1265976,78
1385434,74
1155714,75
1430856,73
1148716,77
1404257,79
1426656,79
1008950,71
1129558,81
1491166,88
1138952,80
1054087,63
1288016,65
1440743,64
1355736,78
1409385,72
1412256,68
1408387,58
1170902,57
1278003,49
1430621,41
1096892,39
1095830,34
1156213,35
1480615,44
1188126,35
1178819,23
1230380,157
1346678,159
1277900,164
1420768,158
1206978,156
1175333,158
1488302,189
1355175,209
1190308,193
1161328,171
1124650,132
1022714,118
1295553,127
1401083,115
1173065,128
1198959,109
1054906,130
1181597,120
1468666,118
1486532,75
1240209,123
1182135,128
1212347,135
1192604,132
1453727,152
1344150,172
1293329,207
1247615,151
1230168,158
1218623,146
1106482,169
1224475,173
1008740,185
1413584,186
1072859,182
1136158,165
1278807,198
1499074,168
1120923,170
1370620,104
1368711,114
1210049,68
1043535,81
1446240,89
1092746,85
1399286,83
1277933,93
1104911,104
1483091,107
1265203,84
1233669,232
1090616,222
1384865,219
1195450,207
1044873,194
1370005,208
1433199,234
1117633,195
1357097,187
1034463,150
1018868,26
1160479,37
1498867,29
1486013,23
1088819,31
1055319,26
1433933,25
1188123,19
1373011,109
1239312,92
1203643,105
1165037,89
1474320,90
1220537,82
1426208,107
1009398,103
1244519,99
1469983,33
1026366,96
1368308,94
1065778,163
1119688,48
1360028,170
1497401,126
1181755,88
1339401,98
1098229,82
1079642,44
1240618,95
1454523,100
1127908,92
1137267,75
1432625,86
1090433,72
1173379,93
1020333,111
1261895,107
1356790,78
1111869,22
1464999,25
1291641,24
1238288,36
1398779,34
1382490,19
1313356,142
1098373,137
1445551,148
1161659,132
1234799,136
1430511,116
1118431,157
1302929,171
1019797,160
1292764,134
1185766,13
1401710,21
1134227,21
1322698,17
1005828,23
1148634,18
1401112,16
1396750,22
1265951,14
1386843,96
1004313,107
1041032,98
1370332,119
1482514,62
1497233,58
1178054,65
1369446,58
1284559,49
1300214,43
1269393,143
1092013,120
1102465,123
1237518,101
1354195,122
1438434,102
1033807,128
1395793,111
1038462,103
1346626,90
1423116,154
1009513,165
1170173,170
1425176,135
1137715,161
1359285,148
1193489,199
1377436,162
1487481,145
1098551,109
1187281,537
1430870,1215
1410217,527
1048131,474
1364347,570
1117008,874
1328770,1954
1345869,1473
1071799,473
1330035,371
1032173,20
1495208,13
1383002,13
1402872,48
1435861,48
1178853,40
1122331,42
1240938,30
1296533,53
1466523,56
1334815,41
1308211,16
1256813,17
1266863,17
1296573,26
1493672,29
1183189,21
1402501,65
1305350,61
1416500,54
1061620,85
1356623,95
1135009,73
1039371,114
1358442,130
1330108,140
1368952,66
1462550,14
1369178,14
1127368,13
1115599,149
1038256,147
1331730,139
1497225,128
1081286,143
1304131,132
1481379,139
1169752,133
1302845,124
1195185,111
1149992,269
1122208,724
1460719,260
1378323,235
1256770,230
1422410,312
1345825,876
1246051,1205
1090476,189
1450161,143
1356370,83
1245069,68
1295639,87
1305904,93
1292177,116
1317384,99
1121211,127
1021640,142
1210569,142
1442046,80
1321821,28
1064144,20
1453686,16
1167008,14
1039041,15
1498885,11
1184297,9
1093750,31
1450524,27
1318369,37
1076401,47
1343116,31
1145496,23
1351476,263
1052953,252
1076286,299
1093380,286
1261614,1029
1255779,673
1444017,490
1275886,404
1248091,1568
1182264,736
1338299,47
1369916,67
1102096,52
1095800,28
1198327,32
1250772,31
1160375,25
1107432,24
1060946,28
1042183,34
1369620,22
1122156,17
1175348,20
1363391,19
1063775,105
1495203,91
1101411,97
1092440,82
1145502,94
1466400,79
1079464,107
1049098,110
1142848,118
1213627,85
1343897,20
1036537,12
1243770,24
1180979,16
1039804,14
1369285,24
1054396,21
1278952,17
1377409,190
1360361,187
1377051,202
1164969,193
1140859,204
1291354,205
1358775,240
1346906,220
1013720,203
1292460,161
1244578,33
1474430,36
1322499,52
1365197,42
1362232,46
1371779,33
1264908,55
1458255,78
1348866,72
1013564,32
1247790,382
1475065,364
1091144,372
1401772,317
1055430,360
1216862,347
1087415,407
1363888,372
1353104,346
1281332,279
1006892,10
1498669,15
1181152,15
1246156,17
1185338,20
1179564,15
1271415,150
1079926,158
1491328,174
1370913,134
1150110,155
1289002,156
1154816,173
1161426,157
1425253,141
1055652,137
1366540,17
1466142,19
1282021,23
1471786,27
1471184,23
1158034,24
1044415,33
1190027,38
1025744,30
1449443,416
1091600,368
1252477,378
1368442,337
1061735,354
1141220,351
1014144,411
1228466,374
1235177,346
1463183,276
1198427,22
1362374,20
1319966,26
1076970,28
1072338,37
1324663,32
1099626,67
1184336,51
1239385,77
1367023,59
1220533,67
1268409,60
1409006,73
1365750,49
1155946,50
1049715,34
1140522,16
1308262,23
1075712,37
1318240,36
1046741,22
1442998,87
1143694,105
1499298,117
1351721,80
1336045,77
1416593,81
1493857,108
1105475,161
1449195,86
1093850,47
1340596,12
1011398,18
1103720,18
1067294,22
1046037,585
1165089,568
1065795,565
1046290,600
1158811,629
1485195,560
1263562,669
1450493,727
1081449,672
1280539,541
1222518,746
1395897,699
1491382,687
1027914,837
1159704,2229
1256817,1896
1227051,841
1191531,758
1284327,752
1423686,629
1049725,183
1215092,191
1495796,187
1438076,182
1128271,150
1481158,196
1063232,266
1057013,291
1367340,302
1093991,239
1351594,135
1370272,147
1485920,127
1020051,114
1102709,110
1069020,111
1072489,137
1428154,144
1119021,141
1294168,135
1428679,74
1018876,76
1286035,72
1189314,59
1401061,163
1408505,112
1256086,66
1471256,67
1046971,58
1339604,39
1004476,123
1179367,125
1282419,143
1314155,134
1480818,119
1213921,113
1054327,150
1402384,160
1489585,159
1284450,135
1095362,43
1295510,46
1079425,36
1127426,35
1492121,29
1275922,35
1444429,35
1028719,33
1234695,29
1157221,75
1279092,133
1177494,116
1087017,99
1466728,102
1439667,90
1360145,122
1419779,78
1433653,84
1163712,64
1187024,316
1441270,337
1477046,305
1323027,342
1411082,358
1195466,334
1263804,453
1062879,503
1008287,400
1456652,336
1277897,150
1496861,149
1070216,143
1136807,143
1244852,148
1122945,139
1042841,152
1283397,182
1394281,180
1425621,145
1199897,50
1058203,52
1083931,464
1141481,310
1475372,39
1111675,34
1257162,73
1122641,51
1006713,42
1242123,52
1140599,309
1287375,298
1106683,288
1178326,300
1062658,419
1442310,420
1031482,512
1274961,308
1193794,357
1173046,339
1073405,112
1388386,208
1015635,195
1265850,234
1275880,136
1255232,66
1087043,88
1369894,82
1271614,78
1423644,61
1365843,161
1277788,164
1331408,151
1366942,130
1131169,240
1319595,228
1083661,194
1468982,186
1437287,172
1346942,155
1387120,128
1274992,122
1334251,130
1042062,124
1347891,113
1224265,107
1052043,125
1334827,126
1073391,70
1152066,478
1291763,494
1419497,476
1343368,468
1406483,502
1387465,462
1292366,573
1050874,522
1305270,477
1267518,395
1488118,521
1150157,1766
1447158,468
1373666,452
1053742,540
1142160,500
1318873,3254
1405202,3328
1483332,541
1021804,326
1069078,52
1090320,45
1286831,44
1375719,35
1076781,23
1067044,26
1067311,28
1431689,27
1272650,26
1005375,646
1304158,614
1441552,582
1184251,602
1093975,621
1293881,571
1339191,692
1217665,730
1152701,722
1058476,599
1135586,359
1065825,373
1423534,383
1280440,389
1053814,410
1256199,411
1119525,454
1475701,461
1047518,499
1497173,345
1027610,112
1118499,118
1376750,116
1372751,117
1014613,117
1499206,108
1394950,113
1270313,141
1388225,141
1102682,115
1373049,137
1374934,141
1466642,137
1196961,139
1204608,136
1302893,129
1211146,152
1447746,165
1279444,159
1443192,135
1173972,2008
1350644,1980
1103990,1968
1093038,1925
1435909,2039
1158632,2058
1044666,2220
1022214,2067
1109852,2011
1103251,1841
1245151,43
1091280,44
1216346,42
1075875,32
1262452,30
1067301,28
1411464,32
1255011,31
1405681,31
1242338,27
1219724,383
1058377,354
1195401,356
1484640,343
1430136,579
1194693,584
1238795,496
1445130,443
1495302,418
1457745,371
1228826,192
1032558,1817
1116835,209
1281436,176
1392727,172
1107967,166
1497229,2461
1412855,2612
1176830,135
1181052,91
1026093,997
1185453,1054
1315380,989
1413823,1133
1010266,1132
1091121,1223
1126295,1388
1322521,1454
1345620,1478
1273456,1102
1017181,74
1437992,74
1342908,77
1028601,75
1396722,73
1467939,60
1149914,72
1399635,73
1012701,40
1244464,54
1386370,59
1216014,58
1368555,50
1113123,40
1345794,33
1119492,43
1111125,41
1412767,44
1450857,28
1173917,78
1155630,61
1356121,77
1050288,59
1162283,49
1489209,44
1351254,68
1216122,59
1321233,62
1378592,40
1243144,865
1179049,830
1122106,845
1128795,930
1161911,3076
1291485,3129
1164130,1074
1304828,1102
1375598,3276
1226809,2603
1055745,61
1373254,127
1254780,142
1064535,165
1262880,112
1210758,45
1241336,61
1340262,58
1179825,59
1194213,33
1408547,218
1221819,121
1075060,116
1122942,37
1101877,39
1394784,36
1193406,45
1286648,40
1422458,33
1375901,50
1108850,208
1315916,221
1474269,218
1054140,205
1120723,198
1305234,196
1301459,250
1376519,223
1134580,243
1485791,213
1451083,34
1445603,376
1484744,350
1038904,34
1031321,18
1407540,52
1039587,41
1156578,40
1312025,53
1040401,327
1114965,324
1104316,320
1112568,326
1428843,348
1230914,339
1075523,371
1488572,351
1070158,350
1326706,296
1088269,71
1056626,66
1103377,67
1083185,55
1311976,48
1494852,43
1424685,50
1365452,51
1144977,47
1487150,39
1269737,160
1220695,156
1260241,152
1413776,151
1096175,157
1028988,150
1163114,171
1379872,188
1434750,194
1149128,170
1050787,492
1393875,482
1012578,479
1198302,512
1145147,516
1088945,519
1031019,630
1451871,694
1484128,726
1403902,627
1230428,357
1258533,399
1461975,415
1051521,381
1449613,424
1301242,404
1388334,420
1462301,385
1256292,364
1375741,327
1272397,94
1030881,98
1389672,100
1082933,94
1255464,82
1180074,81
1476554,92
1316356,93
1492732,78
1086058,240
1028415,239
1239901,223
1252904,205
1201095,328
1150029,322
1353626,299
1480847,273
1008536,265
1335480,239
1401571,121
1090332,190
1387352,239
1457410,163
1463710,173
1023300,164
1303377,216
1370092,127
1226369,142
1125244,114
1435758,78
1449932,79
1115199,81
1384407,75
1478571,73
1074049,74
1205729,95
1437531,100
1214154,97
1128210,82
1472617,235
1484423,338
1379556,352
1151642,420
1491312,391
1154462,352
1126102,406
1016428,373
1395652,362
1008390,309
1099643,271
1405566,269
1334187,257
1144637,269
1223108,381
1104258,381
1476710,471
1175881,294
1457081,351
1336815,310
1179494,1026
1424073,944
1245852,925
1365636,1147
1106708,1211
1153454,1145
1249506,1294
1172413,876
1444494,970
1478307,781
1391175,270
1013490,156
1085873,193
1115883,214
1368173,212
1471715,205
1016398,253
1077222,272
1165593,289
1491929,243
1384377,566
1032299,553
1202009,523
1439062,515
1265686,533
1051255,509
1424001,596
1280472,547
1294818,487
1388456,400
1416231,45
1083836,46
1331096,268
1368030,259
1345512,26
1292810,20
1087300,47
1343012,38
1161779,28
1319688,44
1333542,119
1486982,119
1107205,122
1390807,121
1466492,117
1334010,104
1270293,125
1074290,126
1041760,73
1445115,71
1264796,416
1023315,319
1210647,384
1426497,359
1235375,382
1350360,328
1469630,405
1277210,406
1146622,376
1036876,292
1425196,208
1491984,198
1344138,226
1283089,206
1170506,581
1411866,381
1194304,284
1113435,208
1237466,229
1271238,167
1363159,132
1364616,134
1429146,120
1464202,116
1068354,117
1005203,104
1414175,148
1481232,139
1129914,148
1238863,128
1008215,26
1411724,31
1245081,28
1484308,53
1202024,52
1052405,14
1042014,21
1000162,24
1027805,20
1311397,146
1477907,144
1216651,138
1123580,136
1417666,137
1002038,127
1084662,165
1489354,165
1158075,155
1042125,127
1251613,15
1168245,15
1160402,15
1422509,14
1158511,14
1147099,16
1320661,66
1384396,62
1132599,56
1146902,61
1261255,55
1257915,45
1345160,59
1337595,55
1390310,42
1062489,22
1063831,116
1255299,81
1413299,17
1168202,31
1057456,28
1266795,35
1169272,39
1102241,40
1211490,37
1399529,46
1378037,49
1040540,56
1146566,42
1331389,46
1315441,35
1372739,54
1421522,72
1259696,78
1129512,77
1067118,33
1438160,35
1051817,36
1499922,37
1111061,29
1066167,30
1314843,93
1347403,102
1212494,106
1279696,82
1138980,129
1198904,108
1222111,110
1438733,112
1398572,101
1319182,89
1185945,56
1093579,56
1032870,59
1214375,44
1177759,47
1274988,51
1427628,51
1142944,34
1384967,248
1061803,252
1465247,256
1378051,229
1009948,233
1480310,224
1382879,266
1456342,241
1010920,233
1056436,169
1429213,249
1382855,585
1200363,226
1084567,229
1498562,277
1469153,249
1037102,1907
1427400,1808
1409674,165
1459589,143
1341539,25
1358202,18
1082994,16
1280847,16
1137255,278
1449924,174
1146408,170
1109325,162
1089155,172
1260361,151
1069628,196
1476185,208
1304452,222
1456018,142
1168634,53
1050143,58
1448384,56
1492295,58
1368624,44
1036112,48
1483648,57
1406961,63
1386811,62
1323791,48
1334064,301
1474493,308
1452523,281
1109460,323
1397686,513
1436925,373
1271835,464
1266289,483
1172743,642
1028916,538
1315521,15
1072330,15
1337149,16
1275118,15
1162539,18
1196722,128
1490941,138
1040784,119
1294243,97
1352466,139
1452753,122
1050510,103
1115545,113
1188052,109
1071305,103
1247277,66
1052474,510
1108974,49
1371893,54
1367438,83
1449624,66
1484270,1205
1183169,1268
1286878,80
1144960,41
1053700,283
1196897,281
1100864,281
1095250,314
1314012,343
1177213,324
1312239,395
1371943,407
1269951,409
1124463,328
1490942,40
1170667,35
1143819,35
1179359,21
1475609,23
1027289,24
1378115,21
1021057,18
1449942,28
1249222,23
1208517,21
1062744,24
1243058,26
1293688,14
1100724,23
1439573,40
1373315,32
1222836,15
1335629,245
1278780,229
1067138,269
1438654,266
1115605,1294
1129879,1021
1107382,457
1430066,330
1125215,1984
1053604,1530
1384170,32
1136582,71
1349156,66
1058093,50
1483101,24
1029890,25
1474722,25
1475193,65
1135844,50
1398655,33
1315808,16
1103978,24
1470282,23
1269302,20
1227936,23
1408686,143
1070194,123
1403968,133
1123130,140
1245806,172
1495941,126
1470501,166
1015807,163
1391639,181
1482372,131
1391156,17
1045104,20
1103952,107
1454713,51
1375968,14
1007084,11
1052745,21
1158748,111
1286519,118
1309602,129
1372560,134
1128131,130
1162379,114
1456855,147
1248994,146
1472655,139
1455569,97
1122155,26
1220591,25
1075151,22
1276712,23
1499384,23
1359818,21
1079711,91
1233988,92
1397501,77
1009945,86
1299667,101
1393892,94
1234576,110
1134369,128
1353368,137
1340396,80
1440443,410
1127755,453
1073642,468
1442597,441
1123801,420
1016113,409
1077256,473
1417275,428
1127001,402
1426278,340
1476353,26
1446591,32
1060246,147
1423262,149
1142875,165
1381048,134
1457123,217
1159627,204
1389785,167
1105548,171
1149460,153
1274740,145
1080233,44
1031203,62
1139190,67
1104740,67
1290913,61
1430451,57
1335989,79
1162693,70
1305141,52
1013437,52
1233671,46
1320120,43
1025076,45
1223519,47
1054214,42
1308065,45
1240654,53
1200050,59
1345355,62
1068268,52
1270445,285
1343543,310
1155966,321
1283403,280
1121260,269
1480060,272
1334159,323
1491288,292
1211269,272
1478541,229
1452943,43
1417264,45
1191088,44
1396054,44
1292602,55
1297445,52
1453344,72
1211395,55
1014021,60
1346976,48
1048031,272
1456955,262
1381063,293
1277432,310
1099897,270
1250071,253
1463021,300
1353948,233
1033537,243
1486601,163
1420868,57
1180967,31
1168582,45
1200756,44
1231412,36
1169013,63
1331116,78
1125203,59
1348911,46
1086613,260
1421320,254
1090620,259
1069506,237
1325531,234
1083569,237
1313290,269
1080704,235
1164623,224
1302218,180
1194353,55
1132414,43
1031339,270
1169426,179
1079503,210
1097103,171
1285304,205
1402825,167
1089017,236
1010820,205
1015441,203
1231147,163
1105986,260
1348536,245
1433325,244
1167618,203
1277541,509
1444093,515
1263410,297
1451230,271
1204224,223
1397681,200
1182144,97
1495363,99
1424798,109
1166644,97
1437121,101
1336858,91
1452469,105
1033949,125
1049040,121
1323615,95
1269746,43
1433619,42
1001640,38
1194935,33
1188770,58
1081277,49
1396237,35
1361791,32
1142156,27
1301647,22
1194788,94
1118413,84
1463339,90
1322713,76
1217125,85
1149362,71
1063625,107
1315041,121
1337564,114
1400460,92
1319113,16
1346923,15
1006410,64
1374185,63
1128146,51
1107192,53
1429267,49
1348839,51
1062422,32
1152761,61
1103794,30
1116108,24
1030078,26
1442249,69
1255211,78
1128793,23
1385567,19
1261731,28
1401816,25
1088743,31
1108362,31
1418907,32
1440868,34
1073521,41
1271078,32
1032225,41
1383271,36
1178834,38
1302037,27
1245159,81
1066967,80
1183823,93
1359292,119
1488400,73
1175823,48
1100095,53
1302501,51
1007438,44
1320986,35
1218892,95
1244188,110
1285096,90
1236380,72
1063163,95
1204772,91
1093786,98
1174817,86
1486767,81
1488426,67
1293017,48
1097133,49
1374574,53
1085531,46
1361255,42
1472554,44
1064428,50
1044578,33
1432364,30
1154515,139
1077412,117
1372989,124
1085876,116
1232949,121
1109936,119
1487950,161
1097184,127
1140272,124
1493015,92
1109605,355
1070941,795
1103072,298
1451491,318
1176188,362
1132187,334
1360286,1558
1008508,1470
1390829,310
1390931,242
1155697,24
1208514,16
1387955,16
1091512,16
1163909,14
1054161,14
1221242,139
1075306,99
1472117,112
1361785,121
1299678,114
1478932,91
1477313,132
1028047,133
1111646,119
1100366,97
1342337,37
1439494,34
1006332,35
1419759,34
1395664,36
1129361,31
1380842,39
1050958,44
1105354,44
1450106,35
1409427,354
1100468,355
1411863,323
1010693,385
1004925,413
1265382,419
1239027,512
1462013,528
1464784,564
1440692,441
1087631,15
1202597,145
1489659,148
1327758,142
1234609,131
1039028,128
1470903,140
1195946,145
1033329,134
1214830,127
1240032,126
1099603,184
1353172,515
1019198,158
1391487,155
1386397,148
1370849,182
1055063,1130
1398646,1046
1124512,86
1209189,82
1000264,258
1253533,256
1109365,239
1492072,274
1369989,306
1233753,307
1113550,350
1119683,375
1351878,419
1143262,313
1272587,29
1290655,30
1166069,32
1099209,25
1004210,24
1445895,26
1493529,21
1128880,45
1306327,36
1443388,21
1232007,21
1473506,20
1408066,21
1055072,19
1295169,17
1398942,18
1224218,32
1258934,33
1154519,25
1335469,24
1333990,22
1404629,16
1113566,23
1403272,25
1265773,324
1199865,325
1246934,392
1122674,346
1218607,1047
1117180,938
1395756,584
1200879,508
1354961,1684
1254236,1121
1378973,60
1365889,52
1404113,65
1420948,91
1085578,36
1461775,40
1222138,34
1446108,28
1080246,28
1195326,21
1082828,87
1269378,80
1349534,104
1333349,99
1363871,96
1004201,97
1208483,104
1308393,111
1176480,119
1267608,101
1229780,22
1474801,50
1196064,45
1094602,24
1341838,33
1471444,26
1443416,31
1350236,25
1463712,118
1162339,118
1104304,127
1313355,118
1452462,130
1036900,115
1390732,125
1318748,119
1417446,108
1400458,81
1281325,29
1335270,26
1432911,23
1243734,21
1412550,23
1096371,23
1414904,21
1268663,21
1016463,49
1014561,55
1023254,51
1261641,52
1242929,59
1066835,48
1084108,64
1273171,98
1310686,102
1429564,68
1024089,197
1250260,195
1079833,197
1205357,187
1391126,192
1033330,186
1362777,223
1205882,199
1370541,203
1175659,147
1027143,36
1493357,115
1455534,123
1178953,112
1365007,100
1331624,109
1051517,103
1111575,118
1343235,119
1409057,109
1225360,92
1485114,67
1120103,82
1049722,76
1284522,75
1342647,70
1086255,62
1434155,68
1487073,72
1210002,60
1336168,35
1179146,89
1077679,96
1356561,86
1445899,94
1056607,90
1471104,90
1157790,103
1281062,106
1128363,106
1147010,91
1079844,186
1343311,158
1222710,177
1444309,160
1430049,169
1107484,164
1449523,192
1204458,180
1349810,183
1233956,126
1267409,48
1020645,47
1076446,48
1158633,45
1137733,52
1330234,76
1165516,55
1232019,60
1087910,48
1153545,206
1291261,200
1132971,227
1184517,205
1481481,205
1072917,201
1124052,231
1120927,162
1270649,189
1318939,125
1085957,60
1308794,33
1456287,53
1171254,47
1120570,44
1457111,39
1299687,45
1274831,55
1202928,54
1223002,47
1369030,183
1243985,187
1334645,190
1133418,170
1483507,166
1182900,173
1029886,203
1218586,163
1305277,161
1468483,129
1391127,24
1001197,22
1185326,56
1049627,48
1006124,20
1298818,22
1179858,28
