id,num_orders
1028232,239.35856061749607
1127204,257.26180275518556
1212707,197.13522892220846
1082698,51.27050791941515
1400926,42.56703956474454
1284113,250.509338247975
1197966,269.73540607941516
1132739,265.12524563645184
1057981,153.7462205273739
1095932,164.78803142581074
1454421,193.31912139486292
1149765,319.8832332044032
1166964,405.006342921738
1010949,318.15479691360036
1409575,19.60898272233456
1181616,33.09541835883834
1456020,318.15479691360036
1264395,318.15479691360036
1472931,354.1851435696782
1412015,107.76811121026505
1461229,137.6208471715249
1014564,137.21827497323912
1485914,107.51718366420707
1345389,127.66844589393827
1006833,161.19198404589054
1174921,58.83306248683792
1175393,42.56703956474454
1152412,32.791712239713746
1497398,32.044746901157346
1363486,27.609025972479195
1366766,32.37936089480551
1192413,22.39374657374814
1319547,269.73540607941516
1337684,85.0964335352373
1479766,404.7533617956391
1460444,1309.7416974918403
1139730,1041.0164816929812
1115056,450.5736280496527
1335827,128.46280287243357
1385333,655.844186407494
1096323,762.2299604046132
1230693,1087.4737786334417
1027016,201.77833656980752
1181520,145.07060909614802
1306234,229.69115747355295
1271440,1295.9914553680217
1269834,611.0376843633196
1176823,1052.4264089225367
1193098,153.7462205273739
1034878,127.66844589393827
1010243,212.46227016911783
1451807,269.73540607941516
1016845,201.18922079720608
1198021,90.0935356959875
1413802,73.84445986896775
1231223,152.24261946299117
1274226,699.299938344033
1425142,584.7416583664025
1211593,462.1313904107206
1419190,49.68334349508331
1180223,51.52143546547314
1194932,127.66844589393827
1323477,212.71319771517582
1371595,192.1730349790327
1171521,158.04873692752642
1052384,136.96734742718112
1060921,98.18999686242772
1261811,188.40562372752203
1246502,319.8832332044032
1497466,462.3933485712259
1232717,143.49617934712072
1136112,131.73063613513636
1196334,244.47491287917384
1349533,429.3303902885769
1463406,389.8526349534351
1447686,197.0908889481728
1336105,137.3699196254669
1012855,614.3853909212653
1180646,569.9175311044708
1062490,350.4253587779501
1098228,1475.139282061525
1101375,881.3329780496023
1400016,642.7665788443229
1439889,45.165595088189264
1408468,136.96734742718112
1044490,135.41424998617074
1290002,728.4566098625397
1190633,822.4319181539063
1040430,1293.8772227768739
1049366,180.25557869370382
1224120,197.0908889481728
1293810,307.3765308043676
1197335,1300.7610891226095
1323989,805.5931536927383
1129467,1094.84106463691
1229328,110.44300572415969
1164395,111.77141557036829
1217722,179.12442123671096
1171266,282.00457750580074
1024905,138.94175982265241
1343027,93.21453857723674
1141892,71.10964374020064
1302404,81.24258821931583
1170447,870.4905644011565
1140772,870.4905644011565
1103484,728.4566098625397
1387134,27.609025972479195
1117711,23.56308128170095
1472121,26.390575042998528
1289523,476.71621623880844
1091114,699.7177774605515
1043572,606.2189474494918
1103283,90.2169898725787
1265051,65.99112413094363
1168741,58.83306248683792
1052776,197.0908889481728
1206564,239.96468016607508
1302153,462.1313904107206
1083754,153.7462205273739
1097952,158.04873692752642
1251605,123.9134088552616
1333032,252.4473826206682
1086936,429.3303902885769
1088412,295.7980600019056
1236400,62.48025450402028
1244516,81.24258821931583
1380381,92.17790166898983
1495062,646.0979930206123
1439647,318.15479691360036
1019214,728.1351956072407
1316160,782.4332595915108
1022008,818.6626645196303
1138248,250.1452410113728
1052922,37.05231077430668
1181474,107.51718366420707
1046475,98.18999686242772
1216688,260.2285984741923
1067565,528.7018123144654
1008328,405.006342921738
1430287,250.509338247975
1406716,260.2285984741923
1105380,197.0908889481728
1248694,1058.831913831299
1252163,404.7533617956391
1443474,510.47401064871127
1033716,62.039650096962404
1300295,71.10964374020064
1311882,59.645462668427236
1257968,98.18999686242772
1226362,311.00044655408396
1030655,294.3874564635465
1210527,50.03500909422619
1278927,45.165595088189264
1232239,62.73118205007827
1133067,429.3303902885769
1382522,655.844186407494
1219136,586.1974367927389
1498130,23.56308128170095
1251629,37.05231077430668
1032092,22.64467411980613
1249865,158.04873692752642
1207630,212.46227016911783
1144733,238.45630989146522
1436768,114.11678333686496
1148964,92.17790166898983
1237346,127.91937343999619
1206015,123.94830623540877
1105113,257.9945301393288
1430481,51.27050791941515
1001589,65.84094859771089
1224132,58.83306248683792
1074380,569.9175311044708
1097109,450.5736280496527
1211246,398.630928735342
1390579,415.8536693994446
1473058,389.8526349534351
1186964,142.2945285593172
1222837,40.447259972116804
1342393,127.66844589393827
1170472,175.59710078120884
1170791,307.3765308043676
1046653,303.7158844855289
1195179,158.04873692752642
1332509,188.40562372752203
1438300,188.40562372752203
1435748,881.3329780496023
1052668,319.8832332044032
1227060,429.3303902885769
1342252,78.93806157928589
1143109,49.68334349508331
1394807,75.35736216196382
1448374,81.24258821931583
1028680,177.54302085472833
1079691,131.73063613513636
1402079,49.68334349508331
1424446,60.75233265114063
1133297,390.1460862534218
1076214,643.2933866854997
1173823,549.9441040001311
1488584,19.60898272233456
1072892,25.747795365433614
1277491,23.81400882775894
1290868,191.9221074329747
1048888,257.26180275518556
1138141,282.00457750580074
1473125,85.19428689764571
1196726,73.84445986896775
1179278,51.27050791941515
1282305,71.9818135713459
1359903,89.0568987877406
1355143,143.49617934712072
1095889,49.68334349508331
1250665,92.17790166898983
1426610,50.69640610044327
1390104,399.7926201628587
1051519,416.79995195634245
1337584,250.509338247975
1332667,2262.7770576048883
1075942,1987.216903199431
1109804,791.3627803821291
1316684,107.51718366420707
1248315,249.99018094015577
1113611,191.9221074329747
1110867,797.8983186506963
1247289,1087.4737786334417
1022953,2027.5135428277727
1160081,139.35052008215322
1120430,153.7462205273739
1487280,303.7158844855289
1020081,2288.513822846175
1329551,1148.2065207147969
1137610,1875.1553572840585
1072530,295.7980600019056
1115708,311.00044655408396
1203532,145.29757198979337
1494216,334.14563246261207
1116374,423.01282440468475
1032497,303.7158844855289
1413930,162.04103119396896
1136118,139.35052008215322
1254872,188.40562372752203
1398257,1302.829563563026
1364001,1052.4264089225367
1369843,805.5931536927383
1379360,67.93571707225509
1442044,85.19428689764571
1285290,60.75233265114063
1129707,646.9961924867813
1086750,791.3627803821291
1147262,768.5192779706615
1025605,220.40962337106367
1414158,175.59710078120884
1082079,164.78803142581074
1467510,238.45630989146522
1374892,398.630928735342
1171352,728.4566098625397
1213246,294.3874564635465
1279131,298.24134385505363
1256386,260.2285984741923
1234220,606.2189474494918
1008206,738.9872266907895
1267686,603.9118101820272
1470186,123.40493872868458
1233312,188.40562372752203
1279379,138.94175982265241
1431703,870.7718441467118
1339938,591.2741245166496
1010552,643.2933866854997
1237947,903.2509594774976
1175098,740.2225336632139
1066074,289.79940575609317
1045918,94.46797028891713
1226081,67.41930886346482
1148633,391.7176317893607
1441429,415.8536693994446
1291804,762.2299604046132
1305194,187.83260286703043
1327840,180.25557869370382
1320801,269.73540607941516
1467101,773.3338743638479
1473989,404.7533617956391
1466330,603.9118101820272
1390856,92.17790166898983
1120639,160.17185853115015
1279275,107.51718366420707
1166120,59.99712826757012
1128404,62.48025450402028
1252491,49.68334349508331
1328056,586.1974367927389
1452353,468.28789663325574
1353276,423.01282440468475
1297182,22.39374657374814
1469299,23.81400882775894
1129687,193.5700489409209
1362599,404.7533617956391
1245170,415.8588165395106
1098570,42.56703956474454
1452600,32.37936089480551
1194207,28.232661064152953
1023619,164.78803142581074
1254600,245.3727875602082
1157094,318.15479691360036
1165391,164.78803142581074
1131248,104.2344035456528
1383646,158.29966447358441
1288250,207.58274903479523
1476141,135.41424998617074
1401237,45.165595088189264
1383510,62.039650096962404
1433607,59.645462668427236
1098207,301.93382499679456
1453624,250.06644564670663
1089046,384.783701678737
1306954,1672.1098211219273
1413179,984.0741037733518
1379869,791.3627803821291
1037218,75.35736216196382
1247919,186.11565078621612
1097438,191.9221074329747
1441938,740.2225336632139
1060769,870.7718441467118
1409283,1259.589965288865
1397517,164.78803142581074
1220386,164.78803142581074
1297481,265.12524563645184
1309280,1588.608539446742
1013813,821.0370965557263
1087803,1316.0375759156225
1256077,131.73063613513636
1328392,111.77141557036829
1197947,227.58845795873157
1134877,311.00044655408396
1149222,164.78803142581074
1321757,132.5796832832148
1364052,127.66844589393827
1346914,127.66844589393827
1343936,900.175566102047
1284997,903.2509594774976
1443980,614.3853909212653
1272226,45.165595088189264
1267791,37.05231077430668
1049345,44.34674176670764
1300007,471.2783139402505
1220471,738.9872266907895
1486124,684.6254511966885
1183373,98.18999686242772
1076787,114.11678333686496
1218918,85.0964335352373
1351627,238.45630989146522
1333350,326.49716454512424
1312936,516.1400817272013
1477543,164.78803142581074
1408514,175.59710078120884
1256773,158.04873692752642
1174904,389.8577820935011
1392815,478.4608610040736
1389126,334.19422889788916
1074816,98.18999686242772
1124612,153.7462205273739
1318251,137.3699196254669
1089252,687.4799865773577
1396463,552.854929591198
1289632,613.4450048155272
1083889,456.6264052674344
1121896,306.3183687917708
1004866,138.94175982265241
1234436,37.05231077430668
1311318,97.2385738904124
1476647,71.10964374020064
1419834,188.65655127358002
1188670,314.38784196512813
1260238,269.73540607941516
1263791,197.13522892220846
1070835,193.31912139486292
1433069,197.13522892220846
1349084,710.6883177571254
1360259,307.3765308043676
1022475,405.006342921738
1037167,73.84445986896775
1492031,59.645462668427236
1057541,60.50140510508264
1483675,204.9485727884011
1463966,164.78803142581074
1474096,45.51726068733215
1440771,49.68334349508331
1452763,49.68334349508331
1382621,399.7874730227927
1035365,587.8920996328875
1355984,478.4608610040736
1140520,15.757943697173394
1168148,201.18922079720608
1052343,269.73540607941516
1370827,296.4857659094403
1055728,92.42882921504781
1053449,80.34410732504644
1368579,37.05231077430668
1208370,71.9818135713459
1027455,41.13672463208972
1147326,94.27824738536916
1203029,59.645462668427236
1389643,59.645462668427236
1482071,40.783443703447354
1411487,294.6383840096045
1043533,313.4257776262513
1294351,259.3640032840083
1409427,405.006342921738
1000264,318.15479691360036
1016463,127.66844589393827
1224218,26.139647496940537
1485114,85.44521444370369
1006410,59.89639021448522
1221242,107.76811121026505
1031339,250.1452410113728
1153545,207.58274903479523
1182144,127.66844589393827
1194788,123.40493872868458
1082828,153.7462205273739
1265773,584.7596266403834
1154515,177.54302085472833
1105986,289.79940575609317
1293017,37.05231077430668
1272587,26.139647496940537
1027143,49.68334349508331
1179146,131.73063613513636
1342337,104.2344035456528
1269746,44.09581422064965
1369030,282.00457750580074
1109605,405.006342921738
1099603,389.8526349534351
1319113,19.60898272233456
1155697,19.60898272233456
1218892,131.73063613513636
1493357,175.59710078120884
1202597,197.13522892220846
1116108,62.48025450402028
1229780,60.50140510508264
1391127,33.09541835883834
1085957,62.73118205007827
1267409,73.84445986896775
1245159,59.083990032895905
1378973,44.34674176670764
1079844,201.44014834326407
1024089,212.71319771517582
1463712,180.25557869370382
1268331,478.4608610040736
1058344,478.4608610040736
1417277,305.11912886295585
1056035,62.039650096962404
1343254,179.37534878276895
1262833,162.0171371740921
1272751,197.13522892220846
1013213,569.9175311044708
1263405,456.6264052674344
1204818,123.94830623540877
1333742,75.35736216196382
1043262,98.18999686242772
1449237,1309.7416974918403
1080908,605.661888172644
1073524,946.9573623149822
1196482,127.66844589393827
1068138,164.78803142581074
1320427,123.9134088552616
1184166,298.24134385505363
1228572,456.6264052674344
1075131,464.5777208381119
1128915,99.0390440105061
1182843,111.77141557036829
1094044,646.0979930206123
1209858,784.023208205906
1222963,516.1400817272013
1037477,60.50140510508264
1001694,50.69640610044327
1054299,45.165595088189264
1371044,153.7462205273739
1254718,229.69115747355295
1086268,260.2285984741923
1003757,111.77141557036829
1448276,110.44300572415969
1489645,245.6237151062662
1491279,229.69115747355295
1408337,342.10059239347845
1360068,142.2945285593172
1316400,201.18922079720608
1110618,164.78803142581074
1146271,655.5622859207073
1474849,466.54650822874333
1352055,245.3727875602082
1245977,158.04873692752642
1165288,162.0171371740921
1081099,108.99429086918374
1441467,37.30323832036467
1336838,152.0648134656565
1106150,334.14563246261207
1190084,138.94175982265241
1232610,257.9945301393288
1321845,229.69115747355295
1159511,500.873876406609
1441739,220.62688752313338
1096623,179.12442123671096
1474925,59.645462668427236
1118719,33.09541835883834
1297074,26.139647496940537
1054861,158.04873692752642
1208736,450.5736280496527
1161439,389.8526349534351
1282737,164.78803142581074
1194305,166.94142008526637
1353044,175.59710078120884
1063225,49.68334349508331
1116078,23.56308128170095
1075416,37.05231077430668
1088172,33.09541835883834
1320248,313.1748500801933
1271591,342.10059239347845
1127237,423.01282440468475
1243020,296.4857659094403
1416839,245.3727875602082
1172788,75.35736216196382
1473056,94.52917493142714
1060753,45.165595088189264
1053540,158.29966447358441
1261815,301.93382499679456
1489999,192.7982268315772
1133739,131.73063613513636
1384693,96.98764634435442
1072117,421.7868621476975
1023989,183.11682976160276
1183974,257.26180275518556
1171351,81.24258821931583
1004475,60.50140510508264
1080300,32.731026493948406
1164653,30.333820423732597
1444590,27.609025972479195
1169717,145.07060909614802
1399692,227.58845795873157
1393811,197.0908889481728
1177147,15.757943697173394
1455218,16.008871243231383
1478944,89.0568987877406
1415824,107.51718366420707
1041241,98.18999686242772
1045506,43.48631288946552
1210059,43.73724043552351
1139397,58.83306248683792
1008295,37.05231077430668
1406978,37.05231077430668
1470180,40.447259972116804
1326956,175.59710078120884
1268964,204.9485727884011
1267165,984.0741037733518
1414458,642.7665788443229
1105486,421.7868621476975
1246396,33.09541835883834
1223814,94.46797028891713
1208097,98.18999686242772
1426257,423.01282440468475
1402266,569.9175311044708
1273610,899.49397701002
1082679,238.45630989146522
1061395,204.9485727884011
1448891,294.3874564635465
1121802,1052.4264089225367
1017920,549.9441040001311
1220913,769.1370821639798
1201769,89.0568987877406
1214790,71.10964374020064
1055980,71.73088602528792
1143296,90.2169898725787
1161381,135.41424998617074
1049400,98.18999686242772
1388858,71.86215913496974
1367157,67.41930886346482
1056911,59.645462668427236
1363870,685.393566949292
1206999,584.7596266403834
1220962,500.873876406609
1244866,30.333820423732597
1161719,23.56308128170095
1492231,260.4795260202503
1492759,294.6383840096045
1408726,318.1599440536664
1337818,89.0568987877406
1136894,94.27824738536916
1050836,85.19428689764571
1157808,265.12524563645184
1438743,342.10059239347845
1092027,514.3954369619361
1286976,127.66844589393827
1244383,135.41424998617074
1220086,94.46797028891713
1014137,139.91682756760932
1460613,193.31912139486292
1269949,114.11678333686496
1022949,45.165595088189264
1118546,60.50140510508264
1006832,397.51199737445063
1461216,303.7158844855289
1333438,494.0577920710442
1014151,584.7596266403834
1196661,569.9175311044708
1072688,252.1964550746102
1161832,23.56308128170095
1146287,98.18999686242772
1329636,92.17790166898983
1113345,389.8526349534351
1079296,391.7176317893607
1245711,350.4253587779501
1312378,260.2285984741923
1280461,305.11912886295585
1132214,351.9849134854716
1013410,684.9073516834752
1315890,516.1400817272013
1453825,461.3233563984868
1137590,27.609025972479195
1046820,26.139647496940537
1100813,33.09541835883834
1213133,59.645462668427236
1119887,42.081944577309486
1339495,33.14337783885662
1172173,23.56308128170095
1250692,26.139647496940537
1000962,390.1197859130282
1122867,791.3627803821291
1367068,791.3627803821291
1181254,20.918566643974415
1411654,111.12301505627862
1154407,142.5454561053752
1477833,23.56308128170095
1422724,19.60898272233456
1112704,201.77833656980752
1346146,250.509338247975
1108405,342.10059239347845
1194904,60.75233265114063
1448084,65.99112413094363
1266676,37.05231077430668
1099057,40.447259972116804
1188584,587.8920996328875
1230753,405.006342921738
1237054,903.2509594774976
1161084,388.34793588643896
1401228,321.637589564569
1493372,114.11678333686496
1395665,30.333820423732597
1002279,107.76811121026505
1424621,94.71889783497511
1256602,135.41424998617074
1390004,257.26180275518556
1146927,220.59447621445366
1057232,98.18999686242772
1319822,71.10964374020064
1353668,80.34410732504644
1157084,947.339733278442
1115935,391.7176317893607
1033089,683.8008534394285
1090029,98.18999686242772
1464617,85.19428689764571
1209279,58.83306248683792
1039223,111.12301505627862
1152313,294.3874564635465
1198253,260.2285984741923
1356983,61.253920499851745
1375236,51.27050791941515
1276289,65.99112413094363
1188533,405.006342921738
1163547,569.9175311044708
1089771,468.28789663325574
1449997,26.139647496940537
1261700,32.791712239713746
1098789,28.483588610210944
1119881,111.77141557036829
1174890,166.94142008526637
1194658,197.0908889481728
1354710,94.27824738536916
1276097,85.0964335352373
1451749,85.0964335352373
1260659,142.5454561053752
1342195,104.2344035456528
1177959,187.83260286703043
1346194,65.99112413094363
1081095,94.71889783497511
1228200,75.6082897080218
1400215,404.7585089357051
1101987,397.51714451451664
1280892,158.04873692752642
1207745,738.9872266907895
1158313,728.4566098625397
1326014,334.19422889788916
1040372,37.05231077430668
1405754,107.76811121026505
1251759,68.18664461831307
1094372,250.1452410113728
1113898,461.3233563984868
1351735,450.5736280496527
1305756,197.13522892220846
1144073,289.79940575609317
1219445,297.0353323014201
1399854,1248.7165300489114
1077708,423.01282440468475
1136982,687.4799865773577
1168044,142.2945285593172
1301176,131.73063613513636
1045879,110.27081495452957
1375132,305.11912886295585
1224442,294.3874564635465
1195553,59.99712826757012
1486052,45.165595088189264
1406304,59.89639021448522
1003371,569.9175311044708
1447908,726.8841773678105
1022766,762.2299604046132
1359162,23.56308128170095
1149541,32.37936089480551
1389512,27.609025972479195
1294598,250.06644564670663
1187407,229.69115747355295
1151085,388.34793588643896
1262007,186.11565078621612
1273205,136.96734742718112
1098767,141.40480892180867
1328665,192.1730349790327
1207902,162.0171371740921
1110134,214.67352562252546
1135750,58.83306248683792
1404904,85.0964335352373
1252213,58.83306248683792
1471895,472.8093684877515
1370308,541.846327536151
1488744,478.4608610040736
1312130,257.26180275518556
1432207,239.96468016607508
1067574,75.35736216196382
1497576,25.747795365433614
1173597,66.24205167700161
1463356,50.69640610044327
1476005,108.99429086918374
1226297,245.3727875602082
1312818,212.46227016911783
1170077,145.07060909614802
1132041,137.3699196254669
1144962,127.66844589393827
1180712,462.1313904107206
1420842,164.78803142581074
1048319,207.58274903479523
1062167,27.609025972479195
1281864,40.447259972116804
1310639,25.747795365433614
1316568,110.27081495452957
1470598,89.0568987877406
1126729,33.14337783885662
1187117,23.56308128170095
1231315,28.483588610210944
1193778,187.83260286703043
1497770,289.79940575609317
1296043,244.22398533311585
1109033,131.73063613513636
1253619,164.78803142581074
1015055,188.40562372752203
1323954,33.346345904896324
1236535,32.791712239713746
1291602,28.483588610210944
1034239,28.483588610210944
1487244,297.6410950332689
1432981,227.58845795873157
1413500,127.66844589393827
1240615,1300.7610891226095
1125250,946.9573623149822
1049986,586.1974367927389
1432590,44.09581422064965
1064865,111.12301505627862
1462054,92.17790166898983
1175329,450.5736280496527
1231504,462.1313904107206
1310137,946.9573623149822
1176123,107.51718366420707
1267634,104.2344035456528
1397808,179.12442123671096
1489068,1284.645515785878
1399261,646.0979930206123
1057026,903.2509594774976
1157087,127.66844589393827
1221970,111.12301505627862
1055041,260.2285984741923
1378097,313.1748500801933
1154169,201.77833656980752
1062376,99.0390440105061
1181839,73.84445986896775
1276632,107.51718366420707
1388270,687.4799865773577
1171130,702.7579344090778
1242759,586.1974367927389
1035528,43.48631288946552
1232845,40.783443703447354
1133643,30.584747969790588
1020633,212.46227016911783
1137724,296.4857659094403
1418017,269.98633362547315
1129706,80.65529949362455
1414426,71.73088602528792
1443244,49.68334349508331
1336913,131.73063613513636
1216868,186.11565078621612
1074099,404.7533617956391
1005733,188.40562372752203
1187232,141.40480892180867
1315006,257.51273030124355
1429640,450.8299488426566
1193124,342.10059239347845
1321067,89.0568987877406
1020914,92.17790166898983
1464172,67.93571707225509
1012356,516.1400817272013
1048213,398.630928735342
1414658,391.7176317893607
1067356,1154.5795736994444
1402145,822.4319181539063
1205618,552.854929591198
1102348,40.783443703447354
1439251,98.18999686242772
1141169,89.0568987877406
1429174,587.8920996328875
1360530,655.844186407494
1078717,1281.23679976107
1034750,303.7158844855289
1292295,295.0446176028904
1464006,383.306046597072
1207416,1154.5795736994444
1081039,677.2770357876691
1038600,805.5931536927383
1434474,73.84445986896775
1420970,60.50140510508264
1493390,111.12301505627862
1062042,98.18999686242772
1407930,65.99112413094363
1309366,50.03500909422619
1494106,49.68334349508331
1253128,45.165595088189264
1230871,740.2225336632139
1103899,710.6883177571254
1178356,587.8920996328875
1270686,23.56308128170095
1461376,23.56308128170095
1055872,25.97020070826938
1027667,131.98156368119436
1150000,60.75233265114063
1035466,71.10964374020064
1015226,65.99112413094363
1004410,67.41930886346482
1225216,288.45878500593597
1261758,311.4340848322759
1009224,405.006342921738
1164468,153.7462205273739
1234697,124.19923378146675
1072809,259.3640032840083
1405077,123.94830623540877
1133718,44.09581422064965
1090779,65.99112413094363
1220305,51.27050791941515
1455516,389.8526349534351
1077080,353.4641581741101
1381871,616.183528781841
1497941,773.3338743638479
1405281,770.9412155716116
1184133,426.51843919045194
1297493,44.09581422064965
1351826,112.02234311642627
1351915,79.18898912534387
1303502,220.40962337106367
1103552,390.1460862534218
1074755,450.5736280496527
1054413,193.31912139486292
1100592,179.12442123671096
1265971,238.45630989146522
1062386,1052.4264089225367
1005415,377.0439565154405
1454684,646.0979930206123
1098324,123.40493872868458
1463531,108.99429086918374
1128843,81.24258821931583
1200592,162.0171371740921
1337305,388.34793588643896
1130901,342.10059239347845
1101312,51.622173518558036
1423243,51.27050791941515
1358603,62.73118205007827
1040493,549.9441040001311
1023439,678.0505395576475
1402530,586.1974367927389
1148734,33.09541835883834
1115378,32.29567444721536
1138163,166.94142008526637
1089398,265.12524563645184
1111393,326.49716454512424
1441237,158.04873692752642
1073593,123.9134088552616
1353069,107.51718366420707
1237302,177.79394840078632
1068099,98.18999686242772
1296768,176.93428206842518
1407946,62.48025450402028
1341469,98.18999686242772
1099372,78.93806157928589
1310892,390.10668963487205
1190768,389.8526349534351
1070732,257.9945301393288
1249505,429.3303902885769
1235991,311.00044655408396
1260972,136.96734742718112
1207552,26.139647496940537
1043700,73.84445986896775
1311764,60.75233265114063
1387118,136.7697574463391
1193391,260.2285984741923
1091807,250.06644564670663
1240478,252.1964550746102
1494088,201.77833656980752
1347537,250.06644564670663
1102292,646.0979930206123
1088345,239.35856061749607
1446214,269.73540607941516
1033631,65.84094859771089
1291932,51.27050791941515
1048558,40.783443703447354
1374367,26.139647496940537
1379701,297.6410950332689
1324376,455.72699936568034
1000116,353.4641581741101
1213448,15.757943697173394
1246867,152.0648134656565
1414636,197.0908889481728
1390449,191.9221074329747
1440242,44.34674176670764
1382211,37.05231077430668
1248175,60.50140510508264
1395486,42.56703956474454
1222155,49.68334349508331
1031664,290.05033330215116
1022670,377.04910365550654
1280365,259.3640032840083
1034558,60.50140510508264
1147078,78.93806157928589
1459822,33.09541835883834
1099677,104.2344035456528
1348084,110.44300572415969
1220274,71.73088602528792
1209309,135.41424998617074
1184750,179.12442123671096
1190011,164.78803142581074
1319480,111.12301505627862
1305176,104.2344035456528
1251039,22.1780454486166
1312629,62.48025450402028
1031682,318.15479691360036
1034125,239.96468016607508
1046291,45.165595088189264
1444323,158.04873692752642
1317716,180.25557869370382
1057421,191.9221074329747
1428458,282.00457750580074
1348068,98.18999686242772
1380958,403.06418331916177
1001797,797.8983186506963
1207458,478.4608610040736
1252167,334.14563246261207
1402459,37.05231077430668
1336623,92.17790166898983
1092234,67.93571707225509
1276698,297.0353323014201
1014174,334.74626655365205
1389987,611.0376843633196
1176492,71.73088602528792
1248265,89.0568987877406
1045510,142.2945285593172
1045443,642.7665788443229
1099568,307.3765308043676
1295338,510.47401064871127
1207102,62.039650096962404
1391315,57.92757598027962
1251276,40.783443703447354
1003702,98.18999686242772
1371347,139.35052008215322
1495432,73.84445986896775
1427121,59.1847280859808
1314783,37.05231077430668
1358927,59.645462668427236
1465453,387.6557107577639
1183611,397.51199737445063
1272052,298.24134385505363
1363954,23.56308128170095
1409502,22.64467411980613
1030133,191.9221074329747
1363671,239.96468016607508
1035001,239.60948816355406
1410185,60.50140510508264
1432211,37.05231077430668
1065392,40.783443703447354
1373418,111.77141557036829
1365940,164.78803142581074
1242870,289.79940575609317
1231479,104.2344035456528
1404091,85.19428689764571
1181234,124.16433640131957
1085163,186.11565078621612
1436870,141.40480892180867
1254416,45.165595088189264
1471032,51.27050791941515
1334116,49.68334349508331
1347256,265.12524563645184
1311604,188.40562372752203
1063501,265.12524563645184
1025721,607.2832400963322
1276142,404.7533617956391
1060806,227.58845795873157
1071661,32.37936089480551
1498066,51.27050791941515
1407735,45.165595088189264
1051651,111.77141557036829
1363995,250.31737319276462
1454364,259.3640032840083
1467138,57.92757598027962
1074197,62.039650096962404
1230896,111.42423279021803
1115906,769.1370821639798
1186445,326.49716454512424
1478644,468.28789663325574
1096482,127.66844589393827
1429191,135.41424998617074
1257617,108.99429086918374
1440883,104.2344035456528
1021872,260.2285984741923
1154559,229.69115747355295
1095162,45.51726068733215
1300311,43.48631288946552
1389878,51.52143546547314
1412672,468.28789663325574
1155036,432.2685389934005
1112459,389.8526349534351
1133681,20.918566643974415
1218617,30.856417305070458
1190145,20.30161863942586
1262383,152.24261946299117
1331957,186.11565078621612
1481626,269.73540607941516
1134995,111.12301505627862
1285263,67.93571707225509
1106138,94.27824738536916
1175167,153.9971480734319
1205164,153.7462205273739
1483833,326.49716454512424
1496897,49.68334349508331
1074105,59.645462668427236
1465377,33.09541835883834
1106879,353.4693053141761
1150467,303.0616945182964
1116996,141.40480892180867
1185434,1852.347590955707
1266519,1599.0640337753812
1353114,946.9573623149822
1129265,59.645462668427236
1252749,188.40562372752203
1162104,164.78803142581074
1193418,616.183528781841
1284837,784.023208205906
1363184,1087.4737786334417
1191468,152.0648134656565
1078789,153.7462205273739
1136805,314.38784196512813
1405386,1641.3434839248905
1114322,873.198060491948
1350211,1304.237236358399
1278837,123.9134088552616
1172455,107.51718366420707
1478221,73.84445986896775
1098408,197.13522892220846
1091951,429.3303902885769
1099622,201.18922079720608
1139472,95.12729453344754
1061430,141.40480892180867
1258982,111.12301505627862
1405793,818.6626645196303
1494572,984.0741037733518
1023532,873.198060491948
1088540,37.05231077430668
1350522,37.30323832036467
1062543,450.5736280496527
1123146,647.2471200328392
1335657,500.873876406609
1336480,90.2169898725787
1334472,111.12301505627862
1223905,51.27050791941515
1106947,139.35052008215322
1268382,227.58845795873157
1410375,464.5777208381119
1480252,139.66590002155132
1270897,123.9134088552616
1171323,298.4922714011116
1347721,606.9899741817018
1195122,318.15479691360036
1160060,73.84445986896775
1103877,111.12301505627862
1227192,114.11678333686496
1225674,523.9682541816373
1435797,462.3933485712259
1364079,678.0505395576475
1306281,123.40493872868458
1299709,136.96734742718112
1299648,107.51718366420707
1191925,23.56308128170095
1303294,110.27081495452957
1276615,92.42882921504781
1347235,128.46280287243357
1433729,297.0353323014201
1442624,131.73063613513636
1136999,153.7462205273739
1419217,137.3699196254669
1314342,710.6883177571254
1429773,265.12524563645184
1267876,227.58845795873157
1387167,32.791712239713746
1173342,45.165595088189264
1186948,33.346345904896324
1233252,177.54302085472833
1066977,822.4319181539063
1152418,603.9118101820272
1124445,15.757943697173394
1026138,136.96734742718112
1332514,143.49617934712072
1468716,145.07060909614802
1287492,25.998722911491605
1206863,23.56308128170095
1398867,58.83306248683792
1055136,74.09538741502573
1118702,70.91465757021143
1359875,429.3355374286429
1107202,464.31377370548154
1296158,342.10059239347845
1470774,870.4905644011565
1117544,762.2299604046132
1151189,584.7416583664025
1186842,32.791712239713746
1398197,70.91465757021143
1083741,62.48025450402028
1037042,516.1400817272013
1088465,464.5777208381119
1451012,805.5931536927383
1227620,123.40493872868458
1102512,135.41424998617074
1234887,260.2285984741923
1128433,805.8450584860606
1444037,456.6264052674344
1015740,605.661888172644
1346922,65.99112413094363
1102942,49.68334349508331
1174075,85.0964335352373
1108936,160.17185853115015
1412117,111.42423279021803
1014965,59.1847280859808
1418316,40.447259972116804
1472488,49.68334349508331
1019856,494.0577920710442
1175542,728.4566098625397
1013232,614.3853909212653
1321001,405.006342921738
1100828,528.7018123144654
1068732,450.5736280496527
1386147,40.783443703447354
1410568,32.791712239713746
1471314,164.78803142581074
1143781,188.40562372752203
1010375,383.306046597072
1144387,137.3699196254669
1229377,123.94830623540877
1095558,94.46797028891713
1478260,162.2680647201501
1438799,123.9134088552616
1359239,123.9134088552616
1097687,40.783443703447354
1065465,60.50140510508264
1028748,40.447259972116804
1487448,353.4641581741101
1331356,260.2285984741923
1480686,616.183528781841
1236999,1072.4239313261794
1199822,873.198060491948
1254681,516.1400817272013
1047669,37.05231077430668
1084506,71.73088602528792
1407062,71.10964374020064
1004423,342.10059239347845
1207875,426.51843919045194
1328513,805.8450584860606
1170969,107.51718366420707
1281563,98.18999686242772
1432075,179.12442123671096
1253965,946.9573623149822
1444649,466.5413610886773
1152272,762.2299604046132
1393567,139.35052008215322
1154663,158.04873692752642
1144903,258.9661051334541
1329590,311.00044655408396
1441678,193.31912139486292
1001524,71.86215913496974
1440235,49.68334349508331
1437743,62.039650096962404
1468736,710.6883177571254
1325002,613.4450048155272
1255670,528.7018123144654
1054864,40.447259972116804
1057573,21.169494190032406
1006532,238.70723743752322
1276400,282.00457750580074
1086209,296.7366934554983
1325888,89.0568987877406
1269656,89.30782633379857
1219510,43.48631288946552
1402597,136.96734742718112
1254290,197.0908889481728
1207536,404.7533617956391
1358623,138.94175982265241
1106454,111.12301505627862
1096522,114.11678333686496
1497989,258.2454576853868
1034611,401.52632182794764
1145961,260.2285984741923
1241244,43.48631288946552
1335255,65.99112413094363
1167949,60.50140510508264
1215373,463.40606868843656
1245385,307.3765308043676
1299559,353.4641581741101
1402501,114.11678333686496
1356370,114.11678333686496
1244578,73.84445986896775
1402872,62.039650096962404
1373011,153.7462205273739
1099626,71.73088602528792
1240618,111.12301505627862
1313356,153.7462205273739
1063775,127.66844589393827
1351476,404.7533617956391
1423116,191.9221074329747
1026366,98.18999686242772
1006892,15.757943697173394
1366540,40.447259972116804
1308211,59.645462668427236
1060946,24.2520986296188
1111869,32.791712239713746
1321821,28.232661064152953
1442998,104.2344035456528
1187281,614.3853909212653
1149992,510.47401064871127
1269393,160.17185853115015
1271415,164.78803142581074
1115599,179.12442123671096
1049715,23.81400882775894
1386843,67.41930886346482
1449443,401.53146896801366
1247790,389.8577820935011
1377409,334.14563246261207
1402068,492.1257035426043
1131692,461.5546411231465
1103707,305.11912886295585
1011869,71.73088602528792
1134421,180.25557869370382
1187227,139.60144762821122
1404182,259.3640032840083
1430582,677.2770357876691
1077995,387.6557107577639
1484671,177.54302085472833
1420778,145.07060909614802
1310109,127.66844589393827
1219340,1316.0375759156225
1483037,500.873876406609
1278014,773.6385750817078
1020009,164.78803142581074
1357861,131.73063613513636
1246537,136.96734742718112
1138911,468.28789663325574
1072349,342.10059239347845
1044205,95.31701743699551
1003775,85.19428689764571
1105139,123.94830623540877
1233795,461.3233563984868
1488993,510.47401064871127
1128989,390.10154249480604
1461060,40.447259972116804
1093258,40.783443703447354
1458579,158.04873692752642
1267831,307.3765308043676
1076102,311.00044655408396
1492794,127.66844589393827
1258414,108.99429086918374
1233270,104.2344035456528
1218069,188.08353041308843
1209101,201.18922079720608
1005839,305.11912886295585
1205721,111.12301505627862
1286663,109.24521841524172
1396005,112.02234311642627
1005991,646.0979930206123
1411749,456.6264052674344
1256153,265.12524563645184
1334064,334.14563246261207
1053700,404.7533617956391
1079711,127.66844589393827
1449942,26.139647496940537
1080233,60.50140510508264
1320661,50.94733364650126
1137255,188.40562372752203
1264796,456.6264052674344
1048031,334.14563246261207
1363159,265.12524563645184
1311397,298.24134385505363
1408686,282.00457750580074
1335629,581.1345643603444
1384967,311.00044655408396
1425196,303.7158844855289
1185945,45.165595088189264
1233671,114.11678333686496
1168634,108.99429086918374
1475193,33.44708395798122
1008215,32.37936089480551
1490942,40.69818751817479
1086613,294.3874564635465
1429213,399.7874730227927
1247277,321.637589564569
1315521,15.757943697173394
1251613,15.757943697173394
1341539,16.008871243231383
1314843,127.66844589393827
1060246,193.31912139486292
1196722,153.7462205273739
1062489,59.645462668427236
1391156,58.83306248683792
1420868,51.52143546547314
1266795,59.645462668427236
1452943,71.73088602528792
1372739,33.09541835883834
1384170,28.232661064152953
1270445,313.1748500801933
1440443,456.6264052674344
1158748,288.45878500593597
1373369,1852.347590955707
1171380,1259.589965288865
1334250,318.15479691360036
1260574,49.68334349508331
1004325,107.51718366420707
1402074,90.2169898725787
1305204,569.9175311044708
1225037,652.5231949582105
1174606,1142.8357391595268
1118582,207.58274903479523
1302852,153.7462205273739
1236914,260.2285984741923
1047047,1154.5795736994444
1219768,591.2741245166496
1449676,984.0741037733518
1459390,107.51718366420707
1403792,135.41424998617074
1181820,179.12442123671096
1158592,111.12301505627862
1106569,58.680091375048725
1460628,60.50140510508264
1456648,60.50140510508264
1074653,684.9073516834752
1172350,684.707431899225
1064482,492.1257035426043
1035769,27.609025972479195
1092414,27.609025972479195
1187218,27.859953518537186
1309910,114.36771088292294
1064688,141.65573646786666
1208945,153.9971480734319
1223704,207.58274903479523
1342926,294.3874564635465
1016090,141.40480892180867
1084541,183.11682976160276
1006036,354.1851435696782
1271294,390.1460862534218
1293143,142.2945285593172
1380357,137.0206849923971
1394412,282.00457750580074
1045597,161.19198404589054
1242518,59.645462668427236
1425711,70.91465757021143
1236266,73.84445986896775
1391787,399.7874730227927
1018619,334.14563246261207
1439086,423.01282440468475
1487991,1994.892392441625
1460540,405.006342921738
1421075,110.27081495452957
1337962,30.856417305070458
1205702,90.2169898725787
1216068,94.52917493142714
1416093,131.73063613513636
1106438,423.01282440468475
1187958,220.40962337106367
1461237,187.83260286703043
1493677,197.13522892220846
1346875,197.13522892220846
1047024,762.2299604046132
1179951,325.64117507705777
1272720,423.01282440468475
1009102,98.18999686242772
1102030,70.91465757021143
1357349,67.41930886346482
1254542,139.35052008215322
1239839,139.35052008215322
1142498,61.253920499851745
1479142,59.645462668427236
1127057,43.73724043552351
1143077,326.49716454512424
1315764,614.3853909212653
1076879,552.854929591198
1117812,20.918566643974415
1171684,22.42897299467459
1187665,193.31912139486292
1150288,212.46227016911783
1092093,260.2285984741923
1447408,89.0568987877406
1331327,73.84445986896775
1478225,75.6082897080218
1247480,44.09581422064965
1105195,59.645462668427236
1439531,44.09581422064965
1079007,58.83306248683792
1068176,37.05231077430668
1396170,252.4473826206682
1334406,250.509338247975
1014026,252.71739626185848
1352373,684.707431899225
1243030,643.2933866854997
1041420,220.40962337106367
1319327,34.60728634400457
1410028,62.29057764302039
1139636,40.447259972116804
1036193,188.40562372752203
1003367,298.24134385505363
1387633,313.1748500801933
1332886,398.630928735342
1080327,383.306046597072
1013373,450.5736280496527
1078845,797.8983186506963
1240791,289.79940575609317
1474319,390.1460862534218
1494561,73.84445986896775
1150748,44.09581422064965
1140411,71.10964374020064
1440680,65.84094859771089
1067429,179.12442123671096
1160511,158.04873692752642
1065243,43.83797848860841
1279830,33.09541835883834
1030666,37.30323832036467
1433611,494.0577920710442
1333707,552.854929591198
1266311,492.1257035426043
1103146,22.42897299467459
1491817,176.93428206842518
1212716,212.46227016911783
1301661,265.12524563645184
1233889,123.94830623540877
1342250,75.35736216196382
1079171,73.84445986896775
1132769,131.98156368119436
1177184,127.66844589393827
1162498,42.56703956474454
1226350,51.52143546547314
1353682,37.05231077430668
1144693,390.10668963487205
1200921,305.11912886295585
1098073,260.2285984741923
1083024,390.1460862534218
1496726,404.7533617956391
1222568,197.13522892220846
1118152,40.447259972116804
1474455,62.29057764302039
1344569,201.18922079720608
1362812,550.8593572798749
1357918,282.00457750580074
1427314,176.93428206842518
1177846,158.04873692752642
1447665,127.66844589393827
1180242,728.4566098625397
1057980,252.1964550746102
1057989,405.006342921738
1494214,57.92757598027962
1360415,176.93428206842518
1474051,128.46280287243357
1139545,33.44708395798122
1102908,40.783443703447354
1281533,40.447259972116804
1233530,229.69115747355295
1474190,318.15479691360036
1195458,260.2285984741923
1481613,27.609025972479195
1004249,98.18999686242772
1165001,136.96734742718112
1022162,104.2344035456528
1185155,67.93571707225509
1152177,104.48533109171078
1374738,80.65529949362455
1379639,153.7462205273739
1333423,43.48631288946552
1128407,58.83306248683792
1204473,32.791712239713746
1310544,311.00044655408396
1154591,334.74626655365205
1494201,192.7982268315772
1115748,687.4780410475747
1353589,587.8920996328875
1484676,250.1452410113728
1048616,32.37936089480551
1314508,71.9818135713459
1296975,59.89639021448522
1372115,180.25557869370382
1336189,313.4257776262513
1121324,303.0616945182964
1045996,114.11678333686496
1361706,123.9134088552616
1431483,111.12301505627862
1387232,699.299938344033
1160893,297.6410950332689
1431384,403.06418331916177
1235837,67.41930886346482
1436037,50.69640610044327
1202680,58.83306248683792
1412587,60.50140510508264
1377286,183.11682976160276
1197461,176.93428206842518
1116597,33.09541835883834
1062507,40.447259972116804
1030306,325.64117507705777
1013660,423.01282440468475
1086030,415.6078889934526
1229602,32.37936089480551
1272184,23.81400882775894
1433035,111.77141557036829
1374038,131.73063613513636
1222840,176.93428206842518
1356273,80.34410732504644
1101932,71.73088602528792
1021010,112.02234311642627
1171411,92.17790166898983
1337490,153.7462205273739
1332396,43.48631288946552
1303811,58.83306248683792
1333733,37.05231077430668
1191789,265.12524563645184
1325792,250.509338247975
1476106,250.06644564670663
1171225,642.7665788443229
1235681,465.6113383269906
1224499,318.15479691360036
1423465,32.37936089480551
1120552,78.93806157928589
1292401,73.84445986896775
1226546,269.73540607941516
1485369,296.4857659094403
1369288,560.2138161334647
1432305,197.0908889481728
1079777,186.11565078621612
1092628,269.73540607941516
1282588,523.9682541816373
1415191,311.4340848322759
1209550,404.7533617956391
1370271,33.09541835883834
1104842,33.09541835883834
1381859,78.93806157928589
1062232,58.83306248683792
1171522,33.14337783885662
1084587,32.791712239713746
1439204,32.791712239713746
1159953,383.306046597072
1379917,350.4253587779501
1082924,326.49716454512424
1380277,22.1780454486166
1303074,19.85991026839255
1357053,197.42011069598013
1482844,294.6383840096045
1095958,32.791712239713746
1335161,23.56308128170095
1432554,33.09541835883834
1058867,111.12301505627862
1289214,197.13522892220846
1028000,260.2285984741923
1437271,98.18999686242772
1399943,65.84094859771089
1107949,71.16558511626941
1356581,104.2344035456528
1194491,30.856417305070458
1203992,44.09581422064965
1073984,33.09541835883834
1158974,214.67352562252546
1244952,175.59710078120884
1350959,389.8526349534351
1221985,614.3853909212653
1428233,405.006342921738
1247118,314.38784196512813
1460736,26.139647496940537
1317327,58.83306248683792
1233024,57.92757598027962
1471569,258.9661051334541
1415077,391.7176317893607
1056913,523.9682541816373
1277505,123.9134088552616
1359182,180.25557869370382
1430948,468.28789663325574
1013760,342.10059239347845
1147147,492.1257035426043
1415890,62.48025450402028
1265084,65.99112413094363
1431945,94.27824738536916
1484655,50.03500909422619
1161020,33.09541835883834
1175530,391.7176317893607
1154338,307.3765308043676
1130574,314.38784196512813
1051940,23.56308128170095
1440445,21.169494190032406
1192440,188.65655127358002
1260322,240.21560771213308
1421768,257.9945301393288
1449682,32.37936089480551
1415276,26.139647496940537
1453255,107.51718366420707
1248669,139.35052008215322
1230958,259.3640032840083
1157877,104.2344035456528
1325572,162.2680647201501
1431659,161.19198404589054
1309583,110.27081495452957
1209010,32.791712239713746
1285811,45.165595088189264
1136992,58.83306248683792
1108246,297.0353323014201
1104829,197.0908889481728
1330971,252.1964550746102
1224992,683.8008534394285
1268353,461.3233563984868
1232469,303.7158844855289
1410483,37.05231077430668
1063825,107.51718366420707
1243528,81.24258821931583
1349678,298.24134385505363
1072684,405.006342921738
1342993,584.7416583664025
1495669,112.54495677784358
1322377,123.94830623540877
1202457,111.12301505627862
1415501,960.3781815223076
1363882,464.5777208381119
1080956,678.0505395576475
1134020,85.19428689764571
1151908,81.24258821931583
1350192,104.2344035456528
1416559,153.7462205273739
1092576,111.42423279021803
1344385,59.99712826757012
1217656,45.165595088189264
1302415,58.83306248683792
1242600,398.630928735342
1467152,784.023208205906
1438001,516.1400817272013
1460611,25.747795365433614
1441014,23.81400882775894
1357398,153.9971480734319
1077114,212.71319771517582
1263663,205.1995003344591
1372445,51.27050791941515
1298212,45.165595088189264
1491344,33.09541835883834
1281588,111.12301505627862
1136004,158.04873692752642
1289149,227.58845795873157
1474421,65.99112413094363
1473813,60.50140510508264
1252840,107.76811121026505
1172252,197.0908889481728
1189064,143.49617934712072
1361099,73.84445986896775
1013719,85.0964335352373
1073519,60.50140510508264
1277293,397.51199737445063
1159227,311.4340848322759
1139762,455.72699936568034
1295739,197.0908889481728
1009685,289.79940575609317
1474772,62.48025450402028
1165673,22.39374657374814
1065468,45.165595088189264
1102053,37.05231077430668
1161784,127.66844589393827
1051139,245.3727875602082
1269039,143.49617934712072
1158737,111.12301505627862
1246489,137.3699196254669
1202461,135.41424998617074
1198164,450.5736280496527
1011440,207.83367658085322
1413230,161.19198404589054
1094332,45.165595088189264
1141137,26.139647496940537
1049606,34.60728634400457
1391442,164.78803142581074
1359351,516.1400817272013
1233267,404.7533617956391
1314748,15.757943697173394
1413495,111.77141557036829
1225930,131.73063613513636
1137875,153.7462205273739
1190701,30.856417305070458
1122832,40.447259972116804
1089220,32.791712239713746
1249809,404.7585089357051
1093731,476.71621623880844
1064557,342.10059239347845
1117909,462.3933485712259
1214618,388.34793588643896
1089335,139.35052008215322
1213475,22.1780454486166
1170902,43.73724043552351
1481946,94.46797028891713
1224868,127.66844589393827
1106482,145.07060909614802
1273502,45.165595088189264
1216168,71.73088602528792
1083594,569.9175311044708
1224295,238.45630989146522
1013278,353.4641581741101
1005855,67.41930886346482
1056709,43.48631288946552
1249671,94.46797028891713
1230380,207.58274903479523
1484433,175.59710078120884
1267040,40.79892557125969
1473223,34.60728634400457
1233669,313.1748500801933
1250796,326.49716454512424
1313401,260.2285984741923
1237110,19.60898272233456
1238242,22.39374657374814
1000121,75.35736216196382
1129558,107.51718366420707
1018802,153.7462205273739
1368711,131.98156368119436
1368971,111.12301505627862
1240209,158.04873692752642
1430887,37.05231077430668
1476123,49.68334349508331
1068042,37.30323832036467
1124650,197.38615646826645
1289201,127.91937343999619
1281401,111.65760982073394
1485491,432.2685389934005
1104767,455.72699936568034
1260343,298.24134385505363
1420693,37.05231077430668
1462062,112.02234311642627
1057642,60.50140510508264
1379980,179.12442123671096
1095043,294.3874564635465
1096435,296.4857659094403
1339708,158.04873692752642
1430712,158.04873692752642
1348620,197.0908889481728
1489978,784.023208205906
1343050,294.3874564635465
1171803,398.630928735342
1239136,51.27050791941515
1159926,49.68334349508331
1167786,62.039650096962404
1261300,128.46280287243357
1164093,104.2344035456528
1161124,45.51726068733215
1077741,49.934271041141294
1139047,59.083990032895905
1253918,334.74626655365205
1081347,516.1400817272013
1067587,423.01282440468475
1029248,27.609025972479195
1456841,26.390575042998528
1383133,123.40493872868458
1263414,192.7982268315772
1110768,227.58845795873157
1363668,70.91465757021143
1187183,59.645462668427236
1364266,94.71889783497511
1026176,98.18999686242772
1177476,158.04873692752642
1499793,59.645462668427236
1245784,78.93806157928589
1031113,60.50140510508264
1117382,294.6383840096045
1449051,313.1748500801933
1441522,289.79940575609317
1220040,282.00457750580074
1445037,334.14563246261207
1313829,107.51718366420707
1345555,85.19428689764571
1278499,51.27050791941515
1352264,185.18415594817532
1466161,388.34793588643896
1252687,227.83938550478956
1479808,180.25557869370382
1223345,260.2285984741923
1049411,238.81836432014148
1003384,647.529020519626
1363984,250.06644564670663
1216354,297.6410950332689
1394628,51.27050791941515
1343435,60.50140510508264
1370718,37.40397637344957
1156018,40.783443703447354
1395048,176.93428206842518
1314516,455.72699936568034
1399258,377.0439565154405
1338874,15.757943697173394
1118069,16.008871243231383
1465660,127.24431800615683
1255031,145.07060909614802
1058944,123.40493872868458
1305598,37.05231077430668
1196241,49.934271041141294
1004788,44.09581422064965
1463684,42.56703956474454
1061891,40.69818751817479
1257545,33.346345904896324
1137317,289.79940575609317
1316766,342.10059239347845
1215009,390.10154249480604
1198616,398.630928735342
1119975,313.1748500801933
1173978,152.24261946299117
1003325,32.791712239713746
1014959,90.2169898725787
1238676,110.27081495452957
1180681,265.12524563645184
1154031,162.0171371740921
1392618,136.96734742718112
1158959,123.94830623540877
1174657,164.78803142581074
1215383,805.8450584860606
1056737,239.35856061749607
1226869,353.4641581741101
1338426,164.78803142581074
1119609,123.94830623540877
1063798,40.447259972116804
1045972,59.083990032895905
1150952,250.06644564670663
1077779,607.2832400963322
1144441,584.7416583664025
1257450,26.139647496940537
1254802,175.59710078120884
1250391,220.40962337106367
1045722,220.40962337106367
1346647,78.93806157928589
1026834,73.84445986896775
1283298,98.4409244084857
1481903,78.93806157928589
1318877,114.11678333686496
1130427,67.41930886346482
1357694,98.18999686242772
1244100,67.6702364095228
1131178,325.6463222171238
1402295,429.3355374286429
1126893,245.3727875602082
1093651,762.2299604046132
1112711,738.9872266907895
1105210,245.3727875602082
1164254,40.447259972116804
1498407,94.27824738536916
1283105,78.93806157928589
1415914,191.9221074329747
1057017,303.7158844855289
1137052,391.7176317893607
1144252,135.41424998617074
1370833,164.78803142581074
1295518,193.31912139486292
1065864,773.6385750817078
1166233,388.34793588643896
1209388,455.72699936568034
1374893,80.65529949362455
1119217,62.039650096962404
1004773,166.94142008526637
1248761,350.4253587779501
1178734,269.73540607941516
1098698,45.51726068733215
1044262,51.27050791941515
1053113,405.006342921738
1309992,405.006342921738
1307732,462.1313904107206
1417093,40.783443703447354
1326039,23.81400882775894
1233803,111.12301505627862
1099973,127.66844589393827
1409188,220.40962337106367
1369859,111.42423279021803
1251710,107.51718366420707
1152116,104.2344035456528
1363025,205.1995003344591
1267904,197.0908889481728
1269147,390.1460862534218
1001765,58.83306248683792
1392665,462.04979928476877
1261277,318.15479691360036
1422430,250.06644564670663
1106809,1300.7610891226095
1353415,1149.9618275012292
1368715,541.846327536151
1087675,40.783443703447354
1336730,142.2945285593172
1332354,123.9134088552616
1456769,614.3853909212653
1190728,684.9073516834752
1268579,1087.4737786334417
1217878,229.69115747355295
1106508,214.67352562252546
1006087,350.4253587779501
1402675,1087.4737786334417
1276630,762.2299604046132
1205256,822.4319181539063
1445432,89.0568987877406
1009975,71.10964374020064
1394741,162.0171371740921
1275536,59.99712826757012
1158507,58.83306248683792
1269365,70.91465757021143
1204388,728.4566098625397
1068999,821.0370965557263
1370340,773.3338743638479
1252762,22.1780454486166
1154390,22.1780454486166
1394582,23.56308128170095
1149088,478.4608610040736
1386755,457.9909737863931
1299563,457.9909737863931
1491160,45.165595088189264
1230263,50.69640610044327
1011505,42.56703956474454
1446632,197.0908889481728
1415161,250.06644564670663
1228341,390.1460862534218
1056047,145.29757198979337
1278396,104.2344035456528
1005154,139.1926873687104
1312357,220.62688752313338
1370120,158.04873692752642
1255799,49.68334349508331
1115383,65.99112413094363
1118490,59.645462668427236
1493917,528.7018123144654
1487221,252.1964550746102
1149775,738.9872266907895
1460445,510.47401064871127
1448306,462.3933485712259
1431907,153.7462205273739
1401766,23.56308128170095
1047198,60.50140510508264
1002660,62.039650096962404
1366099,152.0648134656565
1292159,298.24134385505363
1373525,265.37617318250983
1049952,70.91465757021143
1377098,107.51718366420707
1198185,94.27824738536916
1256980,643.2933866854997
1010248,260.2285984741923
1080513,390.1460862534218
1081848,60.50140510508264
1054349,73.84445986896775
1233461,59.645462668427236
1313017,136.7697574463391
1105421,311.00044655408396
1339465,289.79940575609317
1063256,37.05231077430668
1013469,37.05231077430668
1375319,326.49716454512424
1366962,313.1748500801933
1317620,305.11912886295585
1127397,22.39374657374814
1250684,22.64467411980613
1102059,104.2344035456528
1281560,110.27081495452957
1392837,175.59710078120884
1279583,85.0964335352373
1225127,58.83306248683792
1188903,165.03895897186874
1320069,107.51718366420707
1081725,152.24261946299117
1288919,40.783443703447354
1098380,59.645462668427236
1141854,49.934271041141294
1471277,297.0353323014201
1485310,204.9485727884011
1057256,175.59710078120884
1443523,265.12524563645184
1242874,244.22398533311585
1028151,136.96734742718112
1302656,37.05231077430668
1431208,142.2945285593172
1473127,111.77141557036829
1249389,289.79940575609317
1270759,552.854929591198
1220718,296.0489875479636
1429360,164.78803142581074
1141020,191.9221074329747
1325573,229.69115747355295
1165621,1026.255125904989
1386579,390.1197859130282
1089648,390.10154249480604
1210152,15.757943697173394
1013568,22.1780454486166
1269338,71.73088602528792
1462527,37.40397637344957
1094399,49.68334349508331
1197572,49.68334349508331
1127792,229.69115747355295
1290080,1094.84106463691
1160077,784.023208205906
1439020,19.60898272233456
1129340,220.62688752313338
1198240,204.9485727884011
1123239,244.22398533311585
1402087,33.04263978577173
1104882,62.039650096962404
1155836,98.18999686242772
1057692,60.50140510508264
1045903,405.006342921738
1247162,516.1400817272013
1447707,699.7177774605515
1450701,531.5223363082393
1119729,581.2125988722455
1463108,305.11912886295585
1004715,44.09581422064965
1055930,107.76811121026505
1258137,80.65529949362455
1220154,254.6981049735426
1425882,494.0577920710442
1023497,468.28789663325574
1410135,311.00044655408396
1265438,342.10059239347845
1414821,313.1748500801933
1116522,818.6626645196303
1443270,415.8536693994446
1263016,500.873876406609
1018136,62.039650096962404
1451314,191.9221074329747
1038393,183.11682976160276
1403993,62.831920103163164
1274108,42.56703956474454
1188111,60.50140510508264
1342222,390.1460862534218
1057623,468.28789663325574
1324265,462.1313904107206
1438649,25.747795365433614
1073338,25.747795365433614
1082298,191.9221074329747
1110286,303.7158844855289
1266357,250.1452410113728
1138371,114.11678333686496
1298566,111.77141557036829
1430079,94.46797028891713
1375660,115.37147360353683
1319105,152.0648134656565
1361990,220.40962337106367
1337117,45.165595088189264
1092006,58.17850352633761
1379437,43.48631288946552
1315755,405.006342921738
1101610,464.5777208381119
1212642,313.1748500801933
1257724,584.7596266403834
1466648,513.374806066422
1254129,307.3765308043676
1046453,27.609025972479195
1417296,89.0568987877406
1103295,70.91465757021143
1288752,238.81836432014148
1460898,301.22893775941066
1045465,513.374806066422
1429233,94.46797028891713
1428924,78.93806157928589
1179927,145.07060909614802
1401756,584.7596266403834
1482727,307.3765308043676
1412634,399.7874730227927
1122492,40.447259972116804
1051180,23.56308128170095
1076417,32.791712239713746
1297374,96.98764634435442
1204108,114.11678333686496
1021362,65.99112413094363
1390263,37.40397637344957
1363384,32.791712239713746
1116791,32.791712239713746
1326548,403.06418331916177
1433636,334.14563246261207
1481561,305.11912886295585
1034638,175.59710078120884
1230918,175.84802832726683
1242400,207.83367658085322
1115757,45.165595088189264
1041643,40.447259972116804
1287497,42.56703956474454
1306844,89.0568987877406
1200113,110.44300572415969
1078215,229.69115747355295
1298841,67.93571707225509
1392730,90.2169898725787
1198643,50.69640610044327
1020564,85.34736108129528
1154567,123.40493872868458
1225474,89.0568987877406
1248898,37.05231077430668
1170575,45.165595088189264
1413355,40.783443703447354
1113523,252.1964550746102
1356462,197.13522892220846
1174460,313.1748500801933
1040703,821.0370965557263
1009276,642.7665788443229
1348411,301.22893775941066
1235035,20.918566643974415
1435764,60.50140510508264
1109203,62.039650096962404
1310361,388.34793588643896
1173091,465.6113383269906
1201488,702.7579344090778
1416516,197.0908889481728
1156700,207.58274903479523
1135820,257.26180275518556
1477704,699.299938344033
1178324,513.374806066422
1198224,587.8920996328875
1308367,37.05231077430668
1260111,59.645462668427236
1298774,73.84445986896775
1295663,58.83306248683792
1084873,41.4883902312326
1238634,43.48631288946552
1237748,32.37936089480551
1143221,616.183528781841
1228159,678.0505395576475
1349223,586.1974367927389
1056933,19.60898272233456
1424540,19.85991026839255
1484915,114.44600508467228
1111332,165.03895897186874
1063614,58.83306248683792
1301207,49.68334349508331
1053999,188.40562372752203
1118223,269.73540607941516
1450088,313.1748500801933
1230421,94.46797028891713
1068073,90.2169898725787
1197880,65.84094859771089
1094580,74.09538741502573
1172938,85.0964335352373
1029830,33.09541835883834
1359667,33.09541835883834
1377423,415.8536693994446
1310816,269.73540607941516
1316805,678.0505395576475
1259591,1871.8226425728078
1167271,1295.9914553680217
1201964,773.6385750817078
1049973,58.83306248683792
1185564,111.65760982073394
1047036,98.18999686242772
1209578,549.9441040001311
1416876,581.1345643603444
1113492,1078.7808014243674
1029884,112.02234311642627
1497894,141.40480892180867
1300128,252.1964550746102
1300828,1309.7416974918403
1394735,710.6883177571254
1339641,1052.4264089225367
1395056,179.12442123671096
1015576,187.83260286703043
1328783,94.46797028891713
1208849,260.2285984741923
1242697,405.006342921738
1359281,289.79940575609317
1485050,99.0390440105061
1309096,78.93806157928589
1066654,107.51718366420707
1333325,773.6385750817078
1065376,805.6143797616472
1392342,805.5931536927383
1418086,45.165595088189264
1126584,62.039650096962404
1140959,32.63028844086352
1313505,260.4795260202503
1117255,464.31377370548154
1266859,584.7416583664025
1352627,135.41424998617074
1366366,89.0568987877406
1476169,94.27824738536916
1372662,201.44014834326407
1226797,245.3727875602082
1296700,614.3853909212653
1240353,201.77833656980752
1147081,197.0908889481728
1187416,183.11682976160276
1261102,294.6383840096045
1458629,510.47401064871127
1242716,342.10059239347845
1421036,60.50140510508264
1346652,98.18999686242772
1245436,80.34410732504644
1198242,531.5223363082393
1045821,423.01282440468475
1443036,586.1974367927389
1173972,2038.637618473551
1026093,1651.1945877775909
1050787,586.1974367927389
1173917,49.68334349508331
1401571,153.7462205273739
1157221,127.66844589393827
1005375,684.9073516834752
1046037,699.299938344033
1179494,1316.0375759156225
1351594,192.7982268315772
1004476,197.0908889481728
1108850,353.4641581741101
1243144,1261.3528674995955
1152066,728.4566098625397
1222518,984.0741037733518
1387120,127.66844589393827
1333542,94.46797028891713
1017181,94.46797028891713
1272397,139.35052008215322
1435758,220.62688752313338
1373049,161.19198404589054
1408547,93.21453857723674
1428679,65.99112413094363
1244464,89.0568987877406
1384377,870.4905644011565
1488118,791.3627803821291
1228826,677.2770357876691
1245151,42.56703956474454
1095362,45.165595088189264
1069078,33.04263978577173
1049725,179.12442123671096
1187024,239.60948816355406
1135586,265.37617318250983
1277897,166.94142008526637
1269737,139.35052008215322
1027610,107.51718366420707
1365843,204.9485727884011
1086058,353.4641581741101
1219724,552.854929591198
1199897,197.0908889481728
1416231,123.40493872868458
1391175,214.92445316858345
1140599,390.1197859130282
1099643,303.7158844855289
1088269,62.039650096962404
1073405,108.99429086918374
1055745,67.41930886346482
1472617,466.5413610886773
1230428,384.783701678737
1040401,586.1974367927389
1113951,260.2285984741923
1095435,227.58845795873157
1363338,138.94175982265241
1349382,32.791712239713746
1035972,131.98156368119436
1285850,75.6082897080218
1116211,139.35052008215322
1221446,342.10573953354447
1067824,250.1452410113728
1325209,158.04873692752642
1250269,177.54302085472833
1422706,145.07060909614802
1276177,803.5587002702547
1129647,298.24134385505363
1270817,313.1748500801933
1205675,15.757943697173394
1374416,25.747795365433614
1371785,75.35736216196382
1437236,59.645462668427236
1342334,51.52143546547314
1015263,269.73540607941516
1005610,908.1207903913346
1207270,693.638875588151
1328618,16.008871243231383
1263164,145.07060909614802
1370636,161.19198404589054
1052297,191.9221074329747
1234483,49.934271041141294
1344207,45.165595088189264
1194915,59.645462668427236
1450536,94.52917493142714
1114215,62.73118205007827
1076467,405.011490061804
1013988,499.12923164134384
1410873,377.0439565154405
1026962,342.10059239347845
1003254,350.4253587779501
1267865,177.54302085472833
1226940,104.48533109171078
1332638,58.17850352633761
1105644,127.66844589393827
1336298,201.77833656980752
1443390,153.7462205273739
1314804,94.46797028891713
1179911,107.51718366420707
1005967,114.11678333686496
1419947,586.1974367927389
1364329,220.59447621445366
1229710,183.11682976160276
1215604,81.24258821931583
1188630,71.10964374020064
1019807,30.333820423732597
1397082,37.30323832036467
1004160,220.62688752313338
1009831,607.2832400963322
1386562,523.9682541816373
1204381,20.918566643974415
1318327,16.008871243231383
1087987,104.2344035456528
1057435,111.77141557036829
1178120,145.07060909614802
1259676,60.50140510508264
1482446,44.09581422064965
1079506,37.05231077430668
1239800,49.934271041141294
1431582,27.609025972479195
1003568,43.48631288946552
1344720,43.48631288946552
1440313,49.934271041141294
1191198,41.03437124950534
1437760,303.96681203158687
1279562,384.788848818803
1204132,239.35856061749607
1398096,112.54495677784358
1494166,110.27081495452957
1219707,49.68334349508331
1317056,128.46280287243357
1281517,110.27081495452957
1015899,70.91465757021143
1154251,111.3739426023366
1216050,114.36771088292294
1270599,252.1964550746102
1217407,161.44291159194853
1095052,153.9971480734319
1309274,25.747795365433614
1095238,25.747795365433614
1170773,22.1780454486166
1076486,24.2520986296188
1350206,26.139647496940537
1276836,20.05069109336787
1157695,71.73088602528792
1010666,326.49716454512424
1436514,311.4340848322759
1147480,114.11678333686496
1218947,139.35052008215322
1050335,164.78803142581074
1171256,27.859953518537186
1271548,23.56308128170095
1461471,23.56308128170095
1303550,62.48025450402028
1197899,32.791712239713746
1223492,201.18922079720608
1058027,94.27824738536916
1342205,415.8536693994446
1359066,1142.8357391595268
1191706,946.9573623149822
1051218,478.4608610040736
1194601,32.791712239713746
1463442,81.24258821931583
1391735,353.4641581741101
1237811,390.1460862534218
1015345,687.4799865773577
1306276,145.07060909614802
1281383,158.04873692752642
1019593,269.73540607941516
1239125,805.5931536927383
1494423,500.873876406609
1231512,614.3853909212653
1198829,40.447259972116804
1330395,123.9134088552616
1090050,220.62688752313338
1285816,111.77141557036829
1452241,61.253920499851745
1306442,42.081944577309486
1080063,49.68334349508331
1242898,584.7596266403834
1180697,677.2770357876691
1111935,569.9175311044708
1233504,23.56308128170095
1282522,25.747795365433614
1224947,23.56308128170095
1102338,135.41424998617074
1036719,145.39983084395536
1061800,164.78803142581074
1004280,62.48025450402028
1081737,40.783443703447354
1240408,60.50140510508264
1423030,188.40562372752203
1180839,250.1452410113728
1235293,390.10154249480604
1402334,141.40480892180867
1455922,141.40480892180867
1086605,94.46797028891713
1324560,158.29966447358441
1258874,303.7158844855289
1464606,161.19198404589054
1320138,51.27050791941515
1140900,60.50140510508264
1265408,45.165595088189264
1299126,342.10059239347845
1034569,289.79940575609317
1142696,531.5223363082393
1138175,677.2770357876691
1105308,389.8526349534351
1109747,238.45630989146522
1050057,89.0568987877406
1490235,67.41930886346482
1126706,326.49716454512424
1372959,353.4641581741101
1030230,523.9682541816373
1294042,107.51718366420707
1050893,78.93806157928589
1499803,128.46280287243357
1223585,614.3853909212653
1464318,306.3183687917708
1363250,516.1400817272013
1465396,94.27824738536916
1062525,115.12054605747885
1282663,80.34410732504644
1377031,41.13510930259024
1120331,70.91465757021143
1406956,378.97726216144144
1091889,303.7158844855289
1211590,212.46227016911783
1317126,20.05069109336787
1074826,27.859953518537186
1013839,104.2344035456528
1085749,177.54302085472833
1377992,158.29966447358441
1050861,107.51718366420707
1348062,115.12054605747885
1428528,51.27050791941515
1205756,110.44300572415969
1109233,229.69115747355295
1037514,238.45630989146522
1121475,89.0568987877406
1135573,89.0568987877406
1288571,60.50140510508264
1382800,124.16433640131957
1344633,187.83260286703043
1231476,123.9134088552616
1377282,90.2169898725787
1157321,62.039650096962404
1391149,191.9221074329747
1017288,161.19198404589054
1324180,186.11565078621612
1264350,1314.338507640101
1121765,900.175566102047
1458080,492.1257035426043
1226279,28.232661064152953
1198368,94.27824738536916
1434682,98.18999686242772
1339805,390.10154249480604
1316313,500.873876406609
1259982,805.6143797616472
1295018,94.46797028891713
1324344,107.51718366420707
1318994,164.78803142581074
1297230,1026.255125904989
1143198,541.846327536151
1247498,740.2225336632139
1326313,71.9818135713459
1155844,73.84445986896775
1395026,153.7462205273739
1180389,245.3727875602082
1164822,153.7462205273739
1392770,86.1330704434842
1309919,45.165595088189264
1381318,59.645462668427236
1088812,541.846327536151
1483907,552.854929591198
1233536,450.8299488426566
1415482,28.232661064152953
1080169,34.60728634400457
1374582,197.34181649423078
1280402,306.5692963378288
1273131,301.93382499679456
1121169,45.165595088189264
1273251,44.09581422064965
1233241,33.09541835883834
1092200,153.7462205273739
1313319,186.11565078621612
1319982,350.4253587779501
1078039,123.40493872868458
1016178,114.11678333686496
1163661,252.4473826206682
1051496,303.7158844855289
1023579,197.13522892220846
1346863,44.09581422064965
1224175,73.84445986896775
1276697,58.83306248683792
1369746,377.0439565154405
1036027,307.3765308043676
1396041,318.15479691360036
1165135,297.0353323014201
1280129,220.40962337106367
1170036,123.40493872868458
1488157,37.05231077430668
1487745,142.5454561053752
1086065,114.36771088292294
1004297,131.73063613513636
1281725,294.3874564635465
1347240,161.19198404589054
1366721,179.12442123671096
1154649,186.11565078621612
1126082,161.19198404589054
1477870,821.0370965557263
1069963,238.45630989146522
1153258,313.1748500801933
1213120,27.609025972479195
1056340,20.918566643974415
1177540,25.71927316221139
1004822,94.27824738536916
1345635,80.65529949362455
1342550,42.43361017645237
1247389,45.165595088189264
1181846,59.083990032895905
1423783,188.40562372752203
1064603,677.2770357876691
1227396,647.529020519626
1207359,19.60898272233456
1457058,111.12301505627862
1162178,179.12442123671096
1110725,192.7982268315772
1399983,49.68334349508331
1152804,44.09581422064965
1292007,62.73118205007827
1427732,45.165595088189264
1010463,71.73088602528792
1309036,51.27050791941515
1342610,85.19428689764571
1312991,60.50140510508264
1479327,342.10573953354447
1490132,514.3954369619361
1003511,250.509338247975
1296483,390.1460862534218
1159992,415.8536693994446
1257518,153.7462205273739
1083984,34.60728634400457
1143378,71.9818135713459
1428130,51.52143546547314
1247809,104.2344035456528
1040825,153.7462205273739
1008440,193.0491543776352
1114881,67.41930886346482
1262540,78.93806157928589
1217335,89.0568987877406
1365771,784.023208205906
1441890,294.3874564635465
1253878,404.7533617956391
1156598,78.93806157928589
1327940,75.35736216196382
1342187,58.83306248683792
1056722,177.54302085472833
1111500,311.00044655408396
1483718,250.06644564670663
1303708,61.253920499851745
1333239,40.447259972116804
1227875,353.4641581741101
1403092,468.28789663325574
1195341,404.7533617956391
1148358,23.56308128170095
1317712,44.09581422064965
1191899,20.30161863942586
1046904,107.51718366420707
1097512,131.73063613513636
1124932,187.83260286703043
1345447,94.46797028891713
1200189,71.73088602528792
1160436,139.60144762821122
1401432,136.96734742718112
1289683,164.78803142581074
1054533,45.165595088189264
1213514,60.50140510508264
1404278,301.22893775941066
1122707,294.3874564635465
1056683,227.58845795873157
1020966,244.22398533311585
1470747,204.9485727884011
1018571,75.35736216196382
1015655,28.232661064152953
1422465,110.69393327021767
1007336,65.99112413094363
1283002,191.9221074329747
1125834,429.3355374286429
1152981,260.2285984741923
1356764,227.58845795873157
1108099,204.9485727884011
1138894,180.25557869370382
1485722,693.638875588151
1378174,388.34793588643896
1043846,314.38784196512813
1286080,23.56308128170095
1018712,27.609025972479195
1220358,80.34410732504644
1283339,73.84445986896775
1494589,37.40397637344957
1402753,37.05231077430668
1278056,238.45630989146522
1253078,581.1345643603444
1281581,523.9682541816373
1025533,15.757943697173394
1446457,123.40493872868458
1287283,152.24261946299117
1178769,123.9134088552616
1007301,49.68334349508331
1413481,42.56703956474454
1200731,33.04263978577173
1340912,37.05231077430668
1452440,49.68334349508331
1110848,43.48631288946552
1088449,405.006342921738
1474845,616.183528781841
1135110,319.8832332044032
1134786,1441.3972557097213
1008071,900.175566102047
1018869,702.7579344090778
1011543,123.9134088552616
1197470,314.38784196512813
1399101,229.69115747355295
1449984,677.2770357876691
1177098,947.339733278442
1272083,1337.6388094327958
1391435,220.62688752313338
1279057,160.17185853115015
1009044,238.45630989146522
1214752,1834.5823514477024
1078901,1094.84106463691
1287288,1459.99181132629
1192132,250.06644564670663
1234402,297.0353323014201
1232750,197.0908889481728
1268984,301.93382499679456
1073550,423.01282440468475
1179236,204.9485727884011
1061973,186.36657833227412
1330467,139.35052008215322
1355488,193.31912139486292
1185139,908.1207903913346
1051818,899.49397701002
1397206,616.6984048306514
1252654,73.84445986896775
1418909,62.73118205007827
1386036,342.10059239347845
1002589,622.9345466831726
1198931,551.1102848259328
1225988,71.10964374020064
1076920,85.19428689764571
1161079,33.09541835883834
1236099,245.3727875602082
1195643,404.7533617956391
1307333,569.9175311044708
1467437,201.77833656980752
1020490,197.0908889481728
1465107,197.13522892220846
1121637,351.99006062553764
1408811,614.3853909212653
1003760,423.01282440468475
1155995,186.11565078621612
1399262,252.1964550746102
1238090,188.40562372752203
1446578,822.4319181539063
1386889,643.2933866854997
1273910,569.9175311044708
1001412,586.1974367927389
1495114,450.8299488426566
1271646,296.4857659094403
1332352,27.609025972479195
1211448,81.24258821931583
1372618,60.50140510508264
1421532,398.630928735342
1239742,423.01282440468475
1391392,613.4450048155272
1468082,389.8526349534351
1249067,282.00457750580074
1416643,318.15479691360036
1364414,569.9175311044708
1350437,510.47401064871127
1091337,584.7416583664025
1127292,51.27050791941515
1072941,81.24258821931583
1184440,59.645462668427236
1329008,30.68548602287548
1064715,25.747795365433614
1218158,33.09541835883834
1449013,622.9345466831726
1323236,494.0577920710442
1211901,478.4608610040736
1458394,20.05069109336787
1390196,20.30161863942586
1325001,104.2344035456528
1249518,162.2680647201501
1303070,89.0568987877406
1089683,107.51718366420707
1162091,85.19428689764571
1211267,238.45630989146522
1180457,423.01282440468475
1411070,314.38784196512813
1283293,111.12301505627862
1244005,71.10964374020064
1299438,51.27050791941515
1188409,37.05231077430668
1050592,32.37936089480551
1036190,49.68334349508331
1184567,40.783443703447354
1148182,500.873876406609
1015560,311.25137410014196
1251542,584.7416583664025
1245457,818.6626645196303
1467164,740.2225336632139
1075689,399.7874730227927
1258805,26.139647496940537
1390444,104.2344035456528
1125927,107.51718366420707
1201006,342.10059239347845
1062733,415.8536693994446
1187527,693.638875588151
1478521,164.78803142581074
1126260,188.40562372752203
1088641,229.69115747355295
1461461,762.2299604046132
1246057,616.183528781841
1224798,586.1974367927389
1242930,73.84445986896775
1133031,41.13510930259024
1313303,33.09541835883834
1003426,678.0505395576475
1429396,770.9412155716116
1400252,728.4566098625397
1485905,16.008871243231383
1108200,112.54495677784358
1277378,131.98156368119436
1316737,135.74347173397808
1031656,59.645462668427236
1427372,51.27050791941515
1326753,71.73088602528792
1166693,180.25557869370382
1196826,269.73540607941516
1254639,311.00044655408396
1471596,94.27824738536916
1308655,85.44521444370369
1407630,110.27081495452957
1360628,59.645462668427236
1396228,32.37936089480551
1384266,37.05231077430668
1369149,37.05231077430668
1101374,587.8920996328875
1284482,458.9362941584192
1455381,768.8011784574483
1306935,2000.531674497828
1399041,1477.4232576406198
1129929,908.1207903913346
1230094,85.19428689764571
1186826,289.79940575609317
1029555,265.12524563645184
1234117,805.6143797616472
1342352,952.6097231769818
1364919,1309.7416974918403
1479955,245.3727875602082
1456560,259.3640032840083
1105933,450.5736280496527
1339034,2041.6231619087341
1473553,1026.837350923508
1128832,1462.2757869053848
1327909,115.12054605747885
1141823,89.0568987877406
1115349,138.94175982265241
1295236,378.97726216144144
1257211,164.78803142581074
1243692,99.0390440105061
1442994,123.9134088552616
1113589,123.9134088552616
1202702,984.0741037733518
1139996,1588.608539446742
1268487,1452.6765216486501
1063639,40.447259972116804
1342445,40.783443703447354
1080952,37.30323832036467
1488050,614.3853909212653
1057752,881.3329780496023
1125151,773.3566745949211
1176349,127.66844589393827
1216741,158.04873692752642
1020876,111.12301505627862
1013212,311.00044655408396
1314432,389.8526349534351
1437923,642.7665788443229
1015842,186.11565078621612
1244026,152.24261946299117
1394171,296.0489875479636
1358455,455.72699936568034
1214772,301.22893775941066
1445388,85.19428689764571
1116026,139.35052008215322
1485405,111.12301505627862
1115994,773.3338743638479
1088835,622.9345466831726
1223314,1248.7165300489114
1117594,805.8450584860606
1246456,710.6883177571254
1384107,294.3874564635465
1243607,37.05231077430668
1078594,85.19428689764571
1424863,74.09538741502573
1401181,191.9221074329747
1186995,318.15479691360036
1158925,397.51199737445063
1194476,184.93322840211732
1356515,220.40962337106367
1063805,282.00457750580074
1026340,1328.8533958593316
1314539,404.7533617956391
1304421,607.2832400963322
1026497,123.9134088552616
1243434,104.2344035456528
1349423,80.65529949362455
1440330,141.40480892180867
1413653,513.374806066422
1443157,429.3303902885769
1470635,59.1847280859808
1096268,45.165595088189264
1393626,59.083990032895905
1177199,614.3853909212653
1419882,903.2509594774976
1193613,818.3807640328436
1094126,26.139647496940537
1163148,40.783443703447354
1331608,23.81400882775894
1225453,207.58274903479523
1100128,257.9945301393288
1152619,450.5736280496527
1465064,164.78803142581074
1197882,127.66844589393827
1204356,123.9134088552616
1450571,207.83367658085322
1146852,164.78803142581074
1465517,260.2285984741923
1170587,57.92757598027962
1008749,89.30782633379857
1383333,62.48025450402028
1054024,429.3355374286429
1492548,415.8588165395106
1471695,389.8526349534351
1492614,257.26180275518556
1203473,301.93382499679456
1079689,123.9134088552616
1341115,37.05231077430668
1272743,158.29966447358441
1090971,145.07060909614802
1143939,137.3699196254669
1213249,311.00044655408396
1160226,197.13522892220846
1164145,136.96734742718112
1359621,179.12442123671096
1187272,805.8450584860606
1382421,384.783701678737
1150058,303.0616945182964
1191625,22.1780454486166
1233904,70.91465757021143
1233177,45.165595088189264
1076029,44.447479819792534
1046255,62.48025450402028
1322786,51.52143546547314
1015528,269.73540607941516
1282016,946.9573623149822
1452067,699.299938344033
1492120,15.757943697173394
1466652,20.918566643974415
1288325,188.40562372752203
1037408,186.11565078621612
1365916,245.3727875602082
1284677,27.859953518537186
1495316,49.68334349508331
1076663,70.91465757021143
1497718,115.12054605747885
1122583,94.46797028891713
1325982,584.7416583664025
1208934,783.7413077191193
1321456,404.7533617956391
1497813,421.7868621476975
1008981,523.9682541816373
1157473,131.73063613513636
1426499,20.918566643974415
1308175,59.083990032895905
1241732,186.11565078621612
1334443,319.8883803444692
1075943,260.2285984741923
1212040,201.18922079720608
1053730,250.509338247975
1397334,229.69115747355295
1268218,584.7416583664025
1451189,301.93382499679456
1331816,269.73540607941516
1366276,67.93571707225509
1451380,49.68334349508331
1349650,27.859953518537186
1495032,212.46227016911783
1135341,429.3303902885769
1205389,390.1460862534218
1481863,111.12301505627862
1231863,135.41424998617074
1265192,135.41424998617074
1249151,70.91465757021143
1348889,42.081944577309486
1053804,40.69818751817479
1086984,49.68334349508331
1199192,33.346345904896324
1306328,26.390575042998528
1357661,305.11912886295585
1248502,462.3933485712259
1117929,307.3765308043676
1255407,646.0979930206123
1462608,655.844186407494
1194957,186.11565078621612
1489860,33.09541835883834
1369461,90.2169898725787
1341913,62.039650096962404
1080389,257.26180275518556
1434408,450.5736280496527
1169445,429.3303902885769
1298757,307.3765308043676
1170261,353.4641581741101
1075384,391.7176317893607
1258354,946.9573623149822
1297968,350.4253587779501
1329810,405.006342921738
1029581,71.73088602528792
1254729,58.83306248683792
1217471,58.83306248683792
1409129,45.165595088189264
1323505,259.3640032840083
1292034,197.0908889481728
1242088,44.447479819792534
1181744,40.783443703447354
1483645,57.92757598027962
1318631,404.7533617956391
1201137,607.2832400963322
1320819,589.0845808962376
1084671,23.56308128170095
1353433,32.37936089480551
1052630,22.42897299467459
1289665,179.12442123671096
1131674,229.69115747355295
1099347,288.45878500593597
1401309,111.12301505627862
1211649,107.51718366420707
1249940,73.84445986896775
1015328,85.34736108129528
1268573,94.27824738536916
1236946,127.66844589393827
1181712,58.83306248683792
1053488,40.447259972116804
1134014,319.63745279841123
1253246,353.4641581741101
1158599,415.8536693994446
1123214,1300.7610891226095
1161630,1041.0164816929812
1034885,463.40606868843656
1448825,32.37936089480551
1120835,67.93571707225509
1436307,73.84445986896775
1121988,450.8299488426566
1163226,569.9175311044708
1111122,947.339733278442
1401754,153.7462205273739
1480288,152.24261946299117
1053207,260.773477523714
1349184,941.5968631723891
1271696,510.47401064871127
1169730,784.023208205906
1113162,94.27824738536916
1477586,98.18999686242772
1288584,136.7697574463391
1433314,204.9485727884011
1240273,141.40480892180867
1407667,82.27922512756274
1476887,45.165595088189264
1105919,57.92757598027962
1251406,678.0505395576475
1223600,614.3853909212653
1083097,523.9682541816373
1450412,30.333820423732597
1190838,37.05231077430668
1434166,25.998722911491605
1322878,212.71319771517582
1061276,212.71319771517582
1210001,250.24110848621376
1207310,62.039650096962404
1106904,65.99112413094363
1012771,59.645462668427236
1161036,158.29966447358441
1106662,240.21560771213308
1047465,429.3303902885769
1415287,142.2945285593172
1011931,188.65655127358002
1281482,318.15479691360036
1403343,249.99018094015577
1321976,40.447259972116804
1307302,58.83306248683792
1410444,49.68334349508331
1432009,350.4253587779501
1086708,238.45630989146522
1246312,516.1400817272013
1108704,728.4566098625397
1029294,616.183528781841
1160680,207.58274903479523
1049158,32.37936089480551
1174176,89.0568987877406
1278821,463.40606868843656
1478370,450.5736280496527
1312971,903.2509594774976
1466260,227.58845795873157
1145664,183.11682976160276
1091873,269.73540607941516
1388739,805.8450584860606
1123649,468.28789663325574
1346060,728.4566098625397
1073283,96.98764634435442
1180736,58.83306248683792
1335892,62.039650096962404
1419869,78.93806157928589
1062551,37.40397637344957
1170240,37.05231077430668
1116916,33.09541835883834
1221310,643.2933866854997
1367131,591.2741245166496
1434558,468.28789663325574
1260085,15.757943697173394
1426036,16.008871243231383
1427226,94.27824738536916
1322332,131.98156368119436
1133401,98.4409244084857
1291135,137.21827497323912
1041163,81.49351576537381
1386673,92.42882921504781
1474949,137.3699196254669
1176325,288.45878500593597
1432968,305.11912886295585
1220063,114.11678333686496
1039116,137.21827497323912
1189397,111.12301505627862
1345375,94.46797028891713
1118233,33.09541835883834
1250158,60.50140510508264
1465066,50.69640610044327
1304645,334.14563246261207
1237295,220.40962337106367
1487998,472.8093684877515
1481640,461.3233563984868
1317164,404.7533617956391
1304520,158.04873692752642
1492792,32.791712239713746
1374168,85.19428689764571
1088611,81.24258821931583
1439151,390.1460862534218
1195576,591.2741245166496
1483750,334.14563246261207
1062418,238.45630989146522
1059894,191.9221074329747
1347832,197.0908889481728
1483614,982.0288718842007
1190208,552.854929591198
1202850,603.9118101820272
1298775,37.05231077430668
1359223,62.039650096962404
1093737,45.165595088189264
1187473,26.49131309608342
1199424,42.56703956474454
1308216,30.856417305070458
1159875,450.5736280496527
1322431,1457.4093413268786
1085341,1041.0164816929812
1089204,15.757943697173394
1336904,30.856417305070458
1208448,37.38153252211401
1062961,89.0568987877406
1027373,51.27050791941515
1308725,67.93571707225509
1484976,260.2285984741923
1375569,516.1400817272013
1355980,462.1313904107206
1135504,49.68334349508331
1073318,45.165595088189264
1222266,59.083990032895905
1377152,58.83306248683792
1094996,42.56703956474454
1286897,45.165595088189264
1228388,70.91465757021143
1081769,51.27050791941515
1246239,528.7018123144654
1449224,305.11912886295585
1271981,946.9573623149822
1485637,405.006342921738
1039889,462.1313904107206
1475390,227.58845795873157
1229473,37.05231077430668
1235986,78.93806157928589
1080282,128.46280287243357
1277521,269.73540607941516
1043169,269.73540607941516
1284152,89.0568987877406
1356966,107.51718366420707
1253476,784.023208205906
1066603,303.0616945182964
1067839,510.47401064871127
1447666,89.0568987877406
1074218,98.18999686242772
1423664,58.83306248683792
1298065,139.35052008215322
1280070,269.73540607941516
1137944,260.2285984741923
1220571,51.622173518558036
1176816,37.05231077430668
1141693,60.75233265114063
1325594,398.630928735342
1439857,528.7018123144654
1022986,461.3233563984868
1378610,22.42897299467459
1339820,114.11678333686496
1410872,161.19198404589054
1203499,238.45630989146522
1262302,90.2169898725787
1386974,65.99112413094363
1413707,158.29966447358441
1424985,111.12301505627862
1059461,142.2945285593172
1012027,60.50140510508264
1082700,74.09538741502573
1398879,51.27050791941515
1221540,294.6383840096045
1176220,250.31737319276462
1335217,179.12442123671096
1375145,1284.6659020243953
1232446,903.2509594774976
1219527,472.8093684877515
1092729,42.56703956474454
1050512,111.77141557036829
1184847,111.12301505627862
1120021,569.9175311044708
1233269,587.8920996328875
1279653,952.6097231769818
1217530,184.93322840211732
1042152,136.96734742718112
1328139,260.2285984741923
1253767,1293.8772227768739
1112072,687.4799865773577
1314712,984.0741037733518
1308254,94.27824738536916
1089466,73.84445986896775
1208353,94.46797028891713
1062487,131.73063613513636
1119057,188.40562372752203
1153580,123.9134088552616
1219740,71.86215913496974
1010045,73.84445986896775
1187793,60.50140510508264
1020875,728.4566098625397
1371692,797.8983186506963
1492646,646.0979930206123
1161652,37.05231077430668
1497911,32.37936089480551
1004232,33.346345904896324
1115848,111.12301505627862
1213692,179.37534878276895
1002479,197.34181649423078
1352791,112.54495677784358
1022048,94.27824738536916
1157925,58.83306248683792
1186515,204.9485727884011
1319069,311.00044655408396
1037754,468.28789663325574
1085711,127.66844589393827
1004153,139.35052008215322
1238303,165.03895897186874
1378441,383.306046597072
1462001,197.0908889481728
1196539,45.165595088189264
1161308,89.0568987877406
1397871,75.35736216196382
1037885,387.66085789782994
1319718,326.50231168519025
1390667,684.9073516834752
1233869,179.12442123671096
1466568,502.245161974527
1426126,260.2285984741923
1101512,37.05231077430668
1395659,94.46797028891713
1458507,66.09187614376887
1477758,180.25557869370382
1144948,313.1748500801933
1254131,296.4857659094403
1217244,98.18999686242772
1406743,115.12054605747885
1324643,107.51718366420707
1324958,946.9573623149822
1424470,318.15479691360036
1092214,461.3233563984868
1344049,75.35736216196382
1412025,59.645462668427236
1413454,111.42423279021803
1031835,311.4340848322759
1422855,239.35856061749607
1086615,40.79892557125969
1323979,40.447259972116804
1043534,41.03437124950534
1050959,391.7176317893607
1154217,584.7416583664025
1144372,461.3233563984868
1173361,23.56308128170095
1351470,25.747795365433614
1407648,26.390575042998528
1023444,153.7462205273739
1096870,161.19198404589054
1099632,207.58274903479523
1487270,67.41930886346482
1062966,131.98156368119436
1100362,131.73063613513636
1170010,191.9221074329747
1355770,40.447259972116804
1434827,65.99112413094363
1379557,41.13672463208972
1138409,342.10059239347845
1216607,462.3933485712259
1140632,282.00457750580074
1262649,239.35856061749607
1454285,257.26180275518556
1313597,197.13522892220846
1308392,51.52143546547314
1383499,42.81796711080253
1182008,250.509338247975
1108691,269.73540607941516
1010460,265.12524563645184
1297433,153.7462205273739
1086204,164.78803142581074
1483482,193.31912139486292
1225876,319.8832332044032
1246650,405.006342921738
1257911,318.15479691360036
1125328,19.60898272233456
1197754,33.09541835883834
1344086,32.37936089480551
1424511,21.169494190032406
1221607,15.757943697173394
1204510,318.15479691360036
1199994,318.1599440536664
1484697,354.1902907097442
1176447,107.84640541201439
1183783,137.6208471715249
1206185,137.21827497323912
1299729,107.51718366420707
1388295,127.66844589393827
1406361,161.19198404589054
1067321,40.447259972116804
1234400,58.83306248683792
1120564,42.56703956474454
1489262,32.791712239713746
1425117,27.609025972479195
1198791,32.63028844086352
1089505,22.64467411980613
1190103,269.73540607941516
1280026,85.0964335352373
1387983,404.7533617956391
1476535,1309.7416974918403
1301842,1041.0164816929812
1292390,450.5736280496527
1165522,128.46280287243357
1009702,655.844186407494
1350701,762.2299604046132
1398262,1087.4737786334417
1191829,201.77833656980752
1025776,145.07060909614802
1378503,229.69115747355295
1118621,1295.9914553680217
1056163,611.0376843633196
1101710,1052.4264089225367
1458214,153.7462205273739
1259675,127.66844589393827
1037655,212.46227016911783
1409671,269.73540607941516
1177882,201.18922079720608
1474866,89.30782633379857
1374584,73.84445986896775
1190669,152.24261946299117
1352572,699.299938344033
1005746,582.4596770336486
1411245,461.59920098329786
1238801,51.52143546547314
1115132,127.66844589393827
1060474,212.71319771517582
1228275,192.1730349790327
1434146,158.04873692752642
1200598,136.96734742718112
1441064,98.18999686242772
1141743,188.40562372752203
1302001,319.8832332044032
1486369,462.3933485712259
1246974,143.49617934712072
1248779,153.7462205273739
1339197,131.73063613513636
1402996,244.22398533311585
1449142,429.3303902885769
1418001,389.8526349534351
1146210,197.34181649423078
1187686,137.6208471715249
1418147,614.3853909212653
1485809,569.9175311044708
1043605,350.4253587779501
1080847,1475.139282061525
1398435,881.3329780496023
1371135,642.7665788443229
1043720,45.165595088189264
1025542,137.21827497323912
1119951,135.66517753222874
1480585,728.4566098625397
1234168,822.4319181539063
1087004,1293.8772227768739
1442356,180.25557869370382
1083028,197.0908889481728
1321966,307.3765308043676
1098456,1300.7610891226095
1063221,805.5931536927383
1440344,1094.84106463691
1154798,110.44300572415969
1131843,111.77141557036829
1024786,179.12442123671096
1018646,282.00457750580074
1161371,138.94175982265241
1048501,92.42882921504781
1023603,71.10964374020064
1319320,81.24258821931583
1141028,870.4905644011565
1473886,865.3195416885794
1179187,722.1606528074996
1055877,27.609025972479195
1268268,23.56308128170095
1486257,26.390575042998528
1306275,476.71621623880844
1066926,699.4358769737647
1120725,603.9118101820272
1398797,90.2169898725787
1303545,65.99112413094363
1108197,58.83306248683792
1017418,197.0908889481728
1448674,239.96468016607508
1246959,462.1313904107206
1438615,158.04873692752642
1207693,123.9134088552616
1074655,252.1964550746102
1207218,429.3303902885769
1341714,295.7980600019056
1153639,62.48025450402028
1327333,81.49351576537381
1110397,92.42882921504781
1079487,646.0979930206123
1321232,318.15479691360036
1340547,728.1351956072407
1419545,782.4332595915108
1438700,818.6626645196303
1490626,250.1452410113728
1445257,37.05231077430668
1220195,107.76811121026505
1493330,98.4409244084857
1474661,260.2285984741923
1139300,528.7018123144654
1356975,405.006342921738
1058569,250.509338247975
1168881,260.2285984741923
1243006,197.0908889481728
1231562,1058.831913831299
1380398,404.7533617956391
1451076,510.47401064871127
1290880,62.039650096962404
1175047,71.10964374020064
1262231,59.645462668427236
1225233,98.18999686242772
1058055,311.00044655408396
1442612,294.3874564635465
1482028,49.934271041141294
1313959,45.165595088189264
1443246,62.73118205007827
1333880,429.3303902885769
1278260,677.4952906966191
1111993,583.6896147522885
1423053,23.56308128170095
1156628,37.05231077430668
1412836,22.64467411980613
1060602,158.04873692752642
1045125,212.46227016911783
1471235,238.45630989146522
1187402,114.11678333686496
1301591,92.17790166898983
1016003,127.66844589393827
1081991,123.94830623540877
1277408,257.9945301393288
1207788,51.27050791941515
1245764,66.09187614376887
1317197,59.083990032895905
1040219,569.9175311044708
1173687,450.5736280496527
1296046,398.630928735342
1436947,415.8536693994446
1463455,389.8526349534351
1494714,40.447259972116804
1476851,127.91937343999619
1299966,94.52917493142714
1326395,175.59710078120884
1345683,307.3765308043676
1101904,303.7158844855289
1441260,158.04873692752642
1446201,188.40562372752203
1190997,188.40562372752203
1301304,881.3329780496023
1144863,319.8832332044032
1174088,429.3303902885769
1051272,78.93806157928589
1011891,49.68334349508331
1002603,75.35736216196382
1122401,81.24258821931583
1488449,177.54302085472833
1373162,131.73063613513636
1457528,59.083990032895905
1324129,49.68334349508331
1380755,60.75233265114063
1088344,390.1460862534218
1187657,646.1514252365516
1217625,549.4067674326425
1010075,19.60898272233456
1366226,25.747795365433614
1318189,23.81400882775894
1023440,191.9221074329747
1440463,257.26180275518556
1236945,282.00457750580074
1025898,85.19428689764571
1364592,73.84445986896775
1255632,51.27050791941515
1015273,71.73088602528792
1319788,89.0568987877406
1077979,143.49617934712072
1008708,49.68334349508331
1366207,92.42882921504781
1068662,50.94733364650126
1401313,399.7874730227927
1053169,416.79480481627644
1031733,250.509338247975
1039351,2262.7770576048883
1458788,1987.216903199431
1054832,791.3627803821291
1039434,107.51718366420707
1203731,250.24110848621376
1265885,192.1730349790327
1137245,797.8983186506963
1005108,1087.4737786334417
1495360,2026.6699393117167
1008310,139.35052008215322
1247851,153.7462205273739
1123603,303.7158844855289
1190755,2288.513822846175
1327025,1148.2065207147969
1480777,1875.1553572840585
1445154,295.7980600019056
1092272,311.00044655408396
1404661,145.29757198979337
1182532,334.14563246261207
1018735,423.01282440468475
1354339,303.7158844855289
1022252,161.44291159194853
1134200,139.35052008215322
1174768,188.40562372752203
1247585,1302.829563563026
1158273,1052.54841499623
1388974,812.34234649514
1203113,67.93571707225509
1307339,85.19428689764571
1283478,60.75233265114063
1260334,647.529020519626
1159714,791.0808798953424
1240702,768.8011784574483
1046412,220.40962337106367
1416216,175.59710078120884
1399206,164.78803142581074
1191200,238.45630989146522
1350025,398.630928735342
1182678,728.4566098625397
1303698,294.3874564635465
1269144,298.24134385505363
1057182,260.2285984741923
1358932,603.9118101820272
1479104,738.9872266907895
1143283,603.9118101820272
1178919,123.40493872868458
1264605,188.65655127358002
1451598,139.1926873687104
1351595,870.7718441467118
1210385,591.2741245166496
1331672,643.2933866854997
1452835,903.2509594774976
1107789,740.2225336632139
1040567,289.79940575609317
1321701,33.09541835883834
1060939,94.71889783497511
1368710,67.6702364095228
1269822,391.7176317893607
1205987,415.8536693994446
1083211,762.2299604046132
1124507,187.83260286703043
1489316,180.25557869370382
1363348,269.73540607941516
1455580,773.3338743638479
1292670,404.7533617956391
1253435,603.9118101820272
1064665,92.17790166898983
1421206,160.17185853115015
1305159,107.51718366420707
1492774,59.89639021448522
1234039,62.48025450402028
1338235,586.1974367927389
1024727,470.74097737276173
1310745,423.01797154475076
1200785,26.139647496940537
1119669,23.81400882775894
1037739,193.5700489409209
1120329,404.7585089357051
1394634,415.8588165395106
1073553,42.56703956474454
1448370,28.232661064152953
1486661,164.78803142581074
1187584,245.3727875602082
1356002,318.15479691360036
1204487,164.78803142581074
1262046,158.04873692752642
1157702,207.58274903479523
1092873,135.41424998617074
1093184,45.165595088189264
1393228,62.29057764302039
1325788,59.89639021448522
1144332,301.93382499679456
1366879,250.06644564670663
1420568,384.783701678737
1342909,1672.1098211219273
1064720,984.0741037733518
1364543,791.3627803821291
1125921,75.35736216196382
1348282,186.36657833227412
1016091,192.1730349790327
1202667,740.2225336632139
1261517,870.7718441467118
1369586,1259.589965288865
1160121,164.78803142581074
1106959,164.78803142581074
1342441,265.12524563645184
1316821,1588.608539446742
1210130,821.0370965557263
1140643,1316.0375759156225
1135420,131.73063613513636
1492186,158.04873692752642
1249257,111.77141557036829
1429990,227.58845795873157
1116838,311.00044655408396
1117923,164.78803142581074
1330209,131.98156368119436
1038561,127.66844589393827
1478318,127.66844589393827
1024894,900.175566102047
1392430,898.6127647977653
1213478,638.6255329646417
1345224,45.165595088189264
1310051,37.05231077430668
1173186,44.34674176670764
1169576,471.2783139402505
1485377,738.4543986579448
1177585,684.6254511966885
1345983,98.18999686242772
1099423,114.11678333686496
1221805,85.0964335352373
1441768,238.45630989146522
1395760,326.49716454512424
1313089,516.1400817272013
1390256,164.78803142581074
1248845,175.59710078120884
1156707,158.04873692752642
1310941,389.8526349534351
1115483,478.4608610040736
1028984,334.19422889788916
1450974,98.18999686242772
1463839,153.9971480734319
1464601,137.6208471715249
1169044,687.4799865773577
1384942,552.854929591198
1265199,613.4450048155272
1378453,456.6264052674344
1093815,306.3183687917708
1174471,138.94175982265241
1450413,37.05231077430668
1181114,97.2385738904124
1289757,71.36057128625862
1330961,188.40562372752203
1141504,314.38784196512813
1448531,269.73540607941516
1459846,197.13522892220846
1305429,193.31912139486292
1397198,197.13522892220846
1301951,710.6883177571254
1208838,307.3765308043676
1237898,405.006342921738
1261905,73.84445986896775
1360663,59.645462668427236
1144479,60.50140510508264
1167503,59.645462668427236
1044692,204.9485727884011
1031861,164.78803142581074
1335769,45.165595088189264
1187170,49.68334349508331
1181252,49.934271041141294
1368162,399.7874730227927
1415138,587.1289223577023
1193016,477.92352443658484
1084048,20.918566643974415
1207506,15.757943697173394
1469529,201.18922079720608
1036170,269.73540607941516
1210510,296.4857659094403
1482952,92.17790166898983
1472409,71.73088602528792
1281529,41.13672463208972
1487198,94.27824738536916
1315664,59.89639021448522
1118423,41.03437124950534
1434063,294.3874564635465
1263261,313.1748500801933
1082781,259.3640032840083
1100468,405.006342921738
1253533,318.15479691360036
1014561,127.66844589393827
1258934,26.139647496940537
1120103,85.44521444370369
1374185,59.89639021448522
1075306,107.51718366420707
1169426,250.1452410113728
1291261,207.58274903479523
1495363,127.66844589393827
1118413,123.40493872868458
1269378,153.7462205273739
1199865,584.7596266403834
1077412,177.54302085472833
1348536,289.79940575609317
1097133,37.05231077430668
1290655,26.139647496940537
1077679,131.73063613513636
1439494,104.2344035456528
1433619,44.09581422064965
1128880,37.30323832036467
1243985,282.00457750580074
1070941,405.006342921738
1353172,389.8526349534351
1208514,19.60898272233456
1244188,131.73063613513636
1455534,175.59710078120884
1489659,197.13522892220846
1030078,62.48025450402028
1001197,33.09541835883834
1308794,62.48025450402028
1108362,37.05231077430668
1020645,73.84445986896775
1281325,44.09581422064965
1066967,59.083990032895905
1365889,44.34674176670764
1343311,201.18922079720608
1250260,212.46227016911783
1162339,180.25557869370382
1030648,478.4608610040736
1414470,478.4608610040736
1206235,305.11912886295585
1221682,62.039650096962404
1106393,179.37534878276895
1035721,162.2680647201501
1087871,197.13522892220846
1379891,569.9175311044708
1094102,456.6264052674344
1250170,123.94830623540877
1206421,75.35736216196382
1065768,98.18999686242772
1420866,1309.7416974918403
1384303,605.661888172644
1492503,946.9573623149822
1282002,127.66844589393827
1232383,164.78803142581074
1031538,123.9134088552616
1100491,298.24134385505363
1435819,456.6264052674344
1309581,464.5777208381119
1036796,98.4409244084857
1261157,111.77141557036829
1302794,131.98156368119436
1201394,646.0979930206123
1296504,791.2052411257291
1499679,515.6027451597126
1451848,60.50140510508264
1458319,50.69640610044327
1407581,45.165595088189264
1179641,153.7462205273739
1096729,229.69115747355295
1320108,260.2285984741923
1297446,111.77141557036829
1370348,110.44300572415969
1348122,104.2344035456528
1297802,245.3727875602082
1484227,229.69115747355295
1288784,342.10059239347845
1371280,142.2945285593172
1083200,201.44014834326407
1085758,165.03895897186874
1265318,655.844186407494
1429831,466.5413610886773
1426244,245.3727875602082
1352817,158.04873692752642
1113019,162.0171371740921
1242607,108.99429086918374
1482963,22.42897299467459
1199864,45.41652263424725
1039188,37.30323832036467
1217775,152.0648134656565
1049172,334.14563246261207
1341158,138.94175982265241
1201589,257.9945301393288
1455472,229.69115747355295
1187456,500.873876406609
1265839,220.62688752313338
1239656,179.12442123671096
1000718,158.04873692752642
1264561,450.04143862223
1168002,389.8577820935011
1024017,164.78803142581074
1215404,166.94142008526637
1364881,175.59710078120884
1443887,43.48631288946552
1372842,37.05231077430668
1179491,33.346345904896324
1384763,313.1748500801933
1421944,342.10059239347845
1123531,423.01282440468475
1433764,296.4857659094403
1218844,245.3727875602082
1393553,75.35736216196382
1498558,30.333820423732597
1248411,94.52917493142714
1119891,45.41652263424725
1134540,158.04873692752642
1205802,301.93382499679456
1333839,192.7982268315772
1008228,131.73063613513636
1322554,96.98764634435442
1318647,421.7868621476975
1005046,183.11682976160276
1141626,257.26180275518556
1283654,81.24258821931583
1486308,32.63028844086352
1293396,30.333820423732597
1399766,27.609025972479195
1166085,145.07060909614802
1110338,227.83938550478956
1207811,197.34181649423078
1438086,89.0568987877406
1363283,107.51718366420707
1110918,98.18999686242772
1349592,43.48631288946552
1342523,58.83306248683792
1406013,37.05231077430668
1371746,37.30323832036467
1107668,40.69818751817479
1188873,175.59710078120884
1082167,204.9485727884011
1247782,197.13522892220846
1262997,984.0741037733518
1306516,642.7665788443229
1495174,421.7868621476975
1005749,33.346345904896324
1183147,94.71889783497511
1200860,98.4409244084857
1071899,423.01282440468475
1292844,569.9175311044708
1494860,899.49397701002
1152188,238.45630989146522
1343240,204.9485727884011
1144366,294.3874564635465
1083360,1052.4264089225367
1464492,549.9441040001311
1410292,769.1370821639798
1262439,89.0568987877406
1314337,71.10964374020064
1163248,71.73088602528792
1463809,135.41424998617074
1375249,98.18999686242772
1203857,67.41930886346482
1070361,685.393566949292
1220242,582.4776453076296
1059573,498.5918950738551
1021833,23.81400882775894
1036457,260.55782022199963
1393518,294.6383840096045
1316397,318.15479691360036
1141482,89.0568987877406
1179973,94.27824738536916
1328615,85.19428689764571
1300805,265.12524563645184
1339840,342.10059239347845
1174462,516.1400817272013
1469796,127.66844589393827
1209362,135.41424998617074
1220175,139.66590002155132
1327688,193.31912139486292
1015470,114.11678333686496
1144435,45.165595088189264
1477507,60.75233265114063
1154235,49.934271041141294
1388700,397.51199737445063
1105982,303.7158844855289
1489328,494.0577920710442
1374002,584.7596266403834
1496261,569.9175311044708
1082037,252.1964550746102
1084054,23.56308128170095
1352895,98.4409244084857
1292821,92.42882921504781
1129168,389.8526349534351
1264719,391.7176317893607
1063433,350.4253587779501
1121476,260.2285984741923
1042807,305.11912886295585
1299296,351.9849134854716
1306922,684.9073516834752
1251960,516.1400817272013
1309172,461.3233563984868
1263027,27.609025972479195
1103179,33.09541835883834
1038455,30.333820423732597
1400057,59.645462668427236
1165697,42.081944577309486
1211628,23.56308128170095
1166812,26.139647496940537
1031818,390.1197859130282
1428085,789.3172886747278
1393667,789.3172886747278
1150997,20.918566643974415
1475740,128.71373041849156
1217172,111.3739426023366
1283271,23.56308128170095
1416267,19.60898272233456
1112607,27.609025972479195
1055978,201.77833656980752
1428646,250.509338247975
1481278,342.10059239347845
1219117,60.50140510508264
1371113,60.50140510508264
1362746,65.99112413094363
1218991,37.05231077430668
1311688,37.05231077430668
1225458,40.69818751817479
1236383,32.63028844086352
1289252,587.8920996328875
1459901,405.006342921738
1044369,903.2509594774976
1351984,388.34793588643896
1495883,321.637589564569
1015693,114.11678333686496
1166240,107.76811121026505
1210629,94.71889783497511
1294220,135.41424998617074
1131461,257.26180275518556
1309361,220.59447621445366
1320833,98.18999686242772
1473225,71.10964374020064
1394143,80.34410732504644
1071457,947.339733278442
1379826,391.7176317893607
1318359,683.8008534394285
1100027,98.18999686242772
1034668,85.19428689764571
1373404,58.83306248683792
1061702,111.12301505627862
1293336,294.3874564635465
1095728,260.2285984741923
1262915,60.75233265114063
1295197,51.27050791941515
1435279,65.99112413094363
1464491,405.006342921738
1222222,569.3801945369821
1390452,467.750560065767
1463302,28.483588610210944
1489802,111.77141557036829
1292473,166.94142008526637
1029622,197.0908889481728
1117073,94.27824738536916
1284109,85.0964335352373
1141262,85.0964335352373
1171808,142.2945285593172
1384634,104.2344035456528
1159030,187.83260286703043
1325434,65.99112413094363
1295977,94.71889783497511
1057561,75.6082897080218
1247779,404.7533617956391
1047110,397.51199737445063
1362773,158.04873692752642
1332437,738.9872266907895
1100676,728.4566098625397
1363993,334.19422889788916
1237367,37.05231077430668
1462537,107.76811121026505
1313449,68.18664461831307
1053666,250.1452410113728
1302251,461.3233563984868
1004481,450.5736280496527
1334411,197.13522892220846
1191055,289.79940575609317
1220798,297.0353323014201
1394510,1248.7165300489114
1336265,423.01282440468475
1451719,687.4799865773577
1068035,142.2945285593172
1224034,131.73063613513636
1115000,110.27081495452957
1444878,305.11912886295585
1149258,294.3874564635465
1342462,59.89639021448522
1433039,45.165595088189264
1374485,59.89639021448522
1359908,569.9175311044708
1372928,720.5882203127703
1462456,755.934003349573
1443654,23.56308128170095
1315946,32.37936089480551
1179239,250.06644564670663
1188742,229.69115747355295
1150146,388.34793588643896
1277261,186.11565078621612
1167783,136.96734742718112
1279968,141.40480892180867
1320507,191.9221074329747
1350935,162.0171371740921
1197052,214.67352562252546
1029579,58.83306248683792
1304742,85.34736108129528
1452669,472.8093684877515
1085737,541.846327536151
1463122,478.4608610040736
1284072,257.26180275518556
1394210,239.96468016607508
1025091,75.35736216196382
1074887,25.747795365433614
1254262,66.24205167700161
1040334,50.94733364650126
1424569,108.99429086918374
1197276,245.3727875602082
1452472,212.46227016911783
1321401,145.07060909614802
1376468,137.3699196254669
1420185,127.66844589393827
1282937,462.1313904107206
1170153,164.78803142581074
1449399,207.58274903479523
1274790,40.447259972116804
1310614,25.747795365433614
1456931,110.27081495452957
1203967,89.0568987877406
1079069,33.04263978577173
1007858,23.81400882775894
1294120,28.483588610210944
1300983,187.83260286703043
1321774,289.79940575609317
1237520,244.22398533311585
1347075,131.73063613513636
1239241,164.78803142581074
1205726,188.40562372752203
1047124,59.645462668427236
1406091,49.68334349508331
1254479,33.09541835883834
1121561,26.139647496940537
1076788,32.791712239713746
1183423,32.37936089480551
1486846,28.483588610210944
1303445,28.483588610210944
1329414,297.6410950332689
1023890,227.58845795873157
1406133,127.66844589393827
1397490,1300.7610891226095
1037647,946.9573623149822
1058080,586.1974367927389
1107995,44.09581422064965
1010319,111.3739426023366
1155430,92.42882921504781
1224703,450.5736280496527
1430097,462.1313904107206
1303810,946.9573623149822
1053426,107.51718366420707
1465123,104.2344035456528
1149154,179.12442123671096
1064789,1284.645515785878
1454243,646.0979930206123
1090905,903.2509594774976
1338101,127.66844589393827
1039156,111.12301505627862
1260187,260.2285984741923
1052288,313.1748500801933
1107329,201.77833656980752
1399544,98.4409244084857
1131518,73.84445986896775
1006869,107.51718366420707
1206660,687.4799865773577
1365329,705.334072473343
1038515,583.6896147522885
1244162,43.48631288946552
1061266,40.783443703447354
1308370,30.584747969790588
1384720,212.71319771517582
1423011,296.7366934554983
1265394,269.73540607941516
1025300,80.65529949362455
1143644,71.73088602528792
1186542,49.68334349508331
1481273,131.73063613513636
1312485,186.11565078621612
1489678,404.7533617956391
1199112,188.40562372752203
1198571,131.73063613513636
1154629,141.40480892180867
1274070,257.26180275518556
1419037,450.8299488426566
1056666,342.10059239347845
1184809,92.42882921504781
1204098,68.18664461831307
1280965,516.1400817272013
1447792,398.630928735342
1474459,391.7176317893607
1282200,1154.5795736994444
1475657,822.4319181539063
1156440,552.854929591198
1223837,40.783443703447354
1202885,98.4409244084857
1468767,89.30782633379857
1420037,587.8920996328875
1319476,655.844186407494
1042405,1281.23679976107
1053349,303.7158844855289
1399190,295.0446176028904
1110657,383.306046597072
1387833,1154.5795736994444
1160606,677.2770357876691
1046027,805.5931536927383
1103153,73.84445986896775
1146248,60.50140510508264
1107738,111.12301505627862
1091060,98.18999686242772
1262868,65.99112413094363
1193003,49.934271041141294
1197419,49.68334349508331
1438599,740.2225336632139
1440086,706.4432799791617
1117913,589.4360596251669
1184845,23.56308128170095
1049919,23.56308128170095
1086214,25.97020070826938
1135028,60.75233265114063
1397224,71.10964374020064
1339966,65.99112413094363
1054492,67.41930886346482
1133931,40.783443703447354
1421630,288.45878500593597
1383028,311.4340848322759
1440261,405.006342921738
1376712,153.7462205273739
1034224,152.0648134656565
1112506,123.94830623540877
1448418,259.3640032840083
1059635,123.94830623540877
1442140,44.09581422064965
1274893,66.24205167700161
1262942,51.52143546547314
1136179,389.8526349534351
1235413,353.4641581741101
1208129,616.183528781841
1278537,773.3338743638479
1140630,770.9412155716116
1460544,426.51843919045194
1006600,44.09581422064965
1277872,112.02234311642627
1287757,79.18898912534387
1390650,220.40962337106367
1095975,390.1460862534218
1265478,450.5736280496527
1060287,193.31912139486292
1151563,179.12442123671096
1376692,238.45630989146522
1058455,1052.4264089225367
1254165,377.0439565154405
1445429,646.0979930206123
1473216,123.40493872868458
1305395,108.99429086918374
1315539,81.24258821931583
1260242,162.0171371740921
1130316,388.34793588643896
1360630,342.10059239347845
1274220,51.52143546547314
1056176,51.27050791941515
1457940,62.73118205007827
1266782,549.9441040001311
1079927,680.9085781086994
1102476,585.4342595175538
1484172,33.09541835883834
1126975,32.29567444721536
1275435,166.94142008526637
1087733,265.12524563645184
1355898,326.49716454512424
1310322,158.04873692752642
1069567,123.9134088552616
1012130,107.51718366420707
1302873,177.54302085472833
1380215,98.18999686242772
1434488,176.93428206842518
1130479,62.48025450402028
1074570,98.4409244084857
1151684,79.18898912534387
1199038,390.10154249480604
1251345,389.8526349534351
1223304,257.9945301393288
1206767,429.3303902885769
1357362,311.00044655408396
1448800,136.96734742718112
1487007,26.139647496940537
1330119,74.09538741502573
1477226,60.75233265114063
1247256,136.7697574463391
1216224,260.2285984741923
1182872,250.06644564670663
1062248,252.1964550746102
1397155,201.77833656980752
1041719,250.06644564670663
1135029,646.0979930206123
1356809,239.35856061749607
1372850,269.73540607941516
1404048,51.27050791941515
1388692,33.346345904896324
1383758,40.783443703447354
1212449,26.390575042998528
1162985,297.6410950332689
1209888,455.1896627981916
1499174,353.4641581741101
1084107,15.757943697173394
1150878,16.008871243231383
1208872,152.0648134656565
1417793,197.0908889481728
1083362,191.9221074329747
1253958,33.09541835883834
1071747,44.09581422064965
1030032,37.05231077430668
1118685,60.50140510508264
1052944,42.56703956474454
1384559,49.934271041141294
1248568,37.30323832036467
1494935,289.79940575609317
1098084,377.0439565154405
1127415,259.3640032840083
1176365,60.50140510508264
1065907,78.93806157928589
1305254,33.09541835883834
1345747,27.859953518537186
1209410,33.346345904896324
1093858,104.2344035456528
1052783,110.44300572415969
1271480,71.73088602528792
1003753,135.41424998617074
1496674,179.12442123671096
1061568,164.78803142581074
1101584,111.12301505627862
1383497,104.2344035456528
1176978,20.05069109336787
1435029,15.757943697173394
1343650,62.48025450402028
1434359,318.1599440536664
1007900,240.21560771213308
1017579,45.49481683599659
1063688,158.04873692752642
1126370,180.25557869370382
1246771,191.9221074329747
1008773,28.232661064152953
1318618,15.757943697173394
1228888,282.00457750580074
1244298,98.18999686242772
1342952,403.06418331916177
1131807,797.8983186506963
1408017,478.4608610040736
1051889,334.14563246261207
1392162,37.30323832036467
1075826,92.42882921504781
1142469,68.18664461831307
1103064,297.0353323014201
1059918,334.74626655365205
1072901,611.0376843633196
1353610,71.73088602528792
1195954,89.0568987877406
1391305,142.2945285593172
1326150,642.7665788443229
1275063,307.3765308043676
1222180,510.47401064871127
1192156,62.039650096962404
1113235,57.92757598027962
1309343,40.783443703447354
1297632,98.18999686242772
1155726,139.35052008215322
1297290,73.84445986896775
1419156,59.083990032895905
1116236,37.05231077430668
1062782,59.645462668427236
1333678,387.6557107577639
1481991,397.51714451451664
1275436,298.4922714011116
1044455,30.333820423732597
1006565,191.9221074329747
1289303,239.96468016607508
1350978,239.60948816355406
1065002,60.50140510508264
1330381,37.05231077430668
1066756,40.783443703447354
1425889,111.77141557036829
1027637,164.78803142581074
1024593,289.79940575609317
1309569,104.2344035456528
1130481,104.2344035456528
1461497,85.19428689764571
1273574,123.9134088552616
1499564,186.11565078621612
1409226,141.40480892180867
1276415,45.165595088189264
1072191,51.52143546547314
1185549,49.934271041141294
1394977,265.12524563645184
1031757,188.40562372752203
1357869,265.12524563645184
1457412,607.2832400963322
1333143,404.7533617956391
1297235,227.58845795873157
1018080,32.37936089480551
1439262,51.52143546547314
1262889,45.41652263424725
1001905,111.77141557036829
1136010,250.06644564670663
1271463,259.3640032840083
1469634,57.92757598027962
1258810,62.039650096962404
1345259,111.42423279021803
1004246,769.1370821639798
1114751,326.49716454512424
1109347,468.28789663325574
1008772,127.66844589393827
1016691,135.41424998617074
1365501,108.99429086918374
1291288,260.2285984741923
1112058,229.69115747355295
1469210,45.41652263424725
1181698,43.48631288946552
1231344,51.52143546547314
1387977,468.28789663325574
1034867,432.2685389934005
1276338,389.8526349534351
1322128,20.918566643974415
1289484,20.30161863942586
1007731,152.24261946299117
1088564,186.11565078621612
1427862,269.73540607941516
1170554,111.12301505627862
1172262,94.27824738536916
1341146,153.7462205273739
1357235,153.7462205273739
1088765,326.49716454512424
1188175,49.68334349508331
1203176,59.89639021448522
1049616,33.346345904896324
1309039,353.4641581741101
1145033,303.0616945182964
1286575,141.40480892180867
1101049,1852.347590955707
1137275,1599.0640337753812
1253464,946.9573623149822
1012371,59.645462668427236
1205708,188.65655127358002
1140483,165.03895897186874
1198884,616.183528781841
1493378,784.023208205906
1199993,1087.4737786334417
1043523,152.0648134656565
1258021,153.7462205273739
1311206,314.38784196512813
1167724,1641.3434839248905
1169375,873.198060491948
1108160,1304.237236358399
1430956,123.9134088552616
1256536,107.51718366420707
1387281,73.84445986896775
1466943,197.13522892220846
1414650,429.3303902885769
1224371,201.18922079720608
1112793,94.52917493142714
1289127,141.40480892180867
1126069,111.12301505627862
1087935,818.6626645196303
1443408,985.134972769879
1429992,868.027037779371
1085191,37.05231077430668
1417469,37.05231077430668
1137795,37.30323832036467
1398189,450.5736280496527
1283686,647.2471200328392
1371464,500.873876406609
1230167,90.2169898725787
1364248,111.12301505627862
1266392,51.27050791941515
1038730,139.35052008215322
1212416,227.58845795873157
1103878,464.5777208381119
1157948,139.66590002155132
1314522,123.9134088552616
1164578,298.24134385505363
1025278,606.9899741817018
1078493,318.15479691360036
1029300,73.84445986896775
1410995,111.3739426023366
1404963,114.36771088292294
1334883,523.9682541816373
1230293,462.3933485712259
1115318,678.0505395576475
1042427,123.40493872868458
1454164,136.96734742718112
1470573,107.51718366420707
1058785,23.56308128170095
1376825,110.52174250058755
1191397,92.42882921504781
1247051,128.46280287243357
1074540,297.0353323014201
1497803,131.73063613513636
1287425,153.7462205273739
1328270,137.3699196254669
1407720,710.6883177571254
1240373,265.12524563645184
1494455,227.58845795873157
1442368,37.05231077430668
1194849,28.483588610210944
1306896,45.165595088189264
1435035,33.346345904896324
1253592,177.54302085472833
1467682,829.4630114430947
1461002,603.1486329068421
1001071,16.008871243231383
1191882,136.96734742718112
1140533,143.49617934712072
1049153,145.07060909614802
1389125,23.56308128170095
1498335,58.83306248683792
1336000,74.09538741502573
1345691,71.16558511626941
1337050,429.3303902885769
1263782,461.3233563984868
1192897,342.10059239347845
1299041,870.4905644011565
1417850,762.2299604046132
1024790,584.7416583664025
1008262,32.791712239713746
1089695,71.16558511626941
1234248,62.73118205007827
1363682,516.1400817272013
1321672,464.5777208381119
1035076,805.5931536927383
1060282,123.40493872868458
1361643,135.41424998617074
1125678,260.2285984741923
1407888,805.8450584860606
1032563,456.6264052674344
1189256,605.661888172644
1058487,65.99112413094363
1413625,49.68334349508331
1121861,85.0964335352373
1105792,160.17185853115015
1239970,111.42423279021803
1078132,59.083990032895905
1028314,40.447259972116804
1461331,49.68334349508331
1203766,494.0577920710442
1314812,722.1606528074996
1252214,638.6255329646417
1199487,22.39374657374814
1213487,19.85991026839255
1149554,405.006342921738
1201667,526.9571675492002
1459985,450.5736280496527
1477962,40.783443703447354
1201705,32.791712239713746
1249240,164.78803142581074
1122608,188.40562372752203
1440426,383.306046597072
1357820,137.3699196254669
1038196,123.94830623540877
1230790,94.46797028891713
1211763,162.0171371740921
1011484,123.9134088552616
1323864,123.9134088552616
1139498,40.783443703447354
1344156,60.75233265114063
1443200,40.69818751817479
1189549,353.4641581741101
1397910,260.2285984741923
1317736,616.183528781841
1129005,1072.4239313261794
1306963,873.198060491948
1471178,516.1400817272013
1431233,37.05231077430668
1228415,71.9818135713459
1399725,71.36057128625862
1182211,342.10059239347845
1441899,426.51843919045194
1470893,805.8450584860606
1139622,107.51718366420707
1381705,98.18999686242772
1214183,179.12442123671096
1273495,946.9573623149822
1101109,466.5413610886773
1120199,762.2299604046132
1050202,139.35052008215322
1334262,158.04873692752642
1337479,258.9661051334541
1219468,311.00044655408396
1310240,193.31912139486292
1277278,71.36057128625862
1489750,49.68334349508331
1096922,62.039650096962404
1476289,710.6883177571254
1115161,614.9889648078066
1178631,526.4198309817116
1245261,26.139647496940537
1372965,40.447259972116804
1476812,21.169494190032406
1496202,238.45630989146522
1048870,282.25550505185873
1263662,296.7366934554983
1238350,89.0568987877406
1472696,89.30782633379857
1258031,43.48631288946552
1050351,136.96734742718112
1459998,197.0908889481728
1490420,404.7533617956391
1000662,138.94175982265241
1044419,111.12301505627862
1460063,114.11678333686496
1343340,257.9945301393288
1374733,401.52632182794764
1370257,260.2285984741923
1455780,43.48631288946552
1140702,66.24205167700161
1363403,60.75233265114063
1310434,463.40606868843656
1364335,307.3765308043676
1114519,353.4641581741101
1305350,114.11678333686496
1245069,114.11678333686496
1474430,73.84445986896775
1093750,37.05231077430668
1435861,62.039650096962404
1239312,153.7462205273739
1184336,71.73088602528792
1454523,111.12301505627862
1098373,153.7462205273739
1495203,127.66844589393827
1052953,404.7533617956391
1009513,191.9221074329747
1368308,98.18999686242772
1498669,15.757943697173394
1466142,40.447259972116804
1256813,59.645462668427236
1042183,23.56308128170095
1464999,32.791712239713746
1143694,104.2344035456528
1430870,636.3183956971772
1122208,509.9366740812225
1462550,15.757943697173394
1032173,16.008871243231383
1092013,160.17185853115015
1079926,164.78803142581074
1038256,179.12442123671096
1343897,32.791712239713746
1004313,67.6702364095228
1338299,45.41652263424725
1091600,401.52632182794764
1475065,389.8526349534351
1360361,334.14563246261207
1414079,492.1257035426043
1325899,461.5546411231465
1059508,305.11912886295585
1053029,71.73088602528792
1132261,180.50650623976182
1079197,139.60144762821122
1273647,259.3640032840083
1285990,677.2770357876691
1453805,387.6557107577639
1228708,177.54302085472833
1477933,145.07060909614802
1140274,127.66844589393827
1050739,1316.0375759156225
1127728,500.873876406609
1403459,773.6385750817078
1283055,164.78803142581074
1112729,131.73063613513636
1380847,136.96734742718112
1165664,468.28789663325574
1060176,342.10059239347845
1377609,94.71889783497511
1343878,85.19428689764571
1115844,123.94830623540877
1053494,461.3233563984868
1173486,508.1920293159572
1250468,390.10668963487205
1286426,40.447259972116804
1423088,37.05231077430668
1209561,40.783443703447354
1159489,158.04873692752642
1358267,307.3765308043676
1446470,311.00044655408396
1140775,127.66844589393827
1174433,108.99429086918374
1449283,104.2344035456528
1301983,187.83260286703043
1038551,201.18922079720608
1142609,305.11912886295585
1121544,111.12301505627862
1217322,109.24521841524172
1174114,112.02234311642627
1116883,646.0979930206123
1015942,456.6264052674344
1122590,265.12524563645184
1474493,334.14563246261207
1196897,404.7533617956391
1233988,127.66844589393827
1249222,26.139647496940537
1031203,60.75233265114063
1384396,50.94733364650126
1449924,188.40562372752203
1023315,456.6264052674344
1456955,334.14563246261207
1364616,265.12524563645184
1477907,298.24134385505363
1070194,282.00457750580074
1278780,581.1345643603444
1061803,311.00044655408396
1491984,303.7158844855289
1093579,45.165595088189264
1320120,114.11678333686496
1050143,108.99429086918374
1135844,33.346345904896324
1170667,40.69818751817479
1421320,294.3874564635465
1382855,399.7926201628587
1052474,321.642736704635
1168245,15.757943697173394
1358202,16.008871243231383
1347403,127.66844589393827
1423262,193.31912139486292
1490941,153.7462205273739
1045104,58.83306248683792
1180967,51.27050791941515
1169272,59.645462668427236
1417264,71.73088602528792
1122155,32.37936089480551
1421522,33.346345904896324
1343543,313.1748500801933
1127755,456.6264052674344
1286519,288.45878500593597
1159100,1852.347590955707
1257945,1259.589965288865
1226115,318.15479691360036
1430521,49.68334349508331
1376221,107.76811121026505
1496715,90.46791741863667
1169115,569.9175311044708
1176448,652.5231949582105
1463004,1142.8357391595268
1250962,207.58274903479523
1295333,153.7462205273739
1178409,260.2285984741923
1012909,1154.5795736994444
1338022,591.2741245166496
1366789,984.0741037733518
1373833,107.51718366420707
1381332,85.19428689764571
1243588,135.41424998617074
1346625,179.12442123671096
1220323,111.12301505627862
1370150,58.17850352633761
1425569,60.50140510508264
1035374,60.50140510508264
1394503,684.9073516834752
1058305,687.2835699634901
1344498,489.8437222098504
1141007,27.609025972479195
1473646,27.859953518537186
1487690,114.36771088292294
1450648,141.65573646786666
1205027,153.7462205273739
1476902,207.58274903479523
1165718,294.3874564635465
1378218,141.40480892180867
1078304,183.11682976160276
1089355,354.1851435696782
1297171,390.1460862534218
1312686,142.2945285593172
1325197,128.46280287243357
1481530,89.0568987877406
1284608,136.7697574463391
1463475,282.00457750580074
1315063,161.19198404589054
1059185,59.645462668427236
1374100,71.16558511626941
1042049,74.09538741502573
1387016,399.7874730227927
1280720,334.14563246261207
1297322,423.01282440468475
1173983,2017.128717010082
1109530,405.006342921738
1210247,110.27081495452957
1376906,30.856417305070458
1454933,90.46791741863667
1258714,94.52917493142714
1442196,131.73063613513636
1149208,423.01282440468475
1109561,220.40962337106367
1086120,187.83260286703043
1395010,197.13522892220846
1199426,197.13522892220846
1102777,762.2299604046132
1457723,325.64117507705777
1481022,423.01282440468475
1022584,98.18999686242772
1117071,70.91465757021143
1444390,67.41930886346482
1136802,139.35052008215322
1160158,139.35052008215322
1389988,60.75233265114063
1380922,59.645462668427236
1117887,326.49716454512424
1237251,636.3183956971772
1062656,552.3175930237094
1187507,20.918566643974415
1118587,22.1780454486166
1016028,193.31912139486292
1324267,212.46227016911783
1272876,260.2285984741923
1462161,73.84445986896775
1374036,44.09581422064965
1415631,75.35736216196382
1205040,59.645462668427236
1496216,44.09581422064965
1402048,59.083990032895905
1364233,37.30323832036467
1439116,252.1964550746102
1312641,250.509338247975
1315279,252.71739626185848
1145134,684.707431899225
1342622,643.2933866854997
1198108,220.40962337106367
1077816,34.60728634400457
1036232,62.29057764302039
1311646,40.69818751817479
1286961,188.40562372752203
1028838,298.24134385505363
1247743,313.1748500801933
1425258,398.630928735342
1006454,383.306046597072
1384974,450.5736280496527
1486614,797.8983186506963
1399973,289.79940575609317
1385096,390.1460862534218
1060853,73.84445986896775
1040838,44.09581422064965
1109072,71.10964374020064
1460672,65.84094859771089
1334969,179.12442123671096
1049364,158.04873692752642
1087717,43.73724043552351
1325920,33.09541835883834
1039447,37.30323832036467
1186967,494.0577920710442
1110292,552.3175930237094
1036751,491.58836697511555
1236541,176.93428206842518
1275664,212.46227016911783
1209721,265.12524563645184
1162125,123.94830623540877
1263378,73.84445986896775
1199188,131.73063613513636
1488174,73.84445986896775
1070083,127.66844589393827
1132304,42.56703956474454
1167345,51.52143546547314
1012255,37.30323832036467
1032662,390.10154249480604
1033908,305.11912886295585
1291511,260.2285984741923
1027186,390.1460862534218
1040688,404.7533617956391
1315683,197.13522892220846
1330397,40.447259972116804
1264948,62.29057764302039
1159897,44.34674176670764
1059351,201.18922079720608
1239762,552.854929591198
1447229,282.00457750580074
1151744,176.93428206842518
1216716,158.04873692752642
1312133,127.66844589393827
1118832,728.4566098625397
1252149,252.1964550746102
1094537,405.006342921738
1447416,57.92757598027962
1127043,176.93428206842518
1164344,128.46280287243357
1370338,33.346345904896324
1421244,40.783443703447354
1093990,40.447259972116804
1497414,229.69115747355295
1210832,318.1599440536664
1344468,260.4795260202503
1404146,27.609025972479195
1103781,22.1780454486166
1294600,98.18999686242772
1215402,136.96734742718112
1043840,104.2344035456528
1116803,67.93571707225509
1090469,58.83306248683792
1017399,104.2344035456528
1248806,80.65529949362455
1131581,153.7462205273739
1060388,43.48631288946552
1003796,59.083990032895905
1363790,33.04263978577173
1408249,311.00044655408396
1029511,334.74626655365205
1110232,192.7982268315772
1281521,687.4780410475747
1083761,587.8920996328875
1368949,250.1452410113728
1161399,32.37936089480551
1471054,71.9818135713459
1029539,59.89639021448522
1423689,180.25557869370382
1039864,313.1748500801933
1026413,303.0616945182964
1044730,114.11678333686496
1014000,123.9134088552616
1062258,111.12301505627862
1234509,699.299938344033
1236978,297.6410950332689
1487673,403.06418331916177
1371786,67.41930886346482
1110617,50.69640610044327
1343708,58.83306248683792
1433116,60.50140510508264
1308546,183.11682976160276
1329651,176.93428206842518
1379435,40.69818751817479
1145893,33.09541835883834
1369946,40.447259972116804
1056828,325.64117507705777
1093949,423.01797154475076
1394115,415.8588165395106
1056092,26.139647496940537
1340133,23.81400882775894
1459830,111.77141557036829
1153248,131.73063613513636
1460813,176.93428206842518
1044801,71.73088602528792
1136984,111.77141557036829
1257636,92.17790166898983
1433830,153.7462205273739
1266400,43.48631288946552
1412306,59.083990032895905
1001630,37.30323832036467
1438073,265.12524563645184
1193535,250.509338247975
1049161,250.06644564670663
1113088,642.7665788443229
1473044,465.6113383269906
1022104,318.15479691360036
1191423,32.37936089480551
1329211,79.18898912534387
1290034,74.09538741502573
1395289,269.73540607941516
1103569,296.4857659094403
1097299,560.2138161334647
1283783,197.0908889481728
1270643,186.11565078621612
1077145,269.73540607941516
1340515,523.9682541816373
1003274,311.4340848322759
1441788,404.7533617956391
1000409,33.09541835883834
1329787,58.83306248683792
1298237,33.04263978577173
1190800,32.791712239713746
1456232,32.791712239713746
1484891,383.306046597072
1031253,350.43050591801614
1010839,326.50231168519025
1024581,15.757943697173394
1041176,22.1780454486166
1148161,19.85991026839255
1350810,197.34181649423078
1201815,294.6383840096045
1434822,32.791712239713746
1149326,23.56308128170095
1036321,33.09541835883834
1310991,111.12301505627862
1221524,197.13522892220846
1133330,260.2285984741923
1420669,98.18999686242772
1255934,70.91465757021143
1013345,104.2344035456528
1468382,49.68334349508331
1145754,44.34674176670764
1296525,33.346345904896324
1312320,214.67352562252546
1287128,175.59710078120884
1042549,389.8526349534351
1301321,614.3853909212653
1094909,405.006342921738
1155168,314.38784196512813
1396268,26.139647496940537
1124007,59.083990032895905
1221654,58.17850352633761
1034052,258.9661051334541
1167273,391.7176317893607
1056567,523.9682541816373
1318214,128.46280287243357
1071404,123.9134088552616
1190919,180.25557869370382
1125207,468.28789663325574
1239109,342.10059239347845
1366465,492.1257035426043
1327054,62.48025450402028
1413660,65.99112413094363
1389070,152.24261946299117
1152849,94.27824738536916
1429343,49.934271041141294
1433370,33.09541835883834
1015651,40.783443703447354
1158903,391.7176317893607
1456903,307.62745835042557
1400224,314.6387695111861
1417054,20.918566643974415
1172631,23.56308128170095
1111819,21.169494190032406
1302703,188.65655127358002
1300752,240.21560771213308
1294900,257.9945301393288
1319818,32.37936089480551
1183251,26.139647496940537
1119599,107.51718366420707
1492080,139.35052008215322
1163294,259.3640032840083
1014711,104.2344035456528
1244747,104.2344035456528
1061707,162.0171371740921
1493848,161.19198404589054
1230234,110.27081495452957
1203418,32.791712239713746
1485817,45.41652263424725
1143509,297.0353323014201
1091408,197.0908889481728
1138077,252.1964550746102
1311411,683.8008534394285
1295313,461.3233563984868
1183342,303.7158844855289
1491036,37.05231077430668
1295983,107.76811121026505
1331317,81.49351576537381
1324969,298.24134385505363
1103729,405.006342921738
1055560,584.7416583664025
1363126,112.54495677784358
1337290,123.94830623540877
1325872,111.12301505627862
1049470,960.3781815223076
1012992,464.5777208381119
1044579,678.0505395576475
1200607,85.19428689764571
1401512,81.24258821931583
1440033,104.2344035456528
1125481,153.7462205273739
1016837,111.42423279021803
1436547,59.89639021448522
1473669,45.165595088189264
1126786,58.83306248683792
1271366,398.630928735342
1465667,790.9233406389424
1056305,513.8581003944474
1047663,20.05069109336787
1294079,23.81400882775894
1377246,153.9971480734319
1363975,212.71319771517582
1232131,205.1995003344591
1460621,51.27050791941515
1157067,45.165595088189264
1245780,33.09541835883834
1058708,111.12301505627862
1307097,158.04873692752642
1062037,227.58845795873157
1490720,65.99112413094363
1395873,60.50140510508264
1170057,107.51718366420707
1258413,197.0908889481728
1361970,143.49617934712072
1072658,73.84445986896775
1048034,85.34736108129528
1461040,60.75233265114063
1485183,397.51199737445063
1223342,311.4340848322759
1480807,455.72699936568034
1371494,197.0908889481728
1103790,289.79940575609317
1016615,62.48025450402028
1272610,22.39374657374814
1467769,45.41652263424725
1078797,37.30323832036467
1274462,127.66844589393827
1252119,245.3727875602082
1472378,143.49617934712072
1372362,111.12301505627862
1496832,137.3699196254669
1224855,135.41424998617074
1159741,450.5736280496527
1477503,207.83367658085322
1288873,161.19198404589054
1433395,45.165595088189264
1065649,34.60728634400457
1411840,23.56308128170095
1087160,26.139647496940537
1074147,164.78803142581074
1090440,515.6027451597126
1394833,404.7533617956391
1392268,111.77141557036829
1385412,131.73063613513636
1066080,153.7462205273739
1351946,30.856417305070458
1160992,40.69818751817479
1448499,33.04263978577173
1460215,404.7585089357051
1269050,476.71621623880844
1040647,342.10059239347845
1387886,462.3933485712259
1364865,388.34793588643896
1018974,139.35052008215322
1278003,43.73724043552351
1452327,94.46797028891713
1497155,127.66844589393827
1224475,145.07060909614802
1260226,49.68334349508331
1059327,45.165595088189264
1393536,71.73088602528792
1171318,569.9175311044708
1232647,238.45630989146522
1163568,353.4641581741101
1244463,67.41930886346482
1211183,43.48631288946552
1135295,94.46797028891713
1346678,207.58274903479523
1348987,175.59710078120884
1410509,34.60728634400457
1233091,42.81796711080253
1090616,313.1748500801933
1071801,326.49716454512424
1401641,260.2285984741923
1116388,19.60898272233456
1309103,75.35736216196382
1491166,107.51718366420707
1030588,153.7462205273739
1025159,78.93806157928589
1232718,58.83306248683792
1018868,62.48025450402028
1210049,131.73063613513636
1253684,111.12301505627862
1182135,158.04873692752642
1298742,37.05231077430668
1227002,49.934271041141294
1268785,37.30323832036467
1022714,197.13522892220846
1275470,127.66844589393827
1097202,111.65760982073394
1493366,432.2685389934005
1331057,455.72699936568034
1182877,298.24134385505363
1076949,37.05231077430668
1462250,112.02234311642627
1211529,60.75233265114063
1445903,179.12442123671096
1329450,294.3874564635465
1230201,296.4857659094403
1470087,158.04873692752642
1446867,158.04873692752642
1319291,197.0908889481728
1143124,784.023208205906
1101383,294.3874564635465
1123524,398.630928735342
1271587,51.27050791941515
1148781,49.68334349508331
1301245,62.039650096962404
1168313,128.46280287243357
1435780,104.2344035456528
1012281,45.41652263424725
1098155,59.083990032895905
1360008,334.74626655365205
1452904,515.6027451597126
1030802,423.01282440468475
1106987,27.609025972479195
1151987,26.390575042998528
1134647,123.40493872868458
1475968,192.7982268315772
1338863,227.58845795873157
1378609,70.91465757021143
1039161,59.645462668427236
1011680,94.46797028891713
1298077,98.18999686242772
1295274,158.04873692752642
1309793,59.645462668427236
1052527,79.18898912534387
1109588,60.75233265114063
1336905,294.3874564635465
1468878,313.1748500801933
1138443,289.79940575609317
1275484,282.00457750580074
1332387,334.14563246261207
1448406,107.51718366420707
1131551,85.44521444370369
1218247,51.52143546547314
1476030,184.93322840211732
1068090,388.34793588643896
1185173,227.83938550478956
1366617,180.25557869370382
1198378,260.2285984741923
1182059,238.81836432014148
1118081,647.529020519626
1325683,250.06644564670663
1130102,297.6410950332689
1491257,51.27050791941515
1382126,60.50140510508264
1191748,37.30323832036467
1466660,40.783443703447354
1390106,176.93428206842518
1244449,457.45363721890436
1111218,377.04910365550654
1389557,15.757943697173394
1350375,16.008871243231383
1186359,127.24431800615683
1213899,145.07060909614802
1439257,123.40493872868458
1091234,42.081944577309486
1011775,27.609025972479195
1378332,42.56703956474454
1091493,40.69818751817479
1104216,33.346345904896324
1181809,289.79940575609317
1379054,342.10059239347845
1340178,390.10154249480604
1177611,398.630928735342
1296989,313.1748500801933
1434024,152.24261946299117
1240097,32.791712239713746
1195124,90.46791741863667
1310902,110.27081495452957
1376592,265.12524563645184
1266339,162.0171371740921
1300685,136.96734742718112
1168138,123.94830623540877
1216142,164.78803142581074
1145836,805.8450584860606
1255684,239.35856061749607
1137477,353.4641581741101
1120804,65.84094859771089
1423024,164.78803142581074
1438719,123.94830623540877
1185056,40.447259972116804
1026874,59.083990032895905
1000239,250.06644564670663
1018451,606.520062821147
1438212,584.2043217989138
1111309,22.39374657374814
1036368,26.139647496940537
1232302,22.1780454486166
1203845,175.59710078120884
1250127,220.40962337106367
1168534,220.40962337106367
1463718,78.93806157928589
1129628,71.73088602528792
1152567,98.18999686242772
1308024,114.11678333686496
1075107,67.41930886346482
1022331,98.4409244084857
1446941,67.6702364095228
1209021,325.64117507705777
1189249,429.3303902885769
1443158,245.3727875602082
1009004,762.2299604046132
1374089,738.9872266907895
1079607,245.3727875602082
1329352,40.447259972116804
1280562,94.52917493142714
1103749,79.18898912534387
1066165,191.9221074329747
1081755,303.7158844855289
1230372,391.7176317893607
1266770,135.41424998617074
1443525,164.78803142581074
1387877,193.31912139486292
1373382,773.6385750817078
1150804,388.34793588643896
1079093,455.72699936568034
1035507,80.65529949362455
1277459,62.039650096962404
1251663,166.94142008526637
1223245,350.4253587779501
1385359,269.73540607941516
1309145,45.41652263424725
1407808,49.934271041141294
1196459,405.006342921738
1083320,405.011490061804
1185822,461.59920098329786
1273643,23.56308128170095
1258195,40.783443703447354
1431428,111.12301505627862
1409973,127.66844589393827
1249625,220.40962337106367
1355820,111.42423279021803
1234209,107.51718366420707
1139349,104.2344035456528
1008936,204.9485727884011
1066283,197.0908889481728
1170430,390.1460862534218
1232936,40.783443703447354
1080677,59.083990032895905
1021800,40.69818751817479
1123137,462.04979928476877
1411806,318.15479691360036
1328104,250.06644564670663
1318582,1300.7610891226095
1460235,1149.9618275012292
1313982,541.846327536151
1202724,40.783443703447354
1366938,142.5454561053752
1181409,124.16433640131957
1230032,614.3853909212653
1122286,684.9073516834752
1493246,1087.4737786334417
1482713,229.69115747355295
1154157,214.67352562252546
1365677,350.4253587779501
1136265,1087.4737786334417
1229533,762.2299604046132
1305186,822.4319181539063
1159457,65.99112413094363
1118236,71.10964374020064
1280982,162.0171371740921
1212852,59.89639021448522
1215713,58.83306248683792
1350519,70.91465757021143
1403497,728.4566098625397
1140321,827.786289358128
1446737,780.2340067968843
1106173,22.1780454486166
1481387,23.81400882775894
1065238,476.71621623880844
1183033,457.9909737863931
1229149,457.9909737863931
1097281,45.165595088189264
1356234,50.69640610044327
1471059,42.56703956474454
1383245,197.0908889481728
1378355,250.06644564670663
1363066,390.1460862534218
1165483,145.29757198979337
1081138,141.40480892180867
1466102,104.2344035456528
1497165,138.94175982265241
1079199,220.62688752313338
1422221,158.04873692752642
1169305,49.68334349508331
1468137,66.24205167700161
1407007,59.89639021448522
1454261,528.7018123144654
1294443,252.1964550746102
1440024,738.9872266907895
1180058,510.47401064871127
1419811,462.3933485712259
1486660,153.7462205273739
1465689,23.56308128170095
1136864,60.75233265114063
1006792,62.29057764302039
1050241,152.0648134656565
1200761,298.24134385505363
1090212,265.37617318250983
1310650,70.91465757021143
1382624,107.51718366420707
1155781,94.27824738536916
1247682,643.2933866854997
1304450,260.2285984741923
1196458,390.1460862534218
1157252,60.50140510508264
1299746,73.84445986896775
1336037,59.645462668427236
1122743,136.7697574463391
1445716,311.00044655408396
1338896,289.79940575609317
1272933,45.41652263424725
1455058,37.05231077430668
1004938,37.05231077430668
1336737,326.49716454512424
1453619,313.4257776262513
1453388,305.37005640901384
1415166,22.39374657374814
1095178,33.09541835883834
1185761,22.64467411980613
1065427,104.2344035456528
1158519,110.27081495452957
1454709,175.59710078120884
1244297,58.83306248683792
1421956,164.78803142581074
1444887,107.51718366420707
1393415,152.24261946299117
1188398,40.783443703447354
1349856,59.89639021448522
1275306,49.934271041141294
1181771,297.0353323014201
1473546,204.9485727884011
1220699,175.59710078120884
1163835,265.12524563645184
1077197,244.22398533311585
1078943,136.96734742718112
1141699,37.05231077430668
1431365,142.5454561053752
1323704,112.02234311642627
1144725,289.79940575609317
1251827,552.854929591198
1035762,295.7980600019056
1120903,164.78803142581074
1137816,191.9221074329747
1051613,229.69115747355295
1067751,1026.255125904989
1252232,390.1197859130282
1237824,390.10154249480604
1281696,15.757943697173394
1458838,22.1780454486166
1196617,71.73088602528792
1202967,51.27050791941515
1486074,37.30323832036467
1109827,49.68334349508331
1148446,229.69115747355295
1089612,1092.876771363029
1091853,790.9233406389424
1474470,15.757943697173394
1161356,19.85991026839255
1182360,220.62688752313338
1144385,204.9485727884011
1300003,244.22398533311585
1025058,37.05231077430668
1267543,32.791712239713746
1064112,62.039650096962404
1429670,65.84094859771089
1234570,98.4409244084857
1208998,60.75233265114063
1168162,405.006342921738
1272298,516.1400817272013
1306135,699.7177774605515
1224760,531.5223363082393
1178379,581.2125988722455
1001682,305.11912886295585
1226758,44.09581422064965
1156896,107.76811121026505
1409965,80.90622703968253
1085877,254.6981049735426
1435973,494.0577920710442
1420872,468.28789663325574
1357911,311.00044655408396
1381530,342.10059239347845
1244720,313.1748500801933
1408421,818.6626645196303
1030388,415.8536693994446
1142936,500.873876406609
1029029,62.039650096962404
1241621,191.9221074329747
1108100,183.11682976160276
1341505,62.73118205007827
1146546,42.56703956474454
1228717,60.50140510508264
1300602,390.1460862534218
1412835,470.74097737276173
1035112,461.59920098329786
1482787,25.747795365433614
1260742,25.747795365433614
1150221,191.9221074329747
1233965,303.7158844855289
1001960,250.1452410113728
1232649,114.11678333686496
1438231,111.77141557036829
1214818,115.12054605747885
1293933,152.0648134656565
1338782,220.40962337106367
1245831,45.165595088189264
1113366,58.17850352633761
1064876,43.73724043552351
1393509,405.006342921738
1351558,464.5777208381119
1294647,313.1748500801933
1138065,584.7596266403834
1217089,513.374806066422
1298211,307.3765308043676
1270301,27.609025972479195
1233935,89.30782633379857
1402841,71.16558511626941
1167747,238.81836432014148
1472216,301.22893775941066
1081681,513.374806066422
1373773,94.46797028891713
1254793,145.07060909614802
1200397,584.7596266403834
1057243,307.3765308043676
1004840,399.7874730227927
1369700,40.447259972116804
1447326,23.56308128170095
1205205,96.98764634435442
1320421,114.11678333686496
1248311,65.99112413094363
1221841,37.30323832036467
1207153,32.791712239713746
1078593,32.791712239713746
1258579,403.06418331916177
1271523,334.1507796026781
1430507,305.37005640901384
1172071,20.918566643974415
1366224,25.747795365433614
1326194,16.008871243231383
1321713,175.84802832726683
1146830,175.84802832726683
1183728,207.91197078260257
1241401,40.447259972116804
1105062,42.56703956474454
1365486,89.0568987877406
1405527,110.44300572415969
1196339,229.69115747355295
1124619,90.2169898725787
1371814,50.69640610044327
1178892,85.0964335352373
1384956,123.40493872868458
1287737,89.0568987877406
1442657,37.05231077430668
1459362,45.41652263424725
1453914,41.03437124950534
1198977,252.1964550746102
1206990,197.13522892220846
1013394,313.1748500801933
1012461,821.0370965557263
1355967,642.7665788443229
1401298,301.22893775941066
1279289,21.169494190032406
1150568,60.75233265114063
1054094,62.29057764302039
1229774,388.34793588643896
1022036,465.6113383269906
1364365,702.7579344090778
1076235,197.0908889481728
1143542,207.58274903479523
1019852,257.26180275518556
1082297,699.299938344033
1272303,513.374806066422
1033177,587.8920996328875
1243977,37.05231077430668
1145076,59.645462668427236
1235244,73.84445986896775
1314294,58.83306248683792
1365195,41.387652178147704
1229625,43.48631288946552
1448117,32.37936089480551
1178515,616.183528781841
1432714,680.6266776219127
1118544,583.6896147522885
1416590,19.85991026839255
1384503,114.11678333686496
1245702,165.03895897186874
1442280,58.83306248683792
1367431,42.56703956474454
1236347,49.68334349508331
1078323,188.40562372752203
1148984,269.73540607941516
1343302,313.1748500801933
1414288,94.46797028891713
1377256,65.84094859771089
1364788,73.84445986896775
1309897,85.0964335352373
1142412,44.09581422064965
1226780,33.346345904896324
1213361,25.998722911491605
1002890,415.8536693994446
1086028,269.73540607941516
1333390,678.0505395576475
1327142,1871.8226425728078
1393728,1295.9914553680217
1189658,773.6385750817078
1205070,58.83306248683792
1009043,111.90853736679192
1033147,98.4409244084857
1109999,549.9441040001311
1199684,581.1345643603444
1366158,1078.7808014243674
1066120,111.77141557036829
1483400,141.40480892180867
1175832,252.1964550746102
1223412,1309.7416974918403
1372987,710.6883177571254
1480786,1052.4264089225367
1395859,179.12442123671096
1462952,187.83260286703043
1489537,94.46797028891713
1441614,260.2285984741923
1087963,405.006342921738
1492687,289.79940575609317
1406914,98.4409244084857
1260976,78.93806157928589
1347680,773.6385750817078
1159794,812.3635725640489
1265893,812.34234649514
1241569,45.165595088189264
1229122,62.039650096962404
1303406,32.63028844086352
1428532,260.4795260202503
1263274,464.31377370548154
1031078,584.7416583664025
1165481,135.41424998617074
1127930,89.0568987877406
1108613,94.27824738536916
1421424,201.18922079720608
1337287,245.3727875602082
1176152,614.3853909212653
1343801,201.77833656980752
1434553,197.0908889481728
1327498,183.11682976160276
1151084,294.3874564635465
1285260,510.47401064871127
1249009,342.10059239347845
1240396,60.50140510508264
1117959,98.4409244084857
1472988,80.59503487110442
1184246,531.5223363082393
1222113,423.01282440468475
1053161,586.1974367927389
1350644,2038.637618473551
1185453,1651.1945877775909
1393875,586.1974367927389
1155630,49.68334349508331
1090332,153.9971480734319
1279092,127.91937343999619
1304158,684.9073516834752
1165089,699.299938344033
1424073,1316.0375759156225
1370272,192.7982268315772
1179367,197.0908889481728
1315916,353.4641581741101
1179049,1261.3528674995955
1291763,728.4566098625397
1395897,984.0741037733518
1274992,127.66844589393827
1486982,94.46797028891713
1437992,94.46797028891713
1030881,139.35052008215322
1449932,220.62688752313338
1374934,161.19198404589054
1221819,92.42882921504781
1018876,65.99112413094363
1386370,89.0568987877406
1032299,870.4905644011565
1150157,789.3172886747278
1032558,679.8531738519342
1091280,42.56703956474454
1090320,33.04263978577173
1215092,179.37534878276895
1441270,239.35856061749607
1065825,265.12524563645184
1496861,166.94142008526637
1220695,139.35052008215322
1118499,107.51718366420707
1277788,204.9485727884011
1028415,353.4641581741101
1058377,552.854929591198
1058203,197.0908889481728
1451083,188.40562372752203
1083836,123.40493872868458
1013490,214.67352562252546
1287375,390.1197859130282
1405566,303.7158844855289
1056626,62.039650096962404
1388386,109.24521841524172
1373254,67.6702364095228
1484423,466.5413610886773
1258533,384.783701678737
1114965,586.1974367927389
1075058,260.2285984741923
1323949,227.58845795873157
1408074,138.94175982265241
1250534,32.791712239713746
1444561,131.98156368119436
1342935,75.6082897080218
1025464,139.35052008215322
1074066,342.10059239347845
1273706,250.1452410113728
1203492,158.04873692752642
1408921,177.54302085472833
1221151,145.07060909614802
1450019,803.5587002702547
1371024,298.24134385505363
1044231,313.1748500801933
1346629,27.609025972479195
1152949,15.757943697173394
1474865,75.35736216196382
1191446,50.69640610044327
1175109,41.03437124950534
1014725,59.645462668427236
1175207,51.52143546547314
1060235,269.73540607941516
1051619,902.7454851862873
1161743,696.4969141392029
1084551,16.008871243231383
1228342,145.07060909614802
1148724,161.19198404589054
1436823,191.9221074329747
1294764,43.48631288946552
1238365,49.68334349508331
1132553,45.165595088189264
1110389,94.52917493142714
1179414,62.73118205007827
1379585,405.006342921738
1103117,500.873876406609
1174564,377.0439565154405
1019750,342.10059239347845
1467189,350.4253587779501
1083326,177.54302085472833
1060989,27.609025972479195
1031082,104.48533109171078
1330372,58.17850352633761
1415361,127.66844589393827
1405041,201.77833656980752
1277919,153.7462205273739
1179936,107.51718366420707
1122653,114.11678333686496
1126746,586.1974367927389
1286535,220.59447621445366
1075135,183.11682976160276
1191038,26.139647496940537
1051743,81.24258821931583
1412947,71.10964374020064
1386138,32.29567444721536
1183542,37.30323832036467
1253731,220.62688752313338
1388765,606.520062821147
1316517,523.4309176141487
1447951,15.757943697173394
1029430,20.918566643974415
1167708,104.2344035456528
1008958,111.77141557036829
1247967,145.07060909614802
1203050,60.50140510508264
1117272,44.09581422064965
1164049,37.05231077430668
1309077,49.68334349508331
1152692,27.609025972479195
1304019,43.48631288946552
1102018,49.934271041141294
1392035,41.03437124950534
1108262,303.7158844855289
1286209,384.783701678737
1079439,239.35856061749607
1094768,112.54495677784358
1425078,110.27081495452957
1007209,49.68334349508331
1226604,28.232661064152953
1039007,128.46280287243357
1029038,110.27081495452957
1068960,70.91465757021143
1113318,107.51718366420707
1185029,111.3739426023366
1198442,114.36771088292294
1287231,252.1964550746102
1011881,161.44291159194853
1232434,153.7462205273739
1495173,26.139647496940537
1059960,71.73088602528792
1313421,326.50231168519025
1428766,311.6850123783339
1010331,15.757943697173394
1412109,15.808147755728694
1423216,114.11678333686496
1383534,139.35052008215322
1389117,164.78803142581074
1105799,27.609025972479195
1439341,23.56308128170095
1081423,62.73118205007827
1286540,33.04263978577173
1112602,201.18922079720608
1274554,94.27824738536916
1221456,415.8536693994446
1328835,1142.8357391595268
1131459,946.9573623149822
1096610,478.4608610040736
1262092,32.791712239713746
1127666,81.49351576537381
1115978,66.24205167700161
1095368,353.4641581741101
1033758,390.1460862534218
1359792,687.4799865773577
1112398,145.07060909614802
1239082,158.04873692752642
1251424,269.73540607941516
1333514,805.5931536927383
1037582,500.873876406609
1117072,614.3853909212653
1088111,59.645462668427236
1436892,40.447259972116804
1304104,123.9134088552616
1447677,220.62688752313338
1277532,111.77141557036829
1014950,60.75233265114063
1287716,42.081944577309486
1087842,584.7596266403834
1288985,679.8531738519342
1258199,567.6355497717169
1459135,23.56308128170095
1208631,25.747795365433614
1418302,23.56308128170095
1167549,135.66517753222874
1442242,145.07060909614802
1306774,165.03895897186874
1468273,62.48025450402028
1407633,40.783443703447354
1235156,60.50140510508264
1486929,188.40562372752203
1344920,250.1452410113728
1051981,390.10154249480604
1249185,141.40480892180867
1491536,94.46797028891713
1149962,158.04873692752642
1345579,303.7158844855289
1444631,161.19198404589054
1220238,51.27050791941515
1035004,60.75233265114063
1151818,45.41652263424725
1079774,342.10059239347845
1348908,289.79940575609317
1301239,531.5223363082393
1165312,677.2770357876691
1107240,389.8526349534351
1075276,238.45630989146522
1425377,37.05231077430668
1361060,89.30782633379857
1174386,67.6702364095228
1385420,326.49716454512424
1087440,353.4641581741101
1093409,523.9682541816373
1428145,107.51718366420707
1316942,78.93806157928589
1209794,128.46280287243357
1206396,614.3853909212653
1015193,306.3183687917708
1391402,516.1400817272013
1376423,94.27824738536916
1235519,115.12054605747885
1193174,80.34410732504644
1043312,49.68334349508331
1281035,70.91465757021143
1311326,378.97726216144144
1044397,303.96681203158687
1243253,212.71319771517582
1440334,27.859953518537186
1118156,104.48533109171078
1352707,177.54302085472833
1424787,158.29966447358441
1045222,107.51718366420707
1368447,115.12054605747885
1400203,51.27050791941515
1438927,110.44300572415969
1070475,229.69115747355295
1297117,238.45630989146522
1286904,89.0568987877406
1061984,89.0568987877406
1226060,123.9134088552616
1478109,187.83260286703043
1349761,123.9134088552616
1394329,90.46791741863667
1127659,62.29057764302039
1297146,191.9221074329747
1451772,161.19198404589054
1470662,186.11565078621612
1169852,1314.338507640101
1154015,900.175566102047
1453206,492.1257035426043
1353248,28.232661064152953
1194111,94.52917493142714
1354008,98.4409244084857
1243256,390.10154249480604
1308796,500.873876406609
1060557,805.6143797616472
1114607,94.46797028891713
1280829,107.51718366420707
1363865,164.78803142581074
1167634,1026.255125904989
1044391,541.846327536151
1111828,740.2225336632139
1276735,71.73088602528792
1467304,73.84445986896775
1078445,153.7462205273739
1377809,245.3727875602082
1420293,153.7462205273739
1444603,85.34736108129528
1274531,45.165595088189264
1179843,59.645462668427236
1142629,541.846327536151
1367832,550.5729482584442
1441005,450.2977594152339
1122374,28.232661064152953
1185511,197.34181649423078
1233708,306.3183687917708
1427047,302.18475254285255
1441170,45.165595088189264
1431518,44.09581422064965
1054223,33.09541835883834
1495200,153.7462205273739
1146335,186.11565078621612
1206301,350.4253587779501
1409480,123.40493872868458
1121979,110.27081495452957
1453325,114.11678333686496
1248345,252.1964550746102
1029671,303.7158844855289
1311954,197.13522892220846
1201289,44.09581422064965
1223150,74.09538741502573
1336467,59.083990032895905
1191177,377.0439565154405
1083550,307.3765308043676
1283359,318.15479691360036
1365978,297.0353323014201
1114886,220.40962337106367
1467615,123.40493872868458
1479779,37.05231077430668
1258801,142.5454561053752
1287867,114.36771088292294
1237737,131.73063613513636
1285268,294.3874564635465
1443123,161.19198404589054
1369157,179.12442123671096
1155410,186.11565078621612
1095804,161.19198404589054
1215216,821.0370965557263
1304127,238.45630989146522
1261101,313.1748500801933
1128126,27.609025972479195
1136502,25.71927316221139
1234971,37.05231077430668
1447907,94.27824738536916
1364763,80.65529949362455
1427813,42.33287212336747
1446359,45.165595088189264
1133369,58.83306248683792
1080009,188.40562372752203
1280020,680.135074338721
1475697,669.4620252955378
1266036,15.757943697173394
1397921,23.56308128170095
1249113,19.60898272233456
1424908,111.12301505627862
1028250,179.12442123671096
1051747,192.7982268315772
1319798,59.645462668427236
1439914,44.09581422064965
1280466,62.48025450402028
1381451,45.165595088189264
1297352,71.73088602528792
1486121,51.27050791941515
1096847,85.44521444370369
1223786,60.75233265114063
1034228,342.10059239347845
1480622,516.1400817272013
1388877,250.509338247975
1265643,390.1460862534218
1349938,415.8536693994446
1086855,153.7462205273739
1467572,71.9818135713459
1287120,51.52143546547314
1233056,104.2344035456528
1281373,153.7462205273739
1359692,192.7982268315772
1037344,67.41930886346482
1323752,78.93806157928589
1124524,89.0568987877406
1210842,784.023208205906
1452815,294.3874564635465
1433742,404.7533617956391
1473807,78.93806157928589
1466241,75.35736216196382
1283499,58.83306248683792
1177655,177.54302085472833
1165860,311.00044655408396
1423393,250.06644564670663
1359559,60.75233265114063
1009910,40.447259972116804
1311852,59.89639021448522
1069980,353.4641581741101
1126737,470.74097737276173
1343858,404.7585089357051
1096127,23.56308128170095
1180122,44.09581422064965
1476984,20.30161863942586
1371198,107.51718366420707
1278606,131.73063613513636
1263980,187.83260286703043
1457860,94.46797028891713
1052867,57.92757598027962
1031655,71.73088602528792
1305800,139.35052008215322
1465418,136.96734742718112
1000119,164.78803142581074
1285974,60.75233265114063
1278915,45.41652263424725
1218127,301.22893775941066
1103679,294.3874564635465
1483536,227.58845795873157
1210680,244.22398533311585
1410454,204.9485727884011
1069802,75.35736216196382
1316041,28.232661064152953
1066872,110.69393327021767
1492890,66.24205167700161
1382675,191.9221074329747
1189808,429.3303902885769
1355233,260.2285984741923
1146613,227.58845795873157
1140422,204.9485727884011
1332326,180.25557869370382
1143142,693.638875588151
1215064,388.34793588643896
1187193,314.38784196512813
1335910,23.56308128170095
1045845,27.609025972479195
1301699,80.34410732504644
1395269,37.30323832036467
1151954,33.04263978577173
1023979,238.45630989146522
1102244,582.4275968065658
1112950,521.4353453028256
1249463,15.757943697173394
1437490,16.008871243231383
1362996,123.40493872868458
1261591,152.24261946299117
1386312,123.9134088552616
1087412,49.68334349508331
1360278,42.56703956474454
1141438,32.791712239713746
1279045,28.232661064152953
1318675,49.68334349508331
1150418,37.05231077430668
1132502,49.934271041141294
1205741,43.73724043552351
1038747,405.006342921738
1157526,616.183528781841
1269099,319.8832332044032
1052017,1441.3972557097213
1351714,900.175566102047
1079368,702.7579344090778
1058360,123.9134088552616
1364127,314.6387695111861
1437934,229.94208501961094
1292983,677.2770357876691
1486011,947.339733278442
1099221,1337.6388094327958
1099528,220.62688752313338
1092985,160.17185853115015
1066687,238.45630989146522
1058556,1834.5823514477024
1229539,1094.84106463691
1149272,1459.99181132629
1277023,250.06644564670663
1232348,297.0353323014201
1240251,197.0908889481728
1082662,301.93382499679456
1052320,423.01282440468475
1447264,204.9485727884011
1281392,186.36657833227412
1189762,139.35052008215322
1216663,193.31912139486292
1297480,908.1207903913346
1147532,895.966304481076
1132317,618.2423648229308
1067370,73.84445986896775
1158868,32.791712239713746
1396660,62.73118205007827
1177651,342.10059239347845
1017711,622.9345466831726
1430253,552.854929591198
1366211,71.10964374020064
1489348,85.19428689764571
1134692,33.09541835883834
1088551,245.3727875602082
1400933,404.7533617956391
1077544,569.9175311044708
1329046,201.77833656980752
1054376,197.0908889481728
1041761,197.13522892220846
1286192,351.9849134854716
1237636,614.3853909212653
1207260,423.01282440468475
1040659,186.11565078621612
1398440,252.4473826206682
1214968,188.65655127358002
1465365,822.4319181539063
1173359,643.2933866854997
1238143,569.9175311044708
1389027,586.1974367927389
1438706,450.8299488426566
1304503,296.4857659094403
1294685,81.49351576537381
1356431,60.75233265114063
1028461,398.630928735342
1463605,423.01282440468475
1049233,613.4450048155272
1288867,389.8526349534351
1353480,282.00457750580074
1472800,318.15479691360036
1063313,569.9175311044708
1239916,510.47401064871127
1067887,584.7416583664025
1110530,51.27050791941515
1205668,81.24258821931583
1382956,59.645462668427236
1305198,30.584747969790588
1222096,25.747795365433614
1053275,33.09541835883834
1303892,622.9345466831726
1366790,491.7758107382903
1131553,476.1788796713197
1071864,20.30161863942586
1166942,104.48533109171078
1386720,128.46280287243357
1402512,162.2680647201501
1218776,89.0568987877406
1268696,107.51718366420707
1485716,85.19428689764571
1361772,238.45630989146522
1144924,423.01282440468475
1011507,314.38784196512813
1300533,104.2344035456528
1144255,51.27050791941515
1253465,37.05231077430668
1140398,32.37936089480551
1268737,49.934271041141294
1008654,41.03437124950534
1079479,500.873876406609
1041893,311.00044655408396
1002198,584.7416583664025
1324576,818.6626645196303
1164908,740.2225336632139
1487402,399.7874730227927
1298831,26.139647496940537
1462554,104.48533109171078
1065645,107.76811121026505
1352126,342.10059239347845
1319141,415.8536693994446
1266277,693.638875588151
1086088,164.78803142581074
1180004,188.40562372752203
1428749,229.69115747355295
1031143,762.2299604046132
1034621,616.183528781841
1111734,586.1974367927389
1151385,45.165595088189264
1390101,73.84445986896775
1422296,58.83306248683792
1129020,41.03437124950534
1012264,33.09541835883834
1336097,678.0505395576475
1316018,777.8413480046479
1043916,722.1606528074996
1154721,20.918566643974415
1446239,16.008871243231383
1177218,112.79588432390156
1249354,132.0598578829437
1336425,135.66517753222874
1057468,59.645462668427236
1307655,51.27050791941515
1066019,71.73088602528792
1378906,180.25557869370382
1387452,269.73540607941516
1062163,311.00044655408396
1244888,94.27824738536916
1259215,110.86108483773738
1208083,85.19428689764571
1100203,110.27081495452957
1131297,59.645462668427236
1467641,37.30323832036467
1299994,37.30323832036467
1155055,587.8920996328875
1000105,458.9362941584192
1025335,768.8011784574483
1349929,2000.531674497828
1185779,1477.4232576406198
1046382,908.1207903913346
1025866,85.19428689764571
1031599,290.05033330215116
1060085,265.37617318250983
1287542,805.6143797616472
1308085,952.6097231769818
1267877,1309.7416974918403
1278982,245.3727875602082
1291901,259.3640032840083
1073276,450.5736280496527
1142781,2041.6231619087341
1079855,1026.837350923508
1356616,1462.2757869053848
1187865,115.12054605747885
1056121,96.98764634435442
1242035,89.0568987877406
1078995,138.94175982265241
1333324,378.97726216144144
1068853,164.78803142581074
1367348,98.4409244084857
1404802,123.9134088552616
1491605,123.9134088552616
1468486,984.0741037733518
1053955,1625.948539226446
1123692,1445.8551684678391
1350493,40.447259972116804
1291172,40.783443703447354
1357847,37.30323832036467
1266608,614.3853909212653
1412748,881.3329780496023
1377611,773.3566745949211
1451180,127.66844589393827
1306218,158.04873692752642
1144384,111.12301505627862
1245740,311.00044655408396
1149171,389.8526349534351
1083487,642.7665788443229
1362249,186.11565078621612
1202324,152.24261946299117
1110233,295.7980600019056
1031442,455.72699936568034
1222650,301.22893775941066
1248715,85.19428689764571
1118461,139.60144762821122
1231774,111.3739426023366
1035138,773.3338743638479
1450335,622.9345466831726
1397885,1248.7165300489114
1486028,805.8450584860606
1213389,710.6883177571254
1055966,294.3874564635465
1444377,37.05231077430668
1177300,85.44521444370369
1380652,74.09538741502573
1098169,191.9221074329747
1210151,318.15479691360036
1275715,397.51199737445063
1212725,184.93322840211732
1292414,220.40962337106367
1169301,282.00457750580074
1426674,1328.8533958593316
1047310,404.7533617956391
1121467,607.2832400963322
1086610,123.9134088552616
1440438,104.2344035456528
1072222,80.65529949362455
1416370,141.40480892180867
1456294,513.374806066422
1330934,429.3303902885769
1311030,59.083990032895905
1474006,45.165595088189264
1033993,59.083990032895905
1052133,614.3853909212653
1404698,898.3618372517074
1194956,825.6937578088188
1270770,26.139647496940537
1013434,40.783443703447354
1040462,23.81400882775894
1369168,207.58274903479523
1117429,257.9945301393288
1339008,450.5736280496527
1449755,164.78803142581074
1336558,127.66844589393827
1369059,123.9134088552616
1419513,207.58274903479523
1295497,164.78803142581074
1495193,260.2285984741923
1009387,57.92757598027962
1489542,89.30782633379857
1442804,62.73118205007827
1332189,429.3303902885769
1499518,415.8536693994446
1379662,389.8526349534351
1468175,257.26180275518556
1052376,301.93382499679456
1130535,123.9134088552616
1180055,37.05231077430668
1030286,158.29966447358441
1227742,145.321536642206
1167629,137.3699196254669
1469431,311.00044655408396
1390427,197.13522892220846
1401174,136.96734742718112
1394966,179.12442123671096
1161844,805.8450584860606
1345514,384.783701678737
1211349,303.0616945182964
1247038,70.91465757021143
1343032,45.165595088189264
1391420,44.34674176670764
1275184,62.48025450402028
1251536,51.52143546547314
1325298,269.73540607941516
1465194,941.5820571099349
1232785,693.2858817757796
1122843,188.40562372752203
1003413,186.11565078621612
1207858,245.3727875602082
1283777,49.68334349508331
1476365,27.609025972479195
1419230,49.68334349508331
1116062,70.91465757021143
1164662,115.37147360353683
1074978,94.71889783497511
1089445,584.7416583664025
1499504,784.023208205906
1023661,404.7533617956391
1094690,421.7868621476975
1480916,523.9682541816373
1082120,131.73063613513636
1370405,59.083990032895905
1381638,42.81796711080253
1268097,186.11565078621612
1343145,319.8832332044032
1096442,260.2285984741923
1451556,201.18922079720608
1010218,250.509338247975
1366713,229.69115747355295
1058122,584.7416583664025
1319974,301.93382499679456
1360289,269.73540607941516
1398540,67.93571707225509
1189023,49.68334349508331
1402888,34.85821389006256
1483429,23.56308128170095
1349515,27.859953518537186
1458343,212.46227016911783
1222330,429.3355374286429
1497052,390.1512333934878
1195504,15.757943697173394
1262825,15.757943697173394
1007957,111.12301505627862
1180672,135.41424998617074
1391916,135.41424998617074
1387003,70.91465757021143
1227588,40.447259972116804
1019300,33.09541835883834
1445161,49.68334349508331
1496802,32.37936089480551
1223894,33.346345904896324
1393921,26.390575042998528
1319382,305.11912886295585
1275605,462.3933485712259
1404071,307.3765308043676
1338733,646.0979930206123
1418346,655.844186407494
1209298,186.11565078621612
1389663,33.09541835883834
1332257,90.46791741863667
1144509,62.29057764302039
1256024,257.26180275518556
1331367,450.5736280496527
1004578,429.3303902885769
1346606,307.3765308043676
1200413,353.4641581741101
1332431,391.7176317893607
1133666,946.9573623149822
1259331,350.4253587779501
1095638,405.006342921738
1049770,71.73088602528792
1006149,58.83306248683792
1104854,58.83306248683792
1159662,259.3640032840083
1157559,197.0908889481728
1209556,44.34674176670764
1086282,40.783443703447354
1349724,57.92757598027962
1250084,404.7533617956391
1320497,608.8272000886116
1248373,588.3214036210525
1279339,32.37936089480551
1359744,179.12442123671096
1262299,229.69115747355295
1376287,288.45878500593597
1338544,107.51718366420707
1425455,73.84445986896775
1459453,85.0964335352373
1232796,94.27824738536916
1434549,127.66844589393827
1067348,45.165595088189264
1274821,59.083990032895905
1058362,40.69818751817479
1472460,319.8832332044032
1210078,353.4641581741101
1218897,415.8536693994446
1038791,1300.7610891226095
1021993,1041.0164816929812
1188905,463.40606868843656
1212228,32.37936089480551
1168918,68.18664461831307
1144232,74.09538741502573
1115180,450.8299488426566
1031803,569.9175311044708
1152573,947.339733278442
1091471,153.7462205273739
1388976,152.24261946299117
1381358,260.773477523714
1130619,941.5968631723891
1139577,510.47401064871127
1326969,784.023208205906
1384889,94.27824738536916
1232549,98.18999686242772
1216944,136.7697574463391
1145467,204.9485727884011
1245225,141.40480892180867
1268061,81.49351576537381
1108169,45.165595088189264
1270179,57.92757598027962
1077955,678.0505395576475
1358943,638.6255329646417
1181871,521.6862728488835
1346636,30.333820423732597
1280906,37.05231077430668
1432772,25.998722911491605
1050289,212.71319771517582
1015088,212.71319771517582
1406512,250.24110848621376
1452410,62.039650096962404
1345120,65.99112413094363
1492039,59.645462668427236
1135545,158.29966447358441
1095231,240.21560771213308
1052061,429.3303902885769
1180965,142.2945285593172
1415441,123.9134088552616
1181335,108.99429086918374
1108509,188.40562372752203
1185994,318.15479691360036
1050693,249.99018094015577
1088772,40.447259972116804
1177684,59.083990032895905
1447902,49.934271041141294
1119531,350.4253587779501
1137260,238.45630989146522
1171690,516.1400817272013
1349640,728.4566098625397
1013001,616.183528781841
1085396,207.58274903479523
1210473,32.37936089480551
1383428,89.30782633379857
1420224,71.9818135713459
1436586,463.40606868843656
1411161,450.5736280496527
1242304,903.2509594774976
1271724,227.58845795873157
1066734,183.11682976160276
1389761,269.73540607941516
1007829,805.8450584860606
1358951,471.2783139402505
1366689,728.4566098625397
1411916,96.98764634435442
1448616,58.83306248683792
1498333,62.039650096962404
1162719,98.18999686242772
1021598,78.93806157928589
1034912,37.30323832036467
1039898,37.05231077430668
1004559,33.09541835883834
1361824,643.2933866854997
1413681,588.9921431838958
1253275,470.74097737276173
1120019,16.008871243231383
1428931,94.52917493142714
1393220,131.98156368119436
1189592,98.4409244084857
1304893,137.21827497323912
1196547,81.49351576537381
1234362,92.42882921504781
1096408,137.3699196254669
1015877,288.45878500593597
1452142,305.11912886295585
1317910,110.44300572415969
1014438,114.11678333686496
1151863,59.645462668427236
1245920,136.96734742718112
1405401,111.12301505627862
1271433,94.46797028891713
1189202,33.09541835883834
1152407,60.75233265114063
1086170,50.94733364650126
1082523,334.14563246261207
1446998,220.40962337106367
1433590,472.8093684877515
1031471,461.3233563984868
1404058,404.7533617956391
1419372,158.04873692752642
1464863,32.791712239713746
1041129,85.44521444370369
1089153,81.49351576537381
1403041,390.1460862534218
1446499,591.2741245166496
1279331,334.14563246261207
1368546,238.45630989146522
1389405,191.9221074329747
1081122,197.0908889481728
1158128,982.0288718842007
1345826,552.854929591198
1392817,603.9118101820272
1432390,22.1780454486166
1360123,15.757943697173394
1207971,62.039650096962404
1318026,26.390575042998528
1017200,42.56703956474454
1001837,30.856417305070458
1068162,450.5736280496527
1268993,1472.323131171258
1331710,1041.1384877666744
1393810,15.757943697173394
1299363,17.84982426263641
1295451,32.70858264261285
1290936,31.10734485112845
1100322,89.0568987877406
1053078,51.27050791941515
1446887,67.93571707225509
1489133,260.2285984741923
1222642,516.1400817272013
1185374,462.1313904107206
1188655,71.73088602528792
1219979,45.165595088189264
1130670,58.83306248683792
1124601,58.83306248683792
1458686,42.56703956474454
1248048,45.165595088189264
1474450,71.16558511626941
1427746,51.52143546547314
1346290,528.7018123144654
1204575,305.11912886295585
1483269,946.9573623149822
1214130,405.006342921738
1347952,462.1313904107206
1463410,227.58845795873157
1119490,37.05231077430668
1284206,79.18898912534387
1257317,50.94733364650126
1079666,128.46280287243357
1170512,269.73540607941516
1208467,269.73540607941516
1466198,89.0568987877406
1270068,94.27824738536916
1417092,107.51718366420707
1302292,784.023208205906
1255787,303.0616945182964
1483725,510.47401064871127
1306889,89.0568987877406
1474997,98.18999686242772
1164216,58.83306248683792
1377872,139.35052008215322
1054478,269.73540607941516
1104736,260.2285984741923
1473421,51.52143546547314
1422919,37.05231077430668
1044743,60.75233265114063
1049667,398.630928735342
1214145,528.1644757469768
1290504,460.78601983099804
1114571,22.39374657374814
1413083,33.09541835883834
1235782,22.42897299467459
1438802,114.11678333686496
1176285,161.19198404589054
1430576,238.45630989146522
1123997,90.2169898725787
1198524,65.99112413094363
1195152,158.04873692752642
1249481,111.12301505627862
1317440,142.2945285593172
1047777,60.50140510508264
1187505,74.09538741502573
1021611,51.52143546547314
1337388,294.3874564635465
1039778,250.06644564670663
1252627,179.12442123671096
1354719,1284.6659020243953
1381352,903.2509594774976
1430679,472.8093684877515
1161082,42.56703956474454
1213511,112.02234311642627
1055182,111.3739426023366
1040633,569.9175311044708
1346803,587.8920996328875
1259804,952.6097231769818
1112317,184.93322840211732
1489069,136.96734742718112
1349919,260.2285984741923
1487539,1293.8772227768739
1426307,687.4799865773577
1114271,984.0741037733518
1007918,94.27824738536916
1013318,73.84445986896775
1166543,94.46797028891713
1410365,131.73063613513636
1062577,188.40562372752203
1051401,123.9134088552616
1364228,71.36057128625862
1438085,73.84445986896775
1076982,60.50140510508264
1479459,728.4566098625397
1170712,795.852826943295
1460894,667.7490973097374
1311386,37.05231077430668
1436420,32.37936089480551
1436746,33.346345904896324
1225685,111.3739426023366
1128539,179.12442123671096
1185698,197.34181649423078
1365509,112.54495677784358
1281758,94.27824738536916
1395999,58.83306248683792
1241768,204.9485727884011
1046319,311.00044655408396
1076695,468.28789663325574
1078579,127.66844589393827
1195817,139.35052008215322
1273884,164.78803142581074
1039589,383.306046597072
1281969,197.0908889481728
1340721,45.165595088189264
1202035,89.30782633379857
1442844,75.6082897080218
1204846,387.6557107577639
1428028,326.49716454512424
1102785,684.9073516834752
1478615,179.12442123671096
1429643,502.245161974527
1436356,260.2285984741923
1221917,37.05231077430668
1006261,94.71889783497511
1436526,66.09187614376887
1435423,180.25557869370382
1105663,313.1748500801933
1288768,296.7366934554983
1236590,98.18999686242772
1038286,115.12054605747885
1348063,107.51718366420707
1254383,946.9573623149822
1465908,318.15479691360036
1193244,461.3233563984868
1139130,75.35736216196382
1287019,59.645462668427236
1045716,111.42423279021803
1124713,311.4340848322759
1492002,239.35856061749607
1074491,40.69818751817479
1126741,40.447259972116804
1443689,41.03437124950534
1428574,391.7176317893607
1230706,582.4596770336486
1244397,463.7764371379928
1400135,23.56308128170095
1123096,26.390575042998528
1462006,153.7462205273739
1396409,161.19198404589054
1112056,207.58274903479523
1201241,67.41930886346482
1215173,131.73063613513636
1323732,131.73063613513636
1063594,191.9221074329747
1063009,40.447259972116804
1487985,66.24205167700161
1206972,41.387652178147704
1074677,342.10059239347845
1347976,462.3933485712259
1120911,282.00457750580074
1230213,257.26180275518556
1412241,197.13522892220846
1199853,51.52143546547314
1126038,42.81796711080253
1065218,250.509338247975
1407227,269.73540607941516
1195857,265.12524563645184
1064848,153.7462205273739
1347932,164.78803142581074
1006934,193.31912139486292
1415546,319.8832332044032
1436167,405.006342921738
1155840,318.15479691360036
1312853,28.232661064152953
1341473,33.09541835883834
1210234,32.37936089480551
1420426,318.15479691360036
1264068,318.15479691360036
1160231,354.1851435696782
1271169,15.757943697173394
1343779,137.6208471715249
1392612,137.21827497323912
1460115,107.51718366420707
1209508,127.66844589393827
1308035,161.19198404589054
1051361,40.79892557125969
1394502,59.1847280859808
1002584,42.918705163887424
1256382,37.05231077430668
1116102,32.791712239713746
1439873,32.044746901157346
1327818,32.63028844086352
1053247,22.64467411980613
1240755,269.73540607941516
1323007,85.0964335352373
1159217,404.7533617956391
1297121,1309.7416974918403
1251244,1041.0164816929812
1166952,450.5736280496527
1110279,128.46280287243357
1479251,655.844186407494
1065455,762.2299604046132
1345832,1087.4737786334417
1112122,201.77833656980752
1177948,145.07060909614802
1296522,229.69115747355295
1192681,1295.9914553680217
1098695,611.0376843633196
1141921,1052.4264089225367
1039561,153.7462205273739
1355647,127.66844589393827
1401737,212.46227016911783
1122214,269.73540607941516
1297460,201.18922079720608
1311455,89.30782633379857
1224680,73.84445986896775
1376192,152.24261946299117
1295323,699.299938344033
1369118,584.7416583664025
1022614,462.1313904107206
1273467,49.68334349508331
1070150,51.52143546547314
1264565,127.66844589393827
1494909,212.46227016911783
1456589,192.1730349790327
1300093,158.04873692752642
1264244,136.96734742718112
1036623,98.18999686242772
1370665,188.40562372752203
1073776,319.8832332044032
1280462,462.3933485712259
1070455,144.34522649519914
1286196,154.59526767545233
1101505,132.5796832832148
1493032,244.22398533311585
1337248,429.3303902885769
1342588,389.8526349534351
1403685,197.34181649423078
1489882,137.6208471715249
1286032,614.3853909212653
1211075,569.9175311044708
1026057,350.4253587779501
1064602,1475.139282061525
1353965,881.3329780496023
1386866,642.7665788443229
1160326,137.21827497323912
1148469,135.66517753222874
1132573,728.4566098625397
1187850,822.4319181539063
1042794,1293.8772227768739
1344308,180.25557869370382
1435741,197.0908889481728
1376274,307.3765308043676
1004231,1300.7610891226095
1375428,805.5931536927383
1199647,1094.84106463691
1258593,110.44300572415969
1437106,111.77141557036829
1164714,179.12442123671096
1224157,282.00457750580074
1335725,138.94175982265241
1154647,92.42882921504781
1009205,71.10964374020064
1363194,81.24258821931583
1283426,870.4905644011565
1040538,870.4905644011565
1262515,728.4566098625397
1308549,27.609025972479195
1290578,26.390575042998528
1123768,478.4608610040736
1042657,699.7177774605515
1493836,603.9118101820272
1198936,90.2169898725787
1241905,65.99112413094363
1322681,58.83306248683792
1084980,197.0908889481728
1237375,239.96468016607508
1433203,462.1313904107206
1462240,154.59526767545233
1068496,158.89778407560485
1108927,124.76245600333998
1017569,252.1964550746102
1040287,429.3303902885769
1317606,295.7980600019056
1077866,81.49351576537381
1051554,92.42882921504781
1415325,646.0979930206123
1055592,318.1599440536664
1367086,728.1351956072407
1062437,782.4332595915108
1314739,818.6626645196303
1281487,250.1452410113728
1397451,37.05231077430668
1137571,107.76811121026505
1444927,98.4409244084857
1309062,260.2285984741923
1208174,528.7018123144654
1426728,405.006342921738
1492697,250.509338247975
1213366,260.2285984741923
1095300,197.0908889481728
1130546,1058.831913831299
1436318,404.7533617956391
1435826,510.47401064871127
1277555,62.039650096962404
1470434,71.10964374020064
1044776,59.645462668427236
1377517,98.18999686242772
1237424,311.00044655408396
1059397,294.3874564635465
1251007,49.934271041141294
1034410,45.165595088189264
1231783,62.73118205007827
1359714,429.3303902885769
1499444,655.844186407494
1130159,586.1974367927389
1160666,37.05231077430668
1096428,22.64467411980613
1183244,158.04873692752642
1497213,212.46227016911783
1133933,238.45630989146522
1484931,114.96583048494334
1163656,95.31701743699551
1054238,93.21453857723674
1366429,127.66844589393827
1052440,123.94830623540877
1085386,257.9945301393288
1065786,51.27050791941515
1173024,66.09187614376887
1241367,59.083990032895905
1075922,569.9175311044708
1131198,450.5736280496527
1025817,398.630928735342
1045739,415.8536693994446
1248427,389.8526349534351
1202630,142.2945285593172
1452148,40.447259972116804
1376464,127.91937343999619
1349681,94.52917493142714
1102915,175.59710078120884
1433582,307.3765308043676
1359440,303.7158844855289
1454430,158.04873692752642
1149507,188.40562372752203
1053941,188.40562372752203
1110939,881.3329780496023
1221336,319.8832332044032
1456565,429.3303902885769
1121108,78.93806157928589
1098671,49.68334349508331
1345677,75.35736216196382
1160411,81.24258821931583
1470231,177.54302085472833
1313922,131.73063613513636
1208175,59.083990032895905
1310176,49.68334349508331
1179458,60.50140510508264
1269200,390.1460862534218
1295030,643.2933866854997
1164729,549.9441040001311
1406814,25.747795365433614
1259984,191.9221074329747
1480971,257.26180275518556
1369433,282.00457750580074
1481945,86.23092380589262
1458526,74.88109677721465
1187631,51.622173518558036
1003496,71.73088602528792
1094142,89.0568987877406
1247091,143.49617934712072
1234865,49.68334349508331
1168628,92.42882921504781
1419823,50.94733364650126
1439166,399.7874730227927
1385699,416.79480481627644
1106938,250.509338247975
1319273,2262.7770576048883
1108592,1987.216903199431
1352123,791.3627803821291
1115675,107.51718366420707
1423330,250.24110848621376
1466429,192.1730349790327
1403820,797.8983186506963
1034753,1087.4737786334417
1029946,2026.6699393117167
1221080,139.35052008215322
1031048,153.7462205273739
1206298,303.7158844855289
1167256,2287.6702193301194
1122935,1148.2065207147969
1494822,1875.1553572840585
1472817,295.7980600019056
1219683,311.00044655408396
1019816,145.29757198979337
1290506,334.14563246261207
1205948,423.01282440468475
1494544,303.7158844855289
1139910,161.44291159194853
1145773,139.35052008215322
1364143,188.40562372752203
1035021,1302.829563563026
1179879,1052.4264089225367
1256351,805.5931536927383
1341899,67.93571707225509
1196209,85.19428689764571
1403548,60.75233265114063
1021163,647.529020519626
1240555,791.0808798953424
1198318,768.8011784574483
1115576,220.40962337106367
1192089,175.59710078120884
1071064,164.78803142581074
1173754,238.45630989146522
1271551,398.630928735342
1065067,728.4566098625397
1137709,294.6383840096045
1276382,298.4922714011116
1263231,260.4795260202503
1456061,603.9118101820272
1207945,738.9872266907895
1162708,603.9118101820272
1418928,123.40493872868458
1068894,188.65655127358002
1304937,139.1926873687104
1409355,870.7718441467118
1099728,591.2741245166496
1457969,643.2933866854997
1029462,903.2509594774976
1472551,740.2225336632139
1033848,289.79940575609317
1453084,94.71889783497511
1312690,67.6702364095228
1122710,391.7176317893607
1126546,415.8536693994446
1459930,762.2299604046132
1348574,187.83260286703043
1191403,180.25557869370382
1006930,269.73540607941516
1073869,773.3338743638479
1256986,404.7533617956391
1003790,603.9118101820272
1440509,92.17790166898983
1357988,160.17185853115015
1195872,107.51718366420707
1389720,59.89639021448522
1204827,62.48025450402028
1424127,586.1974367927389
1275924,468.28789663325574
1259126,423.01282440468475
1200350,22.39374657374814
1214706,26.139647496940537
1192004,23.81400882775894
1342075,193.31912139486292
1301366,404.7533617956391
1107583,415.8588165395106
1044020,42.56703956474454
1079356,28.232661064152953
1130825,164.78803142581074
1256962,245.3727875602082
1016138,318.15479691360036
1472749,165.63707857388917
1169405,154.59526767545233
1159026,105.08345069373118
1031233,158.04873692752642
1107474,207.58274903479523
1411938,135.41424998617074
1037033,45.165595088189264
1417616,62.29057764302039
1222062,59.89639021448522
1001298,301.93382499679456
1066766,250.06644564670663
1094571,384.783701678737
1244760,1672.1098211219273
1333985,984.0741037733518
1209429,791.3627803821291
1226436,75.35736216196382
1425154,186.36657833227412
1311629,192.1730349790327
1144183,740.2225336632139
1429715,870.7718441467118
1208466,1259.589965288865
1111558,164.78803142581074
1152967,164.78803142581074
1065384,265.12524563645184
1068449,1588.608539446742
1113889,821.0370965557263
1257290,1316.0375759156225
1425475,131.73063613513636
1451729,158.04873692752642
1345965,111.77141557036829
1328020,227.58845795873157
1242837,311.00044655408396
1166830,164.78803142581074
1099026,131.98156368119436
1061158,127.66844589393827
1075796,127.66844589393827
1225695,900.175566102047
1250311,903.2509594774976
1488938,614.3853909212653
1180576,45.165595088189264
1407193,37.05231077430668
1310002,44.34674176670764
1483754,468.28789663325574
1403428,738.7053262040027
1119464,684.6254511966885
1070992,98.18999686242772
1253791,114.11678333686496
1351968,85.0964335352373
1370126,238.45630989146522
1141879,326.49716454512424
1109924,516.1400817272013
1178105,165.63707857388917
1361418,176.44614792928726
1225914,158.89778407560485
1072061,389.8526349534351
1148318,478.4608610040736
1210725,334.19422889788916
1316042,98.18999686242772
1405337,153.9971480734319
1227075,137.6208471715249
1488310,687.4799865773577
1267286,552.854929591198
1394596,613.4450048155272
1434331,456.6264052674344
1171798,306.3183687917708
1499724,138.94175982265241
1238128,97.2385738904124
1303822,71.36057128625862
1435944,188.40562372752203
1413796,314.38784196512813
1353151,269.73540607941516
1470758,197.13522892220846
1055665,193.31912139486292
1379504,197.13522892220846
1055047,710.6883177571254
1097126,307.3765308043676
1036089,405.011490061804
1231013,73.84445986896775
1185115,59.645462668427236
1265509,60.50140510508264
1051775,59.645462668427236
1309244,204.9485727884011
1124451,164.78803142581074
1045993,45.41652263424725
1048036,49.68334349508331
1180259,399.7874730227927
1127856,587.8920996328875
1338781,478.4608610040736
1406741,20.918566643974415
1270213,15.757943697173394
1391432,201.18922079720608
1338985,269.73540607941516
1444583,296.4857659094403
1096103,93.21453857723674
1041898,81.38074423329334
1320374,37.40397637344957
1145189,71.73088602528792
1013702,41.13672463208972
1127530,94.27824738536916
1344951,59.645462668427236
1359741,59.89639021448522
1143761,41.03437124950534
1107783,294.3874564635465
1204894,313.1748500801933
1119851,259.3640032840083
1411863,405.006342921738
1109365,318.15479691360036
1023254,127.66844589393827
1049722,85.44521444370369
1472117,107.51718366420707
1079503,250.1452410113728
1132971,207.58274903479523
1424798,127.66844589393827
1463339,123.40493872868458
1349534,153.7462205273739
1246934,583.0149818751182
1372989,177.54302085472833
1433325,289.79940575609317
1374574,37.05231077430668
1166069,26.139647496940537
1356561,131.73063613513636
1006332,104.2344035456528
1080246,31.10734485112845
1001640,44.09581422064965
1306327,37.30323832036467
1334645,282.00457750580074
1103072,405.006342921738
1019198,389.8526349534351
1387955,19.60898272233456
1285096,131.73063613513636
1178953,175.59710078120884
1327758,197.13522892220846
1442249,62.831920103163164
1474801,61.253920499851745
1185326,33.44708395798122
1456287,62.48025450402028
1418907,37.05231077430668
1076446,73.84445986896775
1335270,44.09581422064965
1183823,59.083990032895905
1404113,44.34674176670764
1222710,201.18922079720608
1079833,212.46227016911783
1104304,180.25557869370382
1033468,478.4608610040736
1252992,478.4608610040736
1105979,305.11912886295585
1002568,62.039650096962404
1440560,179.37534878276895
1309705,162.2680647201501
1476514,197.13522892220846
1259771,569.9175311044708
1111871,456.6264052674344
1433375,124.19923378146675
1199447,75.35736216196382
1113838,98.18999686242772
1230996,1309.7416974918403
1303454,605.661888172644
1097156,946.9573623149822
1056173,127.66844589393827
1198565,164.78803142581074
1489660,123.9134088552616
1173954,298.24134385505363
1041203,456.6264052674344
1043060,464.5777208381119
1495717,98.4409244084857
1076108,111.77141557036829
1411915,131.98156368119436
1428524,646.0979930206123
1089951,784.023208205906
1010515,516.1400817272013
1203271,60.50140510508264
1453928,50.69640610044327
1151268,45.165595088189264
1068951,153.7462205273739
1369718,229.69115747355295
1091017,260.2285984741923
1203897,112.62046271844667
1286862,111.29205287223807
1195043,105.08345069373118
1439742,245.3727875602082
1291300,229.69115747355295
1178037,342.10059239347845
1023669,142.2945285593172
1048200,201.44014834326407
1133637,165.03895897186874
1482215,655.844186407494
1298145,466.5413610886773
1123307,245.3727875602082
1245183,158.04873692752642
1116213,162.0171371740921
1495219,108.99429086918374
1320236,22.1780454486166
1427938,45.41652263424725
1059972,37.30323832036467
1438573,152.0648134656565
1114784,334.14563246261207
1187973,197.34181649423078
1462124,138.94175982265241
1151450,257.9945301393288
1027884,229.69115747355295
1042038,500.873876406609
1216683,220.62688752313338
1405703,179.37534878276895
1487930,59.645462668427236
1198172,33.09541835883834
1150785,23.81400882775894
1184753,158.04873692752642
1073671,450.5736280496527
1441244,389.8526349534351
1408360,15.757943697173394
1400061,164.78803142581074
1373267,166.94142008526637
1070795,175.59710078120884
1443342,43.83797848860841
1274489,50.03500909422619
1155200,33.44708395798122
1438279,23.56308128170095
1240169,37.05231077430668
1439950,33.346345904896324
1108978,33.346345904896324
1373622,313.1748500801933
1184062,342.10059239347845
1087129,423.01282440468475
1124103,296.4857659094403
1170492,245.3727875602082
1035358,75.35736216196382
1087749,94.52917493142714
1102820,158.04873692752642
1158437,301.93382499679456
1394740,192.7982268315772
1240884,131.73063613513636
1178760,96.98764634435442
1421019,421.7868621476975
1348128,183.11682976160276
1366149,257.51273030124355
1242141,60.50140510508264
1272003,30.333820423732597
1115507,27.609025972479195
1142943,145.07060909614802
1344252,227.58845795873157
1106883,197.0908889481728
1051057,15.757943697173394
1312752,16.008871243231383
1368420,89.0568987877406
1419755,107.51718366420707
1323227,98.18999686242772
1371081,40.79892557125969
1195197,43.83797848860841
1289562,33.14337783885662
1218415,58.83306248683792
1161177,37.05231077430668
1241146,37.30323832036467
1040244,40.69818751817479
1112492,175.59710078120884
1462810,204.9485727884011
1155368,197.13522892220846
1088775,984.0741037733518
1180610,642.7665788443229
1004376,421.7868621476975
1347755,33.09541835883834
1221280,94.71889783497511
1071175,98.4409244084857
1017674,423.01282440468475
1349547,569.9175311044708
1469809,899.49397701002
1112827,238.45630989146522
1427859,204.9485727884011
1201215,294.3874564635465
1387604,1052.4264089225367
1447167,549.9441040001311
1163414,769.1370821639798
1063388,89.0568987877406
1027602,71.10964374020064
1248223,71.73088602528792
1043945,135.41424998617074
1018609,98.18999686242772
1402783,71.36057128625862
1144711,67.41930886346482
1165133,59.645462668427236
1157864,685.393566949292
1158723,584.7596266403834
1371967,500.873876406609
1484515,30.333820423732597
1403718,23.81400882775894
1335135,260.4795260202503
1459471,294.3874564635465
1470572,318.1599440536664
1076650,89.0568987877406
1042531,94.27824738536916
1065297,85.19428689764571
1402946,265.12524563645184
1445860,342.10059239347845
1309288,516.1400817272013
1340685,128.5174930420166
1175433,136.26329713424917
1012081,95.31701743699551
1018456,139.66590002155132
1057303,193.31912139486292
1080644,45.165595088189264
1402350,60.75233265114063
1170609,49.934271041141294
1139792,397.51199737445063
1040547,303.7158844855289
1477002,494.0577920710442
1417996,584.7596266403834
1194929,569.9175311044708
1248088,252.1964550746102
1378461,98.4409244084857
1107124,92.42882921504781
1156793,389.8526349534351
1431686,391.7176317893607
1035108,350.43050591801614
1452533,260.2285984741923
1403241,305.11912886295585
1328803,351.9849134854716
1407650,684.9073516834752
1344744,516.1400817272013
1227764,461.3233563984868
1396476,27.609025972479195
1013774,26.139647496940537
1349648,33.09541835883834
1114022,23.56308128170095
1075237,26.139647496940537
1467100,390.1197859130282
1055368,791.3627803821291
1263571,791.3627803821291
1296593,15.757943697173394
1441634,128.71373041849156
1447046,111.12301505627862
1423212,142.62375030712454
1257511,23.56308128170095
1023518,19.60898272233456
1040360,27.609025972479195
1093150,201.77833656980752
1449241,250.509338247975
1127853,342.10059239347845
1216929,74.88109677721465
1198481,79.97469848753279
1297015,61.253920499851745
1478926,60.50140510508264
1267173,65.99112413094363
1010715,40.69818751817479
1051153,32.63028844086352
1121717,587.8920996328875
1283901,405.006342921738
1157822,903.2509594774976
1196384,388.34793588643896
1186113,321.637589564569
1397319,114.11678333686496
1070135,30.333820423732597
1243150,107.76811121026505
1141894,94.71889783497511
1119592,135.41424998617074
1355543,257.26180275518556
1466185,220.59447621445366
1369479,98.18999686242772
1002219,71.10964374020064
1065122,80.34410732504644
1355774,947.339733278442
1034449,391.7176317893607
1298800,683.8008534394285
1168048,98.18999686242772
1487535,85.19428689764571
1013139,58.83306248683792
1148419,111.12301505627862
1430932,294.3874564635465
1212520,260.2285984741923
1242479,60.75233265114063
1376197,51.27050791941515
1162830,65.99112413094363
1364844,405.006342921738
1144242,569.9175311044708
1095968,468.28789663325574
1432738,32.791712239713746
1161807,111.77141557036829
1188656,166.94142008526637
1317286,197.0908889481728
1021595,95.12729453344754
1267460,86.1330704434842
1426163,86.1330704434842
1325488,142.2945285593172
1360973,104.2344035456528
1315155,187.83260286703043
1269059,65.99112413094363
1490516,94.71889783497511
1080973,75.6082897080218
1190162,404.7533617956391
1339318,397.51199737445063
1288832,158.04873692752642
1295195,738.9872266907895
1158135,728.4566098625397
1065978,334.19422889788916
1434129,37.05231077430668
1073284,107.76811121026505
1299247,68.18664461831307
1351771,250.1452410113728
1074640,461.3233563984868
1479465,450.5736280496527
1489347,197.13522892220846
1181166,289.79940575609317
1202899,297.0353323014201
1045208,1248.7165300489114
1102611,423.01282440468475
1387920,687.4799865773577
1179968,142.2945285593172
1331102,131.73063613513636
1479186,110.27081495452957
1481499,305.11912886295585
1115642,294.3874564635465
1049247,59.89639021448522
1306038,45.165595088189264
1095596,59.645462668427236
1016502,569.9175311044708
1132512,726.8841773678105
1154248,762.2299604046132
1402507,23.56308128170095
1130490,32.37936089480551
1034827,27.609025972479195
1050303,250.06644564670663
1462532,229.69115747355295
1322647,388.34793588643896
1452624,186.36657833227412
1462600,137.81639457525955
1430777,142.2538560698871
1245813,191.9221074329747
1115240,162.0171371740921
1032047,214.67352562252546
1008796,58.83306248683792
1178964,85.34736108129528
1299848,59.083990032895905
1254741,472.8093684877515
1135400,541.846327536151
1319687,478.4608610040736
1390606,257.26180275518556
1443225,239.96468016607508
1153270,75.35736216196382
1342968,25.747795365433614
1254768,66.24205167700161
1113748,50.94733364650126
1181440,108.99429086918374
1118245,245.3727875602082
1035476,212.46227016911783
1013138,145.07060909614802
1370975,137.3699196254669
1112604,127.66844589393827
1497422,462.1313904107206
1165214,164.78803142581074
1377941,207.83367658085322
1240800,27.609025972479195
1386829,40.447259972116804
1237087,110.27081495452957
1217868,89.0568987877406
1292980,33.04263978577173
1122637,187.83260286703043
1376752,289.79940575609317
1229220,244.22398533311585
1193421,20.05069109336787
1383125,131.73063613513636
1169578,164.78803142581074
1281507,188.40562372752203
1461952,59.99712826757012
1415989,50.03500909422619
1276319,32.731026493948406
1440217,33.09541835883834
1022493,26.139647496940537
1300917,32.791712239713746
1193727,32.37936089480551
1402486,28.483588610210944
1136905,28.483588610210944
1499372,297.6410950332689
1109225,227.58845795873157
1350713,127.66844589393827
1355088,1300.7610891226095
1138222,946.9573623149822
1385476,586.1974367927389
1398591,111.3739426023366
1300896,450.5736280496527
1162031,462.1313904107206
1277815,946.9573623149822
1362188,107.51718366420707
1362254,104.2344035456528
1274284,179.12442123671096
1178264,1284.645515785878
1091379,646.0979930206123
1041602,903.2509594774976
1028066,127.66844589393827
1013847,111.12301505627862
1372516,260.2285984741923
1280063,313.1748500801933
1108464,201.77833656980752
1130725,98.4409244084857
1268768,73.84445986896775
1490016,107.51718366420707
1347411,687.4799865773577
1171863,702.7579344090778
1434725,586.1974367927389
1335442,43.48631288946552
1496650,40.783443703447354
1306499,30.584747969790588
1351858,212.71319771517582
1438518,296.7366934554983
1446150,269.73540607941516
1412369,80.65529949362455
1022628,71.73088602528792
1191341,49.68334349508331
1232719,131.73063613513636
1114376,186.11565078621612
1028985,404.7533617956391
1147013,189.25467087560045
1181119,132.5796832832148
1071327,142.2538560698871
1460463,257.26180275518556
1031315,450.8299488426566
1312685,342.10059239347845
1232285,89.0568987877406
1101299,92.42882921504781
1014795,68.18664461831307
1067057,516.1400817272013
1422192,398.630928735342
1272721,391.7176317893607
1137357,1154.5795736994444
1467695,822.4319181539063
1069575,552.854929591198
1160879,40.783443703447354
1495109,98.4409244084857
1161253,89.30782633379857
1483609,587.8920996328875
1045099,655.844186407494
1164413,1281.23679976107
1038291,303.7158844855289
1266238,295.0446176028904
1237923,383.306046597072
1149195,1154.5795736994444
1475934,677.2770357876691
1479609,805.3112532059515
1376770,73.84445986896775
1493195,60.50140510508264
1354760,111.12301505627862
1349895,98.4409244084857
1122970,65.99112413094363
1030480,49.934271041141294
1349078,49.68334349508331
1304303,740.2225336632139
1233427,710.6883177571254
1170183,590.199236900352
1330894,23.56308128170095
1135861,23.56308128170095
1097976,25.97020070826938
1189946,131.73063613513636
1254653,60.75233265114063
1076146,71.36057128625862
1133854,65.99112413094363
1029733,67.41930886346482
1252838,40.783443703447354
1482077,288.45878500593597
1100816,311.4340848322759
1226702,405.006342921738
1367646,154.59526767545233
1214264,152.91386061373493
1270356,74.88109677721465
1359586,123.94830623540877
1321874,259.3640032840083
1271568,123.94830623540877
1205338,44.09581422064965
1256154,66.24205167700161
1331634,51.52143546547314
1406428,389.8526349534351
1363192,353.4641581741101
1294110,616.183528781841
1355035,773.3338743638479
1179175,770.9412155716116
1232535,426.51843919045194
1024745,44.09581422064965
1314199,112.02234311642627
1246353,79.18898912534387
1149555,220.40962337106367
1396135,390.1460862534218
1079551,450.5736280496527
1053202,193.31912139486292
1072177,179.12442123671096
1025739,238.45630989146522
1038618,1052.4264089225367
1287323,377.0439565154405
1442692,645.8160925338256
1288843,123.40493872868458
1148186,108.99429086918374
1242462,81.24258821931583
1395800,162.0171371740921
1040709,388.34793588643896
1461640,342.10059239347845
1046363,51.52143546547314
1086057,51.27050791941515
1049890,62.48025450402028
1334924,549.9441040001311
1096318,678.0505395576475
1498269,586.1974367927389
1425062,32.29567444721536
1242346,166.94142008526637
1234773,265.12524563645184
1130917,326.49716454512424
1341706,158.89778407560485
1337776,124.76245600333998
1495700,108.36623081228545
1402640,177.54302085472833
1147717,98.18999686242772
1074836,176.93428206842518
1019957,62.48025450402028
1183904,98.4409244084857
1062706,79.18898912534387
1140872,390.10154249480604
1280927,389.8526349534351
1107079,257.9945301393288
1094469,429.3303902885769
1224648,311.00044655408396
1329069,136.96734742718112
1209615,26.139647496940537
1134462,74.09538741502573
1373589,60.75233265114063
1431663,136.7697574463391
1211468,260.2285984741923
1036586,250.06644564670663
1457291,252.1964550746102
1449226,201.77833656980752
1295444,250.06644564670663
1320860,646.0979930206123
1080195,239.35856061749607
1206927,269.98633362547315
1413962,65.84094859771089
1465742,51.27050791941515
1142485,33.346345904896324
1389582,40.783443703447354
1219033,26.139647496940537
1309985,297.6410950332689
1013207,455.72699936568034
1254585,353.4641581741101
1443503,152.0648134656565
1057520,197.0908889481728
1224403,191.9221074329747
1275191,86.23092380589262
1319481,72.48340142005702
1345883,33.44708395798122
1255434,44.09581422064965
1177914,37.05231077430668
1014131,60.50140510508264
1187833,42.56703956474454
1445028,49.934271041141294
1443519,37.30323832036467
1471250,289.79940575609317
1395007,377.0439565154405
1055248,259.3640032840083
1094576,60.50140510508264
1354825,78.93806157928589
1451735,33.09541835883834
1059843,104.2344035456528
1198932,110.44300572415969
1342721,71.73088602528792
1377975,135.41424998617074
1066650,179.12442123671096
1389377,164.78803142581074
1169870,111.12301505627862
1037756,104.2344035456528
1171909,20.05069109336787
1039265,22.1780454486166
1268871,15.757943697173394
1297532,15.757943697173394
1343822,62.48025450402028
1012465,318.15479691360036
1104045,239.96468016607508
1269118,45.49481683599659
1082751,32.37936089480551
1267215,158.04873692752642
1008110,180.25557869370382
1232056,191.9221074329747
1292674,50.03500909422619
1379099,32.731026493948406
1008574,28.232661064152953
1264193,16.008871243231383
1283225,16.008871243231383
1497243,282.00457750580074
1260622,98.18999686242772
1339521,403.06418331916177
1494899,797.8983186506963
1090667,478.4608610040736
1439963,334.14563246261207
1446122,37.05231077430668
1085349,92.42882921504781
1418236,68.18664461831307
1057956,297.0353323014201
1434673,334.74626655365205
1203450,611.0376843633196
1089484,71.9818135713459
1381379,89.0568987877406
1226448,142.2945285593172
1467198,642.7665788443229
1253582,307.3765308043676
1165274,510.47401064871127
1226763,62.039650096962404
1163319,57.92757598027962
1315655,98.18999686242772
1240789,139.35052008215322
1100886,73.84445986896775
1376495,37.05231077430668
1011715,59.645462668427236
1090753,387.6557107577639
1178623,397.51199737445063
1352301,298.24134385505363
1477801,30.333820423732597
1208670,23.56308128170095
1257355,22.64467411980613
1135300,192.1730349790327
1004740,239.96468016607508
1306161,239.60948816355406
1201146,60.50140510508264
1034776,37.05231077430668
1370689,40.783443703447354
1262003,111.77141557036829
1378297,164.78803142581074
1368146,289.79940575609317
1068192,105.08345069373118
1463428,105.08345069373118
1173571,86.23092380589262
1455968,123.9134088552616
1191755,186.11565078621612
1150362,141.40480892180867
1070659,45.165595088189264
1224559,51.52143546547314
1493370,49.934271041141294
1392377,265.12524563645184
1056240,188.40562372752203
1014892,265.12524563645184
1251774,607.2832400963322
1487777,404.7533617956391
1249239,227.58845795873157
1478849,32.37936089480551
1376645,51.52143546547314
1345333,45.41652263424725
1224660,111.77141557036829
1232767,250.06644564670663
1009181,259.3640032840083
1126946,58.17850352633761
1355439,62.039650096962404
1006250,111.42423279021803
1176343,768.8551816771931
1463133,326.49716454512424
1144523,468.28789663325574
1499988,127.66844589393827
1498160,135.41424998617074
1257346,108.99429086918374
1485910,104.2344035456528
1451221,260.2285984741923
1387533,229.69115747355295
1157584,45.41652263424725
1413278,43.48631288946552
1333981,51.52143546547314
1085005,468.28789663325574
1054736,432.2685389934005
1104702,389.8526349534351
1381323,20.918566643974415
1344068,30.856417305070458
1052303,20.30161863942586
1018360,152.24261946299117
1306940,186.11565078621612
1300692,269.73540607941516
1171279,111.972062204357
1438175,68.97235398050199
1173109,95.12729453344754
1337250,153.7462205273739
1056761,153.7462205273739
1135371,326.49716454512424
1378200,49.68334349508331
1272135,59.89639021448522
1054088,33.346345904896324
1344699,353.4693053141761
1206358,303.0616945182964
1323853,141.40480892180867
1101699,1852.347590955707
1266254,1599.0640337753812
1242076,946.9573623149822
1415273,59.645462668427236
1268510,188.65655127358002
1256636,165.03895897186874
1410268,616.183528781841
1108062,784.023208205906
1497719,1087.4737786334417
1106934,152.0648134656565
1033797,153.7462205273739
1041160,314.38784196512813
1126396,1641.3434839248905
1242200,873.198060491948
1306384,1300.7610891226095
1058059,123.9134088552616
1089322,107.51718366420707
1446736,73.84445986896775
1001101,197.13522892220846
1122981,429.3303902885769
1078580,201.18922079720608
1175594,94.52917493142714
1205864,141.40480892180867
1316507,111.12301505627862
1482706,818.6626645196303
1046238,984.0741037733518
1020444,873.198060491948
1338003,37.05231077430668
1399537,37.05231077430668
1002793,37.30323832036467
1466289,450.5736280496527
1013187,647.2471200328392
1322076,498.87830409528584
1161027,90.2169898725787
1349737,111.12301505627862
1291976,51.27050791941515
1007039,139.35052008215322
1258074,227.58845795873157
1415587,464.5777208381119
1484457,140.51494716962975
1005745,153.0916666110696
1377865,124.76245600333998
1457732,298.24134385505363
1179188,606.9899741817018
1327218,318.15479691360036
1202641,73.84445986896775
1106286,111.3739426023366
1175735,114.36771088292294
1138288,523.9682541816373
1476138,462.3933485712259
1454707,678.0505395576475
1039235,123.40493872868458
1068339,136.96734742718112
1092183,107.51718366420707
1324963,110.52174250058755
1257720,92.42882921504781
1076387,128.46280287243357
1209661,297.0353323014201
1208465,131.73063613513636
1111884,153.7462205273739
1454997,137.3699196254669
1050572,710.4064172703387
1467559,265.12524563645184
1214425,227.83938550478956
1162278,32.791712239713746
1248010,28.483588610210944
1376824,33.346345904896324
1398291,177.54302085472833
1085069,822.4319181539063
1122525,603.9118101820272
1075559,15.757943697173394
1344759,136.96734742718112
1212897,143.49617934712072
1418671,145.07060909614802
1271431,41.4883902312326
1287363,33.14337783885662
1064175,25.747795365433614
1125114,58.83306248683792
1472836,74.09538741502573
1013458,71.16558511626941
1391771,429.3303902885769
1331170,461.3233563984868
1242406,342.10059239347845
1105837,870.4905644011565
1211259,762.2299604046132
1164052,584.7416583664025
1274142,32.791712239713746
1356105,71.16558511626941
1088860,62.73118205007827
1129795,516.1400817272013
1493321,464.5777208381119
1161618,805.5931536927383
1212298,123.40493872868458
1135403,135.41424998617074
1435855,260.2285984741923
1212422,805.8450584860606
1412227,456.6264052674344
1128323,605.661888172644
1357585,65.99112413094363
1266101,49.68334349508331
1306121,160.17185853115015
1415533,111.42423279021803
1292424,59.083990032895905
1376664,40.447259972116804
1253822,49.68334349508331
1355799,494.0577920710442
1408441,728.4566098625397
1390132,614.3853909212653
1118778,15.757943697173394
1373867,22.39374657374814
1321455,405.011490061804
1162414,528.7018123144654
1275261,450.5787751897187
1164241,40.783443703447354
1422145,32.791712239713746
1119440,164.78803142581074
1173756,188.40562372752203
1154587,383.306046597072
1123456,138.21896677354533
1008268,124.79735338348715
1219964,95.31701743699551
1461264,162.0171371740921
1146910,123.9134088552616
1110355,123.9134088552616
1411557,40.783443703447354
1055855,60.75233265114063
1043603,40.69818751817479
1264146,353.4641581741101
1033866,260.2285984741923
1209072,616.183528781841
1060160,1072.4239313261794
1352289,873.198060491948
1172228,516.1400817272013
1395626,37.05231077430668
1455355,71.9818135713459
1055663,71.36057128625862
1287217,342.10059239347845
1088601,426.51843919045194
1278366,805.8450584860606
1026791,107.51718366420707
1036303,98.18999686242772
1254559,179.12442123671096
1427581,946.9573623149822
1394444,466.5413610886773
1263854,762.2299604046132
1051269,139.35052008215322
1308881,158.04873692752642
1073830,258.9661051334541
1405838,311.00044655408396
1183018,193.31912139486292
1040180,71.36057128625862
1458738,49.68334349508331
1248662,710.6883177571254
1022436,613.4450048155272
1187815,528.7018123144654
1256719,26.139647496940537
1333426,40.447259972116804
1228432,238.45630989146522
1282969,282.25550505185873
1400162,296.7366934554983
1059632,89.0568987877406
1031228,89.30782633379857
1254371,43.48631288946552
1409072,136.96734742718112
1070652,197.0908889481728
1367274,404.7533617956391
1248470,139.79080697073084
1152711,111.972062204357
1233398,114.96583048494334
1160549,257.9945301393288
1448305,401.52632182794764
1128571,260.2285984741923
1454724,43.48631288946552
1403528,66.24205167700161
1489033,60.75233265114063
1162008,463.40606868843656
1469871,307.3765308043676
1065280,353.4641581741101
1416500,114.11678333686496
1295639,114.11678333686496
1322499,73.84445986896775
1450524,37.05231077430668
1203643,153.7462205273739
1239385,71.9818135713459
1127908,111.12301505627862
1445551,153.7462205273739
1101411,127.66844589393827
1076286,404.7533617956391
1170173,191.9221074329747
1065778,98.4409244084857
1282021,40.447259972116804
1369620,23.81400882775894
1064144,28.232661064152953
1499298,104.2344035456528
1410217,614.3853909212653
1460719,510.47401064871127
1369178,15.757943697173394
1102465,160.17185853115015
1491328,164.78803142581074
1331730,179.12442123671096
1401710,33.44708395798122
1036537,33.14337783885662
1340596,24.2520986296188
1140522,23.56308128170095
1198427,27.609025972479195
1041032,67.6702364095228
1252477,401.52632182794764
1091144,389.8526349534351
1377051,334.14563246261207
1027086,492.1257035426043
1035806,461.5546411231465
1243642,305.11912886295585
1314053,71.73088602528792
1320763,180.50650623976182
1006967,139.60144762821122
1267729,259.3640032840083
1477291,677.2770357876691
1368058,387.6557107577639
1324032,177.54302085472833
1197090,145.07060909614802
1208581,127.66844589393827
1081641,1316.0375759156225
1253251,500.873876406609
1317166,773.6385750817078
1059560,164.78803142581074
1334347,131.73063613513636
1294936,136.96734742718112
1066867,468.28789663325574
1380226,342.10059239347845
1020582,94.71889783497511
1226007,85.19428689764571
1008005,123.94830623540877
1394036,461.3233563984868
1058307,510.47401064871127
1128007,390.10154249480604
1005386,40.447259972116804
1192006,37.05231077430668
1275913,40.783443703447354
1384833,158.04873692752642
1117920,307.3765308043676
1034950,311.00044655408396
1013635,128.5174930420166
1055153,109.84333801726213
1266186,105.08345069373118
1421520,187.83260286703043
1293094,201.18922079720608
1424764,305.11912886295585
1142191,111.12301505627862
1178898,109.24521841524172
1357653,112.02234311642627
1363374,646.0979930206123
1363447,456.6264052674344
1473145,265.12524563645184
1452523,334.14563246261207
1100864,404.7533617956391
1397501,127.66844589393827
1208517,26.139647496940537
1139190,60.75233265114063
1132599,50.94733364650126
1146408,188.40562372752203
1210647,456.6264052674344
1381063,334.14563246261207
1429146,265.12524563645184
1216651,298.24134385505363
1403968,282.00457750580074
1067138,581.1345643603444
1465247,311.00044655408396
1344138,303.7158844855289
1032870,45.165595088189264
1025076,114.11678333686496
1448384,108.99429086918374
1398655,33.346345904896324
1411724,32.37936089480551
1143819,40.69818751817479
1090620,294.3874564635465
1200363,399.7874730227927
1108974,321.637589564569
1160402,15.757943697173394
1212494,127.66844589393827
1142875,193.31912139486292
1040784,153.7462205273739
1063831,59.99712826757012
1103952,59.1847280859808
1194353,37.40397637344957
1102241,59.645462668427236
1191088,71.73088602528792
1220591,32.37936089480551
1259696,33.346345904896324
1136582,28.483588610210944
1155966,313.1748500801933
1073642,456.6264052674344
1309602,288.45878500593597
1078309,1852.347590955707
1164850,1259.589965288865
1221502,318.15479691360036
1009487,49.68334349508331
1376888,90.46791741863667
1485207,569.9175311044708
1014696,652.5231949582105
1383441,1142.8357391595268
1371087,207.58274903479523
1476917,153.7462205273739
1276499,260.2285984741923
1446430,1154.5795736994444
1229678,591.2741245166496
1009292,984.0741037733518
1001171,107.51718366420707
1137404,85.19428689764571
1375821,135.41424998617074
1062616,179.12442123671096
1079738,111.12301505627862
1290947,58.17850352633761
1013855,60.50140510508264
1154323,60.50140510508264
1395980,684.9073516834752
1441315,684.707431899225
1019358,492.1257035426043
1092629,27.609025972479195
1145112,27.609025972479195
1445208,27.859953518537186
1261902,114.44600508467228
1302322,141.65573646786666
1370543,153.9971480734319
1265371,207.58274903479523
1127141,294.3874564635465
1490162,141.40480892180867
1060861,183.11682976160276
1023077,354.1851435696782
1484782,390.1460862534218
1262037,143.14357570739563
1098189,129.311850020512
1325113,90.0935356959875
1497786,136.7697574463391
1073615,282.00457750580074
1236135,161.19198404589054
1340927,59.645462668427236
1159933,71.16558511626941
1156490,74.09538741502573
1457848,399.7874730227927
1495944,334.14563246261207
1392169,423.01282440468475
1455460,2017.128717010082
1140660,405.006342921738
1322916,110.27081495452957
1218064,30.856417305070458
1220578,90.46791741863667
1216185,94.52917493142714
1020213,131.73063613513636
1053587,423.01282440468475
1434574,220.40962337106367
1232933,187.83260286703043
1247358,197.38615646826645
1240750,197.13522892220846
1083061,762.2299604046132
1306822,325.64117507705777
1212344,423.01797154475076
1020358,98.18999686242772
1175372,70.91465757021143
1063846,67.41930886346482
1176603,139.35052008215322
1208555,139.35052008215322
1215805,60.75233265114063
1330549,59.645462668427236
1373401,43.73724043552351
1167183,326.49716454512424
1465135,614.3853909212653
1426834,552.854929591198
1026154,22.1780454486166
1099028,22.42897299467459
1462415,193.31912139486292
1441751,212.46227016911783
1383303,260.2285984741923
1206105,90.0935356959875
1073905,74.88109677721465
1492052,44.447479819792534
1455622,75.35736216196382
1240058,59.645462668427236
1186355,44.09581422064965
1020825,59.083990032895905
1364564,37.30323832036467
1029205,252.1964550746102
1478725,250.509338247975
1188897,252.71739626185848
1285247,684.707431899225
1474891,643.2933866854997
1027212,220.40962337106367
1147355,34.60728634400457
1455107,62.29057764302039
1367592,188.40562372752203
1351864,298.24134385505363
1117537,313.1748500801933
1268577,398.630928735342
1272369,383.306046597072
1022529,450.5736280496527
1407632,797.8983186506963
1476518,289.79940575609317
1310846,390.1512333934878
1401384,73.84445986896775
1334308,71.10964374020064
1216744,65.84094859771089
1411562,179.12442123671096
1361089,158.04873692752642
1266842,43.73724043552351
1197346,33.09541835883834
1408990,37.30323832036467
1173866,494.0577920710442
1197580,552.854929591198
1482256,492.1257035426043
1469038,15.757943697173394
1265086,26.139647496940537
1435363,176.93428206842518
1098504,212.46227016911783
1470110,265.12524563645184
1014856,124.79735338348715
1304171,76.39399907021073
1169912,74.88109677721465
1169788,131.73063613513636
1305399,73.84445986896775
1297768,127.66844589393827
1447875,42.56703956474454
1061654,51.52143546547314
1288892,37.30323832036467
1370978,390.10154249480604
1018332,305.11912886295585
1482488,260.2285984741923
1226206,390.1460862534218
1359566,404.7533617956391
1122220,197.13522892220846
1361124,40.447259972116804
1485074,62.29057764302039
1055147,44.34674176670764
1332121,201.18922079720608
1254062,552.854929591198
1005089,282.00457750580074
1013929,176.93428206842518
1485789,158.04873692752642
1173106,127.66844589393827
1173239,728.4566098625397
1106978,252.1964550746102
1264303,405.006342921738
1295580,57.92757598027962
1059133,176.93428206842518
1253909,128.46280287243357
1441728,33.346345904896324
1435074,40.783443703447354
1209374,40.447259972116804
1070634,229.69115747355295
1384764,318.15479691360036
1109661,260.2285984741923
1260990,22.1780454486166
1495776,16.008871243231383
1361715,98.18999686242772
1367986,136.96734742718112
1339738,104.2344035456528
1168006,68.97235398050199
1127551,59.1847280859808
1145891,104.2344035456528
1245972,80.65529949362455
1156328,153.7462205273739
1167613,43.48631288946552
1251253,58.83306248683792
1089488,32.791712239713746
1442686,311.25137410014196
1122897,334.74626655365205
1191425,192.7982268315772
1451363,687.4780410475747
1017978,587.8920996328875
1329321,250.1452410113728
1246499,32.37936089480551
1128581,71.9818135713459
1304389,59.89639021448522
1293491,180.25557869370382
1378231,313.1748500801933
1070072,303.0616945182964
1150354,114.11678333686496
1039951,123.9134088552616
1333906,111.12301505627862
1131712,699.299938344033
1453878,297.6410950332689
1068668,403.06418331916177
1493420,67.41930886346482
1028234,50.69640610044327
1386496,58.83306248683792
1042053,60.50140510508264
1196922,183.11682976160276
1040737,176.93428206842518
1065819,40.69818751817479
1025496,33.09541835883834
1266139,40.447259972116804
1140717,325.64117507705777
1429810,423.01282440468475
1278363,415.8536693994446
1365006,26.139647496940537
1486505,32.37936089480551
1233411,23.81400882775894
1174361,111.77141557036829
1345956,131.73063613513636
1487066,176.93428206842518
1412186,81.38074423329334
1079827,72.48340142005702
1050897,66.59346399248
1234163,111.77141557036829
1304337,153.7462205273739
1087455,59.083990032895905
1071359,37.30323832036467
1172474,265.12524563645184
1218040,250.509338247975
1364913,250.06644564670663
1421572,642.7665788443229
1165704,465.6113383269906
1332421,318.15479691360036
1041334,32.37936089480551
1077637,79.18898912534387
1332253,74.09538741502573
1189355,269.73540607941516
1314410,296.4857659094403
1288385,560.2138161334647
1146363,197.0908889481728
1446195,186.11565078621612
1428079,269.73540607941516
1000357,523.9682541816373
1148714,311.4340848322759
1494973,404.7533617956391
1422995,33.09541835883834
1369219,33.09541835883834
1203139,78.93806157928589
1381422,58.83306248683792
1217098,33.04263978577173
1039931,32.791712239713746
1281119,32.791712239713746
1076815,383.306046597072
1024232,350.4253587779501
1462666,326.49716454512424
1278254,15.757943697173394
1297002,22.1780454486166
1054426,197.42011069598013
1331830,294.6383840096045
1242168,32.791712239713746
1184109,23.56308128170095
1340270,33.09541835883834
1269866,111.12301505627862
1043470,197.13522892220846
1425669,260.2285984741923
1188645,95.31701743699551
1425768,99.0390440105061
1031064,66.59346399248
1049619,70.91465757021143
1442195,104.2344035456528
1486459,49.68334349508331
1342433,30.856417305070458
1199358,44.34674176670764
1026899,33.346345904896324
1140924,214.67352562252546
1163539,175.59710078120884
1437111,389.8526349534351
1463289,614.3853909212653
1332634,405.006342921738
1023555,314.38784196512813
1228894,58.17850352633761
1100285,258.9661051334541
1478601,391.7176317893607
1323239,523.9682541816373
1354676,128.46280287243357
1194259,123.9134088552616
1318614,180.25557869370382
1191961,468.28789663325574
1122956,342.10059239347845
1081854,492.1257035426043
1175553,62.48025450402028
1204209,65.99112413094363
1077085,152.24261946299117
1380942,94.27824738536916
1426362,49.934271041141294
1209170,33.09541835883834
1092575,40.783443703447354
1169201,391.7176317893607
1203547,307.3765308043676
1165216,314.38784196512813
1003607,20.918566643974415
1362241,188.65655127358002
1035344,240.21560771213308
1245219,258.2454576853868
1169218,32.37936089480551
1289437,26.139647496940537
1429851,107.51718366420707
1125820,139.35052008215322
1365966,259.3640032840083
1238324,105.08345069373118
1468842,105.08345069373118
1006290,95.31701743699551
1318381,162.0171371740921
1005859,161.19198404589054
1461709,110.27081495452957
1288697,32.791712239713746
1286176,45.41652263424725
1070978,59.083990032895905
1105358,297.0353323014201
1100655,197.0908889481728
1352006,252.4473826206682
1058810,683.8008534394285
1086365,461.3233563984868
1029141,303.7158844855289
1269485,37.05231077430668
1459115,107.76811121026505
1473731,81.49351576537381
1372061,298.24134385505363
1207433,405.006342921738
1107812,584.7416583664025
1194682,112.54495677784358
1196913,123.94830623540877
1006258,111.12301505627862
1266052,960.3781815223076
1127841,464.5777208381119
1250099,678.0505395576475
1414515,85.19428689764571
1333316,81.24258821931583
1351402,104.2344035456528
1276151,153.7462205273739
1146781,111.42423279021803
1192028,59.89639021448522
1309566,45.165595088189264
1317399,58.83306248683792
1125915,398.630928735342
1226596,784.023208205906
1275552,516.1400817272013
1213443,25.747795365433614
1097854,20.05069109336787
1245940,23.81400882775894
1416156,153.7462205273739
1421658,212.71319771517582
1163541,204.9485727884011
1057891,51.27050791941515
1295122,45.165595088189264
1150550,33.09541835883834
1249152,111.12301505627862
1071750,158.04873692752642
1021922,227.58845795873157
1005087,66.74363952571274
1480809,99.0390440105061
1027495,61.253920499851745
1380376,107.51718366420707
1028216,197.0908889481728
1308459,143.49617934712072
1217898,73.84445986896775
1359469,85.34736108129528
1471285,60.75233265114063
1094380,397.51199737445063
1464888,311.4340848322759
1251882,455.72699936568034
1242910,197.0908889481728
1081466,289.79940575609317
1018551,62.48025450402028
1304675,22.64467411980613
1032172,45.41652263424725
1270116,37.30323832036467
1110391,127.66844589393827
1442758,245.3727875602082
1484598,143.49617934712072
1219920,111.12301505627862
1383829,137.3699196254669
1453460,135.41424998617074
1495381,450.5736280496527
1130262,207.58274903479523
1497306,161.44291159194853
1180934,45.165595088189264
1333737,23.56308128170095
1159717,26.139647496940537
1345251,34.60728634400457
1098053,164.78803142581074
1398868,516.1400817272013
1179749,404.7533617956391
1278640,16.008871243231383
1223784,111.77141557036829
1107223,131.73063613513636
1421641,153.7462205273739
1339264,37.40397637344957
1449517,20.73970844128572
1042350,30.856417305070458
1198402,40.69818751817479
1480977,33.04263978577173
1098302,404.7533617956391
1023961,478.4608610040736
1429401,342.10059239347845
1344564,462.3933485712259
1133180,388.34793588643896
1089923,139.35052008215322
1097734,94.46797028891713
1330797,127.66844589393827
1008740,145.07060909614802
1411677,49.68334349508331
1125014,45.41652263424725
1081759,569.9175311044708
1159985,238.45630989146522
1035134,353.4693053141761
1262324,67.41930886346482
1403943,43.48631288946552
1265976,94.46797028891713
1277900,207.58274903479523
1178504,175.59710078120884
1213543,40.69818751817479
1201828,34.60728634400457
1389024,42.81796711080253
1384865,313.1748500801933
1429716,326.49716454512424
1146686,260.2285984741923
1399512,22.39374657374814
1030633,75.35736216196382
1138952,107.51718366420707
1230579,153.7462205273739
1389919,79.97469848753279
1420003,59.1847280859808
1160479,62.831920103163164
1043535,131.73063613513636
1083443,111.12301505627862
1212347,158.04873692752642
1390131,37.05231077430668
1354703,49.934271041141294
1489368,37.30323832036467
1295553,197.13522892220846
1119919,127.66844589393827
1132518,111.65760982073394
1244054,432.2685389934005
1203291,455.72699936568034
1217356,298.24134385505363
1473548,37.05231077430668
1478840,112.02234311642627
1491460,60.75233265114063
1025963,179.12442123671096
1125836,294.3874564635465
1327424,296.4857659094403
1032828,158.04873692752642
1068263,158.04873692752642
1141726,197.0908889481728
1478947,784.023208205906
1240963,294.3874564635465
1090759,398.63607587540804
1038585,51.27050791941515
1420464,49.68334349508331
1254662,62.039650096962404
1363268,128.46280287243357
1061961,104.2344035456528
1440975,45.41652263424725
1116828,49.68334349508331
1202577,59.083990032895905
1474314,334.74626655365205
1043817,516.1400817272013
1058272,423.01282440468475
1366046,27.609025972479195
1170237,22.39374657374814
1085268,26.390575042998528
1056045,123.40493872868458
1213459,192.7982268315772
1382552,227.58845795873157
1397881,71.66717296498054
1268551,79.97469848753279
1206949,59.99712826757012
1119959,94.46797028891713
1245848,98.18999686242772
1273741,158.04873692752642
1350159,59.645462668427236
1154093,79.18898912534387
1042999,60.75233265114063
1029565,294.3874564635465
1433312,313.1748500801933
1135202,289.79940575609317
1272211,282.00457750580074
1146755,334.14563246261207
1010943,107.51718366420707
1191732,85.44521444370369
1349858,51.52143546547314
1049229,184.93322840211732
1041144,388.34793588643896
1002909,227.83938550478956
1126860,180.25557869370382
1347688,260.2285984741923
1252534,238.81836432014148
1105948,647.529020519626
1340269,250.06644564670663
1030597,297.6410950332689
1020364,51.27050791941515
1247229,60.75233265114063
1280198,37.30323832036467
1217010,40.783443703447354
1049688,32.63028844086352
1299135,176.93428206842518
1073390,455.72699936568034
1282574,377.0439565154405
1288078,127.24431800615683
1405744,145.07060909614802
1197826,123.40493872868458
1110776,42.43361017645237
1480031,45.51726068733215
1193063,37.40397637344957
1090317,44.09581422064965
1426495,42.56703956474454
1446133,40.69818751817479
1330414,33.346345904896324
1263575,289.79940575609317
1184160,342.10059239347845
1197552,390.10154249480604
1077911,398.630928735342
1256467,313.1748500801933
1191693,152.24261946299117
1170203,32.791712239713746
1439732,90.46791741863667
1165138,66.09187614376887
1453266,110.27081495452957
1427081,265.12524563645184
1403985,162.0171371740921
1284845,136.96734742718112
1428415,123.94830623540877
1335320,164.78803142581074
1159106,805.8450584860606
1207004,239.35856061749607
1022881,353.4641581741101
1371483,164.78803142581074
1427335,45.41652263424725
1157246,40.447259972116804
1385087,59.083990032895905
1368564,250.06644564670663
1311096,607.2832400963322
1309826,584.7416583664025
1117757,22.1780454486166
1268876,175.59710078120884
1139409,220.40962337106367
1315421,220.40962337106367
1307693,79.97469848753279
1351780,74.88109677721465
1240833,72.48340142005702
1292779,98.18999686242772
1004955,78.93806157928589
1058696,114.11678333686496
1440829,67.41930886346482
1087516,98.4409244084857
1212398,67.6702364095228
1174663,325.64117507705777
1227160,429.3303902885769
1371034,245.3727875602082
1447838,762.2299604046132
1118795,738.9872266907895
1229556,245.3727875602082
1318629,40.447259972116804
1201803,94.52917493142714
1108210,79.18898912534387
1084729,191.9221074329747
1329157,303.7158844855289
1173501,391.7176317893607
1345020,135.41424998617074
1428650,164.78803142581074
1361789,193.31912139486292
1204938,773.6385750817078
1459959,388.34793588643896
1009864,455.72699936568034
1176675,80.65529949362455
1453409,62.039650096962404
1336507,166.94142008526637
1328456,350.4253587779501
1313891,269.73540607941516
1468663,45.41652263424725
1318421,51.27050791941515
1007837,49.934271041141294
1417926,405.006342921738
1144631,405.006342921738
1123946,462.1313904107206
1090477,40.783443703447354
1414267,23.81400882775894
1329543,111.12301505627862
1406534,127.66844589393827
1431237,220.40962337106367
1010486,112.27327993829641
1004166,108.36623081228545
1403955,105.08345069373118
1245398,204.9485727884011
1064134,197.0908889481728
1320738,390.1460862534218
1043919,40.783443703447354
1197159,59.083990032895905
1122164,40.69818751817479
1250396,462.04979928476877
1078267,318.15479691360036
1320587,250.06644564670663
1438968,1300.7610891226095
1445553,1149.9618275012292
1430625,541.846327536151
1430923,40.783443703447354
1255590,142.5454561053752
1174194,124.16433640131957
1268149,614.3853909212653
1435775,684.9073516834752
1001078,1087.4737786334417
1356321,229.69115747355295
1238399,214.67352562252546
1247434,350.4253587779501
1372264,1087.4737786334417
1367722,762.2299604046132
1131831,822.4319181539063
1450298,89.0568987877406
1236521,65.99112413094363
1417628,71.10964374020064
1302103,162.0171371740921
1075661,111.42423279021803
1052678,59.645462668427236
1116456,58.83306248683792
1210918,70.91465757021143
1238372,728.4566098625397
1200100,821.0370965557263
1308118,773.3338743638479
1025514,22.1780454486166
1073171,23.81400882775894
1343697,478.4608610040736
1206094,457.9909737863931
1213565,455.72699936568034
1133994,45.165595088189264
1406832,50.69640610044327
1199518,42.56703956474454
1465945,197.0908889481728
1360766,250.06644564670663
1172793,390.1460862534218
1477841,146.1466191378718
1480419,142.2538560698871
1266200,105.08345069373118
1228974,138.94175982265241
1443865,220.62688752313338
1110747,158.04873692752642
1259815,49.68334349508331
1222703,66.24205167700161
1416211,59.89639021448522
1289707,528.7018123144654
1350731,252.1964550746102
1315773,738.9872266907895
1462684,510.47401064871127
1265062,462.3933485712259
1087576,153.7462205273739
1193331,23.56308128170095
1179725,60.75233265114063
1162092,152.0648134656565
1152578,298.24134385505363
1209604,265.37617318250983
1236773,70.91465757021143
1309943,107.51718366420707
1460971,94.27824738536916
1217450,643.011486198713
1045376,260.2285984741923
1443469,389.9003058474298
1462830,60.50140510508264
1255402,73.84445986896775
1167286,59.645462668427236
1059507,136.7697574463391
1079973,311.00044655408396
1483889,289.79940575609317
1012794,45.41652263424725
1078273,37.05231077430668
1105636,37.05231077430668
1197957,326.49716454512424
1129900,313.1748500801933
1399359,305.11912886295585
1435778,22.39374657374814
1115944,33.09541835883834
1148006,22.64467411980613
1004198,104.2344035456528
1071538,110.27081495452957
1179231,175.59710078120884
1183707,86.1330704434842
1492404,59.1847280859808
1069594,164.78803142581074
1475387,107.51718366420707
1389608,152.24261946299117
1257603,40.783443703447354
1468813,59.89639021448522
1190954,49.934271041141294
1231442,297.0353323014201
1426101,204.9485727884011
1011026,175.59710078120884
1494285,265.12524563645184
1127975,244.22398533311585
1254456,136.96734742718112
1433132,37.05231077430668
1385563,142.5454561053752
1329092,112.02234311642627
1024456,289.79940575609317
1441633,552.854929591198
1005331,296.0489875479636
1255283,164.78803142581074
1268877,191.9221074329747
1191347,229.69115747355295
1367529,1026.255125904989
1392509,390.1197859130282
1443604,390.10668963487205
1242946,22.1780454486166
1158962,71.73088602528792
1266951,51.52143546547314
1393559,37.30323832036467
1171262,49.68334349508331
1259868,49.68334349508331
1099206,229.69115747355295
1439182,1094.84106463691
1330691,783.7413077191193
1199867,15.757943697173394
1359174,19.85991026839255
1478755,220.62688752313338
1437302,204.9485727884011
1142646,244.22398533311585
1428338,37.40397637344957
1494524,59.1847280859808
1318530,42.918705163887424
1031981,32.791712239713746
1103507,62.039650096962404
1048429,65.84094859771089
1066501,98.4409244084857
1142079,60.75233265114063
1199171,405.006342921738
1423076,516.1400817272013
1375347,699.7177774605515
1363494,531.5223363082393
1168706,581.2125988722455
1286957,305.11912886295585
1297773,44.09581422064965
1127311,107.76811121026505
1278238,80.90622703968253
1246917,254.6981049735426
1255329,494.0577920710442
1297788,468.28789663325574
1362697,311.00044655408396
1377302,342.10059239347845
1129605,313.1748500801933
1186097,818.6626645196303
1166420,415.8536693994446
1144128,499.12923164134384
1465478,62.039650096962404
1439785,191.9221074329747
1452155,183.11682976160276
1412612,62.73118205007827
1042812,42.56703956474454
1140317,60.50140510508264
1441282,390.1460862534218
1420561,468.28789663325574
1052770,462.1313904107206
1492355,25.747795365433614
1123588,22.1780454486166
1205947,25.747795365433614
1397772,191.9221074329747
1430108,303.7158844855289
1123252,250.1452410113728
1019322,114.96583048494334
1019113,112.62046271844667
1476280,95.31701743699551
1446657,115.12054605747885
1442076,152.0648134656565
1199873,220.40962337106367
1053654,45.165595088189264
1493948,58.17850352633761
1087207,43.73724043552351
1193820,405.006342921738
1401050,464.5777208381119
1241369,313.1748500801933
1331635,584.7596266403834
1275462,513.374806066422
1226852,307.3765308043676
1321242,27.609025972479195
1447608,89.30782633379857
1467746,238.81836432014148
1497186,301.22893775941066
1421624,513.374806066422
1103191,94.46797028891713
1232381,78.93806157928589
1351626,145.07060909614802
1336135,584.7596266403834
1126452,307.3765308043676
1370737,399.7874730227927
1020027,40.447259972116804
1312294,23.56308128170095
1113562,32.791712239713746
1267715,96.98764634435442
1157131,114.11678333686496
1127567,65.99112413094363
1393273,37.30323832036467
1301677,32.791712239713746
1429577,403.06418331916177
1413066,334.14563246261207
1273196,305.11912886295585
1065500,20.918566643974415
1442450,25.747795365433614
1179865,16.008871243231383
1229492,175.59710078120884
1283364,175.84802832726683
1480985,207.58274903479523
1164611,45.165595088189264
1286172,40.447259972116804
1395783,42.56703956474454
1177550,89.0568987877406
1412772,110.44300572415969
1325211,229.69115747355295
1331898,68.97235398050199
1027577,91.06603702065708
1211409,51.04807169958615
1119268,85.0964335352373
1409353,123.40493872868458
1239768,89.0568987877406
1016320,37.05231077430668
1350029,45.41652263424725
1165320,41.03437124950534
1114413,252.1964550746102
1374639,197.13522892220846
1263967,313.1748500801933
1431639,821.0370965557263
1439212,642.7665788443229
1243982,301.22893775941066
1425722,20.918566643974415
1357621,60.75233265114063
1080059,62.29057764302039
1342822,388.34793588643896
1100321,465.6113383269906
1237813,702.7579344090778
1300518,197.0908889481728
1114521,207.58274903479523
1385419,257.26180275518556
1250718,699.299938344033
1499934,513.374806066422
1466058,587.8920996328875
1149575,37.05231077430668
1003527,59.645462668427236
1436210,58.83306248683792
1495418,41.387652178147704
1018177,43.48631288946552
1222779,32.37936089480551
1278720,616.183528781841
1425342,678.0505395576475
1247856,586.1974367927389
1296233,15.757943697173394
1299299,19.85991026839255
1040011,114.44600508467228
1047541,165.03895897186874
1416939,58.83306248683792
1307589,42.56703956474454
1154900,49.68334349508331
1447474,188.40562372752203
1498148,269.73540607941516
1032041,313.1748500801933
1441254,95.31701743699551
1270780,91.06603702065708
1283042,66.59346399248
1284049,73.84445986896775
1451216,85.0964335352373
1159551,44.09581422064965
1226506,33.346345904896324
1065345,25.998722911491605
1421154,415.8536693994446
1254784,269.73540607941516
1067670,678.0505395576475
1249310,1871.8226425728078
1109152,1295.9914553680217
1059263,773.6385750817078
1127296,58.83306248683792
1177149,111.90853736679192
1193901,98.4409244084857
1305434,549.9441040001311
1169253,581.1345643603444
1439432,1078.7808014243674
1369386,111.77141557036829
1187366,141.40480892180867
1383898,252.1964550746102
1040191,1309.7416974918403
1026483,710.6883177571254
1418641,1052.4264089225367
1446160,179.12442123671096
1300731,187.83260286703043
1359618,94.46797028891713
1248156,260.2285984741923
1294670,405.006342921738
1478985,289.79940575609317
1368481,98.4409244084857
1333433,78.93806157928589
1434239,107.51718366420707
1257619,773.6385750817078
1094504,805.3324792748605
1300383,805.3112532059515
1384829,45.165595088189264
1005407,62.039650096962404
1315724,32.63028844086352
1177648,260.4795260202503
1039799,464.31377370548154
1050610,584.7416583664025
1215378,135.41424998617074
1420586,89.0568987877406
1355314,94.27824738536916
1200145,201.18922079720608
1352856,245.3727875602082
1490730,614.3853909212653
1140936,202.02926411586552
1100311,197.34181649423078
1280962,183.96587690968119
1188460,294.3874564635465
1241716,510.47401064871127
1495394,342.10059239347845
1052736,60.50140510508264
1491102,98.4409244084857
1439147,80.59503487110442
1253028,531.5223363082393
1217271,423.01282440468475
1153904,586.1974367927389
1103990,2038.637618473551
1315380,1651.1945877775909
1012578,586.1974367927389
1356121,49.68334349508331
1387352,153.9971480734319
1177494,127.91937343999619
1441552,684.9073516834752
1065795,699.299938344033
1245852,1316.0375759156225
1485920,192.7982268315772
1282419,197.0908889481728
1474269,353.4641581741101
1122106,1261.3528674995955
1419497,728.4566098625397
1491382,984.0741037733518
1334251,127.66844589393827
1107205,94.46797028891713
1342908,94.46797028891713
1389672,139.35052008215322
1115199,220.62688752313338
1466642,161.19198404589054
1075060,92.42882921504781
1286035,65.99112413094363
1216014,89.0568987877406
1202009,870.4905644011565
1447158,791.3627803821291
1116835,677.2770357876691
1216346,42.56703956474454
1295510,45.165595088189264
1286831,33.04263978577173
1495796,179.37534878276895
1477046,239.35856061749607
1423534,265.12524563645184
1070216,166.94142008526637
1260241,139.35052008215322
1376750,107.51718366420707
1331408,204.9485727884011
1239901,353.4641581741101
1195401,552.854929591198
1083931,197.34181649423078
1445603,189.25467087560045
1331096,124.25398587676297
1085873,214.67352562252546
1106683,390.1197859130282
1334187,303.7158844855289
1103377,62.039650096962404
1015635,109.24521841524172
1254780,67.6702364095228
1379556,466.5413610886773
1461975,384.783701678737
1104316,586.1974367927389
1395991,260.2285984741923
1395799,227.58845795873157
1204391,138.94175982265241
1080873,32.791712239713746
1111719,131.98156368119436
1210576,75.6082897080218
1172770,139.35052008215322
1265692,342.10059239347845
1042603,250.1452410113728
1182168,158.04873692752642
1277776,177.54302085472833
1131821,145.07060909614802
1174173,803.5587002702547
1337771,298.24134385505363
1202376,313.4257776262513
1444033,27.609025972479195
1163334,75.35736216196382
1279214,41.03437124950534
1296501,59.645462668427236
1033599,51.27050791941515
1174360,269.73540607941516
1291501,908.1207903913346
1298916,693.638875588151
1423496,145.07060909614802
1293002,161.19198404589054
1076795,191.9221074329747
1021481,43.83797848860841
1330908,42.43361017645237
1162720,24.2520986296188
1078467,49.68334349508331
1345403,30.856417305070458
1036433,45.165595088189264
1391656,59.645462668427236
1328210,94.52917493142714
1177028,62.73118205007827
1434055,405.006342921738
1424721,500.873876406609
1191920,377.0439565154405
1052756,342.10059239347845
1391034,350.4253587779501
1408065,177.54302085472833
1091688,27.609025972479195
1166031,104.48533109171078
1177255,58.17850352633761
1045371,127.66844589393827
1060513,201.77833656980752
1436754,153.7462205273739
1233478,107.51718366420707
1192154,114.11678333686496
1037962,586.1974367927389
1373312,220.59447621445366
1185011,183.11682976160276
1007240,26.139647496940537
1277562,81.24258821931583
1072334,71.10964374020064
1128376,32.29567444721536
1297522,37.30323832036467
1452541,220.62688752313338
1359919,607.2832400963322
1067207,523.9682541816373
1233545,16.008871243231383
1214743,104.2344035456528
1228910,111.77141557036829
1423994,145.07060909614802
1313304,61.253920499851745
1099679,44.447479819792534
1426844,37.40397637344957
1378564,49.68334349508331
1076816,27.609025972479195
1001350,43.48631288946552
1463100,43.48631288946552
1239878,49.934271041141294
1415566,41.03437124950534
1168331,303.7158844855289
1184252,384.783701678737
1037012,239.35856061749607
1458256,112.54495677784358
1280912,110.27081495452957
1082299,49.68334349508331
1300140,128.46280287243357
1397931,110.27081495452957
1428482,70.91465757021143
1229001,107.51718366420707
1067710,111.3739426023366
1181286,114.11678333686496
1412408,252.1964550746102
1407485,161.19198404589054
1071259,153.7462205273739
1131716,25.747795365433614
1214421,23.81400882775894
1114189,20.05069109336787
1323156,71.73088602528792
1000698,326.49716454512424
1031474,311.4340848322759
1247248,15.757943697173394
1023342,15.808147755728694
1188121,15.757943697173394
1286899,114.11678333686496
1349711,139.35052008215322
1091327,164.78803142581074
1176395,62.73118205007827
1248828,33.04263978577173
1040307,201.18922079720608
1329740,94.27824738536916
1265965,415.8536693994446
1375031,1142.8357391595268
1336230,946.9573623149822
1109216,478.4608610040736
1223819,32.791712239713746
1184220,81.49351576537381
1351227,66.24205167700161
1291104,353.4641581741101
1499951,390.1460862534218
1389163,687.4799865773577
1457331,145.07060909614802
1018331,158.04873692752642
1222327,269.73540607941516
1380095,805.5931536927383
1186135,500.873876406609
1091750,614.3853909212653
1474529,59.645462668427236
1336163,40.447259972116804
1463362,123.9134088552616
1280003,220.62688752313338
1119159,111.77141557036829
1067474,60.75233265114063
1317791,42.081944577309486
1126189,49.68334349508331
1374875,584.7596266403834
1498800,677.2770357876691
1377853,569.9175311044708
1418509,23.56308128170095
1384132,23.56308128170095
1152757,135.66517753222874
1290442,145.07060909614802
1010856,164.78803142581074
1054292,62.48025450402028
1014398,40.783443703447354
1262731,60.50140510508264
1036243,188.40562372752203
1004828,250.1452410113728
1388536,390.10154249480604
1350424,142.2538560698871
1137631,142.2538560698871
1381527,95.31701743699551
1161738,158.04873692752642
1308325,303.7158844855289
1202718,161.19198404589054
1478119,51.27050791941515
1328690,60.75233265114063
1346361,45.41652263424725
1332266,342.10059239347845
1356772,289.79940575609317
1084390,531.5223363082393
1419232,677.2770357876691
1387470,389.8526349534351
1478089,238.45630989146522
1331292,89.30782633379857
1430739,326.49716454512424
1105500,353.4641581741101
1249587,523.9682541816373
1207278,107.51718366420707
1067443,78.93806157928589
1016566,128.46280287243357
1378160,614.3853909212653
1497309,306.3183687917708
1370933,516.1400817272013
1481206,94.27824738536916
1369995,115.12054605747885
1350874,80.34410732504644
1112513,41.03437124950534
1147478,49.68334349508331
1293493,70.91465757021143
1387939,378.97726216144144
1191281,303.7158844855289
1092227,212.46227016911783
1178247,25.747795365433614
1169864,27.859953518537186
1174124,104.48533109171078
1278123,177.79394840078632
1075935,158.04873692752642
1220930,107.51718366420707
1219540,115.12054605747885
1055380,51.27050791941515
1036746,110.44300572415969
1022232,229.69115747355295
1010495,238.45630989146522
1023709,90.0935356959875
1462450,90.0935356959875
1120855,61.253920499851745
1418431,123.9134088552616
1219029,187.83260286703043
1482768,123.9134088552616
1229842,94.27824738536916
1206840,90.46791741863667
1235689,62.29057764302039
1410054,191.9221074329747
1119297,161.19198404589054
1283213,186.11565078621612
1392031,1314.338507640101
1193249,900.175566102047
1199568,492.1257035426043
1407293,28.232661064152953
1278568,94.52917493142714
1408531,98.4409244084857
1138267,390.10154249480604
1139258,500.873876406609
1365049,805.6143797616472
1359954,94.46797028891713
1343500,107.51718366420707
1033638,164.78803142581074
1053043,1026.255125904989
1106036,541.846327536151
1050509,740.2225336632139
1163652,71.73088602528792
1344265,73.84445986896775
1296395,153.7462205273739
1419087,245.3727875602082
1341606,153.7462205273739
1067990,85.34736108129528
1327243,45.165595088189264
1019442,59.645462668427236
1320284,541.846327536151
1070518,552.854929591198
1380607,450.8299488426566
1092204,28.232661064152953
1397944,34.60728634400457
1308439,25.998722911491605
1386250,197.34181649423078
1482059,306.5692963378288
1228987,301.93382499679456
1084363,45.165595088189264
1289081,33.09541835883834
1046120,153.7462205273739
1359932,186.11565078621612
1476808,350.4253587779501
1375526,124.25398587676297
1403567,111.11986210260795
1411725,114.96583048494334
1027074,252.1964550746102
1319750,303.7158844855289
1488452,197.13522892220846
1183310,44.09581422064965
1060365,74.09538741502573
1203758,59.083990032895905
1359579,377.0439565154405
1250165,307.3765308043676
1118053,318.15479691360036
1425692,297.0353323014201
1163765,220.40962337106367
1024239,123.40493872868458
1427043,37.05231077430668
1394487,142.5454561053752
1366235,114.36771088292294
1230705,131.73063613513636
1385760,294.3874564635465
1155221,161.19198404589054
1357947,179.12442123671096
1155845,186.11565078621612
1284871,161.19198404589054
1285681,821.0370965557263
1313628,238.45630989146522
1003559,313.4257776262513
1085143,27.609025972479195
1279269,20.918566643974415
1491362,25.71927316221139
1296050,37.05231077430668
1027560,94.27824738536916
1109062,80.65529949362455
1468070,42.33287212336747
1301912,45.165595088189264
1372452,59.083990032895905
1216295,188.40562372752203
1080428,677.2770357876691
1275455,647.529020519626
1200217,111.12301505627862
1162284,179.12442123671096
1409553,192.7982268315772
1392715,50.03500909422619
1315760,59.99712826757012
1097710,44.447479819792534
1285179,62.48025450402028
1273296,45.165595088189264
1050702,71.73088602528792
1094193,51.27050791941515
1072878,85.44521444370369
1252201,60.75233265114063
1016160,342.10059239347845
1345970,516.1400817272013
1183200,250.509338247975
1243332,390.1460862534218
1440017,415.8536693994446
1155554,153.7462205273739
1120774,34.60728634400457
1395698,71.9818135713459
1441706,51.52143546547314
1288355,104.2344035456528
1451370,153.7462205273739
1010337,192.7982268315772
1030428,67.41930886346482
1343272,78.93806157928589
1294240,89.0568987877406
1244960,784.023208205906
1050471,294.3874564635465
1271361,404.7533617956391
1131135,78.93806157928589
1330314,75.35736216196382
1236942,58.83306248683792
1484447,177.54302085472833
1317781,311.00044655408396
1471097,250.06644564670663
1064015,60.75233265114063
1435998,40.447259972116804
1222345,59.89639021448522
1495290,353.4641581741101
1261324,468.28789663325574
1149711,404.7533617956391
1396438,23.56308128170095
1379374,44.09581422064965
1289334,20.30161863942586
1332404,107.51718366420707
1182176,131.73063613513636
1405603,187.83260286703043
1248698,95.31701743699551
1011799,58.680091375048725
1123469,72.48340142005702
1023318,139.35052008215322
1483716,136.96734742718112
1162607,164.78803142581074
1157714,45.165595088189264
1406254,60.50140510508264
1468021,45.41652263424725
1357828,301.22893775941066
1248120,294.3874564635465
1480346,227.58845795873157
1007010,244.22398533311585
1329627,204.9485727884011
1401957,75.35736216196382
1296576,28.232661064152953
1335313,110.69393327021767
1416727,66.24205167700161
1272292,191.9221074329747
1441262,429.3303902885769
1151463,260.2285984741923
1337790,227.58845795873157
1476136,204.9485727884011
1443795,180.25557869370382
1272200,693.638875588151
1442250,388.34793588643896
1401517,314.6387695111861
1006041,23.56308128170095
1329309,27.609025972479195
1406291,80.34410732504644
1267181,73.84445986896775
1319608,37.30323832036467
1425375,37.05231077430668
1288009,33.04263978577173
1226314,238.45630989146522
1189123,581.1345643603444
1394268,523.9682541816373
1466259,16.008871243231383
1090500,123.40493872868458
1478055,152.24261946299117
1129935,123.9134088552616
1070032,50.03500909422619
1136100,59.1847280859808
1378063,42.918705163887424
1399751,32.791712239713746
1423195,28.232661064152953
1121665,49.68334349508331
1225337,37.05231077430668
1407149,49.934271041141294
1442808,43.73724043552351
1074323,405.006342921738
1148769,616.183528781841
1313849,319.8832332044032
1209585,1441.3972557097213
1278748,900.175566102047
1093376,702.7579344090778
1007123,123.9134088552616
1473365,314.6387695111861
1416330,229.94208501961094
1115570,677.2770357876691
1301735,947.339733278442
1406384,1337.6388094327958
1117969,220.62688752313338
1259030,160.17185853115015
1167748,238.45630989146522
1353953,1834.5823514477024
1340614,1094.84106463691
1430093,1459.99181132629
1226033,250.06644564670663
1186038,297.0353323014201
1324350,197.0908889481728
1341057,301.93382499679456
1218304,423.01282440468475
1007165,204.9485727884011
1023051,186.36657833227412
1408479,139.35052008215322
1363746,193.31912139486292
1051229,908.1207903913346
1246221,899.49397701002
1249794,616.6984048306514
1415662,73.84445986896775
1047566,32.791712239713746
1175187,62.73118205007827
1261268,342.10059239347845
1211204,622.9345466831726
1196393,551.1102848259328
1324708,71.10964374020064
1249911,85.19428689764571
1444677,33.09541835883834
1438339,245.3727875602082
1006845,404.7533617956391
1461548,569.9175311044708
1057669,202.02926411586552
1066575,197.34181649423078
1359065,197.38615646826645
1076099,351.9849134854716
1008635,614.3853909212653
1110869,423.01282440468475
1311681,186.11565078621612
1472243,252.4473826206682
1079476,188.65655127358002
1026935,822.4319181539063
1367247,643.2933866854997
1474729,569.9175311044708
1406711,586.1974367927389
1352093,450.8299488426566
1464644,296.4857659094403
1056398,27.609025972479195
1058284,81.49351576537381
1310702,60.75233265114063
1275186,398.630928735342
1115062,423.01282440468475
1369730,613.4450048155272
1441255,389.8526349534351
1009158,282.00457750580074
1439087,318.15479691360036
1101076,569.9175311044708
1385485,510.47401064871127
1381756,584.7416583664025
1163817,51.27050791941515
1034901,81.24258821931583
1365266,59.645462668427236
1491765,30.584747969790588
1331278,25.747795365433614
1387243,33.09541835883834
1059770,622.9345466831726
1411775,494.0577920710442
1237309,478.4608610040736
1279987,104.48533109171078
1230317,128.71373041849156
1471457,162.0171371740921
1421988,89.0568987877406
1242095,107.51718366420707
1123773,85.19428689764571
1486238,238.45630989146522
1106874,423.01282440468475
1043439,314.38784196512813
1135306,105.08345069373118
1213221,111.972062204357
1293359,71.86215913496974
1488237,71.73088602528792
1215569,51.27050791941515
1364047,37.05231077430668
1222795,32.37936089480551
1064545,49.934271041141294
1446086,41.03437124950534
1093571,500.873876406609
1418371,311.00044655408396
1182114,584.7416583664025
1054723,818.6626645196303
1182446,740.2225336632139
1253839,399.7874730227927
1139142,107.76811121026505
1320721,342.10059239347845
1134128,415.8536693994446
1424653,693.638875588151
1254550,164.78803142581074
1163284,188.40562372752203
1314335,229.69115747355295
1338319,762.2299604046132
1116418,616.183528781841
1035513,586.1974367927389
1461518,25.747795365433614
1441342,22.1780454486166
1480348,32.791712239713746
1306511,45.165595088189264
1465566,73.84445986896775
1375422,58.83306248683792
1011397,41.03437124950534
1206239,33.09541835883834
1086612,32.37936089480551
1097994,678.0505395576475
1147117,770.9412155716116
1334266,728.4566098625397
1365715,16.008871243231383
1162136,112.79588432390156
1428806,131.98156368119436
1175819,135.66517753222874
1254869,59.645462668427236
1311140,51.27050791941515
1324215,71.73088602528792
1007982,180.25557869370382
1230711,269.73540607941516
1314655,311.00044655408396
1435749,95.12729453344754
1430121,111.71013198581576
1455053,59.1847280859808
1406102,85.19428689764571
1290556,110.27081495452957
1201315,59.645462668427236
1130404,37.30323832036467
1379722,37.30323832036467
1146684,587.8920996328875
1131405,458.9362941584192
1216649,768.8011784574483
1391689,2000.531674497828
1055011,1477.4232576406198
1183543,908.1207903913346
1451107,85.19428689764571
1456388,290.05033330215116
1178756,265.37617318250983
1159595,805.6143797616472
1444143,952.6097231769818
1371429,1309.7416974918403
1466318,245.3727875602082
1330248,259.3640032840083
1215795,450.5736280496527
1335631,2050.4068058400067
1242295,1026.837350923508
1242991,1462.2757869053848
1209194,115.12054605747885
1148243,96.98764634435442
1181156,89.0568987877406
1316171,138.94175982265241
1145620,378.97726216144144
1385807,164.78803142581074
1025160,98.4409244084857
1448322,123.9134088552616
1299696,123.9134088552616
1431695,984.0741037733518
1093507,1588.608539446742
1068143,1452.6765216486501
1262949,40.447259972116804
1111725,37.30323832036467
1461971,614.3853909212653
1364620,881.3329780496023
1415079,773.6385750817078
1341426,127.66844589393827
1080375,158.04873692752642
1158488,111.12301505627862
1212302,311.00044655408396
1087492,389.8526349534351
1472309,642.7665788443229
1238649,178.39206800280675
1202195,186.36657833227412
1482606,153.0916666110696
1028580,295.7980600019056
1051268,455.72699936568034
1379128,301.22893775941066
1013539,85.19428689764571
1129761,139.60144762821122
1411004,111.3739426023366
1435247,773.3338743638479
1380455,622.9345466831726
1265343,1248.7165300489114
1135738,805.8450584860606
1011038,710.6883177571254
1137846,294.3874564635465
1399251,37.05231077430668
1440074,85.44521444370369
1000734,74.09538741502573
1414810,191.9221074329747
1381179,318.15479691360036
1350790,397.51199737445063
1190444,184.93322840211732
1486912,220.40962337106367
1236391,282.00457750580074
1178617,1328.8533958593316
1285948,404.7533617956391
1262305,607.2832400963322
1321124,123.9134088552616
1477230,104.2344035456528
1474968,80.65529949362455
1358159,141.40480892180867
1493346,513.374806066422
1316177,429.3303902885769
1098457,59.083990032895905
1325326,45.165595088189264
1252764,59.083990032895905
1130890,614.3853909212653
1445592,903.2509594774976
1267495,818.6626645196303
1382259,26.139647496940537
1156755,40.783443703447354
1491082,23.81400882775894
1103558,207.58274903479523
1338037,257.9945301393288
1094930,450.5736280496527
1386365,165.63707857388917
1304381,128.5174930420166
1351937,124.76245600333998
1328548,207.58274903479523
1371269,164.78803142581074
1002309,260.2285984741923
1471282,57.92757598027962
1392767,89.30782633379857
1019682,62.73118205007827
1457769,429.3303902885769
1300407,415.8536693994446
1068011,389.8526349534351
1127745,257.26180275518556
1275300,301.93382499679456
1031756,123.9134088552616
1276549,37.05231077430668
1056144,158.29966447358441
1345960,145.321536642206
1026590,137.3699196254669
1230216,311.00044655408396
1493066,197.13522892220846
1240971,136.96734742718112
1076123,179.12442123671096
1116856,805.8450584860606
1106834,384.783701678737
1430745,303.3126220643544
1142733,19.60898272233456
1332561,70.91465757021143
1065027,45.165595088189264
1288625,44.34674176670764
1100005,62.48025450402028
1316879,51.27050791941515
1448339,269.73540607941516
1448283,946.9573623149822
1230100,699.0180378572462
1150331,20.918566643974415
1233710,188.40562372752203
1244549,186.11565078621612
1011274,245.3727875602082
1366995,44.447479819792534
1155338,50.03500909422619
1431889,27.609025972479195
1411042,49.68334349508331
1373635,70.91465757021143
1365958,115.37147360353683
1263468,94.71889783497511
1147836,584.7416583664025
1312260,784.023208205906
1108274,404.7533617956391
1152196,421.7868621476975
1174520,523.9682541816373
1311644,131.73063613513636
1282792,59.083990032895905
1313863,42.81796711080253
1116853,186.11565078621612
1117345,319.8832332044032
1142841,260.2285984741923
1346851,201.18922079720608
1202683,250.509338247975
1286305,229.69115747355295
1207997,584.7416583664025
1075761,301.93382499679456
1442400,269.98633362547315
1313185,15.757943697173394
1313557,67.93571707225509
1461090,49.68334349508331
1262107,34.85821389006256
1043719,23.56308128170095
1172039,27.859953518537186
1382652,212.46227016911783
1020208,429.3303902885769
1253644,390.1460862534218
1339071,111.12301505627862
1320094,135.41424998617074
1117970,135.41424998617074
1068151,71.66717296498054
1458189,62.831920103163164
1154829,42.43361017645237
1441375,40.447259972116804
1027883,33.09541835883834
1358903,49.68334349508331
1297394,33.346345904896324
1065989,26.390575042998528
1364660,305.11912886295585
1277097,462.3933485712259
1157917,307.3765308043676
1482136,646.0979930206123
1491979,655.844186407494
1491117,186.11565078621612
1206646,33.346345904896324
1208274,90.46791741863667
1210738,62.29057764302039
1328739,257.26180275518556
1151568,450.5736280496527
1179600,429.3303902885769
1350474,307.3765308043676
1249578,353.4641581741101
1141830,391.7176317893607
1066784,947.2082898610402
1135133,350.4253587779501
1045471,405.011490061804
1239437,71.73088602528792
1412957,58.83306248683792
1256148,58.83306248683792
1150723,45.165595088189264
1458025,259.3640032840083
1208584,197.0908889481728
1052913,44.34674176670764
1342834,40.783443703447354
1427122,57.92757598027962
1307634,404.7533617956391
1483134,607.2832400963322
1008294,589.0845808962376
1127039,23.56308128170095
1205295,32.37936089480551
1216979,179.12442123671096
1213601,229.69115747355295
1124300,288.45878500593597
1400990,111.972062204357
1206721,108.36623081228545
1154185,74.88109677721465
1051019,85.0964335352373
1035942,94.27824738536916
1120418,127.66844589393827
1000557,45.165595088189264
1159957,59.083990032895905
1281230,40.69818751817479
1492825,319.8832332044032
1364359,353.4641581741101
1144162,415.8536693994446
1134852,1300.7610891226095
1179517,1041.0164816929812
1000505,463.40606868843656
1301184,32.37936089480551
1206831,74.09538741502573
1008616,450.8299488426566
1429552,569.9175311044708
1139647,947.339733278442
1300817,153.7462205273739
1119648,152.24261946299117
1255638,260.773477523714
1096780,941.5968631723891
1148826,510.47401064871127
1290989,784.023208205906
1442329,94.27824738536916
1421415,98.18999686242772
1394355,136.7697574463391
1375025,204.9485727884011
1103636,141.40480892180867
1435514,81.49351576537381
1344879,45.165595088189264
1026319,57.92757598027962
1432633,678.0505395576475
1092417,614.3853909212653
1040695,523.9682541816373
1142017,30.333820423732597
1123939,37.05231077430668
1496055,25.998722911491605
1361083,212.71319771517582
1292002,212.46227016911783
1476709,249.99018094015577
1318219,62.039650096962404
1121990,65.99112413094363
1409644,59.645462668427236
1442958,158.29966447358441
1210181,240.21560771213308
1246412,429.3303902885769
1113679,143.14357570739563
1178941,124.76245600333998
1407215,109.84333801726213
1137755,188.40562372752203
1101359,318.15479691360036
1389483,249.99018094015577
1446950,40.447259972116804
1331883,59.083990032895905
1220066,49.934271041141294
1430629,350.4253587779501
1412405,238.45630989146522
1445691,516.1400817272013
1233603,728.4566098625397
1081183,616.183528781841
1390416,207.58274903479523
1161610,32.37936089480551
1029722,463.40606868843656
1408190,450.5736280496527
1358481,903.2509594774976
1362659,227.58845795873157
1374651,183.11682976160276
1473048,269.73540607941516
1159448,805.8450584860606
1095885,468.28789663325574
1152927,728.4566098625397
1263486,96.98764634435442
1361892,58.83306248683792
1180295,62.039650096962404
1461189,98.18999686242772
1352516,78.93806157928589
1203135,37.30323832036467
1412137,37.05231077430668
1348312,33.09541835883834
1117178,643.2933866854997
1487661,591.2741245166496
1052291,468.28789663325574
1346673,15.757943697173394
1482270,94.52917493142714
1195731,131.73063613513636
1170403,98.4409244084857
1260429,137.21827497323912
1380448,81.49351576537381
1288681,92.42882921504781
1121882,137.3699196254669
1297507,288.45878500593597
1249247,305.11912886295585
1368716,111.29205287223807
1093831,114.96583048494334
1190515,59.99712826757012
1412193,136.96734742718112
1266638,111.12301505627862
1281895,94.46797028891713
1263331,33.09541835883834
1496385,60.75233265114063
1472881,50.94733364650126
1174789,334.14563246261207
1449484,220.40962337106367
1434557,472.8093684877515
1241213,461.3233563984868
1099698,404.7533617956391
1288833,158.04873692752642
1279473,85.44521444370369
1374095,390.1460862534218
1195279,591.2741245166496
1285467,334.14563246261207
1200473,238.45630989146522
1288556,191.9221074329747
1135583,197.0908889481728
1352318,982.0288718842007
1141415,552.854929591198
1416778,603.9118101820272
1251736,22.1780454486166
1256829,15.757943697173394
1497598,62.039650096962404
1200754,45.165595088189264
1155627,26.390575042998528
1257467,42.56703956474454
1010451,30.856417305070458
1304851,450.5736280496527
1144211,1457.4093413268786
1275541,1041.0164816929812
1333903,15.757943697173394
1273355,17.84982426263641
1077142,30.856417305070458
1213834,37.30323832036467
1394157,89.0568987877406
1246247,51.27050791941515
1262361,67.93571707225509
1288241,260.2285984741923
1008853,516.1400817272013
1386984,462.1313904107206
1039343,50.03500909422619
1457066,72.48340142005702
1417619,45.51726068733215
1221942,58.83306248683792
1492708,58.83306248683792
1260284,42.56703956474454
1005493,45.165595088189264
1097238,71.16558511626941
1389098,51.52143546547314
1239205,528.7018123144654
1142402,305.11912886295585
1187987,946.9573623149822
1277790,405.006342921738
1129722,462.1313904107206
1292372,227.58845795873157
1083272,37.05231077430668
1210694,79.18898912534387
1175781,128.46280287243357
1370401,269.73540607941516
1048369,269.73540607941516
1199378,89.0568987877406
1443132,94.27824738536916
1437968,107.51718366420707
1435862,784.023208205906
1301525,303.0616945182964
1300490,510.47401064871127
1155251,89.0568987877406
1066976,98.18999686242772
1493943,58.83306248683792
1376854,139.35052008215322
1331984,269.73540607941516
1325754,260.2285984741923
1317080,51.52143546547314
1083560,37.05231077430668
1231111,60.50140510508264
1011124,398.630928735342
1321197,528.7018123144654
1370181,461.3233563984868
1449954,33.09541835883834
1435671,114.11678333686496
1081672,161.19198404589054
1341179,238.45630989146522
1037357,91.06603702065708
1453346,62.79216549173151
1129402,66.74363952571274
1356694,158.04873692752642
1095297,111.12301505627862
1005508,142.2945285593172
1040476,60.50140510508264
1274638,74.09538741502573
1130738,51.52143546547314
1234863,294.3874564635465
1004425,250.06644564670663
1248791,179.12442123671096
1416624,1284.6659020243953
1168965,903.2509594774976
1080688,472.8093684877515
1237764,112.02234311642627
1085489,111.3739426023366
1310818,569.9175311044708
1469088,587.8920996328875
1330889,952.6097231769818
1451006,184.93322840211732
1199888,136.96734742718112
1456099,260.2285984741923
1238994,1293.8772227768739
1233434,687.4799865773577
1418277,984.0741037733518
1437367,94.27824738536916
1266827,73.84445986896775
1059366,94.46797028891713
1005997,131.73063613513636
1072243,188.40562372752203
1487987,123.9134088552616
1179844,73.84445986896775
1478638,60.50140510508264
1126519,728.4566098625397
1097376,797.8983186506963
1322240,646.0979930206123
1353828,37.05231077430668
1095697,32.37936089480551
1195929,33.346345904896324
1075296,111.12301505627862
1126645,179.37534878276895
1387808,197.34181649423078
1299335,112.54495677784358
1190579,94.27824738536916
1238279,58.83306248683792
1281060,204.9485727884011
1255725,311.00044655408396
1086034,468.28789663325574
1222068,128.5174930420166
1445345,140.19956723023165
1346505,95.31701743699551
1321003,164.78803142581074
1484787,383.306046597072
1120747,197.0908889481728
1107889,45.165595088189264
1063781,89.30782633379857
1069635,75.6082897080218
1362909,387.6557107577639
1160528,326.49716454512424
1071583,684.9073516834752
1081273,179.12442123671096
1301120,502.245161974527
1252819,260.2285984741923
1450030,37.05231077430668
1357284,94.71889783497511
1046795,66.09187614376887
1135179,180.25557869370382
1292184,313.1748500801933
1236684,296.7366934554983
1312208,98.18999686242772
1221279,115.12054605747885
1215254,107.51718366420707
1160460,946.9573623149822
1433007,318.15479691360036
1473093,461.3233563984868
1136868,75.35736216196382
1353423,111.42423279021803
1231192,311.4340848322759
1025759,239.35856061749607
1331967,40.69818751817479
1152714,40.447259972116804
1347861,41.03437124950534
1434386,391.7176317893607
1496234,584.7416583664025
1192419,461.3233563984868
1489440,23.56308128170095
1432777,25.747795365433614
1444293,26.390575042998528
1238059,153.7462205273739
1037656,161.19198404589054
1225810,207.58274903479523
1181074,68.17182425823393
1137669,62.79216549173151
1020431,62.79216549173151
1423125,131.73063613513636
1297694,131.73063613513636
1276959,191.9221074329747
1374169,40.447259972116804
1202772,66.24205167700161
1036821,41.387652178147704
1249229,342.10059239347845
1468668,462.3933485712259
1080511,282.00457750580074
1453211,239.35856061749607
1216199,257.26180275518556
1298007,20.918566643974415
1286555,42.81796711080253
1405233,250.509338247975
1156240,269.73540607941516
1247979,265.37617318250983
1323764,153.7462205273739
1323389,164.78803142581074
1337295,193.31912139486292
1078113,319.8883803444692
1354222,405.006342921738
1005910,318.15479691360036
1204525,19.60898272233456
1136587,28.232661064152953
1183839,33.09541835883834
1097913,20.918566643974415
1289506,15.757943697173394
1467938,318.15479691360036
1102366,318.15479691360036
1104329,354.1851435696782
1253823,107.51718366420707
1335558,137.6208471715249
1309171,137.21827497323912
1299132,107.51718366420707
1476668,127.66844589393827
1018667,161.19198404589054
1030392,40.79892557125969
1200823,59.1847280859808
1369039,42.918705163887424
1086847,32.791712239713746
1109486,32.044746901157346
1325405,27.609025972479195
1331264,32.731026493948406
1427058,23.08276392166599
1336172,269.73540607941516
1255751,85.0964335352373
1320682,404.7533617956391
1141103,1309.7416974918403
1183358,1041.0164816929812
1384513,450.5736280496527
1143313,128.46280287243357
1253248,655.844186407494
1142409,762.2299604046132
1267250,1087.7247061794997
1479265,201.77833656980752
1203571,145.07060909614802
1478474,229.69115747355295
1028746,1295.9914553680217
1178203,611.0376843633196
1385350,1052.6773364685946
1074938,153.7462205273739
1267774,127.66844589393827
1022228,212.46227016911783
1211769,269.98633362547315
1119491,201.44014834326407
1033015,89.0568987877406
1029041,73.84445986896775
1146955,152.24261946299117
1299017,699.299938344033
1260005,582.9970136011373
1203568,462.1313904107206
1120980,49.68334349508331
1165612,51.52143546547314
1075641,127.91937343999619
1236863,212.71319771517582
1393900,192.1730349790327
1119480,158.04873692752642
1294669,136.96734742718112
1334537,98.18999686242772
1035256,188.40562372752203
1363056,319.8832332044032
1329993,462.3933485712259
1050349,144.34522649519914
1311264,154.59526767545233
1339810,132.5796832832148
1264183,244.22398533311585
1200866,429.3303902885769
1161315,389.8526349534351
1476020,197.34181649423078
1123496,138.21896677354533
1099298,616.6925281887299
1313206,568.1728863392055
1468053,350.4253587779501
1093227,1475.139282061525
1183936,881.3329780496023
1263387,642.7665788443229
1065834,45.165595088189264
1443402,137.21827497323912
1040533,135.66517753222874
1057544,728.4566098625397
1461408,822.4319181539063
1359630,1294.1281503229318
1057310,180.25557869370382
1227990,197.0908889481728
1453454,307.3765308043676
1348678,1301.0120166686675
1171835,805.5931536927383
1329067,1095.091992182968
1214967,110.44300572415969
1360876,111.77141557036829
1487084,179.12442123671096
1476159,282.00457750580074
1185623,138.94175982265241
1401622,71.10964374020064
1150515,81.24258821931583
1353711,870.4905644011565
1300105,870.4905644011565
1050801,728.4566098625397
1205716,27.609025972479195
1084245,23.56308128170095
1323798,26.390575042998528
1495866,478.4608610040736
1126990,699.7177774605515
1382069,603.9118101820272
1206071,90.2169898725787
1156187,65.99112413094363
1446803,58.83306248683792
1049695,197.0908889481728
1323061,239.96468016607508
1339909,462.1313904107206
1135487,154.59526767545233
1000100,158.89778407560485
1388671,124.76245600333998
1047271,252.1964550746102
1430895,429.3303902885769
1191523,295.7980600019056
1157697,82.27922512756274
1158465,93.21453857723674
1347027,646.0979930206123
1241427,318.1599440536664
1188841,728.1351956072407
1181575,782.4332595915108
1316314,818.6626645196303
1082441,250.1452410113728
1335660,37.05231077430668
1168297,107.76811121026505
1213229,98.4409244084857
1437313,260.2285984741923
1011793,528.7018123144654
1376105,405.011490061804
1056546,250.509338247975
1086686,260.2285984741923
1483804,197.0908889481728
1484346,1058.831913831299
1065215,404.7533617956391
1191886,508.72936588344595
1018412,62.039650096962404
1130199,71.10964374020064
1388783,59.645462668427236
1114069,98.18999686242772
1097480,311.00044655408396
1254831,294.3874564635465
1356261,49.68334349508331
1169758,45.165595088189264
1047398,62.48025450402028
1108942,429.3303902885769
1395990,655.844186407494
1447928,586.1974367927389
1162538,23.56308128170095
1298962,37.05231077430668
1451782,158.04873692752642
1258001,212.46227016911783
1301416,238.45630989146522
1160983,114.96583048494334
1103189,95.31701743699551
1432687,93.21453857723674
1454944,127.66844589393827
1251515,123.94830623540877
1407082,257.9945301393288
1375055,51.27050791941515
1140780,66.59346399248
1390190,59.1847280859808
1483577,568.1728863392055
1310234,450.5736280496527
1324612,398.630928735342
1318087,415.8536693994446
1173141,389.8526349534351
1269934,142.2945285593172
1442947,40.447259972116804
1233406,127.91937343999619
1490422,175.59710078120884
1228255,307.3765308043676
1324289,303.96681203158687
1044544,158.04873692752642
1415178,188.40562372752203
1083391,188.40562372752203
1390665,881.3329780496023
1343682,319.8832332044032
1420269,429.3355374286429
1067445,78.93806157928589
1331472,49.68334349508331
1174767,75.35736216196382
1066841,81.24258821931583
1196664,177.54302085472833
1470329,131.98156368119436
1257230,58.83306248683792
1395065,49.68334349508331
1013425,60.50140510508264
1494636,390.1460862534218
1085476,643.2933866854997
1326219,549.9441040001311
1363457,19.60898272233456
1003155,191.9221074329747
1104556,257.26180275518556
1379985,282.00457750580074
1342457,86.23092380589262
1008710,74.88109677721465
1418705,51.622173518558036
1333430,71.73088602528792
1186546,89.0568987877406
1239269,143.49617934712072
1388725,49.68334349508331
1462832,93.21453857723674
1072966,51.04807169958615
1197083,399.7874730227927
1107959,416.54902441028446
1481223,250.509338247975
1305518,2262.7770576048883
1091948,1987.216903199431
1423856,791.3627803821291
1135243,107.51718366420707
1175893,250.24110848621376
1180816,192.1730349790327
1256510,797.8983186506963
1306222,1087.4737786334417
1089615,2018.517631999592
1059966,139.35052008215322
1106408,153.7462205273739
1337824,303.7158844855289
1096372,2288.513822846175
1493967,1148.2065207147969
1464047,1885.4590252561065
1232736,295.7980600019056
1310626,311.00044655408396
1152557,145.29757198979337
1470108,334.14563246261207
1083732,423.01282440468475
1340571,303.7158844855289
1001888,161.19198404589054
1190892,139.35052008215322
1412578,188.40562372752203
1221774,1302.829563563026
1072628,1052.4264089225367
1418345,805.5931536927383
1163110,67.93571707225509
1482208,85.19428689764571
1126214,60.50140510508264
1140966,647.2471200328392
1124593,791.3627803821291
1326921,768.8011784574483
1199659,220.40962337106367
1115764,175.59710078120884
1338613,164.78803142581074
1262678,238.45630989146522
1135607,398.630928735342
1239466,728.4566098625397
1185120,294.6383840096045
1116326,298.4922714011116
1084274,260.4795260202503
1001605,603.9118101820272
1061234,738.9872266907895
1327015,603.9118101820272
1081244,123.40493872868458
1056311,189.25467087560045
1231953,139.79080697073084
1315567,870.7718441467118
1023338,591.2741245166496
1368801,643.2933866854997
1365321,903.2509594774976
1434395,740.2225336632139
1060668,289.79940575609317
1412851,33.09541835883834
1389584,94.71889783497511
1047653,67.6702364095228
1368824,391.7176317893607
1062138,415.8536693994446
1080771,761.9480599178264
1265021,187.83260286703043
1162076,180.25557869370382
1033851,269.73540607941516
1164529,773.0519738770612
1164851,404.7533617956391
1407686,606.2189474494918
1239126,92.17790166898983
1004611,160.17185853115015
1271171,107.76811121026505
1029230,59.645462668427236
1152216,62.48025450402028
1245895,49.68334349508331
1006231,586.1974367927389
1174973,468.28789663325574
1399815,423.01282440468475
1374612,23.81400882775894
1480121,193.5700489409209
1002209,404.7585089357051
1278108,415.8588165395106
1462180,32.37936089480551
1184629,28.232661064152953
1046603,164.78803142581074
1250767,245.3727875602082
1309641,318.15479691360036
1244370,165.63707857388917
1122567,154.59526767545233
1196992,105.08345069373118
1313003,158.04873692752642
1128343,207.58274903479523
1288977,135.41424998617074
1129132,62.79216549173151
1095953,59.99712826757012
1052493,301.93382499679456
1218935,250.06644564670663
1015407,384.783701678737
1431361,1672.1098211219273
1485965,984.0741037733518
1336922,791.3627803821291
1132112,75.35736216196382
1005220,186.36657833227412
1004022,192.1730349790327
1279884,740.2225336632139
1008750,870.7718441467118
1105224,1259.840892834923
1466321,164.78803142581074
1280185,164.78803142581074
1457965,265.12524563645184
1244417,1588.8594669928
1131919,821.0370965557263
1451317,1316.2885034616804
1104883,131.73063613513636
1175655,158.04873692752642
1189952,111.77141557036829
1000304,227.58845795873157
1461295,311.25137410014196
1120717,165.03895897186874
1493281,131.73063613513636
1170498,127.66844589393827
1383931,127.66844589393827
1327670,900.175566102047
1343332,903.2509594774976
1236270,614.3853909212653
1400678,45.165595088189264
1197290,37.05231077430668
1401748,44.34674176670764
1248165,468.28789663325574
1230061,738.4543986579448
1181642,684.9073516834752
1329876,98.18999686242772
1405583,114.11678333686496
1276334,85.0964335352373
1292794,238.45630989146522
1106071,326.49716454512424
1335860,516.1400817272013
1443203,165.63707857388917
1266589,176.44614792928726
1188906,158.89778407560485
1096891,389.8526349534351
1205809,478.4608610040736
1439307,334.19422889788916
1179169,98.18999686242772
1045963,154.59526767545233
1429094,138.21896677354533
1311865,687.4799865773577
1080373,551.1102848259328
1399350,613.4450048155272
1311554,456.6264052674344
1110818,306.3183687917708
1303018,138.94175982265241
1174742,37.05231077430668
1349833,97.2385738904124
1332264,71.36057128625862
1172547,188.40562372752203
1202092,314.38784196512813
1409437,269.73540607941516
1038905,197.13522892220846
1157152,193.31912139486292
1185911,197.13522892220846
1109479,710.6883177571254
1155822,307.3765308043676
1406614,405.011490061804
1286531,73.84445986896775
1027999,59.645462668427236
1193741,60.50140510508264
1241441,59.645462668427236
1315121,204.9485727884011
1497710,164.78803142581074
1349802,45.165595088189264
1333857,49.68334349508331
1365192,49.68334349508331
1284213,399.7874730227927
1172386,587.8920996328875
1268959,478.4608610040736
1314764,201.18922079720608
1076504,269.73540607941516
1180513,296.4857659094403
1441078,93.21453857723674
1309464,81.38074423329334
1176713,37.40397637344957
1375565,71.73088602528792
1304798,41.13672463208972
1215467,94.27824738536916
1180354,59.645462668427236
1411569,59.99712826757012
1173022,41.13510930259024
1067126,294.3874564635465
1284763,313.1748500801933
1467408,259.3640032840083
1010693,405.006342921738
1492072,318.15479691360036
1261641,127.66844589393827
1154519,26.139647496940537
1284522,85.44521444370369
1128146,59.89639021448522
1361785,107.51718366420707
1097103,250.1452410113728
1184517,207.58274903479523
1166644,127.66844589393827
1322713,123.40493872868458
1333349,153.9971480734319
1122674,584.7596266403834
1085876,177.54302085472833
1167618,290.05033330215116
1099209,26.139647496940537
1445899,131.73063613513636
1419759,104.2344035456528
1194935,44.09581422064965
1443388,37.05231077430668
1133418,282.00457750580074
1451491,405.006342921738
1391487,389.8526349534351
1346923,19.60898272233456
1091512,19.60898272233456
1236380,131.73063613513636
1365007,175.59710078120884
1234609,197.13522892220846
1255211,62.831920103163164
1196064,61.253920499851745
1049627,33.44708395798122
1171254,62.48025450402028
1440868,37.05231077430668
1158633,73.84445986896775
1432911,44.09581422064965
1359292,59.1847280859808
1420948,44.447479819792534
1444309,201.18922079720608
1205357,212.46227016911783
1313355,180.25557869370382
1452010,478.4608610040736
1299770,305.11912886295585
1255054,62.039650096962404
1229099,179.37534878276895
1176972,162.2680647201501
1328253,197.13522892220846
1312682,569.9175311044708
1328174,456.6264052674344
1227077,124.19923378146675
1437393,75.6082897080218
1471676,98.4409244084857
1036444,1309.7416974918403
1136324,605.661888172644
1036028,946.9573623149822
1086341,127.66844589393827
1013266,164.78803142581074
1452051,123.9134088552616
1102454,298.24134385505363
1328928,456.6264052674344
1363133,464.5777208381119
1238113,98.18999686242772
1244122,111.77141557036829
1302369,131.73063613513636
1141719,646.0979930206123
1418192,784.023208205906
1025362,516.1400817272013
1010063,60.50140510508264
1271876,50.69640610044327
1243764,45.165595088189264
1154773,153.7462205273739
1217617,229.69115747355295
1457179,260.2285984741923
1149983,112.62046271844667
1442399,111.29205287223807
1023820,105.08345069373118
1261421,245.3727875602082
1152408,229.69115747355295
1322672,342.10059239347845
1219542,142.2945285593172
1258790,201.44014834326407
1184081,165.63707857388917
1033033,655.844186407494
1009025,466.5413610886773
1187131,245.3727875602082
1490092,158.04873692752642
1044947,162.0171371740921
1401482,108.99429086918374
1401300,22.1780454486166
1040108,45.41652263424725
1072145,152.0648134656565
1167505,334.14563246261207
1432844,197.34181649423078
1360840,138.94175982265241
1281317,257.9945301393288
1394720,229.69115747355295
1123472,500.873876406609
1335875,220.62688752313338
1191021,179.37534878276895
1062946,59.645462668427236
1379038,26.139647496940537
1086068,158.04873692752642
1209675,450.5736280496527
1273528,389.8526349534351
1052283,15.808147755728694
1488713,164.78803142581074
1317965,166.94142008526637
1334338,175.59710078120884
1495749,43.83797848860841
1155113,50.03500909422619
1324217,33.44708395798122
1014713,37.05231077430668
1068923,33.44708395798122
1199511,33.44708395798122
1226738,313.1748500801933
1057805,342.10059239347845
1337331,423.01282440468475
1031825,296.4857659094403
1091303,245.3727875602082
1299647,75.35736216196382
1339600,30.333820423732597
1270524,94.52917493142714
1069032,45.41652263424725
1029112,158.04873692752642
1185619,301.93382499679456
1208062,192.7982268315772
1218491,128.46280287243357
1411585,131.73063613513636
1280994,96.98764634435442
1477029,421.7868621476975
1150426,183.11682976160276
1291788,257.51273030124355
1123687,81.24258821931583
1385315,60.50140510508264
1273428,27.609025972479195
1091779,145.07060909614802
1433165,227.58845795873157
1233695,15.757943697173394
1226109,16.008871243231383
1289617,89.0568987877406
1086173,107.51718366420707
1136649,98.18999686242772
1222683,40.79892557125969
1165390,43.83797848860841
1494991,33.14337783885662
1303527,32.791712239713746
1332894,58.83306248683792
1375519,37.05231077430668
1389119,37.40397637344957
1337508,40.79892557125969
1413955,175.59710078120884
1311154,204.9485727884011
1150198,197.13522892220846
1217709,984.0741037733518
1323085,642.7665788443229
1320784,421.7868621476975
1272917,94.71889783497511
1377468,98.4409244084857
1307337,423.01282440468475
1001035,569.9175311044708
1289384,899.7449045560779
1432923,238.45630989146522
1374160,204.9485727884011
1014486,294.3874564635465
1297521,1052.6773364685946
1150968,549.9441040001311
1105889,768.8551816771931
1374518,89.0568987877406
1372056,71.10964374020064
1115289,71.73088602528792
1218455,90.2169898725787
1428660,135.41424998617074
1111529,98.18999686242772
1080313,67.41930886346482
1045201,59.645462668427236
1125057,685.393566949292
1004679,583.0149818751182
1008058,500.873876406609
1402186,30.333820423732597
1159072,23.81400882775894
1158436,260.4795260202503
1335272,294.6383840096045
1069529,318.15479691360036
1123940,89.0568987877406
1216221,94.27824738536916
1261401,85.19428689764571
1075510,265.12524563645184
1312582,342.10059239347845
1325177,516.1400817272013
1190687,128.5174930420166
1041996,136.26329713424917
1494281,95.31701743699551
1396001,139.66590002155132
1233931,193.31912139486292
1209078,114.11678333686496
1433984,45.165595088189264
1307281,61.253920499851745
1411927,50.03500909422619
1092679,397.51199737445063
1024773,303.96681203158687
1098852,494.0577920710442
1141881,584.7596266403834
1209119,569.9175311044708
1240215,252.1964550746102
1426530,98.4409244084857
1095528,389.8526349534351
1320803,391.7176317893607
1352358,350.43050591801614
1151293,260.2285984741923
1184545,305.11912886295585
1334503,351.9849134854716
1115185,684.9073516834752
1285953,516.1400817272013
1149701,464.31377370548154
1393708,27.609025972479195
1383287,26.139647496940537
1360039,33.09541835883834
1006359,59.645462668427236
1403211,42.33287212336747
1031284,32.791712239713746
1119679,23.56308128170095
1284106,26.139647496940537
1034605,390.1197859130282
1181140,791.3627803821291
1395629,791.3627803821291
1379420,20.918566643974415
1251743,15.757943697173394
1288029,15.757943697173394
1473188,128.71373041849156
1367645,111.12301505627862
1413911,142.5454561053752
1159801,23.56308128170095
1210701,19.60898272233456
1119698,27.609025972479195
1332210,201.77833656980752
1411131,250.509338247975
1069729,342.10059239347845
1314022,74.88109677721465
1397183,79.97469848753279
1202918,61.253920499851745
1218200,60.50140510508264
1105075,65.99112413094363
1036017,37.05231077430668
1369119,37.05231077430668
1387667,40.79892557125969
1403654,32.731026493948406
1165494,587.8920996328875
1420906,405.006342921738
1420945,903.2509594774976
1231951,388.34793588643896
1452283,321.637589564569
1361853,114.11678333686496
1463031,30.333820423732597
1388951,107.76811121026505
1280859,135.41424998617074
1346717,257.26180275518556
1061824,220.59447621445366
1006298,98.4409244084857
1427842,71.10964374020064
1128401,80.34410732504644
1265739,947.339733278442
1494433,391.7176317893607
1321396,683.5189529526417
1122277,98.18999686242772
1152696,85.19428689764571
1340194,58.83306248683792
1357744,111.12301505627862
1300078,294.3874564635465
1421593,260.2285984741923
1016202,60.50140510508264
1113687,51.27050791941515
1073000,65.99112413094363
1194071,405.006342921738
1092325,567.9219587931476
1070305,468.28789663325574
1258363,26.139647496940537
1316698,32.791712239713746
1151283,28.232661064152953
1483303,111.77141557036829
1384836,166.94142008526637
1226194,197.0908889481728
1153428,95.12729453344754
1198100,86.1330704434842
1416107,86.1330704434842
1441608,142.2945285593172
1448657,104.2344035456528
1030152,187.83260286703043
1179248,65.99112413094363
1045075,95.31701743699551
1041492,76.39399907021073
1355682,404.7533617956391
1479870,397.51199737445063
1326830,158.04873692752642
1238168,738.9872266907895
1171800,728.4566098625397
1124674,334.19422889788916
1164972,37.05231077430668
1143333,107.76811121026505
1011658,68.18664461831307
1064374,250.1452410113728
1279043,461.3233563984868
1396311,450.5736280496527
1394547,197.13522892220846
1077761,289.79940575609317
1479383,297.0353323014201
1496500,1248.7165300489114
1281991,423.01282440468475
1297893,687.198086090571
1386801,142.2945285593172
1365952,131.73063613513636
1152086,110.27081495452957
1271829,305.11912886295585
1137861,294.6383840096045
1216539,59.645462668427236
1438909,45.165595088189264
1368104,59.645462668427236
1396732,569.9175311044708
1132676,726.8841773678105
1147729,762.2299604046132
1242371,23.56308128170095
1033446,27.609025972479195
1087011,250.06644564670663
1428580,229.69115747355295
1301833,388.34793588643896
1326094,186.36657833227412
1264988,137.81639457525955
1077154,142.2538560698871
1475592,191.9221074329747
1222986,162.0171371740921
1304997,214.67352562252546
1277631,58.83306248683792
1052107,86.1330704434842
1448417,59.1847280859808
1400085,472.8093684877515
1190020,540.1016827708858
1247231,478.4608610040736
1177870,257.26180275518556
1342526,239.96468016607508
1394193,75.35736216196382
1224126,66.24205167700161
1006444,108.99429086918374
1347953,245.3727875602082
1264026,212.46227016911783
1488317,145.07060909614802
1426059,137.3699196254669
1361559,127.66844589393827
1227980,462.1313904107206
1194921,164.78803142581074
1033540,207.83367658085322
1057352,27.609025972479195
1190878,40.447259972116804
1304436,110.27081495452957
1015274,89.0568987877406
1303079,32.791712239713746
1369451,23.56308128170095
1256367,28.232661064152953
1411939,187.83260286703043
1099178,289.79940575609317
1047440,244.22398533311585
1156344,20.05069109336787
1349813,22.1780454486166
1184487,131.73063613513636
1016228,164.78803142581074
1336471,188.40562372752203
1105467,59.99712826757012
1211232,50.03500909422619
1437773,32.731026493948406
1018666,26.139647496940537
1174577,32.791712239713746
1400533,32.37936089480551
1485489,28.584326663295837
1421265,28.584326663295837
1257824,297.6410950332689
1270197,227.58845795873157
1453725,127.66844589393827
1401705,1300.7610891226095
1266103,946.9573623149822
1197433,586.1974367927389
1301497,111.3739426023366
1116479,92.42882921504781
1445437,450.5736280496527
1272750,462.1313904107206
1239684,947.2082898610402
1472327,107.51718366420707
1237389,104.2344035456528
1414652,179.12442123671096
1482167,1284.8964433319359
1409591,646.0979930206123
1473384,903.5018870235556
1198902,127.66844589393827
1269940,111.12301505627862
1478820,260.2285984741923
1488358,313.1748500801933
1143995,201.77833656980752
1066832,98.18999686242772
1391032,73.84445986896775
1367690,107.51718366420707
1130577,687.4799865773577
1473197,702.4760339222911
1076706,586.1974367927389
1276290,40.783443703447354
1443284,30.584747969790588
1458481,212.71319771517582
1018827,296.4857659094403
1203063,269.98633362547315
1125357,80.65529949362455
1271798,71.73088602528792
1206576,49.68334349508331
1297029,131.73063613513636
1214610,186.11565078621612
1049598,404.7533617956391
1154039,189.25467087560045
1249298,132.5796832832148
1104104,142.2538560698871
1180088,257.26180275518556
1456519,450.8299488426566
1336457,342.10059239347845
1342696,89.0568987877406
1049974,93.21453857723674
1420298,68.97235398050199
1007605,516.1400817272013
1333331,398.630928735342
1174028,391.7176317893607
1396043,1154.5795736994444
1147970,822.4319181539063
1049835,552.854929591198
1287808,98.4409244084857
1458704,89.30782633379857
1058279,587.8920996328875
1445467,655.844186407494
1161731,1281.487727307128
1435821,303.7158844855289
1444705,295.0446176028904
1322369,383.306046597072
1482011,1154.8305012455023
1446692,677.2770357876691
1272693,805.3112532059515
1062944,60.50140510508264
1152740,111.12301505627862
1094183,98.18999686242772
1044940,65.99112413094363
1006018,49.68334349508331
1152665,49.68334349508331
1037684,45.165595088189264
1459823,740.2225336632139
1431673,710.6883177571254
1484069,587.8920996328875
1067964,23.56308128170095
1237099,25.97020070826938
1021695,131.98156368119436
1083295,60.75233265114063
1448564,71.10964374020064
1341586,65.99112413094363
1177231,67.41930886346482
1142162,40.783443703447354
1015148,288.45878500593597
1011186,311.4340848322759
1100074,405.006342921738
1298238,154.59526767545233
1252968,152.91386061373493
1295495,74.88109677721465
1341593,123.94830623540877
1417088,259.3640032840083
1244089,123.94830623540877
1209426,44.09581422064965
1178881,66.74363952571274
1256019,51.622173518558036
1367101,389.8526349534351
1294031,353.4641581741101
1393207,616.183528781841
1143583,773.3338743638479
1328240,770.9412155716116
1479916,426.51843919045194
1401938,44.09581422064965
1019082,112.02234311642627
1161031,79.18898912534387
1214070,220.40962337106367
1361416,390.1460862534218
1284323,450.5787751897187
1107001,193.31912139486292
1157690,179.12442123671096
1490685,238.45630989146522
1012910,1052.6773364685946
1197742,377.0439565154405
1320541,645.8160925338256
1336958,123.40493872868458
1350802,81.24258821931583
1453905,162.0171371740921
1158635,388.34793588643896
1439173,342.10059239347845
1124945,51.27050791941515
1181477,51.27050791941515
1328556,62.48025450402028
1100862,549.9441040001311
1182017,678.0505395576475
1428840,586.1974367927389
1024935,26.139647496940537
1415096,33.09541835883834
1421083,32.29567444721536
1303020,166.94142008526637
1359835,265.12524563645184
1149958,326.49716454512424
1199338,158.89778407560485
1412396,124.76245600333998
1298675,108.36623081228545
1101215,177.54302085472833
1336774,98.18999686242772
1470035,176.93428206842518
1131530,62.48025450402028
1161695,99.0390440105061
1000462,79.97469848753279
1295778,390.10668963487205
1343610,389.8526349534351
1454774,257.9945301393288
1278323,429.3303902885769
1042687,311.00044655408396
1137381,136.96734742718112
1067376,74.09538741502573
1482068,60.75233265114063
1317967,136.7697574463391
1204072,260.2285984741923
1235005,250.06644564670663
1286949,252.4473826206682
1133501,201.77833656980752
1278768,250.06644564670663
1480834,646.0979930206123
1426286,239.35856061749607
1094093,269.98633362547315
1396181,65.84094859771089
1223823,51.27050791941515
1492454,33.09541835883834
1201819,40.783443703447354
1181215,297.6410950332689
1032261,455.72699936568034
1301578,353.4641581741101
1157687,15.757943697173394
1093883,16.008871243231383
1079579,152.0648134656565
1004214,197.0908889481728
1197207,191.9221074329747
1135404,86.23092380589262
1363648,72.48340142005702
1289049,33.44708395798122
1358588,44.09581422064965
1025147,60.50140510508264
1143497,42.56703956474454
1196216,50.03500909422619
1141805,37.40397637344957
1028420,289.79940575609317
1008082,377.0439565154405
1203463,259.3640032840083
1392466,60.50140510508264
1177980,78.93806157928589
1129026,33.09541835883834
1420393,27.859953518537186
1286612,33.346345904896324
1012745,104.2344035456528
1316195,110.44300572415969
1336270,71.9818135713459
1173009,135.41424998617074
1000985,179.12442123671096
1358438,164.78803142581074
1098498,111.12301505627862
1139395,104.48533109171078
1428117,20.05069109336787
1208172,22.1780454486166
1192446,15.757943697173394
1325627,62.48025450402028
1005381,318.1599440536664
1349952,239.96468016607508
1430936,45.165595088189264
1225113,158.04873692752642
1423383,180.25557869370382
1034367,191.9221074329747
1437835,50.03500909422619
1219650,32.731026493948406
1003233,15.757943697173394
1001959,16.446961045091246
1203085,16.446961045091246
1318753,282.00457750580074
1349633,98.18999686242772
1093789,403.06418331916177
1268958,797.8983186506963
1397788,478.4608610040736
1324815,334.14563246261207
1043188,37.05231077430668
1110209,92.42882921504781
1285563,68.18664461831307
1405565,297.0353323014201
1437796,334.74626655365205
1455635,613.3448216307842
1072876,71.73088602528792
1281126,89.0568987877406
1107663,142.2945285593172
1027897,642.7665788443229
1043906,307.3765308043676
1237456,508.72936588344595
1434274,62.039650096962404
1190560,57.92757598027962
1103196,40.783443703447354
1189968,98.18999686242772
1171370,139.35052008215322
1464389,73.84445986896775
1226413,58.83306248683792
1119344,37.05231077430668
1462747,387.6557107577639
1409516,397.51199737445063
1088922,298.24134385505363
1094263,30.333820423732597
1395641,23.56308128170095
1413100,22.64467411980613
1232307,192.1730349790327
1204926,239.96468016607508
1366727,239.60948816355406
1295967,60.50140510508264
1131866,37.05231077430668
1186797,40.783443703447354
1110029,111.77141557036829
1253091,164.78803142581074
1153680,289.79940575609317
1494564,105.08345069373118
1278200,105.08345069373118
1083108,86.23092380589262
1233302,123.9134088552616
1022893,186.11565078621612
1228678,141.40480892180867
1329123,45.165595088189264
1199250,51.622173518558036
1357046,50.03500909422619
1310599,265.12524563645184
1474016,188.40562372752203
1247520,265.12524563645184
1380718,607.2832400963322
1395108,404.7533617956391
1024103,227.58845795873157
1383628,32.37936089480551
1142228,51.52143546547314
1471495,45.41652263424725
1076185,111.77141557036829
1290532,250.06644564670663
1438685,259.61493083006627
1142560,58.17850352633761
1391099,62.039650096962404
1310622,111.42423279021803
1358268,769.1370821639798
1366545,326.49716454512424
1355267,471.2783139402505
1269910,127.66844589393827
1150323,135.41424998617074
1474262,108.99429086918374
1107925,104.2344035456528
1091430,260.2285984741923
1337831,229.69115747355295
1414860,45.165595088189264
1325912,43.48631288946552
1424822,51.27050791941515
1333190,468.28789663325574
1030998,432.2685389934005
1146677,389.8526349534351
1143816,20.918566643974415
1057905,30.856417305070458
1041924,152.24261946299117
1018699,186.11565078621612
1004607,269.73540607941516
1314329,111.972062204357
1229282,68.97235398050199
1070986,95.12729453344754
1047318,153.7462205273739
1292906,153.7462205273739
1185079,326.49716454512424
1214209,49.68334349508331
1021670,59.99712826757012
1014345,33.44708395798122
1488800,353.4641581741101
1497477,303.0616945182964
1349597,141.40480892180867
1089294,1852.347590955707
1125205,1599.0640337753812
1340873,946.9573623149822
1407369,188.65655127358002
1226418,165.03895897186874
1319050,616.183528781841
1199115,784.023208205906
1027254,1087.7247061794997
1232746,152.0648134656565
1351003,153.7462205273739
1117290,314.38784196512813
1237585,1641.5944114709484
1477386,873.198060491948
1301386,1301.0120166686675
1391914,123.9134088552616
1155514,107.51718366420707
1040382,73.84445986896775
1219612,197.13522892220846
1030360,429.3303902885769
1354327,201.18922079720608
1298517,94.27824738536916
1239910,141.40480892180867
1171598,111.12301505627862
1391417,818.6626645196303
1046430,984.0741037733518
1217757,873.198060491948
1203469,37.05231077430668
1357556,37.05231077430668
1461455,37.30323832036467
1184561,450.5736280496527
1209472,647.2471200328392
1192580,500.873876406609
1474084,90.2169898725787
1487287,111.12301505627862
1164193,51.27050791941515
1109602,139.35052008215322
1443392,227.58845795873157
1320629,464.5777208381119
1342379,140.51494716962975
1498006,153.0916666110696
1347818,124.76245600333998
1305267,298.24134385505363
1087166,606.9899741817018
1076853,318.15479691360036
1305385,73.84445986896775
1079826,111.972062204357
1104176,114.96583048494334
1175267,523.9682541816373
1378907,462.3984957112919
1012151,677.7686390708608
1270474,123.40493872868458
1131994,136.96734742718112
1450872,107.51718366420707
1471133,23.56308128170095
1165658,110.52174250058755
1217814,92.42882921504781
1443855,128.46280287243357
1407586,297.0353323014201
1088239,131.73063613513636
1387039,153.7462205273739
1067822,137.3699196254669
1471014,710.6883177571254
1242372,265.12524563645184
1363784,227.9176797065389
1179493,15.557220209670701
1462332,15.757943697173394
1028630,32.791712239713746
1384173,37.38153252211401
1010409,45.165595088189264
1240628,177.54302085472833
1418851,822.4319181539063
1359951,603.9118101820272
1411078,136.96734742718112
1287056,143.49617934712072
1440725,145.07060909614802
1056033,33.14337783885662
1396116,25.747795365433614
1425734,23.56308128170095
1090818,58.83306248683792
1191333,74.88109677721465
1414435,71.66717296498054
1146344,429.3303902885769
1460264,461.3233563984868
1266765,342.10059239347845
1082803,870.4905644011565
1431972,762.2299604046132
1230002,584.7416583664025
1402798,71.16558511626941
1356258,62.73118205007827
1212698,516.1400817272013
1486372,464.5777208381119
1443293,805.3112532059515
1324089,123.40493872868458
1171163,135.41424998617074
1056982,260.2285984741923
1279701,805.8450584860606
1397626,456.6264052674344
1326661,607.9690254401086
1246808,65.99112413094363
1006570,49.68334349508331
1427424,85.0964335352373
1393546,160.17185853115015
1058293,111.67516033627601
1001180,40.447259972116804
1407561,49.68334349508331
1344056,494.0577920710442
1198898,728.4566098625397
1114889,614.3853909212653
1318169,15.757943697173394
1220031,405.006342921738
1162048,526.9571675492002
1178436,450.5787751897187
1313079,40.783443703447354
1265812,32.791712239713746
1039592,164.78803142581074
1218630,188.40562372752203
1079575,383.306046597072
1000586,138.21896677354533
1429686,124.79735338348715
1230004,95.31701743699551
1452748,162.0171371740921
1078476,123.9134088552616
1234810,123.9134088552616
1333045,40.783443703447354
1234968,61.253920499851745
1219673,40.79892557125969
1352579,353.4641581741101
1185243,260.4795260202503
1100649,618.4906660493056
1139012,1072.4239313261794
1487534,873.198060491948
1040523,516.1400817272013
1138941,37.05231077430668
1329060,71.9818135713459
1364719,342.10059239347845
1336659,426.51843919045194
1117505,805.5631579992738
1350098,107.51718366420707
1392380,98.18999686242772
1420772,179.12442123671096
1182139,946.9573623149822
1412054,466.5413610886773
1489178,761.9480599178264
1294662,139.35052008215322
1259517,158.04873692752642
1422858,259.2170326795121
1148515,311.25137410014196
1465748,193.5700489409209
1441382,71.10964374020064
1383402,49.68334349508331
1125018,62.039650096962404
1245505,710.6883177571254
1009320,613.4450048155272
1232901,528.7018123144654
1356004,40.447259972116804
1302236,21.169494190032406
1278894,238.70723743752322
1052757,282.25550505185873
1322060,296.7366934554983
1373882,89.0568987877406
1123593,89.30782633379857
1366427,43.48631288946552
1365294,136.96734742718112
1464131,197.0908889481728
1198611,404.7533617956391
1339347,139.79080697073084
1142883,111.972062204357
1109675,114.96583048494334
1162252,257.9945301393288
1420537,401.52632182794764
1271253,260.2285984741923
1477134,43.48631288946552
1098625,66.74363952571274
1086137,61.253920499851745
1499690,463.40606868843656
1333035,307.3765308043676
1484962,353.4641581741101
1061620,114.11678333686496
1305904,114.11678333686496
1365197,73.84445986896775
1178853,62.039650096962404
1165037,153.7462205273739
1367023,71.9818135713459
1137267,111.12301505627862
1161659,153.7462205273739
1092440,127.66844589393827
1093380,404.7533617956391
1425176,191.9221074329747
1119688,98.4409244084857
1471786,40.447259972116804
1266863,59.645462668427236
1122156,23.56308128170095
1291641,32.791712239713746
1453686,28.232661064152953
1351721,104.2344035456528
1048131,614.3853909212653
1378323,510.47401064871127
1237518,160.17185853115015
1370913,164.78803142581074
1497225,179.12442123671096
1134227,33.44708395798122
1243770,33.14337783885662
1011398,24.2520986296188
1362374,27.609025972479195
1370332,67.92089671217595
1369916,45.51726068733215
1368442,401.52632182794764
1401772,389.8526349534351
1164969,334.14563246261207
1376822,492.1257035426043
1192752,461.5546411231465
1122553,305.11912886295585
1084167,71.73088602528792
1435856,180.50650623976182
1416232,259.3640032840083
1356384,677.2770357876691
1145535,387.6557107577639
1103003,177.54302085472833
1390893,145.07060909614802
1163752,127.66844589393827
1284180,1316.0375759156225
1044711,500.873876406609
1101385,773.6385750817078
1310135,164.78803142581074
1107165,131.73063613513636
1044935,136.96734742718112
1358058,468.28789663325574
1270763,342.10059239347845
1141498,94.46797028891713
1099098,85.19428689764571
1368689,123.94830623540877
1225441,461.3233563984868
1411973,510.47401064871127
1305327,390.10154249480604
1326015,40.447259972116804
1474663,37.05231077430668
1461176,40.783443703447354
1367817,158.04873692752642
1328212,307.3765308043676
1251250,311.00044655408396
1175249,128.5174930420166
1067334,109.84333801726213
1343496,105.08345069373118
1198628,187.83260286703043
1425780,201.18922079720608
1255897,305.11912886295585
1238740,111.12301505627862
1442104,109.84333801726213
1200505,112.62046271844667
1096571,646.0979930206123
1453406,456.6264052674344
1498862,265.12524563645184
1109460,334.14563246261207
1095250,404.7533617956391
1009945,127.66844589393827
1062744,26.139647496940537
1104740,60.75233265114063
1146902,50.94733364650126
1109325,188.40562372752203
1426497,456.6264052674344
1277432,334.1507796026781
1464202,265.12524563645184
1123580,298.24134385505363
1123130,282.00457750580074
1438654,581.1345643603444
1378051,311.00044655408396
1283089,303.96681203158687
1214375,45.165595088189264
1223519,114.11678333686496
1492295,109.24521841524172
1315808,33.09541835883834
1245081,32.37936089480551
1179359,40.447259972116804
1069506,294.3874564635465
1084567,399.7874730227927
1371893,321.637589564569
1279696,127.66844589393827
1381048,193.31912139486292
1294243,153.7462205273739
1255299,59.99712826757012
1454713,59.1847280859808
1132414,37.40397637344957
1168582,51.27050791941515
1211490,59.645462668427236
1396054,71.73088602528792
1075151,32.37936089480551
1129512,33.44708395798122
1349156,28.584326663295837
1283403,313.1748500801933
1442597,456.6264052674344
1372560,288.45878500593597
1444543,1852.347590955707
1317829,1259.589965288865
1129603,318.15479691360036
1302905,49.68334349508331
1478833,107.76811121026505
1037634,90.46791741863667
1133327,569.9175311044708
1145867,652.5231949582105
1132416,1143.0866667055848
1061066,207.58274903479523
1237095,153.7462205273739
1292548,260.2285984741923
1004539,1154.8305012455023
1109532,591.2741245166496
1464786,984.3250313194097
1454798,107.51718366420707
1258488,85.19428689764571
1009681,135.41424998617074
1207682,179.37534878276895
1272815,111.12301505627862
1053250,57.92757598027962
1117835,60.50140510508264
1142259,60.50140510508264
1256087,684.9073516834752
1226927,684.707431899225
1197065,492.1257035426043
1021476,27.609025972479195
1128443,27.609025972479195
1063994,114.11678333686496
1272093,141.40480892180867
1184858,153.9971480734319
1130424,207.58274903479523
1253795,294.3874564635465
1007961,141.40480892180867
1090108,183.11682976160276
1088502,354.1851435696782
1125260,390.1460862534218
1093130,143.14357570739563
1389806,129.311850020512
1260387,90.0935356959875
1257181,136.7697574463391
1312562,282.00457750580074
1099461,161.19198404589054
1227103,59.645462668427236
1371677,71.66717296498054
1040519,74.88109677721465
1419824,399.7874730227927
1039816,334.1507796026781
1180066,423.01797154475076
1093777,2016.285113494026
1015607,405.006342921738
1385551,110.27081495452957
1343850,90.46791741863667
1302699,131.73063613513636
1470456,423.01282440468475
1033891,220.40962337106367
1317953,187.83260286703043
1240240,197.13522892220846
1138618,197.38615646826645
1251353,762.2299604046132
1169520,325.64117507705777
1222203,423.01797154475076
1330506,98.18999686242772
1095747,70.91465757021143
1146800,67.41930886346482
1340138,139.35052008215322
1060804,139.35052008215322
1034507,60.50140510508264
1285430,59.645462668427236
1418621,43.48631288946552
1389242,326.49716454512424
1205005,614.3853909212653
1458426,552.854929591198
1145845,22.1780454486166
1020336,193.31912139486292
1390749,212.46227016911783
1458502,260.2285984741923
1268836,90.0935356959875
1000380,74.88109677721465
1316849,44.447479819792534
1260616,75.35736216196382
1490597,44.09581422064965
1365659,59.645462668427236
1177200,44.09581422064965
1324304,59.1847280859808
1423013,37.40397637344957
1340752,252.1964550746102
1330625,250.509338247975
1165067,252.71739626185848
1485963,684.707431899225
1107378,643.2933866854997
1475322,220.40962337106367
1423096,34.60728634400457
1421652,62.29057764302039
1164085,188.40562372752203
1397932,298.24134385505363
1079065,313.1748500801933
1234680,398.630928735342
1172167,383.311193737138
1312426,450.5736280496527
1492844,797.6164181639095
1143346,289.79940575609317
1396501,390.1460862534218
1213006,73.84445986896775
1451834,44.09581422064965
1235794,65.84094859771089
1475191,179.12442123671096
1498268,158.04873692752642
1373847,43.48631288946552
1429177,33.09541835883834
1448932,494.0577920710442
1301394,552.854929591198
1279507,492.1257035426043
1025507,26.139647496940537
1183926,22.42897299467459
1364798,176.93428206842518
1452295,212.46227016911783
1260568,265.12524563645184
1487099,124.79735338348715
1147881,76.39399907021073
1058707,74.88109677721465
1423621,131.73063613513636
1207940,73.84445986896775
1350667,127.66844589393827
1248758,42.56703956474454
1218300,51.622173518558036
1059605,37.40397637344957
1122083,390.10154249480604
1248754,305.37005640901384
1497978,260.2285984741923
1193020,390.1460862534218
1322847,404.7533617956391
1374913,197.13522892220846
1178707,40.447259972116804
1489039,62.29057764302039
1058034,44.34674176670764
1256130,201.44014834326407
1040412,552.854929591198
1251525,282.00457750580074
1302552,176.93428206842518
1000405,158.04873692752642
1272624,127.66844589393827
1418951,728.174709375753
1083553,252.1964550746102
1379614,405.011490061804
1204248,176.93428206842518
1313512,128.46280287243357
1250654,33.09541835883834
1497104,40.783443703447354
1421623,40.447259972116804
1207686,229.69115747355295
1464581,318.15479691360036
1022560,260.2285984741923
1037597,27.609025972479195
1168775,16.008871243231383
1429336,98.18999686242772
1173733,136.96734742718112
1384661,104.2344035456528
1174164,68.97235398050199
1130340,59.1847280859808
1413242,104.2344035456528
1002128,80.65529949362455
1245306,153.7462205273739
1056566,43.48631288946552
1252353,59.1847280859808
1321307,33.14337783885662
1004124,311.00044655408396
1327188,334.74626655365205
1083831,192.7982268315772
1430974,687.4780410475747
1204607,587.8920996328875
1375533,250.1452410113728
1110541,59.89639021448522
1308693,180.25557869370382
1339671,313.1748500801933
1146493,303.0616945182964
1446291,114.11678333686496
1473600,123.9134088552616
1106524,111.12301505627862
1041891,699.299938344033
1246866,297.6410950332689
1063833,403.0693304592278
1010170,67.41930886346482
1061389,50.69640610044327
1391427,58.83306248683792
1124635,60.50140510508264
1163908,183.11682976160276
1480946,176.93428206842518
1317106,40.447259972116804
1289609,325.64117507705777
1130721,423.01282440468475
1085675,415.8536693994446
1456089,26.139647496940537
1487852,32.37936089480551
1194326,23.81400882775894
1250822,111.77141557036829
1393237,131.73063613513636
1079005,176.93428206842518
1114401,81.38074423329334
1285141,72.48340142005702
1272957,66.59346399248
1215779,111.77141557036829
1074009,92.17790166898983
1167678,153.7462205273739
1028514,59.1847280859808
1309758,37.40397637344957
1280261,265.37617318250983
1236341,250.509338247975
1193107,250.06644564670663
1231421,642.7665788443229
1327609,465.6113383269906
1233349,318.15479691360036
1462748,32.37936089480551
1269584,79.18898912534387
1014996,74.09538741502573
1443779,269.73540607941516
1430695,296.4857659094403
1075490,558.4691713681995
1465455,197.0908889481728
1484197,186.11565078621612
1121116,269.73540607941516
1329859,523.9682541816373
1305683,311.4340848322759
1276788,404.7585089357051
1243216,33.09541835883834
1468809,78.93806157928589
1073152,32.791712239713746
1306776,32.791712239713746
1375783,383.306046597072
1136080,350.4253587779501
1015385,326.50231168519025
1066076,22.1780454486166
1289065,197.42011069598013
1049699,294.3874564635465
1273859,32.791712239713746
1250917,23.56308128170095
1134217,33.09541835883834
1128791,111.12301505627862
1076426,197.13522892220846
1240821,260.2285984741923
1162484,95.31701743699551
1287294,99.0390440105061
1285677,66.59346399248
1102290,70.91465757021143
1215930,104.2344035456528
1457277,49.68334349508331
1237362,30.856417305070458
1243074,44.447479819792534
1161777,33.44708395798122
1450893,214.92445316858345
1235684,175.59710078120884
1166579,389.8526349534351
1275946,614.3853909212653
1226462,405.006342921738
1189141,314.38784196512813
1001431,59.083990032895905
1344123,58.17850352633761
1264101,258.9661051334541
1085278,391.7176317893607
1466159,522.2236094163721
1043464,128.46280287243357
1492522,123.9134088552616
1106674,180.25557869370382
1079406,468.28789663325574
1483182,342.10059239347845
1099585,490.38105877733915
1305943,62.48025450402028
1202448,65.99112413094363
1262049,152.24261946299117
1108913,94.27824738536916
1019053,49.68334349508331
1031572,33.09541835883834
1031727,391.7176317893607
1351498,307.3765308043676
1489607,314.38784196512813
1248197,23.56308128170095
1268765,21.169494190032406
1170120,188.65655127358002
1371644,240.21560771213308
1441584,258.2454576853868
1221116,32.37936089480551
1011312,26.139647496940537
1289928,107.51718366420707
1240530,139.35052008215322
1467823,259.3640032840083
1167321,105.08345069373118
1326759,105.08345069373118
1106911,95.31701743699551
1127586,162.0171371740921
1117230,161.19198404589054
1408980,110.27081495452957
1466637,32.791712239713746
1032676,45.51726068733215
1085342,59.1847280859808
1100472,297.0353323014201
1212272,197.34181649423078
1487542,252.1964550746102
1180280,683.8008534394285
1072664,461.3233563984868
1387433,303.7158844855289
1233924,37.05231077430668
1131911,107.76811121026505
1261584,81.49351576537381
1479677,298.24134385505363
1105905,405.006342921738
1267000,582.9970136011373
1249099,112.54495677784358
1460320,123.94830623540877
1074993,960.6291090683656
1145990,464.5777208381119
1049132,677.7686390708608
1063015,85.19428689764571
1070294,81.24258821931583
1114529,104.48533109171078
1370194,153.7462205273739
1270326,111.42423279021803
1087211,45.165595088189264
1371275,58.83306248683792
1473338,398.630928735342
1230945,784.023208205906
1200793,516.1400817272013
1054892,25.747795365433614
1262561,23.81400882775894
1007490,153.7462205273739
1308751,212.71319771517582
1073589,205.1995003344591
1305397,51.27050791941515
1274216,45.165595088189264
1296322,33.09541835883834
1496799,111.12301505627862
1390124,158.04873692752642
1246387,227.58845795873157
1087532,66.74363952571274
1038990,99.0390440105061
1002997,61.253920499851745
1441462,107.51718366420707
1212479,197.0908889481728
1336379,143.49617934712072
1231107,73.84445986896775
1025208,86.1330704434842
1040724,61.253920499851745
1315060,397.51199737445063
1450801,311.4340848322759
1042128,455.72699936568034
1297462,197.0908889481728
1067689,289.79940575609317
1480247,62.48025450402028
1111610,22.39374657374814
1115458,45.41652263424725
1083245,127.66844589393827
1316588,245.3727875602082
1422402,143.49617934712072
1103872,111.12301505627862
1252476,137.3699196254669
1241492,135.66517753222874
1279465,450.5736280496527
1346600,207.58274903479523
1045529,161.52120579369787
1247475,34.60728634400457
1033602,34.60728634400457
1169805,164.78803142581074
1370143,516.1400817272013
1296432,404.7533617956391
1230218,111.77141557036829
1006102,131.73063613513636
1365140,153.7462205273739
1358351,37.40397637344957
1484593,30.856417305070458
1311634,40.79892557125969
1165626,33.14337783885662
1018556,404.7533617956391
1388114,478.4608610040736
1220103,342.10059239347845
1155339,462.3933485712259
1008164,388.34793588643896
1061591,139.35052008215322
1403371,22.1780454486166
1430621,43.73724043552351
1146539,33.346345904896324
1134494,94.46797028891713
1280679,127.66844589393827
1413584,145.07060909614802
1250015,49.68334349508331
1174617,45.165595088189264
1172903,71.73088602528792
1338433,569.9175311044708
1439329,238.45630989146522
1453924,353.4693053141761
1230360,67.41930886346482
1474539,43.48631288946552
1385434,94.46797028891713
1420768,207.58274903479523
1242843,175.59710078120884
1491297,40.447259972116804
1029994,34.60728634400457
1195450,313.1748500801933
1106133,326.49716454512424
1343078,260.2285984741923
1106605,19.60898272233456
1021972,75.35736216196382
1054087,107.51718366420707
1000916,153.7462205273739
1366353,79.97469848753279
1498867,62.831920103163164
1446240,131.73063613513636
1493905,111.12301505627862
1192604,158.04873692752642
1157900,50.03500909422619
1060922,37.40397637344957
1401083,197.13522892220846
1063131,127.66844589393827
1291236,111.65760982073394
1339975,432.2685389934005
1325692,455.72699936568034
1379965,298.24134385505363
1445518,37.05231077430668
1272125,112.02234311642627
1173218,60.75233265114063
1462601,179.12442123671096
1430034,294.3874564635465
1132325,296.4857659094403
1124041,158.04873692752642
1028358,158.04873692752642
1401741,197.0908889481728
1341530,784.023208205906
1193266,294.3874564635465
1407952,398.63607587540804
1392239,51.27050791941515
1310990,49.68334349508331
1406214,62.039650096962404
1110969,128.46280287243357
1440940,104.2344035456528
1028809,45.165595088189264
1104430,49.68334349508331
1149766,58.83306248683792
1161152,334.74626655365205
1291371,516.1400817272013
1469310,423.01282440468475
1359583,27.609025972479195
1247499,26.139647496940537
1313529,123.40493872868458
1098128,192.7982268315772
1465531,227.58845795873157
1353011,71.66717296498054
1073089,79.97469848753279
1295773,59.99712826757012
1158717,94.46797028891713
1035147,98.18999686242772
1342863,158.04873692752642
1269768,59.645462668427236
1112092,79.97469848753279
1121263,61.253920499851745
1220068,294.3874564635465
1189831,313.1748500801933
1107821,289.79940575609317
1290617,282.00457750580074
1125510,334.14563246261207
1268748,107.51718366420707
1235898,25.71927316221139
1103804,85.44521444370369
1020219,51.52143546547314
1207242,184.93322840211732
1491093,388.34793588643896
1024663,227.58845795873157
1002342,180.25557869370382
1098095,260.2285984741923
1233877,238.81836432014148
1191246,647.2471200328392
1345716,250.06644564670663
1379599,297.8920225793269
1254624,51.27050791941515
1323555,60.50140510508264
1301996,37.05231077430668
1327864,40.783443703447354
1317099,176.93428206842518
1062675,455.72699936568034
1167392,377.0439565154405
1224019,15.757943697173394
1162956,16.008871243231383
1393617,127.24431800615683
1410139,145.07060909614802
1161585,123.40493872868458
1228744,42.43361017645237
1486498,45.51726068733215
1237006,37.40397637344957
1368477,49.68334349508331
1268989,27.609025972479195
1331468,42.56703956474454
1193998,40.79892557125969
1212172,33.44708395798122
1020427,289.79940575609317
1464987,342.10059239347845
1397410,390.10154249480604
1305831,398.630928735342
1478418,313.1748500801933
1461833,152.24261946299117
1240501,90.46791741863667
1306099,66.09187614376887
1073500,110.27081495452957
1127933,265.12524563645184
1467236,162.2680647201501
1117229,136.96734742718112
1472745,123.94830623540877
1198136,164.78803142581074
1237283,805.8450584860606
1167140,239.35856061749607
1408325,353.4693053141761
1032374,15.557220209670701
1294006,15.557220209670701
1007549,65.84094859771089
1391878,164.78803142581074
1178675,123.94830623540877
1093994,45.165595088189264
1100173,40.447259972116804
1035285,58.83306248683792
1209006,250.06644564670663
1246267,607.2832400963322
1415208,584.7416583664025
1421985,22.39374657374814
1356088,22.1780454486166
1215618,175.59710078120884
1474247,220.40962337106367
1495102,220.40962337106367
1277463,79.97469848753279
1075062,74.88109677721465
1408601,98.18999686242772
1191405,78.93806157928589
1064291,114.11678333686496
1207427,67.41930886346482
1346348,99.0390440105061
1006361,68.17182425823393
1178992,325.64117507705777
1022032,429.3303902885769
1356978,245.3727875602082
1339194,762.2299604046132
1140639,738.9872266907895
1358305,245.3727875602082
1497364,40.447259972116804
1079291,94.52917493142714
1032155,79.18898912534387
1332928,191.9221074329747
1016607,303.7158844855289
1018139,391.7176317893607
1498588,135.66517753222874
1447715,164.78803142581074
1064474,193.31912139486292
1497299,773.6385750817078
1028758,388.34793588643896
1232226,457.9909737863931
1295932,80.65529949362455
1242979,62.039650096962404
1131973,166.94142008526637
1264900,350.4253587779501
1372544,269.73540607941516
1069977,45.165595088189264
1051497,51.27050791941515
1439868,49.68334349508331
1071157,405.006342921738
1229991,405.006342921738
1045423,462.1313904107206
1424192,40.783443703447354
1162793,111.12301505627862
1378401,127.66844589393827
1236537,220.40962337106367
1279865,112.27327993829641
1438196,108.36623081228545
1128118,105.08345069373118
1084912,204.9485727884011
1257133,197.0908889481728
1326260,390.1460862534218
1342245,40.783443703447354
1382993,59.1847280859808
1023106,40.79892557125969
1422156,462.04979928476877
1378172,318.15479691360036
1428499,250.06644564670663
1361549,1300.7610891226095
1447369,1149.9618275012292
1499731,541.846327536151
1477208,40.783443703447354
1224012,142.5454561053752
1476979,124.16433640131957
1388306,614.3853909212653
1320899,684.9073516834752
1182492,1087.7247061794997
1070528,229.69115747355295
1378815,214.67352562252546
1133192,350.4253587779501
1358297,1087.4737786334417
1168617,762.2299604046132
1198452,822.1500176671195
1054815,89.0568987877406
1429989,65.99112413094363
1452920,71.10964374020064
1364546,162.2680647201501
1047450,111.42423279021803
1495323,59.645462668427236
1059102,58.83306248683792
1199788,70.91465757021143
1379979,728.4566098625397
1223618,820.7551960689395
1016936,773.3338743638479
1144801,22.1780454486166
1075666,476.71621623880844
1423546,457.9909737863931
1335791,455.72699936568034
1449596,45.165595088189264
1223170,50.69640610044327
1047470,42.56703956474454
1335462,197.0908889481728
1077952,250.06644564670663
1246739,390.1460862534218
1314848,146.1466191378718
1274066,142.2538560698871
1017736,105.08345069373118
1331336,138.94175982265241
1069717,220.62688752313338
1427960,158.04873692752642
1285901,49.68334349508331
1183120,66.74363952571274
1035322,59.99712826757012
1412987,528.7018123144654
1465065,252.1964550746102
1209109,738.9872266907895
1138520,510.47401064871127
1425904,462.3933485712259
1050233,153.7462205273739
1438123,23.56308128170095
1306697,60.75233265114063
1466488,62.29057764302039
1061294,152.0648134656565
1165400,298.24134385505363
1270455,265.37617318250983
1173994,71.16558511626941
1234906,107.51718366420707
1217608,94.27824738536916
1399546,643.011486198713
1425432,260.2285984741923
1375742,390.1512333934878
1386971,60.50140510508264
1313903,73.84445986896775
1468046,59.645462668427236
1143434,137.0206849923971
1458467,311.00044655408396
1315614,289.79940575609317
1060379,45.165595088189264
1242551,37.05231077430668
1095364,37.05231077430668
1355864,326.49716454512424
1433846,313.1748500801933
1490375,305.11912886295585
1128032,22.39374657374814
1274803,33.09541835883834
1141401,104.2344035456528
1036619,110.27081495452957
1182033,175.59710078120884
1394734,86.1330704434842
1266882,59.1847280859808
1350266,74.88109677721465
1032110,164.78803142581074
1346305,107.51718366420707
1352022,152.24261946299117
1444572,40.783443703447354
1337198,59.99712826757012
1232183,50.03500909422619
1193500,297.2862598474781
1332522,204.9485727884011
1181307,175.59710078120884
1318970,265.12524563645184
1230110,244.22398533311585
1282678,136.96734742718112
1454906,37.05231077430668
1087230,142.5454561053752
1245072,112.02234311642627
1333259,289.79940575609317
1246760,552.854929591198
1144722,296.0489875479636
1228809,164.78803142581074
1177855,191.9221074329747
1459200,229.69115747355295
1419376,1026.255125904989
1473748,390.1197859130282
1315244,390.10668963487205
1117852,22.1780454486166
1378735,71.73088602528792
1123101,51.27050791941515
1216042,49.68334349508331
1363824,49.68334349508331
1109184,229.69115747355295
1453938,1094.84106463691
1415863,784.023208205906
1410274,15.757943697173394
1287636,220.62688752313338
1132630,204.9485727884011
1406271,244.22398533311585
1090704,37.40397637344957
1122982,59.1847280859808
1349996,42.918705163887424
1131800,32.791712239713746
1385171,23.56308128170095
1359439,62.039650096962404
1306678,99.0390440105061
1114122,61.253920499851745
1192330,405.006342921738
1080130,516.1400817272013
1210263,699.7177774605515
1324577,531.5223363082393
1171672,581.2125988722455
1083317,305.11912886295585
1230585,44.09581422064965
1000085,107.76811121026505
1425828,80.90622703968253
1396429,254.6981049735426
1269710,494.0577920710442
1050978,468.28789663325574
1435716,311.00044655408396
1042953,342.10059239347845
1189914,313.1748500801933
1092362,818.6626645196303
1096295,415.8536693994446
1300682,499.12923164134384
1288816,62.039650096962404
1128198,191.9221074329747
1346627,183.11682976160276
1088156,62.48025450402028
1478834,42.56703956474454
1331594,60.50140510508264
1217675,390.1460862534218
1112700,468.28789663325574
1277335,462.1313904107206
1080700,25.747795365433614
1137982,22.1780454486166
1028104,25.747795365433614
1140032,191.9221074329747
1241891,303.7158844855289
1014522,250.1452410113728
1469891,114.96583048494334
1331921,112.62046271844667
1259451,95.31701743699551
1139069,115.12054605747885
1074410,152.0648134656565
1452537,220.40962337106367
1197171,45.165595088189264
1120175,58.680091375048725
1221083,43.83797848860841
1419813,405.006342921738
1062617,464.5777208381119
1217149,313.1748500801933
1089050,584.7596266403834
1461365,513.374806066422
1080756,307.3765308043676
1070930,89.30782633379857
1453915,71.16558511626941
1122163,238.81836432014148
1281556,301.22893775941066
1451474,511.6301613011566
1184979,94.46797028891713
1448200,78.93806157928589
1361626,145.07060909614802
1127302,583.0149818751182
1342786,307.3765308043676
1148097,399.7926201628587
1206446,40.447259972116804
1037296,23.56308128170095
1306781,32.791712239713746
1096759,96.98764634435442
1493504,114.36771088292294
1294035,65.99112413094363
1408322,37.05231077430668
1311230,32.791712239713746
1431143,32.791712239713746
1057122,403.06418331916177
1052429,334.14563246261207
1402786,305.11912886295585
1395805,20.918566643974415
1070689,25.747795365433614
1298419,16.008871243231383
1017228,175.59710078120884
1366050,175.92632252901618
1309302,207.58274903479523
1071986,45.165595088189264
1348808,40.447259972116804
1105017,42.56703956474454
1131156,89.0568987877406
1191506,110.44300572415969
1196940,229.69115747355295
1339825,68.97235398050199
1215288,91.06603702065708
1108597,51.04807169958615
1493433,85.0964335352373
1010862,123.40493872868458
1289902,89.0568987877406
1350450,37.05231077430668
1467669,45.51726068733215
1057838,41.13510930259024
1388713,252.1964550746102
1248955,197.38615646826645
1498604,313.1748500801933
1121810,821.0370965557263
1145363,642.7665788443229
1408791,301.22893775941066
1398059,60.75233265114063
1000890,62.29057764302039
1120392,388.34793588643896
1159673,465.6113383269906
1264986,702.4760339222911
1129548,197.0908889481728
1225380,207.58274903479523
1078271,257.26180275518556
1304517,699.299938344033
1377140,513.374806066422
1056871,590.199236900352
1173936,37.05231077430668
1416956,15.757943697173394
1171152,59.645462668427236
1177426,58.83306248683792
1260705,41.13672463208972
1138702,43.48631288946552
1163092,32.37936089480551
1134672,616.183528781841
1411709,678.0505395576475
1053624,586.1974367927389
1205375,19.60898272233456
1287103,114.44600508467228
1169085,165.03895897186874
1452470,58.83306248683792
1346931,42.56703956474454
1128636,49.68334349508331
1011007,188.40562372752203
1441671,269.73540607941516
1326038,313.1748500801933
1467889,95.31701743699551
1254304,91.06603702065708
1449143,66.59346399248
1180721,73.84445986896775
1085409,85.0964335352373
1255557,33.09541835883834
1016231,33.44708395798122
1179779,26.099460964576497
1404777,415.8536693994446
1482667,269.73540607941516
1018043,678.0505395576475
1337116,1871.8226425728078
1366322,1295.9914553680217
1394190,773.6385750817078
1408881,58.83306248683792
1269966,111.90853736679192
1027247,549.9441040001311
1431942,581.1345643603444
1053389,1079.0317289704253
1059676,111.77141557036829
1092508,141.40480892180867
1178026,252.1964550746102
1241259,1309.7416974918403
1068862,710.6883177571254
1366988,1052.6773364685946
1229730,179.12442123671096
1057777,187.83260286703043
1417079,94.46797028891713
1485601,260.2285984741923
1111304,405.006342921738
1252493,289.79940575609317
1348179,98.18999686242772
1267474,78.93806157928589
1325342,773.6385750817078
1260311,805.6143797616472
1113155,805.5931536927383
1140269,45.165595088189264
1315629,62.039650096962404
1471838,32.63028844086352
1260235,260.2285984741923
1463547,464.31377370548154
1453965,584.7416583664025
1271516,135.41424998617074
1418510,89.0568987877406
1209386,94.27824738536916
1495791,201.18922079720608
1303705,245.3727875602082
1126270,614.3853909212653
1233169,202.02926411586552
1018405,197.34181649423078
1145871,183.96587690968119
1013566,294.3874564635465
1311102,510.47401064871127
1274734,342.10059239347845
1318399,60.50140510508264
1208881,99.0390440105061
1057936,81.38074423329334
1330281,531.5223363082393
1341683,423.01282440468475
1137845,586.1974367927389
1093038,2038.637618473551
1413823,1651.1945877775909
1198302,586.1974367927389
1050288,49.68334349508331
1457410,153.9971480734319
1087017,127.91937343999619
1184251,684.9073516834752
1046290,699.299938344033
1365636,1316.2885034616804
1020051,192.7982268315772
1314155,197.0908889481728
1054140,353.4641581741101
1128795,1261.6037950456534
1343368,728.4566098625397
1027914,984.3250313194097
1042062,127.66844589393827
1390807,94.46797028891713
1028601,94.46797028891713
1082933,139.35052008215322
1384407,220.62688752313338
1196961,161.19198404589054
1122942,92.17790166898983
1189314,65.99112413094363
1368555,89.0568987877406
1439062,870.4905644011565
1373666,791.3627803821291
1281436,677.2770357876691
1075875,42.56703956474454
1079425,45.165595088189264
1375719,33.04263978577173
1438076,179.37534878276895
1323027,239.60948816355406
1280440,265.12524563645184
1136807,166.94142008526637
1413776,139.35052008215322
1372751,107.51718366420707
1366942,204.9485727884011
1252904,353.4641581741101
1484640,552.854929591198
1141481,197.34181649423078
1484744,189.25467087560045
1368030,124.25398587676297
1115883,214.67352562252546
1178326,390.1197859130282
1144637,303.7158844855289
1083185,62.039650096962404
1265850,109.84333801726213
1064535,68.17182425823393
1151642,466.54650822874333
1051521,384.783701678737
1112568,586.1974367927389
1060374,260.2285984741923
1145737,227.58845795873157
1153172,138.94175982265241
1182641,131.98156368119436
1416916,75.6082897080218
1432452,139.35052008215322
1454467,342.10059239347845
1090725,250.1452410113728
1278151,158.04873692752642
1182721,177.54302085472833
1490426,145.07060909614802
1261967,803.5587002702547
1272173,298.24134385505363
1475127,313.4257776262513
1402147,75.35736216196382
1405911,50.69640610044327
1270123,59.645462668427236
1129747,51.27050791941515
1479343,269.73540607941516
1224135,908.1207903913346
1026022,693.638875588151
1133017,15.757943697173394
1374299,15.757943697173394
1492201,15.757943697173394
1194920,145.07060909614802
1198272,161.19198404589054
1403006,191.9221074329747
1388663,43.83797848860841
1351797,42.43361017645237
1012076,24.2520986296188
1199141,45.165595088189264
1248453,59.645462668427236
1479518,95.12729453344754
1216396,62.831920103163164
1019051,405.006342921738
1452145,500.873876406609
1125314,377.0439565154405
1199363,342.10059239347845
1402736,350.4253587779501
1328158,177.54302085472833
1316599,27.609025972479195
1046186,104.48533109171078
1005596,127.66844589393827
1353037,202.02926411586552
1390757,153.7462205273739
1085036,94.71889783497511
1399946,107.51718366420707
1291405,114.11678333686496
1047146,586.1974367927389
1198624,220.59447621445366
1105675,183.36775730766075
1113170,81.24258821931583
1377155,71.10964374020064
1412520,30.333820423732597
1138417,37.05231077430668
1207513,220.62688752313338
1241983,607.2832400963322
1093937,523.9682541816373
1409401,15.757943697173394
1323538,20.918566643974415
1355453,104.2344035456528
1273259,111.77141557036829
1036223,145.07060909614802
1128930,61.253920499851745
1401233,44.447479819792534
1135475,37.40397637344957
1368027,49.68334349508331
1054611,27.609025972479195
1079923,43.48631288946552
1465046,43.48631288946552
1113947,50.03500909422619
1206608,41.13510930259024
1141138,303.7158844855289
1398745,384.783701678737
1232389,239.35856061749607
1469568,112.54495677784358
1101451,110.27081495452957
1067520,49.68334349508331
1335882,128.46280287243357
1493778,71.16558511626941
1433304,107.51718366420707
1416184,111.12301505627862
1242834,114.11678333686496
1349144,252.1964550746102
1295630,161.19198404589054
1002687,153.9971480734319
1221251,25.747795365433614
1128689,26.139647496940537
1307832,71.73088602528792
1092126,326.49716454512424
1205829,311.4340848322759
1057847,30.333820423732597
1480723,114.11678333686496
1224002,139.35052008215322
1191903,164.78803142581074
1252385,27.609025972479195
1211903,23.56308128170095
1452747,62.831920103163164
1085236,33.14337783885662
1081076,201.18922079720608
1167347,94.27824738536916
1468194,415.8536693994446
1180363,1142.8357391595268
1425283,946.9573623149822
1491934,478.4608610040736
1165334,32.791712239713746
1451779,81.49351576537381
1109039,66.24205167700161
1164263,353.4641581741101
1053599,390.1460862534218
1002689,687.198086090571
1202120,145.07060909614802
1290273,158.04873692752642
1217414,269.73540607941516
1140243,805.5931536927383
1035444,500.873876406609
1147110,616.6925281887299
1143054,59.645462668427236
1359435,40.447259972116804
1322487,123.9134088552616
1285815,220.87781506919137
1365522,111.77141557036829
1401322,60.50140510508264
1104534,42.081944577309486
1418559,49.68334349508331
1333723,584.7596266403834
1062934,677.2770357876691
1203979,569.9175311044708
1493410,23.56308128170095
1119538,25.747795365433614
1103421,135.66517753222874
1461010,145.07060909614802
1099608,164.78803142581074
1411885,62.48025450402028
1491825,40.783443703447354
1249918,60.50140510508264
1380531,188.40562372752203
1266015,250.1452410113728
1112176,390.10154249480604
1027208,142.2538560698871
1040830,142.2538560698871
1490168,95.31701743699551
1270394,158.04873692752642
1210380,303.7158844855289
1488002,161.19198404589054
1019734,51.27050791941515
1236944,61.253920499851745
1292333,45.51726068733215
1229811,342.10059239347845
1449864,289.79940575609317
1072219,531.5223363082393
1093243,677.2770357876691
1184143,389.8526349534351
1113423,238.45630989146522
1422384,37.05231077430668
1283598,89.30782633379857
1358409,67.6702364095228
1042357,326.49716454512424
1161104,353.4641581741101
1130025,522.2236094163721
1051663,107.51718366420707
1061638,78.93806157928589
1195041,128.46280287243357
1052245,616.4416006426719
1452792,306.3183687917708
1370147,514.3954369619361
1009569,94.27824738536916
1075387,115.12054605747885
1053460,40.783443703447354
1451559,49.68334349508331
1139973,70.91465757021143
1049891,378.97726216144144
1180756,303.7158844855289
1318993,212.46227016911783
1472200,20.05069109336787
1440104,27.859953518537186
1140152,104.56362529346012
1062709,177.54302085472833
1092103,158.04873692752642
1443773,107.51718366420707
1321207,115.12054605747885
1182933,51.27050791941515
1285741,110.44300572415969
1275544,229.69115747355295
1482368,238.45630989146522
1401955,90.0935356959875
1127074,90.0935356959875
1133824,61.253920499851745
1048428,123.9134088552616
1305096,187.83260286703043
1002536,123.9134088552616
1369644,91.06603702065708
1256556,62.79216549173151
1364916,191.9221074329747
1138638,161.19198404589054
1378795,186.11565078621612
1140763,1314.338507640101
1025216,900.175566102047
1248799,492.1257035426043
1413620,94.52917493142714
1466423,98.4409244084857
1335166,390.10154249480604
1493273,500.873876406609
1386676,805.3324792748605
1019313,94.46797028891713
1132022,107.51718366420707
1101622,164.78803142581074
1423915,1026.255125904989
1312310,541.846327536151
1225960,739.9406331764271
1417376,71.73088602528792
1229723,73.84445986896775
1419507,153.7462205273739
1497642,245.3727875602082
1037322,153.7462205273739
1293324,85.0964335352373
1077904,45.165595088189264
1178821,541.846327536151
1392636,552.854929591198
1247012,450.8299488426566
1388240,28.232661064152953
1198786,34.60728634400457
1295096,25.998722911491605
1008427,197.34181649423078
1493098,306.5692963378288
1117910,301.93382499679456
1283429,45.165595088189264
1230572,44.09581422064965
1250107,33.09541835883834
1001638,153.7462205273739
1070174,186.11565078621612
1074527,350.4253587779501
1475219,124.25398587676297
1487459,111.11986210260795
1168060,114.96583048494334
1105101,252.1964550746102
1130635,303.7158844855289
1274486,197.13522892220846
1364257,44.09581422064965
1055160,74.88109677721465
1172892,59.1847280859808
1008422,377.04910365550654
1290283,307.3765308043676
1017722,318.1599440536664
1352787,297.0353323014201
1406367,220.40962337106367
1495288,123.40493872868458
1310388,37.05231077430668
1386178,142.5454561053752
1068779,114.36771088292294
1319258,131.73063613513636
1467681,294.3874564635465
1052491,161.44291159194853
1034851,179.12442123671096
1128430,186.11565078621612
1412582,161.19198404589054
1314990,821.0370965557263
1361296,238.45630989146522
1147045,313.4257776262513
1230402,27.609025972479195
1250840,25.71927316221139
1475205,94.27824738536916
1316392,80.65529949362455
1198993,42.081944577309486
1400145,45.165595088189264
1105445,58.83306248683792
1150345,188.40562372752203
1364032,677.2770357876691
1098208,647.529020519626
1412865,19.60898272233456
1044787,111.12301505627862
1153095,179.12442123671096
1155898,192.7982268315772
1411551,50.03500909422619
1399760,59.99712826757012
1257810,44.447479819792534
1180700,62.48025450402028
1175998,45.165595088189264
1155579,71.73088602528792
1238414,51.27050791941515
1124042,86.23092380589262
1008278,61.253920499851745
1116053,342.10059239347845
1002734,516.1400817272013
1031478,250.760265794033
1017985,390.1460862534218
1021112,415.8536693994446
1492370,153.7462205273739
1396398,34.60728634400457
1056127,71.9818135713459
1496140,51.52143546547314
1030091,104.2344035456528
1247939,153.9971480734319
1056526,192.7982268315772
1312113,67.41930886346482
1008406,78.93806157928589
1370016,89.0568987877406
1303233,784.023208205906
1319582,294.3874564635465
1318816,404.7585089357051
1342618,78.93806157928589
1383693,75.35736216196382
1188311,58.83306248683792
1169645,177.54302085472833
1135395,311.00044655408396
1051052,250.06644564670663
1284449,60.50140510508264
1271673,40.447259972116804
1378449,59.645462668427236
1038896,353.4641581741101
1472510,468.28789663325574
1381929,404.7533617956391
1335466,23.56308128170095
1210748,44.09581422064965
1472665,107.51718366420707
1401690,131.73063613513636
1457882,187.83260286703043
1138253,95.31701743699551
1375108,58.680091375048725
1367061,139.35052008215322
1378475,136.96734742718112
1135134,164.78803142581074
1375702,45.165595088189264
1208820,61.253920499851745
1087191,45.51726068733215
1286946,301.22893775941066
1135939,294.3874564635465
1298778,227.58845795873157
1426974,244.22398533311585
1053569,204.9485727884011
1404213,75.35736216196382
1400039,28.232661064152953
1474073,110.69393327021767
1274743,66.24205167700161
1480386,191.9221074329747
1055391,429.3303902885769
1002763,260.2285984741923
1005714,227.58845795873157
1183601,204.9485727884011
1269616,180.25557869370382
1387344,693.638875588151
1075519,388.34793588643896
1451717,314.6387695111861
1249283,23.56308128170095
1161877,27.609025972479195
1420629,32.044746901157346
1467067,80.34410732504644
1332082,73.84445986896775
1414354,37.05231077430668
1028038,37.05231077430668
1071038,238.45630989146522
1003545,581.1345643603444
1356848,523.9682541816373
1253695,16.008871243231383
1304163,123.40493872868458
1275336,152.24261946299117
1441314,123.9134088552616
1307443,50.03500909422619
1395576,59.1847280859808
1166004,42.918705163887424
1108673,32.791712239713746
1168528,37.05231077430668
1282673,50.03500909422619
1323796,43.83797848860841
1425596,405.006342921738
1070034,616.183528781841
1120599,319.8832332044032
1115016,1441.3972557097213
1033118,900.175566102047
1041123,702.7579344090778
1412939,123.9134088552616
1413843,314.6387695111861
1302476,229.94208501961094
1200857,677.2770357876691
1273097,947.339733278442
1360566,1337.8897369788538
1054117,220.62688752313338
1326687,160.17185853115015
1075832,238.45630989146522
1408738,1834.5823514477024
1428262,1094.84106463691
1157251,1460.242738872348
1383481,250.06644564670663
1228924,297.0353323014201
1315410,197.0908889481728
1198596,301.93382499679456
1403013,423.01282440468475
1094157,204.9485727884011
1158061,186.11565078621612
1375495,139.35052008215322
1128710,193.31912139486292
1012762,908.1207903913346
1000164,899.49397701002
1235645,616.6984048306514
1423314,73.84445986896775
1209129,32.791712239713746
1317753,62.73118205007827
1316488,342.10059239347845
1345688,622.9345466831726
1480687,550.8593572798749
1184103,71.10964374020064
1429083,85.19428689764571
1417557,33.09541835883834
1374498,245.3727875602082
1244972,404.7533617956391
1155304,569.9175311044708
1331479,202.02926411586552
1428927,197.34181649423078
1083748,197.38615646826645
1135164,351.9849134854716
1481250,614.3853909212653
1146477,423.01282440468475
1433355,186.11565078621612
1342553,252.4473826206682
1165310,189.25467087560045
1117406,822.4319181539063
1482433,643.2933866854997
1350239,569.9175311044708
1070287,586.1974367927389
1422053,450.8299488426566
1415679,296.4857659094403
1458594,27.609025972479195
1027595,81.49351576537381
1193664,60.75233265114063
1193030,398.630928735342
1080694,423.01282440468475
1115309,615.7521420829918
1214742,389.8526349534351
1310983,282.00457750580074
1049933,318.15479691360036
1187916,569.9175311044708
1405350,510.47401064871127
1208306,582.9970136011373
1407890,51.27050791941515
1251220,59.645462668427236
1154973,30.333820423732597
1308134,25.747795365433614
1340776,33.09541835883834
1014749,622.9345466831726
1360888,494.0577920710442
1096812,478.4608610040736
1178015,15.757943697173394
1161127,104.48533109171078
1426825,128.46280287243357
1073637,162.0171371740921
1069629,89.0568987877406
1265774,107.51718366420707
1315565,85.19428689764571
1299905,238.45630989146522
1066372,423.01282440468475
1174150,314.38784196512813
1191685,105.08345069373118
1479763,111.972062204357
1015816,71.86215913496974
1042330,71.73088602528792
1011286,51.27050791941515
1076157,32.37936089480551
1261566,50.03500909422619
1014434,41.13510930259024
1241585,500.873876406609
1135509,311.00044655408396
1317797,584.7416583664025
1240913,818.6626645196303
1393856,740.2225336632139
1180477,399.7874730227927
1416755,26.139647496940537
1438751,104.48533109171078
1210716,107.76811121026505
1207481,342.10059239347845
1470083,415.8536693994446
1293173,693.3569751013642
1173254,164.78803142581074
1258768,188.40562372752203
1380138,229.69115747355295
1382544,761.9480599178264
1273111,616.183528781841
1320280,584.4527920274737
1105352,32.791712239713746
1366410,45.165595088189264
1121472,58.83306248683792
1074564,40.783443703447354
1020767,33.09541835883834
1383381,32.37936089480551
1230031,678.0505395576475
1499092,770.9412155716116
1332401,728.4566098625397
1153063,15.757943697173394
1028416,20.918566643974415
1214310,16.008871243231383
1001218,112.79588432390156
1333703,131.98156368119436
1405199,135.41424998617074
1301393,59.645462668427236
1446095,51.27050791941515
1480680,71.73088602528792
1322216,180.25557869370382
1236120,269.73540607941516
1214604,311.00044655408396
1206662,95.12729453344754
1106796,111.71013198581576
1294863,59.1847280859808
1146795,85.19428689764571
1027327,110.27081495452957
1342955,59.645462668427236
1082755,37.40397637344957
1492813,37.40397637344957
1055690,587.8920996328875
1026786,458.9362941584192
1308574,768.8011784574483
1350008,2000.531674497828
1080864,1477.4232576406198
1478269,908.1207903913346
1416531,85.19428689764571
1115977,290.05033330215116
1335690,265.37617318250983
1001266,805.6143797616472
1176836,952.6097231769818
1258322,1309.9926250378983
1114726,245.3727875602082
1102993,259.3640032840083
1471342,450.5736280496527
1134459,2050.4068058400067
1010465,1026.837350923508
1229614,1475.2358089395752
1020515,115.12054605747885
1271065,96.98764634435442
1038064,89.0568987877406
1229599,138.94175982265241
1048752,378.97726216144144
1197420,164.78803142581074
1453906,123.9134088552616
1280568,123.9134088552616
1112281,984.0741037733518
1144866,1588.608539446742
1190711,1452.6765216486501
1403427,40.447259972116804
1325526,40.783443703447354
1220749,37.30323832036467
1069314,614.3853909212653
1261442,881.0510775628155
1432411,773.6385750817078
1389218,127.66844589393827
1428386,158.04873692752642
1087275,111.12301505627862
1336986,311.00044655408396
1362637,389.8526349534351
1217589,642.7665788443229
1209840,178.39206800280675
1495580,186.36657833227412
1149079,153.0916666110696
1163127,295.7980600019056
1061096,455.72699936568034
1163871,301.22893775941066
1198405,85.19428689764571
1305470,140.19956723023165
1291762,111.972062204357
1336877,773.3338743638479
1073789,622.9345466831726
1067951,1248.7165300489114
1222614,805.8450584860606
1403857,710.6883177571254
1138651,294.3874564635465
1211270,37.05231077430668
1381202,85.44521444370369
1005335,74.09538741502573
1036855,191.9221074329747
1461982,318.15479691360036
1391141,397.51199737445063
1254939,184.93322840211732
1112470,220.40962337106367
1487226,282.00457750580074
1384129,1328.8533958593316
1435237,404.7533617956391
1247788,609.5903773637967
1310618,123.9134088552616
1041606,104.2344035456528
1286832,80.65529949362455
1341131,141.40480892180867
1253423,513.374806066422
1278699,429.3303902885769
1347629,58.83306248683792
1383158,45.165595088189264
1397241,58.83306248683792
1379400,614.3853909212653
1051753,903.2509594774976
1057705,818.6626645196303
1349385,26.139647496940537
1482906,40.783443703447354
1211285,207.58274903479523
1362739,257.9945301393288
1372645,450.5736280496527
1024030,165.63707857388917
1364534,128.5174930420166
1004040,124.76245600333998
1253135,207.58274903479523
1295314,164.78803142581074
1472784,260.2285984741923
1446802,57.92757598027962
1089465,90.0935356959875
1142103,62.831920103163164
1398069,429.3303902885769
1204844,415.8536693994446
1332593,389.8526349534351
1356109,257.26180275518556
1168517,301.93382499679456
1064667,123.9134088552616
1207447,158.29966447358441
1014733,145.321536642206
1225294,137.3699196254669
1209533,311.00044655408396
1484452,197.13522892220846
1022654,136.96734742718112
1051967,179.12442123671096
1240063,805.8450584860606
1155281,384.783701678737
1284527,303.3126220643544
1466754,26.139647496940537
1194391,70.91465757021143
1398744,45.165595088189264
1181108,62.48025450402028
1137782,269.73540607941516
1295058,946.9573623149822
1258282,699.299938344033
1406300,15.757943697173394
1211169,20.918566643974415
1194629,21.169494190032406
1005691,188.40562372752203
1046988,186.11565078621612
1096972,245.3727875602082
1301880,44.447479819792534
1260314,50.03500909422619
1232444,27.96069157162208
1447544,25.747795365433614
1406706,49.68334349508331
1223580,70.91465757021143
1348953,115.96959320555723
1011094,95.31701743699551
1483095,584.7416583664025
1300527,784.023208205906
1005857,404.7533617956391
1003610,421.7868621476975
1408456,523.9682541816373
1403849,131.73063613513636
1136386,20.918566643974415
1432249,59.083990032895905
1316934,42.81796711080253
1166592,186.11565078621612
1088047,319.8832332044032
1291558,260.4795260202503
1046242,201.18922079720608
1228604,250.509338247975
1006243,229.69115747355295
1148911,582.9970136011373
1327287,301.93382499679456
1148661,269.98633362547315
1027599,67.93571707225509
1481882,49.68334349508331
1165440,34.60728634400457
1302279,23.56308128170095
1211613,27.609025972479195
1170520,212.46227016911783
1092468,429.3303902885769
1183386,390.1460862534218
1169545,111.12301505627862
1443667,135.41424998617074
1334075,135.41424998617074
1145192,71.66717296498054
1038003,62.831920103163164
1384196,42.43361017645237
1412656,40.447259972116804
1055295,33.09541835883834
1040402,49.68334349508331
1305104,33.44708395798122
1156779,26.49131309608342
1461293,305.11912886295585
1071792,462.3933485712259
1193704,307.3765308043676
1147855,646.0979930206123
1407308,655.844186407494
1021817,186.11565078621612
1365027,33.09541835883834
1084190,90.46791741863667
1472270,62.29057764302039
1245033,257.26180275518556
1038126,450.5736280496527
1308774,429.3303902885769
1096561,307.3765308043676
1392101,353.4641581741101
1032755,391.7176317893607
1167841,946.9573623149822
1421534,350.4253587779501
1026941,405.011490061804
1218181,71.73088602528792
1252535,58.83306248683792
1458926,58.83306248683792
1181288,45.165595088189264
1453177,259.3640032840083
1290817,197.0908889481728
1191933,40.783443703447354
1072907,57.92757598027962
1149758,404.7533617956391
1363331,607.2832400963322
1232116,589.0845808962376
1111671,23.56308128170095
1431212,32.37936089480551
1260318,22.1780454486166
1007979,179.12442123671096
1300132,229.69115747355295
1468244,288.45878500593597
1259749,111.972062204357
1213726,108.36623081228545
1015552,74.88109677721465
1321503,85.0964335352373
1299417,94.27824738536916
1403037,127.66844589393827
1141868,45.165595088189264
1131022,59.1847280859808
1053785,40.79892557125969
1415612,319.8883803444692
1015692,353.4641581741101
1191552,415.8536693994446
1403461,1300.7610891226095
1332254,1041.0164816929812
1155391,463.40606868843656
1010155,68.18664461831307
1035382,74.09538741502573
1359199,450.8299488426566
1126332,569.9175311044708
1194544,947.5906608245
1193216,153.7462205273739
1321873,152.24261946299117
1176118,260.773477523714
1352350,941.5968631723891
1317428,510.47401064871127
1324687,783.7413077191193
1199138,94.27824738536916
1499661,98.18999686242772
1285022,136.7697574463391
1095276,204.9485727884011
1309363,141.40480892180867
1118148,81.24258821931583
1017490,45.165595088189264
1032990,57.92757598027962
1135634,678.0505395576475
1198010,614.3853909212653
1063801,523.9682541816373
1232162,30.333820423732597
1338164,37.05231077430668
1399699,25.998722911491605
1159200,212.71319771517582
1285083,212.46227016911783
1469794,249.99018094015577
1260006,62.039650096962404
1432624,65.99112413094363
1069560,59.645462668427236
1314621,158.29966447358441
1032488,240.21560771213308
1305157,429.3303902885769
1357660,143.14357570739563
1146905,124.76245600333998
1250390,109.84333801726213
1313978,188.40562372752203
1224536,318.15479691360036
1028926,249.99018094015577
1210886,40.447259972116804
1425911,59.1847280859808
1395996,50.03500909422619
1258284,350.43050591801614
1407411,238.45630989146522
1086007,516.1400817272013
1240827,728.4566098625397
1485036,616.183528781841
1412215,207.58274903479523
1134426,463.40606868843656
1409562,450.5736280496527
1252129,903.5018870235556
1466995,227.58845795873157
1279324,183.11682976160276
1339668,269.73540607941516
1295887,805.5631579992738
1188104,468.28789663325574
1085039,728.174709375753
1050056,96.98764634435442
1141506,58.83306248683792
1468730,62.039650096962404
1305167,98.18999686242772
1356988,78.93806157928589
1048644,37.05231077430668
1169338,37.05231077430668
1090148,33.09541835883834
1023369,643.2933866854997
1219708,591.2741245166496
1212523,468.28789663325574
1403827,15.757943697173394
1452741,15.757943697173394
1037225,131.73063613513636
1003089,98.4409244084857
1430497,137.21827497323912
1384588,81.49351576537381
1493343,92.42882921504781
1108739,137.3699196254669
1205048,288.45878500593597
1379067,305.11912886295585
1010055,111.29205287223807
1320813,114.96583048494334
1221392,59.99712826757012
1487103,136.96734742718112
1276585,111.12301505627862
1115907,94.46797028891713
1059297,33.09541835883834
1304461,61.253920499851745
1289905,51.04807169958615
1003698,334.14563246261207
1333400,220.40962337106367
1239454,472.8093684877515
1055152,461.3233563984868
1225205,404.7533617956391
1435274,158.04873692752642
1361159,32.791712239713746
1325155,85.44521444370369
1042206,81.49351576537381
1465788,390.1460862534218
1010758,591.2741245166496
1239556,334.1507796026781
1130835,238.45630989146522
1126299,191.9221074329747
1317214,197.0908889481728
1229307,982.0288718842007
1008850,552.854929591198
1371311,606.2189474494918
1496308,22.1780454486166
1122414,15.757943697173394
1395159,37.05231077430668
1002230,62.039650096962404
1143224,45.165595088189264
1236638,26.139647496940537
1050839,42.56703956474454
1163875,30.856417305070458
1031011,450.5736280496527
1489736,1457.4093413268786
1341427,1041.0164816929812
1240489,17.84982426263641
1456593,32.70858264261285
1052585,31.10734485112845
1394883,37.38153252211401
1045296,89.0568987877406
1445153,51.27050791941515
1451679,67.93571707225509
1225058,260.2285984741923
1498918,516.1400817272013
1485511,462.1313904107206
1452266,50.03500909422619
1136292,72.48340142005702
1310817,45.51726068733215
1163223,58.83306248683792
1267340,45.165595088189264
1227931,71.66717296498054
1205560,51.622173518558036
1365667,528.7018123144654
1023335,305.11912886295585
1048292,946.9573623149822
1014247,405.006342921738
1023285,462.1313904107206
1439264,227.58845795873157
1256710,37.05231077430668
1209335,79.18898912534387
1001246,128.46280287243357
1452526,269.73540607941516
1125626,269.73540607941516
1397692,89.0568987877406
1097219,94.27824738536916
1001749,107.51718366420707
1174009,784.023208205906
1273784,303.0616945182964
1496218,510.47401064871127
1413745,89.0568987877406
1389077,98.18999686242772
1221196,58.83306248683792
1444587,139.35052008215322
1373602,269.73540607941516
1329527,260.2285984741923
1193964,51.27050791941515
1468201,37.05231077430668
1289132,60.50140510508264
1461927,398.630928735342
1206526,528.7018123144654
1069368,461.3233563984868
1484014,22.39374657374814
1122166,33.09541835883834
1306210,22.42897299467459
1484168,114.11678333686496
1139063,161.19198404589054
1093872,238.45630989146522
1388566,91.06603702065708
1040282,62.79216549173151
1319244,66.74363952571274
1170280,158.04873692752642
1128364,111.12301505627862
1421850,142.2945285593172
1186084,60.50140510508264
1425827,74.88109677721465
1459114,51.622173518558036
1466692,294.3874564635465
1203269,250.06644564670663
1352296,179.12442123671096
1162670,1284.6659020243953
1300191,903.2509594774976
1009989,472.8093684877515
1465666,42.56703956474454
1461783,112.02234311642627
1442787,111.3739426023366
1031907,569.9175311044708
1188853,587.8920996328875
1456783,952.8606507230397
1322215,184.93322840211732
1010784,136.96734742718112
1167640,260.2285984741923
1195948,1293.8772227768739
1204311,687.4799865773577
1297826,984.3250313194097
1148491,94.27824738536916
1356906,73.84445986896775
1039066,94.46797028891713
1462622,131.98156368119436
1138775,188.65655127358002
1122589,123.9134088552616
1307805,71.10964374020064
1304407,73.84445986896775
1470811,60.50140510508264
1243938,728.4566098625397
1425470,797.8983186506963
1007261,646.0979930206123
1109541,37.05231077430668
1318923,32.37936089480551
1249534,33.346345904896324
1329857,111.3739426023366
1439027,179.37534878276895
1182612,197.34181649423078
1155033,112.54495677784358
1300537,94.27824738536916
1352454,58.83306248683792
1106118,204.9485727884011
1038138,311.00044655408396
1053303,468.28789663325574
1381996,128.5174930420166
1173304,140.19956723023165
1399035,95.31701743699551
1421408,164.78803142581074
1307650,383.306046597072
1119858,197.0908889481728
1161557,45.165595088189264
1255540,90.0935356959875
1358312,76.39399907021073
1025813,387.6557107577639
1293845,326.50231168519025
1469131,684.6254511966885
1452584,179.12442123671096
1377778,502.245161974527
1026971,260.2285984741923
1311807,37.05231077430668
1397297,94.71889783497511
1157453,66.09187614376887
1178848,180.25557869370382
1409156,313.1748500801933
1159256,296.7366934554983
1054258,98.18999686242772
1322887,115.12054605747885
1163471,107.51718366420707
1285982,947.2082898610402
1348099,318.15479691360036
1015778,464.31377370548154
1135794,75.35736216196382
1396176,59.645462668427236
1154956,111.42423279021803
1430845,311.4340848322759
1014641,239.35856061749607
1247169,40.447259972116804
1243749,40.447259972116804
1381322,391.7176317893607
1080295,584.7416583664025
1423648,461.3233563984868
1278953,23.56308128170095
1441916,25.747795365433614
1130663,26.139647496940537
1313063,153.7462205273739
1014037,161.19198404589054
1182550,207.58274903479523
1216318,68.17182425823393
1276624,62.79216549173151
1226209,62.79216549173151
1304852,131.73063613513636
1482935,131.73063613513636
1079134,191.9221074329747
1210839,40.447259972116804
1436244,66.74363952571274
1281479,41.4883902312326
1034893,342.10059239347845
1351362,462.3933485712259
1005706,282.00457750580074
1262599,239.35856061749607
1338024,257.26180275518556
1431853,20.918566643974415
1375120,42.81796711080253
1275037,250.509338247975
1359242,269.73540607941516
1035595,265.37617318250983
1020465,153.7462205273739
1360373,164.78803142581074
1331277,193.31912139486292
1490342,319.8883803444692
1135520,405.006342921738
1268420,318.1599440536664
1216882,19.60898272233456
1412036,33.09541835883834
1080240,32.37936089480551
1218649,21.607583991892266
1421492,15.757943697173394
1466987,318.15479691360036
1411928,318.15479691360036
1176781,354.1851435696782
1124678,15.757943697173394
1494779,107.51718366420707
1221537,137.6208471715249
1126294,137.21827497323912
1137246,108.11530326622747
1413395,128.26656549595862
1360589,161.79010364791097
1155915,40.447259972116804
1275837,58.83306248683792
1337552,42.56703956474454
1108013,37.05231077430668
1348070,33.04263978577173
1253988,32.29567444721536
1204089,32.63028844086352
1399010,22.64467411980613
1271870,269.73540607941516
1354177,85.0964335352373
1085106,404.7533617956391
1274933,1309.7416974918403
1059732,1041.0164816929812
1093599,450.5736280496527
1083501,128.46280287243357
1245868,655.844186407494
1488944,762.2299604046132
1432764,1087.7247061794997
1126587,201.77833656980752
1209590,145.07060909614802
1111452,229.69115747355295
1031614,1315.960132116041
1061470,611.0376843633196
1157741,1052.54841499623
1223395,153.7462205273739
1347236,127.66844589393827
1097803,212.46227016911783
1437385,269.73540607941516
1043097,201.18922079720608
1090571,89.30782633379857
1175602,74.88109677721465
1056018,152.24261946299117
1252039,699.299938344033
1010852,584.7416583664025
1106084,462.1313904107206
1288632,49.68334349508331
1480839,51.27050791941515
1246631,127.91937343999619
1315101,212.71319771517582
1451902,191.9221074329747
1297275,158.04873692752642
1425440,136.96734742718112
1131845,98.18999686242772
1479691,189.00374332954246
1471341,319.8832332044032
1015668,461.85601200373713
1023950,143.49617934712072
1392791,131.73063613513636
1052529,244.22398533311585
1290309,429.3355374286429
1046297,389.8577820935011
1018738,197.34181649423078
1322525,137.6208471715249
1479230,614.3853909212653
1494204,568.1728863392055
1150560,350.4253587779501
1177861,1475.139282061525
1311911,881.3329780496023
1316202,642.7665788443229
1272505,45.165595088189264
1226069,137.21827497323912
1182305,135.66517753222874
1185226,728.4566098625397
1324628,822.4319181539063
1059906,1294.1281503229318
1450163,180.25557869370382
1102401,197.0908889481728
1341931,307.3765308043676
1069114,1332.7675983577844
1175458,805.5931536927383
1310720,1092.876771363029
1415050,110.44300572415969
1383471,111.77141557036829
1194216,179.12442123671096
1481437,282.00457750580074
1495661,138.94175982265241
1019399,92.42882921504781
1056837,71.86215913496974
1053353,870.4905644011565
1254975,870.4905644011565
1209593,728.4566098625397
1471019,27.609025972479195
1176875,26.139647496940537
1251443,478.4608610040736
1135737,699.7177774605515
1262029,603.9118101820272
1148030,90.2169898725787
1164364,65.99112413094363
1460737,58.83306248683792
1152112,197.0908889481728
1205077,239.96468016607508
1161885,461.59405384323185
1018722,153.7462205273739
1134437,158.04873692752642
1364823,252.1964550746102
1029036,429.3355374286429
1373558,296.0489875479636
1359546,81.49351576537381
1120697,92.42882921504781
1006493,646.0979930206123
1072422,318.1599440536664
1344109,728.1351956072407
1143023,782.4332595915108
1050661,818.6626645196303
1482938,250.1452410113728
1113039,37.05231077430668
1353136,107.76811121026505
1439048,98.4409244084857
1095693,260.2285984741923
1154581,528.7018123144654
1030585,405.006342921738
1204210,250.509338247975
1061143,260.2285984741923
1354048,197.0908889481728
1442704,1058.9539199049923
1079999,404.7533617956391
1263052,508.1920293159572
1237270,62.039650096962404
1137849,71.10964374020064
1124343,59.645462668427236
1427908,98.18999686242772
1239094,311.00044655408396
1033383,294.3874564635465
1468996,49.934271041141294
1054997,45.51726068733215
1436104,62.48025450402028
1270430,429.3303902885769
1490371,655.844186407494
1425338,586.1974367927389
1156343,23.56308128170095
1053397,37.05231077430668
1023786,22.39374657374814
1134905,158.64685652954685
1079563,212.46227016911783
1197228,238.45630989146522
1204951,114.11678333686496
1106730,94.46797028891713
1369820,92.17790166898983
1159279,127.66844589393827
1177457,124.19923378146675
1385752,258.2454576853868
1430795,51.27050791941515
1099951,66.09187614376887
1072198,59.083990032895905
1187970,569.9175311044708
1065673,450.5736280496527
1473661,398.630928735342
1223698,415.8536693994446
1471497,389.8526349534351
1339581,142.2945285593172
1105018,40.447259972116804
1150316,127.91937343999619
1338949,175.59710078120884
1312287,307.3765308043676
1268704,303.7158844855289
1203407,158.04873692752642
1053667,188.40562372752203
1187634,188.40562372752203
1445202,879.0321116683771
1313499,319.8832332044032
1304477,429.3355374286429
1341870,78.93806157928589
1470509,49.68334349508331
1237037,75.35736216196382
1320649,81.24258821931583
1135015,177.54302085472833
1043208,131.73063613513636
1211873,59.083990032895905
1399254,50.03500909422619
1207452,60.50140510508264
1257870,390.1460862534218
1385886,643.2933866854997
1068568,549.9441040001311
1078002,19.60898272233456
1490242,191.9221074329747
1099037,257.26180275518556
1424254,282.00457750580074
1399342,85.19428689764571
1014602,73.84445986896775
1253867,71.73088602528792
1243712,89.30782633379857
1401108,143.7471068931787
1053371,49.68334349508331
1319647,92.17790166898983
1186069,50.69640610044327
1224626,399.7874730227927
1144512,416.79480481627644
1448207,250.509338247975
1327143,2262.7770576048883
1028978,1987.216903199431
1435666,791.3627803821291
1240466,107.51718366420707
1120441,250.24110848621376
1315750,192.1730349790327
1353789,797.8983186506963
1383467,1087.4737786334417
1112962,2018.517631999592
1242487,139.35052008215322
1029543,153.7462205273739
1053213,303.7158844855289
1218496,2580.349817858709
1342800,1148.2065207147969
1472699,1999.54580680046
1378869,295.7980600019056
1027118,311.00044655408396
1262290,145.29757198979337
1267485,334.14563246261207
1124304,423.01282440468475
1191782,303.7158844855289
1210850,161.44291159194853
1466336,140.19956723023165
1327394,188.40562372752203
1152647,1302.829563563026
1078195,1052.4264089225367
1410772,805.5931536927383
1229974,67.93571707225509
1379112,85.19428689764571
1264973,60.50140510508264
1243209,647.529020519626
1083372,791.3627803821291
1136997,768.8011784574483
1499049,220.40962337106367
1473840,175.59710078120884
1279640,164.78803142581074
1390007,238.45630989146522
1094534,398.630928735342
1223222,722.4425532942863
1371702,294.3874564635465
1404622,298.24134385505363
1082354,260.2285984741923
1495976,605.9680199034339
1453841,738.7053262040027
1396741,606.2189474494918
1077806,123.40493872868458
1305530,188.65655127358002
1168898,139.1926873687104
1429778,870.7718441467118
1011542,591.2741245166496
1455031,643.2933866854997
1377892,903.2509594774976
1204957,740.2225336632139
1364029,289.79940575609317
1276134,33.09541835883834
1109929,94.71889783497511
1189012,67.6702364095228
1267281,391.7176317893607
1168666,415.8536693994446
1290984,761.9480599178264
1134259,187.83260286703043
1079663,180.25557869370382
1405700,269.73540607941516
1242649,780.2340067968843
1093705,404.7533617956391
1386117,605.4557701743066
1396561,92.17790166898983
1274230,160.42278607720814
1287009,107.51718366420707
1302724,62.831920103163164
1481691,49.68334349508331
1217979,586.1974367927389
1336295,468.28789663325574
1479063,423.01282440468475
1050596,22.39374657374814
1130206,23.56308128170095
1102860,193.31912139486292
1240302,404.5075813896471
1328969,415.8588165395106
1210051,32.37936089480551
1071294,28.232661064152953
1129769,165.38615102783118
1183162,245.3727875602082
1499969,318.15479691360036
1437863,164.78803142581074
1019725,104.2344035456528
1111253,158.04873692752642
1101634,207.83367658085322
1414035,135.66517753222874
1462031,45.165595088189264
1301112,62.29057764302039
1192192,59.89639021448522
1116984,301.93382499679456
1456740,250.06644564670663
1343753,384.783701678737
1276681,1672.1098211219273
1045179,984.0741037733518
1184984,791.3627803821291
1034182,75.35736216196382
1368923,186.36657833227412
1298135,192.1730349790327
1067326,740.2225336632139
1275945,870.7718441467118
1160660,1259.840892834923
1138171,164.78803142581074
1165417,164.78803142581074
1047619,265.12524563645184
1460277,1647.0410742646782
1347100,821.0370965557263
1424992,1322.2005609351907
1070616,131.73063613513636
1232270,158.04873692752642
1030558,111.77141557036829
1413854,227.58845795873157
1304951,311.00044655408396
1499239,164.78803142581074
1164689,131.98156368119436
1334067,128.5174930420166
1285934,127.66844589393827
1136102,900.175566102047
1158805,903.2509594774976
1448872,614.3853909212653
1494631,45.165595088189264
1261533,37.05231077430668
1127622,44.09581422064965
1113702,468.28789663325574
1402669,738.7053262040027
1235863,684.9073516834752
1471648,98.18999686242772
1128016,114.11678333686496
1176666,85.0964335352373
1308071,238.45630989146522
1424549,326.49716454512424
1287145,515.6027451597126
1394524,165.03895897186874
1289418,175.59710078120884
1175099,158.04873692752642
1050753,389.8526349534351
1497444,476.71621623880844
1276761,334.1993760379552
1271167,98.18999686242772
1404679,153.9971480734319
1433405,137.6208471715249
1130736,687.4799865773577
1453390,552.854929591198
1090499,613.4450048155272
1111904,456.6264052674344
1368837,306.3183687917708
1484881,138.94175982265241
1011859,37.05231077430668
1318144,97.2385738904124
1135584,71.36057128625862
1444883,188.40562372752203
1050649,314.38784196512813
1357379,269.73540607941516
1373055,197.13522892220846
1311164,193.31912139486292
1091958,197.13522892220846
1196856,706.7251804659485
1399625,307.3765308043676
1370785,405.011490061804
1404655,73.84445986896775
1401074,60.50140510508264
1111497,59.645462668427236
1244194,205.1995003344591
1070647,164.78803142581074
1177881,45.41652263424725
1403116,50.03500909422619
1247734,49.68334349508331
1320512,399.7874730227927
1117249,587.8920996328875
1080975,478.4608610040736
1320039,15.757943697173394
1315854,201.18922079720608
1253353,269.73540607941516
1153574,296.4857659094403
1324485,92.17790166898983
1300373,37.05231077430668
1171033,71.73088602528792
1066172,41.387652178147704
1404880,94.52917493142714
1325435,59.645462668427236
1347488,59.645462668427236
1302221,40.783443703447354
1067371,294.3874564635465
1434903,313.1748500801933
1210552,259.3640032840083
1004925,405.006342921738
1369989,318.15479691360036
1242929,127.66844589393827
1335469,26.139647496940537
1342647,85.44521444370369
1107192,59.89639021448522
1299678,107.51718366420707
1285304,250.1452410113728
1481481,207.58274903479523
1437121,127.66844589393827
1217125,123.40493872868458
1363871,153.7462205273739
1218607,584.2222900728948
1232949,177.54302085472833
1277541,290.05033330215116
1085531,37.05231077430668
1004210,26.139647496940537
1056607,131.73063613513636
1395664,104.2344035456528
1188770,44.447479819792534
1232007,37.05231077430668
1483507,282.00457750580074
1176188,405.006342921738
1386397,389.8526349534351
1063163,132.3287557371568
1331624,176.19522038322927
1039028,197.13522892220846
1128793,62.48025450402028
1006124,33.09541835883834
1120570,62.48025450402028
1073521,37.30323832036467
1137733,74.09538741502573
1243734,44.09581422064965
1488400,59.083990032895905
1085578,44.09581422064965
1430049,201.18922079720608
1391126,212.46227016911783
1452462,180.25557869370382
1164883,478.4608610040736
1472997,305.11912886295585
1181530,62.039650096962404
1141119,179.37534878276895
1258259,162.2680647201501
1370622,197.13522892220846
1264722,569.9175311044708
1353691,456.6264052674344
1348980,123.94830623540877
1095013,75.6082897080218
1476130,98.4409244084857
1158613,1339.3911524041448
1396390,605.661888172644
1250001,941.8329846559928
1321524,127.66844589393827
1172129,164.78803142581074
1227420,123.9134088552616
1014336,298.24134385505363
1331644,456.6264052674344
1024818,467.3172105990486
1252052,98.18999686242772
1469746,112.62046271844667
1134484,131.73063613513636
1385522,646.0979930206123
1303765,784.023208205906
1230047,516.1400817272013
1167197,60.50140510508264
1223179,50.69640610044327
1061269,45.165595088189264
1206027,154.34434012939434
1286578,229.69115747355295
1173309,260.2285984741923
1001057,111.77141557036829
1489786,110.44300572415969
1277956,104.2344035456528
1294183,245.3727875602082
1453476,229.94208501961094
1126772,342.10573953354447
1316408,142.2945285593172
1373316,201.44014834326407
1410147,165.03895897186874
1056742,655.844186407494
1219314,466.5413610886773
1016479,245.3727875602082
1278462,158.04873692752642
1402049,162.0171371740921
1318810,108.99429086918374
1232520,45.41652263424725
1090412,37.30323832036467
1449639,152.0648134656565
1361792,334.14563246261207
1041119,197.34181649423078
1181465,138.94175982265241
1477767,257.9945301393288
1074634,229.69115747355295
1493200,498.5918950738551
1160156,220.62688752313338
1092472,179.97346838478938
1322503,26.49131309608342
1430351,23.56308128170095
1128378,158.04873692752642
1275754,450.5736280496527
1010262,389.8526349534351
1169855,165.38615102783118
1102462,167.5395396872868
1270230,176.19522038322927
1312759,43.73724043552351
1473072,33.09541835883834
1345243,37.05231077430668
1004841,33.09541835883834
1083409,33.09541835883834
1329412,313.1748500801933
1076888,342.10059239347845
1255536,423.01282440468475
1437782,296.4857659094403
1367373,245.3727875602082
1272919,75.35736216196382
1120015,30.333820423732597
1470352,94.52917493142714
1229488,45.41652263424725
1252841,158.04873692752642
1387699,301.93382499679456
1105498,193.0491543776352
1484322,128.46280287243357
1497767,131.73063613513636
1169970,96.98764634435442
1013006,421.7868621476975
1079960,183.11682976160276
1102782,257.51273030124355
1304243,81.24258821931583
1234172,60.50140510508264
1037765,30.68548602287548
1242533,27.609025972479195
1457944,145.07060909614802
1359495,227.83938550478956
1258707,197.0908889481728
1405882,89.84260814992952
1413277,108.11530326622747
1456699,98.78811646444812
1241053,40.447259972116804
1185989,43.48631288946552
1330838,32.791712239713746
1389418,33.04263978577173
1115820,59.083990032895905
1090722,37.05231077430668
1431115,37.30323832036467
1287186,40.69818751817479
1259051,175.59710078120884
1364772,205.1995003344591
1287438,197.13522892220846
1430418,984.0741037733518
1212285,642.7665788443229
1489187,421.7868621476975
1462314,33.09541835883834
1035511,98.4409244084857
1299070,422.76704399869277
1311694,569.9175311044708
1440943,899.7449045560779
1327449,238.45630989146522
1231678,204.9485727884011
1076076,294.3874564635465
1148106,1052.54841499623
1325663,549.9441040001311
1179154,762.8411251089397
1382830,89.0568987877406
1301451,71.10964374020064
1175889,71.73088602528792
1231167,135.41424998617074
1272559,98.18999686242772
1096602,68.17182425823393
1070414,59.645462668427236
1359188,685.393566949292
1436738,584.7596266403834
1307575,500.873876406609
1412839,23.56308128170095
1296434,23.56308128170095
1364866,260.4795260202503
1013130,294.6383840096045
1144116,317.9090165076084
1037301,89.0568987877406
1462430,94.27824738536916
1469920,85.19428689764571
1350471,265.12524563645184
1354697,341.85481198748647
1371419,513.6071728483895
1032024,127.66844589393827
1281845,135.41424998617074
1268702,94.46797028891713
1128557,139.66590002155132
1123396,193.5700489409209
1029273,114.36771088292294
1269672,60.75233265114063
1295307,49.934271041141294
1441471,397.51199737445063
1237216,303.7158844855289
1164983,494.0577920710442
1219590,584.7596266403834
1397954,569.9175311044708
1140940,252.1964550746102
1196971,23.56308128170095
1437824,98.4409244084857
1295439,92.42882921504781
1306049,389.8526349534351
1011233,391.7176317893607
1074658,350.43050591801614
1048430,260.2285984741923
1338050,305.11912886295585
1383625,351.9849134854716
1300326,687.4834897477404
1222463,516.1400817272013
1030628,463.7764371379928
1098120,27.609025972479195
1249173,26.139647496940537
1434793,30.333820423732597
1478327,59.645462668427236
1011989,33.04263978577173
1098728,24.2520986296188
1101780,390.1197859130282
1192825,791.3627803821291
1395320,791.3627803821291
1453677,128.71373041849156
1001659,111.45223680408594
1007465,142.5454561053752
1099699,23.56308128170095
1084100,19.60898272233456
1325998,27.609025972479195
1045586,201.77833656980752
1001411,250.509338247975
1028848,342.10059239347845
1149053,78.93806157928589
1194155,60.50140510508264
1307999,66.24205167700161
1114325,37.30323832036467
1391955,37.05231077430668
1346873,40.69818751817479
1458515,32.63028844086352
1133975,587.8920996328875
1125326,405.006342921738
1375200,903.2509594774976
1004647,388.34793588643896
1478258,321.637589564569
1037616,114.11678333686496
1483255,30.584747969790588
1386008,107.76811121026505
1457583,94.71889783497511
1375368,135.41424998617074
1299881,257.26180275518556
1151262,220.84540376051166
1064762,98.18999686242772
1356650,71.10964374020064
1353148,80.34410732504644
1074567,941.9644280733947
1314973,391.7176317893607
1068992,686.3769915036936
1239782,98.18999686242772
1389891,85.19428689764571
1129388,58.83306248683792
1317350,111.12301505627862
1284526,294.3874564635465
1288418,260.2285984741923
1041821,51.622173518558036
1401183,65.99112413094363
1292957,405.006342921738
1271702,569.9175311044708
1183331,468.28789663325574
1058379,26.139647496940537
1417011,28.232661064152953
1017142,112.3695351723887
1216650,167.5395396872868
1239666,197.0908889481728
1153751,94.27824738536916
1270388,85.0964335352373
1109049,85.0964335352373
1108947,142.2945285593172
1210194,104.48533109171078
1022652,188.08353041308843
1376126,65.99112413094363
1484827,94.71889783497511
1027189,75.6082897080218
1441240,404.7533617956391
1220382,397.51199737445063
1251729,158.04873692752642
1401191,738.9872266907895
1026264,728.4566098625397
1031580,334.19422889788916
1419007,37.05231077430668
1391582,107.76811121026505
1429750,68.18664461831307
1317412,250.1452410113728
1027337,461.3233563984868
1349762,450.5736280496527
1031100,197.13522892220846
1198249,289.79940575609317
1409834,297.0353323014201
1363459,1267.2030337184526
1179481,423.01282440468475
1423597,690.0561246416229
1129631,142.2945285593172
1252222,131.73063613513636
1232423,110.52174250058755
1414372,305.11912886295585
1321337,294.3874564635465
1219585,59.89639021448522
1246961,45.51726068733215
1333058,569.9175311044708
1151245,726.8841773678105
1263599,762.2299604046132
1416825,23.56308128170095
1434236,27.609025972479195
1227664,250.06644564670663
1266752,229.69115747355295
1457613,388.34793588643896
1111913,186.11565078621612
1369393,136.96734742718112
1491416,141.65573646786666
1038031,191.9221074329747
1287849,162.2680647201501
1368918,214.92445316858345
1481378,58.83306248683792
1071420,85.34736108129528
1073006,58.83306248683792
1080022,472.8093684877515
1491603,541.846327536151
1230288,478.4608610040736
1217412,257.26180275518556
1449114,239.96468016607508
1142889,75.35736216196382
1428256,25.747795365433614
1198629,66.24205167700161
1050828,50.94733364650126
1132047,108.99429086918374
1444841,245.3727875602082
1339727,212.46227016911783
1380337,145.07060909614802
1497986,137.3699196254669
1285104,127.66844589393827
1025770,461.59920098329786
1459130,164.78803142581074
1475649,207.83367658085322
1089842,27.609025972479195
1455637,40.447259972116804
1238935,110.27081495452957
1300202,89.0568987877406
1462333,33.04263978577173
1413606,24.33039283136814
1494072,28.232661064152953
1031959,187.83260286703043
1040232,289.79940575609317
1005311,244.22398533311585
1485835,20.05069109336787
1157241,22.1780454486166
1162155,132.3287557371568
1071564,165.38615102783118
1371096,189.00374332954246
1395033,59.645462668427236
1424836,49.934271041141294
1203934,32.37936089480551
1362060,26.390575042998528
1231316,33.04263978577173
1283484,32.37936089480551
1071651,28.232661064152953
1497563,297.6410950332689
1186395,227.58845795873157
1362405,127.66844589393827
1422185,1300.7610891226095
1003947,946.9573623149822
1157667,586.1974367927389
1311380,44.09581422064965
1221429,111.3739426023366
1408590,450.5736280496527
1320907,462.1313904107206
1244622,947.2082898610402
1206366,107.51718366420707
1466483,104.2344035456528
1357536,179.12442123671096
1414147,1305.8567601547065
1225625,646.0979930206123
1247041,898.6127647977653
1272992,127.66844589393827
1249208,111.12301505627862
1281981,260.2285984741923
1146421,313.1748500801933
1134896,201.77833656980752
1175537,98.18999686242772
1260481,74.88109677721465
1200641,107.51718366420707
1218895,687.4799865773577
1274263,702.7579344090778
1053052,586.1974367927389
1034995,43.48631288946552
1184775,40.783443703447354
1244740,30.333820423732597
1458802,212.71319771517582
1429932,296.7366934554983
1112304,269.98633362547315
1389049,80.65529949362455
1296135,71.73088602528792
1400158,49.68334349508331
1227586,132.3287557371568
1092849,186.11565078621612
1240507,404.7533617956391
1270940,188.40562372752203
1419601,131.73063613513636
1424002,141.40480892180867
1086621,257.26180275518556
1238858,450.83509598272263
1454072,342.10573953354447
1389072,89.0568987877406
1307058,92.42882921504781
1412351,68.18664461831307
1292992,516.1400817272013
1345321,398.630928735342
1484299,391.7176317893607
1269970,1154.5795736994444
1378850,822.4319181539063
1208125,552.854929591198
1018065,40.783443703447354
1135792,98.4409244084857
1153704,89.30782633379857
1030092,587.8920996328875
1109996,655.844186407494
1413059,1281.487727307128
1307291,303.7158844855289
1470695,295.0446176028904
1201860,383.306046597072
1255519,1149.671688079348
1093602,677.2770357876691
1395444,812.34234649514
1495479,73.84445986896775
1242833,60.50140510508264
1488573,111.12301505627862
1245680,98.18999686242772
1381660,65.99112413094363
1149622,50.03500909422619
1179762,740.2225336632139
1272569,710.6883177571254
1227336,587.8920996328875
1300660,23.56308128170095
1126164,25.71927316221139
1261027,131.98156368119436
1361680,60.75233265114063
1194817,71.36057128625862
1031378,65.99112413094363
1456961,67.41930886346482
1376318,40.783443703447354
1355744,288.45878500593597
1167614,311.4340848322759
1394039,405.006342921738
1398643,153.7462205273739
1281877,152.0648134656565
1216771,123.94830623540877
1153076,259.61493083006627
1265246,124.19923378146675
1373086,44.09581422064965
1496602,66.24205167700161
1209053,51.52143546547314
1003446,389.8526349534351
1340407,353.4641581741101
1361224,616.183528781841
1020166,773.3338743638479
1148498,770.9412155716116
1115572,426.51843919045194
1015892,44.09581422064965
1370963,112.02234311642627
1492892,79.18898912534387
1142508,220.40962337106367
1028341,390.1460862534218
1088414,450.5787751897187
1260188,193.31912139486292
1067421,179.12442123671096
1233592,238.45630989146522
1273816,1052.297487450172
1098491,377.0439565154405
1477747,667.7490973097374
1374798,123.40493872868458
1289382,108.99429086918374
1096746,81.24258821931583
1443736,162.0171371740921
1431499,388.34793588643896
1247601,342.10059239347845
1163384,51.52143546547314
1096384,51.622173518558036
1349869,62.48025450402028
1313064,549.9441040001311
1450646,678.0505395576475
1336198,586.1974367927389
1289109,26.139647496940537
1477460,33.09541835883834
1430111,32.044746901157346
1390581,167.5395396872868
1148989,265.12524563645184
1036356,326.49716454512424
1402927,158.04873692752642
1155177,123.9134088552616
1384496,177.54302085472833
1300589,98.4409244084857
1390700,177.18520961448317
1332626,62.48025450402028
1427233,98.18999686242772
1113146,78.93806157928589
1130685,390.10154249480604
1154445,389.8526349534351
1040018,257.9945301393288
1173977,429.3303902885769
1435100,311.00044655408396
1118094,136.96734742718112
1497854,26.139647496940537
1312395,74.09538741502573
1373505,60.75233265114063
1070796,136.7697574463391
1344591,260.2285984741923
1070988,250.06644564670663
1113433,252.1964550746102
1467808,201.77833656980752
1440616,250.06644564670663
1066544,668.5683343640128
1013600,239.35856061749607
1332724,269.98633362547315
1267612,65.84094859771089
1426137,51.27050791941515
1341745,33.346345904896324
1121620,41.13510930259024
1108446,26.139647496940537
1156744,297.6410950332689
1436558,455.72699936568034
1454563,353.4641581741101
1402483,152.66293306767693
1058135,197.0908889481728
1219833,191.9221074329747
1134765,85.19428689764571
1075081,44.09581422064965
1367594,37.30323832036467
1346618,60.75233265114063
1164512,42.56703956474454
1269071,49.934271041141294
1241572,37.30323832036467
1201168,289.79940575609317
1255856,377.0439565154405
1381766,259.3640032840083
1055474,60.50140510508264
1201164,78.93806157928589
1148456,33.09541835883834
1358056,27.859953518537186
1349508,33.346345904896324
1430112,104.2344035456528
1354895,110.44300572415969
1364688,71.9818135713459
1125362,135.41424998617074
1486680,179.12442123671096
1089351,165.63707857388917
1363190,111.12301505627862
1292208,105.08345069373118
1112432,22.1780454486166
1446385,16.446961045091246
1240091,62.48025450402028
1224590,318.15479691360036
1183866,239.96468016607508
1001235,158.64685652954685
1004659,180.85369829572426
1033617,191.9221074329747
1108380,28.232661064152953
1020071,16.008871243231383
1190203,16.008871243231383
1355554,282.00457750580074
1150838,98.18999686242772
1403569,403.06418331916177
1288154,797.8983186506963
1227739,478.4608610040736
1437561,334.14563246261207
1230082,37.05231077430668
1103290,92.42882921504781
1252304,68.18664461831307
1202685,297.0353323014201
1209418,334.74626655365205
1247179,613.3448216307842
1453728,71.73088602528792
1498748,89.0568987877406
1341061,142.2945285593172
1432174,645.342716908588
1436089,307.3765308043676
1069738,508.1920293159572
1337949,62.039650096962404
1404369,57.92757598027962
1394008,40.783443703447354
1369244,98.18999686242772
1265660,139.35052008215322
1251720,73.84445986896775
1384055,59.083990032895905
1458904,37.40397637344957
1214193,59.645462668427236
1177417,387.6557107577639
1157955,397.51199737445063
1142032,298.24134385505363
1348081,30.333820423732597
1115606,23.56308128170095
1211003,22.39374657374814
1436481,192.1730349790327
1118823,239.96468016607508
1380882,239.60948816355406
1478836,60.50140510508264
1143621,37.05231077430668
1183418,40.783443703447354
1079214,112.3695351723887
1126539,165.38615102783118
1298252,289.79940575609317
1227142,104.2344035456528
1393458,104.2344035456528
1002205,85.19428689764571
1443559,123.9134088552616
1472361,186.36657833227412
1369151,141.65573646786666
1160584,45.165595088189264
1280019,51.52143546547314
1230268,49.934271041141294
1195053,265.37617318250983
1180599,188.40562372752203
1336840,265.12524563645184
1262455,607.2832400963322
1042584,404.7533617956391
1318385,227.58845795873157
1343351,51.52143546547314
1143891,111.77141557036829
1428670,250.06644564670663
1013485,259.61493083006627
1034126,58.17850352633761
1166099,111.42423279021803
1016244,762.8411251089397
1345589,326.49716454512424
1114402,470.74097737276173
1471306,127.66844589393827
1230498,135.41424998617074
1410391,108.99429086918374
1432815,104.2344035456528
1396310,260.2285984741923
1225379,229.69115747355295
1357223,45.41652263424725
1424801,43.83797848860841
1138058,51.27050791941515
1314140,468.28789663325574
1131331,432.2685389934005
1417511,389.8526349534351
1354317,30.856417305070458
1454730,20.05069109336787
1459762,152.8407390650116
1448364,186.11565078621612
1285568,269.73540607941516
1077953,111.12301505627862
1349904,67.93571707225509
1293562,153.7462205273739
1374092,153.9971480734319
1414429,326.50231168519025
1137486,49.68334349508331
1321867,59.89639021448522
1157820,33.346345904896324
1244775,353.4641581741101
1153911,303.0616945182964
1174376,141.40480892180867
1480593,1852.347590955707
1282243,1599.0640337753812
1412456,946.9573623149822
1070312,59.645462668427236
1305864,188.65655127358002
1426747,165.03895897186874
1201688,616.183528781841
1234045,784.023208205906
1033201,1087.7247061794997
1150178,152.0648134656565
1258210,153.7462205273739
1136497,314.38784196512813
1405719,1638.9379976486464
1394203,873.198060491948
1359640,1322.1463640552158
1284694,123.9134088552616
1086787,107.51718366420707
1130883,73.84445986896775
1165887,197.13522892220846
1272696,429.3303902885769
1069327,201.18922079720608
1255481,94.52917493142714
1410666,142.2538560698871
1418313,111.12301505627862
1352442,818.6626645196303
1258929,984.0741037733518
1323110,873.198060491948
1255321,37.05231077430668
1173518,37.05231077430668
1171371,37.05231077430668
1388769,450.5736280496527
1074286,647.2471200328392
1315446,500.873876406609
1018008,90.2169898725787
1426756,111.12301505627862
1394245,51.27050791941515
1307498,139.94863968417366
1297279,227.58845795873157
1259587,464.0403842706231
1008085,139.66590002155132
1009210,152.24261946299117
1124731,123.9134088552616
1051084,298.24134385505363
1157826,609.2971114491663
1416374,318.1599440536664
1392013,73.84445986896775
1299309,111.3739426023366
1222583,114.36771088292294
1463904,523.9682541816373
1463942,462.3933485712259
1402108,678.0505395576475
1387994,123.40493872868458
1452032,136.96734742718112
1084546,107.51718366420707
1071254,23.56308128170095
1483489,110.52174250058755
1169274,92.42882921504781
1028510,128.46280287243357
1258824,297.0353323014201
1120442,131.73063613513636
1463169,153.7462205273739
1258110,137.3699196254669
1102279,706.7251804659485
1242379,265.12524563645184
1418399,227.83938550478956
1201509,32.791712239713746
1104417,37.05231077430668
1394810,45.51726068733215
1298051,33.09541835883834
1499610,177.54302085472833
1217236,822.4319181539063
1345367,603.9118101820272
1369846,137.56546702920156
1048549,144.09429894914115
1043632,145.66872869816845
1198423,32.791712239713746
1096290,20.918566643974415
1173685,23.81400882775894
1319634,58.83306248683792
1235816,74.09538741502573
1102838,71.16558511626941
1302275,429.3303902885769
1426141,461.3233563984868
1439805,342.10059239347845
1023822,870.4905644011565
1475506,762.2299604046132
1441669,584.7416583664025
1048054,32.791712239713746
1291085,71.16558511626941
1302259,62.73118205007827
1432412,516.1400817272013
1411581,464.5777208381119
1071762,805.3112532059515
1160616,123.40493872868458
1473307,135.41424998617074
1107898,260.2285984741923
1453508,812.5942512884623
1215207,456.6264052674344
1242328,607.2058481649234
1099146,65.99112413094363
1102106,49.68334349508331
1202501,85.0964335352373
1452330,160.42278607720814
1328879,111.42423279021803
1255258,58.83306248683792
1317946,40.79892557125969
1191571,49.68334349508331
1439488,494.0577920710442
1096814,728.4566098625397
1096101,614.3853909212653
1167507,15.757943697173394
1424223,22.39374657374814
1249562,405.006342921738
1360889,526.9571675492002
1118377,450.5787751897187
1489391,40.783443703447354
1143936,32.791712239713746
1014849,165.38615102783118
1072974,189.00374332954246
1158030,383.306046597072
1286790,137.3699196254669
1283749,94.46797028891713
1454882,162.0171371740921
1273798,124.16433640131957
1092030,124.16433640131957
1318193,40.783443703447354
1249681,60.75233265114063
1152131,40.69818751817479
1165448,353.4641581741101
1340832,260.2285984741923
1305444,616.183528781841
1009801,1072.4239313261794
1043614,873.198060491948
1488427,516.1400817272013
1027348,37.05231077430668
1343251,71.9818135713459
1238317,71.36057128625862
1393217,342.10059239347845
1211198,426.51843919045194
1395759,805.5631579992738
1405296,107.51718366420707
1120250,98.18999686242772
1284435,179.12442123671096
1295304,941.8329846559928
1469601,466.5413610886773
1298616,755.934003349573
1416111,139.35052008215322
1292623,158.04873692752642
1112045,258.9661051334541
1127606,311.00044655408396
1416451,193.31912139486292
1118212,71.36057128625862
1292308,50.03500909422619
1092303,62.039650096962404
1316510,710.6883177571254
1059149,613.4450048155272
1041132,528.7018123144654
1024747,40.447259972116804
1165880,238.70723743752322
1215424,282.25550505185873
1407685,296.7366934554983
1368795,89.0568987877406
1319830,89.30782633379857
1140603,43.48631288946552
1050495,137.56546702920156
1442610,197.0908889481728
1079668,404.7533617956391
1348246,138.94175982265241
1011640,114.11678333686496
1174967,257.9945301393288
1304263,401.53146896801366
1318179,260.4795260202503
1330995,43.48631288946552
1249422,66.24205167700161
1374063,60.75233265114063
1164966,463.40606868843656
1117868,307.3765308043676
1207808,353.4641581741101
1356623,114.11678333686496
1292177,114.11678333686496
1362232,73.84445986896775
1318369,37.05231077430668
1122331,62.039650096962404
1474320,153.7462205273739
1220533,71.9818135713459
1432625,111.12301505627862
1234799,153.7462205273739
1145502,127.66844589393827
1261614,404.5075813896471
1137715,191.9221074329747
1360028,99.0390440105061
1181152,15.757943697173394
1471184,40.447259972116804
1238288,33.14337783885662
1167008,28.232661064152953
1336045,104.2344035456528
1364347,614.3853909212653
1256770,510.47401064871127
1127368,15.757943697173394
1495208,15.757943697173394
1354195,160.76997813317058
1150110,165.38615102783118
1081286,179.7225408387314
1322698,33.09541835883834
1180979,32.791712239713746
1319966,27.859953518537186
1482514,67.41930886346482
1102096,45.41652263424725
1061735,401.52632182794764
1055430,389.8526349534351
1140859,334.14563246261207
1473650,492.1257035426043
1154621,461.5546411231465
1437856,305.11912886295585
1335565,71.73088602528792
1164020,180.50650623976182
1242972,139.60144762821122
1376813,259.61493083006627
1150281,677.2770357876691
1467638,387.6557107577639
1430610,177.54302085472833
1421101,145.07060909614802
1469436,127.66844589393827
1454969,1334.8044473066816
1246779,500.873876406609
1426987,780.3877678841095
1498194,164.78803142581074
1065013,131.73063613513636
1138879,136.96734742718112
1494749,468.28789663325574
1414842,342.10059239347845
1185774,94.71889783497511
1009486,86.23092380589262
1115922,123.94830623540877
1009382,461.3233563984868
1272886,510.47401064871127
1443163,390.10154249480604
1216054,40.447259972116804
1085309,37.05231077430668
1059013,40.783443703447354
1222696,158.64685652954685
1009729,307.3765308043676
1124996,311.00044655408396
1229061,127.66844589393827
1128244,108.99429086918374
1126475,104.2344035456528
1309951,187.83260286703043
1150996,201.44014834326407
1164600,305.37005640901384
1182987,111.12301505627862
1069214,109.24521841524172
1142397,111.77141557036829
1184430,646.0979930206123
1430928,456.6264052674344
1468073,265.12524563645184
1397686,334.14563246261207
1314012,404.7533617956391
1299667,127.66844589393827
1243058,26.139647496940537
1290913,60.75233265114063
1261255,50.94733364650126
1089155,188.40562372752203
1235375,456.6264052674344
1099897,334.14563246261207
1068354,265.12524563645184
1417666,298.24134385505363
1245806,282.00457750580074
1115605,582.6785243526238
1009948,311.00044655408396
1170506,303.96681203158687
1177759,45.165595088189264
1054214,114.11678333686496
1368624,108.99429086918374
1103978,33.346345904896324
1484308,32.731026493948406
1475609,40.447259972116804
1325531,294.3874564635465
1498562,399.7874730227927
1367438,321.637589564569
1072330,15.757943697173394
1422509,15.757943697173394
1138980,128.26656549595862
1457123,193.31912139486292
1352466,154.34434012939434
1375968,58.83306248683792
1200756,51.27050791941515
1399529,59.89639021448522
1292602,71.73088602528792
1276712,32.37936089480551
1067118,33.09541835883834
1058093,28.483588610210944
1121260,313.1748500801933
1123801,456.6264052674344
1128131,288.45878500593597
1403090,1852.347590955707
1494403,1259.589965288865
1300912,318.15479691360036
1164224,49.68334349508331
1478982,107.76811121026505
1143415,90.46791741863667
1144895,569.9175311044708
1293848,652.5231949582105
1486024,1143.0866667055848
1075569,207.58274903479523
1166445,153.7462205273739
1091700,260.2285984741923
1297841,1150.9142557001574
1494638,591.2741245166496
1376394,985.134972769879
1075821,107.51718366420707
1013599,85.19428689764571
1125124,135.41424998617074
1178918,179.37534878276895
1082719,111.12301505627862
1093368,58.17850352633761
1037894,61.253920499851745
1449907,60.50140510508264
1149138,684.9073516834752
1148821,684.707431899225
1014215,492.1257035426043
1470124,27.609025972479195
1455251,27.609025972479195
1007092,27.609025972479195
1238329,114.36771088292294
1223262,141.65573646786666
1241780,153.9971480734319
1198811,207.58274903479523
1312242,294.3874564635465
1048476,141.40480892180867
1394990,183.7149493636232
1154308,354.1851435696782
1044825,390.1460862534218
1104439,142.2945285593172
1404040,89.0568987877406
1329389,136.7697574463391
1104551,282.25550505185873
1200980,161.44291159194853
1083081,59.645462668427236
1217301,71.16558511626941
1233817,74.09538741502573
1458527,399.7874730227927
1022447,333.8998520566201
1125019,423.01282440468475
1284038,2004.3469555248903
1039868,405.006342921738
1189895,110.27081495452957
1104338,30.856417305070458
1387572,90.46791741863667
1427998,94.52917493142714
1364586,131.73063613513636
1447078,423.01282440468475
1424493,220.40962337106367
1153701,187.83260286703043
1259542,197.13522892220846
1149289,197.13522892220846
1149589,758.8041596809248
1497732,325.64117507705777
1318349,423.01797154475076
1137539,98.18999686242772
1179084,70.91465757021143
1178839,67.41930886346482
1321675,139.35052008215322
1074276,139.35052008215322
1036452,60.75233265114063
1163892,59.99712826757012
1464167,43.48631288946552
1238107,326.49716454512424
1121434,614.3853909212653
1329563,552.854929591198
1426628,22.1780454486166
1076297,22.1780454486166
1316569,193.31912139486292
1181666,212.46227016911783
1023747,260.2285984741923
1286111,89.30782633379857
1138868,73.84445986896775
1142328,75.35736216196382
1000213,44.34674176670764
1222239,59.89639021448522
1455577,44.09581422064965
1422884,58.83306248683792
1116729,37.30323832036467
1401840,252.1964550746102
1322160,250.509338247975
1065299,252.71739626185848
1410494,684.707431899225
1120819,643.2933866854997
1172141,220.40962337106367
1152289,34.60728634400457
1494678,62.29057764302039
1313410,40.69818751817479
1469544,188.40562372752203
1020398,298.24134385505363
1180290,313.1748500801933
1047888,398.630928735342
1056647,383.306046597072
1271890,450.5736280496527
1279914,795.852826943295
1107324,289.79940575609317
1079083,390.1512333934878
1040424,73.84445986896775
1375324,44.09581422064965
1063638,71.10964374020064
1226151,65.84094859771089
1188752,179.12442123671096
1243089,158.04873692752642
1091380,43.73724043552351
1457124,33.44708395798122
1160540,37.05231077430668
1229078,494.0577920710442
1292157,552.854929591198
1283752,492.1257035426043
1337756,26.139647496940537
1019894,177.5324016704456
1149279,212.46227016911783
1366712,265.12524563645184
1423099,123.94830623540877
1296614,75.35736216196382
1395362,73.84445986896775
1018563,131.73063613513636
1460712,74.09538741502573
1333592,127.91937343999619
1266463,42.56703956474454
1021754,51.52143546547314
1471499,37.30323832036467
1211601,390.10154249480604
1230538,305.11912886295585
1173007,260.2285984741923
1208269,390.1460862534218
1419205,404.7533617956391
1443718,197.13522892220846
1413986,40.447259972116804
1348732,62.29057764302039
1437001,44.34674176670764
1288076,201.18922079720608
1107366,552.854929591198
1446516,282.00457750580074
1026832,176.93428206842518
1377293,158.04873692752642
1327619,127.66844589393827
1029810,722.1606528074996
1486382,252.1964550746102
1333333,405.011490061804
1217680,176.93428206842518
1187666,128.46280287243357
1013820,41.13510930259024
1251384,40.447259972116804
1237150,229.69115747355295
1449113,318.15479691360036
1019323,260.2285984741923
1303077,27.609025972479195
1355384,15.757943697173394
1077780,98.78811646444812
1195787,137.56546702920156
1209720,104.8325231476732
1026794,67.93571707225509
1397636,104.2344035456528
1083476,80.90622703968253
1471389,153.9971480734319
1304142,43.48631288946552
1291714,58.83306248683792
1209154,32.791712239713746
1028308,311.00044655408396
1058238,334.74626655365205
1114637,192.7982268315772
1461605,687.4780410475747
1179263,587.8920996328875
1107947,250.1452410113728
1173875,32.37936089480551
1166222,71.9818135713459
1331960,59.89639021448522
1209311,180.25557869370382
1314578,313.1748500801933
1023501,303.0616945182964
1001106,114.11678333686496
1265560,124.16433640131957
1290036,111.12301505627862
1189265,692.7530537429349
1302283,297.6410950332689
1393194,403.0693304592278
1425445,67.41930886346482
1272403,50.69640610044327
1230052,58.83306248683792
1154252,60.50140510508264
1085465,183.11682976160276
1498109,176.93428206842518
1218778,33.44708395798122
1200557,40.447259972116804
1355546,325.64117507705777
1138486,423.01282440468475
1091432,415.8536693994446
1446786,26.139647496940537
1445743,32.37936089480551
1498415,23.56308128170095
1078406,112.3695351723887
1014560,132.3287557371568
1388676,177.5324016704456
1228683,80.34410732504644
1075442,71.73088602528792
1122296,65.84094859771089
1370085,111.77141557036829
1145515,92.42882921504781
1299855,153.9971480734319
1472252,43.48631288946552
1467820,59.083990032895905
1363781,37.30323832036467
1275016,265.37617318250983
1062111,250.509338247975
1180048,250.06644564670663
1155226,642.7665788443229
1382591,465.6113383269906
1412941,318.15479691360036
1098172,32.37936089480551
1163030,74.09538741502573
1370125,269.73540607941516
1145013,296.4857659094403
1276034,558.4691713681995
1036398,197.0908889481728
1200304,186.11565078621612
1144786,269.73540607941516
1377570,521.6862728488835
1438635,311.4340848322759
1469801,404.7585089357051
1439692,33.09541835883834
1409284,33.09541835883834
1041718,58.83306248683792
1079423,33.04263978577173
1481762,33.14337783885662
1146091,32.791712239713746
1057460,383.306046597072
1250344,350.4253587779501
1477694,326.49716454512424
1210203,15.757943697173394
1471242,197.42011069598013
1333824,294.3874564635465
1012400,32.791712239713746
1157950,23.56308128170095
1031549,33.09541835883834
1036302,111.72113465829902
1038594,197.13522892220846
1398217,260.2285984741923
1422692,65.84094859771089
1010584,70.91465757021143
1408973,104.48533109171078
1160131,49.934271041141294
1486738,30.856417305070458
1256588,44.34674176670764
1069257,33.346345904896324
1149920,214.67352562252546
1483944,175.59710078120884
1485217,389.8526349534351
1400875,614.3853909212653
1022245,405.006342921738
1294514,314.38784196512813
1270168,26.139647496940537
1279549,258.9661051334541
1413452,391.7176317893607
1333540,522.2236094163721
1095610,128.46280287243357
1483263,123.9134088552616
1484037,180.25557869370382
1402254,470.74097737276173
1067620,342.10059239347845
1033845,489.8437222098504
1457199,62.48025450402028
1461934,65.99112413094363
1374006,152.24261946299117
1149610,49.934271041141294
1069568,33.44708395798122
1168055,40.783443703447354
1356784,391.7176317893607
1094406,307.3765308043676
1057854,314.38784196512813
1241439,23.56308128170095
1290397,20.918566643974415
1134558,188.65655127358002
1308196,239.96468016607508
1086294,258.2454576853868
1216692,32.37936089480551
1176696,26.139647496940537
1064150,108.11530326622747
1182284,139.94863968417366
1347467,259.3640032840083
1011416,104.2344035456528
1398536,94.46797028891713
1076352,162.0171371740921
1316073,161.44291159194853
1488053,110.52174250058755
1412357,32.791712239713746
1092650,45.41652263424725
1354071,59.083990032895905
1423581,297.0353323014201
1139167,197.0908889481728
1108221,252.1964550746102
1171237,683.8008534394285
1271325,461.3233563984868
1038005,303.7158844855289
1477973,37.05231077430668
1143573,107.76811121026505
1017120,81.49351576537381
1004495,298.24134385505363
1359815,405.006342921738
1163620,582.9970136011373
1169404,112.54495677784358
1153742,123.94830623540877
1482596,111.12301505627862
1430441,955.2538038633182
1058431,464.5777208381119
1230152,680.6266776219127
1195031,85.19428689764571
1171212,81.24258821931583
1432643,104.48533109171078
1357541,153.7462205273739
1489539,111.42423279021803
1172247,45.51726068733215
1459796,58.83306248683792
1349036,398.630928735342
1132296,784.023208205906
1020858,516.1400817272013
1458950,25.747795365433614
1228009,23.56308128170095
1244788,153.7462205273739
1092608,212.71319771517582
1127608,205.1995003344591
1147034,51.27050791941515
1252812,45.165595088189264
1363297,33.09541835883834
1368119,111.72113465829902
1013355,158.64685652954685
1050369,227.58845795873157
1232497,65.99112413094363
1053752,107.51718366420707
1258609,197.34181649423078
1024127,143.7471068931787
1293246,73.84445986896775
1420334,85.34736108129528
1249171,60.75233265114063
1493552,397.51199737445063
1493470,311.4340848322759
1440519,455.72699936568034
1408420,197.0908889481728
1320892,289.79940575609317
1395898,62.48025450402028
1266940,45.41652263424725
1195405,37.30323832036467
1321283,127.66844589393827
1026142,245.3727875602082
1398699,143.49617934712072
1397755,111.12301505627862
1249332,137.3699196254669
1049602,135.41424998617074
1089873,450.5736280496527
1339163,207.58274903479523
1211162,162.04103119396896
1060487,45.165595088189264
1017376,34.60728634400457
1455813,23.56308128170095
1474172,26.49131309608342
1032075,164.78803142581074
1312652,516.1400817272013
1442048,404.7533617956391
1145540,15.757943697173394
1277563,112.3695351723887
1053334,132.3287557371568
1095442,154.34434012939434
1335552,23.56308128170095
1329839,15.757943697173394
1470260,32.63028844086352
1121456,30.856417305070458
1475918,40.69818751817479
1400690,33.04263978577173
1153013,404.7533617956391
1175925,478.4608610040736
1044804,342.10059239347845
1270105,462.3933485712259
1166614,388.34793588643896
1372023,139.35052008215322
1126656,22.1780454486166
1096892,43.73724043552351
1162121,94.46797028891713
1299109,127.66844589393827
1072859,145.07060909614802
1337063,49.68334349508331
1311410,45.165595088189264
1040248,71.73088602528792
1020719,568.1728863392055
1371825,238.45630989146522
1242112,353.4693053141761
1426771,67.41930886346482
1150521,43.48631288946552
1155714,94.46797028891713
1206978,207.58274903479523
1258554,175.59710078120884
1487429,40.69818751817479
1132590,34.958951943147454
1412346,42.56703956474454
1044873,313.1748500801933
1435076,326.49716454512424
1376033,260.2285984741923
1473729,19.60898272233456
1081462,22.39374657374814
1187246,76.14307152415275
1288016,108.11530326622747
1163834,154.34434012939434
1391562,58.83306248683792
1092746,131.73063613513636
1217220,111.3739426023366
1453727,158.29966447358441
1419763,37.05231077430668
1133698,49.68334349508331
1292555,37.30323832036467
1173065,197.13522892220846
1320694,127.66844589393827
1406117,111.65760982073394
1493137,432.2685389934005
1200019,455.72699936568034
1441304,298.24134385505363
1486977,37.05231077430668
1173592,112.02234311642627
1196727,60.75233265114063
1341646,179.12442123671096
1142440,294.3874564635465
1273416,296.4857659094403
1369678,158.04873692752642
1237914,158.04873692752642
1489392,197.0908889481728
1448998,791.2052411257291
1109229,294.3874564635465
1135688,398.63607587540804
1290122,51.27050791941515
1195644,49.68334349508331
1455960,62.039650096962404
1065108,128.46280287243357
1160251,104.2344035456528
1052765,45.41652263424725
1006876,50.03500909422619
1375995,58.83306248683792
1177267,334.74626655365205
1123762,516.1400817272013
1135977,423.01282440468475
1380921,27.609025972479195
1152704,22.39374657374814
1059572,26.139647496940537
1147431,124.00305833070499
1166118,192.7982268315772
1241642,227.58845795873157
1239441,70.91465757021143
1139610,78.93806157928589
1173347,59.645462668427236
1065220,94.46797028891713
1263020,98.4409244084857
1186787,158.29966447358441
1100287,59.645462668427236
1063008,79.18898912534387
1272311,60.75233265114063
1323831,294.3874564635465
1350933,313.1748500801933
1188980,289.79940575609317
1321339,282.00457750580074
1468793,334.14563246261207
1065918,107.51718366420707
1483544,85.44521444370369
1360874,184.93322840211732
1172503,388.34793588643896
1394736,227.58845795873157
1463533,180.25557869370382
1101245,260.2285984741923
1297806,238.81836432014148
1141630,669.1801248087511
1115561,250.06644564670663
1359056,297.8920225793269
1427543,51.27050791941515
1049897,60.50140510508264
1364909,37.30323832036467
1001108,41.13510930259024
1445007,176.93428206842518
1441123,455.72699936568034
1184466,377.0439565154405
1445824,127.84243760817715
1424016,145.66872869816845
1078356,124.00305833070499
1160637,45.165595088189264
1036844,37.05231077430668
1311516,49.68334349508331
1306448,27.859953518537186
1221703,44.34674176670764
1079424,42.56703956474454
1286572,40.69818751817479
1470862,33.346345904896324
1247296,289.79940575609317
1492100,342.10059239347845
1104993,390.10154249480604
1098936,398.630928735342
1141172,313.1748500801933
1097071,152.24261946299117
1218774,32.791712239713746
1424527,90.46791741863667
1308493,66.09187614376887
1280655,110.27081495452957
1393998,265.12524563645184
1263011,162.0171371740921
1442984,136.96734742718112
1480196,123.94830623540877
1392278,164.78803142581074
1182497,812.5942512884623
1142809,239.35856061749607
1331391,353.4693053141761
1491271,15.557220209670701
1333321,15.557220209670701
1044434,164.78803142581074
1458337,123.94830623540877
1403727,45.41652263424725
1355003,40.79892557125969
1305696,58.83306248683792
1225892,250.06644564670663
1137454,607.2832400963322
1388897,584.7416583664025
1252682,26.139647496940537
1054158,22.1780454486166
1119962,176.19522038322927
1353816,220.40962337106367
1182051,220.40962337106367
1025615,73.84445986896775
1395390,98.18999686242772
1100937,79.18898912534387
1337610,114.36771088292294
1078383,67.41930886346482
1253337,98.18999686242772
1396082,67.6702364095228
1241787,325.64117507705777
1467840,429.3303902885769
1320321,245.3727875602082
1027184,762.2299604046132
1083175,738.9872266907895
1495092,245.3727875602082
1372971,40.447259972116804
1179921,94.52917493142714
1192611,79.18898912534387
1307584,191.9221074329747
1097417,303.7158844855289
1469771,391.7176317893607
1081567,135.41424998617074
1224368,164.78803142581074
1124284,193.31912139486292
1369939,780.3877678841095
1470426,388.34793588643896
1212390,457.45363721890436
1201353,80.65529949362455
1175963,62.039650096962404
1143972,166.94142008526637
1064669,350.4253587779501
1095090,269.73540607941516
1408414,45.41652263424725
1181919,51.622173518558036
1035955,49.68334349508331
1137622,405.006342921738
1141624,405.006342921738
1030906,462.1313904107206
1351716,23.56308128170095
1387275,111.72113465829902
1491481,128.26656549595862
1266099,220.40962337106367
1497126,111.42423279021803
1484353,107.51718366420707
1066140,104.2344035456528
1012482,204.9485727884011
1223316,197.0908889481728
1374077,390.1512333934878
1214809,40.783443703447354
1079574,58.83306248683792
1437074,40.447259972116804
1254126,462.04979928476877
1386744,318.15479691360036
1140562,250.06644564670663
1057783,1300.7610891226095
1028990,1149.9618275012292
1171657,541.846327536151
1499767,40.783443703447354
1034565,142.5454561053752
1100732,124.16433640131957
1124599,614.3853909212653
1036809,684.9073516834752
1181111,1087.7247061794997
1339004,229.69115747355295
1442340,214.67352562252546
1076769,350.4253587779501
1273291,1082.5658930133454
1268563,762.2299604046132
1267199,829.181110956308
1432609,89.0568987877406
1386785,65.99112413094363
1001425,71.43886548800796
1116564,162.0171371740921
1373247,111.67516033627601
1134168,59.1847280859808
1022092,70.91465757021143
1423085,728.4566098625397
1421303,821.0370965557263
1045999,773.3338743638479
1027413,22.1780454486166
1068236,23.56308128170095
1049332,476.71621623880844
1202896,457.7400462403351
1185320,455.72699936568034
1061666,45.165595088189264
1082570,50.69640610044327
1105399,42.56703956474454
1036403,197.0908889481728
1416031,250.06644564670663
1093307,390.1460862534218
1274780,145.29757198979337
1208290,141.40480892180867
1010615,104.2344035456528
1262992,138.94175982265241
1331934,220.87781506919137
1030226,158.29966447358441
1255690,49.68334349508331
1466677,66.24205167700161
1284600,59.89639021448522
1415928,528.7018123144654
1135508,252.1964550746102
1292547,738.9872266907895
1317061,510.47401064871127
1125938,462.3933485712259
1132252,153.7462205273739
1098604,23.56308128170095
1281504,60.75233265114063
1367222,62.29057764302039
1274168,152.0648134656565
1468823,298.24134385505363
1333274,265.37617318250983
1441700,71.16558511626941
1319758,107.51718366420707
1464015,94.27824738536916
1484802,645.8695247497649
1029668,260.2285984741923
1072649,390.1512333934878
1338138,60.50140510508264
1169066,73.84445986896775
1004508,59.645462668427236
1123578,136.7697574463391
1312972,311.00044655408396
1278314,289.79940575609317
1330929,37.40397637344957
1047991,37.05231077430668
1064517,326.49716454512424
1475443,313.1748500801933
1097563,305.11912886295585
1095602,33.09541835883834
1242359,22.39374657374814
1225795,104.8325231476732
1158312,110.86893455654997
1029988,176.19522038322927
1115336,58.83306248683792
1404848,73.84445986896775
1221954,164.78803142581074
1177114,107.76811121026505
1279211,152.49354700904917
1195794,40.783443703447354
1179388,59.89639021448522
1225479,49.934271041141294
1200482,297.0353323014201
1102609,205.1995003344591
1306278,175.59710078120884
1230640,265.12524563645184
1166412,244.22398533311585
1182119,136.96734742718112
1474457,37.05231077430668
1471543,142.5454561053752
1158440,289.79940575609317
1077996,552.854929591198
1375730,296.0489875479636
1257624,164.78803142581074
1418558,191.9221074329747
1119462,229.69115747355295
1217634,1026.3771319786822
1194125,390.1197859130282
1254893,390.10668963487205
1444202,22.1780454486166
1249741,71.73088602528792
1397105,51.27050791941515
1126109,37.30323832036467
1040672,50.03500909422619
1225867,49.68334349508331
1229777,229.69115747355295
1416600,1094.84106463691
1334478,784.023208205906
1181972,19.60898272233456
1439136,220.62688752313338
1101586,204.9485727884011
1081205,244.22398533311585
1320112,37.05231077430668
1362263,62.29057764302039
1266516,65.84094859771089
1115733,98.4409244084857
1348065,60.75233265114063
1026480,405.006342921738
1053710,516.1400817272013
1031578,699.7177774605515
1491314,531.5223363082393
1432899,581.2125988722455
1413058,305.11912886295585
1158190,44.09581422064965
1228116,107.76811121026505
1217136,80.90622703968253
1318103,254.6981049735426
1094190,494.0577920710442
1476707,468.28789663325574
1116399,311.00044655408396
1463037,342.10059239347845
1327944,313.1748500801933
1477329,825.411857322032
1274331,415.8536693994446
1366778,498.5918950738551
1274958,62.039650096962404
1247376,191.9221074329747
1171357,183.11682976160276
1470729,62.73118205007827
1493024,42.918705163887424
1292643,60.50140510508264
1108498,390.1460862534218
1351941,468.28789663325574
1215978,462.1313904107206
1303897,25.747795365433614
1290815,22.1780454486166
1021162,25.747795365433614
1053049,191.9221074329747
1350034,303.7158844855289
1276354,250.1452410113728
1299342,114.11678333686496
1387698,111.77141557036829
1193717,94.46797028891713
1080378,115.12054605747885
1412637,152.3157410117145
1378521,220.66055091712167
1144802,45.165595088189264
1137339,58.17850352633761
1435425,43.48631288946552
1395058,405.006342921738
1307656,464.5777208381119
1032147,313.1748500801933
1209677,584.7596266403834
1159522,513.374806066422
1357125,307.3765308043676
1027253,27.609025972479195
1347324,89.30782633379857
1204065,71.16558511626941
1200111,238.81836432014148
1319241,301.22893775941066
1163083,511.6301613011566
1261848,94.46797028891713
1347708,78.93806157928589
1474171,145.07060909614802
1086163,582.4776453076296
1384345,307.3765308043676
1230329,399.7926201628587
1306114,40.447259972116804
1066036,23.56308128170095
1437817,32.791712239713746
1371599,96.98764634435442
1027269,114.11678333686496
1005287,65.99112413094363
1445660,33.14337783885662
1335729,32.791712239713746
1132453,403.06418331916177
1080624,334.14563246261207
1313810,305.11912886295585
1455874,15.757943697173394
1347864,175.84802832726683
1202304,175.84802832726683
1129620,207.83367658085322
1062774,45.165595088189264
1200960,40.447259972116804
1148887,42.56703956474454
1343038,89.84260814992952
1286282,111.0411253261801
1222681,229.69115747355295
1078026,67.93571707225509
1397712,50.69640610044327
1264710,85.0964335352373
1183882,123.65586627474256
1113656,89.30782633379857
1050645,37.05231077430668
1014675,45.41652263424725
1302966,41.03437124950534
1394714,252.1964550746102
1488819,197.13522892220846
1124137,313.1748500801933
1054385,821.0370965557263
1001921,642.7665788443229
1300733,301.22893775941066
1291220,20.918566643974415
1312126,60.75233265114063
1304878,62.29057764302039
1032653,388.34793588643896
1397068,465.6113383269906
1161714,702.4760339222911
1203648,197.0908889481728
1442696,207.58274903479523
1458841,257.26180275518556
1007597,693.0039812889928
1055053,513.374806066422
1185031,589.4360596251669
1427278,37.05231077430668
1295117,59.645462668427236
1325329,59.083990032895905
1050759,41.387652178147704
1013831,43.83797848860841
1254173,32.37936089480551
1287970,616.183528781841
1113498,678.0505395576475
1355907,586.1974367927389
1244886,19.60898272233456
1373548,15.757943697173394
1465270,114.36771088292294
1339027,165.03895897186874
1018327,58.83306248683792
1108071,42.56703956474454
1461973,49.68334349508331
1476273,189.00374332954246
1024004,269.73540607941516
1031312,313.1748500801933
1446241,73.84445986896775
1495023,85.34736108129528
1348513,44.34674176670764
1015558,33.346345904896324
1127531,25.998722911491605
1314971,415.8536693994446
1189684,269.73540607941516
1105588,678.0505395576475
1426288,1871.8226425728078
1101391,1295.9914553680217
1236690,773.6385750817078
1299062,58.83306248683792
1354229,98.4409244084857
1483090,549.9441040001311
1124620,581.1345643603444
1036237,1079.0317289704253
1429101,111.77141557036829
1105494,141.40480892180867
1496047,252.1964550746102
1111087,1339.6420799502027
1279450,710.6883177571254
1056350,1052.54841499623
1064133,179.12442123671096
1077697,187.83260286703043
1292079,94.46797028891713
1312698,260.2285984741923
1363038,405.006342921738
1111872,289.79940575609317
1418832,98.18999686242772
1128942,79.97469848753279
1252662,107.51718366420707
1343161,773.6385750817078
1011813,805.6143797616472
1113616,805.5931536927383
1334770,45.165595088189264
1271290,62.039650096962404
1387664,32.37936089480551
1023852,260.2285984741923
1078142,462.04979928476877
1376725,584.7416583664025
1163658,135.41424998617074
1098578,89.0568987877406
1295170,94.27824738536916
1442540,201.18922079720608
1194545,245.3727875602082
1482237,636.3183956971772
1140705,201.77833656980752
1298088,183.11682976160276
1197612,294.3874564635465
1141241,508.72936588344595
1024355,342.10573953354447
1115005,98.4409244084857
1413477,80.59503487110442
1209338,531.5223363082393
1009555,423.01282440468475
1357976,586.1974367927389
1435909,2038.637618473551
1010266,1651.1945877775909
1145147,586.1974367927389
1162283,49.68334349508331
1463710,153.9971480734319
1466728,127.91937343999619
1093975,684.9073516834752
1158811,699.299938344033
1106708,1316.2885034616804
1102709,192.7982268315772
1480818,197.0908889481728
1120723,353.4641581741101
1161911,1278.1383464437306
1406483,728.4566098625397
1159704,985.134972769879
1347891,127.66844589393827
1466492,94.46797028891713
1396722,94.46797028891713
1255464,139.35052008215322
1478571,220.62688752313338
1204608,161.19198404589054
1101877,92.42882921504781
1401061,66.74363952571274
1113123,89.0568987877406
1265686,870.4905644011565
1053742,791.3627803821291
1392727,677.2770357876691
1262452,42.56703956474454
1127426,45.165595088189264
1076781,32.791712239713746
1128271,179.12442123671096
1411082,239.60948816355406
1053814,265.12524563645184
1244852,166.94142008526637
1096175,139.35052008215322
1014613,107.51718366420707
1131169,204.9485727884011
1201095,353.4641581741101
1430136,552.3175930237094
1475372,197.0908889481728
1038904,188.40562372752203
1345512,123.40493872868458
1368173,214.67352562252546
1062658,390.1249330530942
1223108,303.96681203158687
1311976,62.039650096962404
1275880,109.24521841524172
1262880,67.6702364095228
1491312,466.54650822874333
1449613,384.788848818803
1428843,586.1974367927389
1344988,260.2285984741923
1238384,227.58845795873157
1385784,138.94175982265241
1139207,32.791712239713746
1305667,131.98156368119436
1238947,75.6082897080218
1025860,139.35052008215322
1109664,342.10059239347845
1350396,250.1452410113728
1007474,158.04873692752642
1055751,177.54302085472833
1049070,145.07060909614802
1107899,810.5897935594431
1250737,298.24134385505363
1425943,313.4257776262513
1428610,27.609025972479195
1189323,25.747795365433614
1294333,75.35736216196382
1047099,50.69640610044327
1122246,59.99712826757012
1057371,51.27050791941515
1247572,269.73540607941516
1452525,908.1207903913346
1193241,693.638875588151
1122672,15.757943697173394
1354931,145.66872869816845
1263025,161.79010364791097
1076963,191.9221074329747
1005817,43.48631288946552
1229044,42.081944577309486
1338102,23.56308128170095
1006405,49.68334349508331
1214405,31.10734485112845
1443462,45.41652263424725
1089414,59.645462668427236
1317775,94.27824738536916
1248865,62.48025450402028
1342691,405.006342921738
1114030,500.873876406609
1062361,377.0439565154405
1268913,342.10059239347845
1359141,350.4253587779501
1052607,177.54302085472833
1153086,27.859953518537186
1228900,104.48533109171078
1477268,58.17850352633761
1044413,127.66844589393827
1383969,201.77833656980752
1370531,153.7462205273739
1054001,94.71889783497511
1032955,107.51718366420707
1204425,585.4342595175538
1003799,220.59447621445366
1189309,183.96587690968119
1294794,26.139647496940537
1252109,22.1780454486166
1494387,81.24258821931583
1025414,71.10964374020064
1028398,32.29567444721536
1161669,30.68548602287548
1318183,37.05231077430668
1453485,220.62688752313338
1179995,607.2832400963322
1111260,523.9682541816373
1476335,15.757943697173394
1045081,104.8325231476732
1047684,112.3695351723887
1416797,145.66872869816845
1099709,60.50140510508264
1112808,44.09581422064965
1082858,49.68334349508331
1478275,27.859953518537186
1484969,43.73724043552351
1017841,43.48631288946552
1095118,49.934271041141294
1133034,41.03437124950534
1335501,303.7158844855289
1240758,384.783701678737
1392405,239.35856061749607
1042422,112.54495677784358
1102535,110.27081495452957
1352924,49.68334349508331
1330739,28.232661064152953
1286846,128.46280287243357
1303888,110.27081495452957
1084126,71.16558511626941
1401068,107.51718366420707
1093010,111.12301505627862
1320866,114.11678333686496
1224252,252.4473826206682
1053847,161.19198404589054
1289203,154.59526767545233
1283793,25.747795365433614
1405406,25.747795365433614
1001023,26.49131309608342
1430672,71.73088602528792
1473499,326.49716454512424
1470414,311.4340848322759
1267848,30.333820423732597
1288839,15.757943697173394
1406611,114.71490293888536
1138335,139.94863968417366
1473941,165.38615102783118
1086394,27.609025972479195
1213401,23.81400882775894
1249598,62.73118205007827
1359075,201.18922079720608
1451883,94.27824738536916
1130150,415.8588165395106
1079995,1142.8357391595268
1320850,946.9573623149822
1325802,478.4608610040736
1298535,32.791712239713746
1005436,81.49351576537381
1236985,353.4641581741101
1404089,390.1460862534218
1280135,687.198086090571
1321446,145.07060909614802
1022303,158.04873692752642
1162493,269.73540607941516
1160343,812.34234649514
1412430,500.873876406609
1027059,638.6255329646417
1258914,59.645462668427236
1406006,40.447259972116804
1076412,123.9134088552616
1089192,220.62688752313338
1251959,111.77141557036829
1204393,60.75233265114063
1426930,42.43361017645237
1424045,49.68334349508331
1206548,584.7596266403834
1002696,677.2770357876691
1019804,569.9175311044708
1040420,23.56308128170095
1414474,25.747795365433614
1252877,23.56308128170095
1408137,135.66517753222874
1263119,145.321536642206
1115724,164.78803142581074
1272392,62.48025450402028
1270741,40.783443703447354
1313158,60.50140510508264
1028031,189.00374332954246
1235237,250.1452410113728
1150649,390.10154249480604
1444476,141.40480892180867
1294878,141.40480892180867
1115261,94.46797028891713
1266485,158.04873692752642
1392336,303.96681203158687
1153686,161.44291159194853
1055862,51.27050791941515
1072931,60.75233265114063
1252777,45.41652263424725
1062210,342.10059239347845
1382979,289.79940575609317
1338035,531.5223363082393
1146579,677.2770357876691
1072620,389.8526349534351
1388642,238.45630989146522
1230598,37.05231077430668
1499806,89.30782633379857
1256452,67.6702364095228
1249746,326.49716454512424
1355011,353.4641581741101
1394076,522.2236094163721
1181734,107.51718366420707
1068385,78.93806157928589
1139039,128.46280287243357
1430890,638.6255329646417
1151297,306.3183687917708
1013543,513.8581003944474
1387274,94.27824738536916
1400898,115.12054605747885
1253271,80.34410732504644
1193479,41.03437124950534
1218312,50.03500909422619
1493676,70.91465757021143
1237190,378.97726216144144
1025950,303.7158844855289
1445601,212.46227016911783
1233203,25.747795365433614
1174722,104.56362529346012
1250818,177.54302085472833
1391640,158.04873692752642
1154727,107.51718366420707
1000642,115.12054605747885
1483633,51.27050791941515
1390805,111.0411253261801
1108444,229.69115747355295
1318695,238.45630989146522
1355254,89.0568987877406
1196734,60.50140510508264
1362840,123.9134088552616
1226722,188.08353041308843
1419887,124.16433640131957
1108968,94.27824738536916
1411752,90.46791741863667
1065319,62.29057764302039
1233541,191.9221074329747
1434726,161.19198404589054
1170047,186.11565078621612
1359423,1314.338507640101
1487129,900.175566102047
1039738,492.1257035426043
1281098,28.232661064152953
1226250,94.52917493142714
1356737,98.4409244084857
1250508,390.10154249480604
1296204,500.873876406609
1021036,805.3324792748605
1059851,94.46797028891713
1259861,107.51718366420707
1191317,164.78803142581074
1055545,1026.3771319786822
1259739,541.846327536151
1127936,733.9265766081737
1122299,71.73088602528792
1045622,73.84445986896775
1136027,153.7462205273739
1427519,245.3727875602082
1345040,153.7462205273739
1358355,85.34736108129528
1296259,45.51726068733215
1247604,59.645462668427236
1470043,541.846327536151
1023524,552.854929591198
1458093,450.8299488426566
1204116,28.232661064152953
1264775,34.60728634400457
1439811,25.747795365433614
1172238,197.34181649423078
1347717,306.3183687917708
1325084,301.93382499679456
1279398,45.165595088189264
1062492,44.09581422064965
1280555,33.09541835883834
1192455,154.34434012939434
1267950,186.11565078621612
1297918,350.4253587779501
1065416,123.40493872868458
1017917,110.27081495452957
1303062,114.11678333686496
1428483,252.1964550746102
1281671,303.96681203158687
1473937,197.38615646826645
1435103,74.09538741502573
1037310,59.16228423464524
1361514,377.04910365550654
1051440,307.3765308043676
1312573,318.15479691360036
1106798,297.0353323014201
1142814,220.40962337106367
1214497,123.40493872868458
1015884,37.05231077430668
1033130,142.5454561053752
1082221,114.36771088292294
1267633,131.73063613513636
1237618,294.3874564635465
1145651,161.19198404589054
1441985,179.12442123671096
1196226,186.11565078621612
1352134,161.19198404589054
1337450,830.6564456894798
1026014,238.45630989146522
1212345,313.4257776262513
1181195,27.609025972479195
1007089,37.05231077430668
1317475,94.27824738536916
1098691,80.65529949362455
1096212,42.33287212336747
1235060,45.51726068733215
1233676,59.083990032895905
1005265,188.40562372752203
1340335,677.2770357876691
1100709,647.529020519626
1486556,23.56308128170095
1364727,111.72113465829902
1089838,179.7225408387314
1331091,192.7982268315772
1145185,62.48025450402028
1072824,45.41652263424725
1133161,71.9818135713459
1257291,51.27050791941515
1466895,85.19428689764571
1040076,60.50140510508264
1296120,342.10059239347845
1071118,516.1400817272013
1481797,250.760265794033
1002910,390.1460862534218
1087316,415.8536693994446
1148565,153.7462205273739
1380584,34.60728634400457
1153514,71.9818135713459
1023202,51.52143546547314
1325706,104.2344035456528
1138400,153.7462205273739
1321568,192.7982268315772
1000666,67.41930886346482
1426204,78.93806157928589
1427371,89.0568987877406
1284547,790.9233406389424
1495342,294.3874564635465
1013289,404.7585089357051
1034517,78.93806157928589
1088604,75.35736216196382
1441301,58.83306248683792
1323495,177.54302085472833
1059630,311.00044655408396
1022326,250.06644564670663
1030923,60.75233265114063
1066592,40.79892557125969
1100820,59.645462668427236
1349870,353.4641581741101
1442794,468.28789663325574
1434781,404.7533617956391
1314686,44.09581422064965
1114108,20.05069109336787
1463208,108.11530326622747
1294690,132.3287557371568
1243722,187.83260286703043
1176245,94.46797028891713
1335602,139.35052008215322
1032528,137.21827497323912
1067483,165.03895897186874
1404614,45.165595088189264
1482217,60.50140510508264
1461999,45.41652263424725
1159274,301.22893775941066
1412925,294.3874564635465
1198542,227.58845795873157
1167015,244.22398533311585
1098179,204.9485727884011
1316048,75.35736216196382
1194635,28.232661064152953
1164921,110.69393327021767
1060770,66.24205167700161
1365169,191.9221074329747
1296574,429.3303902885769
1354095,260.2285984741923
1047886,227.58845795873157
1392652,204.9485727884011
1432258,180.25557869370382
1138217,696.2150136524161
1182344,388.34793588643896
1137204,314.6387695111861
1461362,23.56308128170095
1226026,27.609025972479195
1025513,80.34410732504644
1315779,73.84445986896775
1120550,37.30323832036467
1345814,37.40397637344957
1273694,32.791712239713746
1373670,238.45630989146522
1304674,581.1345643603444
1115980,523.9682541816373
1078416,124.00305833070499
1492006,152.8407390650116
1154339,124.511528457282
1125717,58.83306248683792
1418240,42.56703956474454
1273336,32.791712239713746
1268753,49.934271041141294
1032128,43.73724043552351
1365619,405.006342921738
1140349,616.183528781841
1180650,319.8832332044032
1101235,1441.3972557097213
1432496,900.175566102047
1430566,702.7579344090778
1014783,123.9134088552616
1116354,314.6387695111861
1146657,229.94208501961094
1344262,677.2770357876691
1450902,947.339733278442
1050703,1337.8897369788538
1103779,220.62688752313338
1373522,160.17185853115015
1151308,238.45630989146522
1483186,1940.3958893740667
1018915,1094.84106463691
1364131,1425.3245599519792
1345596,250.06644564670663
1420063,297.0353323014201
1492833,197.0908889481728
1360054,301.93382499679456
1213321,423.01282440468475
1037639,205.1995003344591
1142648,186.36657833227412
1361615,140.19956723023165
1042523,193.31912139486292
1005712,908.1207903913346
1315204,899.49397701002
1267815,616.6984048306514
1367043,73.84445986896775
1004886,32.791712239713746
1034244,62.48025450402028
1297387,342.10573953354447
1210501,622.9345466831726
1097181,551.1102848259328
1310794,71.10964374020064
1014635,85.19428689764571
1292994,33.09541835883834
1173658,245.3727875602082
1211835,404.7533617956391
1076344,569.3801945369821
1232705,201.77833656980752
1195774,197.0908889481728
1174518,197.13522892220846
1243831,351.9849134854716
1481724,616.6925281887299
1207346,423.01797154475076
1271815,186.11565078621612
1303872,252.4473826206682
1176334,188.65655127358002
1304553,822.4319181539063
1257584,643.2933866854997
1440237,569.9175311044708
1084653,586.1974367927389
1332317,450.8299488426566
1177460,296.4857659094403
1165358,27.609025972479195
1497001,81.49351576537381
1103832,398.630928735342
1403223,423.01282440468475
1223995,615.7521420829918
1441994,389.8526349534351
1397538,282.00457750580074
1021975,318.15479691360036
1400819,567.384622225659
1132871,510.47401064871127
1275036,582.4596770336486
1467062,51.27050791941515
1243970,59.645462668427236
1484482,30.584747969790588
1282672,26.099460964576497
1232517,33.09541835883834
1375882,622.9345466831726
1145757,494.0577920710442
1200160,478.4608610040736
1410058,20.05069109336787
1305115,104.2344035456528
1095464,128.46280287243357
1487515,162.0171371740921
1024500,89.0568987877406
1071735,107.51718366420707
1344422,85.19428689764571
1312920,238.45630989146522
1297157,423.01282440468475
1142750,314.38784196512813
1411826,104.2344035456528
1318333,111.12301505627862
1434478,71.10964374020064
1438407,37.30323832036467
1234963,32.37936089480551
1444737,49.934271041141294
1068604,41.03437124950534
1011801,500.873876406609
1314498,311.00044655408396
1099240,584.7416583664025
1403942,818.6626645196303
1161200,740.2225336632139
1047246,399.7874730227927
1395061,26.139647496940537
1170801,104.48533109171078
1042827,107.76811121026505
1174504,342.10059239347845
1173705,415.8536693994446
1230491,693.3569751013642
1348587,164.78803142581074
1498538,188.40562372752203
1497901,229.69115747355295
1271586,755.934003349573
1039920,616.183528781841
1243378,583.6896147522885
1129865,22.1780454486166
1056548,32.791712239713746
1006403,45.165595088189264
1348142,58.83306248683792
1029535,33.44708395798122
1211544,32.37936089480551
1409887,678.0505395576475
1373243,770.6593150848248
1424541,728.4566098625397
1387862,15.757943697173394
1125217,15.757943697173394
1244163,112.79588432390156
1090094,131.73063613513636
1206594,135.66517753222874
1418380,59.645462668427236
1018911,51.27050791941515
1365726,71.73088602528792
1182054,180.85369829572426
1185618,269.73540607941516
1499996,311.00044655408396
1289837,94.27824738536916
1207125,85.19428689764571
1385322,110.52174250058755
1109874,59.89639021448522
1451374,32.37936089480551
1256784,37.30323832036467
1267473,37.30323832036467
1102117,587.8920996328875
1401169,458.9362941584192
1207111,768.8011784574483
1017175,2000.531674497828
1247741,1477.4232576406198
1117518,908.1207903913346
1282054,85.19428689764571
1370192,290.05033330215116
1038438,265.37617318250983
1181256,805.6143797616472
1107618,952.6097231769818
1177282,1309.9926250378983
1050846,245.3727875602082
1171305,259.3640032840083
1495234,450.5736280496527
1493457,2318.881713362352
1020507,1026.837350923508
1054269,1441.550155893578
1342004,115.12054605747885
1121352,96.98764634435442
1398988,89.0568987877406
1133642,138.94175982265241
1390781,378.98240930150746
1227153,164.78803142581074
1156586,98.4409244084857
1184605,124.76245600333998
1313893,123.9134088552616
1166618,984.0741037733518
1128043,1588.608539446742
1359339,1452.6765216486501
1146723,40.447259972116804
1404721,40.783443703447354
1115692,37.05231077430668
1295765,614.3853909212653
1245205,881.3329780496023
1090138,773.3566745949211
1212530,127.66844589393827
1377936,158.04873692752642
1481135,111.12301505627862
1012718,311.00044655408396
1274851,389.8526349534351
1214056,645.6246173953748
1449539,177.54302085472833
1196447,186.11565078621612
1313914,295.7980600019056
1012652,457.9909737863931
1463945,301.47986530546865
1352697,85.19428689764571
1119279,139.60144762821122
1499681,111.3739426023366
1316005,773.3338743638479
1276695,622.9345466831726
1343456,1248.7165300489114
1406377,805.8450584860606
1377782,710.6883177571254
1475804,294.3874564635465
1389781,37.05231077430668
1121088,85.44521444370369
1404053,74.09538741502573
1103761,191.9221074329747
1427117,318.15479691360036
1235746,397.51199737445063
1111305,184.93322840211732
1398419,220.40962337106367
1043032,282.00457750580074
1094924,1347.6202672503907
1016992,404.7533617956391
1015891,608.8272000886116
1361581,123.9134088552616
1079764,104.2344035456528
1206362,80.65529949362455
1050479,141.40480892180867
1464461,513.374806066422
1238056,429.3303902885769
1024016,59.083990032895905
1161026,45.51726068733215
1266837,58.83306248683792
1003688,614.3853909212653
1437653,903.2509594774976
1428544,818.6626645196303
1329858,26.139647496940537
1242262,40.783443703447354
1139460,207.58274903479523
1340320,257.9945301393288
1458283,450.03629148216396
1046592,164.78803142581074
1382408,127.66844589393827
1399111,123.9134088552616
1354514,207.58274903479523
1151009,165.03895897186874
1473380,260.4795260202503
1318609,57.92757598027962
1260208,89.30782633379857
1456298,62.73118205007827
1433872,429.3303902885769
1495928,415.8536693994446
1145163,389.8526349534351
1288414,257.26180275518556
1164780,301.93382499679456
1099811,123.9134088552616
1055810,37.05231077430668
1465823,158.29966447358441
1068702,145.321536642206
1199817,137.3699196254669
1308993,311.00044655408396
1228658,197.13522892220846
1067611,137.21827497323912
1337804,179.12442123671096
1265862,812.876151775249
1075698,384.783701678737
1493152,303.3126220643544
1480072,22.1780454486166
1303746,70.91465757021143
1252753,45.165595088189264
1429794,44.34674176670764
1284846,62.831920103163164
1347430,51.27050791941515
1253487,269.73540607941516
1414292,946.9573623149822
1444665,699.299938344033
1467493,15.757943697173394
1375138,20.918566643974415
1039245,20.918566643974415
1009524,189.00374332954246
1042431,186.11565078621612
1218618,245.3727875602082
1005450,44.09581422064965
1337184,49.68334349508331
1305212,27.609025972479195
1229650,25.998722911491605
1202211,49.934271041141294
1206844,70.91465757021143
1315684,115.37147360353683
1451907,94.71889783497511
1479101,584.7416583664025
1204831,784.023208205906
1299973,404.7533617956391
1479704,421.7868621476975
1103391,523.9682541816373
1030973,131.73063613513636
1175313,20.918566643974415
1001655,59.083990032895905
1486656,42.81796711080253
1144994,186.11565078621612
1339590,319.8832332044032
1176446,260.4795260202503
1228211,201.18922079720608
1140034,250.509338247975
1261020,229.69115747355295
1419809,582.4596770336486
1316742,301.93382499679456
1446413,269.98633362547315
1161401,67.93571707225509
1378385,49.68334349508331
1371110,24.2520986296188
1474124,212.46227016911783
1289204,429.0846098825849
1493328,390.1460862534218
1365154,111.72113465829902
1012943,136.01236958819118
1241599,136.01236958819118
1306515,42.081944577309486
1467462,40.447259972116804
1442130,33.346345904896324
1486092,49.934271041141294
1348096,32.37936089480551
1109213,33.346345904896324
1475586,26.390575042998528
1415413,305.11912886295585
1143304,462.3933485712259
1211792,307.3765308043676
1311799,646.0979930206123
1010422,655.844186407494
1238437,186.11565078621612
1283496,33.09541835883834
1054679,90.46791741863667
1374106,62.29057764302039
1252741,257.26180275518556
1105246,450.5736280496527
1302648,429.3303902885769
1424462,307.3765308043676
1076983,353.4641581741101
1183226,391.7176317893607
1468687,943.0597908037116
1413771,350.4253587779501
1383816,405.011490061804
1439193,71.73088602528792
1339142,58.83306248683792
1412413,58.83306248683792
1314608,259.3640032840083
1427899,197.0908889481728
1266188,44.09581422064965
1455688,41.13510930259024
1453758,57.92757598027962
1067032,404.7533617956391
1186216,607.2832400963322
1255594,589.0845808962376
1149061,23.56308128170095
1271186,32.37936089480551
1257768,22.1780454486166
1267184,179.7225408387314
1305748,229.69115747355295
1015025,288.45878500593597
1240225,111.12301505627862
1121296,107.51718366420707
1082946,73.84445986896775
1055145,85.0964335352373
1386090,94.52917493142714
1144287,127.91937343999619
1193883,45.165595088189264
1194633,58.83306248683792
1324241,40.69818751817479
1019478,319.63745279841123
1200780,353.4641581741101
1419930,415.8536693994446
1002912,1300.7610891226095
1319159,1041.0164816929812
1175738,463.40606868843656
1201561,32.37936089480551
1219862,68.18664461831307
1196146,74.09538741502573
1466525,450.8299488426566
1204816,569.9175311044708
1473726,947.5906608245
1060409,153.7462205273739
1261615,152.24261946299117
1043550,260.773477523714
1467630,949.792592137164
1018320,510.47401064871127
1435521,790.9233406389424
1401990,94.27824738536916
1390906,98.18999686242772
1462965,136.7697574463391
1187504,205.1995003344591
1095731,141.40480892180867
1110023,81.49351576537381
1176469,45.51726068733215
1166528,57.92757598027962
1053800,678.0505395576475
1048692,614.3853909212653
1341226,523.9682541816373
1258738,30.333820423732597
1455555,37.05231077430668
1037988,25.747795365433614
1180812,212.71319771517582
1343995,212.71319771517582
1227316,249.99018094015577
1372927,62.039650096962404
1306602,65.99112413094363
1230159,59.645462668427236
1388384,158.89778407560485
1351353,240.21560771213308
1412668,429.3303902885769
1161674,142.2945285593172
1344481,123.9134088552616
1119553,108.99429086918374
1154103,188.40562372752203
1416326,318.1599440536664
1164432,250.24110848621376
1321519,40.447259972116804
1293866,59.083990032895905
1050155,49.934271041141294
1404233,350.4253587779501
1333872,238.45630989146522
1304601,516.1400817272013
1054033,728.4566098625397
1256807,616.183528781841
1100598,207.58274903479523
1443205,32.37936089480551
1228081,89.30782633379857
1261036,463.40606868843656
1456972,450.5736280496527
1234652,903.5018870235556
1019525,227.58845795873157
1409608,183.11682976160276
1310744,269.73540607941516
1446997,812.5942512884623
1109153,468.28789663325574
1308005,722.1606528074996
1123493,96.98764634435442
1237245,58.83306248683792
1155218,62.039650096962404
1171637,98.18999686242772
1042017,37.40397637344957
1194420,643.2933866854997
1460528,591.2741245166496
1397951,468.28789663325574
1468212,15.757943697173394
1072591,15.757943697173394
1337955,94.52917493142714
1290352,131.98156368119436
1299976,98.4409244084857
1140847,137.21827497323912
1238821,81.49351576537381
1265338,92.42882921504781
1347317,137.96803922748734
1369188,288.45878500593597
1105641,305.11912886295585
1346889,114.11678333686496
1484137,136.96734742718112
1180684,111.3739426023366
1179550,94.71889783497511
1416214,33.09541835883834
1069061,60.75233265114063
1392324,50.94733364650126
1253157,334.14563246261207
1064627,220.40962337106367
1467330,472.8093684877515
1075123,461.3233563984868
1120109,404.7533617956391
1314299,158.04873692752642
1156261,32.791712239713746
1113630,85.44521444370369
1268813,81.49351576537381
1145397,390.1460862534218
1354889,591.2741245166496
1177527,334.1507796026781
1047685,238.45630989146522
1201059,191.9221074329747
1108123,197.0908889481728
1420379,983.089740880728
1327250,552.854929591198
1308810,605.4557701743066
1017856,22.1780454486166
1303699,37.05231077430668
1361399,62.039650096962404
1297207,45.165595088189264
1108091,42.918705163887424
1044014,30.856417305070458
1366117,450.5736280496527
1175246,1457.4093413268786
1190610,1041.0164816929812
1367486,32.37936089480551
1466748,31.10734485112845
1294077,37.38153252211401
1383490,89.0568987877406
1131144,51.27050791941515
1418604,67.93571707225509
1093359,260.2285984741923
1109016,515.6027451597126
1287135,461.59405384323185
1163382,45.165595088189264
1335895,58.83306248683792
1339037,59.083990032895905
1049246,42.81796711080253
1239904,45.165595088189264
1329104,71.16558511626941
1273304,51.52143546547314
1363773,528.7018123144654
1247584,305.11912886295585
1311383,946.9573623149822
1415059,405.006342921738
1330789,462.1313904107206
1102131,227.58845795873157
1146418,37.05231077430668
1266488,79.18898912534387
1361294,50.94733364650126
1025857,128.46280287243357
1204032,269.73540607941516
1261246,269.73540607941516
1370363,89.0568987877406
1049932,94.27824738536916
1059349,107.76811121026505
1379685,791.2052411257291
1406571,303.0616945182964
1317787,508.1920293159572
1269383,89.0568987877406
1095921,98.18999686242772
1473953,58.83306248683792
1036541,139.35052008215322
1042290,269.73540607941516
1012530,260.2285984741923
1279482,51.52143546547314
1183572,37.40397637344957
1050938,60.50140510508264
1480136,398.630928735342
1183250,528.7018123144654
1440724,461.3233563984868
1238788,33.09541835883834
1240822,22.1780454486166
1198444,114.71490293888536
1099030,161.79010364791097
1414499,238.45630989146522
1238900,62.29057764302039
1022388,158.04873692752642
1441697,111.3739426023366
1376322,142.5454561053752
1278517,73.84445986896775
1464656,51.27050791941515
1010591,294.3874564635465
1224424,250.06644564670663
1053563,179.12442123671096
1473999,1284.6659020243953
1391636,903.2509594774976
1058103,472.8093684877515
1398850,42.56703956474454
1019125,112.02234311642627
1359966,111.3739426023366
1205122,569.9175311044708
1435699,587.8920996328875
1451338,952.8606507230397
1227037,184.93322840211732
1338040,136.96734742718112
1183385,260.2285984741923
1220112,1309.4201341001997
1270286,687.4799865773577
1268774,985.134972769879
1461261,94.27824738536916
1015954,73.84445986896775
1460911,94.46797028891713
1425740,131.73063613513636
1094329,188.40562372752203
1198363,124.16433640131957
1494681,71.36057128625862
1461529,74.88109677721465
1027092,60.50140510508264
1011707,728.4566098625397
1338306,797.8983186506963
1287191,645.8160925338256
1141616,37.05231077430668
1318975,32.37936089480551
1280255,33.09541835883834
1068883,111.3739426023366
1169895,179.37534878276895
1299452,197.34181649423078
1441502,112.54495677784358
1109701,94.27824738536916
1201572,58.83306248683792
1397917,204.9485727884011
1459768,311.00044655408396
1112214,467.750560065767
1384957,127.66844589393827
1073388,139.35052008215322
1410195,94.46797028891713
1323018,164.78803142581074
1393168,383.311193737138
1464503,197.34181649423078
1448615,45.165595088189264
1189624,89.30782633379857
1015296,75.6082897080218
1257262,387.6557107577639
1390673,326.49716454512424
1393329,684.9073516834752
1082717,179.12442123671096
1271409,502.245161974527
1149602,260.2285984741923
1380508,37.05231077430668
1084335,94.71889783497511
1157467,66.09187614376887
1311551,180.25557869370382
1219848,313.1748500801933
1046393,296.4857659094403
1020243,98.18999686242772
1215429,115.12054605747885
1343129,107.51718366420707
1434894,941.8329846559928
1248768,318.15479691360036
1353466,463.7764371379928
1269572,75.35736216196382
1331977,59.645462668427236
1019221,111.42423279021803
1372144,311.4340848322759
1380163,239.35856061749607
1314566,40.69818751817479
1239508,40.79892557125969
1080052,40.783443703447354
1052185,391.7176317893607
1410013,584.7416583664025
1211910,461.3233563984868
1463175,23.56308128170095
1322235,25.747795365433614
1442756,26.139647496940537
1487782,154.34434012939434
1432248,161.79010364791097
1046330,207.58274903479523
1016515,67.6702364095228
1439602,62.039650096962404
1448463,62.039650096962404
1021724,131.73063613513636
1453370,131.98156368119436
1249813,192.1730349790327
1429939,40.447259972116804
1326422,65.99112413094363
1086556,41.387652178147704
1236619,342.10059239347845
1210795,462.3933485712259
1252996,282.00457750580074
1495848,239.35856061749607
1316220,257.26180275518556
1164599,20.918566643974415
1022140,51.52143546547314
1159696,42.81796711080253
1474230,250.509338247975
1101112,269.73540607941516
1069260,265.37617318250983
1332048,153.7462205273739
1369485,164.78803142581074
1444811,193.31912139486292
1143538,319.8883803444692
1087917,405.006342921738
1499109,318.1599440536664
1347649,19.60898272233456
1138627,21.169494190032406
1260987,318.15479691360036
1302832,318.15479691360036
1399279,354.1851435696782
1036773,107.51718366420707
1081323,137.6208471715249
1339737,136.96734742718112
1251637,108.11530326622747
1225315,128.26656549595862
1387284,161.79010364791097
1229449,40.447259972116804
1165405,42.56703956474454
1259378,37.05231077430668
1241177,33.04263978577173
1295721,32.29567444721536
1391577,27.609025972479195
1053998,32.37936089480551
1407766,269.73540607941516
1078929,85.0964335352373
1233601,404.7533617956391
1435122,1309.7416974918403
1151274,1041.0164816929812
1367894,450.5736280496527
1428672,128.46280287243357
1031763,655.844186407494
1020912,762.2299604046132
1301486,1087.7247061794997
1195982,201.77833656980752
1058406,145.07060909614802
1428885,229.69115747355295
1392506,1315.960132116041
1354722,611.0376843633196
1151119,1052.54841499623
1456334,153.7462205273739
1000392,127.66844589393827
1076303,212.46227016911783
1217993,269.73540607941516
1427114,201.18922079720608
1232737,89.30782633379857
1447145,74.09538741502573
1030444,699.299938344033
1215951,584.7416583664025
1485205,462.1313904107206
1272229,49.68334349508331
1157017,51.27050791941515
1411198,127.91937343999619
1021195,212.46227016911783
1484282,192.1730349790327
1120782,158.04873692752642
1145895,136.96734742718112
1233303,98.18999686242772
1400324,189.00374332954246
1253143,319.8832332044032
1162775,461.85601200373713
1426156,143.49617934712072
1389854,153.7462205273739
1184046,131.73063613513636
1110240,244.22398533311585
1418797,429.3355374286429
1153933,389.8577820935011
1130157,197.0908889481728
1477958,137.3699196254669
1179950,614.3853909212653
1434483,569.9175311044708
1110568,350.4253587779501
1259611,1475.139282061525
1062494,881.3329780496023
1238695,642.7665788443229
1356980,45.165595088189264
1175779,137.21827497323912
1058670,135.66517753222874
1332114,728.4566098625397
1043320,822.4319181539063
1340375,1294.1281503229318
1249769,180.25557869370382
1494941,197.0908889481728
1133750,307.3765308043676
1120606,1333.5933702961543
1022677,805.5931536927383
1187699,1092.876771363029
1249408,110.44300572415969
1008063,111.77141557036829
1333009,179.12442123671096
1137703,282.00457750580074
1059370,138.94175982265241
1272535,92.42882921504781
1399479,71.36057128625862
1465309,81.24258821931583
1077335,870.4905644011565
1468203,870.4905644011565
1129604,728.4566098625397
1245854,27.609025972479195
1436228,23.56308128170095
1112488,478.4608610040736
1264507,699.7177774605515
1436339,603.9118101820272
1293650,90.2169898725787
1368515,65.99112413094363
1378544,58.83306248683792
1073128,197.0908889481728
1281460,239.96468016607508
1437209,461.59405384323185
1286860,123.9134088552616
1081645,252.1964550746102
1338150,429.3355374286429
1144418,296.0489875479636
1004909,62.48025450402028
1083789,81.24258821931583
1080382,92.17790166898983
1005118,646.0979930206123
1381948,318.15479691360036
1378136,728.1351956072407
1278339,782.4332595915108
1317396,818.6626645196303
1184923,250.1452410113728
1259989,37.05231077430668
1472975,107.76811121026505
1289710,98.4409244084857
1268258,260.2285984741923
1385320,528.7018123144654
1413560,405.006342921738
1224718,250.509338247975
1017207,260.2285984741923
1179559,197.0908889481728
1231053,1058.9539199049923
1278358,404.7533617956391
1263612,508.1920293159572
1091196,62.039650096962404
1199578,71.10964374020064
1343601,59.645462668427236
1079074,98.18999686242772
1427548,311.00044655408396
1358859,294.3874564635465
1048360,49.934271041141294
1091093,45.51726068733215
1411819,62.48025450402028
1158007,429.3303902885769
1239951,655.844186407494
1144306,586.1974367927389
1155176,23.56308128170095
1056878,37.05231077430668
1044596,22.39374657374814
1183036,158.64685652954685
1179847,212.46227016911783
1390628,238.45630989146522
1323946,114.11678333686496
1142224,92.17790166898983
1255341,127.66844589393827
1143868,124.19923378146675
1212643,258.2454576853868
1278380,51.27050791941515
1276819,65.84094859771089
1226360,569.9175311044708
1213540,450.5736280496527
1261002,398.630928735342
1436625,415.8536693994446
1455556,389.8526349534351
1436109,142.2945285593172
1182886,40.447259972116804
1153339,127.91937343999619
1462077,94.52917493142714
1400753,175.59710078120884
1193512,307.3765308043676
1064201,303.7158844855289
1292029,158.04873692752642
1197479,188.40562372752203
1154076,188.40562372752203
1429305,879.0321116683771
1017949,319.8832332044032
1308904,429.3355374286429
1054616,78.93806157928589
1336461,49.68334349508331
1477215,75.35736216196382
1118447,81.24258821931583
1222652,177.54302085472833
1498149,131.73063613513636
1422826,50.03500909422619
1404575,60.50140510508264
1141742,390.1460862534218
1284793,643.2933866854997
1003219,549.9441040001311
1380388,19.60898272233456
1399900,25.747795365433614
1201903,191.9221074329747
1382085,257.26180275518556
1441674,282.00457750580074
1262038,85.19428689764571
1010378,73.84445986896775
1487063,71.73088602528792
1443685,89.30782633379857
1244411,143.7471068931787
1369483,49.68334349508331
1490847,92.17790166898983
1490467,50.69640610044327
1044870,399.7874730227927
1289744,416.79480481627644
1061949,250.509338247975
1272171,2286.8941475949746
1480899,1987.216903199431
1354480,791.3627803821291
1057585,107.51718366420707
1195707,250.24110848621376
1407545,192.1730349790327
1007195,797.8983186506963
1264972,1087.4737786334417
1210844,2018.517631999592
1421837,139.35052008215322
1193017,153.7462205273739
1177201,303.7158844855289
1475974,2580.349817858709
1130779,1148.2065207147969
1376448,1990.288471319902
1272128,295.7980600019056
1335607,311.00044655408396
1118117,145.29757198979337
1334810,334.14563246261207
1068682,423.01282440468475
1186849,303.7158844855289
1407222,161.44291159194853
1134658,139.60144762821122
1015386,188.40562372752203
1124283,1302.829563563026
1014743,1052.4264089225367
1347615,805.5931536927383
1392905,67.93571707225509
1128418,85.19428689764571
1305760,60.50140510508264
1083760,647.529020519626
1186898,791.3627803821291
1449211,768.2683504246036
1324623,220.40962337106367
1302530,175.59710078120884
1218656,164.78803142581074
1039345,238.45630989146522
1402997,398.630928735342
1422513,722.4425532942863
1208218,294.3874564635465
1275681,298.24134385505363
1472006,260.2285984741923
1186697,605.9680199034339
1154063,738.7053262040027
1224020,606.2189474494918
1152499,123.40493872868458
1103403,188.40562372752203
1353870,138.94175982265241
1414869,870.7718441467118
1155592,591.2741245166496
1011328,643.2933866854997
1378346,903.2509594774976
1066271,740.2225336632139
1062630,289.79940575609317
1410177,33.09541835883834
1195022,94.71889783497511
1010516,391.7176317893607
1428344,415.8588165395106
1371092,761.9480599178264
1124696,187.83260286703043
1018683,180.25557869370382
1456057,269.73540607941516
1458824,780.2340067968843
1181024,404.7533617956391
1041553,605.4557701743066
1352708,92.17790166898983
1339747,160.42278607720814
1125745,107.51718366420707
1352343,59.89639021448522
1323021,62.73118205007827
1256515,586.1974367927389
1407628,468.28789663325574
1280384,423.01282440468475
1029916,23.56308128170095
1483078,193.31912139486292
1233562,404.7585089357051
1102011,415.8536693994446
1448582,32.37936089480551
1093908,28.232661064152953
1104503,165.38615102783118
1279361,245.3727875602082
1318960,318.15479691360036
1336959,164.78803142581074
1464277,158.04873692752642
1119422,207.83367658085322
1477480,135.66517753222874
1294471,45.165595088189264
1333133,62.039650096962404
1003275,59.645462668427236
1358488,301.93382499679456
1272288,250.06644564670663
1290825,384.783701678737
1148958,1672.1098211219273
1034980,984.0741037733518
1033802,791.3627803821291
1282516,75.35736216196382
1238630,186.36657833227412
1078562,192.1730349790327
1174713,740.2225336632139
1227991,870.7718441467118
1070798,1259.840892834923
1014190,164.78803142581074
1270138,164.78803142581074
1116321,265.12524563645184
1141964,1647.866846203048
1203738,821.0370965557263
1065017,1324.2689004943697
1119638,131.73063613513636
1386092,158.04873692752642
1379280,111.77141557036829
1058705,227.58845795873157
1231273,311.00044655408396
1102466,164.78803142581074
1498076,131.98156368119436
1354259,127.91937343999619
1215738,127.66844589393827
1029371,900.175566102047
1302808,903.2509594774976
1152021,614.3853909212653
1041253,45.165595088189264
1453402,37.05231077430668
1352703,44.09581422064965
1455324,468.28789663325574
1231858,738.9872266907895
1169391,684.9073516834752
1035888,98.18999686242772
1148287,114.11678333686496
1490962,85.0964335352373
1470794,238.45630989146522
1188351,326.49716454512424
1176669,515.6027451597126
1278543,164.78803142581074
1306674,175.59710078120884
1213251,158.04873692752642
1372237,389.8526349534351
1095215,476.71621623880844
1038564,334.1993760379552
1001293,98.18999686242772
1487809,153.7462205273739
1318005,137.3699196254669
1253835,687.4799865773577
1460261,552.854929591198
1207469,613.4450048155272
1430955,456.6264052674344
1016415,306.3183687917708
1336482,138.94175982265241
1231323,37.05231077430668
1187485,97.2385738904124
1438137,71.36057128625862
1306041,188.40562372752203
1267399,314.38784196512813
1339529,269.73540607941516
1408796,197.13522892220846
1427990,193.31912139486292
1109333,197.13522892220846
1100420,706.7251804659485
1248988,307.3765308043676
1499126,405.011490061804
1366645,73.84445986896775
1262160,59.645462668427236
1290336,60.50140510508264
1381275,59.645462668427236
1029370,204.9485727884011
1037784,164.78803142581074
1457076,45.41652263424725
1445194,50.03500909422619
1047893,49.68334349508331
1058888,399.7874730227927
1003516,587.8920996328875
1156713,478.4608610040736
1147947,15.757943697173394
1480821,201.18922079720608
1197539,269.73540607941516
1463014,296.4857659094403
1397866,37.05231077430668
1337888,71.73088602528792
1032931,41.387652178147704
1219365,94.52917493142714
1225994,59.645462668427236
1175233,40.783443703447354
1245636,294.3874564635465
1160971,313.1748500801933
1096404,259.3640032840083
1265382,405.006342921738
1233753,318.15479691360036
1066835,127.66844589393827
1333990,26.139647496940537
1086255,85.44521444370369
1429267,59.89639021448522
1478932,107.51718366420707
1402825,250.1452410113728
1072917,207.58274903479523
1336858,127.66844589393827
1149362,123.40493872868458
1004201,153.7462205273739
1117180,584.2222900728948
1109936,177.54302085472833
1444093,290.05033330215116
1361255,37.05231077430668
1471104,131.73063613513636
1129361,104.2344035456528
1081277,44.447479819792534
1473506,37.05231077430668
1182900,282.00457750580074
1132187,405.006342921738
1370849,389.8526349534351
1087631,15.757943697173394
1163909,19.60898272233456
1204772,132.3287557371568
1051517,176.19522038322927
1470903,197.13522892220846
1385567,62.48025450402028
1094602,60.50140510508264
1457111,62.48025450402028
1271078,37.05231077430668
1175823,58.83306248683792
1107484,201.18922079720608
1033330,212.46227016911783
1036900,180.25557869370382
1265395,478.4608610040736
1115685,478.4608610040736
1247176,305.11912886295585
1247660,62.039650096962404
1076364,179.37534878276895
1095494,162.2680647201501
1113809,197.13522892220846
1419650,569.9175311044708
1333805,456.6264052674344
1206710,123.94830623540877
1022502,75.35736216196382
1291979,98.18999686242772
1317168,1349.4742598230725
1078618,605.661888172644
1450557,941.8329846559928
1011877,127.66844589393827
1239868,164.78803142581074
1144362,123.9134088552616
1386947,298.24134385505363
1058015,456.6264052674344
1376229,464.5777208381119
1448172,98.4409244084857
1254766,112.62046271844667
1419727,131.73063613513636
1083350,646.0979930206123
1101167,784.023208205906
1374924,516.1400817272013
1252536,60.50140510508264
1491332,50.69640610044327
1115069,45.165595088189264
1252042,154.34434012939434
1437847,229.69115747355295
1349037,260.2285984741923
1146776,111.77141557036829
1129044,110.44300572415969
1326556,104.2344035456528
1395845,245.3727875602082
1198342,229.94208501961094
1021990,342.10573953354447
1013880,142.2945285593172
1446348,201.44014834326407
1292973,165.03895897186874
1312218,655.844186407494
1019977,466.5413610886773
1478596,245.3727875602082
1090267,158.04873692752642
1073679,162.0171371740921
1400541,108.99429086918374
1402219,22.1780454486166
1140444,45.41652263424725
1439582,37.30323832036467
1383383,152.0648134656565
1152503,334.14563246261207
1308270,197.34181649423078
1057569,138.94175982265241
1405278,257.9945301393288
1308475,229.69115747355295
1302806,498.5918950738551
1149327,220.62688752313338
1458592,179.97346838478938
1250578,59.97468441623456
1127512,26.390575042998528
1448129,26.49131309608342
1195583,158.04873692752642
1367936,450.5736280496527
1464628,389.8526349534351
1358064,165.38615102783118
1228578,167.5395396872868
1377631,176.19522038322927
1012556,49.68334349508331
1260468,23.81400882775894
1103936,33.09541835883834
1118263,33.09541835883834
1475103,313.1748500801933
1181549,342.10059239347845
1025123,423.01282440468475
1087645,296.4857659094403
1241826,245.3727875602082
1334372,75.35736216196382
1047720,94.52917493142714
1055325,45.41652263424725
1447963,158.04873692752642
1241704,301.93382499679456
1345238,192.7982268315772
1151767,128.46280287243357
1401894,131.73063613513636
1215801,96.98764634435442
1278451,421.7868621476975
1141648,183.11682976160276
1354607,257.51273030124355
1484480,81.24258821931583
1059653,32.63028844086352
1001642,30.68548602287548
1053728,27.609025972479195
1452906,145.07060909614802
1221849,227.83938550478956
1145823,197.0908889481728
1004738,89.84260814992952
1016959,108.11530326622747
1366403,98.78811646444812
1203040,40.447259972116804
1309434,43.48631288946552
1053095,33.04263978577173
1310215,59.083990032895905
1048023,37.05231077430668
1457241,37.05231077430668
1099744,40.447259972116804
1478797,175.59710078120884
1193167,204.9485727884011
1473418,197.13522892220846
1275478,984.0741037733518
1039279,642.7665788443229
1318303,421.7868621476975
1427008,33.09541835883834
1022602,94.71889783497511
1450331,423.01282440468475
1338401,569.9175311044708
1455095,899.7449045560779
1131015,238.45630989146522
1155753,204.9485727884011
1197521,294.3874564635465
1054831,1052.54841499623
1491428,549.9441040001311
1082621,762.8411251089397
1308127,89.0568987877406
1361172,71.10964374020064
1104604,71.73088602528792
1305125,90.2169898725787
1263934,135.41424998617074
1158859,71.36057128625862
1004511,67.6702364095228
1221347,59.645462668427236
1334054,685.393566949292
1411737,584.7596266403834
1482143,500.873876406609
1228789,30.333820423732597
1050306,23.56308128170095
1401916,260.2285984741923
1441346,294.6383840096045
1445719,318.1599440536664
1235133,89.0568987877406
1249510,94.27824738536916
1478651,85.19428689764571
1300102,265.12524563645184
1107407,341.85481198748647
1372954,513.6071728483895
1045292,127.66844589393827
1481458,135.41424998617074
1155654,94.46797028891713
1097352,139.66590002155132
1248066,193.5700489409209
1224671,114.36771088292294
1377389,45.165595088189264
1388621,60.50140510508264
1284250,49.68334349508331
1453398,397.51199737445063
1084227,303.7158844855289
1290361,494.0577920710442
1373220,584.7596266403834
1433003,569.9175311044708
1372767,252.1964550746102
1287686,23.56308128170095
1028205,98.4409244084857
1052382,92.42882921504781
1282473,389.8526349534351
1377962,391.7176317893607
1499594,350.43050591801614
1078682,260.2285984741923
1026597,305.11912886295585
1448378,351.9849134854716
1348608,687.4834897477404
1380883,516.1400817272013
1058252,463.7764371379928
1146079,27.609025972479195
1008284,33.09541835883834
1160822,30.333820423732597
1264778,59.645462668427236
1092978,33.04263978577173
1402934,23.81400882775894
1132690,26.139647496940537
1002344,390.1197859130282
1497180,791.3627803821291
1486344,791.3627803821291
1136665,15.757943697173394
1138281,128.71373041849156
1392733,142.2945285593172
1378391,23.56308128170095
1161473,19.60898272233456
1147410,27.609025972479195
1399769,201.77833656980752
1385630,250.509338247975
1201050,342.10059239347845
1313140,73.84445986896775
1354197,60.50140510508264
1393791,60.50140510508264
1488767,66.24205167700161
1038860,37.30323832036467
1095582,37.05231077430668
1408529,40.447259972116804
1092603,32.37936089480551
1017195,587.8920996328875
1280096,405.006342921738
1358278,903.2509594774976
1441493,388.34793588643896
1197751,321.637589564569
1069003,114.11678333686496
1318108,30.333820423732597
1224735,107.76811121026505
1375272,94.71889783497511
1130751,135.41424998617074
1407705,257.26180275518556
1319965,220.59447621445366
1129316,98.4409244084857
1312521,71.10964374020064
1377111,80.34410732504644
1448820,941.9644280733947
1299718,391.7176317893607
1142258,686.3769915036936
1274801,98.18999686242772
1261414,85.19428689764571
1441579,58.83306248683792
1485381,111.12301505627862
1078971,294.3874564635465
1311286,260.2285984741923
1130121,60.75233265114063
1108999,51.622173518558036
1072044,65.99112413094363
1351452,405.006342921738
1149836,569.9175311044708
1327461,468.28789663325574
1407103,26.139647496940537
1004415,28.232661064152953
1063060,112.3695351723887
1409048,167.5395396872868
1088324,197.0908889481728
1436928,94.27824738536916
1469962,85.0964335352373
1322938,142.2945285593172
1463652,104.48533109171078
1403044,188.08353041308843
1308022,65.99112413094363
1336250,94.46797028891713
1475924,75.35736216196382
1399620,404.7533617956391
1470691,397.51199737445063
1062043,158.04873692752642
1320351,738.9872266907895
1321385,728.4566098625397
1076145,334.19422889788916
1067868,37.05231077430668
1246710,107.76811121026505
1478428,68.18664461831307
1300491,250.1452410113728
1117583,461.3233563984868
1045436,450.5736280496527
1046296,197.13522892220846
1003774,289.79940575609317
1193733,297.0353323014201
1071433,1267.2030337184526
1150635,423.01282440468475
1153606,690.0561246416229
1463595,142.2945285593172
1121534,131.73063613513636
1338458,110.27081495452957
1021248,305.11912886295585
1456547,294.3874564635465
1266338,59.89639021448522
1089876,45.51726068733215
1444468,59.645462668427236
1492727,569.9175311044708
1175015,726.8841773678105
1030093,762.2299604046132
1084128,23.56308128170095
1455454,32.37936089480551
1163122,250.06644564670663
1493963,229.69115747355295
1325195,388.34793588643896
1006757,186.11565078621612
1173623,136.96734742718112
1189411,141.40480892180867
1419046,191.9221074329747
1391368,162.2680647201501
1078393,214.92445316858345
1362930,85.0964335352373
1148432,58.83306248683792
1157952,472.8093684877515
1421823,541.846327536151
1488675,478.4608610040736
1391279,257.26180275518556
1123390,239.96468016607508
1158789,75.35736216196382
1012009,25.747795365433614
1206547,66.24205167700161
1273403,108.99429086918374
1419767,245.3727875602082
1214712,212.71319771517582
1277314,145.07060909614802
1150833,137.3699196254669
1376099,127.66844589393827
1136598,461.59920098329786
1313669,164.78803142581074
1438471,207.83367658085322
1278279,27.609025972479195
1417791,40.447259972116804
1321591,110.27081495452957
1108806,89.0568987877406
1019410,32.791712239713746
1313151,24.00117108356081
1303625,187.83260286703043
1317487,289.79940575609317
1016408,244.22398533311585
1027573,20.05069109336787
1003495,22.1780454486166
1377489,132.3287557371568
1045441,165.38615102783118
1298833,189.00374332954246
1376616,49.68334349508331
1309094,32.37936089480551
1252943,33.09541835883834
1301397,26.390575042998528
1489870,32.791712239713746
1260253,32.37936089480551
1163508,28.232661064152953
1267023,28.232661064152953
1271281,297.6410950332689
1416108,227.58845795873157
1053239,127.66844589393827
1390157,1300.7610891226095
1348210,946.9573623149822
1462354,586.1974367927389
1387628,111.3739426023366
1178750,92.42882921504781
1180221,450.5736280496527
1061083,462.1313904107206
1417395,947.2082898610402
1257964,107.51718366420707
1041421,104.2344035456528
1225370,179.12442123671096
1318708,1304.6141925338973
1298752,646.0979930206123
1006972,898.6127647977653
1445613,127.66844589393827
1032032,111.12301505627862
1170276,260.2285984741923
1261997,313.1748500801933
1279926,201.77833656980752
1320313,98.18999686242772
1069609,74.09538741502573
1188923,687.4799865773577
1277137,702.7579344090778
1321083,586.1974367927389
1299500,43.48631288946552
1404104,40.783443703447354
1431655,30.333820423732597
1166438,212.71319771517582
1294970,296.7366934554983
1087179,269.98633362547315
1488501,80.65529949362455
1245834,71.73088602528792
1415414,49.68334349508331
1138532,132.3287557371568
1423702,186.11565078621612
1263294,404.7533617956391
1250143,188.40562372752203
1119650,131.73063613513636
1278069,141.40480892180867
1199102,257.26180275518556
1433450,450.83509598272263
1360725,342.10573953354447
1057764,89.0568987877406
1402432,92.17790166898983
1107519,67.93571707225509
1478678,516.1400817272013
1359424,398.630928735342
1319711,391.7176317893607
1350440,1154.5795736994444
1121390,822.4319181539063
1092107,552.854929591198
1207162,40.783443703447354
1336861,98.4409244084857
1458020,89.30782633379857
1261440,587.8920996328875
1440417,655.844186407494
1369957,1281.487727307128
1027398,303.7158844855289
1390864,295.0446176028904
1293914,383.306046597072
1230230,1149.671688079348
1341098,677.2770357876691
1178578,812.34234649514
1141469,73.84445986896775
1468396,60.50140510508264
1254335,111.12301505627862
1225773,98.18999686242772
1252882,65.99112413094363
1100845,49.68334349508331
1306213,49.934271041141294
1482036,45.165595088189264
1200300,740.2225336632139
1374065,710.6883177571254
1271122,587.8920996328875
1305187,23.56308128170095
1090327,25.71927316221139
1246152,131.73063613513636
1001624,60.830626852889964
1480765,71.36057128625862
1066825,65.99112413094363
1015288,67.41930886346482
1081486,40.783443703447354
1371099,288.45878500593597
1487942,311.4340848322759
1013085,405.006342921738
1325274,153.7462205273739
1055267,152.0648134656565
1416809,123.94830623540877
1186368,259.61493083006627
1266540,124.19923378146675
1422131,44.09581422064965
1363863,65.99112413094363
1495820,51.27050791941515
1222905,389.8526349534351
1009810,353.4641581741101
1071035,616.183528781841
1406416,773.3338743638479
1444150,770.9412155716116
1494124,426.51843919045194
1168659,44.09581422064965
1286139,112.02234311642627
1231162,79.18898912534387
1221143,220.40962337106367
1176218,390.1460862534218
1059042,450.5736280496527
1389884,193.31912139486292
1049469,179.12442123671096
1242586,238.45630989146522
1015970,1052.297487450172
1064484,377.0439565154405
1038111,667.7490973097374
1285831,123.40493872868458
1364225,108.99429086918374
1129487,81.24258821931583
1464242,162.0171371740921
1084752,388.34793588643896
1473103,342.10059239347845
1453188,51.52143546547314
1261427,51.622173518558036
1061284,62.48025450402028
1102764,549.9441040001311
1294005,678.0505395576475
1225617,586.1974367927389
1307102,33.09541835883834
1310837,32.044746901157346
1467768,167.5395396872868
1365592,265.12524563645184
1455529,326.49716454512424
1059264,158.04873692752642
1187206,123.9134088552616
1369804,107.51718366420707
1020464,177.54302085472833
1151202,98.4409244084857
1044974,177.18520961448317
1019963,98.18999686242772
1286451,78.93806157928589
1196193,390.10154249480604
1403823,389.8526349534351
1141787,257.9945301393288
1140787,429.3303902885769
1386731,311.00044655408396
1185269,136.96734742718112
1070733,26.139647496940537
1358238,74.09538741502573
1374634,60.75233265114063
1231736,136.7697574463391
1484430,260.2285984741923
1132084,250.06644564670663
1102829,252.1964550746102
1074575,201.77833656980752
1213359,250.06644564670663
1076907,668.5683343640128
1112824,239.35856061749607
1145862,269.98633362547315
1062790,65.84094859771089
1459860,51.27050791941515
1487956,33.346345904896324
1397812,41.13510930259024
1062078,297.6410950332689
1137097,455.72699936568034
1235291,353.4641581741101
1158661,152.66293306767693
1003459,197.0908889481728
1009290,191.9221074329747
1365045,85.19428689764571
1280225,71.73088602528792
1088169,33.09541835883834
1444995,44.09581422064965
1056805,37.30323832036467
1300033,60.75233265114063
1140262,42.56703956474454
1119152,49.68334349508331
1044920,289.79940575609317
1212779,377.0439565154405
1093377,259.3640032840083
1217360,60.50140510508264
1003099,78.93806157928589
1219726,33.09541835883834
1406018,27.859953518537186
1094927,33.346345904896324
1479236,104.2344035456528
1080862,110.44300572415969
1281752,71.9818135713459
1089147,135.41424998617074
1341774,179.12442123671096
1474431,165.63707857388917
1130649,111.12301505627862
1217371,105.08345069373118
1137736,16.008871243231383
1027368,62.48025450402028
1172089,318.15479691360036
1398163,239.96468016607508
1260541,158.64685652954685
1038509,180.85369829572426
1003218,191.9221074329747
1345723,28.232661064152953
1026349,16.008871243231383
1446915,15.757943697173394
1059984,282.25550505185873
1030243,98.18999686242772
1352929,403.06418331916177
1203405,797.8983186506963
1362484,478.4608610040736
1188982,334.14563246261207
1305994,37.05231077430668
1267654,92.42882921504781
1127538,68.18664461831307
1366788,297.0353323014201
1340261,334.74626655365205
1278100,613.3448216307842
1002461,71.73088602528792
1284086,89.0568987877406
1362854,142.2945285593172
1248475,645.342716908588
1026803,307.3765308043676
1014169,508.1920293159572
1040562,62.039650096962404
1264727,57.92757598027962
1047128,40.783443703447354
1091740,98.18999686242772
1018252,139.35052008215322
1239853,73.84445986896775
1246091,59.083990032895905
1052692,37.30323832036467
1366131,59.645462668427236
1193051,387.6557107577639
1185489,397.51199737445063
1009193,298.24134385505363
1457172,30.333820423732597
1032783,23.56308128170095
1096378,22.39374657374814
1083483,191.9221074329747
1377335,240.21560771213308
1233397,239.60948816355406
1263028,60.50140510508264
1002286,37.05231077430668
1177408,40.783443703447354
1009321,112.3695351723887
1327372,165.38615102783118
1444981,289.79940575609317
1447555,85.19428689764571
1347087,123.9134088552616
1433295,186.36657833227412
1227977,141.65573646786666
1428803,45.165595088189264
1069118,51.27050791941515
1280515,49.68334349508331
1275321,265.12524563645184
1320888,188.40562372752203
1211469,265.12524563645184
1043759,607.2832400963322
1274476,404.7533617956391
1015306,227.58845795873157
1226202,32.37936089480551
1269436,51.52143546547314
1392516,45.41652263424725
1175181,111.77141557036829
1394002,250.06644564670663
1100145,259.3640032840083
1405173,57.92757598027962
1431128,111.42423279021803
1168290,762.8411251089397
1097457,326.49716454512424
1251813,470.74097737276173
1290508,127.66844589393827
1250530,135.41424998617074
1065521,108.99429086918374
1028235,104.48533109171078
1120159,260.2285984741923
1201924,229.69115747355295
1387218,45.41652263424725
1385976,43.83797848860841
1492576,51.27050791941515
1457102,468.28789663325574
1225246,432.2685389934005
1137692,389.8526349534351
1097664,20.918566643974415
1423762,20.05069109336787
1486936,152.8407390650116
1036363,186.11565078621612
1089895,269.73540607941516
1073741,111.12301505627862
1264314,67.93571707225509
1330214,94.27824738536916
1494999,153.7462205273739
1344550,153.9971480734319
1124700,326.50231168519025
1242539,49.68334349508331
1084372,59.645462668427236
1008109,33.09541835883834
1020796,353.4641581741101
1248932,303.0616945182964
1259305,141.65573646786666
1339799,1852.347590955707
1265496,1599.0640337753812
1210302,946.9573623149822
1345540,59.645462668427236
1396943,188.65655127358002
1229906,165.03895897186874
1309747,616.183528781841
1150824,784.023208205906
1105714,1087.7247061794997
1464884,152.0648134656565
1050711,153.7462205273739
1126149,314.38784196512813
1406813,1646.838852222232
1276366,873.198060491948
1065859,1320.7385563786054
1047034,123.9134088552616
1322050,107.51718366420707
1218824,73.84445986896775
1125271,197.13522892220846
1146788,429.3303902885769
1290290,201.18922079720608
1312333,141.65573646786666
1290649,111.12301505627862
1445173,818.6626645196303
1162336,984.0741037733518
1428418,873.198060491948
1178671,37.05231077430668
1165681,37.05231077430668
1322633,37.05231077430668
1022676,450.5736280496527
1182203,647.529020519626
1477854,500.873876406609
1078258,90.2169898725787
1459447,111.12301505627862
1414710,51.27050791941515
1163586,139.94863968417366
1354271,227.58845795873157
1435587,464.0403842706231
1235730,139.66590002155132
1430653,152.24261946299117
1356816,298.24134385505363
1249459,609.2971114491663
1383696,318.1599440536664
1473273,73.84445986896775
1156239,111.12301505627862
1080833,114.11678333686496
1357643,523.9682541816373
1066858,462.3933485712259
1136298,678.0505395576475
1204001,123.40493872868458
1268214,136.96734742718112
1432435,107.51718366420707
1087869,23.56308128170095
1294285,110.27081495452957
1447542,92.42882921504781
1219752,128.46280287243357
1463585,297.0353323014201
1399354,131.73063613513636
1083258,153.7462205273739
1348027,137.3699196254669
1073296,706.7251804659485
1218259,265.12524563645184
1055166,227.83938550478956
1048344,15.557220209670701
1279293,15.757943697173394
1429858,32.791712239713746
1377616,37.05231077430668
1077316,45.51726068733215
1020593,33.09541835883834
1374566,177.54302085472833
1174458,822.4319181539063
1292317,603.9118101820272
1109552,137.56546702920156
1020570,144.09429894914115
1131507,145.66872869816845
1364412,32.791712239713746
1095570,21.169494190032406
1349089,23.81400882775894
1099027,58.83306248683792
1483921,73.84445986896775
1356018,70.91465757021143
1425677,429.3303902885769
1234948,461.3233563984868
1228845,342.10059239347845
1312925,870.4905644011565
1409045,762.2299604046132
1407711,584.7416583664025
1384843,32.791712239713746
1404814,71.16558511626941
1152733,62.73118205007827
1307351,516.1400817272013
1338165,464.5777208381119
1489624,805.3112532059515
1125254,123.40493872868458
1038042,135.41424998617074
1420115,260.2285984741923
1349422,812.5942512884623
1284712,456.6264052674344
1210696,607.2058481649234
1412353,65.99112413094363
1392645,49.68334349508331
1384949,160.42278607720814
1188626,111.75345453802535
1066079,59.083990032895905
1162285,40.69818751817479
1492538,49.68334349508331
1402415,494.0577920710442
1019929,728.4566098625397
1459986,614.3853909212653
1451930,22.39374657374814
1221659,405.006342921738
1070154,526.9571675492002
1222153,450.5787751897187
1217690,40.783443703447354
1207164,32.791712239713746
1196535,165.38615102783118
1271370,189.00374332954246
1362696,383.306046597072
1115930,137.3699196254669
1081422,94.46797028891713
1178109,162.0171371740921
1381479,124.16433640131957
1262482,124.16433640131957
1406669,40.783443703447354
1066635,60.50140510508264
1393223,40.447259972116804
1203426,353.4641581741101
1422405,260.2285984741923
1491431,616.183528781841
1499374,1072.4239313261794
1388656,873.198060491948
1367962,516.1400817272013
1126025,37.05231077430668
1222999,71.9818135713459
1334149,71.36057128625862
1372970,342.10059239347845
1051921,426.51843919045194
1118718,805.5631579992738
1019197,107.51718366420707
1163736,98.18999686242772
1490537,179.12442123671096
1421037,941.8329846559928
1369165,466.5413610886773
1479853,755.934003349573
1347737,139.35052008215322
1224591,158.04873692752642
1401547,258.9661051334541
1003132,311.00044655408396
1067886,193.31912139486292
1021448,71.36057128625862
1146229,49.934271041141294
1150462,62.039650096962404
1164569,710.6883177571254
1381797,613.4450048155272
1165069,528.7018123144654
1314459,26.139647496940537
1120011,40.447259972116804
1252492,238.45630989146522
1497593,282.25550505185873
1256423,296.7366934554983
1498061,89.0568987877406
1468554,89.30782633379857
1394553,43.48631288946552
1038405,137.56546702920156
1092384,197.0908889481728
1214548,404.7533617956391
1316602,138.94175982265241
1149305,111.12301505627862
1376882,114.11678333686496
1402905,257.9945301393288
1265562,401.53146896801366
1471607,260.4795260202503
1207514,43.48631288946552
1233077,65.99112413094363
1099116,60.50140510508264
1312179,463.40606868843656
1335106,307.3765308043676
1473304,353.4641581741101
1135009,114.11678333686496
1317384,114.11678333686496
1371779,73.84445986896775
1240938,62.039650096962404
1220537,153.7462205273739
1268409,71.73088602528792
1090433,111.12301505627862
1430511,153.7462205273739
1466400,127.66844589393827
1255779,404.5075813896471
1359285,191.9221074329747
1497401,99.0390440105061
1158034,40.447259972116804
1175348,23.81400882775894
1398779,33.14337783885662
1416593,104.2344035456528
1117008,616.6925281887299
1422410,508.72936588344595
1438434,160.76997813317058
1289002,165.38615102783118
1304131,179.7225408387314
1039804,32.791712239713746
1401112,16.008871243231383
1076970,27.859953518537186
1497233,67.41930886346482
1095800,45.165595088189264
1141220,401.52632182794764
1216862,389.8526349534351
1291354,334.14563246261207
1318829,492.1257035426043
1105567,461.5546411231465
1024334,305.11912886295585
1082784,71.73088602528792
1221554,180.50650623976182
1250142,139.60144762821122
1484156,259.3640032840083
1370080,677.2770357876691
1401067,387.6557107577639
1499403,145.07060909614802
1319124,127.66844589393827
1294205,1345.1384822716673
1428427,500.873876406609
1034494,780.3877678841095
1012741,164.78803142581074
1222552,131.73063613513636
1176172,136.96734742718112
1180274,468.28789663325574
1006679,342.10059239347845
1321317,94.71889783497511
1330192,86.23092380589262
1345103,123.94830623540877
1192637,461.3233563984868
1014260,510.47401064871127
1349532,390.10154249480604
1042609,40.447259972116804
1336011,37.05231077430668
1336430,40.783443703447354
1006871,158.64685652954685
1247718,307.3765308043676
1329337,311.00044655408396
1471915,127.66844589393827
1412206,108.99429086918374
1206173,104.2344035456528
1342026,187.83260286703043
1220665,201.44014834326407
1442420,305.37005640901384
1005888,111.12301505627862
1431479,108.99429086918374
1412678,111.77141557036829
1451172,646.0979930206123
1209243,456.6264052674344
1118231,265.12524563645184
1436925,334.14563246261207
1177213,404.7533617956391
1393892,127.66844589393827
1293688,26.139647496940537
1430451,60.75233265114063
1257915,50.94733364650126
1260361,188.40562372752203
1350360,456.6264052674344
1250071,334.14563246261207
1005203,265.12524563645184
1002038,298.24134385505363
1495941,282.00457750580074
1129879,582.6785243526238
1480310,311.00044655408396
1411866,303.96681203158687
1476353,33.09541835883834
1308065,114.11678333686496
1036112,108.99429086918374
1470282,33.346345904896324
1202024,32.731026493948406
1083569,294.3874564635465
1469153,399.7874730227927
1449624,321.637589564569
1198904,128.26656549595862
1159627,193.31912139486292
1452753,154.34434012939434
1413299,59.645462668427236
1007084,58.83306248683792
1231412,51.27050791941515
1378037,59.89639021448522
1297445,71.9818135713459
1438160,33.09541835883834
1483101,28.232661064152953
1480060,313.1748500801933
1016113,456.6264052674344
1162379,288.45878500593597
1091288,1852.347590955707
1372964,1259.589965288865
1066331,318.15479691360036
1005212,49.68334349508331
1394276,107.76811121026505
1293724,90.46791741863667
1265135,569.9175311044708
1202745,652.5231949582105
1475054,1143.0866667055848
1396314,207.58274903479523
1367644,153.7462205273739
1201373,260.2285984741923
1190458,1141.6569202195994
1032122,591.2741245166496
1076725,985.134972769879
1064096,107.51718366420707
1163018,85.19428689764571
1375223,135.66517753222874
1301717,179.12442123671096
1428980,111.12301505627862
1100342,58.17850352633761
1343359,60.75233265114063
1423280,684.9073516834752
1169225,684.707431899225
1465986,492.1257035426043
1270442,27.609025972479195
1265514,27.609025972479195
1177336,27.609025972479195
1429672,141.65573646786666
1257683,153.7462205273739
1045236,207.58274903479523
1427198,294.3874564635465
1363750,141.40480892180867
1354562,183.7149493636232
1361686,354.1851435696782
1403738,390.1460862534218
1223276,142.2945285593172
1346354,128.46280287243357
1090120,89.0568987877406
1131741,136.7697574463391
1170391,282.25550505185873
1396714,161.44291159194853
1476267,59.645462668427236
1239629,70.91465757021143
1209622,73.84445986896775
1045618,399.7926201628587
1095815,334.14563246261207
1091233,423.01282440468475
1398418,2016.285113494026
1179336,405.006342921738
1358912,110.27081495452957
1079072,30.856417305070458
1117169,90.46791741863667
1368745,94.52917493142714
1303163,131.73063613513636
1049813,423.01282440468475
1188565,220.40962337106367
1457380,187.83260286703043
1218111,197.13522892220846
1102916,197.13522892220846
1097127,758.8041596809248
1165065,325.64117507705777
1120074,423.01797154475076
1028018,98.18999686242772
1074971,70.91465757021143
1257808,67.41930886346482
1214676,139.35052008215322
1433675,139.35052008215322
1175443,60.50140510508264
1175194,59.99712826757012
1099840,43.48631288946552
1466306,326.49716454512424
1440825,614.3853909212653
1486783,552.854929591198
1322331,22.1780454486166
1036614,212.46227016911783
1069991,260.2285984741923
1198552,89.0568987877406
1033486,73.84445986896775
1161969,44.09581422064965
1181346,75.35736216196382
1019871,44.34674176670764
1370409,59.89639021448522
1090001,44.09581422064965
1395107,58.83306248683792
1329672,252.1964550746102
1493176,250.509338247975
1010051,252.71739626185848
1194947,684.707431899225
1195282,643.2933866854997
1393742,220.40962337106367
1490790,34.60728634400457
1296401,62.29057764302039
1143282,40.69818751817479
1257007,188.40562372752203
1198928,298.24134385505363
1415350,313.1748500801933
1034989,398.630928735342
1470064,383.306046597072
1485813,450.5736280496527
1216593,795.852826943295
1090739,289.79940575609317
1331772,390.1512333934878
1467724,73.84445986896775
1319892,65.84094859771089
1296548,179.12442123671096
1057687,158.04873692752642
1006400,33.44708395798122
1202321,37.05231077430668
1232693,494.0577920710442
1088390,552.854929591198
1047164,490.13013123128115
1414441,26.139647496940537
1464530,22.1780454486166
1158989,177.5324016704456
1218556,212.46227016911783
1063924,265.12524563645184
1386823,123.94830623540877
1428090,75.35736216196382
1080853,131.73063613513636
1296610,74.09538741502573
1425926,127.91937343999619
1057655,42.56703956474454
1260202,51.27050791941515
1211375,37.05231077430668
1357283,390.10154249480604
1317270,305.11912886295585
1158796,260.2285984741923
1441531,390.1460862534218
1376392,404.7533617956391
1402391,197.13522892220846
1241852,40.447259972116804
1105602,62.29057764302039
1237714,44.34674176670764
1470264,201.18922079720608
1372047,552.854929591198
1364017,282.00457750580074
1427606,176.93428206842518
1149679,158.04873692752642
1434019,127.66844589393827
1463479,722.1606528074996
1160547,252.1964550746102
1476899,405.011490061804
1062579,57.92757598027962
1167403,176.93428206842518
1000831,128.46280287243357
1405691,41.13510930259024
1051395,40.447259972116804
1110076,229.69115747355295
1221115,318.15479691360036
1146209,260.2285984741923
1400354,27.609025972479195
1270581,98.78811646444812
1013331,137.56546702920156
1455897,104.8325231476732
1053982,67.93571707225509
1273228,104.2344035456528
1449458,80.90622703968253
1364328,153.9971480734319
1058319,43.48631288946552
1080543,58.83306248683792
1185785,311.25137410014196
1241404,334.74626655365205
1444450,192.7982268315772
1248805,687.4780410475747
1287664,587.8920996328875
1425745,250.1452410113728
1295803,32.37936089480551
1188988,71.9818135713459
1218721,59.89639021448522
1110021,180.25557869370382
1403828,313.1748500801933
1453489,303.0616945182964
1356071,114.11678333686496
1462466,123.9134088552616
1184862,111.12301505627862
1242154,693.2858817757796
1064732,297.6410950332689
1359636,403.0693304592278
1273778,67.41930886346482
1034465,50.69640610044327
1047182,58.83306248683792
1279658,60.50140510508264
1068315,183.11682976160276
1002703,176.93428206842518
1192767,40.69818751817479
1153423,33.44708395798122
1104076,325.64117507705777
1372175,423.01282440468475
1484666,415.8536693994446
1074808,23.56308128170095
1499791,112.3695351723887
1012199,132.3287557371568
1371072,177.5324016704456
1337833,80.34410732504644
1499597,71.73088602528792
1152640,65.84094859771089
1152832,111.77141557036829
1248367,92.42882921504781
1311195,153.9971480734319
1003603,43.48631288946552
1491649,58.83306248683792
1275758,37.05231077430668
1145855,265.12524563645184
1128983,250.509338247975
1358834,250.06644564670663
1050090,642.7665788443229
1258870,465.6113383269906
1498242,318.15479691360036
1265747,32.37936089480551
1320063,79.18898912534387
1440934,74.09538741502573
1375670,269.73540607941516
1468147,296.4857659094403
1335661,558.4691713681995
1203802,197.0908889481728
1287827,186.11565078621612
1151671,269.73540607941516
1198647,521.6862728488835
1321983,311.4340848322759
1416169,404.7585089357051
1097142,78.93806157928589
1475252,32.791712239713746
1047283,383.306046597072
1469473,350.4253587779501
1017174,326.49716454512424
1142069,15.757943697173394
1411642,19.60898272233456
1055911,197.34181649423078
1005047,294.3874564635465
1215030,32.791712239713746
1165272,23.56308128170095
1238585,33.09541835883834
1214927,111.72113465829902
1344687,197.13522892220846
1288267,260.2285984741923
1013447,94.46797028891713
1472670,65.84094859771089
1079013,70.91465757021143
1238444,104.48533109171078
1107036,49.934271041141294
1478036,44.09581422064965
1003011,33.09541835883834
1165858,214.67352562252546
1142725,175.59710078120884
1438722,389.8577820935011
1348564,614.3853909212653
1082397,405.006342921738
1170464,314.38784196512813
1279071,26.139647496940537
1454242,59.083990032895905
1374880,58.17850352633761
1160529,258.9661051334541
1282205,391.7176317893607
1282979,522.2236094163721
1445857,128.46280287243357
1300957,123.9134088552616
1145685,180.25557869370382
1313316,470.74097737276173
1107810,342.10059239347845
1027173,489.8437222098504
1364840,62.48025450402028
1399020,66.24205167700161
1192491,152.24261946299117
1326790,94.27824738536916
1188764,49.934271041141294
1406673,33.346345904896324
1294357,391.7176317893607
1228266,307.3765308043676
1488677,314.38784196512813
1424179,20.918566643974415
1429867,23.56308128170095
1083778,188.40562372752203
1412339,239.96468016607508
1309019,258.2454576853868
1429369,32.37936089480551
1023764,26.139647496940537
1235639,108.11530326622747
1161715,139.94863968417366
1034811,259.3640032840083
1297084,104.2344035456528
1263867,94.46797028891713
1207706,162.0171371740921
1495277,161.44291159194853
1274689,110.52174250058755
1473386,32.791712239713746
1396008,45.165595088189264
1352957,58.83306248683792
1175539,297.0353323014201
1208032,197.0908889481728
1139998,252.1964550746102
1345370,683.8008534394285
1468915,461.3233563984868
1412517,303.7158844855289
1235360,37.05231077430668
1115937,107.76811121026505
1414341,81.49351576537381
1150150,298.24134385505363
1222246,405.006342921738
1062556,582.9970136011373
1389391,112.54495677784358
1462187,123.94830623540877
1477781,111.12301505627862
1307721,955.2538038633182
1086764,464.5777208381119
1274608,680.6266776219127
1385813,85.19428689764571
1152269,81.24258821931583
1293693,104.48533109171078
1079050,153.7462205273739
1268557,111.42423279021803
1028423,59.89639021448522
1354486,45.41652263424725
1439681,58.83306248683792
1100265,398.630928735342
1288951,784.023208205906
1050581,516.1400817272013
1115528,20.05069109336787
1294502,153.9971480734319
1337744,212.46227016911783
1430822,205.1995003344591
1367941,51.27050791941515
1088086,45.165595088189264
1022421,33.09541835883834
1065633,111.72113465829902
1475975,158.64685652954685
1301966,227.58845795873157
1179522,65.99112413094363
1452915,60.50140510508264
1337074,107.51718366420707
1411597,197.34181649423078
1485280,143.7471068931787
1228135,73.84445986896775
1123336,85.0964335352373
1452081,60.50140510508264
1434384,397.51714451451664
1377169,311.4340848322759
1417530,455.72699936568034
1468795,197.0908889481728
1425915,289.79940575609317
1448266,62.48025450402028
1103610,22.39374657374814
1443467,45.41652263424725
1431006,37.30323832036467
1249754,127.66844589393827
1456297,245.3727875602082
1143869,143.49617934712072
1402368,111.12301505627862
1480810,137.3699196254669
1235695,135.41424998617074
1126918,450.5736280496527
1204193,207.58274903479523
1363689,162.04103119396896
1171147,45.165595088189264
1069813,34.60728634400457
1162341,26.49131309608342
1322932,164.78803142581074
1299021,516.1400817272013
1285582,404.7533617956391
1129549,112.3695351723887
1464589,132.3287557371568
1076755,154.34434012939434
1032540,37.05231077430668
1309956,23.56308128170095
1216773,32.63028844086352
1310608,40.447259972116804
1398185,32.791712239713746
1406628,404.7533617956391
1109214,478.4608610040736
1359148,342.10059239347845
1299390,462.3933485712259
1204365,388.34793588643896
1089056,139.35052008215322
1046942,22.1780454486166
1095830,43.73724043552351
1225650,33.346345904896324
1294270,94.46797028891713
1078691,127.66844589393827
1136158,145.07060909614802
1043837,49.68334349508331
1163684,45.165595088189264
1027819,71.73088602528792
1191824,568.1728863392055
1308807,238.45630989146522
1328774,353.4693053141761
1169581,67.41930886346482
1430856,94.46797028891713
1175333,207.58274903479523
1270294,175.59710078120884
1321137,40.69818751817479
1283691,34.958951943147454
1370005,313.1748500801933
1262025,326.49716454512424
1259435,260.2285984741923
1166622,19.60898272233456
1383858,22.39374657374814
1427098,15.757943697173394
1285859,76.14307152415275
1440743,108.11530326622747
1062420,154.34434012939434
1462136,78.93806157928589
1009784,58.83306248683792
1486013,62.48025450402028
1399286,131.73063613513636
1147901,111.3739426023366
1344150,158.29966447358441
1070037,37.05231077430668
1222949,49.68334349508331
1215011,37.05231077430668
1198959,197.13522892220846
1188527,127.66844589393827
1346714,111.65760982073394
1482630,432.2685389934005
1448107,298.24134385505363
1205567,37.05231077430668
1082757,112.02234311642627
1215876,60.75233265114063
1225833,179.12442123671096
1044380,294.3874564635465
1205384,296.4857659094403
1461502,158.04873692752642
1119781,158.04873692752642
1139984,197.0908889481728
1460556,791.2052411257291
1188459,294.3874564635465
1389266,398.63607587540804
1108124,51.27050791941515
1491489,49.68334349508331
1049062,62.039650096962404
1075576,128.46280287243357
1477670,104.2344035456528
1272908,45.41652263424725
1038889,50.03500909422619
1028380,58.83306248683792
1107037,334.74626655365205
1334397,516.1400817272013
1457455,423.01282440468475
1058761,26.139647496940537
1130814,124.00305833070499
1044631,192.7982268315772
1344808,227.58845795873157
1038504,70.91465757021143
1329960,78.93806157928589
1296351,59.645462668427236
1019539,94.46797028891713
1387986,98.4409244084857
1476397,158.29966447358441
1167804,59.645462668427236
1136777,78.93806157928589
1035417,60.50140510508264
1064599,294.3874564635465
1499642,313.1748500801933
1416036,289.79940575609317
1458201,282.00457750580074
1474894,334.14563246261207
1306179,107.51718366420707
1002169,85.44521444370369
1240731,51.52143546547314
1308479,184.93322840211732
1430344,388.34793588643896
1427461,227.58845795873157
1180427,180.25557869370382
1084840,260.2285984741923
1339628,238.81836432014148
1483668,669.1801248087511
1200166,250.06644564670663
1186410,297.8920225793269
1483138,51.27050791941515
1028424,60.50140510508264
1011434,37.30323832036467
1476698,41.13510930259024
1212467,32.37936089480551
1072033,176.93428206842518
1355242,455.72699936568034
1271881,377.0439565154405
1002006,15.757943697173394
1278449,15.757943697173394
1353206,127.84243760817715
1459848,145.66872869816845
1164315,124.00305833070499
1310332,37.05231077430668
1259442,27.859953518537186
1040715,44.34674176670764
1357297,42.56703956474454
1215083,40.447259972116804
1459079,289.79940575609317
1133258,342.10059239347845
1051624,390.10154249480604
1189364,398.630928735342
1237197,313.1748500801933
1344039,152.24261946299117
1228340,32.791712239713746
1418384,90.46791741863667
1423901,66.09187614376887
1034918,110.27081495452957
1102692,265.12524563645184
1392759,162.0171371740921
1478254,136.96734742718112
1429232,123.94830623540877
1114780,164.78803142581074
1479658,812.5942512884623
1080730,239.60948816355406
1455182,353.4693053141761
1282860,15.557220209670701
1101343,15.557220209670701
1431812,65.84094859771089
1196870,164.78803142581074
1255092,123.94830623540877
1459340,40.79892557125969
1303994,58.83306248683792
1180844,250.06644564670663
1229053,607.2832400963322
1115522,584.7416583664025
1416387,22.1780454486166
1175969,176.19522038322927
1264512,220.40962337106367
1101602,220.40962337106367
1364974,98.18999686242772
1099346,79.18898912534387
1405795,114.36771088292294
1496382,98.18999686242772
1175684,67.41930886346482
1142788,325.64117507705777
1295041,429.3303902885769
1077288,245.3727875602082
1366421,762.2299604046132
1492620,738.9872266907895
1075788,245.3727875602082
1382213,40.447259972116804
1182796,94.52917493142714
1282019,79.18898912534387
1122837,191.9221074329747
1273607,303.7158844855289
1110475,391.7176317893607
1136800,135.41424998617074
1160516,164.78803142581074
1417174,193.31912139486292
1413077,780.3877678841095
1045457,388.34793588643896
1015514,457.45363721890436
1013966,80.65529949362455
1429994,62.039650096962404
1119395,166.94142008526637
1329624,350.4253587779501
1103849,269.73540607941516
1345178,45.41652263424725
1155905,51.622173518558036
1294097,49.68334349508331
1343829,405.006342921738
1266359,405.006342921738
1207533,462.1313904107206
1138260,23.56308128170095
1112094,40.783443703447354
1323908,111.72113465829902
1085482,128.26656549595862
1409991,220.40962337106367
1492673,111.42423279021803
1175740,204.9485727884011
1395167,197.0908889481728
1199340,390.1512333934878
1418919,58.83306248683792
1377719,40.447259972116804
1194437,462.04979928476877
1130416,318.15479691360036
1280840,250.06644564670663
1004386,1300.7610891226095
1184922,1149.9618275012292
1100507,541.846327536151
1252468,40.783443703447354
1477986,142.5454561053752
1214733,124.16433640131957
1339069,614.3853909212653
1496763,684.9073516834752
1104288,1087.7247061794997
1448727,229.69115747355295
1109352,214.67352562252546
1064194,350.4253587779501
1442423,1082.5658930133454
1312594,762.2299604046132
1158066,829.181110956308
1055289,89.0568987877406
1289858,65.99112413094363
1264890,71.10964374020064
1334387,162.0171371740921
1240059,111.42423279021803
1182924,59.083990032895905
1446920,70.91465757021143
1421718,728.4566098625397
1154848,821.0370965557263
1498872,773.3338743638479
1266223,23.81400882775894
1098357,478.4608610040736
1125038,455.72699936568034
1090346,455.72699936568034
1284544,45.165595088189264
1291460,50.69640610044327
1071892,42.56703956474454
1486367,197.0908889481728
1468541,250.06644564670663
1412731,390.1460862534218
1128321,145.29757198979337
1161914,141.40480892180867
1201367,104.2344035456528
1135041,138.94175982265241
1107151,220.87781506919137
1024822,158.29966447358441
1231986,49.68334349508331
1288363,65.99112413094363
1437468,59.645462668427236
1440190,528.7018123144654
1408826,252.1964550746102
1370307,738.9872266907895
1054840,510.47401064871127
1202900,462.3933485712259
1095838,153.7462205273739
1367860,23.56308128170095
1327389,60.75233265114063
1022457,62.29057764302039
1149165,152.0648134656565
1233718,298.24134385505363
1247242,265.12524563645184
1402904,70.91465757021143
1142998,107.51718366420707
1092728,94.27824738536916
1045267,645.8695247497649
1116525,260.2285984741923
1309132,390.1512333934878
1181514,60.50140510508264
1378577,73.84445986896775
1135287,59.645462668427236
1175471,136.7697574463391
1088756,311.00044655408396
1043794,289.79940575609317
1322864,45.49481683599659
1315562,37.40397637344957
1448323,37.05231077430668
1228726,326.49716454512424
1086519,313.1748500801933
1092587,305.11912886295585
1070040,22.39374657374814
1414811,104.8325231476732
1066536,111.11986210260795
1042837,176.19522038322927
1168535,85.0964335352373
1100363,58.83306248683792
1364685,73.84445986896775
1089247,164.78803142581074
1002289,107.76811121026505
1472093,152.49354700904917
1277054,40.783443703447354
1215476,59.645462668427236
1228546,49.68334349508331
1348404,297.0353323014201
1384611,204.9485727884011
1034430,175.59710078120884
1350989,265.12524563645184
1066808,244.22398533311585
1430557,136.96734742718112
1353854,37.05231077430668
1097979,142.5454561053752
1238938,112.02234311642627
1245351,289.79940575609317
1059707,552.854929591198
1053781,295.7980600019056
1066626,164.78803142581074
1134734,191.9221074329747
1353313,229.69115747355295
1435817,1026.3771319786822
1452660,390.1197859130282
1019982,390.10668963487205
1240782,22.1780454486166
1350135,71.73088602528792
1451801,51.27050791941515
1454486,37.30323832036467
1164094,50.03500909422619
1297617,229.69115747355295
1061133,1094.84106463691
1141705,783.4903801730613
1424399,15.757943697173394
1384912,15.757943697173394
1140677,19.60898272233456
1311021,220.62688752313338
1091445,204.9485727884011
1272773,244.22398533311585
1297638,37.05231077430668
1226628,32.791712239713746
1115404,62.29057764302039
1064371,65.84094859771089
1166572,98.18999686242772
1123612,60.50140510508264
1359515,405.006342921738
1164565,516.1400817272013
1224519,699.7177774605515
1158272,531.5223363082393
1268541,581.2125988722455
1145683,305.11912886295585
1328451,44.09581422064965
1074082,107.76811121026505
1003704,80.90622703968253
1113641,254.6981049735426
1290576,494.0577920710442
1135907,468.28789663325574
1082279,311.00044655408396
1290141,342.10059239347845
1139728,313.1748500801933
1453733,825.411857322032
1002232,415.8536693994446
1270725,498.5918950738551
1233905,62.039650096962404
1230053,191.9221074329747
1472644,183.11682976160276
1454734,62.73118205007827
1225700,42.918705163887424
1110838,390.1460862534218
1061668,468.28789663325574
1063075,462.1313904107206
1208304,25.747795365433614
1349760,191.9221074329747
1302694,303.7158844855289
1493476,250.1452410113728
1362461,114.11678333686496
1411389,111.77141557036829
1351136,94.46797028891713
1225400,115.12054605747885
1377213,152.3157410117145
1125415,220.66055091712167
1043869,45.165595088189264
1356946,57.92757598027962
1217777,43.48631288946552
1476749,405.006342921738
1206410,464.5777208381119
1219775,313.1748500801933
1178390,584.7596266403834
1442492,513.374806066422
1037900,307.3765308043676
1013732,27.609025972479195
1421863,89.30782633379857
1429149,71.16558511626941
1282157,238.81836432014148
1211603,301.22893775941066
1083920,511.6301613011566
1460475,94.46797028891713
1362845,78.93806157928589
1020749,145.07060909614802
1158899,582.4776453076296
1479026,307.3765308043676
1264189,399.7926201628587
1125550,40.447259972116804
1274650,23.56308128170095
1095654,32.791712239713746
1196904,96.98764634435442
1071193,114.11678333686496
1408576,65.99112413094363
1414454,37.30323832036467
1388607,33.04263978577173
1273431,32.791712239713746
1452892,403.06418331916177
1433782,334.14563246261207
1422861,305.11912886295585
1358884,175.84802832726683
1374456,175.59710078120884
1140646,207.58274903479523
1465544,45.165595088189264
1069495,40.447259972116804
1209537,42.56703956474454
1420346,89.84260814992952
1393333,111.0411253261801
1075794,229.69115747355295
1087010,50.69640610044327
1318684,85.0964335352373
1438307,123.65586627474256
1369685,89.30782633379857
1280197,45.165595088189264
1035293,40.783443703447354
1159948,252.1964550746102
1314173,197.13522892220846
1040051,313.1748500801933
1106975,821.0370965557263
1159863,642.7665788443229
1233212,301.22893775941066
1400709,20.918566643974415
1171028,60.75233265114063
1340130,62.29057764302039
1494618,388.34793588643896
1130731,465.6113383269906
1462364,702.4760339222911
1009223,197.0908889481728
1201493,207.58274903479523
1410422,257.26180275518556
1419099,693.0039812889928
1216159,513.374806066422
1094661,589.4360596251669
1131852,59.645462668427236
1240781,73.84445986896775
1259603,58.83306248683792
1020079,41.387652178147704
1289847,43.73724043552351
1409175,616.183528781841
1302003,678.0505395576475
1182340,586.1974367927389
1475668,19.60898272233456
1195244,114.36771088292294
1320276,164.78803142581074
1433963,58.83306248683792
1061545,42.56703956474454
1123342,49.68334349508331
1499088,189.00374332954246
1304737,269.73540607941516
1191484,313.1748500801933
1268631,94.46797028891713
1435213,90.2169898725787
1358960,65.84094859771089
1159038,73.84445986896775
1167774,85.34736108129528
1276231,44.34674176670764
1193203,33.09541835883834
1086235,33.09541835883834
1443957,25.747795365433614
1144315,415.8536693994446
1170143,269.98633362547315
1456750,678.0505395576475
1178106,1871.8226425728078
1478799,1295.9914553680217
1441691,773.6385750817078
1072387,58.83306248683792
1296374,111.90853736679192
1452022,98.4409244084857
1202770,549.9441040001311
1292462,581.1345643603444
1283801,1079.0317289704253
1172837,111.77141557036829
1061530,141.40480892180867
1132421,252.1964550746102
1207821,1349.7251873691305
1425955,710.6883177571254
1177798,1052.54841499623
1206668,179.12442123671096
1083512,187.83260286703043
1032899,94.46797028891713
1419409,260.2285984741923
1313011,405.006342921738
1450249,289.79940575609317
1332124,98.4409244084857
1342545,79.18898912534387
1189165,107.51718366420707
1298632,773.6385750817078
1483839,805.6143797616472
1194554,805.5931536927383
1246235,45.165595088189264
1394658,62.039650096962404
1083939,32.37936089480551
1389275,260.4795260202503
1040684,462.04979928476877
1214462,584.7416583664025
1230965,135.41424998617074
1379530,89.0568987877406
1212610,94.27824738536916
1304455,201.18922079720608
1412631,245.3727875602082
1317530,636.3183956971772
1426262,201.77833656980752
1239465,197.0908889481728
1416084,183.11682976160276
1279695,294.3874564635465
1441734,508.72936588344595
1103357,342.10573953354447
1198182,60.50140510508264
1025834,98.18999686242772
1181097,80.34410732504644
1161018,529.7776915429741
1309392,423.01282440468475
1455063,586.1974367927389
1158632,2038.637618473551
1091121,1651.1945877775909
1088945,586.1974367927389
1489209,49.68334349508331
1023300,153.9971480734319
1439667,127.91937343999619
1293881,684.9073516834752
1485195,699.299938344033
1153454,1316.2885034616804
1069020,192.7982268315772
1213921,197.0908889481728
1305234,353.4641581741101
1291485,1268.8810109631727
1387465,728.4566098625397
1256817,985.134972769879
1224265,127.66844589393827
1334010,94.46797028891713
1467939,94.46797028891713
1180074,139.35052008215322
1074049,220.62688752313338
1302893,161.19198404589054
1394784,92.42882921504781
1408505,66.24205167700161
1345794,89.0568987877406
1051255,870.4905644011565
1142160,791.3627803821291
1107967,677.2770357876691
1067301,42.56703956474454
1492121,45.165595088189264
1067044,32.791712239713746
1481158,179.37534878276895
1195466,239.60948816355406
1256199,265.12524563645184
1122945,166.94142008526637
1028988,139.35052008215322
1499206,107.51718366420707
1319595,204.9485727884011
1150029,353.4641581741101
1194693,552.3175930237094
1111675,197.0908889481728
1031321,188.40562372752203
1292810,123.40493872868458
1471715,214.67352562252546
1442310,390.1249330530942
1104258,303.96681203158687
1494852,62.039650096962404
1255232,108.99429086918374
1210758,67.41930886346482
1154462,466.54650822874333
1301242,384.788848818803
1230914,586.1974367927389
1379139,260.2285984741923
1042036,227.58845795873157
1094777,138.94175982265241
1018091,32.791712239713746
1303118,131.98156368119436
1491185,75.6082897080218
1295788,139.35052008215322
1259106,342.10573953354447
1238736,250.1452410113728
1458641,158.04873692752642
1311052,177.54302085472833
1169917,145.07060909614802
1287052,810.5897935594431
1395336,298.24134385505363
1190637,313.4257776262513
1084617,27.609025972479195
1458882,15.757943697173394
1337676,25.747795365433614
1131529,75.35736216196382
1492888,50.69640610044327
1315303,59.99712826757012
1495511,51.27050791941515
1033654,269.73540607941516
1241673,908.1207903913346
1171101,693.638875588151
1208622,15.757943697173394
1312726,15.757943697173394
1038199,145.66872869816845
1125955,161.79010364791097
1191952,191.9221074329747
1101241,42.081944577309486
1066302,49.68334349508331
1360048,31.10734485112845
1413086,45.41652263424725
1101295,59.645462668427236
1244418,94.27824738536916
1060936,62.48025450402028
1210023,405.006342921738
1415291,500.873876406609
1475531,377.0439565154405
1301467,342.10059239347845
1385854,350.4253587779501
1363852,177.54302085472833
1162850,27.609025972479195
1432549,104.48533109171078
1189551,58.17850352633761
1038816,127.66844589393827
1480033,201.77833656980752
1439508,153.7462205273739
1288387,94.46797028891713
1002856,107.51718366420707
1235062,585.4342595175538
1256663,220.59447621445366
1257953,183.96587690968119
1372244,81.24258821931583
1354738,71.10964374020064
1082827,30.68548602287548
1060476,220.62688752313338
1212359,607.2832400963322
1445136,523.9682541816373
1086420,15.757943697173394
1416779,20.918566643974415
1459993,104.8325231476732
1083469,112.3695351723887
1301576,145.66872869816845
1432401,44.09581422064965
1425354,49.68334349508331
1030592,27.859953518537186
1190493,43.73724043552351
1025415,43.48631288946552
1266382,49.68334349508331
1063358,40.783443703447354
1460874,303.7158844855289
1389985,384.783701678737
1282001,239.35856061749607
1281477,112.54495677784358
1192441,110.27081495452957
1410275,49.68334349508331
1234421,28.232661064152953
1459159,128.46280287243357
1070644,110.52174250058755
1166141,71.16558511626941
1187242,107.51718366420707
1226046,111.12301505627862
1479494,114.11678333686496
1395552,252.4473826206682
1144343,161.19198404589054
1423217,154.59526767545233
1343976,22.1780454486166
1285359,26.390575042998528
1083044,71.73088602528792
1209421,326.49716454512424
1330416,311.4340848322759
1353281,30.333820423732597
1357260,114.71490293888536
1390060,139.94863968417366
1361611,165.38615102783118
1323071,27.609025972479195
1257128,23.81400882775894
1070053,23.81400882775894
1453716,62.48025450402028
1208237,32.791712239713746
1087231,201.18922079720608
1198739,94.27824738536916
1146521,415.8536693994446
1468705,1142.8357391595268
1057220,946.9573623149822
1279856,478.4608610040736
1090792,32.791712239713746
1178960,81.49351576537381
1117896,66.24205167700161
1397015,353.4641581741101
1418689,390.1460862534218
1228164,687.198086090571
1029940,145.07060909614802
1328781,158.04873692752642
1065461,269.73540607941516
1243839,812.34234649514
1471318,500.873876406609
1363829,638.6255329646417
1441756,59.645462668427236
1228411,40.447259972116804
1358172,123.9134088552616
1200656,220.62688752313338
1134918,111.77141557036829
1347464,42.33287212336747
1193522,584.7596266403834
1204196,677.2770357876691
1406890,569.9175311044708
1030025,23.56308128170095
1219364,25.747795365433614
1161599,23.56308128170095
1250988,135.66517753222874
1171474,145.07060909614802
1125554,165.03895897186874
1298954,62.48025450402028
1040458,40.783443703447354
1460940,60.50140510508264
1357262,189.00374332954246
1156851,250.1452410113728
1114185,390.10154249480604
1274272,141.40480892180867
1247132,141.40480892180867
1470240,94.46797028891713
1099379,158.04873692752642
1197638,303.96681203158687
1007842,161.44291159194853
1354636,51.27050791941515
1214395,60.50140510508264
1267738,45.165595088189264
1062104,342.10059239347845
1417525,289.79940575609317
1009375,531.5223363082393
1250371,677.2770357876691
1460051,389.8526349534351
1073366,238.45630989146522
1411707,37.05231077430668
1018726,89.30782633379857
1466565,67.6702364095228
1093106,326.49716454512424
1482584,353.4641581741101
1349917,522.2236094163721
1126206,107.51718366420707
1062592,78.93806157928589
1057767,128.46280287243357
1383977,638.6255329646417
1105382,306.3183687917708
1488019,513.8581003944474
1310708,94.27824738536916
1224959,115.12054605747885
1198619,80.34410732504644
1109243,41.03437124950534
1286106,49.934271041141294
1211354,70.91465757021143
1212519,378.97726216144144
1309748,303.7158844855289
1292773,212.46227016911783
1085197,27.609025972479195
1161921,104.56362529346012
1285669,158.04873692752642
1094658,107.51718366420707
1076525,115.12054605747885
1450450,51.27050791941515
1372636,111.0411253261801
1406546,229.69115747355295
1348460,238.45630989146522
1240846,123.9134088552616
1015804,188.08353041308843
1248501,124.16433640131957
1121701,94.27824738536916
1337720,90.2169898725787
1422209,191.9221074329747
1003447,161.19198404589054
1061263,186.11565078621612
1145373,1314.338507640101
1132636,900.175566102047
1201156,492.1257035426043
1078058,28.483588610210944
1151079,94.52917493142714
1189941,98.4409244084857
1475951,390.10154249480604
1184448,500.873876406609
1391925,805.3324792748605
1476929,94.46797028891713
1231386,107.51718366420707
1404911,164.78803142581074
1114758,1026.3771319786822
1144461,541.846327536151
1066415,733.9265766081737
1008743,71.73088602528792
1189950,73.84445986896775
1219400,153.7462205273739
1419847,245.3727875602082
1114649,153.7462205273739
1216349,85.34736108129528
1244754,45.41652263424725
1331326,59.645462668427236
1120815,541.846327536151
1462648,552.854929591198
1126592,450.8299488426566
1055426,28.232661064152953
1384255,34.60728634400457
1306205,25.747795365433614
1019043,197.0908889481728
1408089,306.5692963378288
1146767,301.93382499679456
1259805,45.165595088189264
1497120,44.09581422064965
1292298,33.09541835883834
1405377,154.34434012939434
1426151,186.11565078621612
1116946,350.4253587779501
1133414,123.40493872868458
1062761,110.27081495452957
1061634,114.11678333686496
1305049,252.1964550746102
1116333,303.96681203158687
1191349,197.38615646826645
1159771,73.84445986896775
1251864,58.83306248683792
1083765,377.0439565154405
1228552,307.3765308043676
1430516,318.15479691360036
1151845,297.0353323014201
1294699,220.40962337106367
1135850,123.40493872868458
1180421,37.05231077430668
1123301,142.5454561053752
1300287,114.36771088292294
1168400,131.73063613513636
1097503,294.3874564635465
1408518,161.19198404589054
1444957,179.12442123671096
1399997,186.11565078621612
1014758,161.19198404589054
1095122,830.6564456894798
1489921,238.45630989146522
1209256,313.4257776262513
1016153,25.71927316221139
1085266,37.05231077430668
1143854,94.27824738536916
1312916,80.65529949362455
1175396,42.33287212336747
1074206,45.51726068733215
1248416,58.83306248683792
1453080,188.40562372752203
1192024,677.2770357876691
1141206,647.529020519626
1355728,15.757943697173394
1299237,19.60898272233456
1307772,111.72113465829902
1400665,179.7225408387314
1004645,192.7982268315772
1210413,49.68334349508331
1436680,62.48025450402028
1470215,45.41652263424725
1324163,71.9818135713459
1339559,51.27050791941515
1497250,85.19428689764571
1365093,60.50140510508264
1027940,342.10059239347845
1209765,516.1400817272013
1450040,250.509338247975
1214298,390.1460862534218
1382875,415.8536693994446
1253739,153.7462205273739
1193984,34.60728634400457
1097871,71.9818135713459
1224457,51.52143546547314
1136765,104.2344035456528
1229203,153.7462205273739
1219292,192.7982268315772
1146575,67.41930886346482
1423852,78.93806157928589
1297702,89.0568987877406
1161437,790.9233406389424
1125330,294.3874564635465
1360747,404.7585089357051
1029594,78.93806157928589
1020884,75.35736216196382
1306594,58.83306248683792
1457994,177.54302085472833
1043255,311.00044655408396
1013503,250.06644564670663
1435938,60.75233265114063
1220416,40.79892557125969
1442117,353.4641581741101
1029656,468.28789663325574
1435147,404.7533617956391
1472716,23.56308128170095
1226697,44.09581422064965
1141281,20.05069109336787
1190516,108.11530326622747
1008247,132.3287557371568
1418093,187.83260286703043
1075398,94.46797028891713
1064800,57.92757598027962
1492791,71.73088602528792
1205053,139.35052008215322
1090692,137.21827497323912
1103070,165.03895897186874
1365090,45.165595088189264
1195960,60.50140510508264
1427004,45.165595088189264
1178338,301.22893775941066
1040396,294.3874564635465
1391592,227.58845795873157
1208134,244.22398533311585
1489281,204.9485727884011
1158712,75.35736216196382
1313348,28.232661064152953
1348022,110.69393327021767
1304904,66.24205167700161
1384166,191.9221074329747
1448485,429.3303902885769
1392836,260.2285984741923
1490612,227.58845795873157
1281225,204.9485727884011
1147987,180.25557869370382
1325439,696.2150136524161
1160732,388.34793588643896
1394137,314.6387695111861
1015427,23.56308128170095
1492109,27.609025972479195
1104909,32.044746901157346
1312658,80.34410732504644
1265919,73.84445986896775
1168667,37.30323832036467
1498239,37.40397637344957
1056884,238.45630989146522
1428307,581.1345643603444
1215913,523.9682541816373
1159521,15.757943697173394
1059592,124.00305833070499
1373733,152.8407390650116
1308805,124.511528457282
1238435,32.791712239713746
1488981,28.483588610210944
1157481,49.934271041141294
1043153,37.05231077430668
1284746,49.68334349508331
1467255,43.48631288946552
1343273,405.006342921738
1137134,616.183528781841
1092730,319.8883803444692
1448019,1441.3972557097213
1231141,900.175566102047
1040612,702.7579344090778
1113754,123.9134088552616
1185582,314.6387695111861
1057285,229.94208501961094
1203477,677.2770357876691
1158165,947.339733278442
1419040,1337.8897369788538
1285350,220.62688752313338
1157350,160.17185853115015
1262900,238.45630989146522
1052629,1940.3958893740667
1038769,1094.84106463691
1227970,1426.150331890349
1346637,250.06644564670663
1224017,297.0353323014201
1136861,197.0908889481728
1316119,301.93382499679456
1059546,423.01282440468475
1043566,205.1995003344591
1404159,186.36657833227412
1498846,139.60144762821122
1110118,193.31912139486292
1290480,908.1207903913346
1268614,899.49397701002
1024354,616.6984048306514
1234416,73.84445986896775
1040435,62.48025450402028
1240915,342.10059239347845
1084025,624.9907564045792
1499604,551.1102848259328
1388767,71.10964374020064
1274715,85.19428689764571
1461469,33.09541835883834
1008292,245.3727875602082
1245361,404.7533617956391
1479849,569.3801945369821
1401490,201.77833656980752
1482761,197.0908889481728
1309393,197.13522892220846
1247648,351.9849134854716
1458403,616.6925281887299
1408082,423.01797154475076
1242344,186.11565078621612
1374742,252.1964550746102
1012940,188.40562372752203
1221568,822.4319181539063
1114301,643.011486198713
1105342,569.9175311044708
1137633,586.1974367927389
1178329,450.8299488426566
1499858,296.4857659094403
1215907,27.609025972479195
1211478,81.49351576537381
1033546,60.75233265114063
1464245,398.630928735342
1058371,423.01282440468475
1026616,615.7521420829918
1247355,389.8526349534351
1114236,282.00457750580074
1289229,318.15479691360036
1451604,567.384622225659
1379933,510.47401064871127
1372659,582.4596770336486
1230021,81.24258821931583
1256599,59.645462668427236
1223398,30.584747969790588
1285191,25.998722911491605
1155784,622.9345466831726
1498106,494.0577920710442
1308355,478.4608610040736
1417280,104.48533109171078
1146888,162.34635892189945
1496161,89.0568987877406
1308362,107.51718366420707
1371858,85.19428689764571
1364559,238.45630989146522
1359349,423.01282440468475
1368289,314.38784196512813
1240720,104.2344035456528
1391833,111.12301505627862
1360908,71.10964374020064
1023628,51.52143546547314
1369768,37.30323832036467
1412995,32.37936089480551
1223485,49.68334349508331
1288249,40.783443703447354
1006238,500.873876406609
1059275,311.00044655408396
1147027,584.7416583664025
1004923,818.6626645196303
1242357,740.2225336632139
1466888,399.7874730227927
1493859,26.139647496940537
1210459,104.48533109171078
1368817,107.76811121026505
1279294,342.10059239347845
1167231,415.8536693994446
1259128,693.3569751013642
1358767,164.78803142581074
1096137,188.40562372752203
1457740,229.69115747355295
1269024,755.934003349573
1075647,616.183528781841
1312036,583.6896147522885
1008079,25.747795365433614
1204384,32.791712239713746
1119932,45.165595088189264
1000399,73.84445986896775
1427919,58.83306248683792
1375237,41.03437124950534
1296679,678.0505395576475
1168909,770.9412155716116
1269115,728.4566098625397
1338145,15.757943697173394
1128999,20.918566643974415
1220606,112.79588432390156
1241511,131.73063613513636
1104790,135.66517753222874
1425208,59.645462668427236
1199464,51.27050791941515
1050102,71.73088602528792
1336720,180.85369829572426
1213184,269.73540607941516
1076322,311.00044655408396
1321832,94.27824738536916
1373978,85.19428689764571
1081549,110.52174250058755
1240433,59.89639021448522
1387655,32.37936089480551
1350726,37.05231077430668
1496114,37.05231077430668
1432286,587.8920996328875
1385345,458.9362941584192
1170636,768.8011784574483
1230601,2000.531674497828
1041516,1477.4232576406198
1173083,908.1207903913346
1450921,85.19428689764571
1496330,290.05033330215116
1255410,265.37617318250983
1170613,805.6143797616472
1247310,952.6097231769818
1177106,1309.9926250378983
1326323,245.3727875602082
1394882,259.3640032840083
1182328,450.5736280496527
1174658,2344.13105997944
1293282,1026.837350923508
1386650,1441.9707256690951
1309704,115.12054605747885
1195327,96.98764634435442
1473452,89.0568987877406
1210879,138.94175982265241
1185214,378.97726216144144
1066210,164.78803142581074
1499625,98.51921861023504
1080267,124.16433640131957
1330955,123.9134088552616
1335465,984.0741037733518
1267998,1588.608539446742
1025909,1452.6765216486501
1332594,40.447259972116804
1401858,40.783443703447354
1028364,37.05231077430668
1313113,614.3853909212653
1064070,881.3329780496023
1484042,773.3566745949211
1340756,127.66844589393827
1276173,158.04873692752642
1330803,111.12301505627862
1455753,311.00044655408396
1164898,389.8526349534351
1343584,645.6246173953748
1478559,177.54302085472833
1283300,152.24261946299117
1109985,295.7980600019056
1182370,457.9909737863931
1119237,301.47986530546865
1061216,85.19428689764571
1186970,139.35052008215322
1232710,111.12301505627862
1174524,773.3338743638479
1203994,622.9345466831726
1283754,1248.7165300489114
1244061,805.8450584860606
1354740,710.6883177571254
1437784,294.3874564635465
1041281,37.05231077430668
1472538,85.44521444370369
1446011,74.09538741502573
1042253,191.9221074329747
1119080,318.15479691360036
1386957,397.51199737445063
1331353,184.93322840211732
1308975,220.40962337106367
1052339,282.00457750580074
1473719,1357.7033746693185
1149757,404.7533617956391
1309128,608.8272000886116
1465472,123.9134088552616
1322204,104.2344035456528
1206240,80.65529949362455
1120227,141.40480892180867
1258298,513.374806066422
1129006,429.3303902885769
1020196,59.083990032895905
1447296,45.51726068733215
1367769,58.83306248683792
1400232,614.3853909212653
1016753,903.2509594774976
1242885,818.6626645196303
1168409,26.139647496940537
1231518,40.783443703447354
1380987,23.56308128170095
1215932,207.58274903479523
1117884,257.9945301393288
1363817,450.03629148216396
1152096,164.78803142581074
1486487,127.66844589393827
1418848,123.9134088552616
1310755,207.58274903479523
1338515,165.03895897186874
1010982,260.4795260202503
1219191,57.92757598027962
1415229,89.0568987877406
1198846,62.48025450402028
1149035,429.3303902885769
1143934,415.8536693994446
1418885,389.8526349534351
1186700,257.26180275518556
1412431,301.93382499679456
1265941,123.9134088552616
1174252,37.05231077430668
1391318,158.29966447358441
1373444,145.321536642206
1255746,137.3699196254669
1432440,311.00044655408396
1261892,197.13522892220846
1068928,137.21827497323912
1265780,179.12442123671096
1348612,812.876151775249
1160642,384.783701678737
1163720,303.3126220643544
1305847,22.1780454486166
1274777,70.91465757021143
1390345,45.165595088189264
1080632,44.34674176670764
1362043,62.831920103163164
1379600,51.27050791941515
1178473,269.73540607941516
1441562,946.9573623149822
1045971,699.299938344033
1399293,20.918566643974415
1306525,189.00374332954246
1495101,186.11565078621612
1189930,245.3727875602082
1320678,27.609025972479195
1491671,49.934271041141294
1285364,115.12054605747885
1288551,94.46797028891713
1457020,584.7416583664025
1087121,784.023208205906
1308249,404.7533617956391
1068127,421.7868621476975
1108102,523.9682541816373
1294107,131.73063613513636
1280040,20.918566643974415
1435366,186.11565078621612
1498193,319.8832332044032
1483366,260.2285984741923
1458620,201.18922079720608
1316768,250.509338247975
1279885,229.69115747355295
1397824,582.4596770336486
1052054,301.93382499679456
1026328,269.98633362547315
1275190,67.93571707225509
1374425,49.68334349508331
1439872,34.85821389006256
1407466,27.609025972479195
1488816,212.46227016911783
1370281,429.3303902885769
1413701,390.1460862534218
1307828,15.757943697173394
1170147,111.72113465829902
1334448,136.01236958819118
1033182,136.01236958819118
1065230,33.346345904896324
1447947,49.934271041141294
1468251,32.37936089480551
1183920,33.09541835883834
1145327,305.11912886295585
1419745,462.3933485712259
1445638,307.3765308043676
1306558,646.0979930206123
1108134,655.844186407494
1088320,186.11565078621612
1262779,33.09541835883834
1381709,90.46791741863667
1241273,62.29057764302039
1424447,257.26180275518556
1354383,450.5736280496527
1319128,429.3303902885769
1257115,307.3765308043676
1395094,353.4641581741101
1444861,391.7176317893607
1328290,943.0597908037116
1178643,350.4253587779501
1342743,405.011490061804
1461309,71.73088602528792
1442360,58.83306248683792
1006284,58.83306248683792
1134764,259.3640032840083
1161944,197.0908889481728
1249279,44.09581422064965
1156031,41.13510930259024
1131668,57.92757598027962
1434813,404.7533617956391
1068689,607.2832400963322
1318738,589.0845808962376
1432334,23.56308128170095
1475359,179.7225408387314
1087593,229.69115747355295
1083819,288.45878500593597
1341927,107.51718366420707
1234463,85.0964335352373
1016464,94.52917493142714
1358838,127.91937343999619
1477660,45.165595088189264
1148248,58.83306248683792
1039288,40.447259972116804
1059110,319.8832332044032
1473909,353.4641581741101
1068714,415.8536693994446
1089089,1300.7610891226095
1356974,1041.0164816929812
1346234,463.40606868843656
1315874,32.37936089480551
1262985,68.18664461831307
1260615,74.09538741502573
1060044,450.8299488426566
1356232,569.9175311044708
1357020,947.5906608245
1209654,153.7462205273739
1427961,152.24261946299117
1369209,260.773477523714
1225027,949.792592137164
1099215,510.47401064871127
1424670,790.9233406389424
1238679,94.27824738536916
1392104,98.18999686242772
1205977,136.7697574463391
1167315,204.9485727884011
1444210,141.65573646786666
1016117,81.49351576537381
1130081,45.41652263424725
1300651,678.0505395576475
1184868,614.3853909212653
1009874,523.9682541816373
1378506,212.71319771517582
1304918,212.46227016911783
1434845,249.99018094015577
1133760,62.039650096962404
1096748,65.99112413094363
1451740,59.645462668427236
1227978,158.89778407560485
1277125,240.21560771213308
1196150,429.3303902885769
1334489,142.2945285593172
1431014,108.99429086918374
1023140,188.40562372752203
1489036,318.1599440536664
1022069,250.24110848621376
1454833,40.447259972116804
1062563,58.83306248683792
1405958,49.68334349508331
1059406,350.4253587779501
1469078,238.45630989146522
1292707,516.1400817272013
1398644,728.4566098625397
1203716,616.183528781841
1442542,207.58274903479523
1425213,32.37936089480551
1120872,89.30782633379857
1005457,71.9818135713459
1178195,463.40606868843656
1276208,450.5736280496527
1006772,903.5018870235556
1013636,227.58845795873157
1009256,183.11682976160276
1439011,269.73540607941516
1440035,812.5942512884623
1498548,468.28789663325574
1416818,722.1606528074996
1020169,96.98764634435442
1159657,58.83306248683792
1316740,62.039650096962404
1386951,98.18999686242772
1180443,37.30323832036467
1287984,37.30323832036467
1425859,643.2933866854997
1468717,591.2741245166496
1112208,468.28789663325574
1481291,15.757943697173394
1020410,15.757943697173394
1074040,94.52917493142714
1369208,131.98156368119436
1180067,98.18999686242772
1151498,137.21827497323912
1130148,81.49351576537381
1121206,92.42882921504781
1110144,137.96803922748734
1176486,288.45878500593597
1073716,305.11912886295585
1283548,114.11678333686496
1338495,136.96734742718112
1059213,111.3739426023366
1083637,94.71889783497511
1055724,33.09541835883834
1435255,60.50140510508264
1067586,50.69640610044327
1095952,334.1507796026781
1341028,220.66055091712167
1365830,472.8093684877515
1365959,461.3233563984868
1317198,404.7533617956391
1451163,158.04873692752642
1239283,32.791712239713746
1025725,85.52350864545303
1233183,81.49351576537381
1315899,390.1460862534218
1347174,591.2741245166496
1497342,334.1507796026781
1126061,238.45630989146522
1105093,191.9221074329747
1259625,197.0908889481728
1130528,983.089740880728
1495708,552.854929591198
1458963,605.4557701743066
1469496,16.008871243231383
1176341,37.05231077430668
1145097,62.039650096962404
1428215,45.165595088189264
1041705,42.81796711080253
1081454,450.5736280496527
1125431,1457.4093413268786
1470105,1041.0164816929812
1311945,31.10734485112845
1234987,37.38153252211401
1420177,89.0568987877406
1022645,51.27050791941515
1078051,67.93571707225509
1175825,260.2285984741923
1331054,515.6027451597126
1470658,461.59405384323185
1297518,49.68334349508331
1347237,58.83306248683792
1256412,59.083990032895905
1032350,42.81796711080253
1277516,45.165595088189264
1342728,51.27050791941515
1438163,528.7018123144654
1156954,305.11912886295585
1272295,946.9573623149822
1107132,405.006342921738
1334275,462.1313904107206
1209977,227.58845795873157
1459739,37.05231077430668
1291850,79.18898912534387
1379698,50.94733364650126
1432632,128.46280287243357
1122526,269.73540607941516
1404288,269.73540607941516
1400901,89.0568987877406
1323340,94.27824738536916
1292411,107.51718366420707
1482582,791.2052411257291
1127643,303.0616945182964
1283497,508.1920293159572
1057636,89.0568987877406
1150235,98.18999686242772
1474289,58.83306248683792
1354025,139.35052008215322
1253575,269.73540607941516
1299937,260.2285984741923
1089000,51.52143546547314
1039852,37.40397637344957
1267675,60.50140510508264
1488207,398.630928735342
1350692,528.7018123144654
1210781,461.3233563984868
1193951,22.39374657374814
1095002,22.1780454486166
1492945,114.71490293888536
1054104,161.79010364791097
1423493,238.45630989146522
1002941,90.2169898725787
1125618,62.039650096962404
1360006,65.99112413094363
1059761,158.04873692752642
1091221,111.3739426023366
1435805,142.5454561053752
1245279,60.50140510508264
1396283,73.84445986896775
1093919,51.27050791941515
1343778,294.3874564635465
1011146,250.06644564670663
1154102,179.12442123671096
1415730,1284.6659020243953
1475935,903.2509594774976
1109571,472.8093684877515
1319787,42.56703956474454
1276137,112.02234311642627
1001227,111.3739426023366
1195293,569.9175311044708
1398730,587.8920996328875
1455484,952.8606507230397
1388600,184.93322840211732
1077390,136.96734742718112
1403233,260.2285984741923
1015880,1309.4201341001997
1241151,687.4799865773577
1172613,985.134972769879
1084812,94.27824738536916
1277060,73.84445986896775
1436368,94.46797028891713
1090497,131.73063613513636
1280108,188.65655127358002
1311137,123.9134088552616
1494207,71.36057128625862
1412828,74.09538741502573
1055572,728.4566098625397
1059092,797.8983186506963
1277198,645.8160925338256
1087687,37.05231077430668
1069820,32.37936089480551
1036895,33.09541835883834
1296744,111.12301505627862
1142898,179.37534878276895
1398759,197.34181649423078
1080640,112.54495677784358
1260746,94.27824738536916
1171633,58.83306248683792
1230287,204.9485727884011
1499428,311.00044655408396
1301567,467.750560065767
1463347,127.66844589393827
1428200,94.46797028891713
1291907,164.78803142581074
1147260,383.311193737138
1454907,197.34181649423078
1217383,45.165595088189264
1011928,89.0568987877406
1379372,75.35736216196382
1338047,387.6557107577639
1469818,326.49716454512424
1168040,684.9073516834752
1009386,179.12442123671096
1168372,502.245161974527
1324150,260.2285984741923
1059445,37.05231077430668
1099952,94.71889783497511
1250220,66.09187614376887
1188755,180.25557869370382
1446882,313.1748500801933
1144740,296.4857659094403
1464033,98.18999686242772
1388757,115.12054605747885
1323659,107.51718366420707
1478111,941.8329846559928
1348933,318.15479691360036
1449756,463.7764371379928
1230883,111.42423279021803
1167420,311.4340848322759
1405883,239.35856061749607
1175845,40.79892557125969
1117513,40.783443703447354
1024283,391.7176317893607
1492218,584.7416583664025
1027316,461.3233563984868
1471485,23.56308128170095
1024988,25.747795365433614
1260453,26.139647496940537
1489141,154.34434012939434
1454232,161.79010364791097
1011226,207.58274903479523
1175256,67.41930886346482
1243108,62.039650096962404
1093088,131.73063613513636
1217703,131.98156368119436
1282607,192.1730349790327
1370140,40.447259972116804
1219713,65.99112413094363
1249198,41.13672463208972
1073611,342.10059239347845
1211587,462.3933485712259
1068406,282.00457750580074
1342607,239.35856061749607
1261077,257.26180275518556
1484727,20.918566643974415
1352470,51.52143546547314
1088236,42.81796711080253
1215183,250.509338247975
1396786,269.73540607941516
1094702,265.37617318250983
1089745,153.7462205273739
1156482,164.78803142581074
1103642,193.31912139486292
1342267,319.8832332044032
1025372,405.006342921738
1022495,318.15479691360036
1493813,19.60898272233456
1301621,28.232661064152953
1075950,15.757943697173394
1136679,318.15479691360036
1430125,318.1599440536664
1016676,354.1902907097442
1208909,107.51718366420707
1389983,137.3699196254669
1337158,136.96734742718112
1221233,107.51718366420707
1035195,127.66844589393827
1037113,161.19198404589054
1132160,40.447259972116804
1053053,37.05231077430668
1413177,33.04263978577173
1126045,32.29567444721536
1133753,27.609025972479195
1077837,32.37936089480551
1022717,22.39374657374814
1309964,269.73540607941516
1019057,85.0964335352373
1131145,404.7533617956391
1486477,1309.7416974918403
1072415,1041.0164816929812
1119869,450.5736280496527
1219047,128.46280287243357
1477396,655.844186407494
1436609,762.2299604046132
1069354,1087.7247061794997
1314692,201.77833656980752
1304622,145.07060909614802
1078876,229.69115747355295
1343631,1295.9914553680217
1066795,611.0376843633196
1161188,1052.4264089225367
1149120,153.7462205273739
1221328,127.66844589393827
1480464,212.46227016911783
1161892,269.73540607941516
1149568,201.18922079720608
1300878,89.0568987877406
1300870,73.84445986896775
1258889,152.24261946299117
1454269,699.299938344033
1438319,582.4596770336486
1373998,465.0373063360403
1012823,49.68334349508331
1156189,51.27050791941515
1140498,127.91937343999619
1091479,212.71319771517582
1353419,192.1730349790327
1457486,158.04873692752642
1144262,136.96734742718112
1052105,98.18999686242772
1415004,188.40562372752203
1453040,319.8832332044032
1239627,462.3933485712259
1381963,143.49617934712072
1467104,153.7462205273739
1105735,131.73063613513636
1382389,244.22398533311585
1164582,429.3355374286429
1231645,389.8577820935011
1046978,197.0908889481728
1462588,137.3699196254669
1124263,614.3853909212653
1099251,569.9175311044708
1162730,350.4253587779501
1274836,1475.139282061525
1410039,881.3329780496023
1269164,642.7665788443229
1028730,45.165595088189264
1495888,137.21827497323912
1069033,135.66517753222874
1006557,728.4566098625397
1112006,822.4319181539063
1167679,1294.1281503229318
1328737,180.25557869370382
1405194,197.0908889481728
1452164,307.3765308043676
1116595,1300.7610891226095
1064513,805.5931536927383
1490972,1094.84106463691
1217205,110.44300572415969
1465304,111.77141557036829
1443319,282.25550505185873
1485382,138.94175982265241
1321418,92.17790166898983
1380035,71.10964374020064
1373073,81.24258821931583
1347043,870.4905644011565
1147088,865.3195416885794
1471717,722.1606528074996
1329642,26.139647496940537
1248124,478.4608610040736
1220181,699.7177774605515
1171914,603.9118101820272
1200910,90.2169898725787
1371309,65.99112413094363
1223144,58.83306248683792
1400065,197.0908889481728
1483448,239.96468016607508
1357587,462.1313904107206
1172707,153.7462205273739
1292242,158.04873692752642
1306117,123.9134088552616
1193498,252.1964550746102
1352621,429.3355374286429
1482712,296.0489875479636
1347302,62.48025450402028
1186701,81.24258821931583
1288728,92.17790166898983
1486530,646.0979930206123
1459193,318.15479691360036
1393759,728.1351956072407
1282203,782.4332595915108
1179891,818.6626645196303
1326973,250.1452410113728
1435221,37.05231077430668
1433727,107.76811121026505
1139483,98.4409244084857
1284565,260.2285984741923
1439856,528.7018123144654
1046211,405.006342921738
1053778,250.509338247975
1414578,260.2285984741923
1254839,197.0908889481728
1483761,1058.831913831299
1497315,404.7533617956391
1233431,510.47401064871127
1393399,62.039650096962404
1242043,71.10964374020064
1424831,59.645462668427236
1134215,311.00044655408396
1091267,294.3874564635465
1207133,49.68334349508331
1440267,45.165595088189264
1073033,429.3303902885769
1336054,677.4952906966191
1054489,583.6896147522885
1111308,37.05231077430668
1247191,22.39374657374814
1388259,158.04873692752642
1064410,212.46227016911783
1265180,238.45630989146522
1139023,114.11678333686496
1146782,94.46797028891713
1222928,92.17790166898983
1168385,127.66844589393827
1012312,124.19923378146675
1021280,258.2454576853868
1042565,65.84094859771089
1244605,58.83306248683792
1189058,569.9175311044708
1274015,450.5736280496527
1352677,398.630928735342
1383644,415.8536693994446
1305973,389.8526349534351
1101500,142.2945285593172
1475789,40.447259972116804
1282883,127.91937343999619
1191532,94.52917493142714
1281302,175.59710078120884
1443615,307.3765308043676
1332108,303.7158844855289
1222883,158.04873692752642
1123521,188.40562372752203
1373500,188.40562372752203
1093306,881.3329780496023
1452342,319.8832332044032
1077994,429.3303902885769
1069917,78.93806157928589
1167780,49.68334349508331
1266148,75.35736216196382
1046582,81.24258821931583
1419491,177.54302085472833
1209198,131.73063613513636
1321469,58.83306248683792
1322590,49.68334349508331
1461727,60.50140510508264
1321297,390.1460862534218
1308836,645.8695247497649
1278744,547.6621226673773
1453972,25.747795365433614
1284961,23.56308128170095
1483945,191.9221074329747
1426428,257.26180275518556
1280345,282.00457750580074
1158328,85.19428689764571
1084749,73.84445986896775
1041291,51.27050791941515
1371085,71.73088602528792
1160800,89.30782633379857
1106091,143.7471068931787
1189443,49.68334349508331
1327465,92.17790166898983
1123207,50.69640610044327
1395535,399.7874730227927
1350862,416.79480481627644
1470638,250.509338247975
1223757,2312.9239018697012
1043364,2017.7777848412825
1246275,791.3627803821291
1278666,107.51718366420707
1333706,250.24110848621376
1420309,192.1730349790327
1400253,797.8983186506963
1061474,1087.4737786334417
1283830,2035.7637423430465
1057534,139.35052008215322
1261642,153.7462205273739
1374187,303.7158844855289
1373463,2291.4017454341524
1209612,1148.2065207147969
1282271,1875.1553572840585
1049965,295.7980600019056
1371511,311.00044655408396
1389659,145.29757198979337
1222803,334.14563246261207
1061931,423.01282440468475
1367532,303.7158844855289
1370845,161.19198404589054
1459356,139.35052008215322
1117354,188.40562372752203
1232726,1302.829563563026
1093556,1052.54841499623
1229128,812.34234649514
1155992,67.93571707225509
1467469,85.19428689764571
1357985,60.50140510508264
1381446,647.2471200328392
1000649,791.3627803821291
1285242,768.8011784574483
1322481,220.40962337106367
1237322,175.59710078120884
1255347,164.78803142581074
1350477,238.45630989146522
1276985,398.630928735342
1446621,728.4566098625397
1035515,294.3874564635465
1194463,298.24134385505363
1310908,260.2285984741923
1318247,605.9680199034339
1219733,738.7053262040027
1173723,606.2189474494918
1370097,123.40493872868458
1257959,188.40562372752203
1165749,138.94175982265241
1027375,870.7718441467118
1019661,591.2741245166496
1162772,643.2933866854997
1261333,903.2509594774976
1201647,740.2225336632139
1094506,289.79940575609317
1169782,33.09541835883834
1303129,94.71889783497511
1469136,67.6702364095228
1207782,391.7176317893607
1192653,415.8536693994446
1129462,761.9480599178264
1475116,187.83260286703043
1134125,180.25557869370382
1495295,269.73540607941516
1205276,773.3338743638479
1398775,404.7533617956391
1160729,603.9118101820272
1169282,92.17790166898983
1035696,160.17185853115015
1067289,107.51718366420707
1368955,59.645462668427236
1003827,62.48025450402028
1230515,586.1974367927389
1215558,470.74097737276173
1273328,423.01797154475076
1414039,23.56308128170095
1004285,193.5700489409209
1110335,404.7533617956391
1333022,415.8536693994446
1153239,32.37936089480551
1239978,28.232661064152953
1340182,164.78803142581074
1441846,245.3727875602082
1132759,318.15479691360036
1394160,164.78803142581074
1141716,153.7462205273739
1038502,104.2344035456528
1449649,158.04873692752642
1023345,207.83367658085322
1441461,135.66517753222874
1324469,45.165595088189264
1177896,62.039650096962404
1419391,59.645462668427236
1479481,301.93382499679456
1229915,250.06644564670663
1247241,384.783701678737
1184174,1672.1098211219273
1055582,984.0741037733518
1102254,791.3627803821291
1456846,75.35736216196382
1272350,186.36657833227412
1254708,192.1730349790327
1039677,740.2225336632139
1432316,870.7718441467118
1436213,1259.840892834923
1038757,164.78803142581074
1207627,164.78803142581074
1199733,265.12524563645184
1341807,1588.608539446742
1216417,821.0370965557263
1195936,1316.2885034616804
1287436,131.73063613513636
1146127,158.04873692752642
1257501,111.77141557036829
1059717,227.58845795873157
1259733,311.00044655408396
1197506,164.78803142581074
1319999,131.73063613513636
1045566,127.66844589393827
1060380,127.66844589393827
1108374,900.175566102047
1315927,898.6127647977653
1233583,638.6255329646417
1085653,45.165595088189264
1196939,44.09581422064965
1313776,468.28789663325574
1351261,738.9872266907895
1405637,684.6254511966885
1349583,98.18999686242772
1336749,114.11678333686496
1209534,85.0964335352373
1164141,238.45630989146522
1404749,326.49716454512424
1458693,516.1400817272013
1474327,164.78803142581074
1282683,175.59710078120884
1318948,158.04873692752642
1480355,389.8526349534351
1056960,476.71621623880844
1487161,334.1993760379552
1008500,153.7462205273739
1092639,137.3699196254669
1198939,687.4799865773577
1118334,552.854929591198
1337311,613.4450048155272
1455829,456.6264052674344
1300798,306.3183687917708
1263568,138.94175982265241
1085320,37.05231077430668
1467015,96.98764634435442
1294141,71.36057128625862
1321470,188.40562372752203
1398009,314.38784196512813
1471069,269.73540607941516
1021287,197.13522892220846
1104489,193.31912139486292
1167180,197.13522892220846
1426580,710.6883177571254
1306893,307.3765308043676
1381677,405.006342921738
1123959,73.84445986896775
1008521,59.645462668427236
1472495,60.50140510508264
1401879,59.645462668427236
1406179,204.9485727884011
1326168,164.78803142581074
1443780,45.165595088189264
1007138,49.68334349508331
1476634,49.68334349508331
1496541,399.7874730227927
1279245,589.4360596251669
1277454,476.1788796713197
1130968,20.918566643974415
1223081,15.757943697173394
1127406,201.18922079720608
1012486,269.73540607941516
1079096,296.4857659094403
1181824,92.17790166898983
1351500,80.34410732504644
1386107,37.05231077430668
1184696,71.73088602528792
1180413,41.387652178147704
1192293,94.52917493142714
1445951,59.645462668427236
1327384,59.645462668427236
1174841,40.783443703447354
1305132,294.3874564635465
1285880,313.1748500801933
1273993,259.3640032840083
1239027,405.006342921738
1113550,318.15479691360036
1084108,127.66844589393827
1404629,26.139647496940537
1434155,85.19428689764571
1348839,59.645462668427236
1477313,107.51718366420707
1089017,250.1452410113728
1124052,207.58274903479523
1452469,127.66844589393827
1063625,123.40493872868458
1208483,153.7462205273739
1395756,584.7596266403834
1487950,177.54302085472833
1263410,289.79940575609317
1472554,37.05231077430668
1157790,131.73063613513636
1380842,104.2344035456528
1396237,44.09581422064965
1408066,37.05231077430668
1029886,282.00457750580074
1360286,405.011490061804
1055063,389.8577820935011
1093786,131.73063613513636
1111575,175.59710078120884
1195946,197.13522892220846
1261731,62.48025450402028
1341838,60.50140510508264
1299687,62.48025450402028
1032225,37.05231077430668
1330234,74.09538741502573
1412550,44.09581422064965
1100095,58.83306248683792
1461775,44.09581422064965
1449523,201.18922079720608
1362777,212.46227016911783
1390732,180.25557869370382
1214244,478.4608610040736
1421486,478.4608610040736
1035903,305.11912886295585
1151461,62.039650096962404
1344236,179.12442123671096
1379760,162.2680647201501
1438925,197.13522892220846
1100432,569.9175311044708
1481693,456.6264052674344
1361864,123.94830623540877
1096667,75.35736216196382
1066661,1309.7416974918403
1251281,605.661888172644
1090506,946.9573623149822
1046443,127.66844589393827
1177634,164.78803142581074
1331426,123.9134088552616
1488697,298.24134385505363
1082947,456.6264052674344
1493527,464.5777208381119
1064804,98.18999686242772
1064331,111.77141557036829
1321403,131.73063613513636
1443671,646.0979930206123
1126491,790.9233406389424
1373130,513.8581003944474
1344470,60.50140510508264
1398619,50.69640610044327
1278926,45.165595088189264
1438934,153.7462205273739
1322492,229.69115747355295
1085442,260.2285984741923
1180036,111.77141557036829
1379305,110.44300572415969
1338236,104.2344035456528
1052419,245.3727875602082
1244347,229.94208501961094
1024324,342.10573953354447
1064488,142.2945285593172
1151739,201.18922079720608
1373391,164.78803142581074
1156082,655.844186407494
1326829,466.5413610886773
1394265,245.3727875602082
1231613,158.04873692752642
1088866,162.0171371740921
1024895,108.99429086918374
1085905,22.1780454486166
1491788,45.41652263424725
1049512,37.05231077430668
1064086,152.0648134656565
1227862,334.14563246261207
1365491,197.34181649423078
1057633,138.94175982265241
1491066,257.9945301393288
1139202,229.69115747355295
1407912,500.873876406609
1079856,220.62688752313338
1294843,179.37534878276895
1251241,59.645462668427236
1191230,33.09541835883834
1085656,26.139647496940537
1154657,23.56308128170095
1497882,158.04873692752642
1446165,450.04143862223
1054992,389.8577820935011
1331832,164.78803142581074
1450338,166.94142008526637
1080033,175.59710078120884
1310930,43.48631288946552
1136132,49.68334349508331
1343671,33.09541835883834
1307543,23.81400882775894
1227735,37.05231077430668
1424143,33.09541835883834
1218876,33.09541835883834
1222607,313.1748500801933
1211353,342.10059239347845
1492236,423.01282440468475
1185456,296.4857659094403
1023270,245.3727875602082
1159056,75.35736216196382
1448047,30.333820423732597
1296849,94.27824738536916
1390803,45.41652263424725
1345192,158.04873692752642
1215503,301.93382499679456
1171401,192.7982268315772
1379516,128.46280287243357
1209535,131.73063613513636
1373619,96.98764634435442
1109484,421.7868621476975
1056058,183.11682976160276
1487646,257.26180275518556
1135766,81.24258821931583
1144864,60.50140510508264
1414348,30.333820423732597
1269124,27.609025972479195
1420162,145.07060909614802
1465226,227.83938550478956
1359971,197.34181649423078
1146029,15.757943697173394
1305073,89.0568987877406
1483464,107.51718366420707
1324878,98.18999686242772
1438038,59.083990032895905
1424409,37.05231077430668
1283746,40.447259972116804
1196861,175.59710078120884
1180673,204.9485727884011
1473086,197.13522892220846
1435295,984.0741037733518
1395825,642.7665788443229
1481749,421.7868621476975
1376522,33.09541835883834
1457798,94.71889783497511
1083867,98.4409244084857
1492206,423.01282440468475
1285535,569.9175311044708
1356813,899.7449045560779
1058774,238.45630989146522
1250372,204.9485727884011
1448108,294.3874564635465
1340381,1052.6773364685946
1267263,549.9441040001311
1164863,768.8551816771931
1195303,89.0568987877406
1241383,71.10964374020064
1493205,71.73088602528792
1283930,135.41424998617074
1237454,71.10964374020064
1003574,67.41930886346482
1305920,59.645462668427236
1272692,685.393566949292
1322953,582.4776453076296
1167859,498.5918950738551
1150337,30.333820423732597
1345390,23.56308128170095
1333504,260.2285984741923
1289569,294.6383840096045
1076655,318.1599440536664
1309929,89.0568987877406
1276527,94.27824738536916
1441997,85.19428689764571
1314991,265.12524563645184
1085344,342.10059239347845
1219907,516.1400817272013
1329344,127.66844589393827
1226086,135.41424998617074
1389451,94.46797028891713
1362664,139.66590002155132
1334332,193.5700489409209
1249789,114.36771088292294
1363690,60.50140510508264
1201392,49.68334349508331
1055317,397.51199737445063
1444516,303.7158844855289
1256809,494.0577920710442
1355558,584.7596266403834
1306725,569.9175311044708
1319511,252.1964550746102
1490438,23.56308128170095
1326348,98.4409244084857
1108059,92.42882921504781
1316409,389.8526349534351
1192944,391.7176317893607
1056537,350.43050591801614
1174467,260.2285984741923
1451444,305.11912886295585
1069438,351.9849134854716
1077818,684.9073516834752
1155889,516.1400817272013
1491947,461.3233563984868
1176683,27.609025972479195
1372827,33.09541835883834
1416822,32.791712239713746
1022522,23.56308128170095
1046072,390.1197859130282
1248212,789.3172886747278
1100089,789.3172886747278
1216807,15.757943697173394
1365133,128.46280287243357
1228444,111.3739426023366
1343164,142.2945285593172
1419443,23.56308128170095
1245334,19.60898272233456
1305088,27.609025972479195
1428523,201.77833656980752
1237972,250.509338247975
1278761,342.10059239347845
1380157,78.93806157928589
1268287,60.50140510508264
1040530,66.24205167700161
1322237,37.30323832036467
1236493,37.05231077430668
1164196,40.447259972116804
1406779,32.37936089480551
1473572,587.8920996328875
1256216,405.006342921738
1205185,903.2509594774976
1337172,388.34793588643896
1124970,321.637589564569
1429561,114.11678333686496
1413088,30.333820423732597
1142767,107.51718366420707
1475274,94.71889783497511
1273306,135.41424998617074
1295754,257.26180275518556
1140038,220.59447621445366
1035694,98.18999686242772
1343939,71.10964374020064
1091560,80.34410732504644
1348391,947.339733278442
1050411,391.7176317893607
1272163,683.8008534394285
1150293,98.18999686242772
1397480,85.19428689764571
1335268,58.83306248683792
1459186,111.12301505627862
1427939,294.3874564635465
1289986,260.2285984741923
1171733,51.27050791941515
1035271,65.99112413094363
1330418,405.006342921738
1345268,567.6355497717169
1069534,470.74097737276173
1180814,32.791712239713746
1066390,111.77141557036829
1246782,166.94142008526637
1144598,197.0908889481728
1054276,94.27824738536916
1308702,85.0964335352373
1048165,85.0964335352373
1026148,142.2945285593172
1356887,104.48533109171078
1261360,188.08353041308843
1370470,65.99112413094363
1158108,94.46797028891713
1310318,75.35736216196382
1169123,404.7533617956391
1284825,397.51199737445063
1419475,158.04873692752642
1015073,738.9872266907895
1050460,728.4566098625397
1062552,334.19422889788916
1442880,37.05231077430668
1056463,107.51718366420707
1092421,67.93571707225509
1466619,250.1452410113728
1499218,461.3233563984868
1147287,450.5736280496527
1405738,197.13522892220846
1105094,289.79940575609317
1337968,297.0353323014201
1336903,1248.7165300489114
1422895,423.01282440468475
1068952,687.198086090571
1194176,142.2945285593172
1141516,131.73063613513636
1391466,110.27081495452957
1444240,305.11912886295585
1239251,294.3874564635465
1377021,59.645462668427236
1089133,45.165595088189264
1051830,59.645462668427236
1339466,569.9175311044708
1111506,720.5882203127703
1262202,755.934003349573
1317479,23.56308128170095
1052719,32.37936089480551
1460815,27.609025972479195
1095113,250.06644564670663
1228618,229.69115747355295
1359067,388.34793588643896
1352307,186.11565078621612
1069542,136.96734742718112
1121542,141.40480892180867
1401794,191.9221074329747
1290682,162.2680647201501
1118619,214.92445316858345
1348069,58.83306248683792
1216157,85.0964335352373
1133636,472.8093684877515
1124519,541.846327536151
1422970,478.4608610040736
1000635,257.26180275518556
1247236,239.96468016607508
1287972,75.35736216196382
1476296,25.747795365433614
1101674,65.99112413094363
1051165,50.94733364650126
1035309,108.99429086918374
1385803,245.3727875602082
1160566,212.46227016911783
1442299,145.07060909614802
1457734,137.3699196254669
1214290,127.66844589393827
1189975,462.1365375507866
1353513,164.78803142581074
1444680,207.58274903479523
1190587,40.447259972116804
1320270,25.747795365433614
1196912,110.27081495452957
1254873,89.0568987877406
1438716,32.791712239713746
1226412,23.56308128170095
1238349,187.83260286703043
1179988,290.05033330215116
1329187,244.47491287917384
1266107,20.05069109336787
1276154,22.1780454486166
1470294,131.73063613513636
1317808,164.78803142581074
1479793,188.40562372752203
1108815,33.09541835883834
1230866,32.791712239713746
1242958,297.6410950332689
1017675,227.58845795873157
1157912,127.66844589393827
1460838,1300.7610891226095
1145349,946.9573623149822
1447886,586.1974367927389
1140546,44.09581422064965
1065479,111.3739426023366
1332949,92.42882921504781
1328800,450.5736280496527
1349906,461.8856100047286
1301940,947.2082898610402
1480277,107.51718366420707
1060615,104.2344035456528
1383879,179.12442123671096
1457640,1284.645515785878
1386787,646.0979930206123
1112156,903.5018870235556
1106028,127.66844589393827
1381878,111.12301505627862
1352878,260.2285984741923
1273271,313.1748500801933
1414764,202.02926411586552
1416932,98.18999686242772
1324346,73.84445986896775
1317691,107.51718366420707
1420775,687.4799865773577
1156522,705.334072473343
1173318,587.127720105031
1483231,43.48631288946552
1216877,40.783443703447354
1427174,212.71319771517582
1273324,296.7366934554983
1393208,269.73540607941516
1132673,80.65529949362455
1195290,71.73088602528792
1225162,49.68334349508331
1217013,131.73063613513636
1067336,186.11565078621612
1318084,404.7533617956391
1409495,131.73063613513636
1162475,141.40480892180867
1263657,257.26180275518556
1273195,450.83509598272263
1070791,342.10573953354447
1108277,89.0568987877406
1330573,92.17790166898983
1286582,67.93571707225509
1251025,516.1400817272013
1188609,398.630928735342
1457607,391.7176317893607
1308326,1154.5795736994444
1237926,822.4319181539063
1246248,552.854929591198
1368739,40.783443703447354
1161565,98.4409244084857
1130233,89.30782633379857
1130092,587.8920996328875
1437101,655.844186407494
1087168,1281.487727307128
1282035,303.7158844855289
1348562,295.0446176028904
1030911,383.306046597072
1453288,1154.5795736994444
1457395,677.2770357876691
1100120,805.5931536927383
1038934,73.84445986896775
1278331,60.50140510508264
1277416,111.12301505627862
1487581,98.18999686242772
1369127,65.99112413094363
1129615,49.68334349508331
1402790,49.68334349508331
1405609,45.165595088189264
1268189,740.2225336632139
1465484,706.4432799791617
1128406,589.4360596251669
1428535,25.71927316221139
1172447,132.0598578829437
1468167,60.50140510508264
1183307,71.43886548800796
1445758,65.99112413094363
1077552,67.41930886346482
1363674,40.783443703447354
1329499,288.45878500593597
1095222,311.4340848322759
1200472,405.006342921738
1183298,153.7462205273739
1460059,123.94830623540877
1335600,259.61493083006627
1448665,124.19923378146675
1208445,65.99112413094363
1224577,51.27050791941515
1130480,389.8526349534351
1207212,353.4641581741101
1008040,616.183528781841
1203123,773.3338743638479
1184976,770.9412155716116
1283670,426.51843919045194
1467272,44.09581422064965
1456597,111.77141557036829
1069357,78.93806157928589
1391855,220.40962337106367
1044843,390.1460862534218
1333252,450.5736280496527
1011812,193.31912139486292
1177757,179.12442123671096
1417742,238.45630989146522
1133607,1052.4264089225367
1316610,377.0439565154405
1423052,646.0979930206123
1157343,123.40493872868458
1492483,108.99429086918374
1183500,81.24258821931583
1048256,162.0171371740921
1274093,388.34793588643896
1072711,342.10059239347845
1039477,51.27050791941515
1126466,51.27050791941515
1009353,62.48025450402028
1249006,549.9441040001311
1307672,680.6266776219127
1133951,583.6896147522885
1033661,33.09541835883834
1323552,32.044746901157346
1497257,166.94142008526637
1309184,265.12524563645184
1491854,326.49716454512424
1056575,158.04873692752642
1028786,123.9134088552616
1370973,177.54302085472833
1092291,98.4409244084857
1196047,177.18520961448317
1178951,62.48025450402028
1064759,98.18999686242772
1209288,78.93806157928589
1407837,390.10154249480604
1311885,389.8526349534351
1085213,257.9945301393288
1116819,429.3303902885769
1030695,311.00044655408396
1247893,136.96734742718112
1299413,26.139647496940537
1083003,73.84445986896775
1415718,60.50140510508264
1147571,136.7697574463391
1271581,260.2285984741923
1134359,250.06644564670663
1427631,252.1964550746102
1486099,201.77833656980752
1107278,250.06644564670663
1308113,646.0979930206123
1484768,239.35856061749607
1189322,269.98633362547315
1412337,65.84094859771089
1430159,51.27050791941515
1324630,40.783443703447354
1075144,297.6410950332689
1262296,457.45363721890436
1153581,353.4693053141761
1295298,152.0648134656565
1366195,197.0908889481728
1320991,191.9221074329747
1331309,85.19428689764571
1123405,44.09581422064965
1008514,37.30323832036467
1463743,60.75233265114063
1142480,42.56703956474454
1282614,49.68334349508331
1060117,37.05231077430668
1398093,289.79940575609317
1213187,377.0439565154405
1119745,259.3640032840083
1271801,60.50140510508264
1002495,78.93806157928589
1035550,27.859953518537186
1277410,33.346345904896324
1103994,104.2344035456528
1201850,110.44300572415969
1093297,71.9818135713459
1032271,135.41424998617074
1339391,179.12442123671096
1323284,164.78803142581074
1492037,111.12301505627862
1236727,104.48533109171078
1423315,20.05069109336787
1409411,22.1780454486166
1464178,15.757943697173394
1039474,15.757943697173394
1235410,62.48025450402028
1403309,318.1599440536664
1188811,240.21560771213308
1310040,32.63028844086352
1488536,158.04873692752642
1407977,180.25557869370382
1481969,191.9221074329747
1397433,49.68334349508331
1356379,32.37936089480551
1057370,16.008871243231383
1114825,15.757943697173394
1119724,15.757943697173394
1094135,282.00457750580074
1220817,98.18999686242772
1380785,403.06418331916177
1040370,797.8983186506963
1097531,478.4608610040736
1407599,334.14563246261207
1348778,37.05231077430668
1216595,92.42882921504781
1084154,68.18664461831307
1338435,297.0353323014201
1453426,334.74626655365205
1448482,613.3448216307842
1125670,71.73088602528792
1293530,89.0568987877406
1498099,142.2945285593172
1393876,642.7665788443229
1190415,307.3765308043676
1127003,510.47401064871127
1160472,62.039650096962404
1482729,57.92757598027962
1340919,40.783443703447354
1214002,98.18999686242772
1493141,139.35052008215322
1344807,73.84445986896775
1067532,58.83306248683792
1260776,37.05231077430668
1189909,59.645462668427236
1196763,387.6557107577639
1452021,397.51714451451664
1184241,298.4922714011116
1235797,30.333820423732597
1313008,23.56308128170095
1345861,22.39374657374814
1218091,192.1730349790327
1266794,240.21560771213308
1332984,239.35856061749607
1047818,60.50140510508264
1085415,37.05231077430668
1282300,40.783443703447354
1055383,111.77141557036829
1401921,164.78803142581074
1261913,289.79940575609317
1456193,104.2344035456528
1391624,104.2344035456528
1319625,85.19428689764571
1041709,123.9134088552616
1373742,186.36657833227412
1206279,141.65573646786666
1082440,51.27050791941515
1051713,265.12524563645184
1009958,188.65655127358002
1059036,265.12524563645184
1153098,607.2832400963322
1055703,404.7533617956391
1102204,227.58845795873157
1127373,32.37936089480551
1301125,51.52143546547314
1075374,111.77141557036829
1391373,250.06644564670663
1488304,259.3640032840083
1264903,57.92757598027962
1072570,111.42423279021803
1497528,769.1370821639798
1207501,326.49716454512424
1009379,468.28789663325574
1234301,127.66844589393827
1114903,135.41424998617074
1478066,108.99429086918374
1490043,104.2344035456528
1217315,260.2285984741923
1227658,229.69115747355295
1137145,45.165595088189264
1126583,43.48631288946552
1409649,51.27050791941515
1029390,468.28789663325574
1232890,432.2736861334665
1199840,389.8577820935011
1023964,30.856417305070458
1327489,20.05069109336787
1355001,152.24261946299117
1383483,186.11565078621612
1111467,269.73540607941516
1007527,67.93571707225509
1348534,94.27824738536916
1093795,153.7462205273739
1177395,153.9971480734319
1097789,326.50231168519025
1373961,59.645462668427236
1296788,33.09541835883834
1263671,353.4641581741101
1459766,303.0616945182964
1446318,141.40480892180867
1261433,1852.347590955707
1269069,1599.0640337753812
1404230,946.9573623149822
1336029,59.645462668427236
1399299,188.65655127358002
1177248,165.03895897186874
1445768,616.183528781841
1195695,784.023208205906
1088152,1087.7247061794997
1454215,152.0648134656565
1134300,153.7462205273739
1014383,314.38784196512813
1285817,1641.3434839248905
1138700,873.198060491948
1461969,1300.7610891226095
1128200,123.9134088552616
1314452,107.51718366420707
1315250,73.84445986896775
1413674,197.13522892220846
1056095,429.3303902885769
1036858,201.18922079720608
1485353,141.40480892180867
1390837,111.12301505627862
1194190,818.6626645196303
1119487,985.134972769879
1339749,878.0932790309215
1061782,37.05231077430668
1135715,37.05231077430668
1164057,37.05231077430668
1107883,450.5736280496527
1270377,647.2471200328392
1198926,500.873876406609
1191793,90.2169898725787
1224526,111.12301505627862
1006345,51.27050791941515
1454022,139.35052008215322
1349257,227.58845795873157
1222378,464.5777208381119
1214827,152.24261946299117
1374452,298.24134385505363
1180417,609.2971114491663
1028933,318.1599440536664
1210621,73.84445986896775
1167739,111.12301505627862
1088693,114.11678333686496
1361886,523.9682541816373
1141573,462.3933485712259
1196671,678.0505395576475
1146761,123.40493872868458
1261241,136.96734742718112
1443500,107.51718366420707
1403800,110.27081495452957
1466039,92.17790166898983
1179883,128.46280287243357
1240414,297.0353323014201
1180298,131.73063613513636
1490887,153.7462205273739
1256555,137.3699196254669
1001420,710.6883177571254
1142876,265.12524563645184
1281197,227.58845795873157
1455208,32.791712239713746
1253092,37.05231077430668
1135228,45.165595088189264
1177502,33.09541835883834
1407030,177.54302085472833
1195403,829.181110956308
1375107,605.4557701743066
1429537,15.757943697173394
1381175,136.96734742718112
1137531,143.49617934712072
1109600,145.07060909614802
1421410,23.81400882775894
1486214,58.83306248683792
1395368,73.84445986896775
1397416,70.91465757021143
1359004,429.3303902885769
1421162,461.3233563984868
1398564,342.10059239347845
1089746,870.4905644011565
1410758,762.2299604046132
1002962,584.7416583664025
1351109,32.791712239713746
1428083,71.16558511626941
1484698,62.73118205007827
1028375,516.1400817272013
1206135,464.5777208381119
1436386,805.3112532059515
1367408,123.40493872868458
1053898,135.41424998617074
1382425,260.2285984741923
1292070,805.8450584860606
1480206,456.6264052674344
1120940,607.7180978940506
1468339,65.99112413094363
1136584,49.68334349508331
1211307,85.0964335352373
1369516,160.17185853115015
1184088,111.42423279021803
1105879,58.83306248683792
1143486,49.68334349508331
1026211,494.0577920710442
1050747,722.1606528074996
1173416,638.6255329646417
1415526,15.757943697173394
1167608,19.60898272233456
1448873,405.006342921738
1242415,528.7018123144654
1121953,450.5787751897187
1403412,40.783443703447354
1035471,32.791712239713746
1292202,164.78803142581074
1108945,188.40562372752203
1066731,383.306046597072
1258400,123.94830623540877
1151588,162.0171371740921
1414898,124.16433640131957
1327710,124.16433640131957
1064923,60.50140510508264
1420107,40.447259972116804
1123527,353.4641581741101
1000907,260.2285984741923
1378334,616.183528781841
1130038,1072.4239313261794
1464836,873.198060491948
1353492,516.1400817272013
1484689,37.05231077430668
1274850,71.9818135713459
1252107,71.36057128625862
1255664,342.10059239347845
1131960,426.51843919045194
1412625,805.5631579992738
1440115,107.51718366420707
1382021,98.18999686242772
1395998,179.12442123671096
1270843,946.9573623149822
1408164,466.5413610886773
1481165,762.2299604046132
1437947,139.35052008215322
1439789,158.04873692752642
1275465,258.9661051334541
1194753,311.00044655408396
1147342,193.31912139486292
1103660,71.10964374020064
1247834,49.68334349508331
1422780,62.039650096962404
1108976,710.6883177571254
1182231,614.9889648078066
1067128,526.4198309817116
1200620,26.139647496940537
1385060,40.447259972116804
1088753,20.918566643974415
1150452,238.70723743752322
1259844,282.25550505185873
1366093,296.4857659094403
1090724,89.0568987877406
1219034,89.30782633379857
1315638,43.48631288946552
1360974,136.96734742718112
1326611,197.0908889481728
1351077,404.7533617956391
1391976,138.94175982265241
1495438,111.12301505627862
1241681,114.11678333686496
1249355,257.9945301393288
1374023,401.53146896801366
1466744,260.4795260202503
1399018,43.48631288946552
1004548,65.99112413094363
1139669,60.50140510508264
1055616,463.40606868843656
1122846,307.3765308043676
1406454,353.4641581741101
1039371,114.11678333686496
1121211,114.11678333686496
1264908,73.84445986896775
1296533,62.039650096962404
1426208,153.7462205273739
1409006,71.73088602528792
1173379,111.12301505627862
1118431,153.7462205273739
1079464,127.66844589393827
1444017,404.7533617956391
1193489,191.9221074329747
1181755,98.4409244084857
1246156,15.757943697173394
1044415,40.447259972116804
1363391,23.56308128170095
1039041,28.232661064152953
1493857,104.2344035456528
1328770,638.6255329646417
1345825,508.1920293159572
1033807,160.17185853115015
1154816,164.78803142581074
1481379,179.12442123671096
1369285,32.791712239713746
1308262,23.56308128170095
1072338,27.859953518537186
1178054,67.41930886346482
1198327,45.165595088189264
1014144,401.52632182794764
1087415,389.8526349534351
1358775,334.14563246261207
1485144,492.1257035426043
1351561,461.5546411231465
1094451,305.11912886295585
1403001,71.73088602528792
1319256,180.50650623976182
1319491,139.60144762821122
1118664,259.3640032840083
1460451,677.2770357876691
1196492,387.6557107577639
1195267,177.54302085472833
1382081,145.07060909614802
1313925,127.66844589393827
1275885,1316.0375759156225
1483396,500.873876406609
1491377,773.6385750817078
1183714,164.78803142581074
1070954,131.73063613513636
1051931,136.96734742718112
1224290,468.28789663325574
1258071,342.10059239347845
1044208,94.46797028891713
1446159,85.19428689764571
1246054,123.94830623540877
1467684,461.3233563984868
1481364,508.1920293159572
1463940,390.10668963487205
1363332,37.05231077430668
1154879,40.783443703447354
1442863,158.04873692752642
1207734,307.3765308043676
1052063,311.00044655408396
1104983,127.66844589393827
1387722,108.99429086918374
1263095,104.2344035456528
1356728,187.83260286703043
1068227,201.44014834326407
1471794,305.37005640901384
1254577,111.12301505627862
1485687,108.99429086918374
1335177,111.77141557036829
1066128,646.0979930206123
1457115,456.6264052674344
1087099,265.12524563645184
1271835,334.14563246261207
1312239,404.7533617956391
1234576,127.66844589393827
1100724,26.139647496940537
1335989,60.75233265114063
1345160,50.69640610044327
1069628,188.40562372752203
1469630,456.6264052674344
1463021,334.14563246261207
1414175,265.12524563645184
1084662,298.24134385505363
1470501,282.00457750580074
1107382,581.1345643603444
1382879,311.00044655408396
1194304,303.7158844855289
1274988,45.165595088189264
1240654,114.11678333686496
1483648,108.99429086918374
1269302,33.09541835883834
1052405,32.37936089480551
1027289,40.447259972116804
1313290,294.3874564635465
1037102,399.7926201628587
1484270,321.642736704635
1158511,15.757943697173394
1222111,127.66844589393827
1389785,193.31912139486292
1050510,153.7462205273739
1168202,59.645462668427236
1052745,58.83306248683792
1169013,51.27050791941515
1040540,59.89639021448522
1453344,71.9818135713459
1051817,33.09541835883834
1029890,28.232661064152953
1334159,313.1748500801933
1077256,456.6264052674344
1456855,288.45878500593597
1357059,1852.347590955707
1028254,1259.589965288865
1055924,318.15479691360036
1353130,49.68334349508331
1076577,107.76811121026505
1421169,90.46791741863667
1217432,569.9175311044708
1319084,652.5231949582105
1480696,1143.0866667055848
1126504,207.58274903479523
1036146,153.7462205273739
1179723,260.2285984741923
1300063,1154.5795736994444
1165413,591.2741245166496
1488081,984.0741037733518
1073773,107.51718366420707
1083750,85.19428689764571
1334811,135.41424998617074
1283401,179.12442123671096
1307591,111.12301505627862
1325050,60.50140510508264
1038388,684.9073516834752
1047892,687.2835699634901
1221712,489.8437222098504
1032642,27.609025972479195
1098944,27.609025972479195
1383592,114.36771088292294
1110449,141.40480892180867
1127095,153.9971480734319
1309125,207.58274903479523
1326605,294.3874564635465
1377977,141.40480892180867
1251620,183.11682976160276
1001984,354.1851435696782
1419512,390.1460862534218
1428246,142.2945285593172
1343497,128.46280287243357
1120131,89.0568987877406
1333616,136.7697574463391
1211759,282.25550505185873
1344886,161.44291159194853
1442954,59.645462668427236
1147289,70.91465757021143
1344427,73.84445986896775
1341626,399.7874730227927
1166087,334.14563246261207
1148765,423.01282440468475
1100317,2012.1385027850795
1156949,405.006342921738
1134301,110.27081495452957
1304812,30.856417305070458
1209150,90.46791741863667
1221546,94.27824738536916
1180229,131.98156368119436
1221830,423.01282440468475
1089009,220.40962337106367
1177992,187.83260286703043
1336611,197.13522892220846
1017666,197.13522892220846
1495930,762.2299604046132
1004518,325.64117507705777
1065792,422.76704399869277
1163862,98.18999686242772
1167812,70.91465757021143
1279711,67.41930886346482
1294408,139.35052008215322
1301442,139.35052008215322
1337742,60.50140510508264
1471675,59.645462668427236
1441363,43.48631288946552
1250420,326.49716454512424
1023350,638.6255329646417
1460257,550.5729482584442
1243217,22.1780454486166
1383376,193.31912139486292
1004792,212.46227016911783
1471500,260.2285984741923
1388970,89.0568987877406
1255438,44.09581422064965
1496795,75.35736216196382
1346793,44.34674176670764
1273441,59.89639021448522
1208761,44.09581422064965
1315511,58.83306248683792
1123237,37.05231077430668
1147453,252.1964550746102
1401269,250.509338247975
1435027,252.71739626185848
1479842,684.707431899225
1335120,643.2933866854997
1266346,220.40962337106367
1443298,34.60728634400457
1160998,62.039650096962404
1433094,40.69818751817479
1354912,188.40562372752203
1489710,298.24134385505363
1206483,313.1748500801933
1205178,398.630928735342
1382964,383.306046597072
1098649,450.5736280496527
1328013,797.8983186506963
1116922,289.79940575609317
1357329,390.1460862534218
1154131,73.84445986896775
1203305,44.09581422064965
1405532,71.10964374020064
1272906,179.12442123671096
1278925,158.04873692752642
1214073,43.48631288946552
1131539,33.09541835883834
1391815,494.0577920710442
1308041,550.5729482584442
1361501,489.8437222098504
1359350,26.139647496940537
1167619,176.93428206842518
1411529,212.46227016911783
1209955,265.12524563645184
1285450,131.73063613513636
1323323,74.09538741502573
1293905,127.91937343999619
1159054,42.56703956474454
1478629,51.27050791941515
1401429,37.05231077430668
1194866,390.10154249480604
1123969,305.11912886295585
1313035,260.2285984741923
1201640,390.1460862534218
1471555,404.7533617956391
1172117,197.13522892220846
1283593,40.447259972116804
1007891,62.039650096962404
1464379,44.34674176670764
1187374,201.18922079720608
1386015,552.854929591198
1451683,282.00457750580074
1339299,176.93428206842518
1357633,158.04873692752642
1111401,127.66844589393827
1196208,728.4566098625397
1052664,252.1964550746102
1186550,405.006342921738
1326138,57.92757598027962
1427762,176.93428206842518
1361966,128.46280287243357
1383155,33.09541835883834
1030857,40.783443703447354
1139627,40.447259972116804
1154847,229.69115747355295
1213496,318.1599440536664
1378286,260.4795260202503
1460258,27.609025972479195
1186075,22.1780454486166
1017536,15.757943697173394
1450900,98.18999686242772
1224522,136.96734742718112
1127451,104.2344035456528
1318678,67.93571707225509
1106083,104.2344035456528
1482122,80.90622703968253
1436549,153.9971480734319
1093672,43.48631288946552
1469694,58.83306248683792
1276722,32.791712239713746
1481414,311.00044655408396
1004561,334.74626655365205
1002579,192.7982268315772
1365062,687.4780410475747
1101142,587.8920996328875
1273134,250.1452410113728
1134994,71.73088602528792
1154883,59.645462668427236
1277171,180.25557869370382
1249231,313.1748500801933
1038965,303.0616945182964
1101252,114.11678333686496
1114666,123.9134088552616
1096073,111.12301505627862
1271716,699.299938344033
1141248,297.6410950332689
1108677,403.06418331916177
1270680,67.41930886346482
1131586,58.83306248683792
1407745,60.50140510508264
1234038,183.11682976160276
1349426,176.93428206842518
1281501,40.447259972116804
1357408,33.09541835883834
1442391,40.447259972116804
1172744,325.64117507705777
1272747,423.01797154475076
1459972,415.8588165395106
1040817,26.139647496940537
1216412,23.56308128170095
1233243,111.77141557036829
1077136,131.73063613513636
1297231,176.93428206842518
1050850,80.34410732504644
1183320,65.84094859771089
1214420,111.77141557036829
1298875,92.42882921504781
1432084,153.9971480734319
1474249,58.83306248683792
1335742,37.05231077430668
1232971,265.12524563645184
1391564,250.509338247975
1151399,250.31737319276462
1462159,642.7665788443229
1340640,465.6113383269906
1054399,318.15479691360036
1071053,32.37936089480551
1243523,79.18898912534387
1349753,74.09538741502573
1441077,269.73540607941516
1412754,296.4857659094403
1263819,558.4691713681995
1456889,197.0908889481728
1248108,186.11565078621612
1289400,269.73540607941516
1243803,523.9682541816373
1326115,311.4340848322759
1351029,404.7585089357051
1284951,33.09541835883834
1046968,33.09541835883834
1494739,79.26728332709321
1334284,32.791712239713746
1221331,32.791712239713746
1282357,383.306046597072
1019938,350.43050591801614
1339356,326.50231168519025
1393711,15.757943697173394
1028210,19.60898272233456
1123788,197.0908889481728
1434656,294.3874564635465
1208743,32.791712239713746
1045564,23.56308128170095
1312452,33.09541835883834
1275245,111.12301505627862
1031647,197.13522892220846
1054056,260.2285984741923
1118218,94.46797028891713
1245179,65.84094859771089
1239770,70.91465757021143
1420458,104.48533109171078
1313365,49.934271041141294
1070617,30.856417305070458
1392760,44.09581422064965
1015640,33.09541835883834
1098563,214.67352562252546
1323315,175.59710078120884
1179775,389.8526349534351
1273247,614.3853909212653
1136816,405.006342921738
1032841,314.38784196512813
1207961,59.083990032895905
1347248,58.17850352633761
1089518,258.9661051334541
1050183,391.7176317893607
1338001,522.2236094163721
1165646,128.46280287243357
1391820,123.9134088552616
1477155,180.25557869370382
1389901,468.28789663325574
1242455,342.10059239347845
1053974,492.1257035426043
1498709,62.48025450402028
1428777,65.99112413094363
1046377,152.24261946299117
1254119,94.27824738536916
1085095,49.68334349508331
1485136,33.09541835883834
1157854,40.783443703447354
1169953,391.7176317893607
1217570,307.62745835042557
1249972,314.6387695111861
1169083,23.56308128170095
1475801,20.918566643974415
1359599,188.40562372752203
1039687,239.96468016607508
1498185,258.2454576853868
1131747,32.37936089480551
1403023,26.139647496940537
1108801,107.51718366420707
1397460,139.35052008215322
1121415,259.3640032840083
1282806,104.2344035456528
1051075,162.0171371740921
1367997,161.44291159194853
1041473,110.52174250058755
1315013,32.791712239713746
1041864,45.165595088189264
1171509,58.83306248683792
1331445,297.0353323014201
1089775,197.0908889481728
1472724,252.1964550746102
1361205,683.8008534394285
1396555,461.3233563984868
1358836,303.7158844855289
1331407,37.05231077430668
1452274,107.76811121026505
1390714,81.49351576537381
1228822,298.24134385505363
1452554,405.006342921738
1029070,582.9970136011373
1228033,112.54495677784358
1478440,123.94830623540877
1043154,111.12301505627862
1478265,960.3781815223076
1470381,464.5777208381119
1222984,678.0505395576475
1052650,85.19428689764571
1372888,81.24258821931583
1293367,104.2344035456528
1165645,153.7462205273739
1154429,111.42423279021803
1021459,59.645462668427236
1422321,45.165595088189264
1366611,58.83306248683792
1350569,398.630928735342
1312949,790.9233406389424
1348257,513.8581003944474
1440671,20.05069109336787
1083790,153.9971480734319
1463499,212.71319771517582
1123111,204.9485727884011
1222993,51.27050791941515
1261754,45.165595088189264
1374992,33.09541835883834
1181948,111.12301505627862
1437293,158.04873692752642
1203616,227.58845795873157
1410350,98.18999686242772
1116914,107.51718366420707
1344894,197.34181649423078
1146264,143.7471068931787
1415887,73.84445986896775
1127683,85.0964335352373
1146258,60.50140510508264
1019990,397.51199737445063
1032774,311.4340848322759
1484259,455.72699936568034
1322980,197.0908889481728
1265570,289.79940575609317
1231701,62.48025450402028
1119849,22.39374657374814
1173395,45.41652263424725
1036045,37.30323832036467
1053779,127.66844589393827
1303542,245.3727875602082
1347349,143.49617934712072
1481384,111.12301505627862
1096564,137.3699196254669
1474850,135.41424998617074
1193654,450.5736280496527
1159117,207.58274903479523
1353804,161.44291159194853
1375433,45.165595088189264
1146173,34.60728634400457
1353342,34.60728634400457
1402445,164.78803142581074
1105415,513.8581003944474
1402829,404.7585089357051
1036213,111.77141557036829
1030302,131.73063613513636
1404791,153.7462205273739
1093896,23.56308128170095
1402246,40.447259972116804
1287476,32.791712239713746
1493850,404.7533617956391
1095490,478.4608610040736
1329120,342.10059239347845
1402691,462.3933485712259
1426744,388.34793588643896
1443312,139.35052008215322
1298678,22.1780454486166
1156213,43.48631288946552
1363905,94.46797028891713
1102864,127.66844589393827
1278807,145.07060909614802
1308940,49.68334349508331
1396950,45.41652263424725
1302314,71.73088602528792
1054201,569.9175311044708
1056665,238.45630989146522
1482353,353.4641581741101
1440278,67.41930886346482
1330860,43.48631288946552
1148716,94.46797028891713
1488302,207.58274903479523
1051906,175.59710078120884
1152850,40.447259972116804
1320652,34.60728634400457
1386934,42.56703956474454
1433199,313.1748500801933
1227005,326.50231168519025
1131938,260.4795260202503
1120598,75.35736216196382
1355736,107.51718366420707
1037052,153.7462205273739
1329665,78.93806157928589
1055315,58.83306248683792
1088819,62.48025450402028
1277933,131.73063613513636
1166225,111.3739426023366
1293329,158.29966447358441
1349351,49.68334349508331
1054906,197.13522892220846
1004507,127.66844589393827
1191410,111.65760982073394
1237519,432.2685389934005
1101366,455.72699936568034
1063294,298.24134385505363
1417445,37.05231077430668
1315888,111.77141557036829
1392155,60.75233265114063
1158773,179.12442123671096
1303629,294.3874564635465
1262956,296.4857659094403
1143046,158.04873692752642
1084443,158.04873692752642
1131770,197.0908889481728
1425588,784.023208205906
1254738,294.3874564635465
1418776,398.63607587540804
1041100,51.27050791941515
1433561,62.039650096962404
1195998,128.46280287243357
1356831,104.2344035456528
1431024,45.165595088189264
1229088,49.68334349508331
1490332,58.83306248683792
1173268,334.74626655365205
1460060,513.8581003944474
1336420,423.01797154475076
1369493,27.609025972479195
1167595,22.39374657374814
1213428,26.139647496940537
1309558,123.40493872868458
1170333,192.7982268315772
1268761,227.58845795873157
1326400,70.91465757021143
1355420,78.93806157928589
1117059,59.645462668427236
1280259,94.46797028891713
1047301,98.4409244084857
1405693,158.29966447358441
1192141,59.645462668427236
1041377,78.93806157928589
1488435,60.50140510508264
1427131,294.3874564635465
1002220,313.1748500801933
1301771,289.79940575609317
1219875,282.00457750580074
1246237,334.14563246261207
1045704,107.51718366420707
1023309,25.71927316221139
1228393,85.44521444370369
1187353,51.52143546547314
1143421,184.93322840211732
1402925,388.34793588643896
1093785,227.58845795873157
1146882,180.25557869370382
1318929,260.2285984741923
1203442,238.81836432014148
1004420,647.529020519626
1014090,250.06644564670663
1398042,297.8920225793269
1264681,51.27050791941515
1017526,60.50140510508264
1458262,37.05231077430668
1150678,40.783443703447354
1320376,176.93428206842518
1317677,457.45363721890436
1352082,377.04910365550654
1368925,127.24431800615683
1269920,145.07060909614802
1117989,123.40493872868458
1041166,49.68334349508331
1045010,27.859953518537186
1304495,44.34674176670764
1416081,42.56703956474454
1031438,40.447259972116804
1180183,33.09541835883834
1432441,289.79940575609317
1401070,342.10059239347845
1296303,390.10154249480604
1495457,398.630928735342
1215871,313.1748500801933
1143636,152.24261946299117
1058496,32.791712239713746
1443889,90.2169898725787
1180874,66.09187614376887
1048380,110.27081495452957
1263996,265.12524563645184
1149931,162.0171371740921
1022424,136.96734742718112
1218254,123.94830623540877
1112554,164.78803142581074
1009750,805.8450584860606
1056322,239.35856061749607
1083054,353.2183777681181
1200089,15.557220209670701
1318982,65.84094859771089
1363303,164.78803142581074
1042514,123.94830623540877
1137634,45.165595088189264
1495807,40.447259972116804
1466731,58.83306248683792
1080998,250.06644564670663
1397257,608.8272000886116
1325299,582.4596770336486
1205461,22.39374657374814
1386895,26.139647496940537
1170771,22.1780454486166
1381779,175.59710078120884
1136184,220.40962337106367
1389254,220.40962337106367
1162273,78.93806157928589
1490297,73.84445986896775
1198587,98.18999686242772
1006648,79.18898912534387
1357410,114.36771088292294
1066458,67.41930886346482
1126128,98.18999686242772
1481585,67.41930886346482
1081125,325.64117507705777
1316293,429.3303902885769
1233845,245.3727875602082
1395557,762.2299604046132
1175595,738.9872266907895
1462272,245.3727875602082
1168538,40.447259972116804
1096333,94.52917493142714
1200477,79.18898912534387
1101186,191.9221074329747
1030030,303.7158844855289
1151876,391.7176317893607
1404563,135.41424998617074
1224600,164.78803142581074
1386814,193.31912139486292
1329521,773.6385750817078
1107904,388.34793588643896
1026288,457.7400462403351
1063382,80.65529949362455
1072318,62.039650096962404
1336287,166.94142008526637
1388838,350.4253587779501
1231318,269.73540607941516
1460552,45.165595088189264
1494117,51.27050791941515
1419467,49.68334349508331
1247675,405.006342921738
1257289,405.011490061804
1187581,461.59920098329786
1250575,23.56308128170095
1355719,40.783443703447354
1322958,111.12301505627862
1110998,127.66844589393827
1026632,220.40962337106367
1468197,111.42423279021803
1429143,107.51718366420707
1110002,204.9485727884011
1353989,197.0908889481728
1368664,390.1512333934878
1233222,40.783443703447354
1483390,58.83306248683792
1025301,40.447259972116804
1348159,462.04979928476877
1404114,318.15479691360036
1137543,250.06644564670663
1315211,1300.7610891226095
1153898,1149.9618275012292
1281814,541.846327536151
1416927,40.783443703447354
1128826,142.5454561053752
1471144,124.16433640131957
1049350,614.3853909212653
1131538,684.9073516834752
1163574,1087.7247061794997
1208422,229.69115747355295
1494813,214.67352562252546
1166910,350.4253587779501
1400040,1087.4737786334417
1392051,762.2299604046132
1061242,822.4319181539063
1230087,89.0568987877406
1062235,65.99112413094363
1330041,71.10964374020064
1250606,162.2680647201501
1000748,111.42423279021803
1065507,58.83306248683792
1399913,70.91465757021143
1164086,728.4566098625397
1199454,827.786289358128
1484932,780.2340067968843
1057929,23.56308128170095
1318694,478.4608610040736
1244936,455.72699936568034
1103112,457.9909737863931
1198144,45.165595088189264
1454651,50.69640610044327
1125120,42.56703956474454
1367873,197.0908889481728
1152380,250.06644564670663
1425925,390.1460862534218
1387841,141.40480892180867
1325701,104.2344035456528
1297570,138.94175982265241
1193708,220.87781506919137
1216003,158.29966447358441
1189783,49.68334349508331
1009315,65.99112413094363
1333953,59.645462668427236
1036613,528.7018123144654
1134711,252.1964550746102
1053860,738.9872266907895
1438974,510.47401064871127
1095568,462.3933485712259
1369255,153.7462205273739
1370235,23.56308128170095
1055921,60.75233265114063
1104908,62.29057764302039
1323957,152.0648134656565
1067345,298.24134385505363
1483471,265.12524563645184
1376912,70.91465757021143
1078062,107.51718366420707
1443211,94.27824738536916
1083456,643.2933866854997
1100793,260.2285984741923
1290854,390.1460862534218
1089558,60.50140510508264
1100250,73.84445986896775
1420158,137.0206849923971
1267746,311.00044655408396
1283121,289.79940575609317
1422003,45.49481683599659
1228679,37.05231077430668
1399603,37.05231077430668
1133114,326.49716454512424
1213738,313.4257776262513
1109919,305.37005640901384
1076832,22.39374657374814
1067896,33.09541835883834
1009282,22.39374657374814
1047239,104.2344035456528
1133053,110.27081495452957
1219095,175.59710078120884
1410114,85.0964335352373
1386771,58.83306248683792
1322930,73.84445986896775
1400695,164.78803142581074
1361334,107.76811121026505
1242163,152.49354700904917
1324093,40.783443703447354
1122716,59.645462668427236
1082302,49.68334349508331
1436025,297.0353323014201
1136040,204.9485727884011
1363491,175.59710078120884
1469698,265.12524563645184
1470409,244.22398533311585
1044051,136.96734742718112
1238870,37.05231077430668
1256441,142.5454561053752
1209146,289.79940575609317
1256407,552.854929591198
1221582,295.7980600019056
1383790,164.78803142581074
1325056,191.9221074329747
1265434,229.69115747355295
1388704,1026.255125904989
1313545,390.1197859130282
1395631,389.85576208881406
1051001,15.757943697173394
1431352,71.73088602528792
1410965,51.27050791941515
1483756,37.05231077430668
1290899,49.68334349508331
1199703,49.68334349508331
1237610,229.69115747355295
1444912,1092.876771363029
1420680,790.9233406389424
1483148,220.62688752313338
1107862,244.22398533311585
1337109,37.05231077430668
1247940,58.83306248683792
1429379,32.791712239713746
1495441,62.29057764302039
1010582,65.84094859771089
1442966,98.18999686242772
1147172,60.50140510508264
1183397,405.006342921738
1205751,516.1400817272013
1094254,699.7177774605515
1412751,531.5223363082393
1006145,581.2125988722455
1175281,305.11912886295585
1493704,44.09581422064965
1226267,107.51718366420707
1255164,80.90622703968253
1310037,254.6981049735426
1457996,494.0577920710442
1294289,468.28789663325574
1320535,311.00044655408396
1216489,342.10059239347845
1157061,313.1748500801933
1173815,818.6626645196303
1354780,415.8536693994446
1305979,500.873876406609
1432851,62.039650096962404
1007110,191.9221074329747
1419717,183.11682976160276
1276891,62.48025450402028
1034437,42.56703956474454
1449768,60.50140510508264
1397560,390.1460862534218
1310851,470.74097737276173
1436856,461.59920098329786
1265589,25.747795365433614
1445268,191.9221074329747
1075807,303.7158844855289
1109491,250.1452410113728
1018204,114.11678333686496
1469298,111.77141557036829
1345768,94.46797028891713
1087184,115.12054605747885
1325614,152.3157410117145
1005390,220.66055091712167
1381072,45.165595088189264
1372407,57.92757598027962
1472769,43.48631288946552
1089646,405.006342921738
1490925,464.5777208381119
1175440,313.1748500801933
1232486,584.7596266403834
1426884,513.374806066422
1018982,307.3765308043676
1024533,27.609025972479195
1423458,89.30782633379857
1256007,71.16558511626941
1072327,238.81836432014148
1200918,301.22893775941066
1031606,511.6301613011566
1171496,94.46797028891713
1125996,78.93806157928589
1283888,145.07060909614802
1418131,584.7596266403834
1400837,307.3765308043676
1471564,399.54169261680073
1348293,40.447259972116804
1360248,23.56308128170095
1037188,32.791712239713746
1275453,96.98764634435442
1153084,114.11678333686496
1476703,65.99112413094363
1214045,37.05231077430668
1339201,32.791712239713746
1430832,403.06418331916177
1429517,334.1507796026781
1182953,305.37005640901384
1459302,25.747795365433614
1177955,15.757943697173394
1157643,175.84802832726683
1284388,175.59710078120884
1364451,207.83367658085322
1156252,45.165595088189264
1375220,40.447259972116804
1261074,42.56703956474454
1147021,89.0568987877406
1456278,110.44300572415969
1054169,229.69115747355295
1110323,67.93571707225509
1289831,85.0964335352373
1149805,123.65586627474256
1266061,89.30782633379857
1220931,45.165595088189264
1021717,40.783443703447354
1323802,252.1964550746102
1422028,197.13522892220846
1291601,313.1748500801933
1094087,821.0370965557263
1347974,642.7665788443229
1347782,301.22893775941066
1215159,20.918566643974415
1456299,60.75233265114063
1165289,62.29057764302039
1047535,388.34793588643896
1067260,465.6113383269906
1160219,702.4760339222911
1231638,197.0908889481728
1189643,207.58274903479523
1061333,257.26180275518556
1152031,699.299938344033
1157645,513.374806066422
1455353,590.199236900352
1307614,37.05231077430668
1122805,59.645462668427236
1200378,73.84445986896775
1277405,58.83306248683792
1118213,41.13672463208972
1111285,43.48631288946552
1333036,32.37936089480551
1292612,616.183528781841
1265026,680.6266776219127
1063432,583.6896147522885
1490530,19.60898272233456
1199264,19.60898272233456
1315953,114.11678333686496
1325057,165.03895897186874
1000967,58.83306248683792
1102240,42.56703956474454
1094031,49.68334349508331
1461407,188.40562372752203
1296839,269.73540607941516
1285572,313.1748500801933
1486559,94.46797028891713
1438178,90.2169898725787
1429602,73.84445986896775
1007013,85.34736108129528
1413676,44.34674176670764
1324205,33.09541835883834
1052327,33.09541835883834
1051118,25.747795365433614
1063944,415.8536693994446
1327596,269.73540607941516
1271465,678.0505395576475
1112605,1871.8226425728078
1215120,1295.9914553680217
1334605,773.6385750817078
1089940,58.83306248683792
1493329,111.90853736679192
1310666,98.4409244084857
1226985,549.9441040001311
1157971,581.1345643603444
1406109,1079.0317289704253
1158730,111.77141557036829
1192020,141.40480892180867
1488470,252.1964550746102
1399584,1309.7416974918403
1186148,710.6883177571254
1295143,1052.4264089225367
1033644,179.12442123671096
1043832,187.83260286703043
1278865,94.46797028891713
1122933,260.2285984741923
1099771,405.006342921738
1342064,289.79940575609317
1087115,98.18999686242772
1021203,78.93806157928589
1158238,107.51718366420707
1374260,773.6385750817078
1402324,812.3635725640489
1412744,812.34234649514
1482782,45.165595088189264
1046637,62.039650096962404
1498015,32.37936089480551
1312237,260.4795260202503
1171583,462.04979928476877
1439200,584.7416583664025
1365652,135.41424998617074
1116454,89.0568987877406
1329325,94.27824738536916
1398733,201.18922079720608
1175214,245.3727875602082
1235841,614.3853909212653
1467381,201.77833656980752
1129652,197.0908889481728
1025418,183.11682976160276
1107242,294.3874564635465
1225616,508.72936588344595
1399642,342.10573953354447
1002587,98.18999686242772
1353808,80.34410732504644
1261445,531.5223363082393
1315349,423.01282440468475
1032554,586.1974367927389
1044666,2038.637618473551
1126295,1651.1945877775909
1031019,586.1974367927389
1351254,49.68334349508331
1303377,153.9971480734319
1360145,127.91937343999619
1339191,684.9073516834752
1263562,699.299938344033
1249506,1316.2885034616804
1072489,192.7982268315772
1054327,197.0908889481728
1301459,353.4641581741101
1164130,1261.3528674995955
1292366,728.4566098625397
1227051,984.3250313194097
1052043,127.66844589393827
1270293,94.46797028891713
1149914,94.46797028891713
1476554,139.35052008215322
1205729,220.62688752313338
1211146,161.19198404589054
1193406,92.17790166898983
1256086,65.99112413094363
1119492,89.0568987877406
1424001,870.4905644011565
1318873,789.3172886747278
1497229,679.8531738519342
1411464,42.56703956474454
1275922,45.165595088189264
1067311,32.791712239713746
1063232,179.37534878276895
1263804,239.60948816355406
1119525,265.12524563645184
1042841,166.94142008526637
1163114,139.35052008215322
1394950,107.51718366420707
1083661,204.9485727884011
1353626,353.4641581741101
1238795,552.854929591198
1257162,197.0908889481728
1407540,188.40562372752203
1087300,123.40493872868458
1016398,214.67352562252546
1031482,390.1249330530942
1476710,303.96681203158687
1424685,62.039650096962404
1087043,108.99429086918374
1241336,67.41930886346482
1126102,466.5413610886773
1388334,384.783701678737
1075523,586.1974367927389
1216578,260.2285984741923
1351219,227.58845795873157
1287845,138.94175982265241
1147190,32.791712239713746
1419860,131.73063613513636
1023806,75.35736216196382
1185678,139.35052008215322
1353996,342.10059239347845
1471183,250.1452410113728
1054272,158.04873692752642
1005347,177.54302085472833
1327124,145.07060909614802
1234527,803.5587002702547
1077178,298.24134385505363
1066705,313.1748500801933
1072459,27.609025972479195
1003680,25.747795365433614
1416476,75.35736216196382
1167184,50.69640610044327
1077352,59.645462668427236
1354900,51.27050791941515
1260212,269.73540607941516
1130888,902.9964127323452
1164137,696.2150136524161
1047397,15.757943697173394
1497822,145.07060909614802
1366177,161.19198404589054
1235630,191.9221074329747
1161125,42.081944577309486
1214466,49.68334349508331
1379939,31.10734485112845
1397477,45.41652263424725
1490466,94.27824738536916
1402609,62.48025450402028
1254730,405.006342921738
1025202,500.873876406609
1373526,377.0439565154405
1203194,342.10059239347845
1364965,350.4253587779501
1403750,177.54302085472833
1205495,27.609025972479195
1399393,104.2344035456528
1114827,58.17850352633761
1209003,127.91937343999619
1068087,201.77833656980752
1157260,153.7462205273739
1286151,94.46797028891713
1287783,107.51718366420707
1246214,114.11678333686496
1103243,586.1974367927389
1412094,220.59447621445366
1435140,183.11682976160276
1246825,26.139647496940537
1159089,22.1780454486166
1049141,81.24258821931583
1246940,71.10964374020064
1378005,32.044746901157346
1433386,30.333820423732597
1207002,37.05231077430668
1051838,220.62688752313338
1376509,608.8272000886116
1110219,521.6862728488835
1331890,15.757943697173394
1253163,20.918566643974415
1302373,15.757943697173394
1434614,104.2344035456528
1148001,111.77141557036829
1212594,145.07060909614802
1105749,60.50140510508264
1410871,44.09581422064965
1125176,49.68334349508331
1432030,27.859953518537186
1134077,43.73724043552351
1017556,43.48631288946552
1222099,49.68334349508331
1381777,40.783443703447354
1459975,303.7158844855289
1163173,384.783701678737
1496357,239.35856061749607
1427545,112.54495677784358
1095607,110.27081495452957
1039372,49.68334349508331
1265219,28.232661064152953
1406375,128.46280287243357
1448552,110.27081495452957
1059119,71.16558511626941
1359625,107.51718366420707
1255874,111.12301505627862
1338420,114.11678333686496
1402396,252.1964550746102
1478102,161.19198404589054
1471087,153.7462205273739
1284661,25.747795365433614
1420413,26.139647496940537
1364745,20.05069109336787
1019952,71.73088602528792
1387028,326.50231168519025
1215711,311.6850123783339
1435910,30.333820423732597
1452281,15.757943697173394
1170208,114.11678333686496
1443567,139.35052008215322
1390206,164.78803142581074
1089737,27.609025972479195
1279096,23.81400882775894
1301192,62.48025450402028
1191560,201.18922079720608
1117758,94.27824738536916
1243690,415.8536693994446
1041884,1142.8357391595268
1490464,946.9573623149822
1041468,478.4608610040736
1491705,32.791712239713746
1288797,81.49351576537381
1472568,66.24205167700161
1202662,353.4641581741101
1285966,390.1460862534218
1068045,687.198086090571
1274550,145.07060909614802
1321002,158.04873692752642
1094705,269.73540607941516
1021807,805.5931536927383
1302798,500.873876406609
1060391,616.6925281887299
1006816,59.645462668427236
1095767,40.447259972116804
1101734,123.9134088552616
1171313,220.62688752313338
1281698,111.77141557036829
1435552,60.50140510508264
1018032,42.081944577309486
1463075,49.68334349508331
1055113,584.7596266403834
1416492,679.8531738519342
1357343,571.0736551244594
1290035,23.56308128170095
1253166,25.747795365433614
1173529,23.56308128170095
1315404,135.66517753222874
1068463,145.07060909614802
1140698,165.03895897186874
1449468,62.48025450402028
1093081,40.783443703447354
1357469,60.50140510508264
1076524,188.40562372752203
1324338,250.1452410113728
1306071,390.10154249480604
1099884,141.40480892180867
1010388,141.40480892180867
1404662,158.04873692752642
1129536,303.96681203158687
1425079,161.44291159194853
1217642,60.50140510508264
1063344,45.165595088189264
1104032,342.10059239347845
1289590,289.79940575609317
1037247,531.5223363082393
1441494,677.2770357876691
1111278,389.8526349534351
1111214,238.45630989146522
1409949,37.05231077430668
1408381,89.30782633379857
1487695,67.6702364095228
1086128,326.49716454512424
1051069,353.4641581741101
1033575,522.2236094163721
1134606,107.51718366420707
1335692,78.93806157928589
1220076,128.46280287243357
1045804,614.3853909212653
1410900,306.3183687917708
1491784,514.3954369619361
1155929,94.27824738536916
1421340,115.12054605747885
1247621,80.34410732504644
1112082,49.68334349508331
1352909,70.91465757021143
1209918,378.97726216144144
1101949,303.96681203158687
1307199,212.71319771517582
1340615,25.747795365433614
1265011,104.48533109171078
1349155,177.54302085472833
1295471,158.29966447358441
1465044,107.51718366420707
1122408,115.12054605747885
1357576,51.27050791941515
1395249,110.44300572415969
1167154,229.69115747355295
1338367,238.45630989146522
1335658,89.0568987877406
1259183,123.9134088552616
1380027,188.08353041308843
1291944,124.16433640131957
1066693,94.27824738536916
1463866,90.2169898725787
1496936,62.039650096962404
1083629,191.9221074329747
1458918,161.19198404589054
1181328,186.11565078621612
1381586,1314.338507640101
1011414,900.175566102047
1474243,492.1257035426043
1394187,28.232661064152953
1196663,94.52917493142714
1088646,98.4409244084857
1342720,390.10154249480604
1102185,500.873876406609
1333552,805.3324792748605
1410152,94.46797028891713
1372949,107.51718366420707
1131961,164.78803142581074
1318987,1026.255125904989
1309137,541.846327536151
1358786,739.9406331764271
1032920,71.73088602528792
1262458,73.84445986896775
1327846,153.7462205273739
1429378,245.3727875602082
1136853,153.7462205273739
1274362,85.0964335352373
1455282,45.165595088189264
1201206,59.645462668427236
1484461,541.846327536151
1229441,550.5729482584442
1025339,450.2977594152339
1299332,25.747795365433614
1103612,197.0908889481728
1444918,306.5692963378288
1199571,301.93382499679456
1083814,45.165595088189264
1030045,44.09581422064965
1083856,33.09541835883834
1041927,153.7462205273739
1132474,186.11565078621612
1326550,350.4253587779501
1203590,123.40493872868458
1468345,110.27081495452957
1062614,114.11678333686496
1252301,252.1964550746102
1312450,303.96681203158687
1227321,197.38615646826645
1143199,44.09581422064965
1388818,73.84445986896775
1045336,58.83306248683792
1208100,377.0439565154405
1487438,307.62745835042557
1314619,318.15479691360036
1446773,297.0353323014201
1379642,220.40962337106367
1463434,123.40493872868458
1359547,37.05231077430668
1189931,142.2945285593172
1104414,114.11678333686496
1294658,131.73063613513636
1041008,294.3874564635465
1388157,161.19198404589054
1036924,179.12442123671096
1412783,186.11565078621612
1239271,161.19198404589054
1164460,821.0370965557263
1120076,238.45630989146522
1033560,313.4257776262513
1241991,27.609025972479195
1050973,25.71927316221139
1488516,37.05231077430668
1487269,94.27824738536916
1494672,80.65529949362455
1055343,42.081944577309486
1276086,45.165595088189264
1427992,188.40562372752203
1062785,679.8531738519342
1393239,669.1801248087511
1359687,15.757943697173394
1185486,19.60898272233456
1237451,111.12301505627862
1383706,179.12442123671096
1484601,192.7982268315772
1293278,59.645462668427236
1302677,44.09581422064965
1202037,62.48025450402028
1430558,45.41652263424725
1338945,71.9818135713459
1078324,51.27050791941515
1387934,85.19428689764571
1478529,60.50140510508264
1120072,342.10059239347845
1377968,516.1400817272013
1391988,250.509338247975
1265634,390.1460862534218
1223460,415.8536693994446
1487411,153.7462205273739
1038260,34.60728634400457
1446962,71.73088602528792
1307990,51.27050791941515
1159283,104.2344035456528
1072744,153.7462205273739
1433307,192.7982268315772
1350267,67.41930886346482
1340706,78.93806157928589
1108874,89.0568987877406
1317740,784.023208205906
1274663,294.3874564635465
1245642,404.7533617956391
1331308,78.93806157928589
1490846,75.35736216196382
1216717,58.83306248683792
1155386,177.54302085472833
1287061,311.00044655408396
1425115,250.06644564670663
1060856,60.50140510508264
1473341,40.447259972116804
1423483,59.645462668427236
1199882,353.4641581741101
1335249,470.74097737276173
1075399,404.7585089357051
1485349,44.09581422064965
1346518,20.05069109336787
1180232,107.51718366420707
1180958,131.73063613513636
1268970,187.83260286703043
1438275,94.46797028891713
1252259,57.92757598027962
1293873,71.73088602528792
1372471,139.35052008215322
1207091,137.21827497323912
1191139,165.03895897186874
1464373,45.165595088189264
1342435,60.50140510508264
1481479,301.22893775941066
1265718,294.3874564635465
1330306,227.58845795873157
1088146,244.22398533311585
1230739,204.9485727884011
1479461,75.35736216196382
1119000,28.232661064152953
1253188,110.44300572415969
1420681,65.99112413094363
1497042,191.9221074329747
1075573,429.3303902885769
1283010,260.2285984741923
1248990,227.58845795873157
1076397,204.9485727884011
1295928,180.25557869370382
1072277,693.638875588151
1334546,388.34793588643896
1293060,314.6387695111861
1358416,23.56308128170095
1040086,27.609025972479195
1465977,80.34410732504644
1130549,73.84445986896775
1039323,37.05231077430668
1440240,37.05231077430668
1362578,238.45630989146522
1142838,582.6785243526238
1260394,521.6862728488835
1162316,123.40493872868458
1133943,152.24261946299117
1094696,123.9134088552616
1141999,49.68334349508331
1185462,58.83306248683792
1484087,42.56703956474454
1295267,32.791712239713746
1127473,49.934271041141294
1005070,49.68334349508331
1132370,43.48631288946552
1162807,405.006342921738
1410300,616.183528781841
1411549,319.8832332044032
1315737,1441.3972557097213
1026727,900.175566102047
1392552,702.7579344090778
1273175,123.9134088552616
1359183,314.6387695111861
1349227,229.94208501961094
1187267,677.2770357876691
1077876,947.339733278442
1255087,1337.8897369788538
1367217,220.62688752313338
1250173,160.17185853115015
1080258,238.45630989146522
1466020,1851.828461791157
1103105,1094.84106463691
1411427,1459.99181132629
1099736,250.06644564670663
1456472,297.0353323014201
1295531,197.0908889481728
1182553,301.93382499679456
1037013,423.01282440468475
1071289,204.9485727884011
1348850,186.11565078621612
1145843,139.35052008215322
1290610,193.31912139486292
1107751,908.1207903913346
1303680,895.966304481076
1106620,618.2423648229308
1368612,73.84445986896775
1195396,32.791712239713746
1349623,62.48025450402028
1140431,342.10573953354447
1239272,622.9345466831726
1408309,551.1102848259328
1272864,71.10964374020064
1084623,85.19428689764571
1382786,33.09541835883834
1045869,245.3727875602082
1205492,404.7533617956391
1337089,569.9175311044708
1196960,201.77833656980752
1359976,197.0908889481728
1173584,197.13522892220846
1080752,351.9849134854716
1438049,616.6925281887299
1376120,423.01797154475076
1200743,186.11565078621612
1160087,252.1964550746102
1250538,188.40562372752203
1385364,822.4319181539063
1421477,643.2933866854997
1001956,569.9175311044708
1233884,586.1974367927389
1467909,450.8299488426566
1301887,296.4857659094403
1048759,27.609025972479195
1270199,81.49351576537381
1282739,60.75233265114063
1154085,398.630928735342
1260035,423.01282440468475
1377442,615.7521420829918
1281129,389.8526349534351
1307389,282.00457750580074
1143368,318.15479691360036
1378838,569.9175311044708
1095292,510.47401064871127
1293301,584.7416583664025
1234965,51.27050791941515
1375305,81.24258821931583
1439037,59.645462668427236
1181412,30.333820423732597
1067610,25.747795365433614
1431745,33.09541835883834
1295753,622.9345466831726
1334795,491.7758107382903
1166147,476.1788796713197
1431774,20.05069109336787
1177789,104.2344035456528
1407626,128.46280287243357
1344425,162.34635892189945
1499073,89.0568987877406
1096086,107.51718366420707
1356796,85.19428689764571
1368295,238.45630989146522
1186984,423.01282440468475
1334468,314.38784196512813
1024033,104.2344035456528
1177177,111.12301505627862
1070701,71.10964374020064
1210286,71.73088602528792
1190645,51.52143546547314
1109523,37.30323832036467
1384852,32.37936089480551
1140087,49.68334349508331
1381531,500.873876406609
1029762,311.00044655408396
1387532,584.7416583664025
1429694,818.6626645196303
1344145,740.2225336632139
1021666,399.7874730227927
1460994,104.48533109171078
1496025,107.76811121026505
1223663,342.10059239347845
1166855,415.8536693994446
1159755,693.3569751013642
1078871,164.78803142581074
1343181,188.40562372752203
1251460,229.69115747355295
1167686,762.2299604046132
1309041,616.183528781841
1351501,584.2018644814158
1411712,22.1780454486166
1389300,32.791712239713746
1043407,45.165595088189264
1137195,73.84445986896775
1133355,58.83306248683792
1382856,33.09541835883834
1117090,32.37936089480551
1152195,678.0505395576475
1124988,777.8413480046479
1325639,722.1606528074996
1010613,15.757943697173394
1077074,15.757943697173394
1339373,112.79588432390156
1082030,132.0598578829437
1374234,135.66517753222874
1498214,59.645462668427236
1219081,51.27050791941515
1472375,71.73088602528792
1472124,180.25557869370382
1004268,269.73540607941516
1295832,311.00044655408396
1396477,94.27824738536916
1157026,110.86108483773738
1154504,58.83306248683792
1425009,85.19428689764571
1319225,110.52174250058755
1487214,59.89639021448522
1202811,37.05231077430668
1422934,37.05231077430668
1006749,587.8920996328875
1417732,458.9362941584192
1092905,768.8011784574483
1353563,2017.7777848412825
1157213,1477.4232576406198
1037186,908.1207903913346
1161156,85.19428689764571
1309382,290.05033330215116
1300405,265.37617318250983
1403354,805.6143797616472
1076251,952.6097231769818
1301531,1309.9926250378983
1354098,245.3727875602082
1013097,259.3640032840083
1138810,450.5736280496527
1247295,2058.8692722521882
1396363,1026.837350923508
1428923,1462.5267144514428
1392386,115.12054605747885
1310472,96.98764634435442
1310422,89.0568987877406
1496663,138.94175982265241
1192395,378.97726216144144
1011221,164.78803142581074
1336867,98.18999686242772
1063685,123.9134088552616
1208004,123.9134088552616
1444591,984.0741037733518
1093360,1647.110557394833
1338479,1475.6145678183793
1018381,40.447259972116804
1247641,40.783443703447354
1260258,37.05231077430668
1156774,614.3853909212653
1309278,881.0510775628155
1394148,773.6385750817078
1445687,127.66844589393827
1268572,158.04873692752642
1243616,111.12301505627862
1414107,311.00044655408396
1407146,389.8526349534351
1352012,642.7665788443229
1390158,177.54302085472833
1091996,186.11565078621612
1318802,152.24261946299117
1452309,295.7980600019056
1334101,457.9909737863931
1002773,301.47986530546865
1029414,85.19428689764571
1374360,139.35052008215322
1096139,111.12301505627862
1166020,773.3338743638479
1136726,622.9345466831726
1170441,1248.7165300489114
1003197,805.8450584860606
1195560,710.6883177571254
1233590,294.3874564635465
1499053,37.05231077430668
1008764,85.44521444370369
1171263,73.84445986896775
1235632,191.9221074329747
1086505,318.15479691360036
1124751,397.51199737445063
1022768,184.93322840211732
1342069,220.40962337106367
1319985,282.00457750580074
1086535,1328.8533958593316
1193059,404.7533617956391
1005399,607.2832400963322
1217409,123.9134088552616
1388371,104.2344035456528
1240574,80.65529949362455
1296492,141.40480892180867
1490920,513.374806066422
1407025,429.3303902885769
1349568,58.83306248683792
1150094,45.165595088189264
1234359,58.83306248683792
1487971,614.3853909212653
1061979,898.6127647977653
1075410,825.411857322032
1183464,26.139647496940537
1218599,40.783443703447354
1238332,23.56308128170095
1126306,207.58274903479523
1250167,257.9945301393288
1425272,450.5736280496527
1421359,164.78803142581074
1227369,127.66844589393827
1245910,123.9134088552616
1469390,207.58274903479523
1285058,165.03895897186874
1221848,260.4795260202503
1256714,57.92757598027962
1481494,89.0568987877406
1355892,62.48025450402028
1163601,429.3303902885769
1235352,415.8536693994446
1486990,389.8526349534351
1088403,257.26180275518556
1215826,301.93382499679456
1077243,123.9134088552616
1250701,37.05231077430668
1081976,158.29966447358441
1212321,145.321536642206
1356165,137.3699196254669
1102468,311.00044655408396
1248921,197.13522892220846
1168286,137.21827497323912
1073998,179.12442123671096
1106972,805.8450584860606
1415496,384.783701678737
1430286,303.3126220643544
1058741,19.60898272233456
1305701,70.91465757021143
1063055,45.165595088189264
1129309,62.48025450402028
1190160,51.27050791941515
1275767,269.73540607941516
1370349,941.8329846559928
1195640,693.0039812889928
1358027,20.918566643974415
1060469,188.40562372752203
1397621,186.11565078621612
1321235,245.3727875602082
1036985,27.609025972479195
1314238,49.934271041141294
1184897,70.91465757021143
1109511,115.12054605747885
1134380,94.71889783497511
1438318,584.7416583664025
1045978,784.023208205906
1039535,404.7533617956391
1222762,421.7868621476975
1108547,523.9682541816373
1136233,131.73063613513636
1113557,20.918566643974415
1433288,59.083990032895905
1280956,42.81796711080253
1409185,186.11565078621612
1001062,319.8883803444692
1455302,260.2285984741923
1473716,201.18922079720608
1108944,250.509338247975
1281283,229.69115747355295
1295121,584.7416583664025
1271387,301.93382499679456
1042450,269.98633362547315
1232986,67.93571707225509
1262098,34.60728634400457
1355822,23.56308128170095
1235127,212.46227016911783
1315725,429.3355374286429
1105691,390.1512333934878
1423554,111.12301505627862
1291911,135.41424998617074
1063335,135.41424998617074
1017067,42.081944577309486
1295378,40.447259972116804
1358044,33.346345904896324
1475790,49.934271041141294
1463160,32.37936089480551
1020603,33.09541835883834
1345207,305.11912886295585
1395178,462.3933485712259
1408825,307.3765308043676
1494027,646.0979930206123
1224076,655.844186407494
1353310,186.11565078621612
1435474,33.09541835883834
1006574,90.46791741863667
1388278,62.29057764302039
1139612,257.26180275518556
1375571,450.5736280496527
1088656,429.3303902885769
1448606,307.3765308043676
1291487,353.4641581741101
1465487,391.7176317893607
1240567,946.9573623149822
1078554,350.4253587779501
1081079,405.011490061804
1203974,71.73088602528792
1303970,58.83306248683792
1426761,58.83306248683792
1303570,45.165595088189264
1150022,259.3640032840083
1217185,197.0908889481728
1125302,44.09581422064965
1442229,57.92757598027962
1002560,404.7533617956391
1371487,608.8272000886116
1446799,590.628540888517
1036706,23.56308128170095
1491686,32.37936089480551
1399772,179.12442123671096
1494276,229.69115747355295
1217848,288.45878500593597
1092082,111.12301505627862
1126590,107.51718366420707
1010315,85.0964335352373
1303501,94.52917493142714
1290736,127.91937343999619
1027752,58.83306248683792
1386011,40.447259972116804
1204889,319.8832332044032
1114235,353.4641581741101
1034417,415.8536693994446
1082554,1300.7610891226095
1290939,1041.0164816929812
1177275,463.40606868843656
1291984,32.37936089480551
1489334,68.18664461831307
1312498,74.09538741502573
1237487,450.8299488426566
1017032,569.9175311044708
1226117,947.5906608245
1282653,153.7462205273739
1363989,152.24261946299117
1359946,260.773477523714
1319162,941.5968631723891
1402594,510.47401064871127
1217911,784.023208205906
1464254,94.27824738536916
1341715,98.18999686242772
1349950,136.7697574463391
1162925,204.9485727884011
1270167,141.65573646786666
1057728,81.24258821931583
1058797,45.165595088189264
1403400,678.0505395576475
1302853,638.6255329646417
1079968,521.6862728488835
1440844,30.333820423732597
1104148,25.747795365433614
1287932,212.46227016911783
1017601,212.46227016911783
1026204,250.24110848621376
1075937,62.039650096962404
1346881,65.99112413094363
1223669,59.645462668427236
1301241,158.29966447358441
1277374,240.21560771213308
1023855,429.3303902885769
1069619,142.2945285593172
1141140,108.99429086918374
1398600,188.40562372752203
1432032,318.1599440536664
1424160,250.24110848621376
1231250,40.447259972116804
1201874,58.83306248683792
1460942,49.68334349508331
1141667,350.4253587779501
1445891,238.45630989146522
1350725,516.1400817272013
1303762,728.4566098625397
1414123,616.183528781841
1333339,207.58274903479523
1249853,32.37936089480551
1254272,89.30782633379857
1404012,71.9818135713459
1086893,463.40606868843656
1490001,450.5736280496527
1335737,903.5018870235556
1026870,227.58845795873157
1157723,183.11682976160276
1083428,269.73540607941516
1041969,805.8450584860606
1242079,468.28789663325574
1157372,728.4566098625397
1186919,96.98764634435442
1250645,58.83306248683792
1318234,62.039650096962404
1135964,98.18999686242772
1040065,37.05231077430668
1498396,37.05231077430668
1015144,643.2933866854997
1452919,588.9921431838958
1045583,470.74097737276173
1230784,15.757943697173394
1078483,15.757943697173394
1223872,94.27824738536916
1399477,131.73063613513636
1245737,98.51921861023504
1217377,137.21827497323912
1055993,81.49351576537381
1032317,92.42882921504781
1442709,137.3699196254669
1341438,288.45878500593597
1045265,305.11912886295585
1081143,110.44300572415969
1241028,114.11678333686496
1487433,136.96734742718112
1344474,111.3739426023366
1249086,33.09541835883834
1167009,60.50140510508264
1001468,50.69640610044327
1056008,334.14563246261207
1352502,220.40962337106367
1138191,472.8093684877515
1195304,461.3233563984868
1485133,404.7533617956391
1230602,158.04873692752642
1246844,32.791712239713746
1420947,85.44521444370369
1073477,81.49351576537381
1174807,390.1460862534218
1101194,591.2741245166496
1479242,334.1507796026781
1163821,238.45630989146522
1053387,191.9221074329747
1030257,197.0908889481728
1066609,982.0288718842007
1104677,552.854929591198
1145504,606.2189474494918
1058968,22.1780454486166
1029048,62.039650096962404
1341299,45.165595088189264
1233321,42.56703956474454
1155890,450.5736280496527
1412006,1503.1476869830556
1059086,1054.6991790690415
1457634,32.70858264261285
1382023,30.856417305070458
1450781,37.05231077430668
1393398,89.0568987877406
1347554,51.27050791941515
1208168,67.93571707225509
1003353,260.2285984741923
1054844,516.1400817272013
1199186,462.1313904107206
1094514,71.73088602528792
1182396,45.165595088189264
1335483,58.83306248683792
1231690,59.083990032895905
1227412,42.81796711080253
1006640,70.91465757021143
1430130,51.27050791941515
1124497,528.7018123144654
1311902,305.11912886295585
1091585,946.9573623149822
1011846,405.006342921738
1183235,462.1313904107206
1138279,227.58845795873157
1400961,79.18898912534387
1342320,50.94733364650126
1073456,128.46280287243357
1463003,269.73540607941516
1291939,269.73540607941516
1201023,89.0568987877406
1131342,94.27824738536916
1350514,107.51718366420707
1019288,784.023208205906
1338351,303.0616945182964
1441003,510.47401064871127
1089983,89.0568987877406
1098314,98.18999686242772
1319200,58.83306248683792
1007242,139.35052008215322
1348829,269.73540607941516
1356631,260.2285984741923
1007766,37.05231077430668
1482800,60.50140510508264
1160805,398.630928735342
1386804,526.4198309817116
1291900,463.7764371379928
1467342,22.39374657374814
1079749,22.1780454486166
1163707,114.11678333686496
1267211,161.19198404589054
1477931,238.45630989146522
1488200,90.2169898725787
1286968,62.039650096962404
1204701,65.99112413094363
1262783,158.04873692752642
1129825,111.3739426023366
1314953,142.5454561053752
1373676,60.50140510508264
1431261,73.84445986896775
1307454,51.27050791941515
1441368,294.3874564635465
1340082,250.06644564670663
1290045,179.12442123671096
1070101,1284.6659020243953
1413562,903.2509594774976
1192976,472.8093684877515
1304626,42.56703956474454
1358552,112.02234311642627
1246966,111.3739426023366
1121684,569.9175311044708
1422241,587.8920996328875
1463806,952.8606507230397
1133186,184.93322840211732
1186594,136.96734742718112
1332523,260.2285984741923
1228793,1293.8772227768739
1106195,687.4799865773577
1149489,984.3250313194097
1239648,94.27824738536916
1167480,73.84445986896775
1006634,94.46797028891713
1067884,131.73063613513636
1158916,188.40562372752203
1392561,123.9134088552616
1253660,71.10964374020064
1371428,73.84445986896775
1413435,60.50140510508264
1202213,728.4566098625397
1236134,795.852826943295
1285653,667.7490973097374
1086947,37.05231077430668
1413457,32.37936089480551
1275145,33.09541835883834
1394552,111.12301505627862
1041277,179.37534878276895
1219014,197.0908889481728
1131289,112.54495677784358
1393954,94.27824738536916
1114558,58.83306248683792
1058025,204.9485727884011
1146280,311.00044655408396
1259161,468.28789663325574
1211180,127.66844589393827
1085281,139.35052008215322
1450681,94.46797028891713
1191059,164.78803142581074
1160873,383.311193737138
1112783,197.34181649423078
1482831,45.165595088189264
1416477,89.0568987877406
1302018,75.35736216196382
1411743,387.6557107577639
1209263,326.49716454512424
1375615,684.9073516834752
1251805,179.12442123671096
1469059,502.245161974527
1265505,260.2285984741923
1110999,37.05231077430668
1490160,94.71889783497511
1253502,65.84094859771089
1126623,180.25557869370382
1130658,313.1748500801933
1387143,296.4857659094403
1362544,98.18999686242772
1459085,115.12054605747885
1341726,107.51718366420707
1208714,946.9573623149822
1473910,318.15479691360036
1113140,464.31377370548154
1287268,75.35736216196382
1017414,59.645462668427236
1329315,111.42423279021803
1437265,311.4340848322759
1441114,239.35856061749607
1207802,40.447259972116804
1284532,40.447259972116804
1428659,40.783443703447354
1247559,391.7176317893607
1142595,582.4596770336486
1221224,463.7764371379928
1440966,25.747795365433614
1244156,153.7462205273739
1432921,161.19198404589054
1253903,207.58274903479523
1109308,67.41930886346482
1160233,62.039650096962404
1265029,62.039650096962404
1200538,131.73063613513636
1349362,131.98156368119436
1216484,192.1730349790327
1470437,40.447259972116804
1389801,65.99112413094363
1273640,41.13672463208972
1398971,342.10059239347845
1110361,462.3933485712259
1132811,282.00457750580074
1358429,239.35856061749607
1499021,257.26180275518556
1251893,20.918566643974415
1189345,51.27050791941515
1217593,42.56703956474454
1435232,250.509338247975
1214504,269.98633362547315
1240856,265.12524563645184
1310777,153.7462205273739
1473466,164.78803142581074
1182198,193.31912139486292
1442839,319.8832332044032
1105223,405.006342921738
1050999,318.15479691360036
1140478,19.60898272233456
1160572,28.232661064152953
1294587,33.09541835883834
1483004,20.918566643974415
1085945,15.757943697173394
1334365,318.15479691360036
1179547,318.1599440536664
1212768,354.1902907097442
1075990,15.757943697173394
1248167,107.51718366420707
1261113,137.3699196254669
1429763,137.21827497323912
1151884,107.51718366420707
1313839,127.66844589393827
1216798,161.19198404589054
1492488,42.56703956474454
1180550,32.791712239713746
1300636,32.044746901157346
1111154,27.609025972479195
1329598,32.37936089480551
1170529,269.73540607941516
1450808,85.0964335352373
1258777,404.7533617956391
1195364,1309.7416974918403
1469941,1041.0164816929812
1070129,450.5736280496527
1259870,128.46280287243357
1489091,655.5622859207073
1253895,761.9480599178264
1245836,1087.4737786334417
1493689,201.77833656980752
1301362,145.07060909614802
1426995,229.69115747355295
1185820,1295.9914553680217
1170494,611.0376843633196
1315527,1052.4264089225367
1284731,127.66844589393827
1233512,212.46227016911783
1229478,269.73540607941516
1118707,201.18922079720608
1483287,89.0568987877406
1483261,73.84445986896775
1218561,152.24261946299117
1228734,699.299938344033
1100299,582.4596770336486
1062654,461.59920098329786
1424258,49.68334349508331
1287339,51.27050791941515
1313588,127.91937343999619
1258153,212.71319771517582
1477668,192.1730349790327
1146680,158.04873692752642
1076977,136.96734742718112
1130360,98.18999686242772
1038432,188.40562372752203
1301753,319.8832332044032
1191627,462.3933485712259
1030017,143.49617934712072
1471259,153.7462205273739
1154260,131.73063613513636
1313142,244.22398533311585
1303136,429.3303902885769
1287870,389.8526349534351
1331178,197.0908889481728
1098622,137.3699196254669
1184587,614.3853909212653
1025379,569.9175311044708
1358189,350.4253587779501
1030333,1475.139282061525
1187463,881.3329780496023
1212464,642.7665788443229
1124574,45.165595088189264
1226727,136.96734742718112
1052272,135.41424998617074
1223406,728.174709375753
1431890,822.1500176671195
1118042,1293.8772227768739
1358230,180.25557869370382
1160706,197.0908889481728
1142445,307.3765308043676
1124659,1300.7610891226095
1141542,805.5931536927383
1188019,1094.84106463691
1045061,111.77141557036829
1297612,282.00457750580074
1136555,138.94175982265241
1473948,92.17790166898983
1187248,71.10964374020064
1222655,870.4905644011565
1225845,865.3195416885794
1147030,722.1606528074996
1361909,478.4608610040736
1483607,699.4358769737647
1222059,603.9118101820272
1285518,90.2169898725787
1270509,65.99112413094363
1415427,58.83306248683792
1078686,197.0908889481728
1406717,239.96468016607508
1418362,462.1313904107206
1413791,158.04873692752642
1493718,123.9134088552616
1308101,252.1964550746102
1068287,429.3303902885769
1290408,295.7980600019056
1448703,62.48025450402028
1307736,81.24258821931583
1023715,92.17790166898983
1269555,646.0979930206123
1107012,318.15479691360036
1352569,728.1351956072407
1080746,782.4332595915108
1035233,818.6626645196303
1192047,250.1452410113728
1423989,37.05231077430668
1473901,107.51718366420707
1330572,98.18999686242772
1124262,260.2285984741923
1340904,528.7018123144654
1466477,405.006342921738
1030896,250.509338247975
1102297,260.2285984741923
1458313,197.0908889481728
1347385,1058.831913831299
1349361,404.7533617956391
1036701,510.47401064871127
1291765,62.039650096962404
1375038,71.10964374020064
1366075,59.645462668427236
1139550,98.18999686242772
1101934,311.00044655408396
1106379,294.3874564635465
1183999,49.68334349508331
1139782,45.165595088189264
1126514,62.48025450402028
1035826,429.3303902885769
1377724,677.4952906966191
1164986,583.6896147522885
1140696,23.56308128170095
1479578,37.05231077430668
1458427,22.39374657374814
1037543,158.04873692752642
1376454,212.46227016911783
1034409,238.45630989146522
1017883,114.11678333686496
1126137,92.17790166898983
1414891,127.66844589393827
1082444,123.94830623540877
1402014,257.9945301393288
1091685,51.27050791941515
1334897,65.84094859771089
1202906,58.83306248683792
1037004,569.9175311044708
1077171,450.5736280496527
1025143,398.630928735342
1045356,415.8536693994446
1456111,389.8526349534351
1023599,142.2945285593172
1224009,40.447259972116804
1412451,127.66844589393827
1410443,94.27824738536916
1262498,175.59710078120884
1430898,307.62745835042557
1219927,303.7158844855289
1037300,158.04873692752642
1253597,188.40562372752203
1102839,188.40562372752203
1122466,881.3329780496023
1118519,319.8832332044032
1495715,429.3303902885769
1128963,78.93806157928589
1121948,49.68334349508331
1285970,75.35736216196382
1467232,81.24258821931583
1261676,177.54302085472833
1130285,131.73063613513636
1454866,58.83306248683792
1403469,49.68334349508331
1083782,60.50140510508264
1368535,390.1460862534218
1205106,645.8695247497649
1066418,547.6621226673773
1147439,19.60898272233456
1143501,25.747795365433614
1396542,23.56308128170095
1280071,191.9221074329747
1342409,257.26180275518556
1022802,282.00457750580074
1444289,85.19428689764571
1436774,51.27050791941515
1254330,71.73088602528792
1112142,89.0568987877406
1409870,143.49617934712072
1338379,49.68334349508331
1242046,92.17790166898983
1494119,50.69640610044327
1031550,399.7874730227927
1374335,416.79480481627644
1202732,250.509338247975
1090089,2304.140257938429
1390783,2017.7777848412825
1336436,791.3627803821291
1300574,107.51718366420707
1334557,249.99018094015577
1262288,191.9221074329747
1290777,797.6164181639095
1132437,1087.7247061794997
1242056,2044.7596531712272
1323943,139.35052008215322
1395556,153.7462205273739
1021300,303.7158844855289
1256563,2301.0289928814805
1082880,1148.2065207147969
1408615,1875.1553572840585
1034550,295.7980600019056
1273740,311.00044655408396
1375700,145.29757198979337
1484176,334.14563246261207
1188547,423.01282440468475
1107386,303.7158844855289
1266898,161.19198404589054
1426808,139.35052008215322
1151394,188.40562372752203
1362645,1302.829563563026
1394305,1052.54841499623
1275233,812.8008957492266
1287197,67.93571707225509
1120268,85.19428689764571
1341978,60.50140510508264
1005261,647.529020519626
1356969,791.3627803821291
1429995,768.5192779706615
1231854,220.40962337106367
1004831,175.59710078120884
1196682,164.78803142581074
1110823,238.45630989146522
1050864,398.630928735342
1453468,728.4566098625397
1386342,294.3874564635465
1304635,298.24134385505363
1374704,260.2285984741923
1304912,605.9680199034339
1399265,738.9872266907895
1430604,603.9118101820272
1020769,123.40493872868458
1124544,188.40562372752203
1230695,138.94175982265241
1022544,870.7718441467118
1392027,591.2741245166496
1227348,643.2933866854997
1427333,903.2509594774976
1207963,740.2225336632139
1358659,289.79940575609317
1017948,33.09541835883834
1470042,94.46797028891713
1302705,67.41930886346482
1107897,391.72277892942674
1025988,415.8588165395106
1146886,762.2299604046132
1214823,187.83260286703043
1097271,180.25557869370382
1403913,269.73540607941516
1153862,773.3338743638479
1177612,404.7533617956391
1105240,603.9118101820272
1368073,92.17790166898983
1021984,160.17185853115015
1114177,107.51718366420707
1012363,59.645462668427236
1145179,62.48025450402028
1161370,49.68334349508331
1167123,586.1974367927389
1095301,470.74097737276173
1329675,423.01797154475076
1276937,23.56308128170095
1069331,193.5700489409209
1348050,404.7585089357051
1320534,415.6078889934526
1292579,32.37936089480551
1263128,28.232661064152953
1488407,164.78803142581074
1025243,245.3727875602082
1156703,318.15479691360036
1131763,164.78803142581074
1133958,153.7462205273739
1241310,158.04873692752642
1298978,207.58274903479523
1334203,135.41424998617074
1037484,45.165595088189264
1183511,62.039650096962404
1213380,59.645462668427236
1479982,301.93382499679456
1295433,250.06644564670663
1383868,384.783701678737
1323560,1672.1098211219273
1444798,984.0741037733518
1069100,791.3627803821291
1439256,75.35736216196382
1184813,186.11565078621612
1494605,191.9221074329747
1070775,739.9406331764271
1153718,870.4899436599251
1262471,1259.589965288865
1263194,164.78803142581074
1058052,164.78803142581074
1253782,265.12524563645184
1374690,1588.608539446742
1075536,821.0370965557263
1404821,1316.0375759156225
1390833,131.73063613513636
1007031,158.04873692752642
1054115,111.77141557036829
1120318,227.58845795873157
1431813,311.00044655408396
1298538,164.78803142581074
1448350,131.73063613513636
1137247,127.66844589393827
1378187,127.66844589393827
1313682,900.175566102047
1390178,898.6127647977653
1254865,638.6255329646417
1036898,45.165595088189264
1062100,44.09581422064965
1077395,468.28789663325574
1274271,738.9872266907895
1413868,684.9073516834752
1063439,98.18999686242772
1121493,114.11678333686496
1429093,85.0964335352373
1170897,238.45630989146522
1402018,326.49716454512424
1129849,516.1400817272013
1348414,164.78803142581074
1007581,175.59710078120884
1140044,158.04873692752642
1464692,389.8526349534351
1251999,478.4608610040736
1204026,334.19422889788916
1274820,98.18999686242772
1346088,153.7462205273739
1499150,137.3699196254669
1141237,687.4799865773577
1216971,552.854929591198
1478789,613.4450048155272
1182896,456.6264052674344
1093179,306.3183687917708
1014154,138.94175982265241
1030496,37.05231077430668
1460483,96.98764634435442
1320980,71.10964374020064
1019808,188.65655127358002
1362163,314.6387695111861
1360746,269.73540607941516
1362049,197.13522892220846
1111825,193.31912139486292
1081167,197.13522892220846
1032184,710.6883177571254
1092132,307.3765308043676
1024838,405.006342921738
1015959,73.84445986896775
1494129,59.645462668427236
1030352,60.50140510508264
1255183,59.645462668427236
1087358,204.9485727884011
1441485,164.78803142581074
1292750,45.165595088189264
1187461,49.68334349508331
1219150,49.68334349508331
1192877,399.7874730227927
1256438,589.4360596251669
1480116,476.1788796713197
1218838,20.918566643974415
1404354,201.18922079720608
1127637,269.73540607941516
1196866,296.4857659094403
1471619,92.17790166898983
1342397,80.34410732504644
1320006,37.05231077430668
1350494,71.73088602528792
1437438,41.13672463208972
1058833,94.27824738536916
1244799,59.645462668427236
1439843,294.3874564635465
1019892,313.1748500801933
1219560,259.3640032840083
1462013,405.006342921738
1119683,318.15479691360036
1273171,127.66844589393827
1113566,26.139647496940537
1487073,85.19428689764571
1062422,59.645462668427236
1028047,107.76811121026505
1010820,250.1452410113728
1120927,207.58274903479523
1033949,127.66844589393827
1315041,123.40493872868458
1308393,153.7462205273739
1200879,584.7596266403834
1097184,177.54302085472833
1451230,289.79940575609317
1064428,37.05231077430668
1445895,26.139647496940537
1281062,131.73063613513636
1050958,104.2344035456528
1195326,30.856417305070458
1361791,44.09581422064965
1055072,37.05231077430668
1218586,282.00457750580074
1008508,405.011490061804
1398646,389.8577820935011
1174817,131.73063613513636
1343235,175.59710078120884
1033329,197.13522892220846
1401816,62.48025450402028
1471444,60.50140510508264
1298818,33.09541835883834
1274831,62.48025450402028
1383271,37.05231077430668
1165516,73.84445986896775
1096371,44.09581422064965
1302501,58.83306248683792
1204458,201.18922079720608
1205882,212.46227016911783
1318748,180.25557869370382
1307226,478.4608610040736
1320342,478.4608610040736
1016929,305.11912886295585
1043385,62.039650096962404
1264716,179.12442123671096
1486057,162.0171371740921
1389329,197.13522892220846
1154554,569.9175311044708
1277844,456.6264052674344
1302647,123.94830623540877
1443356,75.35736216196382
1385189,1309.7416974918403
1272811,605.661888172644
1032054,946.9573623149822
1378361,127.66844589393827
1094700,164.78803142581074
1040158,123.9134088552616
1036702,298.24134385505363
1238939,456.6264052674344
1389102,464.5777208381119
1097704,98.18999686242772
1137161,111.77141557036829
1028769,131.73063613513636
1453498,646.0979930206123
1346249,790.9233406389424
1381535,513.8581003944474
1252711,60.50140510508264
1178509,45.165595088189264
1220519,153.7462205273739
1309498,229.69115747355295
1196756,260.2285984741923
1478663,111.77141557036829
1216016,110.44300572415969
1328575,104.2344035456528
1373422,245.3727875602082
1324684,229.69115747355295
1066118,342.10059239347845
1079799,142.2945285593172
1045943,201.18922079720608
1318034,164.78803142581074
1014030,655.844186407494
1343998,466.5413610886773
1162586,245.3727875602082
1164334,158.04873692752642
1194180,162.0171371740921
1046431,108.99429086918374
1074853,22.1780454486166
1017798,45.165595088189264
1278377,37.05231077430668
1183107,152.0648134656565
1105779,334.1507796026781
1355275,197.0908889481728
1075114,138.94175982265241
1163517,257.9945301393288
1049629,229.69115747355295
1446984,500.873876406609
1166586,220.62688752313338
1308629,179.37534878276895
1054675,59.645462668427236
1209839,33.09541835883834
1350207,26.139647496940537
1294881,23.56308128170095
1104126,158.04873692752642
1234429,450.04143862223
1424027,389.8577820935011
1158324,164.78803142581074
1140085,166.94142008526637
1415642,175.59710078120884
1026843,33.09541835883834
1412237,23.56308128170095
1088888,37.05231077430668
1302670,33.09541835883834
1167285,33.09541835883834
1202378,313.1748500801933
1201369,342.10059239347845
1168750,423.01282440468475
1450862,296.4857659094403
1495450,245.3727875602082
1302378,75.35736216196382
1058173,30.333820423732597
1433596,94.27824738536916
1475741,45.165595088189264
1487792,158.04873692752642
1239569,301.93382499679456
1186923,192.7982268315772
1093013,128.46280287243357
1456302,131.73063613513636
1093145,96.98764634435442
1107714,421.7920092877635
1310662,183.11682976160276
1042342,257.26180275518556
1267957,81.24258821931583
1311445,60.50140510508264
1331177,145.07060909614802
1141860,227.83938550478956
1368559,197.34181649423078
1239403,15.757943697173394
1080487,15.757943697173394
1005418,89.0568987877406
1395407,107.51718366420707
1049721,98.18999686242772
1111071,32.791712239713746
1365299,32.791712239713746
1301300,58.83306248683792
1443046,37.05231077430668
1335563,37.05231077430668
1444198,40.447259972116804
1337536,175.59710078120884
1139384,204.9485727884011
1415610,197.13522892220846
1346982,984.0741037733518
1386899,642.7665788443229
1216902,421.7868621476975
1331312,33.346345904896324
1145318,94.46797028891713
1038082,423.01797154475076
1493498,568.1728863392055
1435344,899.49397701002
1031584,238.45630989146522
1006089,204.9485727884011
1464025,294.3874564635465
1471793,1052.4264089225367
1055918,549.9441040001311
1392002,768.6042541311351
1389536,89.0568987877406
1379284,71.10964374020064
1461580,71.73088602528792
1165506,135.41424998617074
1026662,98.18999686242772
1307597,71.10964374020064
1136626,67.41930886346482
1402463,59.645462668427236
1026490,685.393566949292
1485619,582.4776453076296
1151969,498.5918950738551
1482885,23.56308128170095
1426546,260.4795260202503
1318211,294.3874564635465
1081706,318.1599440536664
1385475,89.0568987877406
1205823,94.27824738536916
1291316,85.19428689764571
1434599,265.12524563645184
1165006,342.10059239347845
1044361,516.1400817272013
1060659,127.66844589393827
1324219,135.41424998617074
1456024,94.46797028891713
1282704,139.66590002155132
1284319,193.31912139486292
1127161,114.11678333686496
1364496,45.165595088189264
1396538,60.50140510508264
1041425,49.68334349508331
1403310,397.51199737445063
1412875,303.7158844855289
1186105,494.0577920710442
1042282,584.7596266403834
1355897,569.9175311044708
1163430,252.1964550746102
1377459,23.56308128170095
1025298,98.18999686242772
1292720,92.17790166898983
1394640,389.8577820935011
1405148,391.72277892942674
1255064,350.4253587779501
1076674,260.2285984741923
1001753,305.11912886295585
1171702,351.9849134854716
1431835,684.9073516834752
1190568,516.1400817272013
1494597,461.3233563984868
1236232,27.609025972479195
1022366,33.09541835883834
1296198,59.645462668427236
1044644,32.791712239713746
1190225,23.56308128170095
1021330,26.139647496940537
1442812,390.1197859130282
1144793,789.3172886747278
1316600,789.3172886747278
1033770,20.918566643974415
1374497,15.757943697173394
1201008,128.46280287243357
1433924,111.3739426023366
1114869,142.5454561053752
1302328,23.56308128170095
1471348,19.60898272233456
1158546,27.609025972479195
1056581,201.77833656980752
1078865,250.509338247975
1182751,342.10059239347845
1224624,73.84445986896775
1016217,78.93806157928589
1242062,60.50140510508264
1356548,60.50140510508264
1131755,65.99112413094363
1073235,37.05231077430668
1350052,37.05231077430668
1067861,40.447259972116804
1363499,32.37936089480551
1156194,587.8920996328875
1497839,405.006342921738
1362253,903.2509594774976
1127689,388.34793588643896
1131633,321.637589564569
1379641,114.11678333686496
1375547,30.333820423732597
1362483,107.51718366420707
1318787,94.46797028891713
1040504,135.41424998617074
1383355,257.26180275518556
1483664,220.59447621445366
1470238,98.18999686242772
1224754,71.10964374020064
1357578,80.34410732504644
1427610,947.339733278442
1313326,391.7176317893607
1187745,683.8008534394285
1050718,98.18999686242772
1104924,85.19428689764571
1128265,58.83306248683792
1159770,111.3739426023366
1066486,294.3874564635465
1421436,260.2285984741923
1200066,60.50140510508264
1416057,51.27050791941515
1085183,65.99112413094363
1349506,405.006342921738
1261549,567.6355497717169
1292884,470.74097737276173
1453903,26.139647496940537
1025892,28.232661064152953
1199793,111.77141557036829
1068780,166.94142008526637
1085401,197.0908889481728
1037192,94.27824738536916
1400718,85.0964335352373
1073403,142.2945285593172
1456771,104.2344035456528
1250564,187.83260286703043
1487779,65.99112413094363
1336818,94.46797028891713
1010555,75.35736216196382
1002043,404.7533617956391
1242012,397.51199737445063
1166145,158.04873692752642
1440436,738.9872266907895
1146215,728.4566098625397
1043014,334.19422889788916
1310723,37.05231077430668
1008614,107.51718366420707
1076975,67.93571707225509
1149000,250.3961685574308
1415442,461.3233563984868
1136838,450.5736280496527
1070227,197.13522892220846
1297253,289.79940575609317
1061532,297.0353323014201
1221557,1248.7165300489114
1213113,423.01282440468475
1101454,687.4799865773577
1199855,142.2945285593172
1258187,131.73063613513636
1176775,110.27081495452957
1406839,305.11912886295585
1016677,294.3874564635465
1219958,59.645462668427236
1102306,45.165595088189264
1394484,59.645462668427236
1237611,569.9175311044708
1001680,720.5882203127703
1408762,755.934003349573
1096050,23.56308128170095
1253938,32.37936089480551
1494171,27.609025972479195
1202063,250.06644564670663
1269353,229.69115747355295
1425528,388.34793588643896
1083018,186.11565078621612
1254356,136.96734742718112
1096392,141.40480892180867
1291874,191.9221074329747
1012825,162.0171371740921
1411856,214.67352562252546
1389546,85.0964335352373
1332496,58.83306248683792
1218626,471.06472372248635
1060240,541.846327536151
1051688,478.4608610040736
1070142,257.26180275518556
1261392,239.96468016607508
1206482,75.35736216196382
1205025,65.99112413094363
1414894,50.69640610044327
1201822,108.99429086918374
1065852,245.3727875602082
1010653,212.46227016911783
1393959,145.07060909614802
1238587,137.3699196254669
1410003,127.66844589393827
1420919,462.1313904107206
1247163,164.78803142581074
1494734,207.58274903479523
1421622,27.609025972479195
1076991,40.447259972116804
1455585,110.27081495452957
1199090,89.0568987877406
1417240,23.56308128170095
1252660,187.83260286703043
1251333,290.05033330215116
1353734,244.47491287917384
1107468,22.1780454486166
1173002,131.73063613513636
1329582,164.78803142581074
1144663,188.40562372752203
1107196,49.68334349508331
1144647,32.37936089480551
1161763,33.09541835883834
1091117,32.791712239713746
1327267,32.37936089480551
1214601,28.232661064152953
1136504,28.232661064152953
1221756,297.6410950332689
1394196,227.58845795873157
1376542,127.66844589393827
1377519,1300.7610891226095
1373036,946.9573623149822
1414248,586.1974367927389
1303417,44.09581422064965
1374782,111.12301505627862
1119799,92.17790166898983
1238224,450.5787751897187
1368565,462.1365375507866
1209454,946.9573623149822
1465217,107.51718366420707
1326935,104.2344035456528
1418145,179.12442123671096
1496743,1284.645515785878
1391503,646.0979930206123
1014063,903.2509594774976
1072843,127.66844589393827
1179267,111.12301505627862
1086413,260.2285984741923
1379056,313.1748500801933
1321694,201.77833656980752
1474917,98.18999686242772
1046579,73.84445986896775
1378510,107.51718366420707
1264839,687.4799865773577
1387414,705.334072473343
1011628,583.6896147522885
1361035,43.48631288946552
1288726,40.783443703447354
1063469,212.46227016911783
1153382,296.7366934554983
1437433,269.98633362547315
1448288,80.65529949362455
1001552,71.73088602528792
1375215,49.68334349508331
1257492,131.73063613513636
1112246,186.11565078621612
1484213,404.7533617956391
1427638,188.40562372752203
1327005,131.73063613513636
1315112,141.40480892180867
1354041,257.26180275518556
1388619,450.8299488426566
1284859,342.10059239347845
1123242,89.0568987877406
1093878,92.17790166898983
1201131,67.93571707225509
1134701,516.1400817272013
1351203,398.630928735342
1167481,391.7176317893607
1242087,1154.5795736994444
1492615,822.4319181539063
1200152,552.854929591198
1126912,40.783443703447354
1106260,98.18999686242772
1461252,89.0568987877406
1098918,590.199236900352
1029001,655.5622859207073
1367814,1281.23679976107
1302999,303.7158844855289
1144931,295.0446176028904
1248673,383.306046597072
1313222,1154.5795736994444
1158067,677.2770357876691
1432675,805.3112532059515
1012475,73.84445986896775
1177901,60.50140510508264
1495339,111.12301505627862
1476033,98.18999686242772
1055591,65.99112413094363
1452758,49.68334349508331
1161069,49.68334349508331
1186251,740.2225336632139
1033877,706.4432799791617
1413258,589.4360596251669
1211863,23.56308128170095
1498754,25.71927316221139
1119251,131.73063613513636
1305260,60.75233265114063
1219991,71.43886548800796
1120047,65.99112413094363
1488566,67.41930886346482
1449824,40.783443703447354
1433843,288.45878500593597
1061572,311.4340848322759
1309177,405.006342921738
1174310,153.7462205273739
1450619,152.0648134656565
1110276,73.84445986896775
1327917,123.94830623540877
1028529,259.3640032840083
1229877,123.94830623540877
1303565,44.09581422064965
1094342,65.99112413094363
1424443,51.27050791941515
1444668,389.8526349534351
1484000,353.4641581741101
1280618,616.183528781841
1480428,773.3338743638479
1455643,770.9412155716116
1285656,426.51843919045194
1372762,44.09581422064965
1432834,111.77141557036829
1237460,78.93806157928589
1295014,220.40962337106367
1244513,390.1460862534218
1385541,450.5736280496527
1035060,193.31912139486292
1121323,179.12442123671096
1085830,238.45630989146522
1462127,1052.4264089225367
1295783,377.0439565154405
1326454,646.0979930206123
1055864,123.40493872868458
1234254,108.99429086918374
1041769,81.24258821931583
1160937,162.0171371740921
1342313,388.34793588643896
1016474,342.10059239347845
1110194,51.27050791941515
1251550,51.27050791941515
1431845,62.48025450402028
1353126,549.9441040001311
1056291,680.6266776219127
1325664,583.6896147522885
1459553,26.139647496940537
1254297,33.09541835883834
1449312,32.044746901157346
1458496,166.94142008526637
1378698,265.12524563645184
1234170,326.49716454512424
1226667,158.04873692752642
1397179,123.9134088552616
1034705,107.51718366420707
1140008,177.54302085472833
1158536,98.18999686242772
1000316,176.93428206842518
1025702,62.48025450402028
1260965,98.18999686242772
1071743,78.93806157928589
1209313,390.10154249480604
1339877,389.8526349534351
1061709,257.9945301393288
1252003,429.3303902885769
1254045,311.00044655408396
1455149,136.96734742718112
1037986,26.139647496940537
1243872,73.84445986896775
1481039,60.50140510508264
1287198,136.7697574463391
1467395,260.4795260202503
1433692,250.06644564670663
1090565,252.1964550746102
1048727,201.77833656980752
1431670,250.06644564670663
1351526,646.0979930206123
1468658,239.35856061749607
1140102,269.73540607941516
1191743,65.84094859771089
1021450,51.27050791941515
1272459,33.09541835883834
1222494,40.783443703447354
1207845,26.139647496940537
1283850,297.6410950332689
1254566,457.45363721890436
1065743,353.4693053141761
1293087,15.757943697173394
1211532,152.0648134656565
1336103,197.0908889481728
1248026,191.9221074329747
1334098,85.19428689764571
1354295,71.73088602528792
1335974,33.09541835883834
1277523,37.05231077430668
1178038,60.50140510508264
1108132,42.56703956474454
1476589,49.68334349508331
1095707,37.05231077430668
1342490,289.79940575609317
1112212,377.0439565154405
1251432,259.3640032840083
1345064,60.50140510508264
1365578,78.93806157928589
1430307,33.09541835883834
1097311,27.609025972479195
1179754,33.09541835883834
1093267,104.48533109171078
1268084,110.69393327021767
1027654,71.73088602528792
1304946,135.41424998617074
1308505,179.12442123671096
1355349,164.78803142581074
1151988,111.12301505627862
1066688,104.48533109171078
1265837,20.05069109336787
1451100,22.1780454486166
1129429,15.757943697173394
1360992,62.48025450402028
1092034,318.1599440536664
1431359,240.21560771213308
1020389,45.49481683599659
1495262,32.70858264261285
1416203,158.04873692752642
1026691,180.25557869370382
1038947,191.9221074329747
1280856,28.232661064152953
1267098,15.757943697173394
1063760,15.757943697173394
1070558,15.757943697173394
1316514,282.00457750580074
1246990,98.18999686242772
1278694,403.06418331916177
1044833,797.8983186506963
1082537,478.4608610040736
1290623,334.14563246261207
1002960,37.05231077430668
1097353,92.17790166898983
1197924,67.93571707225509
1447615,297.2862598474781
1073580,334.75141369371806
1459132,611.0376843633196
1229468,71.73088602528792
1436975,89.0568987877406
1209334,142.2945285593172
1162245,642.7665788443229
1128432,307.3765308043676
1266348,510.47401064871127
1156193,62.039650096962404
1058895,57.92757598027962
1342347,40.783443703447354
1186897,98.18999686242772
1093559,139.35052008215322
1189431,73.84445986896775
1464252,58.83306248683792
1378898,37.05231077430668
1307236,59.645462668427236
1278502,387.6557107577639
1210378,397.51714451451664
1274934,298.4922714011116
1091749,30.333820423732597
1381034,23.56308128170095
1421914,22.39374657374814
1456658,192.1730349790327
1137166,240.21560771213308
1144564,239.35856061749607
1181209,60.50140510508264
1134920,37.05231077430668
1460464,40.783443703447354
1235873,111.77141557036829
1104114,164.78803142581074
1404886,289.79940575609317
1191448,104.2344035456528
1270020,104.2344035456528
1349855,123.9134088552616
1038419,186.11565078621612
1372105,141.40480892180867
1466539,45.165595088189264
1049894,51.27050791941515
1165845,49.68334349508331
1184351,265.12524563645184
1020232,188.40562372752203
1176566,265.12524563645184
1142567,607.2832400963322
1247424,404.7533617956391
1331093,227.58845795873157
1065120,32.37936089480551
1379552,51.27050791941515
1373275,45.165595088189264
1044528,112.02234311642627
1405516,250.06644564670663
1480437,259.3640032840083
1116430,57.92757598027962
1094315,62.039650096962404
1115681,111.42423279021803
1487577,769.1370821639798
1206620,326.49716454512424
1006717,468.28789663325574
1455478,127.66844589393827
1473148,135.41424998617074
1108700,108.99429086918374
1494266,104.2344035456528
1142552,260.2285984741923
1119868,229.69115747355295
1112572,45.165595088189264
1001450,51.27050791941515
1035747,468.28789663325574
1426081,432.2736861334665
1302643,389.8577820935011
1091771,20.918566643974415
1368796,30.856417305070458
1418344,152.24261946299117
1213867,186.11565078621612
1428614,269.73540607941516
1323445,111.12301505627862
1400294,94.27824738536916
1202102,153.7462205273739
1351443,153.7462205273739
1469614,326.49716454512424
1241717,49.68334349508331
1435336,59.645462668427236
1129632,33.09541835883834
1497604,353.4641581741101
1153131,303.0616945182964
1165802,141.40480892180867
1397430,1852.347590955707
1421700,1599.0640337753812
1199301,946.9573623149822
1217162,59.645462668427236
1314371,188.40562372752203
1438430,164.78803142581074
1161906,618.4906660493056
1437201,783.7413077191193
1105750,1087.4737786334417
1276479,152.0648134656565
1385089,153.7462205273739
1363114,314.38784196512813
1386434,1641.3434839248905
1009855,873.198060491948
1456556,1300.7610891226095
1362834,123.9134088552616
1397380,107.51718366420707
1148711,73.84445986896775
1425133,197.13522892220846
1406516,429.3303902885769
1410348,201.18922079720608
1080589,94.27824738536916
1257696,141.40480892180867
1197163,111.12301505627862
1492896,818.6626645196303
1390966,985.134972769879
1300869,878.0932790309215
1346062,37.05231077430668
1440801,37.05231077430668
1457400,450.5736280496527
1129511,647.529020519626
1206563,499.12923164134384
1463167,90.2169898725787
1127290,111.12301505627862
1152630,51.27050791941515
1319449,139.35052008215322
1085416,227.58845795873157
1148437,464.5777208381119
1021989,139.66590002155132
1222373,152.24261946299117
1487297,123.9134088552616
1464106,298.24134385505363
1120848,606.9899741817018
1161361,318.15479691360036
1385103,73.84445986896775
1035520,111.12301505627862
1272865,114.11678333686496
1115214,523.9682541816373
1482473,462.3933485712259
1173061,678.0505395576475
1160004,123.40493872868458
1209168,136.96734742718112
1131071,107.51718366420707
1437124,23.56308128170095
1132303,110.27081495452957
1066597,92.17790166898983
1204147,128.46280287243357
1347735,297.2862598474781
1471974,131.73063613513636
1006545,153.7462205273739
1181713,137.3699196254669
1310282,710.6883177571254
1403767,265.12524563645184
1142620,227.58845795873157
1101218,32.791712239713746
1064390,37.05231077430668
1302997,45.165595088189264
1394499,177.54302085472833
1220035,829.181110956308
1301610,605.4557701743066
1192894,136.96734742718112
1086367,143.49617934712072
1024610,145.07060909614802
1066449,32.791712239713746
1014622,20.918566643974415
1102434,58.83306248683792
1094038,73.84445986896775
1024198,70.91465757021143
1480962,429.3303902885769
1058212,461.3233563984868
1034193,342.10573953354447
1133734,870.4905644011565
1368841,762.2299604046132
1307976,584.7416583664025
1353818,32.791712239713746
1203717,70.91465757021143
1261194,62.48025450402028
1429330,514.3954369619361
1093502,467.5681381451066
1396514,805.5931536927383
1164080,123.40493872868458
1496571,135.41424998617074
1456487,260.2285984741923
1124122,805.8450584860606
1344652,456.6264052674344
1045314,607.9690254401086
1313065,65.99112413094363
1453858,49.68334349508331
1391383,85.0964335352373
1386732,160.17185853115015
1131958,111.42423279021803
1411353,58.83306248683792
1183217,40.447259972116804
1004907,49.68334349508331
1370612,494.0577920710442
1059227,722.1606528074996
1044076,642.0636383173842
1461383,15.757943697173394
1370497,22.39374657374814
1201558,405.006342921738
1009155,528.7018123144654
1108733,450.5736280496527
1067902,40.783443703447354
1182115,32.791712239713746
1275446,164.78803142581074
1303182,188.40562372752203
1347823,383.306046597072
1193439,137.3699196254669
1093068,162.0171371740921
1313752,123.9134088552616
1431000,123.9134088552616
1405764,40.783443703447354
1167876,60.50140510508264
1216873,40.447259972116804
1219158,353.4641581741101
1140986,260.2285984741923
1225887,616.183528781841
1136954,1072.4239313261794
1072381,873.198060491948
1466210,516.1400817272013
1224719,37.05231077430668
1275996,71.73088602528792
1014424,71.10964374020064
1343873,342.10573953354447
1215447,426.52358633051796
1047563,805.8450584860606
1130244,107.51718366420707
1144237,98.18999686242772
1375781,179.12442123671096
1074647,946.9573623149822
1266701,466.5413610886773
1022706,762.2299604046132
1125457,139.35052008215322
1291420,158.04873692752642
1309030,258.9661051334541
1090177,311.00044655408396
1027770,193.31912139486292
1320976,71.10964374020064
1086618,49.68334349508331
1426062,62.039650096962404
1386393,710.6883177571254
1365708,614.9889648078066
1296288,526.4198309817116
1105095,26.139647496940537
1490527,40.447259972116804
1290461,20.918566643974415
1207023,238.70723743752322
1161985,282.00457750580074
1091579,296.7366934554983
1083415,89.0568987877406
1481004,89.30782633379857
1210068,43.48631288946552
1092395,136.96734742718112
1098833,197.0908889481728
1276935,404.7533617956391
1232445,138.94175982265241
1334966,111.12301505627862
1170489,114.11678333686496
1051286,257.9945301393288
1172343,401.52632182794764
1063250,260.2285984741923
1262276,43.48631288946552
1086671,65.99112413094363
1403410,60.50140510508264
1416327,463.40606868843656
1466980,307.3765308043676
1209617,353.4641581741101
1358442,114.11678333686496
1021640,114.11678333686496
1458255,73.84445986896775
1076401,37.05231077430668
1466523,62.039650096962404
1009398,153.7462205273739
1365750,71.73088602528792
1020333,111.12301505627862
1302929,153.7462205273739
1049098,127.66844589393827
1275886,404.7533617956391
1377436,191.9221074329747
1339401,98.4409244084857
1296573,59.645462668427236
1382490,32.791712239713746
1105475,104.48533109171078
1345869,638.6255329646417
1246051,508.1920293159572
1395793,160.17185853115015
1161426,164.78803142581074
1169752,179.12442123671096
1075712,23.56308128170095
1396750,15.757943697173394
1369446,67.41930886346482
1250772,45.165595088189264
1228466,401.52632182794764
1363888,389.8526349534351
1346906,334.14563246261207
1440877,492.1257035426043
1284314,461.5546411231465
1469441,305.11912886295585
1434417,71.73088602528792
1137425,180.25557869370382
1043915,139.35052008215322
1470343,259.3640032840083
1348031,676.9951353008823
1153756,387.6557107577639
1236706,177.54302085472833
1140362,145.07060909614802
1385981,127.66844589393827
1479530,1316.0375759156225
1117421,500.873876406609
1464250,773.6385750817078
1407622,164.78803142581074
1036421,131.73063613513636
1002959,136.96734742718112
1426563,468.28789663325574
1247670,342.10059239347845
1462768,94.46797028891713
1334259,85.19428689764571
1454376,123.94830623540877
1489795,461.3233563984868
1126940,508.1920293159572
1067683,390.10668963487205
1052663,40.447259972116804
1135752,37.05231077430668
1027714,40.783443703447354
1083688,158.04873692752642
1118433,307.3765308043676
1393099,311.00044655408396
1009083,127.66844589393827
1218541,108.99429086918374
1238031,104.2344035456528
1105141,187.83260286703043
1098287,201.18922079720608
1299929,305.11912886295585
1192747,111.12301505627862
1353255,108.99429086918374
1370526,111.77141557036829
1034948,646.0979930206123
1443790,456.6264052674344
1258783,265.12524563645184
1266289,334.14563246261207
1371943,404.7533617956391
1134369,127.66844589393827
1439573,26.139647496940537
1162693,60.50140510508264
1337595,50.69640610044327
1476185,188.65655127358002
1277210,456.6264052674344
1353948,334.14563246261207
1481232,265.12524563645184
1489354,298.24134385505363
1015807,282.00457750580074
1430066,581.1345643603444
1456342,311.00044655408396
1113435,303.7158844855289
1427628,45.165595088189264
1200050,114.11678333686496
1406961,108.99429086918374
1042014,32.37936089480551
1378115,40.447259972116804
1080704,294.3874564635465
1427400,399.7926201628587
1183169,321.642736704635
1337149,15.757943697173394
1147099,15.757943697173394
1082994,15.757943697173394
1438733,127.66844589393827
1105548,193.31912139486292
1115545,153.7462205273739
1331116,51.27050791941515
1146566,59.645462668427236
1211395,71.73088602528792
1499922,33.09541835883834
1491288,313.1748500801933
1417275,456.6264052674344
1248994,288.45878500593597
1258709,1852.347590955707
1394819,1259.589965288865
1135533,318.15479691360036
1051730,49.68334349508331
1165520,107.51718366420707
1197088,90.2169898725787
1465199,568.1728863392055
1401826,652.2412944714238
1392220,1142.8357391595268
1021878,207.58274903479523
1400369,153.7462205273739
1021693,260.2285984741923
1483559,1154.5795736994444
1475544,591.2741245166496
1300625,984.0741037733518
1197565,107.51718366420707
1355784,85.19428689764571
1111727,135.41424998617074
1376997,179.12442123671096
1244359,111.12301505627862
1373136,60.50140510508264
1083651,60.50140510508264
1410171,684.9073516834752
1327045,687.2835699634901
1343053,489.8437222098504
1499459,27.609025972479195
1381205,27.609025972479195
1308369,27.609025972479195
1236789,114.36771088292294
1322057,141.65573646786666
1402380,153.9971480734319
1495133,207.58274903479523
1135723,294.3874564635465
1177453,141.40480892180867
1237932,183.11682976160276
1265825,354.1851435696782
1407678,390.1460862534218
1166219,142.2945285593172
1472113,89.0568987877406
1149680,136.7697574463391
1280831,282.00457750580074
1099376,161.19198404589054
1310205,59.645462668427236
1100532,70.91465757021143
1232899,73.84445986896775
1231600,399.7874730227927
1116674,334.14563246261207
1422960,423.01282440468475
1050205,2034.3748273535366
1416864,405.006342921738
1337366,110.27081495452957
1125197,30.856417305070458
1086371,94.27824738536916
1341997,131.98156368119436
1032394,423.01282440468475
1447457,220.40962337106367
1243007,187.83260286703043
1303301,197.13522892220846
1106702,197.13522892220846
1385548,761.9480599178264
1216801,325.64117507705777
1313139,423.01282440468475
1230530,98.18999686242772
1229440,70.91465757021143
1173475,67.41930886346482
1361085,139.35052008215322
1012153,139.35052008215322
1010245,60.50140510508264
1425334,59.645462668427236
1009825,43.48631288946552
1271945,326.49716454512424
1084568,638.6255329646417
1021535,550.5729482584442
1011457,20.918566643974415
1429661,22.1780454486166
1429395,193.31912139486292
1391550,212.46227016911783
1476176,260.2285984741923
1346514,89.0568987877406
1257642,73.84445986896775
1437428,44.09581422064965
1093473,75.35736216196382
1321968,44.09581422064965
1262804,59.645462668427236
1226903,44.09581422064965
1280458,58.83306248683792
1232919,37.05231077430668
1017140,252.1964550746102
1322867,250.509338247975
1196131,252.71739626185848
1141874,684.707431899225
1377332,643.2933866854997
1377521,220.40962337106367
1292453,34.60728634400457
1056097,62.039650096962404
1271999,40.447259972116804
1036445,188.40562372752203
1469373,298.24134385505363
1339817,313.1748500801933
1210375,398.630928735342
1041090,383.306046597072
1299861,450.5736280496527
1439928,797.8983186506963
1174553,289.79940575609317
1084641,390.1460862534218
1172007,73.84445986896775
1276111,44.09581422064965
1222758,65.84094859771089
1123142,179.12442123671096
1200813,158.04873692752642
1058764,43.48631288946552
1105638,37.05231077430668
1386900,494.0577920710442
1090223,550.5729482584442
1168500,489.8437222098504
1478388,15.757943697173394
1018488,22.1780454486166
1365428,176.93428206842518
1354563,212.46227016911783
1074154,265.12524563645184
1012293,123.94830623540877
1317898,75.35736216196382
1326234,131.73063613513636
1231970,73.84445986896775
1462420,127.66844589393827
1356535,42.56703956474454
1282500,51.27050791941515
1234238,37.05231077430668
1287568,390.10154249480604
1336390,305.11912886295585
1416376,260.2285984741923
1412072,390.1460862534218
1157631,404.7533617956391
1460512,197.13522892220846
1238865,40.447259972116804
1077300,62.039650096962404
1247292,201.18922079720608
1015227,552.854929591198
1029269,282.00457750580074
1074211,176.93428206842518
1069951,158.04873692752642
1455666,127.66844589393827
1369533,728.4566098625397
1221494,252.1964550746102
1030934,405.006342921738
1454801,57.92757598027962
1055201,176.93428206842518
1228440,128.46280287243357
1448901,40.783443703447354
1180107,40.447259972116804
1461549,229.69115747355295
1232809,318.1599440536664
1356402,260.4795260202503
1258158,27.609025972479195
1420628,22.1780454486166
1059120,98.18999686242772
1478189,136.96734742718112
1363426,104.2344035456528
1071794,58.83306248683792
1455436,104.2344035456528
1214569,80.65529949362455
1463916,153.7462205273739
1305060,43.48631288946552
1233157,58.83306248683792
1042434,32.791712239713746
1185694,311.00044655408396
1293729,334.74626655365205
1136776,192.7982268315772
1413517,687.4780410475747
1259598,587.8920996328875
1436258,250.1452410113728
1382915,32.37936089480551
1378089,71.73088602528792
1020754,180.25557869370382
1311330,313.4257776262513
1347849,303.0616945182964
1223036,114.11678333686496
1443948,123.9134088552616
1031537,111.12301505627862
1241557,699.299938344033
1080727,297.6410950332689
1304133,403.06418331916177
1376166,67.41930886346482
1040003,50.69640610044327
1169082,58.83306248683792
1186723,60.50140510508264
1038950,183.11682976160276
1004288,176.93428206842518
1307572,40.447259972116804
1286873,33.09541835883834
1141389,40.447259972116804
1031169,325.64117507705777
1182172,423.01797154475076
1025645,415.8588165395106
1109353,26.139647496940537
1310175,32.37936089480551
1241604,23.56308128170095
1149972,111.77141557036829
1119709,131.73063613513636
1016210,176.93428206842518
1143861,111.77141557036829
1448070,92.17790166898983
1180256,153.7462205273739
1028658,58.83306248683792
1385596,37.05231077430668
1224224,265.12524563645184
1321495,250.509338247975
1044081,250.06644564670663
1262088,642.7665788443229
1165396,465.6113383269906
1030700,318.15479691360036
1260150,32.37936089480551
1443457,78.93806157928589
1249975,73.84445986896775
1325306,269.98633362547315
1032733,296.7366934554983
1307045,560.2138161334647
1478238,197.0908889481728
1403904,186.11565078621612
1159996,269.73540607941516
1393212,523.9682541816373
1144115,311.4340848322759
1231616,404.7533617956391
1175049,33.09541835883834
1073731,33.09541835883834
1133318,78.93806157928589
1025446,58.83306248683792
1029180,32.791712239713746
1072871,32.791712239713746
1019252,383.306046597072
1231475,350.43050591801614
1251909,326.50231168519025
1259666,22.1780454486166
1347514,197.0908889481728
1421537,294.3874564635465
1490547,32.791712239713746
1031512,23.56308128170095
1201497,33.09541835883834
1358702,111.12301505627862
1294819,197.13522892220846
1252270,260.2285984741923
1404874,94.46797028891713
1052619,98.18999686242772
1415070,70.91465757021143
1131404,104.2344035456528
1114748,49.68334349508331
1478278,30.856417305070458
1385580,44.09581422064965
1053602,33.09541835883834
1373446,214.92445316858345
1254188,175.59710078120884
1064722,389.8526349534351
1017611,614.3853909212653
1478736,405.006342921738
1319448,314.38784196512813
1068050,26.139647496940537
1168512,58.83306248683792
1225854,57.92757598027962
1281168,259.2170326795121
1090747,391.72277892942674
1334066,523.9682541816373
1109736,128.46280287243357
1444828,123.9134088552616
1370445,180.25557869370382
1434316,468.28789663325574
1158124,342.10059239347845
1149325,492.1257035426043
1125965,62.48025450402028
1084734,65.99112413094363
1149415,152.24261946299117
1209328,94.27824738536916
1163249,49.68334349508331
1380450,33.09541835883834
1053981,40.783443703447354
1414115,391.7176317893607
1026120,307.62745835042557
1096794,314.6387695111861
1146050,188.40562372752203
1331189,239.96468016607508
1382755,258.2454576853868
1041188,32.37936089480551
1184878,26.139647496940537
1480216,107.51718366420707
1397576,139.35052008215322
1048682,259.3640032840083
1233664,104.2344035456528
1016670,94.46797028891713
1178070,162.0171371740921
1278946,161.19198404589054
1166260,110.27081495452957
1046348,32.791712239713746
1335428,45.165595088189264
1293935,297.0353323014201
1287888,197.0908889481728
1359856,252.1964550746102
1020415,683.8008534394285
1082289,461.3233563984868
1099898,303.7158844855289
1358318,37.05231077430668
1086585,107.51718366420707
1111735,81.24258821931583
1358085,298.4922714011116
1238125,405.011490061804
1035424,584.7416583664025
1356727,112.54495677784358
1329534,123.94830623540877
1099878,111.12301505627862
1268385,960.3781815223076
1209282,464.5777208381119
1245282,678.0505395576475
1288831,85.19428689764571
1425235,81.24258821931583
1383338,104.2344035456528
1217413,153.7462205273739
1476508,111.67516033627601
1391751,59.645462668427236
1331642,45.165595088189264
1031204,58.83306248683792
1466616,398.630928735342
1079710,790.9233406389424
1264375,513.8581003944474
1042616,23.56308128170095
1240964,153.9971480734319
1160082,212.71319771517582
1039277,204.9485727884011
1353139,51.27050791941515
1333671,45.165595088189264
1290071,33.09541835883834
1403753,111.12301505627862
1243092,158.04873692752642
1280359,227.58845795873157
1087974,98.18999686242772
1239630,60.50140510508264
1234605,107.51718366420707
1340890,197.0908889481728
1163887,143.49617934712072
1426026,73.84445986896775
1427154,85.0964335352373
1044017,60.50140510508264
1279847,397.51199737445063
1456120,311.4340848322759
1253370,455.72699936568034
1278810,197.0908889481728
1117394,289.79940575609317
1012670,62.48025450402028
1025188,22.39374657374814
1332233,45.165595088189264
1323407,37.05231077430668
1034869,127.91937343999619
1376226,245.3727875602082
1309756,143.49617934712072
1303248,111.12301505627862
1298371,137.3699196254669
1228447,135.41424998617074
1392600,450.5736280496527
1210989,207.58274903479523
1224929,161.19198404589054
1006863,45.165595088189264
1046576,34.60728634400457
1131373,26.139647496940537
1099601,34.60728634400457
1165145,164.78803142581074
1243449,513.8581003944474
1272532,404.7585089357051
1038824,111.77141557036829
1274071,131.73063613513636
1035671,153.7462205273739
1143118,37.05231077430668
1284066,23.56308128170095
1346299,32.37936089480551
1019250,30.856417305070458
1148436,40.447259972116804
1002446,32.791712239713746
1367571,404.7533617956391
1430226,478.4608610040736
1459893,342.10059239347845
1435663,462.3933485712259
1145434,388.34793588643896
1165874,139.35052008215322
1480615,43.48631288946552
1465173,94.71889783497511
1377131,127.91937343999619
1499074,145.07060909614802
1458855,49.68334349508331
1264284,45.165595088189264
1380981,71.73088602528792
1408379,569.9175311044708
1355328,238.45630989146522
1046966,353.4641581741101
1406927,67.41930886346482
1049031,43.48631288946552
1404257,94.46797028891713
1355175,207.58274903479523
1107709,175.59710078120884
1449044,40.447259972116804
1347707,34.60728634400457
1121174,42.56703956474454
1117633,313.1748500801933
1242523,326.50231168519025
1415856,260.4795260202503
1449012,22.39374657374814
1027293,75.35736216196382
1409385,107.51718366420707
1302226,153.7462205273739
1454173,58.83306248683792
1055319,62.48025450402028
1104911,131.73063613513636
1073327,111.12301505627862
1247615,158.04873692752642
1081843,37.05231077430668
1085992,49.68334349508331
1114342,37.05231077430668
1181597,197.13522892220846
1109296,127.66844589393827
1275019,111.65760982073394
1414111,432.2685389934005
1410252,455.72699936568034
1023485,298.24134385505363
1008417,37.05231077430668
1228962,111.77141557036829
1255627,60.50140510508264
1228545,179.12442123671096
1291262,294.3874564635465
1122503,296.4857659094403
1456341,158.04873692752642
1075103,158.04873692752642
1194241,197.0908889481728
1447660,784.023208205906
1384680,294.3874564635465
1073552,398.630928735342
1004768,51.27050791941515
1143648,49.68334349508331
1187892,62.039650096962404
1107358,128.46280287243357
1156352,104.2344035456528
1133290,45.165595088189264
1341616,49.68334349508331
1415018,58.83306248683792
1267108,334.74626655365205
1360251,513.8581003944474
1044036,423.01797154475076
1231149,26.139647496940537
1030937,123.40493872868458
1436012,192.7982268315772
1092893,227.58845795873157
1026836,70.91465757021143
1311633,78.93806157928589
1026271,94.46797028891713
1367333,98.18999686242772
1087697,158.04873692752642
1402406,59.645462668427236
1007970,78.93806157928589
1110234,60.50140510508264
1042031,294.3874564635465
1354819,313.1748500801933
1088259,289.79940575609317
1085852,282.00457750580074
1468989,334.14563246261207
1403733,107.51718366420707
1344775,25.97020070826938
1442285,85.19428689764571
1250784,51.27050791941515
1408134,184.93322840211732
1323039,388.34793588643896
1066138,227.58845795873157
1256418,180.25557869370382
1077102,260.2285984741923
1061292,238.81836432014148
1077010,647.529020519626
1477799,250.06644564670663
1146321,297.6410950332689
1086118,51.27050791941515
1329979,60.50140510508264
1108620,176.93428206842518
1314338,457.45363721890436
1277718,377.04910365550654
1020303,15.757943697173394
1376133,127.24431800615683
1451917,145.07060909614802
1037515,123.40493872868458
1095876,45.165595088189264
1484068,49.68334349508331
1418055,27.609025972479195
1189836,44.09581422064965
1196248,42.56703956474454
1064741,40.447259972116804
1476995,33.09541835883834
1489210,289.79940575609317
1105338,342.10059239347845
1209310,390.10154249480604
1193672,398.630928735342
1015109,313.1748500801933
1451337,152.24261946299117
1070810,32.791712239713746
1252731,90.2169898725787
1337324,65.84094859771089
1464476,110.52174250058755
1325073,265.12524563645184
1476644,162.0171371740921
1471167,136.96734742718112
1177828,123.94830623540877
1012132,164.78803142581074
1457332,805.8450584860606
1420723,239.35856061749607
1379716,353.4641581741101
1461586,15.557220209670701
1014910,15.557220209670701
1062544,65.84094859771089
1228539,164.78803142581074
1315305,123.94830623540877
1171787,45.165595088189264
1320329,40.447259972116804
1378417,58.83306248683792
1352952,250.06644564670663
1422386,608.8272000886116
1203825,582.4596770336486
1498811,22.1780454486166
1389677,220.40962337106367
1458614,220.40962337106367
1394090,73.84445986896775
1074370,98.18999686242772
1258772,78.93806157928589
1207443,114.11678333686496
1135503,67.41930886346482
1417871,98.18999686242772
1190598,67.41930886346482
1397164,325.64117507705777
1184400,429.3303902885769
1002018,245.3727875602082
1382148,762.2299604046132
1381389,738.9872266907895
1487211,245.3727875602082
1007065,40.447259972116804
1339580,94.27824738536916
1409201,78.93806157928589
1472746,191.9221074329747
1102375,303.96681203158687
1473267,391.7176317893607
1048698,135.41424998617074
1379561,164.78803142581074
1301623,193.31912139486292
1014278,773.6385750817078
1330464,388.34793588643896
1342395,455.72699936568034
1375806,80.65529949362455
1096741,166.94142008526637
1041615,350.4253587779501
1342423,269.73540607941516
1059627,45.165595088189264
1409682,51.27050791941515
1059549,49.68334349508331
1210915,405.006342921738
1450042,405.011490061804
1210149,461.59920098329786
1179255,40.783443703447354
1101161,23.56308128170095
1268053,111.12301505627862
1352488,127.66844589393827
1221355,220.40962337106367
1067239,111.42423279021803
1111111,107.51718366420707
1313652,104.2344035456528
1480871,204.9485727884011
1422291,197.0908889481728
1179933,390.1460862534218
1274357,40.783443703447354
1298823,58.83306248683792
1046935,40.447259972116804
1016063,462.04979928476877
1455416,318.15479691360036
1313904,250.06644564670663
1428093,1300.7610891226095
1198610,1149.9618275012292
1157707,541.846327536151
1189918,40.783443703447354
1174307,142.2945285593172
1000187,123.9134088552616
1342306,616.6925281887299
1318282,684.6254511966885
1270201,1087.4737786334417
1280808,229.69115747355295
1150862,214.67352562252546
1021413,350.4253587779501
1094162,1087.4737786334417
1118654,762.2299604046132
1429684,822.4319181539063
1190688,89.0568987877406
1426016,65.99112413094363
1009331,71.10964374020064
1404482,162.0171371740921
1320186,111.42423279021803
1485305,58.83306248683792
1320053,70.91465757021143
1276724,728.4566098625397
1216781,827.786289358128
1403279,780.2340067968843
1269402,478.4608610040736
1367021,457.9909737863931
1371505,455.72699936568034
1330348,45.165595088189264
1103851,50.69640610044327
1077092,42.56703956474454
1339617,197.0908889481728
1110478,250.06644564670663
1228645,390.1460862534218
1170029,145.29757198979337
1192549,141.40480892180867
1176563,104.2344035456528
1413110,138.94175982265241
1435293,220.62688752313338
1113104,158.04873692752642
1029982,49.68334349508331
1387250,65.99112413094363
1188932,59.645462668427236
1067502,528.7018123144654
1372355,252.1964550746102
1010398,738.9872266907895
1002774,510.47401064871127
1300715,462.3933485712259
1034963,153.7462205273739
1450299,23.56308128170095
1101152,60.50140510508264
1225707,62.039650096962404
1280976,152.0648134656565
1272924,298.4922714011116
1157862,265.12524563645184
1308727,70.91465757021143
1396355,107.51718366420707
1319853,94.27824738536916
1025693,643.2933866854997
1174284,260.2285984741923
1127315,390.1460862534218
1365949,60.50140510508264
1217224,73.84445986896775
1380028,59.645462668427236
1171896,136.7697574463391
1232711,311.00044655408396
1101191,289.79940575609317
1261322,45.49481683599659
1015454,37.05231077430668
1496729,37.05231077430668
1388842,326.49716454512424
1241413,313.4257776262513
1427406,305.37005640901384
1221106,33.09541835883834
1140020,22.39374657374814
1229693,104.2344035456528
1251379,110.27081495452957
1376260,175.59710078120884
1156319,85.0964335352373
1228144,58.83306248683792
1014899,73.84445986896775
1431873,164.78803142581074
1020355,107.51718366420707
1430423,152.24261946299117
1457210,40.783443703447354
1406481,59.645462668427236
1220988,49.68334349508331
1290134,297.0353323014201
1415673,204.9485727884011
1263946,175.59710078120884
1157662,265.12524563645184
1342442,244.22398533311585
1372892,136.96734742718112
1444251,142.2945285593172
1084196,111.77141557036829
1336601,289.79940575609317
1046867,552.854929591198
1101521,295.7980600019056
1236459,164.78803142581074
1145992,191.9221074329747
1338064,229.69115747355295
1050100,1026.255125904989
1220899,390.1197859130282
1498515,390.10154249480604
1056902,15.757943697173394
1377760,22.1780454486166
1267745,71.73088602528792
1132536,51.27050791941515
1362590,49.68334349508331
1069068,229.69115747355295
1021121,1092.876771363029
1487401,790.9233406389424
1084470,220.62688752313338
1295002,204.9485727884011
1445770,244.22398533311585
1102502,42.56703956474454
1084519,32.791712239713746
1263659,62.039650096962404
1279234,65.84094859771089
1460038,98.18999686242772
1449879,60.50140510508264
1352135,405.006342921738
1210368,516.1400817272013
1331126,699.7177774605515
1112151,531.5223363082393
1441960,581.2125988722455
1145346,305.11912886295585
1258825,44.09581422064965
1207668,107.51718366420707
1383149,254.6981049735426
1343838,494.0577920710442
1439672,468.28789663325574
1184574,311.00044655408396
1023277,342.10059239347845
1248368,313.1748500801933
1227706,818.6626645196303
1479882,415.8536693994446
1337785,500.873876406609
1004906,62.039650096962404
1174598,191.9221074329747
1051295,183.11682976160276
1017785,62.48025450402028
1310192,42.56703956474454
1028507,60.50140510508264
1373044,390.1460862534218
1304053,470.74097737276173
1448738,461.59920098329786
1071840,25.747795365433614
1313954,22.1780454486166
1309908,191.9221074329747
1342142,303.7158844855289
1473460,250.1452410113728
1370089,114.11678333686496
1004343,111.77141557036829
1222106,94.46797028891713
1002928,115.12054605747885
1058873,152.0648134656565
1044864,220.40962337106367
1486442,57.92757598027962
1425021,43.48631288946552
1008397,405.006342921738
1391911,464.5777208381119
1182013,313.1748500801933
1165663,584.7596266403834
1223006,513.374806066422
1206804,307.3765308043676
1027745,27.609025972479195
1314357,89.0568987877406
1288466,70.91465757021143
1358293,239.06929186619948
1489205,301.47986530546865
1133029,513.374806066422
1341287,94.46797028891713
1015315,78.93806157928589
1218770,145.07060909614802
1011342,584.7596266403834
1386993,307.3765308043676
1207436,399.7926201628587
1188771,40.447259972116804
1205146,96.98764634435442
1154191,114.11678333686496
1138460,65.99112413094363
1039828,37.05231077430668
1255252,32.791712239713746
1481540,403.06418331916177
1211453,334.1507796026781
1431576,305.37005640901384
1335487,20.918566643974415
1214871,25.747795365433614
1014275,175.84802832726683
1298741,175.59710078120884
1404202,207.58274903479523
1338188,45.165595088189264
1280709,40.447259972116804
1165109,42.56703956474454
1476298,89.0568987877406
1199618,110.44300572415969
1285808,229.69115747355295
1011785,90.2169898725787
1387575,85.0964335352373
1038249,123.40493872868458
1011495,89.0568987877406
1295212,37.05231077430668
1336050,45.165595088189264
1428648,40.783443703447354
1194854,252.1964550746102
1474301,197.13522892220846
1095188,313.1748500801933
1140825,821.0370965557263
1012491,642.7665788443229
1497644,301.22893775941066
1151991,60.50140510508264
1315803,62.039650096962404
1233071,388.353083026505
1435116,465.61648546705663
1266694,702.7579344090778
1418807,197.0908889481728
1067946,207.58274903479523
1315882,257.26180275518556
1244420,699.299938344033
1239651,513.374806066422
1139412,587.8920996328875
1086494,37.05231077430668
1454318,59.645462668427236
1451628,73.84445986896775
1425203,58.83306248683792
1035969,41.13672463208972
1378876,43.48631288946552
1219684,32.37936089480551
1036703,616.183528781841
1254847,680.6266776219127
1367168,587.127720105031
1472953,19.60898272233456
1245301,19.60898272233456
1447359,114.36771088292294
1068290,164.78803142581074
1028432,58.83306248683792
1293894,42.56703956474454
1319514,49.68334349508331
1421014,188.40562372752203
1043326,269.73540607941516
1115177,313.1748500801933
1492822,90.2169898725787
1432265,65.84094859771089
1231740,73.84445986896775
1099596,85.0964335352373
1159070,44.09581422064965
1162208,33.09541835883834
1496945,25.747795365433614
1118760,415.8536693994446
1003526,269.73540607941516
1416907,678.0505395576475
1297011,1871.8226425728078
1428408,1295.9914553680217
1410693,773.6385750817078
1200410,58.83306248683792
1012549,111.65760982073394
1232566,98.18999686242772
1376393,548.1994592348659
1376744,583.4417016278089
1097535,1078.7808014243674
1408804,111.77141557036829
1057605,141.40480892180867
1463699,252.1964550746102
1115966,1309.7416974918403
1381909,710.6883177571254
1347530,1052.4264089225367
1081570,179.12442123671096
1073718,187.83260286703043
1258520,94.46797028891713
1244035,260.2285984741923
1199619,405.006342921738
1181360,289.79940575609317
1438920,78.93806157928589
1245281,107.51718366420707
1043910,773.6385750817078
1264747,812.3635725640489
1046474,812.34234649514
1138104,45.165595088189264
1493956,62.039650096962404
1311461,32.37936089480551
1418312,260.4795260202503
1321027,462.04979928476877
1281767,582.9970136011373
1431943,135.41424998617074
1337912,89.0568987877406
1212536,94.27824738536916
1499629,201.18922079720608
1183617,245.3727875602082
1023943,614.3853909212653
1374112,201.77833656980752
1401086,197.0908889481728
1112152,183.11682976160276
1078963,294.3874564635465
1440398,510.47401064871127
1345916,342.10059239347845
1059854,60.50140510508264
1191834,98.18999686242772
1444602,80.34410732504644
1353033,531.5223363082393
1480966,423.01282440468475
1271162,586.1974367927389
1022214,2042.7860520904535
1322521,1651.1945877775909
1451871,586.1974367927389
1216122,49.68334349508331
1370092,153.7462205273739
1419779,127.66844589393827
1217665,684.6254511966885
1450493,699.0180378572462
1172413,1316.0375759156225
1428154,192.7982268315772
1402384,197.0908889481728
1376519,353.4641581741101
1304828,1261.3528674995955
1050874,728.4566098625397
1191531,984.0741037733518
1334827,127.66844589393827
1074290,94.46797028891713
1399635,94.46797028891713
1437531,220.62688752313338
1447746,161.19198404589054
1286648,92.17790166898983
1471256,65.99112413094363
1111125,89.0568987877406
1280472,870.4905644011565
1405202,789.3172886747278
1412855,683.2912792046767
1255011,42.56703956474454
1444429,45.165595088189264
1431689,32.791712239713746
1057013,179.37534878276895
1062879,239.60948816355406
1475701,265.12524563645184
1283397,166.94142008526637
1379872,139.35052008215322
1270313,107.51718366420707
1468982,204.9485727884011
1480847,353.4641581741101
1445130,552.854929591198
1122641,197.0908889481728
1039587,188.40562372752203
1343012,123.40493872868458
1077222,214.67352562252546
1274961,390.1197859130282
1175881,303.7158844855289
1365452,62.039650096962404
1369894,108.99429086918374
1340262,67.41930886346482
1016428,466.5413610886773
1462301,384.783701678737
1488572,586.1974367927389
1347909,260.2285984741923
1085203,227.58845795873157
1052223,138.94175982265241
1222718,131.73063613513636
1253183,75.35736216196382
1210461,139.60144762821122
1449409,342.10059239347845
1229870,250.1452410113728
1238139,158.04873692752642
1112819,145.07060909614802
1498591,803.5587002702547
1412257,298.24134385505363
1443612,313.1748500801933
1143336,27.609025972479195
1022823,25.747795365433614
1237795,75.35736216196382
1400097,50.69640610044327
1118613,59.645462668427236
1425005,51.27050791941515
1010680,269.73540607941516
1136512,902.9964127323452
1321775,696.2150136524161
1439583,145.07060909614802
1150078,161.19198404589054
1238367,191.9221074329747
1052769,43.48631288946552
1060114,42.081944577309486
1265100,49.68334349508331
1307344,45.165595088189264
1455678,59.645462668427236
1344579,94.27824738536916
1011086,62.48025450402028
1028198,405.006342921738
1064176,500.873876406609
1219223,377.0439565154405
1182935,342.10059239347845
1323652,350.4253587779501
1021705,177.54302085472833
1166342,27.609025972479195
1041932,104.2344035456528
1278141,57.92757598027962
1083324,127.91937343999619
1128618,201.77833656980752
1012488,153.7462205273739
1166709,107.51718366420707
1145228,114.11678333686496
1120213,586.1974367927389
1220509,220.59447621445366
1268931,183.11682976160276
1469555,22.1780454486166
1074239,81.24258821931583
1222461,71.10964374020064
1408874,32.044746901157346
1142667,37.05231077430668
1006214,220.62688752313338
1052051,608.8272000886116
1398603,521.6862728488835
1335959,104.2344035456528
1458865,111.77141557036829
1026960,145.07060909614802
1179700,60.50140510508264
1162651,44.09581422064965
1427076,49.68334349508331
1119155,27.609025972479195
1379147,43.48631288946552
1017987,43.48631288946552
1289441,49.68334349508331
1137331,40.783443703447354
1214021,303.7158844855289
1174671,384.783701678737
1461201,239.35856061749607
1398303,112.54495677784358
1367089,110.27081495452957
1256674,49.68334349508331
1199333,28.232661064152953
1254323,128.71373041849156
1438074,110.52174250058755
1344297,70.91465757021143
1185356,107.51718366420707
1480365,111.12301505627862
1234957,114.11678333686496
1215113,252.1964550746102
1025390,161.44291159194853
1049389,153.7462205273739
1008860,22.1780454486166
1016268,23.56308128170095
1342540,26.139647496940537
1217742,20.05069109336787
1310874,71.73088602528792
1061134,326.50231168519025
1234303,311.6850123783339
1059861,15.757943697173394
1133468,30.333820423732597
1097908,114.11678333686496
1060435,139.35052008215322
1067572,164.78803142581074
1399894,27.609025972479195
1251454,23.56308128170095
1451676,62.48025450402028
1482243,32.791712239713746
1044549,201.18922079720608
1452199,94.27824738536916
1144351,415.8536693994446
1161571,1142.8357391595268
1245748,946.9573623149822
1038351,478.4608610040736
1438548,32.791712239713746
1038899,81.24258821931583
1257054,353.4693053141761
1234568,390.1512333934878
1068382,687.4799865773577
1179351,145.07060909614802
1466438,158.04873692752642
1035017,269.73540607941516
1130037,805.5931536927383
1140942,500.873876406609
1296093,616.6925281887299
1284992,59.645462668427236
1479107,40.447259972116804
1310017,123.9134088552616
1235880,220.62688752313338
1170505,112.02234311642627
1303906,60.50140510508264
1450217,42.081944577309486
1474709,49.68334349508331
1319063,584.7596266403834
1113253,679.8531738519342
1415791,567.6355497717169
1184610,23.56308128170095
1349187,25.747795365433614
1275358,135.41424998617074
1098663,145.07060909614802
1220959,165.03895897186874
1027500,62.48025450402028
1479989,40.783443703447354
1485800,60.50140510508264
1166204,188.40562372752203
1321628,250.1452410113728
1382323,390.10154249480604
1445659,141.40480892180867
1363337,141.40480892180867
1343554,94.46797028891713
1396212,158.04873692752642
1261211,303.7158844855289
1197475,161.19198404589054
1014814,51.27050791941515
1058775,60.50140510508264
1328757,342.10059239347845
1140301,289.79940575609317
1282209,531.5223363082393
1146752,677.2770357876691
1442651,389.8526349534351
1456596,238.45630989146522
1144878,37.05231077430668
1272485,89.84260814992952
1185809,67.92089671217595
1157763,326.50231168519025
1116511,353.4693053141761
1209870,523.9682541816373
1113723,107.51718366420707
1099468,78.93806157928589
1336292,128.46280287243357
1156318,614.3853909212653
1029010,306.3183687917708
1439153,514.1445094158781
1314559,94.27824738536916
1220168,115.37147360353683
1022520,80.34410732504644
1187105,40.783443703447354
1426235,49.68334349508331
1337721,70.91465757021143
1154373,378.97726216144144
1110111,303.96681203158687
1476894,212.71319771517582
1033712,25.747795365433614
1287693,27.609025972479195
1133560,104.2344035456528
1454309,177.79394840078632
1078557,158.04873692752642
1288182,107.51718366420707
1382330,115.12054605747885
1065959,51.27050791941515
1037450,110.44300572415969
1476614,229.69115747355295
1393195,238.45630989146522
1377502,89.0568987877406
1038259,89.0568987877406
1060062,60.50140510508264
1070288,123.9134088552616
1114802,187.83260286703043
1436867,123.9134088552616
1379819,90.2169898725787
1009706,62.039650096962404
1368507,191.9221074329747
1101879,161.19198404589054
1102835,186.11565078621612
1486989,1314.338507640101
1368489,900.175566102047
1017840,492.1257035426043
1348427,28.232661064152953
1124985,94.27824738536916
1392976,98.18999686242772
1306068,390.10668963487205
1015283,499.12923164134384
1303490,805.6143797616472
1220929,94.46797028891713
1095880,107.51718366420707
1243385,164.78803142581074
1397343,1026.255125904989
1237369,541.846327536151
1090286,740.2225336632139
1138081,71.73088602528792
1449096,73.84445986896775
1203267,153.7462205273739
1366456,245.3727875602082
1494238,153.7462205273739
1029262,85.0964335352373
1496731,45.165595088189264
1284339,541.846327536151
1423953,550.5729482584442
1024722,453.7358647679763
1481106,28.232661064152953
1421779,34.60728634400457
1352223,25.747795365433614
1393402,197.0908889481728
1433357,306.5692963378288
1266900,302.18475254285255
1489761,45.165595088189264
1261209,44.09581422064965
1361332,33.09541835883834
1189301,153.7462205273739
1151371,186.11565078621612
1354092,350.4253587779501
1454122,123.40493872868458
1393161,110.27081495452957
1060096,114.11678333686496
1392558,252.1964550746102
1001732,303.7158844855289
1197558,197.13522892220846
1278126,44.09581422064965
1058809,73.84445986896775
1186000,58.83306248683792
1103916,377.0439565154405
1427474,307.3765308043676
1140198,318.15479691360036
1000259,297.0353323014201
1244589,220.40962337106367
1181187,123.40493872868458
1410710,37.05231077430668
1213578,142.2945285593172
1394387,114.11678333686496
1109580,131.73063613513636
1191686,294.6383840096045
1165523,161.19198404589054
1018734,179.12442123671096
1384724,186.11565078621612
1343596,161.19198404589054
1260186,821.0370965557263
1304941,238.45630989146522
1099076,313.1748500801933
1319873,27.609025972479195
1152002,20.918566643974415
1358467,25.71927316221139
1410651,37.05231077430668
1110968,94.52917493142714
1288751,80.65529949362455
1027386,42.081944577309486
1282178,45.165595088189264
1170610,58.83306248683792
1319455,188.40562372752203
1365356,679.8531738519342
1496220,669.1801248087511
1478163,19.60898272233456
1223865,111.12301505627862
1123698,179.12442123671096
1176259,192.7982268315772
1225808,59.645462668427236
1154154,44.09581422064965
1131039,62.48025450402028
1166112,45.165595088189264
1320612,71.73088602528792
1189106,51.27050791941515
1085459,85.19428689764571
1376960,60.50140510508264
1142743,342.10059239347845
1180975,516.1400817272013
1325950,250.509338247975
1490788,390.1460862534218
1140043,415.8536693994446
1332302,153.7462205273739
1096751,34.60728634400457
1194289,71.73088602528792
1393706,51.27050791941515
1165972,104.48533109171078
1009271,153.7462205273739
1061618,192.7982268315772
1384048,67.41930886346482
1362799,78.93806157928589
1294741,89.0568987877406
1086077,784.023208205906
1311575,294.3874564635465
1145973,404.7533617956391
1395057,78.93806157928589
1313483,75.35736216196382
1067885,58.83306248683792
1409690,177.54302085472833
1115066,311.00044655408396
1479423,250.06644564670663
1412869,60.50140510508264
1224761,40.447259972116804
1412050,59.645462668427236
1499647,353.4641581741101
1283680,470.74097737276173
1215485,404.7585089357051
1357170,23.56308128170095
1278322,44.09581422064965
1401883,20.05069109336787
1248961,107.51718366420707
1236313,131.73063613513636
1175091,187.83260286703043
1055999,94.46797028891713
1127793,71.73088602528792
1029950,139.35052008215322
1302076,136.96734742718112
1365136,164.78803142581074
1414357,45.165595088189264
1237820,60.50140510508264
1432803,45.165595088189264
1284324,301.22893775941066
1170956,294.3874564635465
1276537,227.58845795873157
1384893,244.22398533311585
1117763,204.9485727884011
1208718,75.35736216196382
1027462,28.232661064152953
1018552,110.44300572415969
1046677,65.99112413094363
1363181,192.1730349790327
1349629,429.3303902885769
1394082,260.2285984741923
1106562,227.58845795873157
1455589,204.9485727884011
1287051,180.25557869370382
1314839,693.3569751013642
1166553,388.34793588643896
1084654,314.38784196512813
1020212,23.56308128170095
1412950,27.609025972479195
1276636,80.34410732504644
1468217,73.84445986896775
1174079,37.05231077430668
1313487,37.05231077430668
1488686,32.791712239713746
1094443,238.45630989146522
1350187,582.6785243526238
1236784,521.6862728488835
1473799,15.757943697173394
1158244,123.40493872868458
1134075,152.24261946299117
1268433,123.9134088552616
1040229,42.56703956474454
1459297,32.791712239713746
1133119,28.232661064152953
1171397,49.68334349508331
1456419,37.05231077430668
1019974,49.68334349508331
1087561,43.48631288946552
1212269,404.760562515746
1101704,616.183528781841
1202252,319.8832332044032
1039269,1441.3972557097213
1077204,900.175566102047
1281620,702.7579344090778
1248159,124.16433640131957
1259615,314.38784196512813
1368165,229.69115747355295
1044893,676.9951353008823
1479002,947.5906608245
1169109,1337.6388094327958
1416683,220.62688752313338
1152295,160.17185853115015
1497570,238.45630989146522
1051717,1851.828461791157
1360988,1094.84106463691
1033512,1459.99181132629
1070940,250.06644564670663
1387675,297.0353323014201
1280308,197.0908889481728
1312899,301.93382499679456
1030517,423.01282440468475
1230721,204.9485727884011
1379341,186.11565078621612
1310857,139.35052008215322
1145669,193.31912139486292
1448045,908.1207903913346
1399880,895.966304481076
1277874,618.2423648229308
1175687,73.84445986896775
1271245,32.791712239713746
1431405,62.48025450402028
1013079,342.10573953354447
1022695,622.9345466831726
1053367,551.1102848259328
1133154,71.10964374020064
1486084,85.19428689764571
1259677,33.09541835883834
1284400,245.3727875602082
1459875,404.7533617956391
1436130,569.9175311044708
1119175,201.77833656980752
1054274,197.0908889481728
1362180,197.13522892220846
1006812,351.9849134854716
1197105,614.3853909212653
1407386,423.01282440468475
1436480,186.11565078621612
1449481,252.1964550746102
1199727,188.40562372752203
1387510,822.4319181539063
1010322,643.2933866854997
1114835,569.9175311044708
1315294,586.1974367927389
1347977,450.8299488426566
1020443,296.4857659094403
1073586,27.609025972479195
1252414,81.24258821931583
1256432,60.50140510508264
1483205,398.63607587540804
1119877,423.01797154475076
1113981,613.4450048155272
1135082,389.8526349534351
1488789,282.00457750580074
1147171,318.15479691360036
1402916,569.9175311044708
1292161,510.47401064871127
1242985,584.7416583664025
1321783,51.27050791941515
1241472,81.24258821931583
1251058,59.645462668427236
1450588,25.747795365433614
1409084,33.09541835883834
1228425,622.9345466831726
1465746,491.7758107382903
1387365,476.1788796713197
1259885,20.05069109336787
1314218,104.48533109171078
1499434,128.71373041849156
1205825,162.2680647201501
1201097,89.0568987877406
1215049,107.51718366420707
1414563,85.19428689764571
1371908,238.45630989146522
1171282,423.01282440468475
1227184,314.38784196512813
1197503,104.2344035456528
1239490,111.12301505627862
1097524,71.73088602528792
1461607,51.27050791941515
1365702,37.05231077430668
1012906,32.37936089480551
1012078,49.68334349508331
1389080,40.783443703447354
1032631,500.873876406609
1489207,311.00044655408396
1337131,584.7416583664025
1029910,818.6626645196303
1430031,740.2225336632139
1283025,399.7874730227927
1165027,26.139647496940537
1440018,104.2344035456528
1158456,107.51718366420707
1285597,342.10573953354447
1316448,415.8588165395106
1061646,693.638875588151
1031293,164.78803142581074
1488101,188.40562372752203
1073802,229.69115747355295
1361654,762.2299604046132
1272308,616.183528781841
1485680,586.1974367927389
1005877,25.747795365433614
1451554,22.1780454486166
1159245,32.791712239713746
1444521,45.165595088189264
1469869,73.84445986896775
1225464,58.83306248683792
1407934,33.09541835883834
1305028,32.37936089480551
1042129,678.0505395576475
1034545,777.8413480046479
1413444,722.1606528074996
1066882,15.757943697173394
1152169,112.54495677784358
1307675,131.98156368119436
1488555,135.66517753222874
1059414,59.645462668427236
1189218,51.27050791941515
1320171,71.73088602528792
1146016,180.25557869370382
1136398,269.73540607941516
1059505,311.00044655408396
1293366,94.27824738536916
1182802,110.86108483773738
1253115,58.83306248683792
1159178,85.19428689764571
1446058,110.27081495452957
1064794,59.645462668427236
1141553,32.37936089480551
1006695,37.05231077430668
1272585,37.05231077430668
1070762,587.8920996328875
1106209,458.9362941584192
1102625,768.8011784574483
1460117,2017.7777848412825
1168450,1477.4232576406198
1174472,908.1207903913346
1091126,85.19428689764571
1327692,289.79940575609317
1369944,265.12524563645184
1076195,805.3324792748605
1230370,952.8606507230397
1219857,1309.7416974918403
1392774,245.3727875602082
1490074,259.3640032840083
1142707,450.5736280496527
1256335,2058.8692722521882
1022752,1026.837350923508
1199404,1462.2757869053848
1089782,115.12054605747885
1012275,96.98764634435442
1108032,89.0568987877406
1376737,138.94175982265241
1095976,378.97726216144144
1459794,164.78803142581074
1336320,98.18999686242772
1141097,123.9134088552616
1173016,123.9134088552616
1062590,984.0741037733518
1494011,1647.110557394833
1290319,1475.6145678183793
1255521,40.447259972116804
1323579,40.783443703447354
1118887,37.05231077430668
1020945,614.3853909212653
1208235,881.3329780496023
1241695,773.6385750817078
1001480,127.66844589393827
1179178,158.04873692752642
1356902,111.12301505627862
1108487,311.00044655408396
1123371,389.8526349534351
1115630,642.7665788443229
1494723,177.54302085472833
1276791,152.24261946299117
1264964,295.7980600019056
1339935,455.72699936568034
1142372,301.22893775941066
1456131,85.19428689764571
1376618,139.35052008215322
1460120,111.12301505627862
1180767,773.3338743638479
1298827,622.9345466831726
1373829,1248.7165300489114
1289790,805.8450584860606
1000845,710.6883177571254
1175552,294.3874564635465
1034495,37.05231077430668
1095641,85.19428689764571
1116171,73.84445986896775
1045651,191.9221074329747
1494879,318.15479691360036
1340094,397.51199737445063
1380047,184.93322840211732
1451824,220.40962337106367
1118019,282.00457750580074
1319044,1328.8533958593316
1083302,404.7533617956391
1006498,607.2832400963322
1044635,123.9134088552616
1191040,104.2344035456528
1046701,80.65529949362455
1271141,141.40480892180867
1064573,513.374806066422
1221491,429.3303902885769
1296974,58.83306248683792
1047082,58.83306248683792
1123740,614.3853909212653
1166878,898.6127647977653
1261158,825.411857322032
1372710,26.139647496940537
1414865,40.783443703447354
1343421,23.56308128170095
1339455,207.58274903479523
1284344,257.9945301393288
1331011,450.5736280496527
1316044,164.78803142581074
1417012,127.66844589393827
1335062,123.9134088552616
1479042,207.58274903479523
1281399,164.78803142581074
1445942,260.2285984741923
1426027,57.92757598027962
1103454,89.0568987877406
1354917,62.48025450402028
1181945,429.3303902885769
1068392,415.8536693994446
1094413,389.8526349534351
1133590,257.26180275518556
1198539,301.93382499679456
1228516,123.9134088552616
1470418,37.05231077430668
1282233,158.04873692752642
1119341,145.07060909614802
1350163,137.3699196254669
1446868,311.00044655408396
1117788,197.13522892220846
1084785,136.96734742718112
1027170,179.12442123671096
1256383,805.8450584860606
1111687,384.783701678737
1161810,303.0616945182964
1108175,19.60898272233456
1291832,26.139647496940537
1363596,70.91465757021143
1344083,45.165595088189264
1165848,44.09581422064965
1167386,62.48025450402028
1488976,51.27050791941515
1110700,269.73540607941516
1180580,941.8329846559928
1032181,693.0039812889928
1297855,15.757943697173394
1273681,20.918566643974415
1013479,188.40562372752203
1195397,186.11565078621612
1238309,245.3727875602082
1170347,27.609025972479195
1253863,25.747795365433614
1497076,49.68334349508331
1399955,70.91465757021143
1345131,115.37147360353683
1193006,94.46797028891713
1130482,584.7416583664025
1346635,784.023208205906
1386232,404.7533617956391
1324076,421.7868621476975
1238197,523.9682541816373
1226958,131.73063613513636
1167651,20.918566643974415
1377265,58.83306248683792
1093956,42.56703956474454
1186891,186.11565078621612
1329524,319.8883803444692
1166094,260.2285984741923
1157852,201.18922079720608
1393643,250.509338247975
1040223,229.69115747355295
1132197,584.7416583664025
1318938,301.93382499679456
1031516,269.73540607941516
1021553,67.93571707225509
1099673,49.68334349508331
1404951,23.56308128170095
1293997,27.609025972479195
1008418,212.46227016911783
1343984,429.3355374286429
1055151,390.1512333934878
1182352,15.757943697173394
1478005,111.12301505627862
1425808,135.41424998617074
1247373,135.41424998617074
1478214,62.48025450402028
1370534,40.447259972116804
1373810,33.09541835883834
1471246,49.68334349508331
1181627,32.37936089480551
1324824,33.09541835883834
1230085,26.139647496940537
1338642,305.11912886295585
1490842,462.3933485712259
1235778,307.3765308043676
1265348,646.0979930206123
1140817,655.844186407494
1151804,186.11565078621612
1294014,33.09541835883834
1100330,90.2169898725787
1483740,62.039650096962404
1498209,257.51273030124355
1188956,450.5736280496527
1299376,429.3303902885769
1410308,307.3765308043676
1166161,353.4641581741101
1116043,391.7176317893607
1424215,946.9573623149822
1495417,350.4253587779501
1404092,405.006342921738
1039123,71.73088602528792
1111277,58.83306248683792
1139068,58.83306248683792
1086312,259.61493083006627
1259287,197.0908889481728
1463066,40.783443703447354
1065535,57.92757598027962
1156579,404.7533617956391
1379605,608.8272000886116
1486944,590.628540888517
1173657,23.56308128170095
1180510,32.37936089480551
1044288,179.12442123671096
1004602,229.69115747355295
1298548,288.45878500593597
1227429,111.12301505627862
1017637,107.51718366420707
1374626,85.0964335352373
1176686,94.27824738536916
1259881,127.66844589393827
1374717,45.165595088189264
1286552,58.83306248683792
1143236,40.447259972116804
1169118,319.8832332044032
1035523,353.4641581741101
1153354,415.8536693994446
1353572,1300.7610891226095
1401750,1041.0164816929812
1379838,463.40606868843656
1364501,32.63028844086352
1272770,67.93571707225509
1136753,73.84445986896775
1445380,450.83509598272263
1074980,568.1728863392055
1018768,947.339733278442
1425189,153.7462205273739
1410687,152.24261946299117
1311666,260.773477523714
1196160,941.5968631723891
1180246,510.47401064871127
1445424,784.023208205906
1140293,94.27824738536916
1459707,98.18999686242772
1340917,136.7697574463391
1129751,204.9485727884011
1040828,141.65573646786666
1269429,81.24258821931583
1296440,45.165595088189264
1156987,57.92757598027962
1084536,678.0505395576475
1011499,638.6255329646417
1331936,521.6862728488835
1478284,37.05231077430668
1193669,25.747795365433614
1314601,212.46227016911783
1180813,212.71319771517582
1325430,249.99018094015577
1025820,62.039650096962404
1417343,65.99112413094363
1480159,59.645462668427236
1184839,158.29966447358441
1030600,239.96468016607508
1497263,429.3303902885769
1315618,142.2945285593172
1300190,188.40562372752203
1485473,318.15479691360036
1466699,249.99018094015577
1060841,40.447259972116804
1153088,58.83306248683792
1156794,49.68334349508331
1354571,350.4253587779501
1306540,238.45630989146522
1126286,516.1400817272013
1272724,728.4566098625397
1250749,616.183528781841
1491136,207.58274903479523
1223675,32.37936089480551
1461596,89.0568987877406
1323173,71.73088602528792
1170114,463.4112158285026
1486353,450.5787751897187
1082713,903.2509594774976
1368359,227.58845795873157
1071832,183.11682976160276
1315271,269.73540607941516
1350903,805.8450584860606
1282712,468.28789663325574
1035677,728.4566098625397
1214037,96.98764634435442
1363943,58.83306248683792
1283246,62.039650096962404
1064678,98.18999686242772
1494499,37.05231077430668
1176996,37.05231077430668
1354566,33.09541835883834
1264805,643.2933866854997
1149490,588.9921431838958
1052724,474.17908272550414
1190650,15.757943697173394
1128180,15.757943697173394
1056054,94.52917493142714
1464990,131.98156368119436
1209341,98.4409244084857
1443512,137.21827497323912
1386679,81.49351576537381
1455226,92.42882921504781
1036582,137.3699196254669
1104071,288.45878500593597
1296384,305.11912886295585
1010965,110.44300572415969
1076152,114.11678333686496
1022987,136.96734742718112
1438853,111.12301505627862
1266241,94.46797028891713
1327869,33.09541835883834
1245685,60.50140510508264
1067176,50.69640610044327
1078061,334.14563246261207
1184457,220.40962337106367
1432490,472.8093684877515
1211091,461.3233563984868
1011810,404.7533617956391
1223589,158.04873692752642
1382200,32.791712239713746
1281621,85.19428689764571
1200055,81.24258821931583
1135854,390.1512333934878
1152426,589.5294797513844
1457016,334.14563246261207
1169619,238.45630989146522
1009972,191.9221074329747
1044613,197.0908889481728
1486088,982.0288718842007
1160493,552.854929591198
1266884,603.9118101820272
1490414,16.008871243231383
1435013,37.05231077430668
1182337,62.039650096962404
1367579,26.139647496940537
1368544,42.56703956474454
1143009,450.5736280496527
1241406,1503.1476869830556
1170745,1139.2546275817886
1103739,15.757943697173394
1210148,17.59889671657842
1270934,32.37936089480551
1162454,30.856417305070458
1254800,37.05231077430668
1127680,89.0568987877406
1036573,51.27050791941515
1041890,67.93571707225509
1286252,260.2285984741923
1053706,516.1400817272013
1042536,462.1313904107206
1148882,49.68334349508331
1002965,71.73088602528792
1201957,58.83306248683792
1253859,58.83306248683792
1022589,42.56703956474454
1303470,45.165595088189264
1046575,70.91465757021143
1488705,51.27050791941515
1035904,528.7018123144654
1442346,305.11912886295585
1153982,946.9573623149822
1036998,405.006342921738
1278095,462.1313904107206
1411809,227.58845795873157
1020805,37.05231077430668
1328836,50.69640610044327
1181173,128.46280287243357
1025274,269.73540607941516
1470656,269.73540607941516
1164774,89.0568987877406
1380580,94.27824738536916
1326021,107.51718366420707
1413176,784.023208205906
1301867,303.0616945182964
1386255,510.47401064871127
1234828,89.0568987877406
1159403,98.18999686242772
1468811,58.83306248683792
1053458,139.35052008215322
1171409,269.73540607941516
1464535,260.2285984741923
1069545,51.27050791941515
1454545,37.05231077430668
1306570,60.50140510508264
1049976,398.630928735342
1153957,526.4198309817116
1303057,463.7764371379928
1348621,22.39374657374814
1055667,33.09541835883834
1058365,22.1780454486166
1243932,114.11678333686496
1239395,161.19198404589054
1161696,238.45630989146522
1474139,62.039650096962404
1345464,65.99112413094363
1278245,158.04873692752642
1400537,111.12301505627862
1129714,142.2945285593172
1015578,60.50140510508264
1068792,73.84445986896775
1293285,51.27050791941515
1060968,294.3874564635465
1239108,250.06644564670663
1470601,179.12442123671096
1149110,1284.6659020243953
1129712,903.2509594774976
1112770,472.8093684877515
1292616,42.56703956474454
1121022,112.3695351723887
1456174,111.72113465829902
1335302,568.1728863392055
1214165,590.199236900352
1293785,952.6097231769818
1122416,184.93322840211732
1076876,136.96734742718112
1299844,260.2285984741923
1042610,1293.8772227768739
1362527,687.4799865773577
1389759,984.3250313194097
1320070,94.27824738536916
1218228,73.84445986896775
1226340,94.46797028891713
1072910,131.73063613513636
1148925,188.40562372752203
1037381,123.9134088552616
1410707,71.10964374020064
1218504,73.84445986896775
1311896,60.50140510508264
1112551,728.4566098625397
1420579,795.852826943295
1286918,667.7490973097374
1449835,37.05231077430668
1400554,33.09541835883834
1081878,111.3739426023366
1390925,179.12442123671096
1329042,197.34181649423078
1416439,112.54495677784358
1421839,94.27824738536916
1007921,58.83306248683792
1004209,204.9485727884011
1328949,311.00044655408396
1170392,468.28789663325574
1004884,127.66844589393827
1173989,139.35052008215322
1230794,94.46797028891713
1226492,164.78803142581074
1390275,383.306046597072
1153201,197.0908889481728
1387153,45.165595088189264
1213176,89.0568987877406
1194770,75.35736216196382
1371064,387.6557107577639
1058889,326.49716454512424
1491239,684.9073516834752
1390565,179.12442123671096
1067430,502.245161974527
1415266,260.2285984741923
1133144,37.05231077430668
1498026,94.46797028891713
1449527,65.84094859771089
1225608,180.50650623976182
1117216,313.1748500801933
1376447,296.4857659094403
1365100,98.18999686242772
1472642,115.12054605747885
1084459,107.51718366420707
1257730,946.9573623149822
1081562,318.15479691360036
1365891,461.3233563984868
1090421,111.42423279021803
1400908,311.4340848322759
1322295,239.35856061749607
1217120,40.447259972116804
1151282,40.447259972116804
1236742,40.783443703447354
1012208,391.7176317893607
1341806,582.4596770336486
1030268,463.7764371379928
1020768,23.56308128170095
1349171,26.139647496940537
1197199,153.7462205273739
1499865,161.19198404589054
1182041,207.58274903479523
1155018,67.41930886346482
1371818,62.039650096962404
1489037,131.73063613513636
1498376,131.73063613513636
1083050,191.9221074329747
1472579,40.447259972116804
1061995,65.99112413094363
1191159,342.10059239347845
1498310,462.3933485712259
1036698,282.00457750580074
1475006,239.35856061749607
1384202,257.26180275518556
1490265,51.27050791941515
1136291,42.56703956474454
1143903,250.509338247975
1305039,269.98633362547315
1007680,265.12524563645184
1455214,153.7462205273739
1107803,164.78803142581074
1497051,193.31912139486292
1137292,319.8883803444692
1119382,405.006342921738
1481138,317.9090165076084
1110622,28.232661064152953
1156847,32.37936089480551
1294222,20.918566643974415
1465355,20.918566643974415
1424034,318.15479691360036
1432135,318.15479691360036
1401817,354.1851435696782
1177475,15.757943697173394
1392970,107.76811121026505
1387450,137.3699196254669
1092832,137.21827497323912
1187774,107.51718366420707
1230384,127.66844589393827
1413073,161.19198404589054
1057181,37.05231077430668
1384325,32.044746901157346
1197779,27.609025972479195
1246576,32.37936089480551
1281547,22.39374657374814
1273445,269.73540607941516
1298458,85.0964335352373
1159193,404.7533617956391
1301491,1309.7416974918403
1288037,1041.0164816929812
1394194,450.5736280496527
1342405,128.46280287243357
1485086,655.5622859207073
1165678,761.9480599178264
1275241,1087.4737786334417
1039169,201.77833656980752
1232376,145.07060909614802
1310613,229.69115747355295
1356333,1315.960132116041
1488737,611.0376843633196
1369399,1052.4264089225367
1172680,153.7462205273739
1446589,127.66844589393827
1406320,212.46227016911783
1213094,269.73540607941516
1021503,201.18922079720608
1188526,89.0568987877406
1413577,73.84445986896775
1466508,152.24261946299117
1427970,699.299938344033
1081163,584.7416583664025
1201316,462.1313904107206
1114584,49.68334349508331
1307947,51.27050791941515
1315048,127.91937343999619
1404475,212.71319771517582
1093917,191.9221074329747
1134271,158.04873692752642
1054344,136.96734742718112
1140184,98.18999686242772
1336056,188.40562372752203
1404546,319.8832332044032
1102060,462.3933485712259
1000438,143.49617934712072
1498881,153.7462205273739
1488663,131.73063613513636
1317341,244.22398533311585
1347698,429.3303902885769
1193177,389.8526349534351
1257741,197.0908889481728
1207399,137.3699196254669
1029660,614.3853909212653
1477569,569.9175311044708
1257386,350.4253587779501
1249982,1475.139282061525
1082477,881.3329780496023
1458850,642.7665788443229
1369044,45.41652263424725
1088993,136.96734742718112
1102729,135.41424998617074
1165398,728.174709375753
1142113,822.1500176671195
1433454,1293.8772227768739
1245395,180.25557869370382
1389486,197.0908889481728
1334127,307.3765308043676
1403491,1341.608138155903
1254313,805.5931536927383
1393545,1094.84106463691
1403443,110.44300572415969
1461030,111.77141557036829
1400194,179.12442123671096
1366087,282.00457750580074
1113434,138.94175982265241
1083699,92.17790166898983
1052075,71.10964374020064
1164383,81.24258821931583
1413603,870.4905644011565
1449493,870.4905644011565
1374174,728.4566098625397
1453386,27.609025972479195
1060343,26.139647496940537
1484093,478.4608610040736
1465019,699.4358769737647
1179976,603.9118101820272
1080615,90.2169898725787
1023956,65.99112413094363
1238698,58.83306248683792
1442361,197.0908889481728
1439670,239.96468016607508
1118797,462.1313904107206
1162264,153.7462205273739
1490069,158.04873692752642
1289654,123.9134088552616
1295480,252.1964550746102
1032470,429.3303902885769
1044002,295.7980600019056
1291242,62.48025450402028
1169772,81.24258821931583
1010857,92.17790166898983
1250542,646.0979930206123
1484291,318.15479691360036
1480595,728.1351956072407
1296937,782.4332595915108
1011404,818.6626645196303
1267180,250.1452410113728
1191319,107.51718366420707
1278620,98.18999686242772
1054665,260.2285984741923
1171791,528.7018123144654
1464177,405.006342921738
1088431,250.509338247975
1216870,260.2285984741923
1081002,197.0908889481728
1330482,1058.9539199049923
1168663,404.7533617956391
1492648,510.47401064871127
1315398,62.039650096962404
1027496,71.10964374020064
1117973,59.645462668427236
1171872,98.18999686242772
1227132,311.00044655408396
1398968,294.3874564635465
1042446,49.68334349508331
1022113,45.165595088189264
1432466,62.48025450402028
1394665,429.3303902885769
1237631,655.844186407494
1031723,586.1974367927389
1348589,23.56308128170095
1288087,37.05231077430668
1341137,22.39374657374814
1034628,158.04873692752642
1181980,212.46227016911783
1125602,238.45630989146522
1452460,114.11678333686496
1347859,94.46797028891713
1289761,92.17790166898983
1455705,127.66844589393827
1231667,123.94830623540877
1242573,257.9945301393288
1464998,51.27050791941515
1079864,65.84094859771089
1148817,58.83306248683792
1069941,569.9175311044708
1296692,450.5736280496527
1292861,398.630928735342
1121593,415.8536693994446
1311369,389.8526349534351
1442172,142.2945285593172
1092076,40.447259972116804
1352136,127.66844589393827
1277208,94.27824738536916
1373759,175.59710078120884
1492660,307.3765308043676
1111265,303.7158844855289
1221223,158.04873692752642
1131618,188.40562372752203
1083225,188.40562372752203
1017266,876.1619553370252
1327104,319.8832332044032
1399551,429.3303902885769
1094414,78.93806157928589
1021401,49.68334349508331
1347126,75.35736216196382
1023000,81.24258821931583
1377965,177.54302085472833
1350042,131.73063613513636
1101141,58.83306248683792
1432116,49.68334349508331
1318780,60.50140510508264
1437216,390.1460862534218
1101970,643.2933866854997
1410131,549.9441040001311
1441218,23.56308128170095
1345002,191.9221074329747
1003012,257.26180275518556
1166846,282.00457750580074
1211619,85.19428689764571
1442543,73.84445986896775
1385952,71.73088602528792
1343542,89.0568987877406
1419636,143.49617934712072
1069031,49.68334349508331
1410134,92.17790166898983
1405706,50.69640610044327
1058951,399.7874730227927
1055230,416.79480481627644
1091243,250.509338247975
1128850,2303.296654422373
1083460,2017.7777848412825
1432832,791.3627803821291
1207105,107.51718366420707
1243318,249.99018094015577
1069047,191.9221074329747
1287202,797.6164181639095
1115805,1087.7247061794997
1129081,2043.9160496551713
1064030,139.35052008215322
1005813,153.7462205273739
1490308,303.7158844855289
1123285,2478.194195927163
1355118,1148.2065207147969
1023846,1875.1553572840585
1050805,295.7980600019056
1181728,311.00044655408396
1089820,145.29757198979337
1028575,334.14563246261207
1197855,423.01282440468475
1065339,303.7158844855289
1151883,161.19198404589054
1296652,139.35052008215322
1287520,188.40562372752203
1418889,1302.829563563026
1180962,1052.4264089225367
1238848,805.5931536927383
1290426,67.93571707225509
1346817,85.19428689764571
1017304,60.50140510508264
1252533,647.529020519626
1305931,791.3627803821291
1118227,768.5192779706615
1219611,220.40962337106367
1153638,175.59710078120884
1175536,164.78803142581074
1211565,238.45630989146522
1438304,398.630928735342
1361280,728.4566098625397
1143967,294.3874564635465
1205095,298.24134385505363
1285971,260.2285984741923
1116992,605.9680199034339
1458672,738.9872266907895
1263640,603.9118101820272
1400947,123.40493872868458
1079989,188.40562372752203
1242560,138.94175982265241
1022578,870.7718441467118
1316583,591.2741245166496
1255226,643.2933866854997
1157382,903.2509594774976
1224651,740.2225336632139
1465329,289.79940575609317
1155477,33.09541835883834
1425214,94.46797028891713
1017688,67.41930886346482
1355123,391.72277892942674
1092801,415.8588165395106
1075732,762.2299604046132
1395004,187.83260286703043
1341114,180.25557869370382
1493423,269.73540607941516
1026311,780.2340067968843
1208371,404.7533617956391
1275872,603.9118101820272
1087742,92.17790166898983
1019163,160.17185853115015
1432227,107.76811121026505
1318880,59.645462668427236
1072806,62.48025450402028
1212692,49.68334349508331
1186034,586.1974367927389
1129955,468.28789663325574
1296742,423.01282440468475
1347479,22.39374657374814
1095511,26.139647496940537
1025011,23.56308128170095
1434986,193.64834314267026
1058578,404.7585089357051
1077386,415.8588165395106
1444618,32.37936089480551
1188114,28.232661064152953
1280734,164.78803142581074
1301264,245.3727875602082
1347366,318.15479691360036
1063451,164.78803142581074
1199519,153.7462205273739
1345899,104.2344035456528
1311108,158.04873692752642
1207170,207.58274903479523
1011084,135.41424998617074
1455758,45.165595088189264
1474158,62.039650096962404
1449132,59.645462668427236
1250243,301.93382499679456
1187828,250.06644564670663
1419894,384.783701678737
1066229,1672.1098211219273
1059223,984.0741037733518
1251110,791.3627803821291
1303607,75.35736216196382
1243023,186.11565078621612
1370522,191.9221074329747
1090686,739.9406331764271
1092779,868.9989104424117
1040294,1259.589965288865
1473297,164.78803142581074
1180711,164.78803142581074
1164408,265.12524563645184
1116327,1672.6768545816935
1248608,821.0370965557263
1384273,1316.0375759156225
1130338,131.73063613513636
1252790,158.04873692752642
1454949,111.77141557036829
1195881,227.58845795873157
1244857,311.00044655408396
1134036,165.03895897186874
1421711,131.73063613513636
1325543,127.66844589393827
1095715,127.66844589393827
1446388,900.175566102047
1319088,903.2509594774976
1446649,614.3853909212653
1255825,45.165595088189264
1406646,37.05231077430668
1464385,44.09581422064965
1140455,471.2783139402505
1377695,738.7053262040027
1162780,684.9073516834752
1408273,98.18999686242772
1300038,114.11678333686496
1207337,85.0964335352373
1077235,238.45630989146522
1408756,326.49716454512424
1491799,516.1400817272013
1390594,164.78803142581074
1007038,175.59710078120884
1453448,158.04873692752642
1205643,389.8526349534351
1188139,478.4608610040736
1058780,334.19422889788916
1498345,98.18999686242772
1309473,153.7462205273739
1076176,137.3699196254669
1220100,687.4799865773577
1314150,552.854929591198
1191669,613.4450048155272
1205862,456.6264052674344
1305192,306.3183687917708
1145983,138.94175982265241
1133342,37.05231077430668
1412024,96.98764634435442
1234430,71.10964374020064
1053634,188.40562372752203
1014376,314.6387695111861
1452041,269.73540607941516
1305031,197.13522892220846
1447194,193.31912139486292
1087268,197.13522892220846
1461768,706.4432799791617
1024168,307.3765308043676
1334533,405.006342921738
1296737,73.84445986896775
1407133,59.645462668427236
1062484,204.9485727884011
1022671,164.78803142581074
1211721,45.165595088189264
1026257,49.68334349508331
1221066,399.7874730227927
1202794,587.8920996328875
1416723,478.4608610040736
1401330,15.757943697173394
1489408,201.18922079720608
1452181,269.73540607941516
1421929,296.4857659094403
1084847,92.17790166898983
1320336,80.34410732504644
1286910,37.05231077430668
1464443,71.73088602528792
1334218,41.13672463208972
1211291,94.27824738536916
1294628,59.645462668427236
1180905,59.645462668427236
1160861,41.03437124950534
1408670,294.3874564635465
1069139,313.1748500801933
1082763,259.3640032840083
1464784,405.006342921738
1351878,318.15479691360036
1310686,127.66844589393827
1210002,85.19428689764571
1152761,59.645462668427236
1111646,107.76811121026505
1015441,250.1452410113728
1270649,207.58274903479523
1049040,127.66844589393827
1337564,123.40493872868458
1176480,153.7462205273739
1354961,582.4776453076296
1140272,177.54302085472833
1204224,289.79940575609317
1044578,37.05231077430668
1493529,26.139647496940537
1128363,131.73063613513636
1105354,104.2344035456528
1142156,44.09581422064965
1295169,37.05231077430668
1305277,282.00457750580074
1390829,405.006342921738
1124512,389.8526349534351
1054161,19.60898272233456
1486767,131.73063613513636
1409057,175.59710078120884
1214830,197.13522892220846
1088743,62.48025450402028
1443416,60.50140510508264
1179858,33.09541835883834
1202928,62.48025450402028
1178834,37.05231077430668
1232019,73.84445986896775
1414904,44.09581422064965
1007438,58.83306248683792
1222138,44.09581422064965
1349810,201.18922079720608
1370541,212.46227016911783
1417446,180.25557869370382
1425834,478.4608610040736
1021911,478.4608610040736
1100790,305.11912886295585
1154027,62.039650096962404
1145320,179.12442123671096
1108768,197.13522892220846
1197778,569.9175311044708
1327740,456.6264052674344
1441050,123.94830623540877
1021862,75.35736216196382
1394751,98.18999686242772
1327428,1349.7251873691305
1137638,605.661888172644
1007532,946.9573623149822
1047794,127.66844589393827
1010401,164.78803142581074
1255792,123.9134088552616
1098488,298.24134385505363
1158689,456.6264052674344
1355724,464.5777208381119
1017698,98.18999686242772
1037024,111.77141557036829
1313984,131.73063613513636
1107034,646.0979930206123
1329704,784.023208205906
1069435,516.1400817272013
1066432,60.50140510508264
1266557,45.165595088189264
1168203,153.7462205273739
1137040,229.69115747355295
1173632,260.2285984741923
1312163,111.77141557036829
1228377,110.44300572415969
1281640,104.2344035456528
1420267,245.3727875602082
1044984,229.69115747355295
1389581,342.10059239347845
1427116,142.2945285593172
1070522,201.18922079720608
1066826,164.78803142581074
1335399,655.844186407494
1052262,466.5413610886773
1058953,245.3727875602082
1300150,158.04873692752642
1474476,162.0171371740921
1068378,108.99429086918374
1078602,45.165595088189264
1048840,37.05231077430668
1111109,152.0648134656565
1376356,333.8998520566201
1152106,197.0908889481728
1055398,138.94175982265241
1474008,257.9945301393288
1495048,229.69115747355295
1183152,498.5918950738551
1177025,220.62688752313338
1495955,179.12442123671096
1430035,59.645462668427236
1130885,33.09541835883834
1123031,26.139647496940537
1317079,158.04873692752642
1124690,450.5736280496527
1181485,389.8526349534351
1423816,164.78803142581074
1353087,166.94142008526637
1014478,175.59710078120884
1057620,49.68334349508331
1008257,23.56308128170095
1333761,37.05231077430668
1003271,33.09541835883834
1252700,33.09541835883834
1191895,313.1748500801933
1041442,342.10059239347845
1186584,423.01282440468475
1465438,296.4857659094403
1383578,245.3727875602082
1190534,75.35736216196382
1439659,30.333820423732597
1078212,94.27824738536916
1278947,45.165595088189264
1167627,158.04873692752642
1026880,301.93382499679456
1405756,192.7982268315772
1131842,128.46280287243357
1246946,131.73063613513636
1293553,96.98764634435442
1168641,421.7920092877635
1205504,183.11682976160276
1113528,257.26180275518556
1050543,81.24258821931583
1030912,60.50140510508264
1143714,30.333820423732597
1300935,27.609025972479195
1081036,145.07060909614802
1208459,227.58845795873157
1373869,197.0908889481728
1453860,15.757943697173394
1423957,89.0568987877406
1158140,107.51718366420707
1326657,98.18999686242772
1190765,40.447259972116804
1391378,43.48631288946552
1207357,58.83306248683792
1148002,37.05231077430668
1401836,37.05231077430668
1202765,40.447259972116804
1244907,175.59710078120884
1445987,204.9485727884011
1323180,197.13522892220846
1160970,984.0741037733518
1216036,642.7665788443229
1184723,421.7868621476975
1439245,33.346345904896324
1291779,94.46797028891713
1217287,98.18999686242772
1053057,423.01797154475076
1306863,568.1728863392055
1250601,899.49397701002
1295532,238.45630989146522
1128300,204.9485727884011
1050487,294.3874564635465
1214188,1052.54841499623
1087693,549.9441040001311
1150054,768.8551816771931
1218017,89.0568987877406
1235705,71.10964374020064
1041777,90.2169898725787
1246532,135.41424998617074
1366360,98.18999686242772
1439838,71.10964374020064
1357905,67.41930886346482
1274256,59.645462668427236
1181159,685.393566949292
1451702,584.7596266403834
1327497,500.873876406609
1475694,30.333820423732597
1487694,260.4795260202503
1100972,294.6383840096045
1387906,318.1599440536664
1282871,89.0568987877406
1448426,94.27824738536916
1444966,85.19428689764571
1061560,265.12524563645184
1369299,342.10059239347845
1000595,516.1400817272013
1151124,135.41424998617074
1476914,94.46797028891713
1322287,139.66590002155132
1091082,193.31912139486292
1459424,114.11678333686496
1026523,45.165595088189264
1432230,60.50140510508264
1387685,49.68334349508331
1014083,397.51199737445063
1425330,303.7158844855289
1393199,494.0577920710442
1323969,584.7596266403834
1064394,569.9175311044708
1024275,252.1964550746102
1284858,23.56308128170095
1421003,98.18999686242772
1149871,92.17790166898983
1009777,389.8577820935011
1405071,391.72277892942674
1421744,350.4253587779501
1054235,260.2285984741923
1244369,305.11912886295585
1152361,351.9849134854716
1314817,687.4834897477404
1429669,516.1400817272013
1401368,461.3233563984868
1043714,27.609025972479195
1247275,33.09541835883834
1091285,59.645462668427236
1400124,32.791712239713746
1173609,26.139647496940537
1345228,390.1197859130282
1361907,791.0808798953424
1133091,791.3627803821291
1044810,15.757943697173394
1038293,15.757943697173394
1221090,128.46280287243357
1371163,111.45223680408594
1399552,142.5454561053752
1455533,23.56308128170095
1155624,19.60898272233456
1323328,27.609025972479195
1447191,201.77833656980752
1319741,250.509338247975
1494451,342.10059239347845
1401467,73.84445986896775
1087090,60.50140510508264
1492694,65.99112413094363
1314434,37.05231077430668
1396061,37.05231077430668
1286769,40.447259972116804
1308591,32.37936089480551
1420711,587.8920996328875
1056161,405.006342921738
1263433,903.2509594774976
1321298,388.34793588643896
1414498,321.637589564569
1380619,114.11678333686496
1398482,30.333820423732597
1098955,107.51718366420707
1115387,94.46797028891713
1282341,135.41424998617074
1466509,257.26180275518556
1104312,220.59447621445366
1083401,98.18999686242772
1361200,71.10964374020064
1332402,80.34410732504644
1400131,942.2153556194527
1457605,391.7176317893607
1156399,683.8008534394285
1187229,98.18999686242772
1168000,85.19428689764571
1136500,58.83306248683792
1477445,111.12301505627862
1185418,294.3874564635465
1379297,260.2285984741923
1290975,60.50140510508264
1195673,51.27050791941515
1107763,405.006342921738
1220364,569.9175311044708
1133018,468.28789663325574
1281020,26.139647496940537
1168545,32.791712239713746
1295957,28.232661064152953
1285908,111.77141557036829
1147387,166.94142008526637
1230963,197.0908889481728
1026121,94.27824738536916
1032396,85.0964335352373
1296867,142.2945285593172
1005761,104.2344035456528
1412208,187.83260286703043
1141792,65.99112413094363
1433602,94.46797028891713
1467609,75.35736216196382
1358854,404.7533617956391
1166976,397.51199737445063
1291777,158.04873692752642
1488196,738.9872266907895
1419175,728.4566098625397
1219837,334.19422889788916
1493855,37.05231077430668
1356351,107.51718366420707
1072256,67.93571707225509
1113377,250.1452410113728
1279459,461.3233563984868
1326030,450.5736280496527
1125353,197.13522892220846
1255680,289.79940575609317
1031241,297.0353323014201
1117672,1267.2030337184526
1167346,423.01282440468475
1184273,687.4799865773577
1478743,142.2945285593172
1459196,131.73063613513636
1026126,110.27081495452957
1040908,305.11912886295585
1295373,294.3874564635465
1480951,45.165595088189264
1131655,59.645462668427236
1465922,569.9175311044708
1290443,726.8841773678105
1095333,762.2299604046132
1118030,23.56308128170095
1380861,32.37936089480551
1442168,27.609025972479195
1444462,250.06644564670663
1130227,229.69115747355295
1453846,388.34793588643896
1168700,186.11565078621612
1220623,136.96734742718112
1345025,141.40480892180867
1383474,191.9221074329747
1306478,162.0171371740921
1130724,214.67352562252546
1283100,58.83306248683792
1249514,85.0964335352373
1219073,58.83306248683792
1273704,472.8093684877515
1213853,541.846327536151
1167223,478.4608610040736
1158077,257.26180275518556
1489922,239.96468016607508
1212175,75.35736216196382
1107262,25.747795365433614
1365276,65.99112413094363
1460597,50.69640610044327
1498182,108.99429086918374
1354618,245.3727875602082
1229452,212.46227016911783
1251204,145.07060909614802
1176143,137.3699196254669
1268568,127.66844589393827
1050733,461.59920098329786
1461187,164.78803142581074
1206012,207.58274903479523
1090305,27.609025972479195
1195531,40.447259972116804
1021422,25.747795365433614
1252744,110.27081495452957
1265564,89.0568987877406
1435109,32.791712239713746
1349638,187.83260286703043
1164536,289.79940575609317
1084794,244.22398533311585
1208439,22.1780454486166
1215737,131.73063613513636
1414635,164.78803142581074
1103525,188.40562372752203
1416819,33.09541835883834
1182334,26.139647496940537
1222002,32.791712239713746
1245847,28.232661064152953
1463746,297.6410950332689
1004465,227.58845795873157
1409362,127.66844589393827
1310657,1300.7610891226095
1309199,946.9573623149822
1071904,586.1974367927389
1154781,44.09581422064965
1064336,111.12301505627862
1357303,92.17790166898983
1445032,450.5787751897187
1056508,462.1365375507866
1280610,946.9573623149822
1284838,107.51718366420707
1421533,104.2344035456528
1400390,179.12442123671096
1439487,1304.6141925338973
1099252,646.0979930206123
1257761,903.2509594774976
1074625,127.66844589393827
1103358,111.12301505627862
1174609,260.2285984741923
1320666,313.1748500801933
1220511,201.77833656980752
1232070,73.84445986896775
1197398,107.51718366420707
1131282,687.4799865773577
1134038,702.7579344090778
1449610,586.1974367927389
1042151,43.48631288946552
1006248,40.783443703447354
1348094,30.333820423732597
1284641,212.46227016911783
1262708,296.7366934554983
1083339,269.98633362547315
1469785,80.65529949362455
1207003,71.73088602528792
1152899,49.68334349508331
1166466,131.73063613513636
1128675,186.11565078621612
1383207,404.7533617956391
1047461,188.40562372752203
1303327,131.73063613513636
1278374,141.40480892180867
1270384,257.26180275518556
1433284,450.8299488426566
1000502,342.10059239347845
1294566,89.0568987877406
1170942,92.17790166898983
1253449,67.93571707225509
1225717,516.1400817272013
1121215,398.630928735342
1471887,391.7176317893607
1043619,1154.5795736994444
1006586,822.4319181539063
1183897,552.854929591198
1331346,40.783443703447354
1410886,98.18999686242772
1474533,89.0568987877406
1208791,590.199236900352
1121941,655.5622859207073
1271501,1281.23679976107
1344130,303.7158844855289
1206962,295.0446176028904
1117487,383.306046597072
1179829,1149.671688079348
1048678,677.2770357876691
1475773,805.5931536927383
1138392,73.84445986896775
1439633,60.50140510508264
1269606,111.12301505627862
1081813,98.18999686242772
1288550,65.99112413094363
1256887,49.68334349508331
1145216,740.2225336632139
1377670,710.6883177571254
1356382,587.8920996328875
1476145,23.56308128170095
1113612,131.98156368119436
1440011,60.75233265114063
1361881,71.43886548800796
1132152,65.99112413094363
1184657,67.41930886346482
1353652,40.783443703447354
1068858,288.45878500593597
1165313,311.4340848322759
1410555,405.006342921738
1487849,153.7462205273739
1085916,73.84445986896775
1452772,123.94830623540877
1408664,259.3640032840083
1213424,123.94830623540877
1421454,44.09581422064965
1166273,65.99112413094363
1137664,51.27050791941515
1194100,389.8526349534351
1466931,353.2183777681181
1225125,616.183528781841
1420069,773.3338743638479
1054872,770.9412155716116
1399178,426.51843919045194
1070911,44.09581422064965
1104820,111.77141557036829
1154573,78.93806157928589
1077590,220.66055091712167
1075589,390.1460862534218
1436174,450.5736280496527
1225651,193.31912139486292
1259921,179.12442123671096
1125663,238.45630989146522
1005260,1052.54841499623
1310563,377.0439565154405
1405676,646.0979930206123
1149140,123.40493872868458
1322227,108.99429086918374
1239451,81.24258821931583
1349435,162.0171371740921
1455649,388.34793588643896
1496045,342.10059239347845
1173932,51.27050791941515
1344627,51.27050791941515
1422420,62.48025450402028
1190022,549.9441040001311
1041967,678.0505395576475
1172045,586.1974367927389
1134348,26.139647496940537
1169748,33.09541835883834
1331663,166.94142008526637
1386797,265.12524563645184
1391597,326.49716454512424
1184350,158.04873692752642
1309690,123.9134088552616
1398806,107.51718366420707
1128860,177.54302085472833
1048271,98.18999686242772
1319295,176.93428206842518
1026610,62.48025450402028
1489804,98.18999686242772
1406565,78.93806157928589
1407123,390.10154249480604
1418984,389.8526349534351
1097923,257.9945301393288
1352888,429.3303902885769
1392602,311.00044655408396
1338727,136.96734742718112
1174242,26.139647496940537
1065542,73.84445986896775
1310572,136.7697574463391
1286932,260.2285984741923
1312122,250.06644564670663
1300353,252.1964550746102
1006233,201.77833656980752
1129977,250.06644564670663
1072003,667.7490973097374
1025677,239.35856061749607
1048802,269.73540607941516
1236936,65.84094859771089
1276823,51.27050791941515
1042371,33.09541835883834
1403403,40.783443703447354
1336688,26.139647496940537
1066268,297.6410950332689
1057706,455.72699936568034
1441830,353.4641581741101
1005103,15.757943697173394
1365024,152.0648134656565
1385647,197.0908889481728
1292318,191.9221074329747
1046455,85.19428689764571
1473427,33.09541835883834
1369584,44.09581422064965
1074310,37.05231077430668
1171185,60.50140510508264
1362940,42.56703956474454
1381427,49.68334349508331
1091182,37.05231077430668
1348533,289.79940575609317
1155253,377.0439565154405
1286984,259.3640032840083
1401294,60.50140510508264
1419626,78.93806157928589
1253049,33.09541835883834
1319597,33.09541835883834
1173814,104.48533109171078
1476536,110.69393327021767
1365653,71.73088602528792
1313934,135.41424998617074
1435633,179.12442123671096
1419613,165.63707857388917
1044024,111.12301505627862
1050944,104.2344035456528
1356525,20.05069109336787
1074440,22.1780454486166
1282502,15.757943697173394
1069927,62.48025450402028
1236029,318.15479691360036
1022402,239.96468016607508
1397322,45.165595088189264
1472174,32.70858264261285
1394998,158.04873692752642
1024597,180.25557869370382
1396320,191.9221074329747
1217729,28.232661064152953
1374721,15.757943697173394
1256517,15.757943697173394
1205603,282.00457750580074
1149550,98.18999686242772
1460527,403.06418331916177
1350447,797.8983186506963
1484097,478.4608610040736
1359200,334.14563246261207
1489067,37.05231077430668
1212254,92.17790166898983
1337255,67.93571707225509
1409269,297.2862598474781
1125848,334.75141369371806
1442394,611.0376843633196
1347887,71.73088602528792
1122080,89.0568987877406
1135795,142.2945285593172
1274195,645.342716908588
1029605,307.3765308043676
1334765,510.47401064871127
1248747,62.039650096962404
1238793,57.92757598027962
1161849,98.18999686242772
1447467,139.35052008215322
1327017,73.84445986896775
1133732,58.83306248683792
1112041,37.05231077430668
1220551,59.645462668427236
1185545,387.6557107577639
1031376,397.51199737445063
1320020,298.4922714011116
1462573,30.333820423732597
1128691,23.56308128170095
1092475,192.1730349790327
1014502,240.21560771213308
1304218,239.35856061749607
1043905,60.50140510508264
1341225,37.05231077430668
1089717,40.783443703447354
1186917,111.77141557036829
1459400,164.78803142581074
1061342,289.79940575609317
1176790,85.19428689764571
1198557,123.9134088552616
1254866,186.11565078621612
1380214,141.40480892180867
1091359,45.165595088189264
1249689,51.27050791941515
1435470,49.68334349508331
1113836,265.12524563645184
1336350,188.40562372752203
1132246,265.12524563645184
1044267,607.2832400963322
1302516,404.7533617956391
1112099,227.58845795873157
1354994,32.37936089480551
1287518,51.27050791941515
1437465,45.165595088189264
1105318,112.02234311642627
1237484,250.06644564670663
1058997,259.3640032840083
1118886,57.92757598027962
1011887,62.039650096962404
1220849,111.42423279021803
1261598,762.8411251089397
1166459,326.50231168519025
1376856,468.28789663325574
1382910,127.66844589393827
1336352,135.41424998617074
1306433,108.99429086918374
1150869,104.2344035456528
1468892,260.2285984741923
1152662,229.69115747355295
1104172,45.165595088189264
1411848,43.48631288946552
1308291,51.27050791941515
1124009,468.28789663325574
1476284,432.2685389934005
1009642,389.8577820935011
1404076,20.918566643974415
1395219,30.856417305070458
1334087,152.24261946299117
1029199,186.11565078621612
1410589,269.73540607941516
1411845,111.12301505627862
1483373,67.93571707225509
1287371,94.27824738536916
1387050,153.7462205273739
1428011,153.7462205273739
1089927,326.49716454512424
1060354,49.68334349508331
1176491,59.645462668427236
1270431,33.09541835883834
1053653,353.4641581741101
1491472,303.0616945182964
1134201,141.40480892180867
1083089,1852.347590955707
1095834,1599.0640337753812
1323295,946.9573623149822
1272790,59.645462668427236
1099354,188.40562372752203
1011649,164.78803142581074
1010865,618.4906660493056
1332203,783.7413077191193
1001499,1087.4737786334417
1157583,152.0648134656565
1353835,153.7462205273739
1421040,314.38784196512813
1062686,1664.168575802809
1375467,873.198060491948
1186540,1300.7610891226095
1372825,123.9134088552616
1127289,107.51718366420707
1169207,73.84445986896775
1104431,197.13522892220846
1021686,429.3303902885769
1330379,201.18922079720608
1128383,94.27824738536916
1103602,141.40480892180867
1030401,111.12301505627862
1044219,818.6626645196303
1207032,984.0741037733518
1077843,873.198060491948
1461113,37.05231077430668
1490055,37.05231077430668
1084848,450.5736280496527
1480157,647.2471200328392
1342655,499.12923164134384
1209802,90.2169898725787
1114943,111.12301505627862
1332072,51.27050791941515
1221686,139.35052008215322
1458913,227.58845795873157
1307388,464.5777208381119
1371009,152.24261946299117
1378911,123.9134088552616
1165966,298.24134385505363
1014416,606.9899741817018
1073713,318.15479691360036
1483936,73.84445986896775
1474882,111.12301505627862
1476491,114.11678333686496
1440633,523.9682541816373
1315422,462.3933485712259
1275935,678.0505395576475
1274185,123.40493872868458
1106716,136.96734742718112
1368660,107.51718366420707
1440286,23.56308128170095
1257856,110.27081495452957
1096629,92.17790166898983
1000796,128.46280287243357
1456243,297.2862598474781
1013299,131.73063613513636
1400409,153.7462205273739
1427360,188.40562372752203
1414766,137.3699196254669
1214363,706.4432799791617
1232994,265.12524563645184
1392306,227.58845795873157
1335329,32.791712239713746
1374399,37.05231077430668
1102705,45.165595088189264
1456666,177.54302085472833
1462839,822.4319181539063
1150676,603.9118101820272
1417329,15.757943697173394
1378787,15.757943697173394
1001951,136.96734742718112
1316077,143.49617934712072
1404758,145.07060909614802
1008008,41.13672463208972
1005166,32.791712239713746
1167138,25.747795365433614
1090311,23.56308128170095
1105815,73.84445986896775
1069242,70.91465757021143
1323812,429.3303902885769
1103651,461.3233563984868
1340687,342.10059239347845
1096643,870.4905644011565
1409653,762.2299604046132
1328697,584.7416583664025
1063035,32.791712239713746
1111706,70.91465757021143
1230150,62.48025450402028
1488638,514.3954369619361
1461412,467.5681381451066
1039985,805.5931536927383
1095594,123.40493872868458
1142142,135.41424998617074
1204895,260.2285984741923
1192277,812.5942512884623
1362439,456.6264052674344
1270338,605.661888172644
1029171,49.68334349508331
1051248,85.0964335352373
1402801,160.17185853115015
1014626,111.42423279021803
1344949,40.447259972116804
1127961,49.68334349508331
1218651,494.0577920710442
1304119,728.4566098625397
1112081,614.3853909212653
1112961,405.006342921738
1007348,526.9571675492002
1243875,450.5736280496527
1016818,40.783443703447354
1301690,32.791712239713746
1454082,164.78803142581074
1323756,188.40562372752203
1295629,383.306046597072
1168925,123.94830623540877
1069584,162.0171371740921
1097004,123.9134088552616
1223860,123.9134088552616
1147888,40.783443703447354
1053807,60.50140510508264
1190133,40.447259972116804
1356081,353.4641581741101
1166061,260.2285984741923
1326777,616.183528781841
1214539,1072.4239313261794
1388909,873.198060491948
1117823,516.1400817272013
1001894,37.05231077430668
1343377,71.73088602528792
1045929,71.10964374020064
1182906,342.10573953354447
1278933,426.52358633051796
1178879,805.8450584860606
1154927,107.51718366420707
1346381,98.18999686242772
1343300,179.12442123671096
1382460,941.8329846559928
1335307,466.5413610886773
1332316,762.2299604046132
1222122,139.35052008215322
1215295,158.04873692752642
1318453,258.9661051334541
1086521,311.00044655408396
1086495,193.31912139486292
1122586,71.10964374020064
1008385,49.68334349508331
1299613,62.039650096962404
1488071,710.6883177571254
1170204,613.4450048155272
1482384,528.7018123144654
1324608,40.447259972116804
1339397,20.918566643974415
1482128,238.45630989146522
1493763,282.25550505185873
1218417,296.4857659094403
1292299,89.0568987877406
1439152,89.30782633379857
1303043,43.48631288946552
1133574,136.96734742718112
1175421,197.0908889481728
1220000,404.7533617956391
1202382,138.94175982265241
1244264,111.12301505627862
1094898,114.11678333686496
1082555,257.9945301393288
1022093,401.52632182794764
1159917,260.2285984741923
1431194,43.48631288946552
1371703,65.99112413094363
1359459,60.50140510508264
1460374,463.40606868843656
1485499,307.3765308043676
1027031,353.4641581741101
1330108,114.11678333686496
1210569,114.11678333686496
1348866,73.84445986896775
1343116,37.05231077430668
1334815,62.29057764302039
1244519,153.7462205273739
1155946,71.73088602528792
1261895,111.12301505627862
1019797,153.7462205273739
1142848,127.66844589393827
1248091,404.7585089357051
1487481,191.9221074329747
1098229,98.18999686242772
1185338,15.757943697173394
1190027,40.447259972116804
1493672,59.645462668427236
1498885,28.232661064152953
1449195,104.2344035456528
1071799,614.3853909212653
1090476,510.47401064871127
1185766,15.757943697173394
1383002,15.757943697173394
1038462,160.17185853115015
1425253,164.78803142581074
1302845,179.12442123671096
1005828,33.09541835883834
1054396,32.791712239713746
1103720,23.56308128170095
1318240,23.56308128170095
1324663,27.609025972479195
1284559,67.41930886346482
1160375,45.165595088189264
1235177,401.52632182794764
1353104,389.8526349534351
1013720,334.14563246261207
1259634,492.1257035426043
1119425,461.5546411231465
1148888,305.11912886295585
1413074,71.73088602528792
1029137,180.25557869370382
1221198,139.35052008215322
1198659,259.3640032840083
1044121,677.2770357876691
1257122,387.6557107577639
1340005,177.54302085472833
1093489,145.07060909614802
1446581,127.66844589393827
1208280,1345.1384822716673
1249450,500.873876406609
1022006,773.6385750817078
1278133,131.73063613513636
1448369,136.96734742718112
1298595,468.28789663325574
1150813,342.10059239347845
1193401,94.46797028891713
1091570,85.19428689764571
1252642,123.94830623540877
1496426,461.3233563984868
1306695,510.47401064871127
1497405,390.10154249480604
1274204,40.447259972116804
1264958,158.04873692752642
1181657,307.3765308043676
1291876,311.00044655408396
1045986,127.66844589393827
1275925,108.99429086918374
1038208,104.2344035456528
1079507,187.83260286703043
1065954,201.18922079720608
1251682,305.11912886295585
1456541,111.12301505627862
1114499,108.99429086918374
1120043,111.77141557036829
1326066,646.0979930206123
1263578,456.6264052674344
1260565,265.12524563645184
1172743,334.14563246261207
1269951,404.7533617956391
1353368,127.66844589393827
1373315,26.139647496940537
1305141,60.50140510508264
1390310,50.69640610044327
1304452,188.65655127358002
1146622,456.6264052674344
1033537,334.14563246261207
1129914,265.12524563645184
1158075,298.24134385505363
1391639,282.00457750580074
1125215,582.6785243526238
1010920,311.00044655408396
1237466,303.7158844855289
1446591,33.09541835883834
1345355,114.11678333686496
1386811,108.99429086918374
1000162,32.37936089480551
1021057,40.447259972116804
1164623,294.3874564635465
1409674,399.7874730227927
1286878,321.637589564569
1275118,15.757943697173394
1280847,15.757943697173394
1398572,127.66844589393827
1149460,193.31912139486292
1188052,153.7462205273739
1125203,51.27050791941515
1331389,59.645462668427236
1014021,71.73088602528792
1499384,32.37936089480551
1111061,33.09541835883834
1474722,28.232661064152953
1211269,313.1748500801933
1127001,456.6264052674344
1472655,288.45878500593597
1016250,1852.347590955707
1239193,1259.589965288865
1412599,318.15479691360036
1057003,49.68334349508331
1238261,107.51718366420707
1278646,90.2169898725787
1127418,568.1728863392055
1398001,652.2412944714238
1218477,1142.8357391595268
1483622,207.58274903479523
1221061,153.7462205273739
1383719,260.2285984741923
1492798,1141.6569202195994
1387338,591.2741245166496
1457308,984.0741037733518
1315474,107.51718366420707
1203809,135.41424998617074
1274050,179.12442123671096
1309989,111.12301505627862
1414505,60.50140510508264
1193931,60.50140510508264
1317093,684.9073516834752
1435007,684.707431899225
1150330,492.1257035426043
1465076,27.609025972479195
1169740,27.609025972479195
1450849,114.36771088292294
1076835,141.40480892180867
1271788,153.9971480734319
1338580,207.58274903479523
1303003,294.3874564635465
1096484,141.40480892180867
1381017,183.11682976160276
1370764,354.1851435696782
1097909,390.1460862534218
1433812,142.2945285593172
1018121,128.46280287243357
1331429,89.0568987877406
1254249,136.7697574463391
1122865,282.00457750580074
1473464,161.19198404589054
1462837,59.645462668427236
1397074,70.91465757021143
1435021,73.84445986896775
1419408,399.7874730227927
1342580,334.14563246261207
1269068,423.01282440468475
1355831,2034.3748273535366
1229607,405.006342921738
1024231,110.27081495452957
1422466,30.856417305070458
1019692,90.2169898725787
1147960,131.98156368119436
1141538,423.01282440468475
1192636,220.40962337106367
1132306,187.83260286703043
1012579,197.13522892220846
1487597,197.13522892220846
1215768,758.5222591941381
1167114,325.64117507705777
1400723,423.01282440468475
1131155,98.18999686242772
1414406,70.91465757021143
1142151,67.41930886346482
1487225,139.35052008215322
1283463,139.35052008215322
1288211,60.50140510508264
1128357,59.645462668427236
1486357,43.48631288946552
1181613,326.49716454512424
1207158,614.3853909212653
1299660,552.854929591198
1197131,22.1780454486166
1353028,193.31912139486292
1163155,212.46227016911783
1350709,260.2285984741923
1047803,73.84445986896775
1142607,44.09581422064965
1033302,75.35736216196382
1163208,44.09581422064965
1175785,59.645462668427236
1423338,44.09581422064965
1016568,58.83306248683792
1230330,37.05231077430668
1295838,252.1964550746102
1119772,250.509338247975
1197288,252.71739626185848
1219813,684.707431899225
1318602,643.2933866854997
1400997,220.40962337106367
1433070,34.60728634400457
1356467,62.039650096962404
1318405,188.40562372752203
1466874,298.24134385505363
1295357,313.1748500801933
1451900,398.630928735342
1365341,383.306046597072
1389595,450.5736280496527
1216659,795.852826943295
1268473,289.79940575609317
1447721,390.1460862534218
1157530,73.84445986896775
1089354,44.09581422064965
1326527,65.84094859771089
1286263,179.12442123671096
1029236,158.04873692752642
1231939,33.09541835883834
1404957,494.0577920710442
1402826,552.854929591198
1287087,492.1257035426043
1017068,26.139647496940537
1239986,22.1780454486166
1307258,176.93428206842518
1322625,212.46227016911783
1416019,265.12524563645184
1046847,123.94830623540877
1032701,75.35736216196382
1225413,73.84445986896775
1132323,131.73063613513636
1323329,73.84445986896775
1209830,127.66844589393827
1350253,42.56703956474454
1143492,51.27050791941515
1141019,37.05231077430668
1268488,390.10154249480604
1233276,305.11912886295585
1472372,260.2285984741923
1063733,390.1460862534218
1446675,404.7533617956391
1057481,197.13522892220846
1028109,40.447259972116804
1329141,62.039650096962404
1312387,44.09581422064965
1352064,201.18922079720608
1268228,552.854929591198
1140303,282.00457750580074
1319989,176.93428206842518
1394657,158.04873692752642
1393896,127.66844589393827
1267353,722.1606528074996
1029101,252.1964550746102
1262550,405.006342921738
1251730,57.92757598027962
1486591,176.93428206842518
1222358,128.46280287243357
1063345,33.09541835883834
1296889,40.783443703447354
1154617,229.69115747355295
1187479,318.15479691360036
1499223,260.2285984741923
1391288,27.609025972479195
1033467,15.757943697173394
1378120,98.18999686242772
1287261,136.96734742718112
1217809,104.2344035456528
1325393,67.93571707225509
1343891,58.83306248683792
1210472,104.2344035456528
1309837,80.65529949362455
1390277,153.7462205273739
1022178,43.48631288946552
1474573,58.83306248683792
1272062,32.791712239713746
1075073,311.00044655408396
1454012,334.74626655365205
1227062,192.7982268315772
1079468,687.4780410475747
1403541,587.8920996328875
1254725,250.1452410113728
1135823,71.73088602528792
1490445,59.645462668427236
1161508,180.25557869370382
1476081,313.4257776262513
1045776,303.0616945182964
1134987,114.11678333686496
1401506,123.9134088552616
1203109,111.12301505627862
1056516,693.0039812889928
1487939,297.6410950332689
1485109,403.06418331916177
1164762,67.41930886346482
1065210,58.83306248683792
1470954,60.50140510508264
1444536,183.11682976160276
1444755,176.93428206842518
1456322,40.447259972116804
1402952,33.09541835883834
1242193,325.64117507705777
1026845,423.01282440468475
1253204,415.8536693994446
1487989,26.139647496940537
1134018,32.37936089480551
1345822,23.56308128170095
1014740,111.77141557036829
1046854,131.73063613513636
1210558,176.93428206842518
1457667,80.34410732504644
1343162,71.73088602528792
1223574,111.77141557036829
1179183,92.17790166898983
1421002,153.7462205273739
1409616,43.48631288946552
1491544,58.83306248683792
1062528,265.12524563645184
1210468,250.509338247975
1466579,250.06644564670663
1059783,642.7665788443229
1460743,465.6113383269906
1460017,318.15479691360036
1467327,32.37936089480551
1091205,78.93806157928589
1056109,73.84445986896775
1215047,269.98633362547315
1213087,296.7366934554983
1023914,560.2138161334647
1049845,197.0908889481728
1021726,186.11565078621612
1223966,269.73540607941516
1413792,521.6862728488835
1257509,311.4340848322759
1066223,404.7533617956391
1055416,33.09541835883834
1489756,78.93806157928589
1030594,58.83306248683792
1084257,32.791712239713746
1036557,32.791712239713746
1180163,383.306046597072
1380749,350.4253587779501
1088323,22.1780454486166
1324777,197.0908889481728
1170030,294.6383840096045
1401627,32.791712239713746
1267384,23.56308128170095
1199397,33.09541835883834
1146124,111.12301505627862
1152672,197.13522892220846
1134544,260.2285984741923
1226475,94.46797028891713
1234331,70.91465757021143
1086225,104.2344035456528
1492680,49.68334349508331
1089189,30.856417305070458
1457759,44.09581422064965
1236743,33.09541835883834
1129872,214.67352562252546
1115861,175.59710078120884
1116704,389.8526349534351
1062279,614.3853909212653
1468754,405.006342921738
1372525,314.38784196512813
1348154,26.139647496940537
1388227,58.83306248683792
1126089,57.92757598027962
1353592,259.2170326795121
1326067,391.72277892942674
1454911,523.9682541816373
1250867,128.46280287243357
1235646,123.9134088552616
1437300,180.25557869370382
1200882,470.74097737276173
1073879,342.10059239347845
1485355,492.1257035426043
1035490,62.48025450402028
1251697,65.99112413094363
1057610,152.24261946299117
1277966,94.27824738536916
1457409,33.09541835883834
1487585,40.783443703447354
1030541,391.7176317893607
1160422,307.3765308043676
1187668,314.38784196512813
1323747,20.918566643974415
1439793,20.918566643974415
1243817,188.40562372752203
1424339,239.96468016607508
1215093,257.9945301393288
1319940,32.37936089480551
1118194,26.139647496940537
1478575,107.51718366420707
1085214,139.35052008215322
1443052,259.3640032840083
1207621,104.2344035456528
1171413,94.46797028891713
1471943,162.0171371740921
1390076,161.19198404589054
1461337,110.27081495452957
1351338,32.791712239713746
1052206,45.165595088189264
1218549,58.83306248683792
1023451,297.0353323014201
1468614,197.0908889481728
1026021,252.1964550746102
1490702,683.8008534394285
1471863,461.3233563984868
1323584,303.7158844855289
1025989,37.05231077430668
1254545,107.51718366420707
1113139,81.24258821931583
1406245,298.4922714011116
1101607,405.011490061804
1039304,584.7416583664025
1063529,112.54495677784358
1221070,123.94830623540877
1233810,111.12301505627862
1103038,955.2538038633182
1475925,464.5777208381119
1419732,678.0505395576475
1338846,85.19428689764571
1446660,81.24258821931583
1003354,104.2344035456528
1092817,153.7462205273739
1234783,111.42423279021803
1058107,59.645462668427236
1030455,45.165595088189264
1483452,58.83306248683792
1379221,398.630928735342
1402174,784.023208205906
1489838,514.3954369619361
1455308,23.56308128170095
1353443,153.9971480734319
1370253,212.71319771517582
1148728,205.1995003344591
1386779,51.27050791941515
1318074,45.165595088189264
1360420,33.09541835883834
1242671,111.12301505627862
1369093,158.04873692752642
1105804,227.58845795873157
1360174,98.18999686242772
1040269,107.51718366420707
1294652,197.0908889481728
1050678,143.49617934712072
1362004,73.84445986896775
1374026,85.0964335352373
1006107,60.50140510508264
1089493,397.51199737445063
1210638,311.4340848322759
1018465,455.72699936568034
1286425,197.0908889481728
1131780,289.79940575609317
1240287,62.48025450402028
1042157,45.165595088189264
1071612,37.05231077430668
1429223,127.91937343999619
1124573,245.3727875602082
1462779,143.49617934712072
1493585,111.12301505627862
1482350,137.3699196254669
1128513,135.41424998617074
1007620,450.04143862223
1392125,207.58274903479523
1087629,161.44291159194853
1114839,45.165595088189264
1070359,34.60728634400457
1242070,34.60728634400457
1479434,164.78803142581074
1372564,516.1400817272013
1484749,404.7533617956391
1351129,15.757943697173394
1202518,111.77141557036829
1260736,131.73063613513636
1431880,153.7462205273739
1078767,20.05069109336787
1483726,23.56308128170095
1463665,32.37936089480551
1291968,30.856417305070458
1156317,40.447259972116804
1280812,32.791712239713746
1142375,404.7533617956391
1479522,478.4608610040736
1285114,342.10059239347845
1499834,462.3933485712259
1302570,388.34793588643896
1441628,139.35052008215322
1370968,22.1780454486166
1188126,43.48631288946552
1387823,33.09541835883834
1120799,94.71889783497511
1045486,127.66844589393827
1120923,145.07060909614802
1263616,49.68334349508331
1287395,45.165595088189264
1496803,71.73088602528792
1352836,567.6355497717169
1033485,238.45630989146522
1276295,353.4641581741101
1108108,43.48631288946552
1426656,94.46797028891713
1190308,207.58274903479523
1322690,175.59710078120884
1293409,40.447259972116804
1024189,34.60728634400457
1323222,42.56703956474454
1357097,313.1748500801933
1212286,326.49716454512424
1452412,260.2285984741923
1312958,15.757943697173394
1345841,75.35736216196382
1412256,107.51718366420707
1005678,153.7462205273739
1230382,78.93806157928589
1433933,62.48025450402028
1483091,131.73063613513636
1428894,111.12301505627862
1230168,158.04873692752642
1091185,37.05231077430668
1402411,49.68334349508331
1174381,37.05231077430668
1468666,197.13522892220846
1045706,127.66844589393827
1250849,111.65760982073394
1290325,432.2685389934005
1412366,455.72699936568034
1253042,298.24134385505363
1094914,37.05231077430668
1218951,111.77141557036829
1131296,60.50140510508264
1144060,179.12442123671096
1348532,294.3874564635465
1151545,296.4857659094403
1035674,158.04873692752642
1430774,158.04873692752642
1065106,197.0908889481728
1204319,790.9233406389424
1245643,294.3874564635465
1022559,398.630928735342
1156294,51.27050791941515
1128910,49.68334349508331
1492015,62.039650096962404
1346015,128.46280287243357
1344824,104.2344035456528
1235620,45.165595088189264
1152702,58.83306248683792
1037485,334.74626655365205
1281762,516.1400817272013
1089556,423.01282440468475
1417527,22.39374657374814
1112851,26.139647496940537
1112119,123.40493872868458
1190243,192.7982268315772
1219577,227.58845795873157
1334475,70.91465757021143
1337310,78.93806157928589
1399077,59.645462668427236
1397525,94.46797028891713
1383887,158.04873692752642
1340231,59.645462668427236
1059438,78.93806157928589
1046452,60.50140510508264
1468651,294.3874564635465
1175159,313.1748500801933
1270555,289.79940575609317
1334748,282.00457750580074
1264726,334.14563246261207
1096183,107.51718366420707
1131610,25.71927316221139
1276853,85.19428689764571
1473793,51.27050791941515
1207235,184.93322840211732
1382156,388.34793588643896
1006670,227.58845795873157
1085624,180.25557869370382
1381116,260.2285984741923
1070437,238.81836432014148
1296562,669.1801248087511
1308074,250.06644564670663
1441295,297.6410950332689
1218843,51.27050791941515
1129897,60.50140510508264
1217302,37.05231077430668
1286496,40.783443703447354
1225175,32.37936089480551
1288665,176.93428206842518
1148815,455.72699936568034
1070188,377.0439565154405
1410979,127.24431800615683
1325398,145.07060909614802
1348845,123.40493872868458
1370856,49.68334349508331
1043212,27.609025972479195
1231775,44.09581422064965
1089249,42.56703956474454
1296913,40.447259972116804
1303459,33.09541835883834
1173974,289.79940575609317
1179101,342.10059239347845
1129508,390.10154249480604
1177716,398.630928735342
1173440,313.1748500801933
1241407,152.24261946299117
1098200,32.791712239713746
1378709,90.2169898725787
1198550,110.52174250058755
1383672,265.12524563645184
1009485,162.0171371740921
1149469,136.96734742718112
1417973,123.94830623540877
1453182,164.78803142581074
1397423,812.5942512884623
1184112,239.35856061749607
1475256,353.4641581741101
1174372,15.557220209670701
1225764,65.84094859771089
1312262,164.78803142581074
1364529,123.94830623540877
1039292,45.165595088189264
1419826,40.447259972116804
1161538,250.06644564670663
1127343,607.2832400963322
1408481,584.7416583664025
1386710,22.1780454486166
1182831,175.59710078120884
1167194,220.40962337106367
1422666,220.40962337106367
1112550,78.93806157928589
1038974,73.84445986896775
1330798,98.18999686242772
1148904,78.93806157928589
1452851,114.11678333686496
1040443,67.41930886346482
1381232,98.18999686242772
1404442,67.41930886346482
1412741,325.64117507705777
1264550,429.3303902885769
1397022,245.3727875602082
1066186,762.2299604046132
1252196,738.9872266907895
1278525,245.3727875602082
1436260,40.447259972116804
1030469,94.27824738536916
1481360,191.9221074329747
1014321,303.7158844855289
1388450,391.7176317893607
1379696,135.41424998617074
1221505,164.78803142581074
1427811,193.31912139486292
1322531,780.3877678841095
1191436,388.34793588643896
1317334,455.72699936568034
1072425,80.65529949362455
1023198,62.039650096962404
1414362,166.94142008526637
1345269,350.4253587779501
1489884,269.73540607941516
1452397,45.165595088189264
1278364,51.27050791941515
1003296,49.68334349508331
1106162,405.006342921738
1408203,405.006342921738
1239382,462.1313904107206
1391663,23.56308128170095
1248962,40.783443703447354
1343335,23.56308128170095
1305051,111.12301505627862
1287516,127.66844589393827
1247935,220.40962337106367
1194966,111.42423279021803
1118109,107.51718366420707
1233389,104.2344035456528
1364896,204.9485727884011
1298285,197.0908889481728
1150951,390.1460862534218
1033582,40.783443703447354
1173925,58.83306248683792
1452681,40.447259972116804
1465923,462.04979928476877
1445438,318.15479691360036
1255247,250.06644564670663
1163409,1300.7610891226095
1079437,1149.9618275012292
1063227,541.846327536151
1408983,40.783443703447354
1100873,142.2945285593172
1133779,123.9134088552616
1246717,616.6925281887299
1363101,684.6254511966885
1395431,1087.4737786334417
1010670,229.69115747355295
1491323,214.67352562252546
1486243,350.4253587779501
1285324,1075.5973849474371
1207039,762.2299604046132
1425949,822.4319181539063
1284979,89.0568987877406
1128705,65.99112413094363
1052528,71.10964374020064
1379887,162.0171371740921
1365852,111.42423279021803
1317467,58.83306248683792
1051225,70.91465757021143
1256991,728.4566098625397
1089356,821.0370965557263
1336453,773.3338743638479
1321282,22.1780454486166
1345499,22.1780454486166
1100430,478.4608610040736
1441592,457.9909737863931
1362932,457.9909737863931
1255123,45.165595088189264
1405218,50.69640610044327
1333879,42.56703956474454
1067651,197.0908889481728
1358068,250.06644564670663
1076130,390.1460862534218
1426318,145.29757198979337
1463256,141.40480892180867
1158052,138.94175982265241
1271891,220.62688752313338
1250210,158.04873692752642
1014155,49.68334349508331
1375589,65.99112413094363
1284311,59.645462668427236
1122463,528.7018123144654
1267073,252.1964550746102
1264859,738.9872266907895
1159437,510.47401064871127
1376035,462.3933485712259
1223053,153.7462205273739
1457399,23.56308128170095
1182646,60.50140510508264
1061460,62.039650096962404
1278113,152.3157410117145
1064613,298.4922714011116
1094134,265.12524563645184
1064523,70.91465757021143
1377697,107.51718366420707
1224204,94.27824738536916
1229151,645.8695247497649
1054029,260.2285984741923
1441457,390.1460862534218
1441761,60.50140510508264
1255217,73.84445986896775
1163632,59.645462668427236
1340676,136.7697574463391
1457306,311.00044655408396
1415650,289.79940575609317
1361920,45.49481683599659
1217178,37.05231077430668
1298382,37.05231077430668
1069600,326.49716454512424
1217461,313.1748500801933
1211765,305.11912886295585
1134901,22.39374657374814
1224714,104.2344035456528
1100091,110.27081495452957
1463761,175.59710078120884
1197604,85.0964335352373
1456463,58.83306248683792
1024487,73.84445986896775
1057308,164.78803142581074
1342654,107.51718366420707
1489595,152.24261946299117
1374108,40.783443703447354
1373420,59.645462668427236
1488412,49.68334349508331
1033917,297.0353323014201
1036779,204.9485727884011
1030522,175.59710078120884
1365942,265.12524563645184
1139563,244.22398533311585
1120515,136.96734742718112
1102120,37.05231077430668
1213606,142.2945285593172
1442846,111.77141557036829
1229162,289.79940575609317
1336797,552.854929591198
1464391,295.7980600019056
1158042,164.78803142581074
1049420,191.9221074329747
1391890,229.69115747355295
1447978,1026.3771319786822
1176114,390.1197859130282
1233129,390.10154249480604
1089582,51.27050791941515
1138537,37.05231077430668
1393980,49.68334349508331
1090735,229.69115747355295
1317447,1094.84106463691
1204380,784.023208205906
1254006,19.60898272233456
1177978,220.62688752313338
1448868,204.9485727884011
1114381,244.22398533311585
1492928,58.83306248683792
1054929,32.791712239713746
1492790,62.039650096962404
1140213,65.84094859771089
1193240,98.18999686242772
1410895,60.50140510508264
1263834,405.006342921738
1260599,516.1400817272013
1412296,699.7177774605515
1219827,531.5223363082393
1183895,581.2125988722455
1036709,305.11912886295585
1361685,44.09581422064965
1482926,107.51718366420707
1395186,80.65529949362455
1008601,254.6981049735426
1193872,494.0577920710442
1005400,468.28789663325574
1355189,311.00044655408396
1014891,342.10059239347845
1468695,313.1748500801933
1390410,825.411857322032
1385985,415.8536693994446
1048223,500.873876406609
1069511,191.9221074329747
1129172,183.11682976160276
1029297,62.48025450402028
1425307,42.56703956474454
1127166,60.50140510508264
1245969,390.1460862534218
1352827,468.28789663325574
1464317,462.1313904107206
1443431,22.1780454486166
1069778,25.747795365433614
1016495,191.9221074329747
1000429,303.7158844855289
1077871,250.1452410113728
1191951,114.11678333686496
1008761,111.77141557036829
1082837,115.12054605747885
1201538,152.0648134656565
1337110,220.40962337106367
1171071,45.165595088189264
1302946,57.92757598027962
1323453,43.48631288946552
1202688,405.006342921738
1340955,464.5777208381119
1213041,313.1748500801933
1115081,584.7596266403834
1257596,513.374806066422
1434708,307.3765308043676
1472011,89.0568987877406
1212811,70.91465757021143
1179258,239.06929186619948
1345123,301.47986530546865
1003561,513.374806066422
1149009,94.46797028891713
1100625,78.93806157928589
1493085,145.07060909614802
1383378,582.4776453076296
1024697,307.3765308043676
1117271,399.54169261680073
1313926,23.56308128170095
1195095,96.98764634435442
1319139,114.11678333686496
1455947,65.99112413094363
1093143,32.791712239713746
1405175,403.06418331916177
1148474,334.14563246261207
1336624,305.11912886295585
1483824,20.918566643974415
1071207,15.757943697173394
1273605,175.59710078120884
1361024,175.84802832726683
1196684,207.83367658085322
1475777,45.165595088189264
1363658,40.447259972116804
1008951,42.56703956474454
1209903,110.44300572415969
1207618,229.69115747355295
1010577,90.2169898725787
1187741,50.69640610044327
1364643,85.0964335352373
1288149,123.40493872868458
1298947,89.0568987877406
1120237,37.05231077430668
1299433,45.165595088189264
1437108,40.783443703447354
1470372,252.1964550746102
1421735,197.13522892220846
1073321,313.1748500801933
1340524,821.0370965557263
1373298,642.7665788443229
1397906,301.22893775941066
1298578,20.918566643974415
1401355,60.50140510508264
1087548,62.039650096962404
1255103,388.353083026505
1238094,465.61648546705663
1495739,702.7579344090778
1286622,197.0908889481728
1090206,207.58274903479523
1020053,257.26180275518556
1016563,693.0039812889928
1068029,513.374806066422
1227744,587.8920996328875
1460795,37.05231077430668
1369172,59.645462668427236
1401927,73.84445986896775
1079289,58.83306248683792
1270851,41.13672463208972
1110506,43.48631288946552
1028807,616.183528781841
1057178,678.0505395576475
1220587,584.4527920274737
1416699,19.60898272233456
1264067,15.757943697173394
1351534,114.44600508467228
1157302,164.78803142581074
1412243,58.83306248683792
1090685,42.56703956474454
1155242,49.68334349508331
1143695,188.40562372752203
1449009,269.73540607941516
1343512,313.1748500801933
1231346,94.46797028891713
1392147,65.84094859771089
1008596,73.84445986896775
1260443,85.0964335352373
1085513,44.09581422064965
1441042,33.09541835883834
1054680,33.09541835883834
1264920,25.747795365433614
1109972,415.8536693994446
1241837,269.73540607941516
1121489,678.0505395576475
1015985,1871.8226425728078
1100774,1295.9914553680217
1107017,773.6385750817078
1169666,58.83306248683792
1097146,111.65760982073394
1483477,98.18999686242772
1248664,548.1994592348659
1346422,583.4417016278089
1294933,1078.7808014243674
1179836,111.77141557036829
1287959,141.40480892180867
1156176,252.1964550746102
1198576,1339.2720432622793
1431593,710.6883177571254
1468567,1052.4264089225367
1245157,179.12442123671096
1404165,187.83260286703043
1062432,94.46797028891713
1008087,260.2285984741923
1095691,405.006342921738
1207317,289.79940575609317
1086536,98.18999686242772
1073117,78.93806157928589
1080663,107.51718366420707
1324159,773.6385750817078
1125632,805.6143797616472
1250174,805.5931536927383
1288442,45.165595088189264
1252908,32.37936089480551
1341648,260.2285984741923
1269832,464.06284615942354
1133908,584.7416583664025
1144443,135.41424998617074
1097049,89.0568987877406
1432242,94.27824738536916
1333510,201.18922079720608
1121929,245.3727875602082
1210305,614.3853909212653
1275546,201.77833656980752
1381340,197.0908889481728
1156397,183.11682976160276
1117593,294.3874564635465
1184580,510.47401064871127
1228419,342.10059239347845
1445630,60.50140510508264
1266002,98.18999686242772
1402889,80.34410732504644
1237434,531.5223363082393
1225163,423.01282440468475
1255596,586.1974367927389
1109852,2042.7860520904535
1345620,1651.1945877775909
1484128,586.1974367927389
1321233,49.68334349508331
1226369,153.7462205273739
1433653,127.66844589393827
1152701,684.6254511966885
1081449,699.0180378572462
1444494,1316.0375759156225
1119021,192.7982268315772
1489585,197.0908889481728
1134580,353.4641581741101
1375598,1276.8957788229213
1305270,728.4566098625397
1284327,984.0741037733518
1073391,127.66844589393827
1041760,94.46797028891713
1316356,139.35052008215322
1214154,220.62688752313338
1279444,161.19198404589054
1422458,92.17790166898983
1046971,65.99112413094363
1412767,89.0568987877406
1294818,870.4905644011565
1483332,791.3627803821291
1176830,677.2770357876691
1405681,42.56703956474454
1028719,45.165595088189264
1272650,32.791712239713746
1367340,179.37534878276895
1008287,239.60948816355406
1047518,265.37617318250983
1394281,166.94142008526637
1434750,139.35052008215322
1388225,107.51718366420707
1437287,204.9485727884011
1008536,353.4641581741101
1495302,552.854929591198
1006713,197.0908889481728
1156578,188.40562372752203
1161779,123.40493872868458
1165593,214.67352562252546
1193794,390.1197859130282
1457081,303.7158844855289
1144977,62.039650096962404
1271614,108.99429086918374
1179825,67.41930886346482
1395652,466.5413610886773
1256292,384.783701678737
1070158,586.1974367927389
1124487,260.2285984741923
1371386,227.58845795873157
1087971,138.94175982265241
1128435,32.791712239713746
1090797,131.73063613513636
1450451,75.35736216196382
1405891,139.60144762821122
1393405,342.10059239347845
1497134,250.1452410113728
1255484,158.04873692752642
1143886,177.54302085472833
1323892,145.07060909614802
1147438,810.3078930726564
1133657,298.24134385505363
1074216,313.1748500801933
1078228,27.609025972479195
1082992,25.747795365433614
1168507,75.35736216196382
1423468,50.69640610044327
1443674,40.783443703447354
1315359,59.645462668427236
1368872,51.27050791941515
1296051,269.73540607941516
1198927,908.1207903913346
1378647,693.638875588151
1067203,15.757943697173394
1388229,15.757943697173394
1207936,145.07060909614802
1217839,161.19198404589054
1427300,191.9221074329747
1237497,49.68334349508331
1205066,45.165595088189264
1381518,59.645462668427236
1406296,94.27824738536916
1201586,62.48025450402028
1215471,405.006342921738
1265298,500.873876406609
1345121,377.0439565154405
1163522,342.10059239347845
1488422,350.4253587779501
1489126,177.54302085472833
1245703,104.2344035456528
1364476,57.92757598027962
1311779,127.91937343999619
1204524,201.77833656980752
1453079,153.7462205273739
1346583,107.51718366420707
1343513,114.11678333686496
1270215,583.6896147522885
1167611,220.59447621445366
1250643,183.11682976160276
1483071,22.1780454486166
1128774,81.24258821931583
1066086,71.10964374020064
1073159,32.044746901157346
1156715,30.333820423732597
1167396,37.05231077430668
1154326,220.62688752313338
1404009,607.2832400963322
1081181,523.9682541816373
1397855,104.2344035456528
1490628,111.77141557036829
1370443,145.07060909614802
1410231,37.05231077430668
1099647,49.68334349508331
1076400,27.609025972479195
1042262,43.48631288946552
1479532,49.68334349508331
1193871,40.783443703447354
1192427,303.7158844855289
1358679,384.783701678737
1128577,239.35856061749607
1297500,112.54495677784358
1159398,110.27081495452957
1295791,49.68334349508331
1083928,28.232661064152953
1421326,128.71373041849156
1070011,110.52174250058755
1172465,70.91465757021143
1040153,107.51718366420707
1240015,111.12301505627862
1470791,114.11678333686496
1078367,252.4473826206682
1302448,161.44291159194853
1478516,25.747795365433614
1208057,22.1780454486166
1394274,23.56308128170095
1079649,26.139647496940537
1066010,20.05069109336787
1206124,71.73088602528792
1162193,326.49716454512424
1459527,311.4340848322759
1096264,15.757943697173394
1461384,15.557220209670701
1423886,15.757943697173394
1415920,114.11678333686496
1393922,139.35052008215322
1462163,164.78803142581074
1336059,27.609025972479195
1213767,23.56308128170095
1157287,62.48025450402028
1056066,32.791712239713746
1128096,201.18922079720608
1254860,94.27824738536916
1025173,415.8536693994446
1049477,1142.8357391595268
1433608,946.9573623149822
1312390,478.4608610040736
1124545,32.791712239713746
1264535,81.24258821931583
1188918,353.4693053141761
1242215,390.1512333934878
1127032,687.4799865773577
1308289,145.07060909614802
1021318,158.04873692752642
1286859,269.73540607941516
1440281,812.34234649514
1352739,500.873876406609
1411783,614.3853909212653
1302350,59.645462668427236
1433670,40.447259972116804
1060069,123.9134088552616
1449369,220.62688752313338
1460584,111.77141557036829
1356206,42.081944577309486
1033641,584.7596266403834
1353961,677.2770357876691
1013842,569.9175311044708
1407391,23.56308128170095
1256963,135.41424998617074
1285209,145.321536642206
1389206,164.78803142581074
1074865,62.48025450402028
1295162,40.783443703447354
1006987,60.50140510508264
1006312,188.40562372752203
1257443,250.1452410113728
1014526,390.10154249480604
1176168,141.40480892180867
1003166,94.46797028891713
1025197,158.04873692752642
1432540,303.7158844855289
1270332,51.27050791941515
1233784,60.50140510508264
1068820,45.165595088189264
1493096,342.10059239347845
1107381,289.79940575609317
1208037,531.5223363082393
1427935,677.2770357876691
1409134,389.8526349534351
1153622,238.45630989146522
1422767,37.05231077430668
1362852,89.0568987877406
1494354,67.41930886346482
1057624,326.50231168519025
1356690,353.4693053141761
1482022,523.9682541816373
1397919,107.51718366420707
1445308,78.93806157928589
1020982,128.46280287243357
1291422,638.6255329646417
1297299,306.3183687917708
1365373,516.1400817272013
1439539,115.12054605747885
1258083,80.34410732504644
1003250,49.68334349508331
1113910,70.91465757021143
1205630,378.97726216144144
1310574,303.7158844855289
1117265,212.46227016911783
1165333,27.609025972479195
1114035,104.2344035456528
1194145,177.54302085472833
1420653,158.29966447358441
1360946,107.51718366420707
1433378,115.12054605747885
1495520,51.27050791941515
1177169,110.44300572415969
1234726,229.69115747355295
1223629,238.45630989146522
1034536,89.0568987877406
1149922,89.0568987877406
1467073,123.9134088552616
1083269,187.83260286703043
1257323,123.9134088552616
1208257,94.27824738536916
1291108,90.2169898725787
1111605,62.039650096962404
1198651,191.9221074329747
1336104,161.19198404589054
1346782,186.11565078621612
1061075,1314.338507640101
1369233,900.175566102047
1048357,492.1257035426043
1186575,28.232661064152953
1265526,94.27824738536916
1303529,98.18999686242772
1398609,390.10668963487205
1335904,499.12923164134384
1410175,805.6143797616472
1319121,94.46797028891713
1321490,107.51718366420707
1060454,164.78803142581074
1370186,1026.3771319786822
1302878,541.846327536151
1161679,740.2225336632139
1318665,71.73088602528792
1172065,73.84445986896775
1346275,153.7462205273739
1051466,245.3727875602082
1405723,153.9971480734319
1197177,45.165595088189264
1186649,59.645462668427236
1162814,541.846327536151
1114245,552.854929591198
1216193,450.8299488426566
1086401,28.232661064152953
1479831,25.747795365433614
1232866,197.34181649423078
1339315,306.3183687917708
1164756,301.93382499679456
1207479,45.165595088189264
1132637,44.09581422064965
1299828,33.09541835883834
1340940,153.7462205273739
1332269,186.11565078621612
1175470,350.4253587779501
1300661,123.40493872868458
1059386,110.27081495452957
1289801,114.11678333686496
1321571,252.1964550746102
1452847,303.7158844855289
1230982,197.13522892220846
1458264,44.09581422064965
1343550,73.84445986896775
1070140,58.83306248683792
1268975,377.0439565154405
1158915,307.3765308043676
1454863,318.15479691360036
1361688,297.0353323014201
1100387,220.40962337106367
1044453,123.40493872868458
1446311,37.05231077430668
1392146,142.2945285593172
1065082,114.11678333686496
1394030,131.73063613513636
1110858,294.6383840096045
1023502,161.19198404589054
1040888,179.12442123671096
1446797,186.11565078621612
1343455,161.19198404589054
1268073,827.786289358128
1481457,238.45630989146522
1249361,313.1748500801933
1329468,20.918566643974415
1436626,25.71927316221139
1361934,94.27824738536916
1447072,80.65529949362455
1258552,45.165595088189264
1236319,58.83306248683792
1198216,188.40562372752203
1160539,677.2770357876691
1117606,647.529020519626
1030646,23.56308128170095
1155205,19.60898272233456
1294200,111.12301505627862
1148219,179.12442123671096
1164274,192.7982268315772
1407284,59.645462668427236
1247144,62.48025450402028
1203344,45.165595088189264
1371459,71.73088602528792
1422129,51.27050791941515
1492225,85.19428689764571
1286449,60.50140510508264
1498844,342.10059239347845
1197780,516.1400817272013
1034337,250.509338247975
1054015,390.1460862534218
1358812,415.8536693994446
1314671,153.7462205273739
1394382,34.60728634400457
1251230,71.73088602528792
1476089,51.27050791941515
1452428,104.2344035456528
1238845,153.7462205273739
1276246,192.7982268315772
1331565,67.41930886346482
1018544,78.93806157928589
1011365,89.0568987877406
1016409,790.9233406389424
1339048,294.3874564635465
1219376,404.7533617956391
1473348,78.93806157928589
1131997,75.35736216196382
1282886,58.83306248683792
1275226,177.54302085472833
1196696,311.00044655408396
1454891,250.06644564670663
1335568,60.50140510508264
1214246,40.447259972116804
1062359,59.645462668427236
1326814,353.4641581741101
1379654,468.28789663325574
1205968,404.7533617956391
1279690,44.09581422064965
1471954,107.51718366420707
1474566,131.73063613513636
1179357,187.83260286703043
1293041,94.46797028891713
1238568,57.92757598027962
1026804,71.73088602528792
1326414,139.35052008215322
1109560,136.96734742718112
1051164,164.78803142581074
1429024,60.50140510508264
1150675,45.165595088189264
1116325,301.22893775941066
1175645,294.3874564635465
1402353,227.58845795873157
1295493,244.22398533311585
1016076,204.9485727884011
1185405,75.35736216196382
1371466,28.232661064152953
1346530,110.44300572415969
1331432,65.99112413094363
1294124,191.9221074329747
1024221,429.3303902885769
1094935,260.2285984741923
1197378,227.58845795873157
1427470,204.9485727884011
1158914,180.25557869370382
1443394,696.2150136524161
1450602,388.34793588643896
1235655,314.38784196512813
1248147,23.56308128170095
1340735,27.609025972479195
1322947,80.34410732504644
1117415,73.84445986896775
1172976,37.05231077430668
1193844,32.791712239713746
1389248,238.45630989146522
1074022,581.1345643603444
1131319,523.9682541816373
1366358,123.40493872868458
1252216,152.24261946299117
1357317,123.9134088552616
1300041,42.56703956474454
1018011,32.791712239713746
1057180,49.68334349508331
1243421,37.05231077430668
1309173,49.68334349508331
1123735,43.48631288946552
1132139,405.006342921738
1294776,616.183528781841
1323841,319.8832332044032
1436545,1441.3972557097213
1438728,900.175566102047
1005866,702.7579344090778
1457927,123.9134088552616
1175328,314.38784196512813
1422379,229.69115747355295
1220430,676.9951353008823
1281555,947.5906608245
1231535,1337.6388094327958
1118412,220.62688752313338
1348202,160.17185853115015
1316773,238.45630989146522
1431922,2080.1876593085217
1298022,1094.84106463691
1249878,1459.99181132629
1283616,250.06644564670663
1043351,297.0353323014201
1167103,197.0908889481728
1279295,301.93382499679456
1413036,423.01282440468475
1281633,204.9485727884011
1403602,186.11565078621612
1315483,139.35052008215322
1286261,193.31912139486292
1320697,908.1207903913346
1494417,899.49397701002
1128160,616.6984048306514
1126635,73.84445986896775
1093884,32.791712239713746
1179430,62.48025450402028
1361178,342.10573953354447
1011110,622.9345466831726
1066051,552.854929591198
1344662,71.10964374020064
1007567,85.19428689764571
1148205,33.09541835883834
1228589,245.3727875602082
1369352,404.7533617956391
1097496,569.9175311044708
1149199,201.77833656980752
1197821,197.0908889481728
1402804,197.13522892220846
1205020,351.9849134854716
1181471,614.3853909212653
1497500,423.01282440468475
1279838,186.11565078621612
1409784,252.1964550746102
1467998,188.40562372752203
1020597,822.4319181539063
1366678,643.2933866854997
1115501,569.9175311044708
1282318,586.1974367927389
1445235,450.8299488426566
1464381,296.4857659094403
1461970,27.609025972479195
1476428,81.24258821931583
1212985,398.63607587540804
1364771,423.01797154475076
1396513,613.4450048155272
1180798,389.8526349534351
1247508,282.00457750580074
1110507,318.15479691360036
1027653,567.6355497717169
1099989,510.47401064871127
1498374,584.7416583664025
1349364,51.27050791941515
1479790,81.24258821931583
1035192,59.645462668427236
1229754,30.333820423732597
1130786,25.747795365433614
1024113,622.9345466831726
1268625,494.0577920710442
1210136,478.4608610040736
1184287,104.48533109171078
1091316,128.71373041849156
1079675,162.2680647201501
1481016,89.0568987877406
1041134,107.51718366420707
1394323,85.19428689764571
1279456,238.45630989146522
1392045,423.01282440468475
1203740,314.38784196512813
1151322,111.12301505627862
1430200,71.73088602528792
1083166,51.27050791941515
1385875,37.05231077430668
1409929,32.37936089480551
1086440,49.68334349508331
1153559,40.783443703447354
1111856,500.873876406609
1493103,311.00044655408396
1122711,584.7416583664025
1228946,818.6626645196303
1193698,740.2225336632139
1469190,399.7874730227927
1325065,26.139647496940537
1164610,104.2344035456528
1118651,107.51718366420707
1131213,342.10573953354447
1315318,415.8588165395106
1071202,693.638875588151
1221401,164.78803142581074
1176648,188.40562372752203
1188251,229.69115747355295
1223632,755.934003349573
1135659,616.183528781841
1031838,586.1974367927389
1007386,32.791712239713746
1256754,45.165595088189264
1147978,73.84445986896775
1296900,58.83306248683792
1059977,40.783443703447354
1109538,33.09541835883834
1218255,678.0505395576475
1386995,770.9412155716116
1150346,728.174709375753
1411001,15.757943697173394
1341159,20.918566643974415
1310691,112.54495677784358
1102882,131.98156368119436
1050887,135.66517753222874
1354141,59.645462668427236
1161886,51.27050791941515
1357176,71.73088602528792
1200229,180.25557869370382
1279574,269.73540607941516
1435781,311.00044655408396
1057374,94.27824738536916
1149792,85.19428689764571
1046977,110.27081495452957
1398521,59.645462668427236
1486055,32.37936089480551
1310669,37.05231077430668
1225073,37.05231077430668
1337657,587.8920996328875
1446703,458.9362941584192
1088738,768.8011784574483
1366885,2017.7777848412825
1392666,1477.4232576406198
1427657,908.1207903913346
1252445,85.19428689764571
1099768,289.79940575609317
1426505,265.12524563645184
1264257,805.3324792748605
1405510,952.8606507230397
1280093,1309.7416974918403
1088550,245.3727875602082
1358294,259.3640032840083
1231327,450.5736280496527
1295935,2199.7280444764383
1357421,1026.837350923508
1424116,1462.2757869053848
1303695,115.12054605747885
1013681,96.98764634435442
1055296,89.0568987877406
1238615,138.94175982265241
1331958,378.97726216144144
1467815,164.78803142581074
1344543,98.18999686242772
1237041,123.9134088552616
1462080,123.9134088552616
1088084,984.0741037733518
1342237,1588.608539446742
1409429,1452.6765216486501
1004292,40.447259972116804
1008571,40.783443703447354
1322939,37.05231077430668
1008568,616.6925281887299
1284797,881.3329780496023
1295216,773.6385750817078
1285713,127.66844589393827
1043271,158.04873692752642
1144010,111.12301505627862
1145767,311.00044655408396
1291337,389.8526349534351
1260544,642.7665788443229
1323348,177.54302085472833
1498511,186.11565078621612
1063475,152.24261946299117
1044536,295.7980600019056
1321554,455.72699936568034
1359413,301.22893775941066
1048715,85.19428689764571
1249682,139.35052008215322
1366542,111.12301505627862
1113149,773.3338743638479
1247598,622.9345466831726
1152698,1248.7165300489114
1036601,805.8450584860606
1188391,710.6883177571254
1457208,294.3874564635465
1411800,37.05231077430668
1270236,85.19428689764571
1312433,73.84445986896775
1411635,191.9221074329747
1173357,318.15479691360036
1091113,397.51199737445063
1488338,184.93322840211732
1460152,220.40962337106367
1065364,282.00457750580074
1082944,1357.9543022153764
1476967,404.7533617956391
1435652,607.2832400963322
1291482,123.9134088552616
1345720,104.2344035456528
1316364,80.65529949362455
1178189,141.40480892180867
1082240,513.374806066422
1480631,429.3303902885769
1384332,58.83306248683792
1246960,45.165595088189264
1058253,58.83306248683792
1495516,614.3853909212653
1077710,903.2509594774976
1311456,818.6626645196303
1070786,26.139647496940537
1001701,40.783443703447354
1455377,23.56308128170095
1071891,207.58274903479523
1462931,257.9945301393288
1213126,450.5736280496527
1181013,164.78803142581074
1332262,127.66844589393827
1323447,123.9134088552616
1204703,207.58274903479523
1343836,164.78803142581074
1145830,260.2285984741923
1114280,57.92757598027962
1098157,89.0568987877406
1419588,62.48025450402028
1082740,429.3303902885769
1433681,415.8536693994446
1067435,389.8526349534351
1155657,257.26180275518556
1281207,301.93382499679456
1490318,123.9134088552616
1084864,37.05231077430668
1435085,158.04873692752642
1356353,145.07060909614802
1415607,137.3699196254669
1334640,311.00044655408396
1297961,197.13522892220846
1342342,136.96734742718112
1029422,179.12442123671096
1190784,812.5942512884623
1441059,384.783701678737
1134065,303.0616945182964
1010627,70.91465757021143
1136200,45.165595088189264
1382153,62.48025450402028
1096987,51.27050791941515
1158069,269.73540607941516
1121635,946.9573623149822
1150358,699.299938344033
1077324,20.918566643974415
1215019,188.40562372752203
1363375,186.11565078621612
1137912,245.3727875602082
1468001,44.09581422064965
1317986,27.609025972479195
1465417,49.68334349508331
1172075,70.91465757021143
1394786,115.12054605747885
1175490,94.46797028891713
1363049,584.7416583664025
1358565,784.023208205906
1312142,404.7533617956391
1473003,421.7868621476975
1043675,523.9682541816373
1189088,131.73063613513636
1103745,20.918566643974415
1077514,58.83306248683792
1200158,42.56703956474454
1468882,186.11565078621612
1151507,319.8883803444692
1007265,260.2285984741923
1185048,201.18922079720608
1488743,250.509338247975
1134676,229.69115747355295
1217059,582.4596770336486
1337499,301.93382499679456
1257318,269.98633362547315
1486782,67.93571707225509
1252862,49.68334349508331
1289314,212.46227016911783
1254687,429.3303902885769
1020087,390.1460862534218
1468256,15.757943697173394
1073474,111.12301505627862
1205259,135.41424998617074
1201329,135.41424998617074
1054541,40.447259972116804
1237169,49.68334349508331
1035323,32.37936089480551
1280934,33.09541835883834
1155695,305.11912886295585
1211335,462.3933485712259
1328196,307.3765308043676
1083041,646.0979930206123
1025411,655.844186407494
1275812,186.11565078621612
1132104,33.09541835883834
1459804,90.2169898725787
1052572,62.039650096962404
1123645,257.26180275518556
1350405,450.5736280496527
1292193,429.3303902885769
1397778,307.3765308043676
1237836,353.4641581741101
1155353,391.7176317893607
1057722,941.8329846559928
1274485,350.4253587779501
1497047,405.006342921738
1269935,71.73088602528792
1317971,58.83306248683792
1316420,58.83306248683792
1076136,45.165595088189264
1465717,259.3640032840083
1192548,197.0908889481728
1272411,44.09581422064965
1307453,40.783443703447354
1390209,57.92757598027962
1396591,404.7533617956391
1207029,607.2832400963322
1386805,589.0845808962376
1221459,22.1780454486166
1204605,179.12442123671096
1218108,229.69115747355295
1434356,288.45878500593597
1097232,111.12301505627862
1116834,107.51718366420707
1186950,85.0964335352373
1080504,94.27824738536916
1401133,127.66844589393827
1005512,45.165595088189264
1087904,58.83306248683792
1233422,40.447259972116804
1451461,319.8832332044032
1060105,353.4641581741101
1402994,415.8536693994446
1015394,1300.7610891226095
1064767,1041.0164816929812
1492943,463.40606868843656
1410066,32.37936089480551
1139055,67.93571707225509
1489232,73.84445986896775
1070424,450.83509598272263
1405502,568.1728863392055
1259325,947.339733278442
1361061,153.7462205273739
1431485,152.24261946299117
1064580,260.773477523714
1304965,949.792592137164
1047356,510.47401064871127
1307778,784.023208205906
1457212,94.27824738536916
1213952,98.18999686242772
1191343,136.7697574463391
1154706,204.9485727884011
1271717,141.40480892180867
1398750,81.24258821931583
1341876,45.165595088189264
1422024,678.0505395576475
1413467,614.3853909212653
1325121,523.9682541816373
1151232,37.05231077430668
1279111,25.747795365433614
1360376,212.71319771517582
1169611,212.46227016911783
1311405,249.99018094015577
1310403,62.039650096962404
1248441,65.99112413094363
1329548,59.645462668427236
1046279,158.29966447358441
1497254,239.96468016607508
1163695,429.3303902885769
1274761,142.2945285593172
1495378,123.9134088552616
1362663,108.99429086918374
1019457,188.40562372752203
1191888,318.15479691360036
1013907,249.99018094015577
1063119,40.447259972116804
1234655,58.83306248683792
1259715,49.68334349508331
1284851,350.4253587779501
1015130,238.45630989146522
1167983,516.1400817272013
1423160,728.4566098625397
1434042,616.183528781841
1129473,207.58274903479523
1076570,32.37936089480551
1042497,89.0568987877406
1190479,71.73088602528792
1038318,463.4112158285026
1000127,450.5787751897187
1011159,903.2509594774976
1495646,227.58845795873157
1076420,183.11682976160276
1010745,269.73540607941516
1402515,812.5942512884623
1197982,468.28789663325574
1043744,728.4566098625397
1457953,96.98764634435442
1130000,62.039650096962404
1059530,98.18999686242772
1466396,37.05231077430668
1077306,37.05231077430668
1102343,33.09541835883834
1316991,643.2933866854997
1391982,591.2741245166496
1052729,468.28789663325574
1047101,15.757943697173394
1325280,15.757943697173394
1191994,131.73063613513636
1009944,98.51921861023504
1353405,137.21827497323912
1080744,81.49351576537381
1411958,92.42882921504781
1412982,137.3699196254669
1020171,288.45878500593597
1031252,305.11912886295585
1016213,110.44300572415969
1428133,136.96734742718112
1385890,94.46797028891713
1392951,33.09541835883834
1232151,60.50140510508264
1359146,50.69640610044327
1441886,334.14563246261207
1218820,220.40962337106367
1267627,472.8093684877515
1373638,461.3233563984868
1212950,404.7533617956391
1313223,158.04873692752642
1040381,32.791712239713746
1380927,85.19428689764571
1027765,81.24258821931583
1033339,390.1512333934878
1425660,589.5294797513844
1113685,334.14563246261207
1401462,238.45630989146522
1273474,191.9221074329747
1091363,197.0908889481728
1492838,983.089740880728
1320703,552.854929591198
1194501,605.9680199034339
1324100,37.05231077430668
1471562,62.039650096962404
1272207,45.165595088189264
1386706,26.139647496940537
1475574,42.56703956474454
1109837,450.5736280496527
1118679,1457.4093413268786
1190647,1041.0164816929812
1328963,17.59889671657842
1430846,31.10734485112845
1158154,37.05231077430668
1197145,89.0568987877406
1190178,51.27050791941515
1378832,67.93571707225509
1322978,260.2285984741923
1379618,516.1400817272013
1003304,462.1313904107206
1210043,49.68334349508331
1213573,71.73088602528792
1245394,58.83306248683792
1436052,58.83306248683792
1481719,45.165595088189264
1146138,70.91465757021143
1114349,51.27050791941515
1217859,528.7018123144654
1108742,305.11912886295585
1251268,946.9573623149822
1006386,405.006342921738
1161492,462.1313904107206
1358060,227.58845795873157
1371287,37.05231077430668
1256315,78.93806157928589
1121055,50.69640610044327
1475537,128.46280287243357
1347318,269.98633362547315
1454603,269.73540607941516
1358350,89.0568987877406
1213905,94.27824738536916
1253272,107.51718366420707
1487325,790.9233406389424
1013460,303.0616945182964
1315234,510.47401064871127
1250556,89.0568987877406
1265800,98.18999686242772
1465665,58.83306248683792
1103726,269.73540607941516
1494205,260.2285984741923
1189067,51.27050791941515
1471552,37.05231077430668
1453612,60.50140510508264
1377134,398.630928735342
1130559,528.7018123144654
1357157,461.3233563984868
1409994,33.09541835883834
1294522,22.1780454486166
1151562,114.11678333686496
1050376,161.19198404589054
1428932,238.45630989146522
1465957,90.2169898725787
1319696,62.039650096962404
1407657,65.99112413094363
1352086,158.04873692752642
1418187,111.12301505627862
1048311,142.2945285593172
1165831,60.50140510508264
1132616,73.84445986896775
1083784,51.27050791941515
1416037,294.3874564635465
1435204,250.06644564670663
1186545,179.12442123671096
1268657,1284.6659020243953
1181753,903.2509594774976
1458923,472.8093684877515
1344823,42.56703956474454
1479610,111.77141557036829
1274250,111.12301505627862
1323910,568.1728863392055
1003508,590.199236900352
1092809,952.6097231769818
1275720,184.93322840211732
1408837,136.96734742718112
1481979,260.2285984741923
1028951,1309.4201341001997
1373822,687.4799865773577
1378974,984.0741037733518
1046692,94.27824738536916
1011254,131.98156368119436
1273103,188.40562372752203
1327930,123.9134088552616
1055553,71.10964374020064
1383239,73.84445986896775
1026289,60.50140510508264
1318608,728.4566098625397
1313750,797.8983186506963
1325803,646.0979930206123
1256323,37.05231077430668
1037238,111.3739426023366
1368563,179.37534878276895
1079212,197.0908889481728
1167023,112.54495677784358
1278023,94.27824738536916
1231837,58.83306248683792
1035823,204.9485727884011
1253401,311.00044655408396
1061037,468.28789663325574
1292684,127.66844589393827
1124624,139.35052008215322
1111998,94.46797028891713
1109928,164.78803142581074
1490077,383.306046597072
1033222,197.0908889481728
1198020,45.165595088189264
1466824,89.0568987877406
1233925,75.35736216196382
1470068,387.6557107577639
1218519,326.49716454512424
1336140,684.9073516834752
1301315,179.12442123671096
1155421,502.245161974527
1194917,260.2285984741923
1173000,37.05231077430668
1354418,94.46797028891713
1215320,65.84094859771089
1061139,180.25557869370382
1180146,313.1748500801933
1090955,296.4857659094403
1147950,98.18999686242772
1207215,115.12054605747885
1318775,107.51718366420707
1204027,941.8329846559928
1413965,318.15479691360036
1331579,461.3233563984868
1312626,75.35736216196382
1218834,111.42423279021803
1032713,311.4340848322759
1271703,239.35856061749607
1085153,40.447259972116804
1084295,40.447259972116804
1359593,40.783443703447354
1047132,391.7176317893607
1270406,584.7416583664025
1018816,461.3233563984868
1152664,23.56308128170095
1041786,25.747795365433614
1094765,26.139647496940537
1347013,153.7462205273739
1491511,161.19198404589054
1389945,207.58274903479523
1055106,67.41930886346482
1289462,62.039650096962404
1008838,131.73063613513636
1247371,131.73063613513636
1126864,191.9221074329747
1451674,40.447259972116804
1385517,65.99112413094363
1154247,41.13672463208972
1179404,342.10059239347845
1405934,462.3933485712259
1142085,282.00457750580074
1009709,239.35856061749607
1327954,257.26180275518556
1348230,51.27050791941515
1317437,42.56703956474454
1358874,250.509338247975
1066722,269.98633362547315
1426661,265.12524563645184
1189682,153.7462205273739
1361421,164.78803142581074
1488795,193.31912139486292
1394848,319.8883803444692
1412980,405.006342921738
1388481,318.15479691360036
1482717,19.60898272233456
1207154,33.09541835883834
1080646,318.15479691360036
1423780,318.15479691360036
1076968,354.1851435696782
1492097,15.757943697173394
1444295,107.76811121026505
1338940,137.6208471715249
1066511,136.96734742718112
1156979,107.51718366420707
1056205,127.66844589393827
1418176,161.19198404589054
1041452,58.83306248683792
1287446,37.05231077430668
1401376,32.044746901157346
1365246,27.609025972479195
1368785,22.39374657374814
1101540,269.73540607941516
1364650,85.0964335352373
1010363,404.7533617956391
1059056,1309.7416974918403
1325139,1041.0164816929812
1002435,450.5736280496527
1354416,128.46280287243357
1276165,655.5622859207073
1327823,761.9480599178264
1463775,1087.4737786334417
1401014,201.77833656980752
1348216,145.07060909614802
1284993,229.69115747355295
1307954,1315.960132116041
1097182,611.0376843633196
1460667,1052.4264089225367
1116900,153.7462205273739
1141794,127.66844589393827
1423616,212.46227016911783
1297883,269.73540607941516
1338844,201.18922079720608
1270382,89.0568987877406
1176990,73.84445986896775
1109609,152.24261946299117
1125886,699.299938344033
1459649,584.7416583664025
1370105,462.1313904107206
1365258,49.68334349508331
1217805,51.27050791941515
1383782,127.66844589393827
1332940,212.71319771517582
1415280,191.9221074329747
1281939,158.04873692752642
1377594,136.96734742718112
1097453,98.18999686242772
1187092,188.40562372752203
1392729,319.8832332044032
1232474,462.3933485712259
1119483,143.49617934712072
1130256,153.7462205273739
1042242,131.73063613513636
1122806,244.22398533311585
1493799,429.3303902885769
1487003,389.8526349534351
1322423,197.0908889481728
1465439,137.3699196254669
1357396,614.3853909212653
1055674,569.9175311044708
1061706,350.4253587779501
1188591,1475.139282061525
1345516,881.3329780496023
1164926,642.7665788443229
1157352,45.41652263424725
1162495,136.96734742718112
1439572,135.41424998617074
1252122,728.174709375753
1473136,822.1500176671195
1414239,1293.8772227768739
1227902,180.25557869370382
1475674,197.0908889481728
1074156,307.3765308043676
1124415,1341.608138155903
1429469,805.5931536927383
1196202,1094.84106463691
1207213,111.77141557036829
1220768,179.12442123671096
1219884,282.00457750580074
1476173,138.94175982265241
1258695,92.17790166898983
1190890,71.10964374020064
1302775,81.24258821931583
1166615,870.4905644011565
1168141,870.4905644011565
1347061,728.4566098625397
1234023,27.609025972479195
1217405,26.139647496940537
1137757,478.4608610040736
1142488,699.4358769737647
1312713,603.9118101820272
1254886,90.2169898725787
1175778,65.99112413094363
1273113,58.83306248683792
1438146,197.0908889481728
1311889,239.96468016607508
1109876,462.1313904107206
1314145,158.04873692752642
1140803,123.9134088552616
1026912,252.1964550746102
1455331,429.3303902885769
1156368,295.7980600019056
1224254,62.48025450402028
1423832,81.24258821931583
1432432,92.17790166898983
1218398,646.0979930206123
1189072,318.15479691360036
1349200,728.1351956072407
1210564,782.4332595915108
1306324,818.6626645196303
1246324,250.1452410113728
1007274,37.05231077430668
1416495,107.51718366420707
1482738,98.18999686242772
1112624,260.2285984741923
1071982,528.7018123144654
1007464,405.006342921738
1032604,250.509338247975
1373185,260.2285984741923
1491158,197.0908889481728
1185291,1058.9539199049923
1364764,404.7533617956391
1193094,510.47401064871127
1386568,62.039650096962404
1204718,71.10964374020064
1412333,59.645462668427236
1371558,98.18999686242772
1107600,311.00044655408396
1413888,294.3874564635465
1427250,49.68334349508331
1044881,45.165595088189264
1332733,62.48025450402028
1325149,429.3303902885769
1286591,655.844186407494
1066069,586.1974367927389
1274735,23.56308128170095
1471120,37.05231077430668
1252651,158.04873692752642
1477762,212.46227016911783
1331846,238.45630989146522
1368853,114.11678333686496
1309782,94.46797028891713
1105042,92.17790166898983
1099051,127.66844589393827
1294198,123.94830623540877
1204789,257.9945301393288
1341777,51.27050791941515
1455309,65.84094859771089
1433285,569.9175311044708
1012505,450.5736280496527
1104929,398.630928735342
1114635,415.8536693994446
1084924,389.8526349534351
1157371,142.2945285593172
1190987,40.447259972116804
1041636,127.66844589393827
1089516,94.27824738536916
1020854,175.59710078120884
1307783,307.3765308043676
1201333,303.7158844855289
1462723,158.04873692752642
1110181,188.40562372752203
1165740,188.40562372752203
1398485,876.1619553370252
1071026,319.8832332044032
1183503,429.3303902885769
1215898,78.93806157928589
1052604,49.68334349508331
1239988,75.35736216196382
1363046,81.24258821931583
1337424,177.54302085472833
1015074,131.73063613513636
1221444,58.83306248683792
1113063,49.68334349508331
1154806,60.50140510508264
1109703,390.1460862534218
1021912,643.2933866854997
1298180,549.9441040001311
1384906,25.747795365433614
1308789,23.56308128170095
1427380,191.9221074329747
1210445,257.26180275518556
1377696,282.00457750580074
1041733,85.19428689764571
1458994,73.84445986896775
1455799,51.27050791941515
1341588,71.73088602528792
1034394,89.0568987877406
1396890,143.49617934712072
1429960,49.68334349508331
1267932,92.17790166898983
1211830,50.69640610044327
1272619,399.7874730227927
1095155,416.79480481627644
1260998,250.509338247975
1446344,2283.941968231294
1113545,1992.9786191774606
1165254,791.3627803821291
1035393,107.51718366420707
1190535,249.99018094015577
1135656,191.9221074329747
1387179,797.6164181639095
1016058,1087.7247061794997
1213128,2012.4618334084728
1498348,139.35052008215322
1037275,153.7462205273739
1306497,303.7158844855289
1173215,2489.1670601932274
1313071,1148.2065207147969
1243501,1875.1553572840585
1181479,295.7980600019056
1251517,311.00044655408396
1019878,145.29757198979337
1179192,334.14563246261207
1395274,423.01282440468475
1323008,303.7158844855289
1277683,161.19198404589054
1348796,139.35052008215322
1357767,188.40562372752203
1261781,1302.829563563026
1317465,1052.4264089225367
1404060,805.5931536927383
1067530,67.93571707225509
1441892,85.19428689764571
1188240,647.529020519626
1223568,791.3627803821291
1477410,768.5192779706615
1341241,220.40962337106367
1084874,175.59710078120884
1176180,164.78803142581074
1350329,238.45630989146522
1172618,398.630928735342
1449340,728.4566098625397
1377191,294.3874564635465
1478466,298.24134385505363
1412159,260.2285984741923
1415286,605.9680199034339
1496971,738.9872266907895
1429780,603.9118101820272
1018985,123.40493872868458
1463282,188.40562372752203
1228365,138.94175982265241
1078001,870.7718441467118
1097877,591.2741245166496
1145821,643.2933866854997
1168967,903.2509594774976
1102821,740.2225336632139
1440816,289.79940575609317
1307971,33.09541835883834
1480181,94.46797028891713
1398113,67.41930886346482
1481125,762.2299604046132
1238037,187.83260286703043
1302813,180.25557869370382
1157998,269.73540607941516
1100814,780.2340067968843
1414249,404.7533617956391
1064239,603.9118101820272
1239602,92.17790166898983
1364760,160.17185853115015
1087470,107.51718366420707
1122068,59.645462668427236
1101824,62.48025450402028
1318121,49.68334349508331
1459062,586.1974367927389
1150712,468.28789663325574
1097552,423.01282440468475
1335537,404.7585089357051
1233535,415.8588165395106
1253969,32.37936089480551
1042781,28.232661064152953
1153942,164.78803142581074
1087640,245.3727875602082
1479828,318.15479691360036
1140662,164.78803142581074
1411918,153.7462205273739
1149789,104.2344035456528
1359316,158.04873692752642
1312063,207.58274903479523
1272016,135.41424998617074
1140449,45.165595088189264
1043355,62.039650096962404
1025691,59.645462668427236
1224186,301.93382499679456
1426162,250.06644564670663
1048220,384.783701678737
1025558,1672.1098211219273
1047097,984.0741037733518
1422931,791.3627803821291
1471480,75.35736216196382
1415987,186.11565078621612
1079860,191.9221074329747
1351993,739.9406331764271
1461917,870.4899436599251
1148180,1259.589965288865
1196301,164.78803142581074
1093029,164.78803142581074
1045723,265.12524563645184
1395446,1672.6768545816935
1231823,821.0370965557263
1218303,1316.0375759156225
1221218,131.73063613513636
1208015,158.04873692752642
1395932,111.77141557036829
1133957,227.58845795873157
1120215,311.00044655408396
1061156,164.78803142581074
1038221,131.73063613513636
1362836,127.66844589393827
1297712,127.66844589393827
1061253,900.175566102047
1400730,903.2509594774976
1123458,614.3853909212653
1166811,45.165595088189264
1016126,37.05231077430668
1261795,44.09581422064965
1139004,468.28789663325574
1207970,738.7053262040027
1006063,684.9073516834752
1201464,98.18999686242772
1469353,114.11678333686496
1237384,85.0964335352373
1205460,238.45630989146522
1184746,326.49716454512424
1051349,516.1400817272013
1309800,164.78803142581074
1191930,175.59710078120884
1482127,158.04873692752642
1255449,389.8526349534351
1134444,478.4608610040736
1198260,334.19422889788916
1461834,98.18999686242772
1440765,153.7462205273739
1272010,137.3699196254669
1251272,687.4799865773577
1062635,552.854929591198
1316515,613.4450048155272
1215917,456.6264052674344
1095872,306.3183687917708
1329014,138.94175982265241
1425452,37.05231077430668
1187938,96.98764634435442
1023244,71.10964374020064
1175478,188.40562372752203
1126925,314.6387695111861
1398366,269.73540607941516
1152312,197.13522892220846
1363630,193.31912139486292
1221495,197.13522892220846
1058161,706.4432799791617
1049337,307.3765308043676
1227943,405.006342921738
1224486,73.84445986896775
1304927,60.50140510508264
1011053,59.645462668427236
1286223,204.9485727884011
1283181,164.78803142581074
1067400,45.165595088189264
1441563,49.68334349508331
1418704,49.68334349508331
1000531,399.7874730227927
1044876,587.8920996328875
1370466,478.4608610040736
1174805,201.18922079720608
1488970,269.73540607941516
1305781,296.4857659094403
1009743,80.34410732504644
1029249,71.73088602528792
1347941,41.13672463208972
1493775,94.27824738536916
1419171,59.645462668427236
1301631,59.645462668427236
1434397,41.03437124950534
1320423,294.3874564635465
1125818,313.1748500801933
1491444,259.3640032840083
1440692,405.006342921738
1143262,318.15479691360036
1429564,127.66844589393827
1403272,26.139647496940537
1336168,85.19428689764571
1103794,59.645462668427236
1100366,107.76811121026505
1231147,250.1452410113728
1318939,207.58274903479523
1323615,127.66844589393827
1400460,123.40493872868458
1267608,153.7462205273739
1254236,582.4776453076296
1493015,177.54302085472833
1397681,289.79940575609317
1432364,37.05231077430668
1147010,131.73063613513636
1450106,104.2344035456528
1301647,44.09581422064965
1398942,37.05231077430668
1468483,282.00457750580074
1390931,405.006342921738
1209189,389.8526349534351
1488426,131.73063613513636
1225360,175.59710078120884
1240032,197.13522892220846
1350236,60.50140510508264
1223002,62.48025450402028
1302037,37.05231077430668
1087910,73.84445986896775
1268663,44.09581422064965
1320986,58.83306248683792
1446108,44.09581422064965
1233956,201.18922079720608
1175659,212.46227016911783
1400458,180.25557869370382
1105463,478.4608610040736
1251776,478.4608610040736
1479035,305.11912886295585
1313337,62.039650096962404
1227743,179.12442123671096
1210597,162.0171371740921
1081595,197.38615646826645
1451525,569.9175311044708
1180851,456.6264052674344
1144575,123.94830623540877
1219773,75.35736216196382
1393045,98.18999686242772
1212895,1349.7251873691305
1037638,605.661888172644
1207482,946.9573623149822
1372137,127.66844589393827
1374959,164.78803142581074
1378330,123.9134088552616
1359565,298.24134385505363
1321731,456.6264052674344
1215039,464.5777208381119
1489247,98.18999686242772
1176682,111.77141557036829
1388982,646.0979930206123
1020188,784.023208205906
1255737,516.1400817272013
1473804,45.165595088189264
1015629,153.7462205273739
1461366,229.69115747355295
1331567,260.2285984741923
1132288,111.77141557036829
1387910,110.44300572415969
1273491,104.2344035456528
1262326,245.3727875602082
1346952,229.69115747355295
1174172,342.10059239347845
1215881,142.2945285593172
1033219,201.18922079720608
1041770,164.78803142581074
1218567,655.844186407494
1402114,466.5413610886773
1276377,245.3727875602082
1231259,158.04873692752642
1049402,162.0171371740921
1431933,108.99429086918374
1002726,22.1780454486166
1432281,45.165595088189264
1294224,37.05231077430668
1049747,152.0648134656565
1402031,334.14563246261207
1099823,197.0908889481728
1333295,138.94175982265241
1233979,257.9945301393288
1255867,229.69115747355295
1204185,498.5918950738551
1157387,220.62688752313338
1061848,179.12442123671096
1282758,158.04873692752642
1084106,450.5736280496527
1387632,389.8526349534351
1404581,164.78803142581074
1399873,166.94142008526637
1469693,175.59710078120884
1312840,43.48631288946552
1367681,49.68334349508331
1287575,23.56308128170095
1158242,37.05231077430668
1042443,33.09541835883834
1445581,33.09541835883834
1446321,313.1748500801933
1080016,342.10059239347845
1456847,423.01282440468475
1035890,296.4857659094403
1482218,245.3727875602082
1011587,75.35736216196382
1075257,94.27824738536916
1388606,45.165595088189264
1294557,158.04873692752642
1144032,301.93382499679456
1352556,192.7982268315772
1379192,128.46280287243357
1147337,131.73063613513636
1059909,96.98764634435442
1499828,421.7920092877635
1128779,183.11682976160276
1356527,257.26180275518556
1144794,81.24258821931583
1493213,60.50140510508264
1474599,32.37936089480551
1471305,30.333820423732597
1230194,145.07060909614802
1278981,227.58845795873157
1424334,197.0908889481728
1132799,89.0568987877406
1167044,107.51718366420707
1478019,98.18999686242772
1271271,40.447259972116804
1290510,43.48631288946552
1049307,58.83306248683792
1238277,37.05231077430668
1266690,37.05231077430668
1199433,40.447259972116804
1088470,175.59710078120884
1324588,204.9485727884011
1060321,197.13522892220846
1310566,984.0741037733518
1225001,642.7665788443229
1226502,421.7868621476975
1287196,33.346345904896324
1071387,94.46797028891713
1328779,423.01797154475076
1031721,568.1728863392055
1388615,899.49397701002
1314481,238.45630989146522
1108889,204.9485727884011
1300350,294.3874564635465
1358310,1052.54841499623
1356066,549.9441040001311
1431400,768.8551816771931
1311218,89.0568987877406
1182403,71.10964374020064
1116567,71.73088602528792
1377731,90.2169898725787
1167940,135.41424998617074
1302524,98.18999686242772
1169331,71.10964374020064
1359107,67.41930886346482
1085144,685.393566949292
1028427,584.7596266403834
1021678,500.873876406609
1476370,30.333820423732597
1371620,260.2285984741923
1062346,294.6383840096045
1049778,318.1599440536664
1222112,89.0568987877406
1028218,94.27824738536916
1102147,85.19428689764571
1033765,265.12524563645184
1398637,342.10059239347845
1424899,516.1400817272013
1003967,127.66844589393827
1216755,135.41424998617074
1382848,139.66590002155132
1006636,193.31912139486292
1255187,114.11678333686496
1002825,45.165595088189264
1432434,60.50140510508264
1458669,49.68334349508331
1136618,397.51199737445063
1298435,303.7158844855289
1017459,494.0577920710442
1480827,584.7596266403834
1299518,569.9175311044708
1176115,252.1964550746102
1215512,23.56308128170095
1356082,98.18999686242772
1133587,92.17790166898983
1386654,389.8577820935011
1123716,391.72277892942674
1109478,350.4253587779501
1438311,260.2285984741923
1114154,305.11912886295585
1150037,351.9849134854716
1066068,687.4834897477404
1351758,516.1400817272013
1435257,461.3233563984868
1112290,27.609025972479195
1402527,26.139647496940537
1443517,42.081944577309486
1020688,32.791712239713746
1113888,390.1197859130282
1307127,791.3627803821291
1497480,791.3627803821291
1451868,20.918566643974415
1252788,128.71373041849156
1408863,111.3739426023366
1208940,142.62375030712454
1466302,23.56308128170095
1303316,19.60898272233456
1158006,27.609025972479195
1384034,201.77833656980752
1309594,250.509338247975
1346198,342.10059239347845
1352497,73.84445986896775
1362391,60.50140510508264
1027892,65.99112413094363
1418720,37.05231077430668
1310185,40.447259972116804
1445820,32.37936089480551
1050364,587.8920996328875
1249726,405.006342921738
1337606,903.2509594774976
1475476,388.34793588643896
1453888,321.637589564569
1305515,114.11678333686496
1140432,30.333820423732597
1239456,107.51718366420707
1070446,135.41424998617074
1119188,257.26180275518556
1218581,220.59447621445366
1370288,98.18999686242772
1375139,71.10964374020064
1031326,80.34410732504644
1405867,942.2153556194527
1028118,391.7176317893607
1044889,683.8008534394285
1481854,98.18999686242772
1373268,85.19428689764571
1246191,58.83306248683792
1469635,111.12301505627862
1141599,294.3874564635465
1206791,260.2285984741923
1227566,51.27050791941515
1176711,65.99112413094363
1071025,405.006342921738
1098869,569.9175311044708
1134748,468.28789663325574
1431191,26.139647496940537
1321009,32.791712239713746
1014062,111.77141557036829
1296580,166.94142008526637
1286715,197.0908889481728
1281292,94.27824738536916
1172572,85.0964335352373
1374201,142.2945285593172
1263233,104.2344035456528
1481851,187.83260286703043
1245821,65.99112413094363
1330516,94.46797028891713
1321932,75.35736216196382
1237549,404.7533617956391
1146827,397.51199737445063
1457955,158.04873692752642
1084735,738.9872266907895
1372396,728.4566098625397
1496028,334.19422889788916
1296951,37.05231077430668
1118153,107.51718366420707
1402941,250.1452410113728
1484875,461.3233563984868
1198850,450.5736280496527
1283683,197.13522892220846
1356046,289.79940575609317
1224330,297.0353323014201
1090698,1267.2030337184526
1295691,423.01282440468475
1292802,687.4799865773577
1475126,142.2945285593172
1429767,131.73063613513636
1020680,110.27081495452957
1356602,305.11912886295585
1199633,294.3874564635465
1217087,59.645462668427236
1033763,45.165595088189264
1150992,59.645462668427236
1014413,569.9175311044708
1327452,726.8841773678105
1319045,762.2299604046132
1051015,23.56308128170095
1243278,32.37936089480551
1285602,27.609025972479195
1019836,250.06644564670663
1352515,229.69115747355295
1282703,388.34793588643896
1394147,186.11565078621612
1376159,136.96734742718112
1025888,141.40480892180867
1318041,191.9221074329747
1391652,162.0171371740921
1486220,214.67352562252546
1360701,58.83306248683792
1270031,85.0964335352373
1438003,58.83306248683792
1120877,472.8093684877515
1489926,541.846327536151
1459041,478.4608610040736
1263948,257.26180275518556
1401658,239.96468016607508
1016096,75.35736216196382
1414784,65.99112413094363
1135055,50.69640610044327
1165756,108.99429086918374
1029652,245.3727875602082
1176747,212.71319771517582
1297987,145.321536642206
1360564,137.3699196254669
1353409,461.59920098329786
1055062,164.78803142581074
1331601,207.58274903479523
1400538,40.447259972116804
1272139,110.27081495452957
1121842,89.0568987877406
1089929,23.56308128170095
1350289,28.232661064152953
1300844,187.83260286703043
1083292,289.79940575609317
1360072,244.22398533311585
1021981,20.05069109336787
1372749,15.757943697173394
1474101,131.73063613513636
1380886,164.78803142581074
1197547,188.40562372752203
1185551,59.645462668427236
1493218,32.791712239713746
1429824,28.232661064152953
1095993,28.232661064152953
1196527,297.6410950332689
1012703,227.58845795873157
1379033,127.66844589393827
1491023,1300.7610891226095
1171211,946.9573623149822
1233401,586.1974367927389
1322706,44.09581422064965
1402535,111.12301505627862
1417777,92.17790166898983
1433797,450.5787751897187
1176726,462.1365375507866
1110072,946.9573623149822
1319585,107.51718366420707
1069064,104.2344035456528
1422708,179.12442123671096
1117036,1304.6141925338973
1144316,646.0979930206123
1337096,903.2509594774976
1110407,127.66844589393827
1031522,111.12301505627862
1210516,260.2285984741923
1282552,313.1748500801933
1103032,201.77833656980752
1134238,98.18999686242772
1173143,73.84445986896775
1460062,107.51718366420707
1289857,687.4799865773577
1081483,702.7579344090778
1293946,586.1974367927389
1169768,43.48631288946552
1019604,40.783443703447354
1373197,30.333820423732597
1057638,212.46227016911783
1061420,296.7366934554983
1010307,269.98633362547315
1424009,80.65529949362455
1143977,71.73088602528792
1484953,49.68334349508331
1461892,131.73063613513636
1260223,186.11565078621612
1235435,404.7533617956391
1054157,188.40562372752203
1080254,131.73063613513636
1156508,141.40480892180867
1270266,257.26180275518556
1207528,450.8299488426566
1091118,342.10059239347845
1476847,89.0568987877406
1136234,92.17790166898983
1233036,67.93571707225509
1238986,516.1400817272013
1325999,398.630928735342
1456063,391.7176317893607
1222185,1154.5795736994444
1000914,822.4319181539063
1391457,552.854929591198
1154903,40.783443703447354
1282451,98.18999686242772
1153827,89.0568987877406
1203036,590.199236900352
1359060,655.5622859207073
1102552,1281.23679976107
1482823,303.7158844855289
1308925,295.0446176028904
1062083,383.306046597072
1381272,1149.671688079348
1304391,677.2770357876691
1366625,805.5931536927383
1486675,73.84445986896775
1467660,111.12301505627862
1417238,98.18999686242772
1265645,65.99112413094363
1307235,49.68334349508331
1116488,45.165595088189264
1056319,740.2225336632139
1320396,710.6883177571254
1057904,587.8920996328875
1313695,23.56308128170095
1363498,131.98156368119436
1196056,60.75233265114063
1142410,71.43886548800796
1448722,65.99112413094363
1399814,67.41930886346482
1234686,40.783443703447354
1031013,288.45878500593597
1237510,311.4340848322759
1454059,405.006342921738
1228616,153.7462205273739
1140133,152.0648134656565
1175672,73.84445986896775
1142843,123.94830623540877
1485113,259.3640032840083
1385344,123.94830623540877
1119550,44.09581422064965
1199984,65.99112413094363
1496575,51.27050791941515
1009225,389.8526349534351
1049774,353.4641581741101
1340348,616.183528781841
1125502,773.3338743638479
1465520,770.9412155716116
1113406,426.51843919045194
1162490,44.09581422064965
1139260,111.77141557036829
1252295,78.93806157928589
1306567,220.40962337106367
1165362,390.1460862534218
1207409,450.5736280496527
1269716,193.31912139486292
1270504,179.12442123671096
1277434,238.45630989146522
1178206,1052.54841499623
1264587,377.0439565154405
1114439,646.0979930206123
1375688,123.40493872868458
1277972,108.99429086918374
1217436,81.24258821931583
1174466,162.0171371740921
1114608,388.34793588643896
1293797,342.10059239347845
1317154,51.27050791941515
1240320,51.27050791941515
1413250,62.48025450402028
1299662,549.9441040001311
1161052,678.0505395576475
1381124,586.1974367927389
1337395,166.94142008526637
1330452,265.12524563645184
1183080,326.49716454512424
1116990,158.04873692752642
1024218,123.9134088552616
1187068,107.51718366420707
1321905,177.54302085472833
1321815,98.18999686242772
1022883,176.93428206842518
1112746,62.48025450402028
1499105,98.18999686242772
1303623,78.93806157928589
1362036,390.10154249480604
1300135,389.8526349534351
1388988,257.9945301393288
1128508,429.3303902885769
1443272,311.00044655408396
1293085,136.96734742718112
1456990,26.139647496940537
1331381,73.84445986896775
1264789,60.50140510508264
1474583,136.7697574463391
1117604,260.2285984741923
1211899,250.06644564670663
1308012,252.1964550746102
1068633,201.77833656980752
1312066,250.06644564670663
1162592,667.7490973097374
1202168,239.35856061749607
1251786,269.73540607941516
1444312,65.84094859771089
1349255,51.27050791941515
1140050,40.783443703447354
1289787,26.139647496940537
1491526,297.6410950332689
1487137,455.72699936568034
1071687,353.4641581741101
1300579,152.0648134656565
1171591,197.0908889481728
1055337,191.9221074329747
1473987,85.19428689764571
1399761,71.73088602528792
1274564,44.09581422064965
1269004,37.05231077430668
1110962,60.50140510508264
1227656,42.56703956474454
1419068,49.68334349508331
1463873,37.05231077430668
1402030,289.79940575609317
1146461,377.0439565154405
1309768,259.3640032840083
1024879,60.50140510508264
1195370,78.93806157928589
1432323,33.09541835883834
1192832,27.609025972479195
1139374,33.09541835883834
1251873,110.69393327021767
1425548,71.73088602528792
1420456,135.41424998617074
1386849,179.12442123671096
1367988,165.63707857388917
1426570,111.12301505627862
1489321,104.2344035456528
1205477,20.05069109336787
1173914,15.757943697173394
1160894,62.48025450402028
1168852,318.15479691360036
1113928,239.96468016607508
1222271,45.165595088189264
1425594,158.04873692752642
1116633,180.25557869370382
1043673,191.9221074329747
1139943,15.757943697173394
1222855,282.00457750580074
1231529,98.18999686242772
1361358,403.06418331916177
1347690,797.8983186506963
1325444,478.4608610040736
1118472,334.14563246261207
1269724,37.05231077430668
1084827,92.17790166898983
1185867,67.93571707225509
1197167,297.2862598474781
1499035,334.75141369371806
1131544,611.0376843633196
1251976,71.73088602528792
1315178,142.2945285593172
1261856,645.342716908588
1263106,307.3765308043676
1463681,510.47401064871127
1227492,62.039650096962404
1361780,57.92757598027962
1478158,40.783443703447354
1115766,98.18999686242772
1473259,139.35052008215322
1211035,73.84445986896775
1223903,58.83306248683792
1438832,37.05231077430668
1481698,387.6557107577639
1177597,397.51199737445063
1155127,298.24134385505363
1244735,30.333820423732597
1433866,192.1730349790327
1278599,239.96468016607508
1395217,239.35856061749607
1033551,60.50140510508264
1415100,37.05231077430668
1156808,40.783443703447354
1151999,111.77141557036829
1263309,164.78803142581074
1172110,289.79940575609317
1360848,104.2344035456528
1225582,104.2344035456528
1238226,85.19428689764571
1221492,123.9134088552616
1227242,186.11565078621612
1339516,141.40480892180867
1486528,45.165595088189264
1100757,51.27050791941515
1410218,49.68334349508331
1132798,265.12524563645184
1381030,188.40562372752203
1292348,265.12524563645184
1263998,607.2832400963322
1171030,404.7533617956391
1096804,227.58845795873157
1450673,32.37936089480551
1414571,45.165595088189264
1017270,111.77141557036829
1060387,250.06644564670663
1242119,259.3640032840083
1452755,57.92757598027962
1403191,62.039650096962404
1048938,111.42423279021803
1210751,762.8411251089397
1189297,326.49716454512424
1164305,468.28789663325574
1111577,127.66844589393827
1041201,135.41424998617074
1286442,108.99429086918374
1245747,104.2344035456528
1050380,260.2285984741923
1276162,229.69115747355295
1088612,45.165595088189264
1245639,43.48631288946552
1133040,51.27050791941515
1353005,468.28789663325574
1482150,432.2685389934005
1001037,389.8526349534351
1259996,20.05069109336787
1304546,152.24261946299117
1032834,186.11565078621612
1255320,269.73540607941516
1245004,111.12301505627862
1197587,67.93571707225509
1197492,94.27824738536916
1454073,153.7462205273739
1190207,153.7462205273739
1092532,326.49716454512424
1138143,49.68334349508331
1321540,59.645462668427236
1297442,353.4693053141761
1136775,303.0616945182964
1352852,141.40480892180867
1138673,1852.347590955707
1175473,1599.0640337753812
1325558,946.9573623149822
1301604,59.645462668427236
1339781,188.40562372752203
1495463,164.78803142581074
1362178,618.4906660493056
1025247,783.7413077191193
1445468,1087.4737786334417
1435668,152.0648134656565
1121782,153.7462205273739
1355617,314.38784196512813
1258300,1670.0849334179504
1495420,873.198060491948
1188205,1300.7610891226095
1261755,123.9134088552616
1205071,107.51718366420707
1192336,73.84445986896775
1468731,197.13522892220846
1005332,429.3303902885769
1065783,201.18922079720608
1201129,94.27824738536916
1380060,141.40480892180867
1483696,111.12301505627862
1047140,818.6626645196303
1277215,984.0741037733518
1490233,873.198060491948
1088986,37.05231077430668
1301668,450.5736280496527
1036327,647.2471200328392
1290673,499.12923164134384
1316201,90.2169898725787
1179480,111.12301505627862
1387257,51.27050791941515
1450663,139.35052008215322
1392222,227.58845795873157
1203171,464.5777208381119
1450107,139.66590002155132
1053905,152.24261946299117
1461034,123.9134088552616
1439454,298.24134385505363
1424299,606.9899741817018
1287364,318.15479691360036
1127484,73.84445986896775
1436002,111.12301505627862
1038852,114.11678333686496
1173767,523.9682541816373
1154170,462.3933485712259
1316352,678.0505395576475
1271542,123.40493872868458
1104690,136.96734742718112
1403213,107.51718366420707
1115564,23.56308128170095
1019496,110.27081495452957
1266012,92.17790166898983
1314952,128.46280287243357
1294366,297.2862598474781
1420814,131.73063613513636
1240207,153.7462205273739
1079149,188.40562372752203
1017146,137.3699196254669
1203613,706.4432799791617
1107845,265.12524563645184
1143676,227.58845795873157
1103583,32.791712239713746
1145942,37.05231077430668
1148385,45.165595088189264
1156704,33.09541835883834
1026147,177.54302085472833
1287164,822.4319181539063
1116620,603.9118101820272
1325619,15.757943697173394
1421430,136.96734742718112
1061575,143.49617934712072
1337054,145.07060909614802
1316677,25.747795365433614
1167018,58.83306248683792
1314631,73.84445986896775
1492637,70.91465757021143
1061472,429.3303902885769
1066515,461.3233563984868
1000237,342.10059239347845
1095601,870.4905644011565
1251129,762.2299604046132
1193459,584.7416583664025
1352845,32.791712239713746
1394938,70.91465757021143
1107553,62.48025450402028
1413805,514.3954369619361
1458659,805.5931536927383
1441231,123.40493872868458
1162420,135.41424998617074
1271507,260.2285984741923
1413046,812.5942512884623
1089623,456.6264052674344
1491051,605.661888172644
1490279,65.99112413094363
1194113,49.68334349508331
1124427,85.0964335352373
1487219,160.17185853115015
1350558,111.42423279021803
1449547,58.83306248683792
1207523,40.447259972116804
1374767,494.0577920710442
1062397,728.4566098625397
1128597,614.3853909212653
1065924,22.39374657374814
1441542,405.011490061804
1257698,528.7018123144654
1444290,450.5787751897187
1451414,40.783443703447354
1043957,32.791712239713746
1373757,164.78803142581074
1219727,188.40562372752203
1318474,383.306046597072
1219711,137.3699196254669
1036885,123.94830623540877
1068866,94.46797028891713
1188384,162.0171371740921
1295157,123.9134088552616
1381768,123.9134088552616
1488755,40.783443703447354
1237785,60.50140510508264
1430193,40.447259972116804
1251853,353.4641581741101
1147826,260.2285984741923
1133252,616.183528781841
1341789,1072.4239313261794
1280894,873.198060491948
1159601,516.1400817272013
1045452,37.05231077430668
1494843,71.73088602528792
1076974,71.10964374020064
1349421,342.10573953354447
1274572,426.52358633051796
1432042,805.8450584860606
1338612,98.18999686242772
1046381,179.12442123671096
1241247,941.8329846559928
1294489,466.5413610886773
1185615,762.2299604046132
1443391,139.35052008215322
1216208,158.04873692752642
1149470,258.9661051334541
1002439,311.00044655408396
1115754,193.31912139486292
1405315,71.10964374020064
1220660,49.68334349508331
1339963,62.039650096962404
1073468,710.6883177571254
1288220,613.4450048155272
1354149,528.7018123144654
1320422,26.139647496940537
1153097,40.447259972116804
1287733,238.70723743752322
1322822,282.25550505185873
1086325,296.4857659094403
1308336,89.0568987877406
1368778,89.30782633379857
1208742,43.48631288946552
1237123,136.96734742718112
1105577,197.0908889481728
1201804,404.7533617956391
1036178,138.94175982265241
1226196,111.12301505627862
1158425,114.11678333686496
1494002,257.9945301393288
1056075,401.52632182794764
1237960,260.2285984741923
1427037,43.48631288946552
1450481,65.99112413094363
1363262,60.50140510508264
1417288,463.40606868843656
1141529,307.3765308043676
1498763,353.4641581741101
1368952,114.11678333686496
1442046,114.11678333686496
1013564,73.84445986896775
1145496,37.05231077430668
1469983,153.7462205273739
1356790,111.12301505627862
1292764,153.7462205273739
1213627,127.66844589393827
1182264,404.7585089357051
1098551,191.9221074329747
1079642,98.18999686242772
1179564,15.757943697173394
1025744,40.447259972116804
1183189,59.645462668427236
1184297,28.232661064152953
1093850,104.2344035456528
1330035,614.3853909212653
1450161,510.47401064871127
1346626,160.17185853115015
1055652,164.78803142581074
1195185,179.12442123671096
1148634,33.09541835883834
1278952,32.791712239713746
1067294,23.56308128170095
1046741,23.56308128170095
1265951,15.757943697173394
1300214,67.41930886346482
1107432,45.165595088189264
1463183,401.52632182794764
1281332,389.8526349534351
1292460,334.14563246261207
1197323,492.1257035426043
1071315,461.5546411231465
1076174,305.11912886295585
1246394,71.73088602528792
1103208,180.25557869370382
1237425,139.35052008215322
1497568,259.3640032840083
1133254,677.2770357876691
1204857,387.6557107577639
1217303,177.54302085472833
1356618,145.07060909614802
1437446,127.66844589393827
1214026,1345.1384822716673
1446810,500.873876406609
1148475,773.6385750817078
1295424,164.78803142581074
1420350,131.73063613513636
1449451,136.96734742718112
1148750,468.28789663325574
1215972,342.10059239347845
1323629,94.46797028891713
1102858,85.19428689764571
1081770,123.94830623540877
1471166,461.3233563984868
1067847,510.47401064871127
1427690,390.10154249480604
1317813,40.447259972116804
1043065,37.05231077430668
1100547,158.04873692752642
1278379,307.3765308043676
1239530,311.00044655408396
1233374,127.66844589393827
1431065,104.2344035456528
1463915,187.83260286703043
1117031,201.18922079720608
1187963,305.11912886295585
1223264,111.12301505627862
1297409,108.99429086918374
1208972,111.77141557036829
1102430,646.0979930206123
1474898,456.6264052674344
1291095,265.12524563645184
1028916,334.14563246261207
1124463,404.7533617956391
1340396,127.66844589393827
1222836,26.139647496940537
1013437,60.50140510508264
1456018,188.40562372752203
1036876,456.6264052674344
1486601,334.14563246261207
1238863,265.12524563645184
1042125,298.24134385505363
1482372,282.00457750580074
1053604,582.6785243526238
1056436,311.00044655408396
1271238,303.7158844855289
1142944,45.165595088189264
1068268,114.11678333686496
1323791,108.99429086918374
1227936,33.09541835883834
1027805,32.37936089480551
1302218,294.3874564635465
1459589,399.7874730227927
1144960,321.637589564569
1162539,15.757943697173394
1319182,127.66844589393827
1274740,193.31912139486292
1071305,153.7462205273739
1057456,59.645462668427236
1348911,51.27050791941515
1315441,59.645462668427236
1346976,71.73088602528792
1359818,32.37936089480551
1066167,33.09541835883834
1478541,313.1748500801933
1426278,456.6264052674344
1455569,288.45878500593597
1291439,1852.347590955707
1466747,1259.589965288865
1381463,318.15479691360036
1024922,49.68334349508331
1498440,107.51718366420707
1133390,90.2169898725787
1065475,568.1728863392055
1316995,652.2412944714238
1391805,1142.8357391595268
1166168,207.58274903479523
1304194,153.7462205273739
1171600,260.2285984741923
1289811,1141.6569202195994
1410167,591.2741245166496
1222485,984.0741037733518
1273699,85.19428689764571
1124837,135.41424998617074
1071845,179.12442123671096
1129187,111.12301505627862
1040528,57.92757598027962
1011546,60.50140510508264
1317257,60.50140510508264
1296819,684.9073516834752
1477335,684.707431899225
1064636,492.1257035426043
1378578,27.609025972479195
1396028,27.609025972479195
1437845,27.609025972479195
1210423,114.36771088292294
1214700,141.65573646786666
1417694,153.9971480734319
1408893,207.58274903479523
1255517,294.3874564635465
1490021,141.40480892180867
1044217,183.11682976160276
1102828,354.1851435696782
1308103,390.1460862534218
1029438,142.2945285593172
1147448,128.46280287243357
1180567,89.0568987877406
1055471,136.7697574463391
1364734,282.00457750580074
1172936,161.19198404589054
1233491,59.645462668427236
1218270,70.91465757021143
1397443,73.84445986896775
1493367,399.7874730227927
1100337,334.14563246261207
1464291,423.01282440468475
1205352,2001.2334040747262
1488828,405.006342921738
1081336,110.27081495452957
1352120,30.856417305070458
1441344,90.2169898725787
1392642,94.27824738536916
1305871,131.98156368119436
1367679,423.01282440468475
1227524,220.40962337106367
1102349,187.83260286703043
1153179,197.13522892220846
1098178,197.13522892220846
1414645,758.5222591941381
1327982,325.64117507705777
1344090,423.01282440468475
1090713,98.18999686242772
1271005,70.91465757021143
1453811,67.41930886346482
1476364,139.35052008215322
1011568,139.35052008215322
1267896,60.50140510508264
1219427,59.645462668427236
1078903,43.48631288946552
1066252,326.49716454512424
1489889,614.3853909212653
1355379,552.854929591198
1269505,20.918566643974415
1395715,22.1780454486166
1176424,22.1780454486166
1143026,193.31912139486292
1413929,212.46227016911783
1335032,260.2285984741923
1441521,89.0568987877406
1246340,73.84445986896775
1010649,44.09581422064965
1226646,75.35736216196382
1238200,44.09581422064965
1422436,59.645462668427236
1103810,44.09581422064965
1389176,58.83306248683792
1422043,252.1964550746102
1046510,250.509338247975
1251652,252.71739626185848
1020182,684.707431899225
1106208,643.2933866854997
1019222,220.40962337106367
1224601,34.60728634400457
1412784,62.039650096962404
1483334,188.40562372752203
1115459,298.24134385505363
1340117,313.1748500801933
1444837,398.630928735342
1197741,383.306046597072
1499162,450.5736280496527
1042279,795.852826943295
1278195,289.79940575609317
1418429,390.1460862534218
1456270,44.09581422064965
1360411,71.10964374020064
1004505,65.84094859771089
1433634,179.12442123671096
1298996,158.04873692752642
1227612,43.48631288946552
1442439,33.09541835883834
1071851,37.05231077430668
1415551,494.0577920710442
1303923,552.854929591198
1338978,492.1257035426043
1346333,26.139647496940537
1138796,22.1780454486166
1090656,176.93428206842518
1294117,212.46227016911783
1039342,265.12524563645184
1254043,123.94830623540877
1227283,75.35736216196382
1084326,73.84445986896775
1222544,131.73063613513636
1312264,73.84445986896775
1334845,127.66844589393827
1033531,42.56703956474454
1296537,51.27050791941515
1339243,37.05231077430668
1129395,390.10154249480604
1064304,305.11912886295585
1185689,260.2285984741923
1196516,390.1460862534218
1171196,404.7533617956391
1435184,197.13522892220846
1183910,40.447259972116804
1259803,62.039650096962404
1026735,201.18922079720608
1369293,552.854929591198
1295180,282.00457750580074
1209709,176.93428206842518
1342487,158.04873692752642
1078164,127.66844589393827
1120902,722.1606528074996
1034243,252.1964550746102
1352451,405.006342921738
1495918,57.92757598027962
1011382,176.93428206842518
1259767,128.46280287243357
1362892,40.783443703447354
1325722,40.447259972116804
1084175,229.69115747355295
1388369,318.15479691360036
1276621,260.2285984741923
1259464,27.609025972479195
1033678,22.1780454486166
1087374,15.757943697173394
1121365,98.18999686242772
1100902,136.96734742718112
1309141,104.2344035456528
1250190,67.93571707225509
1029979,58.83306248683792
1179024,104.2344035456528
1340245,80.65529949362455
1107277,153.7462205273739
1267082,43.48631288946552
1219309,58.83306248683792
1408207,32.791712239713746
1230994,311.00044655408396
1251881,334.74626655365205
1253118,192.7982268315772
1462434,687.4780410475747
1101243,587.8920996328875
1421375,250.1452410113728
1270557,32.37936089480551
1235260,71.73088602528792
1181176,59.645462668427236
1374528,180.25557869370382
1413988,313.4257776262513
1452750,303.0616945182964
1062304,114.11678333686496
1253336,123.9134088552616
1071558,111.12301505627862
1103361,693.0039812889928
1295266,297.6410950332689
1485137,403.06418331916177
1344143,67.41930886346482
1322258,58.83306248683792
1368908,60.50140510508264
1283324,183.11682976160276
1074093,176.93428206842518
1170957,33.09541835883834
1209068,40.447259972116804
1145750,325.64117507705777
1346301,423.01282440468475
1150554,415.8536693994446
1121159,26.139647496940537
1448035,32.37936089480551
1022510,111.77141557036829
1283164,131.73063613513636
1123675,176.93428206842518
1024014,80.34410732504644
1456445,111.77141557036829
1395822,92.17790166898983
1053628,153.7462205273739
1059512,43.48631288946552
1163145,58.83306248683792
1057817,265.12524563645184
1203757,250.509338247975
1014859,250.06644564670663
1068765,642.7665788443229
1210591,465.6113383269906
1461262,318.15479691360036
1039490,32.37936089480551
1059392,78.93806157928589
1329687,269.98633362547315
1008542,296.7366934554983
1438726,560.2138161334647
1100984,197.0908889481728
1376640,186.11565078621612
1268664,269.73540607941516
1114795,521.6862728488835
1022568,311.4340848322759
1173940,404.7533617956391
1185125,33.09541835883834
1478252,78.93806157928589
1072315,32.791712239713746
1317402,32.791712239713746
1249595,32.791712239713746
1403728,383.306046597072
1214542,350.4253587779501
1237409,326.49716454512424
1322645,197.0908889481728
1333229,294.6383840096045
1358531,32.791712239713746
1165991,23.56308128170095
1213797,33.09541835883834
1318590,111.12301505627862
1415430,197.13522892220846
1239796,260.2285984741923
1000846,94.46797028891713
1328041,98.18999686242772
1098339,65.84094859771089
1147425,70.91465757021143
1169837,104.2344035456528
1338998,49.68334349508331
1487636,30.856417305070458
1042647,44.09581422064965
1298612,33.09541835883834
1392880,214.67352562252546
1075316,175.59710078120884
1161161,389.8526349534351
1237961,614.3853909212653
1392549,405.006342921738
1197527,314.38784196512813
1149086,26.139647496940537
1149006,58.83306248683792
1104094,57.92757598027962
1355437,391.72277892942674
1096576,523.9682541816373
1104719,128.46280287243357
1149262,123.9134088552616
1333249,180.25557869370382
1130820,470.74097737276173
1426907,342.10059239347845
1114099,492.1257035426043
1101134,62.48025450402028
1143725,65.99112413094363
1037961,152.24261946299117
1184480,94.27824738536916
1200526,49.68334349508331
1189724,33.09541835883834
1088619,40.783443703447354
1062207,391.7176317893607
1366903,307.3765308043676
1164828,314.38784196512813
1017091,23.56308128170095
1385751,188.40562372752203
1357786,239.96468016607508
1440248,258.2454576853868
1408109,32.37936089480551
1181673,26.139647496940537
1157233,107.51718366420707
1041296,139.35052008215322
1034404,259.3640032840083
1438842,104.2344035456528
1100085,104.2344035456528
1153425,94.46797028891713
1050157,162.0171371740921
1410654,161.19198404589054
1206736,110.27081495452957
1337583,32.791712239713746
1279988,45.165595088189264
1033103,58.83306248683792
1049464,297.0353323014201
1199908,197.0908889481728
1097467,252.1964550746102
1214923,683.8008534394285
1288038,461.3233563984868
1009805,303.7158844855289
1043811,37.05231077430668
1497981,107.51718366420707
1382163,81.24258821931583
1472622,405.011490061804
1355785,584.7416583664025
1123761,112.54495677784358
1030670,123.94830623540877
1032702,111.12301505627862
1332843,955.2538038633182
1034380,464.5777208381119
1356967,678.0505395576475
1365220,81.24258821931583
1154695,104.2344035456528
1432128,111.42423279021803
1029816,59.645462668427236
1320982,45.165595088189264
1476539,58.83306248683792
1326947,398.630928735342
1200214,784.023208205906
1442240,516.1400817272013
1042596,25.747795365433614
1404746,153.9971480734319
1228452,212.71319771517582
1206354,205.1995003344591
1147372,51.27050791941515
1354178,33.09541835883834
1141635,111.12301505627862
1145169,158.04873692752642
1258734,227.58845795873157
1471735,98.18999686242772
1069886,60.50140510508264
1326502,107.51718366420707
1221638,197.0908889481728
1198759,143.49617934712072
1375131,73.84445986896775
1224238,85.0964335352373
1221523,60.50140510508264
1439739,397.51199737445063
1042424,311.4340848322759
1029599,455.72699936568034
1287421,197.0908889481728
1242389,289.79940575609317
1463854,62.48025450402028
1452732,22.39374657374814
1130326,45.165595088189264
1412128,37.05231077430668
1479594,127.66844589393827
1214594,245.3727875602082
1339369,143.49617934712072
1207746,111.12301505627862
1239703,137.3699196254669
1193256,135.41424998617074
1046609,450.04143862223
1469797,207.58274903479523
1007589,161.44291159194853
1030237,15.557220209670701
1048552,45.165595088189264
1261208,34.60728634400457
1032114,23.56308128170095
1459844,26.139647496940537
1103124,164.78803142581074
1123616,516.1400817272013
1118851,404.7533617956391
1029384,15.757943697173394
1059545,111.77141557036829
1133680,131.73063613513636
1143822,153.7462205273739
1258953,23.56308128170095
1147536,30.856417305070458
1496509,32.791712239713746
1125901,404.7533617956391
1349727,478.4608610040736
1105654,342.10059239347845
1185266,462.3933485712259
1158968,388.34793588643896
1188416,139.35052008215322
1111518,22.42897299467459
1178819,43.48631288946552
1313703,94.46797028891713
1271657,127.66844589393827
1370620,145.07060909614802
1367996,49.68334349508331
1199233,45.165595088189264
1315046,71.73088602528792
1126752,567.6355497717169
1167571,238.45630989146522
1253177,353.4641581741101
1473278,67.41930886346482
1030576,43.48631288946552
1008950,94.46797028891713
1161328,207.58274903479523
1366614,175.59710078120884
1420343,40.447259972116804
1401716,34.60728634400457
1034463,313.1748500801933
1459181,326.49716454512424
1472537,260.2285984741923
1029223,19.60898272233456
1014001,15.757943697173394
1172393,75.35736216196382
1408387,107.51718366420707
1095882,153.7462205273739
1311631,78.93806157928589
1188123,62.48025450402028
1265203,131.73063613513636
1220082,111.12301505627862
1218623,158.04873692752642
1168970,49.68334349508331
1398181,37.05231077430668
1486532,197.13522892220846
1154017,127.66844589393827
1451903,111.65760982073394
1064432,432.2685389934005
1491157,455.72699936568034
1336992,298.24134385505363
1335339,37.05231077430668
1450157,111.77141557036829
1372817,60.50140510508264
1006721,179.12442123671096
1099484,294.3874564635465
1154377,296.4857659094403
1128260,158.04873692752642
1463395,158.04873692752642
1386594,197.0908889481728
1152041,790.9233406389424
1083613,294.3874564635465
1483098,398.630928735342
1425233,51.27050791941515
1439261,49.68334349508331
1034544,62.039650096962404
1341848,128.46280287243357
1314386,104.2344035456528
1484884,45.165595088189264
1392433,49.68334349508331
1203390,58.83306248683792
1368561,334.74626655365205
1439399,516.1400817272013
1330753,423.01282440468475
1289695,27.609025972479195
1000917,26.139647496940537
1117017,123.40493872868458
1411936,192.7982268315772
1197753,227.58845795873157
1434413,70.91465757021143
1148023,78.93806157928589
1082409,59.89639021448522
1293237,94.46797028891713
1445108,98.18999686242772
1310014,158.04873692752642
1419886,59.645462668427236
1479835,78.93806157928589
1154396,60.50140510508264
1208468,294.3874564635465
1273334,313.1748500801933
1272194,289.79940575609317
1224780,282.00457750580074
1023588,334.14563246261207
1457003,107.51718366420707
1103267,25.71927316221139
1005699,85.19428689764571
1168482,51.27050791941515
1430711,184.93322840211732
1065731,388.34793588643896
1163733,227.58845795873157
1398280,180.25557869370382
1192516,260.2285984741923
1400213,238.81836432014148
1299196,669.1801248087511
1083942,250.06644564670663
1354132,297.6410950332689
1303575,51.27050791941515
1415045,60.50140510508264
1194852,37.05231077430668
1389923,176.93428206842518
1395200,455.72699936568034
1159747,377.0439565154405
1016413,127.24431800615683
1045480,145.07060909614802
1009769,123.40493872868458
1008610,42.081944577309486
1161665,45.165595088189264
1151982,49.68334349508331
1147300,44.09581422064965
1173280,42.56703956474454
1227442,40.447259972116804
1170531,33.09541835883834
1180811,290.05033330215116
1078277,342.10059239347845
1169715,390.10154249480604
1125817,398.630928735342
1115717,313.1748500801933
1422806,152.24261946299117
1137125,32.791712239713746
1246695,90.2169898725787
1416785,65.84094859771089
1165233,110.27081495452957
1365529,265.12524563645184
1387837,162.0171371740921
1481394,136.96734742718112
1275299,123.94830623540877
1220398,164.78803142581074
1376094,812.5942512884623
1221119,239.35856061749607
1486316,353.4641581741101
1169548,15.557220209670701
1292156,65.84094859771089
1289077,164.78803142581074
1017902,123.94830623540877
1047032,45.165595088189264
1334195,40.447259972116804
1449238,58.83306248683792
1462226,250.06644564670663
1110599,607.2832400963322
1120407,584.7416583664025
1094241,22.39374657374814
1022118,26.139647496940537
1309812,22.1780454486166
1279959,175.59710078120884
1285662,220.40962337106367
1178714,220.40962337106367
1030887,78.93806157928589
1367692,73.84445986896775
1150034,98.18999686242772
1064510,78.93806157928589
1468089,114.11678333686496
1348806,67.41930886346482
1146102,98.18999686242772
1372716,67.41930886346482
1110318,325.64117507705777
1307651,429.3303902885769
1323243,245.3727875602082
1437787,762.2299604046132
1125403,738.9872266907895
1072156,245.3727875602082
1131468,40.69818751817479
1222532,94.27824738536916
1385955,78.93806157928589
1097637,191.9221074329747
1460731,303.7158844855289
1375965,391.7176317893607
1494614,135.41424998617074
1025904,164.78803142581074
1026720,193.31912139486292
1386627,780.3877678841095
1041527,388.34793588643896
1499718,455.72699936568034
1183053,80.65529949362455
1173743,62.039650096962404
1064559,166.94142008526637
1188222,350.4253587779501
1050683,269.73540607941516
1426515,45.165595088189264
1390694,51.27050791941515
1050250,49.68334349508331
1132122,405.006342921738
1366613,405.006342921738
1175679,462.1313904107206
1350344,111.12301505627862
1021170,127.66844589393827
1277356,220.40962337106367
1359094,111.42423279021803
1292839,107.51718366420707
1200593,104.2344035456528
1229308,204.9485727884011
1236996,197.0908889481728
1388915,390.1460862534218
1290145,40.783443703447354
1476878,58.83306248683792
1493038,40.447259972116804
1419496,462.04979928476877
1185819,318.15479691360036
1311217,250.06644564670663
1040148,1300.7610891226095
1472394,1149.9618275012292
1142405,541.846327536151
1426060,40.783443703447354
1261480,142.2945285593172
1496005,123.9134088552616
1147802,616.6925281887299
1076052,684.6254511966885
1208254,1087.4737786334417
1175851,229.69115747355295
1243524,214.67352562252546
1094528,350.4253587779501
1394930,1075.5973849474371
1220371,762.2299604046132
1103470,822.4319181539063
1090382,89.0568987877406
1173801,65.99112413094363
1226125,71.10964374020064
1235095,162.0171371740921
1472456,111.42423279021803
1437219,59.645462668427236
1464615,58.83306248683792
1025401,70.91465757021143
1311616,728.4566098625397
1174345,821.0370965557263
1412376,773.3338743638479
1427225,22.1780454486166
1254841,478.4608610040736
1011620,455.72699936568034
1390394,457.9909737863931
1149007,45.165595088189264
1145032,50.69640610044327
1076556,42.56703956474454
1173991,197.0908889481728
1263993,250.06644564670663
1074690,390.1460862534218
1414178,145.29757198979337
1130627,141.40480892180867
1057329,104.2344035456528
1398579,138.94175982265241
1070444,220.62688752313338
1087198,158.04873692752642
1398464,65.99112413094363
1071854,59.645462668427236
1417728,528.7018123144654
1176281,252.1964550746102
1041529,738.9872266907895
1089638,510.47401064871127
1247963,462.3933485712259
1267677,153.7462205273739
1424279,60.50140510508264
1340502,62.039650096962404
1210708,152.3157410117145
1417327,298.4922714011116
1340562,265.12524563645184
1043894,70.91465757021143
1131561,107.51718366420707
1161246,94.27824738536916
1472239,645.8695247497649
1364193,260.2285984741923
1165142,390.1460862534218
1025825,60.50140510508264
1119655,73.84445986896775
1409352,59.645462668427236
1011235,311.00044655408396
1401680,289.79940575609317
1011082,45.49481683599659
1005003,37.05231077430668
1010212,326.49716454512424
1074355,313.1748500801933
1130959,305.11912886295585
1368829,33.09541835883834
1123975,22.39374657374814
1192829,104.2344035456528
1149857,110.27081495452957
1227644,175.59710078120884
1215697,85.0964335352373
1209430,58.83306248683792
1392873,164.78803142581074
1315254,107.51718366420707
1336018,152.24261946299117
1074202,40.783443703447354
1462286,49.68334349508331
1179301,297.0353323014201
1083181,204.9485727884011
1208582,175.59710078120884
1241167,265.12524563645184
1003833,244.22398533311585
1489688,136.96734742718112
1381727,37.05231077430668
1296465,142.2945285593172
1147384,289.79940575609317
1335237,552.854929591198
1118931,295.7980600019056
1110951,164.78803142581074
1362616,191.9221074329747
1094290,229.69115747355295
1223297,1026.3771319786822
1368957,390.1197859130282
1478969,390.10154249480604
1257221,71.73088602528792
1009115,51.27050791941515
1436155,49.68334349508331
1376514,49.68334349508331
1383176,229.69115747355295
1115697,1094.84106463691
1052413,784.023208205906
1275961,15.757943697173394
1199834,220.62688752313338
1435790,204.9485727884011
1415547,244.22398533311585
1111818,32.791712239713746
1472842,62.039650096962404
1462914,65.84094859771089
1434050,98.18999686242772
1474990,60.50140510508264
1219655,405.006342921738
1121115,516.1400817272013
1464457,699.7177774605515
1187185,531.5223363082393
1460906,581.2125988722455
1218544,305.11912886295585
1480130,44.09581422064965
1462202,107.51718366420707
1115897,80.65529949362455
1318291,254.6981049735426
1172875,494.0577920710442
1106965,468.28789663325574
1300394,311.00044655408396
1036389,342.10059239347845
1223120,313.1748500801933
1133184,825.411857322032
1149204,415.8536693994446
1261923,500.873876406609
1109687,62.039650096962404
1382684,191.9221074329747
1259575,183.11682976160276
1011377,62.48025450402028
1420788,42.56703956474454
1334493,60.50140510508264
1099449,390.1460862534218
1105191,468.28789663325574
1254705,462.1313904107206
1007028,25.747795365433614
1022780,22.1780454486166
1441001,191.9221074329747
1103152,303.7158844855289
1288980,250.1452410113728
1216596,114.11678333686496
1325331,111.77141557036829
1162888,94.46797028891713
1303408,115.12054605747885
1090414,152.0648134656565
1367705,220.40962337106367
1048783,45.165595088189264
1172140,57.92757598027962
1357754,43.48631288946552
1118090,405.006342921738
1226464,464.5777208381119
1271942,313.1748500801933
1294491,584.7596266403834
1313402,513.374806066422
1350481,307.3765308043676
1202692,89.0568987877406
1244220,70.91465757021143
1433034,239.06929186619948
1436473,301.47986530546865
1290934,513.374806066422
1075015,94.46797028891713
1102718,78.93806157928589
1104390,145.07060909614802
1329788,582.4776453076296
1117768,307.3765308043676
1456785,399.7874730227927
1376399,23.56308128170095
1193062,32.791712239713746
1157236,96.98764634435442
1223887,114.11678333686496
1499341,66.24205167700161
1239147,32.791712239713746
1291651,32.791712239713746
1261253,403.06418331916177
1403075,334.14563246261207
1358256,305.11912886295585
1417531,20.918566643974415
1492568,175.84802832726683
1085139,175.59710078120884
1134530,207.58274903479523
1363760,45.165595088189264
1192217,40.447259972116804
1025002,42.56703956474454
1342290,89.0568987877406
1166888,110.44300572415969
1336847,229.69115747355295
1164425,67.93571707225509
1204806,90.2169898725787
1488904,50.69640610044327
1254679,85.0964335352373
1217865,123.40493872868458
1293685,89.0568987877406
1448221,37.05231077430668
1024888,45.165595088189264
1166881,40.783443703447354
1048695,252.1964550746102
1329364,197.13522892220846
1205283,313.1748500801933
1133545,821.0370965557263
1355523,642.7665788443229
1132342,301.22893775941066
1231048,60.50140510508264
1488603,62.039650096962404
1158290,388.353083026505
1450540,465.61648546705663
1152498,702.7579344090778
1082562,197.0908889481728
1421095,207.58274903479523
1431676,257.26180275518556
1021222,693.0039812889928
1343834,513.374806066422
1338180,587.8920996328875
1051784,59.645462668427236
1139987,73.84445986896775
1170446,58.83306248683792
1123143,41.13672463208972
1210067,43.48631288946552
1227375,32.37936089480551
1096407,616.183528781841
1279677,678.0505395576475
1137033,586.1974367927389
1411185,15.757943697173394
1311428,114.44600508467228
1442262,165.03895897186874
1120664,58.83306248683792
1010064,42.56703956474454
1474460,49.68334349508331
1226838,188.40562372752203
1267008,269.73540607941516
1147761,313.1748500801933
1358808,90.2169898725787
1486204,73.84445986896775
1224794,85.0964335352373
1076736,44.09581422064965
1485303,33.09541835883834
1408716,33.09541835883834
1033868,415.8536693994446
1230803,269.73540607941516
1313498,678.0505395576475
1413327,1871.8226425728078
1495413,1295.9914553680217
1374145,773.6385750817078
1109817,58.83306248683792
1069577,111.65760982073394
1288112,98.18999686242772
1366798,583.4417016278089
1149663,1078.7808014243674
1168556,111.77141557036829
1073416,141.40480892180867
1182836,252.1964550746102
1400578,1339.2720432622793
1454362,710.6883177571254
1467885,1052.4264089225367
1476211,179.12442123671096
1383574,187.83260286703043
1496537,94.46797028891713
1133047,260.2285984741923
1101436,405.006342921738
1001439,289.79940575609317
1064213,98.18999686242772
1401981,78.93806157928589
1454861,107.51718366420707
1196203,773.6385750817078
1036941,805.6143797616472
1154990,805.5931536927383
1233239,45.165595088189264
1391775,62.039650096962404
1381447,260.2285984741923
1411302,462.04979928476877
1078694,584.7416583664025
1385200,135.41424998617074
1434232,89.0568987877406
1233757,94.27824738536916
1028768,201.18922079720608
1368598,245.3727875602082
1303610,614.3853909212653
1444197,201.77833656980752
1258644,197.0908889481728
1200616,183.11682976160276
1270954,294.3874564635465
1163115,510.47401064871127
1169119,342.10059239347845
1052571,60.50140510508264
1106897,98.18999686242772
1425006,80.34410732504644
1102543,531.5223363082393
1198644,423.01282440468475
1433839,586.1974367927389
1103251,2010.4882323276995
1273456,1651.1945877775909
1403902,586.1974367927389
1378592,49.68334349508331
1125244,153.7462205273739
1163712,127.66844589393827
1058476,684.6254511966885
1280539,699.0180378572462
1478307,1316.0375759156225
1294168,192.7982268315772
1284450,197.0908889481728
1485791,353.4641581741101
1226809,1276.8957788229213
1267518,728.4566098625397
1423686,984.0741037733518
1445115,94.46797028891713
1012701,94.46797028891713
1492732,139.35052008215322
1128210,220.62688752313338
1443192,161.19198404589054
1375901,92.17790166898983
1339604,65.99112413094363
1450857,89.0568987877406
1388456,870.4905644011565
1021804,791.3627803821291
1181052,677.2770357876691
1242338,42.56703956474454
1234695,45.165595088189264
1093991,179.37534878276895
1456652,239.35856061749607
1497173,265.12524563645184
1425621,166.94142008526637
1149128,139.35052008215322
1102682,107.51718366420707
1346942,204.9485727884011
1335480,353.4641581741101
1457745,552.854929591198
1242123,197.0908889481728
1312025,188.40562372752203
1319688,123.40493872868458
1491929,214.67352562252546
1173046,390.1197859130282
1336815,303.7158844855289
1487150,62.039650096962404
1423644,108.99429086918374
1194213,67.41930886346482
1008390,466.5413610886773
1375741,384.783701678737
1326706,586.1974367927389
1314422,260.2285984741923
1219723,227.58845795873157
1015674,138.94175982265241
1157339,32.791712239713746
1443743,131.73063613513636
1203153,75.35736216196382
1164030,139.60144762821122
1347221,342.10059239347845
1120206,250.1452410113728
1063187,158.04873692752642
1494235,177.54302085472833
1456199,145.07060909614802
1228840,810.3078930726564
1141832,298.24134385505363
1287822,313.4257776262513
1240376,27.609025972479195
1474734,25.747795365433614
1306170,75.35736216196382
1192481,50.69640610044327
1067323,59.645462668427236
1433769,51.27050791941515
1387077,269.73540607941516
1379462,908.1207903913346
1231116,693.638875588151
1174195,15.757943697173394
1334538,145.07060909614802
1264814,161.19198404589054
1032658,191.9221074329747
1463481,43.48631288946552
1015937,42.081944577309486
1269056,49.68334349508331
1307499,45.165595088189264
1301363,59.645462668427236
1332403,94.27824738536916
1102627,62.48025450402028
1484039,405.006342921738
1282575,500.873876406609
1316865,377.0439565154405
1072037,342.10059239347845
1426492,350.4253587779501
1298290,177.54302085472833
1052895,27.609025972479195
1355224,104.2344035456528
1096012,57.92757598027962
1404668,127.91937343999619
1156177,201.77833656980752
1049953,153.7462205273739
1247116,94.46797028891713
1286122,107.51718366420707
1231000,114.11678333686496
1279495,583.6896147522885
1318187,220.59447621445366
1373331,183.11682976160276
1376540,81.24258821931583
1336313,71.10964374020064
1312708,32.044746901157346
1010806,220.62688752313338
1339522,607.2832400963322
1190478,523.9682541816373
1171886,104.2344035456528
1049275,111.77141557036829
1165387,145.07060909614802
1016899,44.09581422064965
1422391,49.68334349508331
1480338,43.48631288946552
1230486,43.48631288946552
1125619,49.68334349508331
1219698,40.783443703447354
1011073,303.7158844855289
1187231,384.783701678737
1300341,239.35856061749607
1184259,112.54495677784358
1234591,110.27081495452957
1236452,49.68334349508331
1041818,28.483588610210944
1036769,128.71373041849156
1192321,70.91465757021143
1008719,107.51718366420707
1072056,111.12301505627862
1183173,114.11678333686496
1206651,252.4473826206682
1246317,161.19198404589054
1099913,153.7462205273739
1108218,20.05069109336787
1467171,71.73088602528792
1099223,326.49716454512424
1091726,311.4340848322759
1429192,15.757943697173394
1271099,114.11678333686496
1224512,139.35052008215322
1022601,164.78803142581074
1114250,27.609025972479195
1458370,23.56308128170095
1071776,23.56308128170095
1189803,62.48025450402028
1248566,32.791712239713746
1381724,201.18922079720608
1194661,94.27824738536916
1272944,415.8536693994446
1363599,1142.8357391595268
1027214,946.9573623149822
1077444,478.4608610040736
1455070,32.791712239713746
1343261,81.24258821931583
1492493,65.99112413094363
1307324,353.4693053141761
1077297,390.1512333934878
1475728,687.4799865773577
1202474,145.07060909614802
1362220,158.04873692752642
1046651,269.73540607941516
1273879,812.34234649514
1444822,500.873876406609
1076732,614.3853909212653
1441293,59.645462668427236
1112065,40.447259972116804
1197296,123.9134088552616
1287691,220.62688752313338
1170339,111.77141557036829
1038580,60.50140510508264
1393103,42.081944577309486
1124673,49.68334349508331
1349975,584.7596266403834
1320692,677.2770357876691
1325819,569.9175311044708
1093868,23.56308128170095
1458875,25.747795365433614
1427933,135.41424998617074
1379975,145.07060909614802
1268227,164.78803142581074
1306435,62.48025450402028
1293636,40.783443703447354
1456848,60.50140510508264
1287529,188.40562372752203
1417117,250.1452410113728
1103982,390.10154249480604
1129742,141.40480892180867
1325129,141.40480892180867
1076264,94.46797028891713
1437767,158.04873692752642
1132812,303.7158844855289
1437825,161.19198404589054
1027593,60.50140510508264
1260624,45.165595088189264
1371361,342.10059239347845
1049531,289.79940575609317
1457135,531.5223363082393
1012377,677.2770357876691
1051968,389.8526349534351
1116753,238.45630989146522
1284889,37.05231077430668
1129500,89.0568987877406
1023978,67.41930886346482
1031076,326.50231168519025
1014995,353.4693053141761
1430894,523.9682541816373
1491918,107.51718366420707
1183480,78.93806157928589
1489603,128.46280287243357
1380683,638.6255329646417
1490816,306.3183687917708
1497842,516.1400817272013
1097259,94.27824738536916
1470046,115.12054605747885
1355498,80.34410732504644
1372911,40.783443703447354
1259326,49.68334349508331
1102135,70.91465757021143
1354206,378.97726216144144
1176036,303.7158844855289
1388554,212.46227016911783
1281965,25.747795365433614
1298165,104.48533109171078
1307270,177.54302085472833
1296870,158.29966447358441
1466464,107.51718366420707
1392074,115.12054605747885
1198518,51.27050791941515
1123384,110.44300572415969
1451631,229.69115747355295
1424988,238.45630989146522
1163567,89.0568987877406
1279581,89.0568987877406
1164785,60.50140510508264
1379768,123.9134088552616
1041594,187.83260286703043
1132521,123.9134088552616
1270239,94.27824738536916
1290527,90.2169898725787
1004134,62.039650096962404
1283960,191.9221074329747
1348705,161.19198404589054
1214346,186.11565078621612
1018684,1314.338507640101
1458746,900.175566102047
1398873,492.1257035426043
1363247,28.232661064152953
1171114,94.27824738536916
1356536,390.10668963487205
1132706,499.12923164134384
1053503,805.6143797616472
1236073,94.46797028891713
1015489,107.51718366420707
1343387,164.78803142581074
1472161,1026.3771319786822
1082810,541.846327536151
1432350,740.2225336632139
1372995,71.73088602528792
1044476,73.84445986896775
1189866,153.7462205273739
1437244,245.3727875602082
1470269,153.7462205273739
1158671,59.645462668427236
1003890,541.846327536151
1306638,552.854929591198
1011181,450.8299488426566
1045123,28.232661064152953
1185691,34.60728634400457
1021932,197.34181649423078
1384499,306.3183687917708
1180117,301.93382499679456
1100808,45.165595088189264
1188748,44.09581422064965
1195665,33.09541835883834
1461400,153.7462205273739
1274328,186.11565078621612
1352189,350.4253587779501
1307899,123.40493872868458
1499860,110.27081495452957
1265042,114.11678333686496
1226420,252.1964550746102
1341886,303.7158844855289
1173627,197.13522892220846
1380871,44.09581422064965
1039843,73.84445986896775
1434891,58.83306248683792
1386877,377.0439565154405
1059423,307.3765308043676
1388620,318.15479691360036
1339452,297.0353323014201
1323102,220.40962337106367
1239433,123.40493872868458
1452837,37.05231077430668
1172957,142.2945285593172
1261807,114.11678333686496
1296678,131.73063613513636
1009792,294.3874564635465
1209466,179.12442123671096
1430688,186.11565078621612
1259932,161.19198404589054
1264095,827.786289358128
1458967,238.45630989146522
1003543,313.1748500801933
1124862,94.27824738536916
1144125,80.65529949362455
1027603,42.081944577309486
1084942,45.165595088189264
1290214,58.83306248683792
1256336,188.40562372752203
1436896,677.2770357876691
1158804,647.529020519626
1490276,15.757943697173394
1195477,23.56308128170095
1427298,111.12301505627862
1369726,179.12442123671096
1175834,192.7982268315772
1321360,49.68334349508331
1118637,59.645462668427236
1337180,44.09581422064965
1299061,45.165595088189264
1104555,71.73088602528792
1158245,51.27050791941515
1142718,85.19428689764571
1059103,60.50140510508264
1254537,342.10059239347845
1138204,516.1400817272013
1401405,250.509338247975
1394286,390.1460862534218
1384056,415.8536693994446
1103515,153.7462205273739
1362855,34.60728634400457
1240222,71.73088602528792
1240676,51.27050791941515
1019402,104.2344035456528
1139373,153.7462205273739
1202816,192.7982268315772
1166954,67.41930886346482
1188996,790.9233406389424
1085391,294.3874564635465
1211106,404.7533617956391
1288937,78.93806157928589
1143391,75.35736216196382
1000233,58.83306248683792
1430027,177.54302085472833
1466154,311.00044655408396
1468117,250.06644564670663
1035831,60.50140510508264
1110589,40.447259972116804
1329444,59.645462668427236
1404384,353.4641581741101
1273760,468.28789663325574
1423129,404.7533617956391
1151847,23.56308128170095
1299263,44.09581422064965
1145177,20.05069109336787
1148848,107.51718366420707
1243283,131.73063613513636
1411541,187.83260286703043
1011525,94.46797028891713
1331929,71.73088602528792
1279850,139.35052008215322
1235803,136.96734742718112
1385999,164.78803142581074
1259160,45.165595088189264
1266035,60.50140510508264
1112007,301.22893775941066
1132794,294.3874564635465
1416208,227.58845795873157
1237768,244.22398533311585
1020937,204.9485727884011
1198952,75.35736216196382
1134961,28.232661064152953
1339297,110.44300572415969
1392564,65.99112413094363
1009747,191.9221074329747
1209177,429.3303902885769
1151706,260.2285984741923
1296853,227.58845795873157
1378157,204.9485727884011
1361913,180.25557869370382
1371303,696.2150136524161
1267841,388.34793588643896
1198297,314.38784196512813
1233208,27.609025972479195
1443723,80.34410732504644
1177808,73.84445986896775
1173479,37.05231077430668
1257412,32.791712239713746
1243448,238.45630989146522
1431871,581.1345643603444
1207117,523.9682541816373
1286044,15.757943697173394
1314753,123.40493872868458
1365824,152.24261946299117
1068361,123.9134088552616
1409598,49.68334349508331
1494897,59.083990032895905
1159162,32.791712239713746
1147842,49.68334349508331
1010145,37.05231077430668
1480639,49.68334349508331
1319373,43.48631288946552
1132973,405.006342921738
1027926,616.183528781841
1102250,319.8832332044032
1445418,1441.3972557097213
1424161,900.175566102047
1037632,702.7579344090778
1115454,123.9134088552616
1017133,314.38784196512813
1086047,229.69115747355295
1320834,676.9951353008823
1220629,947.5906608245
1475079,1337.6388094327958
1293675,220.62688752313338
1284570,160.17185853115015
1173901,238.45630989146522
1216601,2080.1876593085217
1492789,1094.84106463691
1449349,1459.99181132629
1412687,250.06644564670663
1426735,297.0353323014201
1389109,197.0908889481728
1179644,301.93382499679456
1010010,423.01282440468475
1381624,204.9485727884011
1229591,186.11565078621612
1074295,139.35052008215322
1325159,193.31912139486292
1343551,908.1207903913346
1272597,899.49397701002
1088442,616.6984048306514
1215026,73.84445986896775
1259014,32.791712239713746
1176893,62.48025450402028
1097810,342.10573953354447
1005560,622.9345466831726
1073193,551.1102848259328
1038802,71.10964374020064
1005224,85.19428689764571
1325721,33.09541835883834
1136450,245.3727875602082
1279631,404.7533617956391
1095473,569.9175311044708
1297151,201.77833656980752
1048829,197.0908889481728
1379904,197.13522892220846
1281256,351.9849134854716
1352308,614.3853909212653
1194367,423.01282440468475
1251356,186.11565078621612
1181977,252.1964550746102
1007279,188.40562372752203
1419393,822.4319181539063
1190900,643.2933866854997
1184958,569.9175311044708
1206406,586.1974367927389
1365395,450.8299488426566
1291113,296.4857659094403
1139288,27.609025972479195
1352942,81.24258821931583
1038203,60.50140510508264
1078587,398.63607587540804
1309451,423.01797154475076
1018206,613.4450048155272
1014022,389.8526349534351
1174313,282.00457750580074
1419295,318.15479691360036
1301859,567.6355497717169
1210814,510.47401064871127
1397018,584.7416583664025
1342102,51.27050791941515
1196151,81.24258821931583
1366948,59.645462668427236
1238567,33.09541835883834
1306885,622.9345466831726
1431795,494.0577920710442
1090451,478.4608610040736
1389191,104.48533109171078
1359888,128.7920246202409
1278487,162.0171371740921
1010567,89.0568987877406
1187872,107.51718366420707
1469547,85.19428689764571
1006430,238.45630989146522
1236497,423.01282440468475
1250707,314.38784196512813
1354125,111.12301505627862
1304771,71.73088602528792
1230195,51.27050791941515
1340798,37.05231077430668
1314185,32.37936089480551
1256557,49.68334349508331
1010402,500.873876406609
1240314,311.00044655408396
1025876,584.7416583664025
1119476,818.6626645196303
1449017,740.2225336632139
1391079,399.7874730227927
1173236,26.139647496940537
1488966,104.2344035456528
1077192,107.51718366420707
1251757,342.10573953354447
1328973,415.8588165395106
1479720,693.638875588151
1192753,164.78803142581074
1126581,188.40562372752203
1424484,229.69115747355295
1333660,755.934003349573
1184324,616.183528781841
1055470,586.1974367927389
1283179,45.165595088189264
1231088,73.84445986896775
1337907,58.83306248683792
1136023,33.09541835883834
1497650,32.37936089480551
1159094,678.0505395576475
1481215,770.9412155716116
1194832,728.4566098625397
1435894,112.54495677784358
1403544,131.98156368119436
1136383,135.66517753222874
1357261,59.645462668427236
1164974,51.27050791941515
1057971,71.73088602528792
1347107,180.25557869370382
1204333,269.73540607941516
1450486,311.00044655408396
1013823,94.27824738536916
1241573,110.86108483773738
1101270,85.19428689764571
1065843,110.27081495452957
1310802,59.645462668427236
1353727,32.37936089480551
1079853,37.05231077430668
1489149,37.05231077430668
1478088,587.8920996328875
1013495,458.9362941584192
1227946,768.8011784574483
1096075,1985.479965078528
1024666,1477.4232576406198
1403435,908.1207903913346
1433536,85.19428689764571
1086319,289.79940575609317
1299024,265.12524563645184
1195502,805.3324792748605
1044169,952.8606507230397
1152242,1309.7416974918403
1065051,245.3727875602082
1068255,259.3640032840083
1299213,450.5736280496527
1232035,2180.2078256468308
1410617,1026.837350923508
1017704,1462.2757869053848
1095152,115.12054605747885
1220126,89.0568987877406
1063947,138.94175982265241
1432224,378.97726216144144
1245659,164.78803142581074
1222669,98.18999686242772
1193161,123.9134088552616
1375355,123.9134088552616
1246139,984.0741037733518
1409426,1588.608539446742
1105783,1452.6765216486501
1224437,40.447259972116804
1397328,614.3853909212653
1148320,881.3329780496023
1384543,773.6385750817078
1016498,127.66844589393827
1309384,158.04873692752642
1177817,111.12301505627862
1074126,311.00044655408396
1231383,389.8526349534351
1304453,642.7665788443229
1139353,177.54302085472833
1258236,186.11565078621612
1199348,152.24261946299117
1311855,295.7980600019056
1439931,455.72699936568034
1278587,301.22893775941066
1438492,85.19428689764571
1445557,139.35052008215322
1125681,111.12301505627862
1199960,773.3338743638479
1440729,622.9345466831726
1200354,1248.7165300489114
1050954,805.8450584860606
1310969,710.6883177571254
1306640,294.3874564635465
1339180,37.05231077430668
1487114,85.19428689764571
1338621,73.84445986896775
1323063,191.9221074329747
1272563,318.15479691360036
1152565,397.51199737445063
1152614,184.93322840211732
1498359,220.40962337106367
1280176,282.00457750580074
1416679,1357.9543022153764
1192208,404.7533617956391
1299727,607.2832400963322
1436060,123.9134088552616
1226984,104.2344035456528
1201456,80.65529949362455
1256806,513.374806066422
1492689,429.3303902885769
1112022,58.83306248683792
1495161,45.165595088189264
1120533,58.83306248683792
1055893,614.3853909212653
1151813,903.2509594774976
1068712,818.6626645196303
1180446,26.139647496940537
1469466,40.783443703447354
1161712,207.58274903479523
1257974,257.9945301393288
1022307,450.5736280496527
1070137,164.78803142581074
1207324,127.66844589393827
1154097,123.9134088552616
1096925,207.58274903479523
1140896,164.78803142581074
1139043,260.2285984741923
1233775,57.92757598027962
1130726,89.0568987877406
1389913,429.3303902885769
1162384,415.8536693994446
1171175,389.8526349534351
1348738,257.26180275518556
1400789,301.93382499679456
1253513,123.9134088552616
1072273,37.05231077430668
1335889,158.04873692752642
1282158,145.07060909614802
1192568,311.00044655408396
1123998,197.13522892220846
1342060,136.96734742718112
1384721,179.12442123671096
1183641,812.5942512884623
1041033,384.783701678737
1200718,303.3126220643544
1497662,26.139647496940537
1368398,70.91465757021143
1458915,45.165595088189264
1330271,51.27050791941515
1479826,269.73540607941516
1140363,946.9573623149822
1109305,699.299938344033
1183058,188.40562372752203
1400481,186.11565078621612
1302339,245.3727875602082
1125354,44.09581422064965
1428300,49.68334349508331
1307819,27.609025972479195
1194003,70.91465757021143
1215065,115.12054605747885
1055561,94.46797028891713
1171208,584.7416583664025
1466288,784.023208205906
1216941,404.7533617956391
1343036,421.7868621476975
1268656,523.9682541816373
1427596,131.73063613513636
1078400,20.918566643974415
1144617,42.56703956474454
1042127,186.11565078621612
1302668,319.8883803444692
1070372,260.2285984741923
1309272,201.18922079720608
1443959,250.509338247975
1418998,229.69115747355295
1375917,582.4596770336486
1011067,301.93382499679456
1157812,269.73540607941516
1268956,15.757943697173394
1164083,67.93571707225509
1218015,49.68334349508331
1383733,34.60728634400457
1097574,27.609025972479195
1470891,212.46227016911783
1311762,429.3303902885769
1489983,390.1460862534218
1432644,111.12301505627862
1295164,135.41424998617074
1204591,135.41424998617074
1093346,62.48025450402028
1316692,40.447259972116804
1197885,49.68334349508331
1077308,33.09541835883834
1395102,305.11912886295585
1078987,462.3933485712259
1173310,307.3765308043676
1003331,646.0979930206123
1403656,655.844186407494
1152280,186.11565078621612
1018393,33.09541835883834
1074270,90.2169898725787
1323759,257.51273030124355
1040755,450.5736280496527
1305988,429.3303902885769
1274838,307.3765308043676
1109620,353.4641581741101
1394606,391.7176317893607
1349429,941.8329846559928
1335756,350.4253587779501
1077049,405.006342921738
1189136,71.73088602528792
1003422,58.83306248683792
1259792,58.83306248683792
1496530,45.165595088189264
1279859,259.3640032840083
1177141,197.0908889481728
1039622,44.09581422064965
1328288,40.783443703447354
1462612,57.92757598027962
1392103,404.7533617956391
1436681,607.2832400963322
1413768,589.0845808962376
1383885,32.37936089480551
1166180,179.12442123671096
1485765,229.69115747355295
1482492,288.45878500593597
1312352,111.12301505627862
1179503,107.51718366420707
1286570,73.84445986896775
1285406,85.0964335352373
1446354,94.27824738536916
1126127,127.66844589393827
1481939,45.165595088189264
1343655,58.83306248683792
1272934,40.447259972116804
1112696,319.8832332044032
1130600,353.4641581741101
1174600,415.8536693994446
1320654,1300.7610891226095
1070383,1041.0164816929812
1308976,463.40606868843656
1005607,67.93571707225509
1035832,73.84445986896775
1324840,450.83509598272263
1012125,568.1728863392055
1497891,947.339733278442
1099961,153.7462205273739
1457142,152.24261946299117
1006230,260.773477523714
1163371,949.792592137164
1486518,510.47401064871127
1109546,784.023208205906
1189272,94.27824738536916
1319632,98.18999686242772
1262924,136.7697574463391
1428567,204.9485727884011
1112011,141.40480892180867
1307215,81.24258821931583
1042340,45.165595088189264
1015916,57.92757598027962
1067466,678.0505395576475
1233653,614.3853909212653
1370183,523.9682541816373
1355348,30.333820423732597
1129758,37.05231077430668
1316856,212.46227016911783
1346633,212.46227016911783
1487564,250.24110848621376
1030704,62.039650096962404
1369427,65.99112413094363
1008093,59.645462668427236
1167856,158.29966447358441
1294314,239.96468016607508
1447975,429.3303902885769
1185715,142.2945285593172
1337557,123.9134088552616
1258340,108.99429086918374
1443796,188.40562372752203
1140077,318.15479691360036
1325027,249.99018094015577
1368987,40.447259972116804
1157099,58.83306248683792
1290300,49.68334349508331
1266965,350.4253587779501
1306586,238.45630989146522
1340967,516.1400817272013
1055961,728.4566098625397
1048122,616.183528781841
1080418,207.58274903479523
1148902,32.37936089480551
1164067,89.0568987877406
1444164,71.73088602528792
1088809,463.4112158285026
1366757,450.5787751897187
1364816,227.58845795873157
1331136,183.11682976160276
1219262,269.73540607941516
1104654,812.5942512884623
1396460,468.28789663325574
1275513,728.4566098625397
1155273,96.98764634435442
1149041,58.83306248683792
1459415,62.039650096962404
1101560,98.18999686242772
1491374,37.05231077430668
1382469,643.2933866854997
1198228,591.2741245166496
1330575,468.28789663325574
1045111,94.52917493142714
1317160,131.98156368119436
1341596,98.4409244084857
1107486,137.21827497323912
1055252,81.49351576537381
1141862,92.42882921504781
1324501,137.3699196254669
1168271,288.45878500593597
1367777,305.11912886295585
1263775,110.44300572415969
1225059,114.11678333686496
1311200,59.645462668427236
1294128,136.96734742718112
1363716,111.12301505627862
1464689,94.46797028891713
1078016,60.50140510508264
1323950,50.69640610044327
1385303,334.14563246261207
1125676,220.40962337106367
1019901,472.8093684877515
1091949,461.3233563984868
1022775,404.7533617956391
1425457,158.04873692752642
1383194,32.791712239713746
1030996,85.19428689764571
1021348,390.1512333934878
1486207,589.5294797513844
1073198,238.45630989146522
1142240,191.9221074329747
1227543,197.0908889481728
1328470,983.089740880728
1027062,552.854929591198
1054423,603.9118101820272
1057859,62.039650096962404
1085056,45.165595088189264
1127458,26.139647496940537
1030570,42.56703956474454
1011280,30.856417305070458
1420026,450.5736280496527
1342717,1457.4093413268786
1217666,1041.0164816929812
1064148,15.757943697173394
1143105,32.37936089480551
1443014,89.0568987877406
1053533,51.27050791941515
1159213,67.93571707225509
1299602,260.2285984741923
1466164,516.1400817272013
1364923,462.1313904107206
1345687,49.68334349508331
1490689,71.73088602528792
1054132,45.165595088189264
1283139,58.83306248683792
1174062,58.83306248683792
1210589,42.56703956474454
1402112,45.165595088189264
1191939,70.91465757021143
1282630,51.27050791941515
1032275,528.7018123144654
1345988,305.11912886295585
1284150,946.9573623149822
1412745,405.006342921738
1189870,462.1313904107206
1313166,227.58845795873157
1461333,37.05231077430668
1403345,78.93806157928589
1080422,50.69640610044327
1123999,128.71373041849156
1321328,269.73540607941516
1499149,269.73540607941516
1204434,89.0568987877406
1471972,94.27824738536916
1154525,107.51718366420707
1180897,790.9233406389424
1239990,303.0616945182964
1191121,510.47401064871127
1420610,89.0568987877406
1461619,98.18999686242772
1283607,58.83306248683792
1160895,139.35052008215322
1470466,269.73540607941516
1478093,260.2285984741923
1169197,51.27050791941515
1419275,60.50140510508264
1431854,398.630928735342
1164242,528.7018123144654
1130746,461.3233563984868
1453234,33.09541835883834
1186321,114.11678333686496
1475466,161.19198404589054
1093840,238.45630989146522
1173465,90.2169898725787
1267159,62.039650096962404
1170013,65.99112413094363
1156922,158.04873692752642
1000954,111.12301505627862
1215194,142.2945285593172
1401263,60.50140510508264
1200149,73.84445986896775
1185727,51.27050791941515
1406540,294.3874564635465
1041304,250.06644564670663
1178586,179.12442123671096
1125034,1284.6659020243953
1094992,903.2509594774976
1098294,472.8093684877515
1189234,42.56703956474454
1062718,111.77141557036829
1082997,111.12301505627862
1394931,568.1728863392055
1154152,590.199236900352
1255924,952.6097231769818
1362231,184.93322840211732
1310252,136.96734742718112
1334903,260.2285984741923
1160784,1309.4201341001997
1088651,687.4799865773577
1213880,984.0741037733518
1320872,94.27824738536916
1410761,73.84445986896775
1402413,94.46797028891713
1169260,131.73063613513636
1326093,188.40562372752203
1286218,123.9134088552616
1126416,71.10964374020064
1074332,73.84445986896775
1163098,60.50140510508264
1171492,728.4566098625397
1251701,797.8983186506963
1041443,646.0979930206123
1427597,37.05231077430668
1129290,32.37936089480551
1049689,111.3739426023366
1123106,179.12442123671096
1079402,197.34181649423078
1115834,112.54495677784358
1451124,94.27824738536916
1372533,58.83306248683792
1373037,204.9485727884011
1160220,311.00044655408396
1285893,468.28789663325574
1181766,127.66844589393827
1049773,139.35052008215322
1458521,94.46797028891713
1359763,164.78803142581074
1426206,383.306046597072
1317246,197.0908889481728
1021889,45.165595088189264
1318823,89.0568987877406
1345656,75.35736216196382
1101170,387.6557107577639
1416073,326.49716454512424
1208757,684.9073516834752
1033019,179.12442123671096
1136593,502.245161974527
1205287,260.2285984741923
1422208,37.05231077430668
1174084,94.46797028891713
1323683,65.84094859771089
1265832,180.25557869370382
1123723,313.1748500801933
1367945,296.4857659094403
1326431,98.18999686242772
1422972,115.12054605747885
1256838,107.51718366420707
1234660,941.8329846559928
1404408,318.15479691360036
1234776,461.3233563984868
1349215,75.35736216196382
1207249,111.42423279021803
1414921,311.4340848322759
1126947,239.35856061749607
1096124,40.447259972116804
1498639,40.447259972116804
1430032,40.783443703447354
1111480,391.7176317893607
1449841,584.7416583664025
1290329,461.3233563984868
1324280,23.56308128170095
1457838,25.747795365433614
1222394,153.7462205273739
1141545,161.19198404589054
1363040,207.58274903479523
1330159,67.41930886346482
1070377,62.039650096962404
1001148,62.039650096962404
1169203,131.73063613513636
1389523,131.73063613513636
1304998,191.9221074329747
1462767,40.447259972116804
1250239,65.99112413094363
1039516,41.13672463208972
1158107,342.10059239347845
1444235,462.3933485712259
1291286,282.00457750580074
