RMSE,MAE,Validation Weeks,Train Rows,Valid Rows,Features Used
96.71300796050438,59.15141214883749,8,430283,26265,18
