id,num_orders
1177098,2
1486011,92
1301735,57
1273097,34
1450902,34
1158165,3
1077876,8
1479002,20
1281555,25
1220629,19
1287288,0
1149272,86
1430093,44
1157251,44
1364131,79
1227970,9
1411427,20
1033512,0
1249878,0
1449349,21
1386036,0
1177651,0
1261268,3
1316488,0
1297387,4
1240915,0
1140431,0
1013079,3
1361178,26
1097810,8
1391435,0
1099528,0
1117969,1
1054117,0
1103779,0
1285350,0
1367217,0
1416683,9
1118412,14
1293675,4
1330467,0
1189762,0
1408479,9
1375495,6
1361615,15
1498846,3
1145843,0
1310857,0
1315483,13
1074295,10
1279057,0
1092985,0
1259030,0
1326687,0
1373522,0
1157350,0
1250173,0
1152295,17
1348202,0
1284570,4
1158868,6
1047566,6
1209129,7
1004886,7
1195396,7
1271245,8
1093884,14
1259014,14
1399101,0
1437934,0
1416330,12
1302476,16
1146657,13
1057285,9
1349227,9
1368165,13
1422379,13
1086047,16
1002589,0
1017711,9
1211204,15
1345688,7
1210501,16
1084025,0
1239272,0
1022695,0
1011110,16
1005560,17
1225988,12
1366211,7
1324708,15
1184103,11
1310794,14
1388767,14
1272864,12
1133154,11
1344662,15
1038802,15
1467437,5
1329046,11
1057669,33
1331479,28
1232705,5
1401490,4
1196960,4
1119175,6
1149199,6
1297151,7
1408811,0
1237636,14
1008635,12
1481250,2
1481724,16
1458403,3
1438049,1
1197105,0
1181471,7
1352308,7
1399262,0
1398440,0
1472243,18
1342553,13
1303872,6
1374742,1
1160087,1
1449481,1
1409784,8
1181977,8
1236099,12
1088551,17
1438339,12
1374498,6
1173658,12
1008292,7
1045869,0
1284400,0
1228589,12
1136450,10
1192132,0
1277023,0
1226033,8
1383481,12
1345596,11
1346637,1
1099736,2
1070940,2
1283616,7
1412687,7
1078901,0
1229539,40
1340614,20
1428262,9
1018915,3
1038769,0
1103105,0
1360988,0
1298022,0
1492789,0
1051818,0
1147532,48
1246221,0
1000164,11
1315204,1
1268614,0
1303680,14
1399880,0
1494417,0
1272597,0
1418909,13
1396660,14
1175187,12
1317753,7
1034244,8
1040435,8
1349623,9
1431405,9
1179430,9
1176893,9
1449984,28
1292983,92
1115570,47
1200857,45
1344262,33
1203477,3
1187267,10
1044893,21
1220430,20
1320834,19
1198931,4
1430253,0
1196393,12
1480687,4
1097181,6
1499604,0
1408309,0
1053367,0
1066051,6
1073193,14
1161079,22
1134692,14
1444677,17
1417557,13
1292994,14
1461469,15
1382786,11
1259677,13
1148205,15
1325721,13
1179236,12
1447264,5
1007165,9
1094157,7
1037639,17
1043566,14
1071289,6
1230721,8
1281633,10
1381624,8
1134786,25
1052017,193
1209585,76
1115016,52
1101235,46
1448019,25
1315737,12
1039269,11
1436545,10
1445418,14
1252654,7
1067370,12
1415662,10
1423314,7
1367043,8
1234416,7
1368612,8
1175687,8
1126635,10
1215026,11
1307333,4
1077544,35
1461548,29
1155304,14
1076344,22
1479849,4
1337089,0
1436130,0
1097496,6
1095473,8
1397206,0
1132317,0
1249794,0
1235645,0
1267815,0
1024354,0
1106620,8
1277874,0
1128160,0
1088442,0
1008071,49
1351714,27
1278748,27
1033118,20
1432496,9
1231141,3
1026727,2
1077204,6
1438728,9
1424161,13
1232750,0
1240251,0
1324350,4
1315410,8
1492833,8
1136861,3
1295531,2
1280308,6
1167103,7
1389109,8
1355488,7
1216663,3
1363746,5
1128710,2
1042523,3
1110118,4
1290610,7
1145669,7
1286261,9
1325159,6
1011543,0
1058360,0
1007123,0
1412939,6
1014783,0
1113754,11
1273175,21
1248159,12
1457927,19
1115454,10
1214752,22
1058556,96
1353953,66
1408738,64
1483186,55
1052629,6
1466020,0
1051717,0
1431922,48
1216601,26
1238090,0
1214968,0
1079476,10
1165310,7
1176334,8
1012940,0
1250538,5
1199727,7
1467998,11
1007279,11
1061973,4
1281392,0
1023051,13
1158061,3
1142648,13
1404159,12
1348850,9
1379341,7
1403602,7
1229591,12
1009044,0
1066687,0
1167748,0
1075832,0
1151308,0
1262900,0
1080258,0
1497570,0
1316773,0
1173901,3
1020490,14
1054376,20
1066575,37
1428927,32
1195774,6
1482761,7
1359976,5
1054274,7
1197821,6
1048829,5
1273910,0
1238143,0
1474729,1
1350239,0
1440237,0
1105342,0
1001956,0
1114835,0
1115501,6
1184958,5
1155995,0
1040659,0
1311681,14
1433355,9
1271815,8
1242344,4
1200743,5
1436480,6
1279838,10
1251356,10
1076920,2
1489348,10
1249911,13
1429083,14
1014635,11
1274715,13
1084623,13
1486084,11
1007567,14
1005224,15
1018869,5
1079368,26
1093376,18
1041123,11
1430566,17
1040612,0
1392552,0
1281620,2
1005866,13
1037632,17
1386889,0
1173359,0
1367247,2
1482433,0
1257584,0
1114301,0
1421477,0
1010322,0
1366678,0
1190900,0
1268984,0
1082662,0
1341057,5
1198596,3
1360054,4
1316119,2
1182553,0
1312899,0
1279295,8
1179644,7
1195643,0
1400933,7
1006845,12
1244972,8
1211835,13
1245361,2
1205492,0
1459875,0
1369352,13
1279631,10
1197470,0
1364127,0
1473365,6
1413843,26
1116354,13
1185582,5
1359183,7
1259615,5
1175328,14
1017133,16
1073550,0
1052320,0
1218304,5
1403013,2
1213321,8
1059546,0
1037013,0
1030517,0
1413036,9
1010010,8
1446578,0
1465365,0
1026935,0
1117406,0
1304553,0
1221568,0
1385364,0
1387510,0
1020597,0
1419393,0
1003760,0
1207260,0
1110869,1
1146477,0
1207346,17
1408082,2
1376120,0
1407386,0
1497500,7
1194367,7
1272083,30
1099221,101
1406384,41
1360566,34
1050703,36
1419040,0
1255087,0
1169109,0
1231535,12
1475079,7
1121637,0
1286192,1
1076099,11
1135164,12
1243831,20
1247648,0
1080752,0
1006812,0
1205020,15
1281256,13
1185139,0
1297480,43
1051229,26
1012762,10
1005712,12
1290480,0
1107751,0
1448045,0
1320697,0
1343551,3
1465107,0
1041761,7
1359065,32
1083748,33
1174518,6
1309393,7
1173584,5
1362180,6
1402804,7
1379904,8
1234402,0
1232348,0
1186038,5
1228924,11
1420063,8
1224017,2
1456472,3
1387675,6
1043351,7
1426735,7
1190633,0
1234168,17
1187850,15
1461408,7
1324628,7
1043320,0
1112006,0
1431890,8
1142113,22
1473136,20
1129467,0
1440344,24
1199647,21
1329067,15
1310720,8
1187699,17
1490972,4
1188019,0
1393545,0
1196202,0
1289523,0
1306275,0
1123768,0
1495866,0
1251443,0
1112488,0
1248124,0
1361909,0
1484093,12
1137757,12
1049366,0
1442356,0
1344308,0
1057310,0
1450163,0
1249769,0
1328737,0
1358230,0
1245395,5
1227902,0
1141892,0
1023603,0
1009205,0
1401622,0
1056837,5
1399479,2
1380035,0
1187248,0
1052075,6
1190890,5
1224120,0
1083028,0
1435741,0
1227990,0
1102401,0
1494941,0
1405194,0
1160706,0
1389486,0
1475674,3
1117711,0
1268268,10
1084245,12
1436228,12
1044490,10
1119951,9
1148469,5
1040533,7
1182305,13
1058670,10
1069033,11
1052272,8
1102729,14
1439572,10
1091114,0
1066926,0
1042657,0
1126990,0
1135737,0
1264507,0
1220181,0
1483607,0
1465019,13
1142488,13
1103283,1
1398797,9
1198936,10
1206071,8
1148030,10
1293650,6
1200910,2
1285518,9
1080615,15
1254886,15
1083754,0
1462240,20
1135487,21
1018722,4
1172707,1
1162264,1
1086936,0
1207218,0
1040287,0
1430895,0
1029036,0
1338150,0
1352621,0
1068287,0
1032470,0
1455331,0
1244516,0
1327333,5
1077866,6
1157697,4
1359546,0
1083789,0
1186701,0
1307736,0
1169772,6
1423832,5
1052776,2
1017418,3
1084980,2
1049695,0
1152112,8
1073128,0
1400065,0
1078686,0
1442361,6
1438146,3
1229328,1
1154798,0
1258593,0
1214967,0
1415050,0
1249408,0
1217205,2
1403443,6
1323989,0
1063221,2
1375428,1
1171835,0
1175458,0
1022677,0
1064513,0
1141542,0
1254313,0
1429469,0
1140772,0
1473886,8
1040538,2
1300105,0
1254975,0
1468203,0
1147088,12
1225845,0
1449493,0
1168141,0
1472121,1
1486257,0
1290578,0
1323798,3
1176875,6
1329642,4
1060343,7
1217405,8
1290002,0
1480585,50
1132573,18
1057544,8
1185226,11
1332114,0
1006557,0
1223406,11
1165398,16
1252122,25
1043572,0
1120725,7
1493836,2
1382069,2
1262029,5
1436339,6
1171914,0
1222059,0
1179976,12
1312713,11
1168741,8
1108197,10
1322681,11
1446803,15
1460737,17
1378544,13
1223144,13
1415427,10
1238698,16
1273113,16
1024905,7
1161371,1
1335725,1
1185623,1
1495661,3
1059370,0
1485382,0
1136555,2
1113434,3
1476173,0
1098228,18
1080847,177
1064602,67
1093227,39
1177861,43
1259611,0
1274836,2
1030333,0
1249982,0
1188591,3
1387134,0
1055877,1
1308549,0
1205716,0
1471019,0
1245854,0
1453386,13
1234023,12
1302153,22
1246959,7
1433203,8
1339909,5
1161885,7
1437209,3
1357587,0
1418362,0
1118797,7
1109876,3
1103484,0
1179187,0
1262515,0
1050801,0
1209593,0
1129604,0
1471717,13
1147030,0
1374174,0
1347061,0
1101375,92
1398435,18
1353965,18
1183936,23
1311911,8
1062494,0
1410039,2
1187463,1
1082477,8
1345516,11
1302404,2
1319320,5
1363194,0
1150515,0
1465309,5
1373073,5
1164383,2
1302775,2
1439889,0
1043720,0
1065834,2
1272505,6
1356980,4
1028730,30
1124574,0
1369044,0
1157352,4
1197335,0
1098456,23
1004231,18
1348678,10
1069114,34
1120606,0
1116595,0
1124659,0
1403491,20
1124415,24
1380381,10
1110397,11
1051554,10
1158465,18
1120697,0
1080382,0
1288728,0
1023715,2
1010857,2
1432432,2
1343027,10
1048501,0
1154647,0
1019399,5
1272535,9
1321418,5
1473948,6
1083699,3
1258695,7
1293810,0
1321966,0
1376274,0
1453454,0
1341931,0
1133750,0
1452164,0
1142445,0
1334127,0
1074156,0
1097952,0
1438615,11
1068496,25
1000100,25
1134437,0
1292242,2
1413791,1
1490069,0
1314145,0
1019214,0
1340547,0
1367086,0
1188841,0
1344109,0
1378136,0
1393759,0
1352569,0
1480595,0
1349200,0
1236400,11
1153639,7
1004909,5
1347302,5
1448703,4
1291242,3
1224254,2
1265051,3
1303545,8
1241905,10
1156187,15
1164364,17
1368515,10
1371309,11
1270509,7
1023956,19
1175778,16
1400016,0
1371135,17
1386866,15
1263387,12
1316202,11
1238695,0
1269164,0
1212464,2
1458850,14
1164926,10
1439647,0
1321232,0
1055592,0
1241427,0
1072422,0
1381948,0
1459193,3
1107012,0
1484291,0
1189072,17
1217722,4
1024786,1
1164714,0
1487084,0
1194216,0
1333009,1
1400194,1
1220768,0
1206564,0
1448674,0
1237375,2
1323061,0
1205077,10
1281460,2
1483448,0
1406717,0
1439670,6
1311889,4
1408468,9
1025542,9
1160326,12
1443402,4
1226069,6
1175779,10
1495888,13
1226727,6
1088993,11
1162495,14
1171266,0
1018646,0
1224157,0
1476159,0
1481437,0
1137703,0
1443319,0
1297612,0
1366087,1
1219884,3
1495062,0
1079487,0
1415325,0
1347027,0
1006493,3
1005118,0
1486530,0
1269555,0
1250542,0
1218398,0
1088412,0
1341714,0
1317606,0
1191523,0
1373558,0
1144418,0
1482712,0
1290408,0
1044002,0
1156368,0
1040430,27
1087004,84
1042794,40
1359630,26
1059906,31
1340375,0
1167679,0
1118042,0
1433454,0
1414239,0
1333032,0
1074655,0
1017569,0
1047271,0
1364823,4
1081645,0
1193498,0
1308101,0
1295480,9
1026912,9
1170447,0
1141028,15
1283426,22
1353711,1
1053353,0
1077335,0
1347043,0
1222655,0
1413603,0
1166615,0
1251605,0
1207693,11
1108927,30
1388671,30
1286860,2
1306117,4
1493718,1
1289654,2
1140803,2
1164395,0
1131843,0
1437106,0
1360876,0
1383471,0
1008063,0
1465304,0
1045061,5
1461030,6
1207213,4
1247289,29
1005108,111
1034753,53
1306222,47
1383467,30
1264972,4
1061474,10
1132437,18
1115805,19
1016058,22
1137610,14
1480777,89
1494822,51
1464047,46
1472699,85
1376448,10
1282271,0
1408615,18
1023846,0
1243501,0
1129707,0
1260334,0
1021163,1
1140966,10
1243209,3
1083760,0
1381446,0
1005261,0
1252533,14
1188240,15
1160081,0
1008310,0
1221080,0
1059966,0
1242487,0
1421837,0
1057534,0
1323943,1
1064030,9
1498348,7
1136118,0
1134200,0
1145773,10
1190892,6
1466336,16
1134658,6
1459356,0
1426808,0
1296652,14
1348796,11
1120430,0
1247851,0
1031048,0
1106408,0
1029543,0
1193017,0
1261642,0
1395556,0
1005813,0
1037275,9
1442044,13
1307339,15
1196209,14
1482208,10
1379112,8
1128418,9
1467469,8
1120268,9
1346817,11
1441892,11
1113611,7
1265885,9
1466429,17
1180816,12
1315750,13
1407545,11
1420309,14
1262288,14
1069047,18
1135656,23
1086750,0
1159714,21
1240555,14
1124593,4
1083372,9
1186898,0
1000649,0
1356969,0
1305931,15
1223568,12
1025605,0
1046412,0
1115576,6
1199659,8
1499049,8
1324623,4
1322481,5
1231854,11
1219611,14
1341241,14
1213246,5
1303698,13
1137709,25
1185120,27
1371702,8
1208218,9
1035515,4
1386342,7
1143967,7
1377191,7
1008206,0
1479104,7
1207945,11
1061234,3
1453841,7
1154063,7
1219733,0
1399265,0
1458672,9
1496971,7
1233312,0
1264605,0
1068894,16
1056311,11
1305530,8
1103403,2
1257959,2
1124544,3
1079989,8
1463282,8
1467510,0
1191200,0
1173754,9
1262678,6
1390007,15
1039345,3
1350477,0
1110823,4
1211565,9
1350329,10
1072530,0
1445154,0
1472817,10
1232736,10
1378869,11
1272128,2
1049965,3
1034550,2
1050805,9
1181479,7
1329551,0
1327025,15
1122935,22
1493967,10
1342800,8
1130779,0
1209612,0
1082880,0
1355118,0
1313071,0
1364001,0
1158273,74
1179879,2
1072628,6
1078195,11
1014743,0
1093556,24
1394305,0
1180962,0
1317465,0
1285290,13
1283478,12
1403548,11
1126214,10
1264973,9
1305760,9
1357985,9
1341978,10
1017304,10
1110867,0
1137245,66
1403820,40
1256510,11
1353789,25
1007195,0
1400253,4
1290777,16
1287202,26
1387179,23
1147262,0
1240702,8
1198318,7
1326921,10
1136997,2
1449211,0
1285242,0
1429995,0
1118227,18
1477410,17
1082079,0
1399206,0
1071064,7
1338613,7
1279640,7
1218656,5
1255347,5
1196682,10
1175536,14
1176180,14
1032497,0
1354339,0
1494544,6
1340571,7
1191782,3
1186849,0
1367532,0
1107386,4
1065339,9
1323008,7
1332667,149
1039351,251
1319273,82
1305518,86
1327143,65
1272171,16
1223757,20
1090089,8
1128850,20
1446344,38
1379360,2
1203113,9
1341899,9
1163110,6
1229974,6
1392905,3
1155992,6
1287197,7
1290426,10
1067530,12
1171352,6
1182678,33
1065067,24
1239466,15
1223222,25
1422513,0
1446621,0
1453468,0
1361280,7
1449340,8
1369843,0
1388974,41
1256351,0
1418345,0
1410772,0
1347615,0
1229128,0
1275233,0
1238848,0
1404060,0
1075942,98
1458788,105
1108592,41
1091948,53
1028978,29
1480899,17
1043364,6
1390783,3
1083460,9
1113545,18
1203532,0
1404661,0
1019816,4
1152557,6
1262290,6
1118117,2
1389659,1
1375700,6
1089820,8
1019878,10
1254872,7
1174768,6
1364143,9
1412578,4
1327394,5
1015386,7
1117354,8
1151394,9
1287520,9
1357767,7
1316684,0
1039434,0
1115675,0
1135243,17
1240466,16
1057585,10
1278666,15
1300574,25
1207105,25
1035393,13
1020081,50
1190755,121
1167256,68
1096372,64
1218496,55
1475974,9
1373463,2
1256563,1
1123285,50
1173215,18
1279379,0
1451598,8
1304937,13
1231953,12
1168898,4
1353870,3
1165749,1
1230695,8
1242560,9
1228365,9
1413930,0
1022252,0
1139910,11
1001888,2
1210850,14
1407222,13
1370845,9
1266898,7
1151883,11
1277683,12
1487280,0
1123603,0
1206298,0
1337824,0
1053213,2
1177201,0
1374187,0
1021300,0
1490308,3
1306497,2
1279131,0
1269144,4
1276382,30
1116326,17
1404622,10
1275681,5
1194463,5
1304635,4
1205095,6
1478466,8
1010552,0
1331672,1
1457969,10
1368801,5
1455031,14
1011328,0
1162772,0
1227348,0
1255226,5
1145821,6
1470186,15
1178919,12
1418928,13
1081244,5
1077806,10
1152499,8
1370097,12
1020769,11
1400947,12
1018985,14
1414158,0
1416216,0
1192089,6
1115764,7
1473840,8
1302530,3
1237322,3
1004831,8
1153638,14
1084874,14
1109804,0
1054832,31
1352123,26
1423856,11
1435666,10
1354480,0
1246275,0
1336436,1
1432832,14
1165254,16
1339938,0
1210385,0
1099728,0
1023338,1
1011542,0
1155592,0
1019661,0
1392027,0
1316583,0
1097877,0
1494216,0
1182532,0
1290506,9
1470108,10
1267485,11
1334810,1
1222803,1
1484176,3
1028575,7
1179192,6
1374892,6
1350025,3
1271551,15
1135607,12
1094534,17
1402997,5
1276985,3
1050864,5
1438304,9
1172618,9
1248315,0
1203731,0
1423330,14
1175893,16
1120441,13
1195707,8
1333706,9
1334557,11
1243318,14
1190535,17
1116374,11
1018735,8
1205948,7
1083732,5
1124304,8
1068682,0
1061931,0
1188547,0
1197855,9
1395274,8
1431703,0
1351595,0
1409355,0
1315567,1
1429778,0
1414869,0
1027375,0
1022544,0
1022578,0
1078001,0
1267686,0
1143283,0
1162708,3
1327015,1
1396741,6
1224020,8
1173723,5
1430604,0
1263640,7
1429780,7
1022953,41
1495360,147
1029946,71
1089615,59
1112962,66
1210844,5
1283830,14
1242056,13
1129081,7
1213128,15
1234220,58
1358932,31
1456061,32
1001605,53
1495976,41
1186697,8
1318247,3
1304912,5
1116992,13
1415286,14
1398257,0
1247585,38
1035021,23
1221774,14
1152647,20
1124283,0
1232726,0
1362645,0
1418889,0
1261781,2
1256386,6
1057182,20
1263231,22
1084274,28
1082354,9
1472006,8
1310908,2
1374704,6
1285971,6
1412159,5
1115708,0
1092272,0
1219683,6
1310626,11
1027118,13
1335607,3
1371511,2
1273740,3
1181728,8
1251517,7
1485369,4
1103569,17
1314410,31
1430695,24
1145013,21
1468147,8
1412754,9
1032733,15
1213087,22
1008542,25
1209550,0
1441788,0
1494973,14
1276788,19
1469801,17
1416169,21
1351029,0
1231616,6
1066223,10
1173940,0
1432305,2
1283783,0
1146363,0
1465455,2
1036398,0
1203802,0
1456889,0
1478238,1
1049845,14
1100984,16
1084587,5
1190800,8
1039931,8
1073152,6
1481762,20
1334284,3
1029180,4
1084257,2
1317402,6
1079777,0
1270643,0
1446195,0
1484197,13
1200304,12
1287827,0
1248108,0
1403904,0
1021726,7
1376640,19
1380277,3
1041176,4
1297002,8
1066076,8
1259666,8
1088323,8
1292401,15
1290034,14
1332253,14
1014996,14
1163030,13
1440934,13
1349753,6
1249975,10
1056109,16
1357053,8
1350810,3
1054426,2
1289065,5
1471242,3
1055911,0
1123788,12
1347514,19
1324777,17
1322645,9
1095958,21
1434822,15
1242168,16
1273859,13
1012400,14
1215030,10
1208743,11
1490547,12
1401627,13
1358531,13
1188645,26
1162484,25
1013447,7
1118218,4
1404874,3
1226475,5
1000846,5
1356581,3
1013345,0
1442195,0
1215930,0
1408973,0
1238444,0
1420458,0
1131404,3
1086225,5
1169837,3
1203992,8
1145754,7
1199358,6
1243074,20
1256588,4
1478036,4
1392760,5
1385580,4
1457759,4
1042647,2
1058867,14
1310991,19
1269866,12
1128791,10
1036302,18
1214927,20
1275245,6
1358702,7
1146124,7
1318590,8
1370271,4
1000409,0
1422995,1
1439692,4
1284951,4
1175049,3
1185125,3
1415191,0
1003274,0
1148714,0
1305683,0
1438635,0
1321983,0
1326115,0
1144115,0
1257509,0
1022568,0
1379917,0
1031253,5
1024232,0
1136080,0
1250344,0
1469473,2
1019938,45
1231475,24
1380749,0
1214542,0
1303074,7
1148161,8
1411642,7
1028210,8
1226546,6
1395289,16
1189355,25
1443779,24
1370125,22
1375670,6
1441077,6
1325306,17
1215047,25
1329687,16
1482844,10
1201815,19
1331830,16
1049699,9
1333824,11
1005047,4
1434656,0
1421537,0
1170030,13
1333229,15
1432554,15
1036321,11
1340270,16
1134217,13
1031549,13
1238585,10
1312452,11
1201497,12
1199397,15
1213797,14
1062232,3
1329787,0
1381422,2
1041718,4
1025446,8
1030594,7
1171225,0
1113088,58
1421572,28
1231421,26
1155226,22
1050090,0
1462159,3
1262088,1
1059783,17
1068765,9
1024581,2
1278254,4
1210203,8
1142069,8
1393711,8
1028000,16
1133330,20
1425669,10
1240821,6
1398217,5
1288267,4
1054056,7
1252270,5
1134544,7
1239796,9
1082924,0
1010839,36
1462666,0
1015385,0
1477694,0
1017174,0
1339356,11
1251909,40
1237409,0
1235681,45
1473044,29
1165704,26
1327609,25
1382591,11
1258870,1
1340640,7
1165396,12
1460743,14
1210591,14
1439204,4
1456232,11
1281119,8
1306776,3
1146091,2
1475252,0
1221331,2
1072871,0
1036557,8
1249595,8
1423465,9
1191423,9
1041334,15
1462748,8
1098172,22
1265747,7
1071053,25
1260150,7
1467327,6
1039490,7
1282588,0
1340515,0
1000357,7
1329859,7
1377570,32
1198647,0
1243803,0
1393212,0
1413792,43
1114795,22
1073984,4
1296525,12
1026899,8
1161777,24
1069257,2
1003011,2
1015640,8
1053602,8
1236743,8
1298612,8
1171522,12
1298237,7
1217098,11
1079423,6
1072315,9
1092628,0
1077145,0
1428079,0
1121116,4
1144786,14
1151671,2
1289400,10
1159996,1
1223966,15
1268664,18
1437271,0
1420669,4
1425768,24
1287294,17
1052619,8
1328041,3
1350959,0
1042549,0
1437111,10
1166579,8
1485217,4
1438722,0
1179775,0
1064722,0
1116704,4
1161161,7
1194491,9
1342433,9
1237362,9
1486738,7
1070617,7
1478278,4
1089189,4
1487636,6
1335161,10
1149326,10
1184109,9
1250917,11
1157950,10
1165272,12
1045564,13
1031512,11
1267384,11
1165991,11
1224499,0
1022104,0
1332421,12
1233349,21
1412941,19
1498242,5
1054399,10
1030700,16
1460017,14
1461262,16
1244952,0
1287128,0
1163539,0
1235684,0
1483944,0
1142725,0
1323315,0
1254188,0
1115861,0
1075316,0
1104842,2
1369219,6
1243216,7
1409284,5
1046968,6
1073731,5
1055416,5
1289214,6
1221524,15
1043470,11
1076426,9
1038594,9
1344687,7
1031647,4
1294819,3
1152672,7
1415430,9
1120552,13
1329211,18
1077637,15
1269584,15
1320063,10
1243523,10
1443457,12
1091205,12
1059392,16
1381859,3
1203139,4
1468809,6
1097142,3
1494739,8
1133318,2
1489756,0
1478252,3
1158974,0
1312320,0
1140924,0
1450893,1
1149920,0
1165858,0
1098563,0
1373446,0
1129872,0
1392880,0
1468382,5
1486459,4
1457277,2
1160131,2
1107036,5
1313365,2
1114748,6
1492680,6
1338998,5
1369288,0
1097299,26
1288385,25
1075490,16
1276034,19
1335661,2
1263819,2
1307045,3
1023914,13
1438726,13
1107949,5
1255934,8
1049619,9
1102290,8
1010584,7
1079013,3
1239770,6
1415070,8
1234331,8
1147425,8
1159953,0
1484891,6
1076815,14
1375783,10
1057460,13
1047283,0
1282357,0
1019252,0
1180163,4
1403728,4
1399943,1
1031064,26
1285677,29
1422692,9
1472670,4
1245179,4
1098339,6
1415077,0
1167273,0
1478601,8
1085278,7
1413452,7
1282205,0
1050183,0
1090747,6
1326067,23
1355437,12
1147147,0
1366465,0
1081854,0
1099585,0
1033845,0
1027173,0
1053974,0
1149325,0
1485355,13
1114099,0
1192440,0
1302703,10
1362241,1
1170120,2
1134558,1
1083778,2
1359599,6
1146050,11
1243817,13
1385751,13
1318214,0
1354676,6
1043464,0
1095610,0
1445857,0
1165646,5
1109736,0
1250867,0
1104719,4
1161020,3
1433370,6
1209170,6
1031572,5
1069568,20
1406673,5
1485136,0
1380450,0
1457409,7
1189724,8
1277505,0
1071404,0
1194259,0
1492522,0
1483263,0
1300957,11
1391820,0
1444828,0
1235646,9
1149262,8
1051940,1
1172631,0
1248197,1
1241439,2
1429867,5
1169083,0
1017091,9
1233024,7
1221654,2
1228894,5
1344123,5
1374880,0
1347248,6
1225854,10
1126089,11
1104094,15
1260322,0
1300752,0
1035344,0
1371644,0
1308196,4
1412339,7
1039687,0
1331189,0
1424339,3
1357786,11
1449682,9
1319818,5
1169218,9
1221116,10
1216692,13
1429369,12
1131747,11
1041188,9
1319940,10
1408109,10
1157877,0
1014711,5
1238324,18
1167321,30
1282806,1
1207621,2
1438842,3
1431659,0
1493848,0
1005859,0
1117230,0
1316073,0
1495277,0
1367997,0
1278946,0
1390076,2
1410654,1
1285811,13
1485817,3
1286176,3
1032676,18
1092650,2
1396008,2
1041864,1
1335428,0
1052206,4
1279988,4
1453255,8
1119599,10
1429851,2
1289928,4
1064150,26
1235639,24
1108801,2
1480216,2
1478575,1
1157233,5
1415890,0
1327054,0
1175553,0
1305943,0
1457199,3
1364840,1
1498709,0
1125965,4
1035490,5
1101134,4
1013760,0
1239109,0
1122956,0
1483182,0
1067620,0
1107810,0
1242455,0
1158124,0
1073879,0
1426907,0
1154338,0
1456903,0
1203547,0
1351498,0
1094406,0
1228266,0
1217570,15
1026120,12
1160422,0
1366903,0
1440445,0
1111819,1
1268765,6
1290397,13
1475801,7
1439793,8
1471569,0
1034052,0
1100285,8
1264101,8
1279549,9
1160529,0
1089518,0
1281168,6
1353592,28
1421768,0
1294900,0
1245219,0
1441584,0
1086294,0
1309019,0
1498185,0
1382755,0
1215093,18
1440248,19
1415276,8
1183251,4
1289437,7
1011312,11
1176696,9
1023764,10
1403023,7
1184878,10
1118194,9
1181673,18
1431945,4
1152849,2
1380942,0
1108913,1
1326790,0
1254119,1
1209328,2
1277966,11
1184480,6
1221985,2
1301321,36
1463289,31
1275946,9
1400875,10
1348564,1
1273247,0
1017611,0
1062279,10
1237961,14
1417054,0
1003607,11
1424179,13
1323747,13
1230958,0
1163294,0
1365966,1
1467823,1
1347467,10
1034811,2
1121415,0
1048682,0
1443052,6
1034404,2
1130574,0
1400224,0
1165216,0
1489607,0
1057854,0
1488677,0
1249972,13
1096794,9
1187668,0
1164828,0
1428233,5
1094909,8
1332634,11
1226462,8
1022245,7
1082397,0
1136816,2
1478736,0
1468754,16
1392549,18
1015651,5
1092575,7
1168055,1
1157854,1
1053981,0
1487585,10
1088619,13
1460736,1
1396268,0
1270168,0
1279071,6
1068050,12
1348154,7
1149086,11
1430948,0
1125207,0
1191961,0
1079406,0
1402254,23
1313316,0
1389901,0
1434316,0
1200882,20
1130820,17
1136992,11
1070978,10
1085342,17
1354071,3
1352957,4
1171509,1
1218549,2
1033103,1
1484655,11
1429343,4
1426362,2
1019053,0
1149610,8
1188764,11
1085095,9
1163249,11
1200526,11
1359182,0
1190919,0
1318614,0
1106674,0
1484037,0
1145685,0
1477155,0
1370445,7
1437300,0
1333249,0
1244747,0
1468842,27
1326759,29
1011416,3
1297084,2
1233664,0
1100085,0
1330971,1
1138077,0
1352006,0
1487542,0
1108221,0
1139998,0
1472724,0
1359856,0
1026021,1
1097467,4
1209010,9
1203418,8
1288697,7
1466637,4
1412357,6
1473386,4
1315013,3
1046348,1
1351338,3
1337583,10
1247118,0
1155168,0
1023555,0
1189141,0
1294514,3
1170464,0
1032841,0
1319448,0
1372525,17
1197527,18
1104829,0
1091408,0
1100655,0
1212272,0
1139167,0
1208032,0
1089775,0
1287888,0
1468614,0
1199908,0
1265084,5
1413660,5
1204209,2
1202448,3
1461934,3
1399020,0
1428777,0
1084734,4
1251697,2
1143725,0
1248669,0
1492080,0
1125820,0
1240530,0
1182284,5
1161715,5
1397460,0
1397576,0
1085214,5
1041296,5
1317327,19
1124007,12
1001431,15
1454242,8
1207961,8
1168512,10
1388227,9
1149006,10
1389070,1
1077085,3
1262049,2
1374006,2
1192491,0
1046377,1
1149415,0
1057610,2
1037961,4
1108246,0
1143509,0
1105358,0
1100472,0
1423581,0
1175539,0
1331445,0
1293935,0
1023451,0
1049464,0
1309583,6
1230234,4
1461709,5
1408980,5
1488053,5
1274689,5
1041473,2
1166260,3
1461337,0
1206736,0
1056913,0
1056567,11
1323239,17
1466159,5
1333540,6
1282979,0
1338001,0
1334066,0
1454911,13
1096576,14
1325572,0
1061707,0
1318381,2
1127586,0
1076352,0
1207706,0
1051075,0
1178070,0
1471943,7
1050157,6
1175530,0
1158903,0
1169201,0
1031727,0
1356784,0
1294357,0
1169953,0
1414115,0
1030541,0
1062207,0
1006290,31
1106911,23
1398536,3
1263867,3
1016670,0
1171413,2
1153425,3
1014174,0
1059918,0
1434673,7
1437796,9
1209418,8
1340261,2
1453426,3
1073580,14
1125848,30
1499035,23
1295338,0
1222180,0
1165274,0
1237456,0
1069738,0
1014169,8
1127003,0
1266348,0
1334765,0
1463681,10
1030133,0
1006565,0
1135300,6
1232307,0
1436481,2
1083483,0
1218091,0
1456658,0
1092475,11
1433866,18
1176492,0
1353610,0
1089484,0
1072876,1
1453728,0
1002461,0
1125670,0
1229468,9
1347887,6
1251976,2
1314783,0
1116236,8
1376495,7
1119344,4
1458904,20
1052692,8
1260776,3
1378898,3
1112041,3
1438832,5
1248265,0
1195954,0
1381379,0
1281126,0
1498748,0
1284086,8
1293530,2
1436975,0
1122080,0
1363954,4
1208670,2
1395641,2
1115606,1
1032783,1
1313008,2
1381034,9
1128691,9
1092234,10
1142469,13
1418236,10
1285563,10
1252304,12
1127538,15
1084154,12
1197924,15
1337255,13
1185867,9
1363671,0
1289303,0
1004740,4
1204926,4
1118823,0
1377335,7
1266794,1
1137166,9
1014502,13
1278599,13
1410185,5
1065002,9
1201146,12
1295967,9
1478836,10
1263028,10
1047818,9
1181209,12
1043905,14
1033551,15
1231479,2
1309569,0
1068192,34
1494564,30
1227142,6
1456193,5
1191448,3
1360848,2
1085163,0
1499564,0
1191755,0
1022893,0
1472361,0
1433295,0
1373742,0
1038419,0
1254866,2
1227242,3
1471032,8
1072191,17
1224559,14
1199250,20
1280019,3
1069118,4
1082440,1
1049894,3
1249689,4
1100757,4
1373418,4
1425889,5
1262003,4
1110029,0
1079214,20
1009321,18
1055383,1
1235873,0
1186917,3
1151999,4
1207102,2
1192156,4
1226763,0
1434274,5
1337949,2
1040562,0
1160472,2
1156193,4
1248747,4
1227492,0
1099568,0
1275063,0
1253582,0
1043906,0
1436089,0
1026803,0
1190415,0
1128432,0
1029605,0
1263106,0
1183611,0
1481991,5
1178623,0
1409516,0
1157955,0
1185489,0
1452021,14
1210378,0
1031376,0
1177597,0
1409502,0
1257355,1
1413100,7
1211003,14
1096378,8
1345861,9
1421914,9
1276698,0
1103064,0
1057956,12
1405565,8
1202685,0
1366788,0
1338435,0
1447615,10
1409269,31
1197167,14
1035001,0
1350978,0
1306161,16
1366727,0
1380882,10
1233397,0
1332984,0
1144564,0
1304218,15
1395217,7
1065392,14
1066756,14
1370689,14
1186797,16
1183418,15
1177408,11
1282300,12
1460464,11
1089717,13
1156808,15
1495432,9
1297290,5
1100886,6
1464389,5
1251720,6
1239853,2
1344807,3
1189431,1
1327017,3
1211035,2
1001797,2
1131807,64
1494899,22
1268958,19
1288154,22
1203405,3
1040370,9
1044833,2
1350447,5
1347690,9
1044455,3
1477801,4
1094263,5
1348081,2
1457172,2
1235797,0
1091749,4
1462573,15
1244735,14
1242870,4
1024593,5
1368146,8
1153680,4
1298252,12
1444981,3
1261913,0
1404886,0
1061342,8
1172110,4
1272052,0
1275436,2
1352301,0
1088922,0
1142032,0
1009193,0
1184241,30
1274934,16
1320020,0
1155127,0
1207458,8
1408017,10
1090667,15
1397788,12
1227739,6
1362484,4
1097531,0
1082537,2
1484097,12
1325444,18
1251276,0
1309343,0
1103196,5
1394008,3
1047128,1
1340919,2
1342347,0
1478158,3
1358927,4
1062782,4
1011715,3
1214193,4
1366131,3
1189909,3
1307236,4
1220551,5
1402459,6
1392162,3
1446122,5
1043188,5
1230082,10
1305994,3
1348778,4
1002960,14
1489067,5
1269724,4
1045443,15
1326150,8
1467198,11
1027897,21
1432174,37
1248475,4
1393876,0
1162245,5
1274195,27
1261856,19
1334116,4
1185549,13
1493370,9
1357046,27
1230268,2
1280515,4
1165845,2
1435470,1
1410218,0
1427121,16
1419156,6
1226413,0
1384055,3
1246091,9
1067532,7
1464252,13
1133732,7
1223903,13
1045510,0
1391305,0
1226448,0
1107663,0
1341061,0
1362854,0
1498099,0
1209334,15
1135795,10
1315178,11
1130481,0
1463428,27
1278200,32
1393458,8
1391624,5
1270020,3
1225582,2
1063501,0
1357869,0
1014892,0
1247520,0
1336840,0
1211469,0
1059036,0
1176566,0
1132246,2
1292348,5
1254416,14
1276415,6
1070659,10
1329123,8
1160584,5
1428803,6
1466539,5
1091359,6
1486528,5
1432211,15
1330381,12
1034776,17
1131866,15
1143621,15
1002286,12
1085415,10
1134920,12
1341225,13
1415100,12
1252167,0
1051889,17
1439963,14
1324815,14
1437561,13
1188982,6
1407599,8
1290623,14
1359200,16
1118472,13
1311604,0
1031757,0
1056240,0
1474016,0
1180599,0
1320888,0
1009958,0
1020232,0
1336350,0
1381030,0
1003702,6
1297632,9
1315655,5
1189968,4
1369244,4
1091740,3
1214002,3
1186897,2
1161849,3
1115766,0
1365940,0
1027637,3
1378297,1
1253091,0
1126539,7
1327372,6
1401921,0
1104114,0
1459400,7
1263309,4
1336623,10
1075826,14
1085349,16
1110209,12
1103290,6
1267654,16
1216595,16
1097353,9
1212254,16
1084827,16
1371347,0
1155726,0
1240789,0
1171370,0
1265660,0
1018252,0
1493141,0
1093559,0
1447467,6
1473259,3
1347256,0
1394977,0
1392377,0
1310599,0
1195053,0
1275321,0
1051713,0
1184351,0
1113836,0
1132798,0
1436870,0
1409226,0
1150362,0
1228678,0
1369151,0
1227977,0
1206279,0
1372105,0
1380214,5
1339516,5
1389987,12
1072901,29
1203450,29
1455635,9
1247179,13
1278100,1
1448482,0
1459132,1
1442394,4
1131544,11
1181234,5
1273574,0
1455968,16
1233302,6
1443559,5
1347087,4
1041709,6
1349855,5
1198557,9
1221492,9
1465453,0
1333678,0
1090753,0
1462747,0
1177417,0
1193051,0
1196763,0
1278502,0
1185545,0
1481698,0
1404091,5
1461497,2
1173571,36
1083108,27
1002205,6
1447555,6
1319625,3
1176790,5
1238226,3
1391315,0
1113235,0
1163319,0
1190560,1
1404369,2
1264727,2
1482729,1
1058895,4
1238793,4
1361780,2
1478370,0
1411161,3
1408190,23
1409562,0
1456972,0
1276208,0
1490001,0
1486353,0
1000127,17
1366757,19
1346060,0
1366689,5
1152927,5
1085039,0
1308005,16
1416818,0
1157372,0
1035677,0
1043744,8
1275513,0
1427226,0
1428931,0
1482270,1
1337955,1
1074040,13
1223872,3
1056054,9
1045111,9
1466260,0
1271724,0
1362659,0
1466995,0
1019525,0
1013636,0
1026870,0
1368359,1
1495646,0
1364816,7
1170240,0
1039898,4
1412137,4
1169338,1
1042017,17
1287984,4
1498396,0
1176996,3
1077306,6
1491374,4
1145664,0
1066734,0
1374651,0
1279324,0
1409608,0
1009256,0
1157723,0
1071832,11
1076420,11
1331136,9
1346673,5
1452741,4
1468212,6
1230784,6
1190650,6
1047101,6
1420224,5
1005457,6
1404012,3
1323173,3
1190479,3
1444164,5
1322332,0
1393220,0
1195731,0
1037225,0
1290352,0
1369208,0
1399477,0
1464990,14
1191994,4
1317160,9
1291135,0
1304893,0
1260429,0
1430497,0
1140847,0
1151498,0
1217377,0
1443512,0
1353405,10
1107486,10
1317910,0
1368716,22
1010055,28
1081143,2
1010965,0
1016213,0
1263775,0
1189397,0
1405401,0
1266638,0
1276585,0
1180684,0
1059213,0
1344474,0
1438853,0
1363716,2
1250158,8
1152407,12
1496385,3
1304461,23
1069061,0
1435255,6
1167009,6
1245685,3
1232151,0
1078016,0
1474949,0
1096408,0
1121882,0
1108739,0
1347317,5
1110144,5
1442709,0
1036582,0
1412982,6
1324501,5
1073283,0
1411916,0
1263486,0
1050056,0
1123493,0
1020169,0
1186919,0
1214037,3
1457953,4
1155273,1
1123649,0
1358951,0
1095885,0
1188104,0
1109153,0
1498548,0
1242079,0
1282712,0
1197982,0
1396460,0
1367131,0
1413681,0
1487661,0
1219708,0
1460528,0
1468717,0
1452919,5
1149490,0
1391982,0
1198228,0
1426036,0
1120019,7
1072591,11
1020410,11
1078483,5
1128180,7
1325280,6
1278821,13
1436586,18
1029722,20
1134426,7
1261036,3
1178195,0
1086893,0
1170114,0
1038318,15
1088809,23
1133401,11
1189592,1
1170403,2
1003089,5
1299976,13
1180067,0
1245737,0
1209341,0
1009944,16
1341596,0
1386673,0
1234362,0
1288681,2
1493343,3
1265338,3
1121206,0
1032317,0
1455226,0
1411958,5
1141862,11
1419869,0
1021598,0
1352516,0
1356988,4
1108704,0
1349640,2
1233603,9
1240827,0
1054033,0
1398644,0
1303762,0
1272724,0
1423160,11
1055961,8
1260085,5
1403827,6
1481291,6
1432968,0
1452142,0
1249247,2
1379067,0
1105641,10
1073716,2
1045265,0
1296384,0
1031252,6
1367777,4
1434558,0
1253275,20
1052291,0
1212523,0
1397951,0
1112208,0
1045583,11
1052724,1
1052729,0
1330575,0
1029294,0
1013001,0
1081183,0
1485036,4
1256807,0
1203716,0
1414123,0
1250749,0
1434042,12
1048122,13
1116916,6
1004559,0
1348312,5
1090148,2
1354566,0
1102343,0
1049158,0
1210473,11
1161610,5
1443205,1
1425213,0
1249853,0
1223675,23
1076570,21
1148902,13
1388739,0
1007829,0
1159448,0
1295887,0
1446997,18
1440035,0
1041969,0
1350903,0
1402515,18
1104654,15
1465066,1
1086170,12
1472881,10
1289905,25
1392324,0
1067586,7
1001468,3
1067176,1
1359146,0
1323950,10
1062551,15
1034912,0
1203135,10
1048644,10
1180443,15
1040065,9
1494499,10
1466396,7
1091873,0
1389761,0
1473048,0
1339668,0
1310744,0
1439011,0
1083428,3
1315271,6
1010745,0
1219262,14
1220063,0
1014438,1
1093831,14
1320813,20
1346889,0
1283548,3
1241028,2
1076152,1
1225059,3
1487998,0
1433590,0
1434557,0
1239454,0
1467330,0
1365830,0
1138191,0
1432490,0
1267627,0
1019901,0
1118233,4
1189202,3
1263331,3
1059297,1
1416214,2
1055724,0
1249086,2
1327869,14
1392951,14
1041163,0
1196547,0
1380448,3
1384588,5
1238821,2
1130148,0
1055993,8
1386679,6
1080744,10
1055252,10
1160680,6
1085396,9
1390416,9
1412215,4
1100598,11
1442542,3
1333339,4
1491136,2
1129473,14
1080418,15
1237295,0
1446998,0
1449484,0
1333400,0
1064627,0
1341028,0
1352502,0
1184457,0
1218820,17
1125676,0
1335892,0
1498333,0
1180295,0
1468730,0
1155218,5
1316740,3
1318234,3
1283246,4
1130000,4
1459415,4
1176325,0
1015877,0
1297507,0
1205048,0
1369188,8
1176486,1
1341438,0
1104071,0
1020171,5
1168271,3
1174176,3
1383428,2
1228081,6
1120872,9
1254272,3
1461596,2
1042497,4
1164067,7
1162719,0
1461189,0
1305167,0
1171637,1
1386951,1
1135964,0
1064678,0
1059530,1
1101560,15
1304645,0
1082523,0
1174789,0
1003698,0
1253157,0
1095952,0
1056008,0
1078061,0
1441886,0
1385303,0
1345375,2
1271433,1
1281895,2
1115907,0
1179550,0
1083637,0
1266241,0
1385890,4
1464689,4
1312971,8
1242304,26
1358481,22
1252129,7
1234652,0
1006772,0
1335737,0
1082713,0
1011159,6
1039116,4
1245920,4
1412193,7
1487103,3
1484137,2
1338495,3
1487433,3
1022987,3
1428133,6
1294128,7
1221310,0
1361824,6
1117178,14
1023369,0
1194420,0
1425859,0
1015144,0
1264805,0
1316991,0
1382469,0
1151863,0
1190515,18
1221392,16
1311200,0
1180736,0
1448616,0
1361892,0
1141506,0
1237245,0
1159657,0
1250645,3
1363943,8
1149041,3
1096323,2
1350701,57
1065455,39
1142409,25
1488944,29
1020912,0
1436609,0
1253895,4
1165678,14
1327823,11
1176823,0
1101710,26
1141921,25
1385350,3
1157741,49
1151119,0
1161188,0
1315527,0
1369399,0
1460667,21
1194932,0
1115132,0
1264565,0
1075641,0
1246631,0
1411198,0
1140498,0
1313588,2
1315048,12
1383782,4
1027016,0
1191829,0
1112122,0
1479265,0
1126587,0
1195982,0
1314692,0
1493689,7
1039169,6
1401014,10
1413802,0
1374584,0
1224680,0
1029041,0
1175602,4
1447145,3
1300870,0
1483261,0
1413577,10
1176990,8
1181520,0
1025776,0
1177948,0
1203571,0
1209590,0
1058406,1
1304622,1
1301362,5
1232376,0
1348216,2
1323477,5
1060474,4
1494909,2
1236863,3
1315101,14
1021195,0
1091479,0
1258153,0
1404475,12
1332940,25
1171521,0
1434146,0
1300093,8
1119480,8
1297275,7
1120782,3
1457486,3
1146680,12
1134271,13
1281939,13
1232717,0
1246974,6
1070455,20
1050349,29
1023950,2
1426156,1
1381963,3
1030017,4
1000438,4
1119483,6
1349533,0
1449142,0
1337248,1
1200866,0
1290309,0
1418797,0
1164582,0
1303136,0
1347698,4
1493799,4
1447686,0
1146210,0
1403685,7
1476020,8
1018738,1
1130157,0
1046978,0
1331178,0
1257741,7
1322423,6
1261811,0
1141743,6
1370665,8
1035256,6
1479691,12
1400324,2
1415004,0
1038432,0
1336056,9
1187092,7
1193098,0
1458214,0
1039561,0
1074938,0
1223395,0
1456334,0
1149120,0
1172680,0
1116900,7
1269834,0
1056163,0
1098695,0
1178203,0
1061470,0
1354722,0
1066795,0
1170494,0
1488737,0
1097182,0
1425142,0
1005746,15
1369118,0
1260005,0
1010852,0
1215951,0
1438319,0
1100299,0
1081163,0
1459649,0
1180223,9
1238801,10
1070150,5
1165612,5
1480839,4
1157017,6
1156189,6
1287339,4
1307947,6
1217805,5
1385333,0
1009702,55
1479251,41
1253248,13
1245868,22
1031763,0
1477396,0
1489091,8
1485086,20
1276165,13
1371595,0
1228275,0
1456589,4
1393900,5
1451902,0
1484282,2
1353419,0
1477668,0
1093917,13
1415280,13
1060921,13
1441064,11
1036623,16
1334537,8
1131845,12
1233303,9
1052105,12
1130360,10
1140184,15
1097453,16
1016845,0
1177882,0
1297460,0
1119491,0
1043097,0
1427114,0
1149568,0
1118707,5
1021503,5
1338844,7
1460444,13
1476535,148
1297121,71
1141103,43
1274933,50
1435122,0
1486477,2
1195364,2
1301491,0
1059056,2
1419190,5
1273467,5
1120980,5
1288632,5
1272229,5
1012823,4
1424258,3
1114584,4
1365258,3
1497466,15
1486369,18
1280462,23
1329993,8
1015668,15
1162775,0
1239627,0
1191627,0
1102060,11
1232474,7
1211593,0
1411245,9
1022614,0
1203568,0
1106084,0
1485205,0
1373998,8
1062654,0
1201316,0
1370105,0
1139730,55
1301842,43
1251244,31
1183358,30
1059732,13
1151274,0
1072415,0
1469941,0
1288037,3
1325139,5
1231223,9
1190669,1
1376192,5
1146955,0
1056018,0
1258889,0
1218561,0
1466508,7
1109609,6
1335827,0
1165522,0
1110279,11
1143313,9
1083501,0
1428672,0
1219047,4
1259870,24
1342405,17
1354416,23
1271440,0
1118621,48
1192681,30
1028746,35
1031614,31
1392506,0
1343631,2
1185820,0
1356333,7
1307954,13
1336105,0
1187686,0
1489882,1
1123496,6
1322525,0
1477958,0
1462588,0
1098622,0
1207399,8
1465439,8
1198021,6
1474866,4
1311455,10
1033015,2
1090571,1
1232737,7
1300878,7
1483287,8
1188526,6
1270382,10
1306234,0
1378503,0
1296522,0
1478474,0
1111452,0
1428885,0
1078876,0
1426995,1
1310613,0
1284993,6
1248779,2
1286196,28
1311264,32
1389854,5
1467104,3
1471259,4
1498881,3
1130256,1
1062490,0
1043605,0
1026057,0
1468053,0
1150560,0
1110568,0
1162730,0
1358189,0
1257386,2
1061706,2
1052384,0
1200598,0
1264244,6
1294669,8
1425440,9
1145895,2
1144262,3
1076977,9
1054344,13
1377594,14
1115056,0
1292390,8
1166952,13
1384513,8
1093599,12
1367894,0
1119869,0
1070129,1
1394194,18
1002435,16
1180646,0
1485809,0
1211075,0
1313206,0
1494204,0
1434483,0
1099251,0
1025379,0
1477569,0
1055674,0
1010243,0
1037655,0
1401737,0
1022228,0
1097803,0
1076303,0
1480464,0
1233512,0
1406320,5
1423616,6
1246502,0
1302001,0
1073776,7
1363056,5
1471341,13
1253143,1
1453040,0
1301753,0
1404546,9
1392729,7
1451807,0
1409671,2
1122214,0
1211769,0
1437385,0
1217993,0
1161892,0
1229478,6
1213094,6
1297883,3
1012855,0
1418147,0
1286032,0
1099298,0
1479230,0
1179950,0
1124263,0
1184587,0
1029660,0
1357396,1
1463406,0
1418001,0
1342588,0
1161315,0
1046297,0
1153933,0
1231645,0
1287870,0
1193177,5
1487003,3
1230693,9
1398262,54
1345832,22
1267250,24
1432764,18
1301486,0
1069354,0
1245836,0
1275241,0
1463775,10
1196334,0
1402996,0
1493032,5
1264183,3
1052529,5
1110240,2
1382389,2
1313142,8
1317341,12
1122806,11
1274226,0
1352572,21
1295323,18
1299017,8
1252039,9
1030444,0
1454269,0
1228734,0
1427970,1
1125886,0
1136112,0
1339197,13
1101505,30
1339810,31
1392791,1
1184046,3
1105735,3
1154260,2
1488663,4
1042242,4
1034878,0
1259675,0
1355647,0
1267774,1
1347236,0
1000392,0
1221328,0
1284731,8
1446589,8
1141794,6
1466161,18
1068090,0
1041144,2
1491093,0
1172503,0
1430344,0
1402925,0
1323039,10
1382156,44
1065731,45
1216354,0
1130102,0
1030597,0
1379599,0
1359056,17
1186410,0
1398042,0
1146321,0
1441295,0
1354132,0
1479808,0
1366617,0
1126860,0
1002342,0
1463533,2
1180427,0
1146882,0
1256418,0
1085624,0
1398280,0
1156018,0
1466660,2
1217010,1
1327864,3
1001108,18
1476698,12
1150678,0
1286496,2
1223345,0
1198378,0
1347688,0
1098095,0
1101245,0
1084840,0
1318929,0
1077102,3
1381116,0
1192516,0
1338874,0
1278449,1
1278499,24
1218247,6
1349858,9
1020219,6
1240731,5
1187353,6
1250784,13
1473793,11
1168482,13
1091234,0
1110776,16
1228744,19
1008610,0
1011775,0
1268989,9
1306448,12
1259442,13
1045010,7
1418055,6
1043212,5
1061891,8
1091493,0
1446133,4
1193998,18
1286572,0
1215083,2
1031438,3
1064741,1
1296913,0
1227442,3
1465660,0
1186359,5
1288078,2
1393617,0
1445824,7
1353206,5
1368925,0
1376133,0
1410979,3
1016413,5
1363984,0
1325683,0
1340269,0
1345716,0
1115561,0
1200166,0
1014090,0
1477799,0
1308074,0
1083942,0
1314516,0
1244449,23
1073390,16
1062675,0
1441123,0
1355242,0
1317677,17
1314338,0
1148815,0
1395200,0
1118069,7
1350375,7
1162956,7
1020303,7
1352264,13
1476030,0
1049229,0
1207242,0
1360874,0
1308479,0
1143421,0
1408134,13
1207235,23
1430711,33
1343435,3
1382126,0
1247229,3
1323555,2
1049897,2
1028424,0
1017526,8
1329979,12
1129897,12
1415045,6
1220040,0
1275484,0
1272211,10
1290617,6
1321339,2
1458201,4
1219875,1
1085852,4
1334748,6
1224780,14
1389557,7
1224019,8
1002006,7
1058944,0
1439257,9
1197826,1
1161585,2
1078356,17
1164315,19
1117989,0
1037515,2
1348845,2
1009769,2
1399258,0
1111218,29
1282574,0
1167392,0
1184466,0
1271881,0
1352082,36
1277718,6
1070188,0
1159747,0
1445037,0
1332387,0
1146755,0
1125510,0
1468793,0
1474894,0
1246237,0
1468989,0
1264726,10
1023588,8
1049688,0
1212467,0
1225175,0
1235898,0
1023309,1
1344775,3
1131610,8
1103267,0
1003384,0
1118081,0
1105948,21
1191246,6
1141630,32
1483668,0
1004420,0
1077010,0
1296562,30
1299196,28
1257545,0
1104216,1
1330414,0
1212172,16
1470862,2
1180183,1
1476995,0
1303459,3
1170531,14
1370718,2
1191748,4
1280198,4
1301996,0
1364909,5
1011434,8
1458262,4
1217302,2
1194852,2
1049411,0
1182059,0
1252534,0
1233877,0
1297806,0
1339628,0
1203442,0
1061292,0
1070437,0
1400213,0
1480031,18
1486498,21
1160637,0
1095876,2
1161665,0
1215009,0
1340178,0
1197552,0
1397410,0
1104993,2
1051624,0
1296303,0
1209310,0
1129508,5
1169715,7
1463684,5
1378332,0
1426495,2
1331468,1
1079424,0
1357297,1
1416081,2
1196248,3
1089249,8
1173280,9
1313829,9
1448406,4
1010943,13
1268748,4
1065918,12
1306179,10
1045704,5
1403733,7
1096183,6
1457003,6
1316766,0
1379054,0
1184160,5
1464987,0
1492100,0
1133258,0
1401070,0
1105338,0
1179101,0
1078277,0
1255031,1
1213899,1
1405744,7
1410139,0
1424016,13
1459848,0
1269920,0
1451917,0
1325398,5
1045480,4
1345555,12
1131551,12
1191732,7
1103804,9
1483544,4
1002169,7
1228393,7
1442285,27
1276853,17
1005699,21
1394628,2
1491257,6
1020364,3
1254624,2
1427543,2
1483138,2
1264681,0
1086118,0
1218843,0
1303575,1
1137317,0
1181809,0
1263575,3
1020427,0
1247296,0
1459079,0
1432441,0
1489210,0
1173974,0
1180811,0
1004788,0
1090317,1
1221703,4
1040715,1
1304495,0
1189836,0
1231775,13
1147300,17
1252687,0
1185173,0
1002909,3
1024663,0
1394736,0
1427461,0
1093785,0
1066138,0
1006670,10
1163733,12
1196241,4
1368477,0
1311516,3
1041166,7
1484068,9
1370856,5
1151982,5
1395048,0
1390106,0
1299135,0
1317099,0
1445007,0
1072033,0
1320376,0
1108620,0
1288665,0
1389923,0
1305598,0
1193063,14
1237006,19
1036844,4
1310332,0
1225037,0
1176448,34
1014696,30
1145867,23
1293848,24
1202745,0
1319084,0
1401826,11
1398001,19
1316995,6
1449676,0
1366789,14
1009292,18
1464786,8
1376394,9
1076725,0
1488081,0
1300625,0
1457308,0
1222485,4
1309910,10
1487690,19
1261902,7
1063994,7
1238329,12
1383592,10
1236789,7
1450849,13
1210423,17
1118582,0
1250962,0
1371087,0
1061066,0
1075569,0
1396314,0
1126504,11
1021878,0
1483622,11
1166168,5
1460628,1
1425569,5
1013855,6
1117835,6
1037894,18
1343359,7
1325050,1
1373136,2
1414505,8
1011546,6
1302852,0
1295333,0
1476917,0
1237095,0
1166445,0
1367644,0
1036146,0
1400369,9
1221061,6
1304194,1
1092414,0
1145112,3
1021476,15
1455251,14
1265514,7
1098944,10
1381205,10
1396028,9
1402074,14
1496715,8
1376888,12
1037634,14
1143415,14
1293724,11
1421169,13
1197088,13
1278646,15
1133390,13
1064688,1
1450648,4
1302322,4
1272093,11
1223262,13
1429672,14
1110449,9
1322057,14
1076835,8
1214700,19
1223704,0
1476902,0
1265371,7
1130424,8
1198811,10
1045236,4
1309125,5
1495133,8
1338580,14
1408893,14
1293143,0
1312686,6
1262037,24
1093130,23
1104439,0
1223276,4
1428246,4
1166219,3
1433812,4
1029438,4
1394412,0
1463475,0
1073615,0
1312562,0
1104551,0
1170391,0
1211759,0
1280831,0
1122865,4
1364734,3
1425711,5
1374100,8
1159933,7
1371677,13
1217301,0
1239629,2
1147289,3
1100532,4
1397074,6
1218270,6
1084541,0
1078304,0
1060861,3
1090108,1
1394990,12
1354562,4
1251620,0
1237932,0
1381017,9
1044217,6
1459390,0
1373833,0
1001171,0
1454798,0
1075821,0
1064096,0
1073773,5
1197565,6
1315474,4
1219768,0
1338022,0
1229678,0
1109532,0
1494638,0
1032122,0
1165413,0
1475544,0
1387338,0
1410167,0
1172350,0
1058305,23
1441315,0
1226927,0
1148821,0
1169225,0
1047892,15
1327045,0
1435007,0
1477335,0
1187218,1
1473646,0
1445208,2
1128443,1
1007092,2
1177336,10
1308369,10
1169740,10
1437845,10
1305204,0
1169115,38
1485207,38
1133327,27
1144895,11
1265135,0
1217432,0
1465199,11
1127418,14
1065475,18
1208945,0
1205027,0
1370543,0
1184858,19
1241780,12
1257683,8
1127095,12
1402380,24
1271788,15
1417694,5
1016090,0
1378218,2
1490162,13
1007961,11
1048476,10
1363750,5
1377977,6
1177453,13
1096484,16
1490021,14
1158592,7
1220323,1
1079738,5
1272815,4
1082719,3
1428980,3
1307591,2
1244359,2
1309989,4
1129187,2
1373369,4
1159100,144
1078309,64
1444543,36
1403090,45
1091288,8
1357059,10
1258709,13
1016250,18
1291439,24
1035769,0
1141007,2
1092629,4
1470124,3
1270442,2
1032642,10
1499459,10
1465076,10
1378578,10
1271294,0
1297171,0
1484782,3
1125260,3
1044825,14
1403738,4
1419512,0
1407678,0
1097909,10
1308103,7
1064482,0
1344498,27
1019358,0
1197065,0
1014215,0
1465986,0
1221712,28
1343053,11
1150330,0
1064636,0
1171380,72
1257945,37
1164850,21
1317829,27
1494403,18
1372964,4
1028254,2
1394819,18
1239193,17
1466747,18
1456648,11
1035374,7
1154323,5
1142259,3
1449907,2
1083651,3
1193931,2
1317257,3
1260574,2
1430521,0
1009487,7
1302905,16
1164224,22
1005212,8
1353130,5
1051730,5
1057003,5
1024922,12
1047047,0
1012909,31
1446430,33
1004539,13
1297841,44
1190458,0
1300063,0
1483559,0
1492798,14
1289811,17
1236266,12
1042049,16
1156490,10
1040519,20
1233817,3
1209622,2
1344427,2
1232899,3
1435021,3
1397443,5
1106569,12
1370150,0
1290947,1
1053250,2
1093368,8
1100342,10
1040528,10
1236914,0
1178409,0
1276499,0
1292548,1
1091700,0
1201373,0
1179723,0
1021693,12
1383719,2
1171600,0
1325197,0
1098189,21
1389806,29
1346354,1
1343497,2
1018121,4
1147448,3
1439086,0
1297322,0
1392169,0
1180066,0
1125019,0
1091233,0
1148765,0
1422960,8
1269068,17
1464291,3
1242518,11
1059185,8
1340927,8
1227103,7
1083081,7
1476267,7
1442954,5
1310205,5
1462837,7
1233491,5
1342926,0
1165718,0
1127141,6
1253795,8
1312242,9
1427198,3
1326605,3
1135723,5
1303003,15
1255517,15
1334250,0
1226115,0
1221502,12
1129603,10
1300912,18
1066331,10
1055924,10
1135533,15
1412599,20
1381463,18
1018619,0
1280720,0
1495944,0
1039816,0
1022447,0
1095815,0
1166087,0
1116674,0
1342580,0
1100337,0
1403792,5
1243588,5
1375821,3
1009681,5
1125124,3
1375223,6
1334811,3
1111727,4
1203809,1
1124837,1
1006036,0
1089355,0
1023077,1
1088502,4
1154308,14
1361686,3
1001984,0
1265825,0
1370764,10
1102828,6
1004325,10
1376221,9
1478833,12
1478982,8
1394276,14
1076577,12
1165520,9
1238261,17
1498440,16
1181820,0
1346625,0
1062616,0
1207682,0
1178918,0
1301717,0
1283401,0
1376997,6
1274050,6
1071845,3
1391787,0
1387016,0
1457848,0
1419824,0
1458527,0
1045618,0
1341626,0
1231600,0
1419408,0
1493367,0
1045597,0
1315063,0
1236135,0
1099461,0
1200980,0
1396714,0
1344886,1
1099376,4
1473464,2
1172936,3
1174606,29
1463004,73
1383441,31
1132416,23
1486024,29
1475054,0
1480696,0
1392220,0
1218477,4
1391805,9
1380357,0
1284608,0
1497786,3
1257181,5
1329389,16
1131741,13
1333616,12
1149680,10
1254249,14
1055471,13
1074653,0
1394503,9
1395980,15
1256087,0
1149138,0
1423280,0
1038388,0
1410171,0
1317093,3
1296819,0
1481530,0
1325113,27
1260387,15
1404040,0
1090120,6
1120131,7
1472113,5
1331429,6
1180567,5
1381332,0
1137404,0
1258488,0
1013599,0
1163018,0
1083750,2
1355784,3
1273699,5
1221446,16
1074066,0
1265692,0
1454467,0
1109664,0
1259106,8
1353996,0
1449409,18
1393405,26
1347221,22
1270817,0
1044231,0
1202376,0
1475127,0
1425943,20
1190637,0
1066705,0
1443612,0
1074216,0
1287822,0
1325209,0
1203492,0
1182168,5
1278151,0
1007474,0
1458641,0
1054272,5
1238139,13
1255484,11
1063187,5
1437236,0
1014725,3
1296501,1
1270123,0
1122246,10
1315303,10
1077352,0
1118613,0
1315359,3
1067323,6
1250269,0
1408921,0
1277776,0
1182721,0
1055751,0
1311052,16
1005347,0
1143886,0
1494235,0
1374299,8
1312726,8
1047397,8
1067203,8
1285850,5
1342935,0
1210576,0
1416916,6
1238947,6
1491185,0
1023806,4
1253183,19
1450451,18
1203153,19
1294764,0
1021481,19
1388663,16
1005817,2
1052769,1
1463481,0
1345403,0
1214405,0
1360048,1
1379939,6
1450536,9
1110389,12
1328210,4
1479518,21
1317775,3
1244418,6
1490466,4
1344579,1
1406296,0
1332403,0
1263164,0
1228342,2
1423496,0
1194920,0
1354931,0
1038199,0
1497822,0
1439583,2
1207936,3
1334538,1
1346629,0
1444033,0
1428610,0
1084617,3
1072459,0
1143336,9
1078228,8
1240376,8
1129647,0
1371024,0
1337771,0
1272173,0
1250737,0
1395336,0
1077178,0
1412257,0
1133657,0
1141832,0
1005610,14
1051619,55
1291501,41
1224135,36
1452525,33
1241673,0
1130888,34
1136512,0
1198927,10
1379462,0
1328618,7
1084551,8
1492201,8
1388229,8
1116211,24
1025464,0
1172770,0
1432452,0
1025860,0
1295788,0
1185678,0
1210461,16
1405891,21
1164030,24
1191446,0
1405911,0
1047099,4
1492888,3
1167184,0
1400097,0
1423468,4
1192481,16
1113951,4
1075058,8
1395991,12
1060374,5
1344988,8
1379139,3
1216578,4
1347909,12
1124487,13
1314422,10
1133017,0
1122672,4
1208622,5
1174195,5
1052297,0
1436823,3
1076795,0
1403006,0
1076963,0
1191952,0
1235630,0
1238367,0
1427300,5
1032658,4
1207270,10
1161743,37
1298916,15
1026022,8
1193241,0
1171101,0
1164137,16
1321775,0
1378647,0
1231116,0
1095435,4
1323949,5
1395799,10
1145737,7
1238384,8
1042036,3
1351219,8
1085203,8
1371386,12
1219723,13
1374416,1
1189323,0
1337676,0
1003680,3
1022823,5
1082992,14
1474734,8
1342334,4
1175207,5
1033599,6
1129747,1
1057371,0
1495511,0
1354900,5
1425005,19
1368872,13
1433769,8
1349382,15
1250534,0
1080873,11
1139207,5
1018091,7
1147190,8
1128435,10
1157339,19
1276177,10
1450019,0
1174173,14
1261967,11
1107899,38
1287052,2
1234527,0
1498591,0
1147438,27
1228840,31
1114215,1
1179414,12
1177028,7
1216396,25
1248865,5
1060936,7
1402609,3
1011086,0
1201586,10
1102627,14
1175109,5
1279214,1
1443674,0
1422706,0
1221151,0
1131821,0
1490426,0
1049070,0
1169917,0
1327124,0
1112819,1
1323892,2
1456199,0
1330908,20
1351797,15
1229044,1
1101241,2
1161125,0
1060114,10
1015937,14
1410873,0
1174564,1
1191920,15
1125314,16
1062361,4
1475531,0
1373526,0
1219223,0
1345121,4
1316865,6
1194915,0
1391656,1
1248453,1
1089414,2
1101295,0
1455678,0
1381518,0
1301363,17
1363338,13
1408074,7
1204391,16
1153172,12
1385784,14
1094777,11
1287845,13
1052223,4
1087971,11
1015674,13
1013988,2
1103117,33
1424721,36
1452145,31
1114030,34
1415291,12
1025202,2
1064176,0
1265298,11
1282575,12
1370636,0
1148724,0
1293002,0
1198272,0
1263025,0
1125955,0
1366177,0
1150078,0
1217839,5
1264814,4
1035972,16
1444561,6
1111719,11
1182641,7
1305667,11
1303118,12
1419860,7
1222718,13
1090797,24
1443743,14
1371785,0
1474865,2
1163334,0
1402147,0
1294333,0
1131529,0
1416476,0
1237795,6
1168507,2
1306170,0
1076467,0
1379585,6
1434055,11
1019051,25
1342691,25
1210023,4
1254730,0
1028198,0
1215471,16
1484039,16
1344207,0
1132553,0
1036433,2
1199141,0
1443462,0
1413086,1
1397477,10
1307344,3
1205066,6
1307499,6
1067824,0
1273706,0
1042603,6
1090725,0
1350396,3
1238736,0
1471183,0
1229870,0
1497134,0
1120206,1
1234483,6
1238365,0
1078467,10
1006405,4
1066302,4
1214466,3
1265100,4
1237497,5
1269056,5
1015263,0
1060235,0
1174360,0
1479343,0
1247572,0
1033654,0
1260212,0
1010680,0
1296051,0
1387077,0
1162720,12
1012076,13
1338102,0
1205675,5
1152949,6
1458882,5
1237811,0
1033758,4
1499951,24
1053599,19
1404089,1
1418689,3
1285966,0
1234568,10
1242215,7
1077297,7
1231512,0
1117072,0
1091750,9
1147110,0
1027059,17
1363829,0
1060391,0
1296093,0
1411783,0
1076732,13
1102338,0
1167549,0
1152757,0
1103421,5
1408137,0
1250988,0
1315404,0
1275358,2
1256963,13
1427933,12
1306276,0
1112398,0
1457331,1
1202120,0
1321446,0
1029940,0
1274550,6
1179351,9
1308289,0
1202474,2
1306442,0
1287716,7
1317791,5
1104534,1
1426930,19
1347464,6
1018032,1
1450217,0
1356206,7
1393103,6
1281383,0
1239082,0
1018331,0
1290273,0
1022303,0
1328781,0
1321002,0
1466438,10
1021318,2
1362220,0
1282522,3
1208631,1
1119538,1
1414474,0
1219364,1
1253166,4
1349187,13
1458875,8
1115978,10
1351227,14
1109039,15
1117896,11
1472568,6
1492493,15
1036719,0
1442242,0
1290442,2
1461010,0
1263119,8
1171474,0
1068463,0
1098663,11
1285209,19
1379975,2
1004280,15
1468273,14
1054292,16
1411885,14
1272392,13
1298954,11
1449468,9
1027500,9
1074865,12
1306435,12
1402334,0
1249185,6
1350424,24
1027208,24
1444476,0
1274272,5
1099884,2
1445659,2
1176168,3
1129742,4
1258874,0
1345579,0
1308325,0
1210380,0
1392336,0
1197638,0
1129536,0
1261211,0
1432540,0
1132812,0
1140900,9
1035004,14
1328690,10
1236944,23
1072931,0
1214395,2
1217642,2
1058775,1
1233784,1
1027593,2
1423030,1
1486929,3
1036243,6
1380531,0
1028031,5
1357262,0
1076524,0
1166204,0
1006312,6
1287529,4
1088111,0
1474529,0
1143054,3
1258914,1
1441756,2
1006816,2
1284992,0
1302350,6
1441293,5
1494423,0
1037582,0
1186135,0
1035444,0
1412430,0
1471318,0
1302798,0
1140942,0
1352739,0
1444822,0
1180697,0
1288985,21
1498800,0
1062934,0
1002696,0
1204196,0
1416492,14
1113253,0
1353961,0
1320692,0
1224947,1
1418302,1
1384132,1
1252877,0
1161599,7
1173529,8
1407391,8
1391735,0
1095368,7
1291104,24
1164263,14
1236985,12
1397015,2
1202662,2
1257054,8
1188918,18
1307324,12
1061800,0
1306774,0
1010856,4
1099608,4
1115724,0
1125554,0
1140698,0
1220959,0
1389206,6
1268227,12
1240408,0
1235156,4
1262731,8
1249918,7
1313158,12
1460940,9
1357469,12
1485800,7
1006987,12
1456848,14
1285816,16
1277532,10
1119159,10
1365522,7
1251959,8
1134918,2
1281698,1
1170505,3
1460584,2
1170339,0
1359066,12
1328835,106
1375031,41
1180363,34
1079995,19
1468705,0
1041884,0
1161571,0
1049477,0
1363599,0
1233504,3
1459135,1
1418509,0
1493410,0
1040420,3
1030025,6
1290035,0
1184610,8
1093868,8
1235293,0
1051981,6
1388536,3
1112176,2
1150649,16
1114185,0
1306071,0
1382323,0
1014526,6
1103982,3
1111935,0
1258199,26
1377853,0
1203979,0
1019804,0
1406890,0
1357343,14
1415791,3
1013842,0
1325819,0
1191706,22
1131459,23
1336230,20
1425283,14
1320850,11
1057220,0
1490464,0
1245748,0
1433608,12
1027214,12
1080063,8
1126189,5
1418559,4
1424045,2
1463075,1
1474709,0
1124673,2
1194601,4
1262092,1
1223819,12
1165334,1
1298535,2
1090792,12
1491705,4
1438548,9
1124545,3
1455070,1
1239125,0
1333514,0
1380095,0
1140243,0
1160343,4
1243839,0
1021807,0
1130037,0
1440281,50
1273879,31
1265408,5
1151818,11
1346361,8
1292333,26
1252777,1
1267738,3
1063344,0
1068820,1
1260624,8
1452241,4
1014950,0
1067474,0
1401322,0
1204393,11
1435552,8
1303906,5
1038580,6
1019593,0
1251424,0
1222327,2
1217414,0
1162493,0
1065461,0
1094705,0
1035017,0
1286859,11
1046651,11
1455922,0
1137631,31
1040830,17
1294878,0
1247132,0
1010388,0
1363337,2
1325129,0
1142696,0
1301239,0
1084390,0
1072219,0
1338035,0
1009375,0
1037247,0
1282209,0
1208037,1
1457135,1
1320138,7
1220238,5
1478119,8
1019734,5
1055862,5
1354636,5
1014814,5
1270332,5
1081737,14
1407633,7
1014398,11
1491825,9
1270741,8
1040458,7
1093081,9
1479989,10
1295162,10
1293636,7
1051218,0
1096610,0
1109216,10
1491934,10
1325802,11
1279856,0
1041468,1
1038351,0
1312390,12
1077444,18
1034569,0
1348908,0
1356772,0
1449864,0
1382979,0
1417525,0
1289590,0
1140301,0
1107381,0
1049531,0
1330395,0
1304104,0
1463362,0
1322487,0
1076412,0
1358172,0
1101734,0
1310017,0
1060069,3
1197296,3
1180839,0
1344920,0
1004828,2
1266015,2
1235237,12
1156851,0
1324338,0
1321628,0
1257443,6
1417117,4
1463442,9
1127666,12
1184220,11
1451779,10
1005436,10
1178960,14
1288797,13
1038899,9
1264535,14
1343261,14
1090050,0
1447677,0
1280003,0
1285815,0
1089192,0
1200656,0
1171313,0
1235880,0
1449369,1
1287691,1
1299126,0
1079774,0
1332266,0
1229811,0
1062210,0
1062104,0
1104032,0
1328757,0
1493096,0
1371361,0
1464606,0
1444631,0
1202718,0
1488002,0
1153686,0
1007842,0
1425079,0
1197475,0
1437825,1
1015345,0
1359792,23
1389163,19
1002689,16
1280135,14
1228164,0
1068045,0
1068382,0
1127032,10
1475728,4
1324560,0
1149962,0
1161738,0
1270394,0
1266485,0
1099379,0
1404662,10
1396212,12
1025197,9
1437767,10
1242898,0
1087842,0
1374875,0
1333723,0
1206548,0
1193522,0
1055113,0
1319063,0
1033641,0
1349975,0
1086605,4
1491536,0
1381527,28
1490168,28
1115261,4
1470240,4
1343554,1
1003166,2
1076264,0
1198829,0
1436892,0
1336163,0
1359435,1
1406006,2
1228411,1
1095767,2
1479107,1
1433670,1
1112065,8
1170791,4
1345683,0
1433582,0
1228255,0
1312287,0
1193512,0
1443615,0
1430898,13
1492660,21
1307783,14
1227060,0
1174088,0
1456565,15
1420269,5
1304477,11
1308904,19
1077994,0
1495715,0
1399551,0
1183503,0
1195179,0
1441260,0
1454430,0
1044544,0
1203407,0
1292029,0
1222883,0
1037300,0
1221223,0
1462723,0
1402079,5
1324129,6
1310176,7
1395065,6
1399254,21
1422826,12
1322590,1
1403469,1
1432116,0
1113063,6
1332509,0
1446201,0
1149507,0
1415178,0
1053667,0
1197479,0
1123521,0
1253597,0
1131618,5
1110181,0
1072892,0
1366226,2
1406814,4
1399900,5
1453972,7
1143501,8
1384906,8
1299966,8
1349681,4
1462077,7
1191532,5
1410443,22
1277208,21
1089516,13
1473125,3
1025898,5
1481945,23
1342457,15
1399342,0
1262038,6
1158328,3
1444289,4
1211619,5
1041733,3
1359903,9
1319788,2
1094142,1
1186546,0
1243712,4
1443685,3
1160800,2
1112142,1
1343542,1
1034394,0
1250665,5
1366207,12
1168628,8
1462832,9
1319647,1
1490847,1
1327465,1
1242046,1
1410134,4
1267932,5
1290868,0
1023440,0
1259984,1
1003155,0
1490242,0
1201903,0
1483945,0
1280071,0
1345002,6
1427380,3
1342252,0
1051272,1
1121108,0
1067445,0
1341870,0
1054616,0
1069917,0
1128963,1
1094414,5
1215898,4
1052668,0
1144863,0
1221336,0
1343682,0
1313499,0
1017949,0
1452342,0
1118519,0
1327104,0
1071026,0
1076214,2
1187657,75
1295030,21
1085476,10
1385886,10
1284793,0
1308836,26
1205106,0
1101970,8
1021912,0
1277491,8
1318189,7
1284961,8
1396542,8
1441218,8
1308789,8
1170472,9
1326395,0
1102915,0
1490422,0
1338949,0
1400753,0
1281302,0
1262498,11
1373759,31
1020854,23
1079691,2
1373162,2
1313922,2
1470329,3
1043208,2
1498149,0
1209198,2
1130285,2
1350042,1
1015074,2
1390579,0
1436947,0
1045739,0
1318087,0
1223698,3
1436625,3
1383644,8
1045356,11
1121593,18
1114635,12
1488584,0
1010075,2
1363457,0
1078002,0
1380388,0
1147439,4
1138141,0
1236945,0
1369433,1
1379985,0
1424254,3
1441674,0
1280345,0
1022802,0
1166846,5
1377696,3
1173823,0
1217625,32
1164729,0
1326219,0
1068568,0
1003219,0
1278744,10
1066418,0
1410131,0
1298180,0
1473058,0
1463455,0
1248427,0
1173141,0
1471497,0
1455556,0
1305973,0
1456111,0
1311369,16
1084924,13
1394807,0
1002603,3
1345677,2
1174767,0
1237037,0
1477215,0
1266148,0
1285970,0
1347126,5
1239988,5
1424446,11
1380755,8
1179458,8
1013425,3
1207452,2
1404575,3
1461727,1
1083782,2
1318780,3
1154806,2
1222837,8
1494714,12
1452148,1
1442947,7
1105018,7
1182886,22
1475789,8
1224009,20
1092076,3
1190987,4
1435748,3
1301304,4
1110939,10
1390665,4
1445202,36
1429305,0
1093306,0
1122466,0
1017266,19
1398485,24
1426610,10
1068662,15
1419823,13
1072966,25
1186069,4
1490467,4
1123207,1
1494119,1
1405706,1
1211830,0
1457528,5
1208175,7
1257230,0
1211873,7
1321469,5
1454866,4
1101141,0
1221444,4
1438300,0
1190997,0
1053941,0
1083391,0
1187634,0
1154076,0
1373500,0
1102839,0
1083225,0
1165740,0
1196726,7
1364592,3
1458526,22
1008710,21
1014602,0
1010378,7
1084749,7
1442543,6
1458994,1
1337584,0
1031733,0
1106938,6
1481223,0
1448207,0
1061949,0
1470638,0
1202732,0
1091243,4
1260998,6
1095889,8
1008708,7
1234865,2
1388725,2
1053371,3
1369483,1
1189443,2
1338379,1
1069031,1
1429960,9
1186964,3
1202630,5
1269934,6
1339581,7
1436109,7
1101500,7
1023599,8
1442172,12
1157371,12
1051519,0
1053169,3
1385699,27
1107959,7
1144512,1
1289744,4
1350862,0
1374335,2
1055230,17
1095155,14
1448374,5
1122401,0
1160411,0
1066841,1
1320649,0
1118447,0
1046582,0
1467232,0
1023000,5
1363046,17
1048888,0
1440463,0
1480971,2
1104556,0
1099037,3
1382085,0
1426428,0
1342409,0
1003012,6
1210445,3
1342393,4
1476851,3
1376464,8
1233406,0
1150316,2
1153339,6
1282883,10
1412451,30
1352136,18
1041636,16
1028680,0
1488449,0
1470231,0
1196664,0
1135015,0
1222652,0
1419491,0
1261676,0
1377965,1
1337424,0
1390104,0
1401313,0
1439166,18
1197083,15
1224626,3
1044870,5
1395535,3
1031550,8
1058951,14
1272619,16
1355143,0
1077979,0
1247091,0
1239269,0
1401108,0
1244411,0
1106091,0
1409870,0
1419636,0
1396890,1
1046653,0
1101904,0
1359440,0
1324289,0
1268704,0
1064201,0
1332108,0
1219927,0
1111265,0
1201333,2
1282305,7
1015273,6
1003496,5
1333430,10
1253867,6
1487063,6
1371085,5
1254330,7
1385952,15
1341588,14
1133297,0
1088344,0
1269200,0
1494636,0
1257870,0
1141742,0
1321297,0
1368535,0
1437216,0
1109703,0
1179278,0
1255632,1
1187631,23
1418705,22
1041291,1
1436774,1
1455799,0
1143109,8
1011891,4
1098671,5
1331472,0
1470509,0
1336461,3
1167780,2
1121948,1
1021401,3
1052604,0
1363995,0
1136010,0
1232767,0
1290532,0
1428670,0
1394002,0
1391373,0
1405516,6
1237484,18
1060387,23
1478644,0
1109347,0
1144523,13
1355267,2
1114402,30
1251813,0
1009379,0
1006717,0
1376856,0
1164305,13
1467138,0
1469634,0
1126946,0
1142560,4
1034126,1
1405173,0
1264903,0
1116430,9
1118886,14
1452755,6
1300311,1
1181698,1
1413278,8
1325912,7
1424801,20
1385976,14
1126583,2
1411848,2
1245639,3
1074197,0
1258810,0
1355439,0
1391099,0
1094315,0
1011887,1
1403191,0
1218617,0
1344068,1
1057905,6
1354317,13
1023964,9
1368796,10
1395219,9
1407735,12
1262889,5
1345333,6
1471495,4
1392516,9
1373275,20
1437465,5
1414571,9
1134995,5
1170554,5
1171279,19
1314329,22
1077953,3
1073741,5
1323445,4
1411845,2
1245004,3
1205164,0
1357235,0
1056761,0
1292906,0
1374092,0
1344550,0
1177395,0
1351443,5
1428011,4
1190207,4
1074105,7
1203176,17
1272135,14
1021670,26
1321867,2
1084372,5
1373961,2
1435336,4
1176491,5
1321540,4
1262383,0
1007731,4
1018360,0
1041924,0
1459762,6
1486936,12
1355001,0
1418344,3
1334087,6
1304546,4
1096482,0
1008772,11
1499988,4
1269910,0
1471306,0
1290508,0
1234301,0
1455478,0
1382910,8
1111577,7
1186445,0
1114751,0
1463133,0
1366545,0
1345589,0
1097457,0
1207501,0
1206620,0
1166459,0
1189297,0
1155036,0
1034867,29
1054736,0
1030998,0
1131331,0
1225246,0
1232890,0
1426081,0
1476284,0
1482150,0
1190145,1
1289484,1
1052303,9
1454730,9
1423762,9
1327489,9
1259996,9
1051651,7
1001905,0
1224660,0
1076185,0
1143891,0
1175181,0
1075374,0
1044528,10
1105318,32
1017270,20
1154559,0
1112058,0
1387533,5
1337831,1
1225379,1
1201924,0
1227658,0
1119868,0
1152662,6
1276162,5
1025721,0
1457412,0
1251774,0
1380718,0
1262455,0
1043759,0
1153098,0
1142567,3
1044267,19
1263998,19
1133681,2
1322128,9
1381323,9
1143816,9
1097664,9
1091771,9
1404076,9
1481626,0
1427862,2
1300692,0
1004607,0
1285568,5
1089895,0
1111467,0
1428614,0
1410589,6
1255320,3
1112459,0
1276338,14
1104702,0
1146677,0
1417511,0
1137692,0
1199840,0
1302643,0
1009642,0
1001037,0
1276142,0
1333143,0
1487777,2
1395108,2
1042584,6
1274476,2
1055703,6
1247424,10
1302516,16
1171030,12
1257617,0
1365501,7
1257346,9
1474262,2
1410391,3
1065521,4
1478066,2
1108700,3
1306433,6
1286442,7
1389878,11
1231344,2
1333981,2
1424822,3
1138058,3
1492576,1
1409649,1
1001450,2
1308291,10
1133040,9
1071661,0
1018080,2
1478849,4
1383628,2
1226202,6
1127373,0
1065120,5
1354994,15
1450673,15
1115906,0
1004246,2
1176343,0
1358268,1
1016244,26
1168290,0
1497528,0
1487577,0
1261598,26
1210751,34
1465377,3
1049616,14
1054088,9
1014345,29
1157820,8
1008109,8
1296788,7
1129632,3
1270431,12
1095162,8
1469210,7
1157584,8
1414860,0
1357223,8
1387218,11
1137145,6
1112572,4
1104172,11
1088612,11
1230896,0
1345259,0
1006250,0
1310622,0
1166099,0
1431128,0
1072570,0
1115681,0
1220849,0
1048938,0
1285263,4
1438175,21
1229282,25
1349904,4
1264314,5
1007527,5
1483373,4
1197587,4
1116996,14
1286575,6
1323853,14
1349597,14
1174376,8
1259305,5
1446318,3
1165802,2
1134201,8
1352852,7
1496897,9
1188175,4
1378200,4
1214209,4
1137486,5
1242539,2
1241717,4
1060354,3
1138143,2
1060806,0
1297235,5
1249239,14
1024103,13
1318385,10
1015306,5
1102204,7
1331093,11
1112099,15
1096804,17
1150467,0
1145033,3
1206358,0
1497477,0
1153911,9
1248932,7
1459766,0
1153131,8
1491472,19
1136775,19
1440883,13
1485910,6
1107925,7
1432815,7
1028235,11
1490043,6
1494266,6
1150869,5
1245747,2
1331957,0
1088564,2
1306940,1
1018699,0
1448364,3
1036363,0
1383483,0
1213867,0
1029199,6
1032834,5
1498066,13
1439262,1
1376645,2
1142228,5
1343351,1
1269436,7
1301125,6
1379552,23
1287518,13
1021872,0
1291288,0
1451221,4
1091430,0
1396310,5
1120159,0
1217315,0
1142552,3
1468892,10
1050380,6
1106879,0
1309039,0
1344699,0
1488800,0
1244775,12
1020796,7
1263671,17
1497604,14
1053653,17
1297442,10
1483833,0
1088765,0
1135371,0
1185079,0
1414429,0
1124700,0
1097789,0
1469614,1
1089927,5
1092532,3
1454364,0
1271463,0
1009181,0
1438685,0
1013485,0
1100145,0
1488304,0
1480437,0
1058997,4
1242119,2
1175167,3
1341146,3
1337250,7
1047318,17
1293562,13
1494999,11
1093795,11
1202102,10
1387050,15
1454073,15
1412672,0
1387977,0
1085005,0
1333190,0
1314140,0
1457102,0
1029390,0
1035747,0
1124009,0
1353005,0
1106138,2
1172262,4
1173109,31
1070986,26
1330214,5
1348534,6
1400294,6
1287371,5
1197492,5
1429191,0
1016691,0
1498160,4
1150323,0
1230498,0
1250530,0
1114903,0
1473148,0
1336352,8
1041201,7
1207875,0
1441899,28
1088601,27
1336659,4
1211198,19
1051921,0
1131960,1
1215447,10
1278933,22
1274572,18
1152272,0
1120199,3
1263854,27
1489178,15
1298616,18
1479853,3
1481165,0
1022706,0
1332316,0
1185615,8
1006532,0
1496202,0
1228432,0
1278894,0
1165880,8
1252492,0
1150452,0
1207023,10
1482128,7
1287733,10
1170969,1
1139622,0
1026791,0
1350098,1
1405296,0
1019197,0
1440115,3
1130244,10
1154927,0
1440235,8
1489750,11
1458738,10
1383402,7
1292308,20
1146229,9
1247834,10
1086618,4
1008385,8
1220660,8
1281563,0
1381705,0
1036303,0
1392380,0
1120250,0
1163736,0
1382021,0
1144237,3
1346381,1
1338612,0
1054864,5
1372965,5
1333426,4
1356004,4
1024747,2
1120011,2
1385060,1
1490527,1
1324608,10
1153097,10
1407062,14
1399725,9
1055663,8
1238317,7
1334149,8
1252107,9
1014424,10
1045929,12
1076974,14
1276400,0
1048870,0
1282969,0
1052757,0
1215424,7
1497593,0
1259844,1
1161985,0
1493763,13
1322822,18
1325888,0
1238350,2
1059632,7
1373882,16
1368795,7
1498061,4
1090724,11
1083415,13
1292299,11
1308336,14
1358623,0
1000662,0
1248470,21
1339347,30
1348246,5
1316602,5
1391976,3
1232445,2
1202382,3
1036178,6
1034611,0
1374733,0
1448305,0
1420537,0
1304263,1
1265562,0
1374023,0
1172343,0
1022093,5
1056075,4
1335255,8
1140702,15
1403528,10
1098625,21
1249422,7
1233077,7
1004548,3
1086671,4
1371703,5
1450481,5
1402597,6
1050351,5
1409072,2
1365294,0
1050495,12
1038405,10
1360974,4
1092395,2
1133574,4
1237123,5
1393567,0
1050202,0
1051269,0
1294662,0
1416111,0
1347737,0
1437947,0
1125457,6
1222122,6
1443391,7
1444649,0
1101109,0
1394444,0
1412054,0
1469601,0
1369165,0
1408164,0
1266701,0
1335307,0
1294489,0
1325002,0
1115161,23
1022436,0
1009320,0
1059149,0
1381797,0
1182231,3
1365708,0
1170204,0
1288220,0
1057573,2
1476812,2
1302236,1
1088753,0
1290461,4
1339397,7
1004423,0
1182211,4
1287217,23
1364719,18
1393217,4
1372970,3
1255664,3
1343873,13
1182906,18
1349421,26
1086209,0
1263662,0
1400162,0
1322060,0
1407685,0
1256423,0
1366093,0
1091579,5
1218417,13
1086325,10
1219510,8
1258031,11
1254371,10
1366427,23
1140603,13
1394553,12
1315638,13
1210068,24
1303043,10
1208742,13
1441678,0
1310240,0
1183018,5
1465748,7
1416451,5
1067886,2
1147342,5
1027770,4
1086495,8
1115754,9
1236999,24
1129005,126
1060160,50
1139012,40
1009801,27
1499374,0
1130038,5
1136954,1
1214539,8
1341789,10
1245261,5
1256719,2
1314459,4
1200620,3
1105095,4
1320422,2
1207536,1
1490420,7
1367274,10
1198611,3
1079668,10
1214548,0
1351077,0
1276935,0
1220000,8
1201804,6
1255670,0
1178631,1
1187815,0
1232901,0
1041132,0
1165069,0
1067128,0
1296288,0
1482384,0
1354149,0
1199822,45
1306963,23
1352289,28
1487534,20
1043614,7
1388656,1
1464836,1
1072381,5
1388909,6
1280894,14
1437743,14
1096922,7
1125018,6
1092303,3
1150462,4
1422780,4
1426062,4
1299613,6
1339963,4
1047669,17
1431233,4
1395626,5
1138941,9
1027348,3
1126025,8
1484689,10
1224719,15
1001894,17
1045452,20
1253965,0
1273495,5
1427581,9
1182139,25
1295304,43
1421037,2
1270843,0
1074647,0
1382460,35
1241247,21
1167949,10
1363403,4
1489033,11
1086137,24
1374063,5
1099116,4
1139669,4
1403410,4
1359459,5
1363262,3
1001524,28
1277278,11
1040180,11
1441382,0
1118212,10
1021448,10
1103660,9
1320976,10
1122586,5
1405315,14
1432075,0
1214183,0
1254559,0
1420772,0
1284435,0
1490537,0
1395998,0
1375781,2
1343300,0
1046381,11
1106454,0
1044419,5
1152711,31
1142883,26
1149305,5
1495438,6
1334966,4
1244264,2
1226196,3
1299559,0
1114519,0
1065280,0
1484962,0
1207808,0
1473304,0
1406454,0
1209617,0
1027031,3
1498763,4
1241244,10
1455780,10
1454724,9
1477134,9
1330995,9
1207514,9
1399018,6
1262276,7
1431194,8
1427037,5
1269656,0
1472696,0
1031228,5
1123593,7
1319830,9
1468554,6
1219034,13
1481004,15
1439152,14
1368778,15
1254681,0
1471178,0
1172228,34
1040523,11
1488427,6
1367962,11
1353492,4
1466210,6
1117823,14
1159601,18
1245385,0
1364335,0
1469871,0
1333035,0
1117868,0
1335106,0
1122846,0
1466980,0
1485499,6
1141529,0
1144903,8
1337479,5
1073830,4
1422858,9
1112045,7
1401547,6
1275465,5
1309030,7
1318453,7
1149470,6
1254290,0
1459998,0
1070652,1
1464131,2
1442610,6
1092384,0
1326611,0
1098833,1
1175421,5
1105577,4
1084506,17
1228415,18
1455355,12
1329060,12
1343251,10
1222999,10
1274850,9
1275996,16
1343377,14
1494843,12
1329590,0
1219468,4
1405838,9
1148515,12
1127606,5
1003132,0
1194753,1
1090177,6
1086521,9
1002439,5
1215373,0
1310434,0
1162008,0
1499690,0
1164966,0
1312179,0
1055616,0
1416327,0
1460374,0
1417288,0
1145961,0
1370257,0
1128571,0
1271253,0
1318179,1
1471607,0
1466744,0
1063250,0
1159917,5
1237960,4
1328513,14
1470893,17
1278366,20
1117505,13
1395759,15
1118718,0
1412625,0
1047563,0
1178879,14
1432042,13
1497989,0
1343340,0
1160549,3
1162252,5
1174967,4
1402905,10
1249355,7
1051286,8
1082555,12
1494002,11
1468736,0
1476289,15
1248662,13
1245505,0
1316510,0
1164569,0
1108976,0
1386393,0
1488071,2
1073468,0
1096522,0
1460063,3
1233398,23
1109675,24
1011640,8
1376882,6
1241681,5
1170489,5
1094898,6
1158425,7
1154663,0
1334262,0
1308881,0
1259517,0
1292623,0
1224591,0
1439789,0
1291420,0
1215295,8
1216208,7
1213249,6
1469431,0
1230216,0
1209533,0
1308993,0
1432440,0
1102468,0
1446868,6
1334640,18
1192568,23
1150058,0
1211349,0
1430745,0
1284527,0
1493152,19
1163720,0
1430286,0
1161810,0
1134065,0
1200718,0
1164145,0
1401174,0
1240971,0
1022654,0
1067611,8
1068928,14
1168286,10
1084785,0
1342342,0
1342060,2
1046255,4
1275184,5
1100005,6
1181108,4
1284846,14
1362043,11
1129309,0
1167386,2
1382153,3
1359621,0
1394966,0
1076123,0
1051967,0
1337804,4
1265780,9
1073998,0
1027170,1
1029422,2
1384721,0
1466652,7
1150331,8
1211169,8
1375138,8
1090971,18
1227742,4
1345960,9
1014733,18
1068702,13
1373444,15
1212321,14
1119341,26
1356353,25
1282158,11
1366995,18
1301880,18
1005450,4
1468001,0
1125354,0
1447544,0
1229650,0
1253863,12
1497718,0
1164662,11
1365958,4
1348953,12
1315684,1
1285364,0
1109511,0
1345131,0
1394786,5
1215065,4
1288325,0
1122843,0
1233710,7
1005691,6
1009524,6
1306525,0
1060469,0
1013479,0
1215019,5
1183058,4
1191625,0
1480072,0
1305847,5
1382421,0
1345514,0
1106834,8
1155281,0
1075698,0
1160642,0
1415496,0
1111687,0
1441059,0
1041033,0
1282016,44
1465194,84
1448283,59
1295058,53
1414292,46
1441562,26
1370349,32
1180580,48
1121635,1
1140363,0
1194629,6
1039245,7
1399293,7
1358027,8
1273681,8
1077324,7
1143939,10
1167629,0
1026590,1
1225294,0
1199817,0
1255746,0
1356165,0
1350163,6
1415607,28
1233177,0
1343032,1
1065027,0
1398744,0
1252753,1
1390345,0
1063055,0
1344083,5
1136200,17
1458915,11
1492614,0
1468175,0
1127745,3
1356109,5
1288414,3
1186700,0
1088403,0
1133590,0
1155657,13
1348738,13
1492120,8
1406300,8
1467493,7
1297855,8
1365916,0
1207858,0
1011274,13
1096972,6
1218618,10
1189930,0
1321235,0
1238309,0
1137912,7
1302339,3
1452067,13
1232785,60
1230100,16
1258282,17
1444665,6
1045971,0
1195640,24
1032181,0
1150358,0
1109305,0
1203473,0
1052376,0
1275300,0
1168517,0
1164780,5
1412431,0
1215826,0
1198539,0
1281207,11
1400789,10
1142733,0
1058741,0
1108175,13
1322786,0
1251536,1
1316879,2
1347430,0
1379600,1
1190160,3
1488976,0
1096987,1
1330271,6
1341115,2
1180055,8
1276549,6
1055810,20
1174252,11
1250701,7
1470418,16
1084864,15
1072273,9
1187272,0
1161844,0
1116856,9
1240063,7
1265862,39
1348612,0
1106972,0
1256383,0
1190784,26
1183641,29
1122583,0
1074978,11
1263468,5
1011094,11
1451907,2
1288551,9
1134380,8
1193006,6
1175490,2
1055561,0
1076029,15
1391420,3
1288625,4
1429794,1
1080632,7
1165848,2
1283777,5
1155338,19
1260314,20
1337184,5
1428300,0
1321456,4
1023661,2
1108274,21
1005857,18
1299973,6
1308249,0
1039535,0
1386232,0
1312142,2
1216941,4
1076663,9
1116062,8
1373635,6
1223580,4
1206844,3
1184897,3
1399955,3
1172075,2
1194003,2
1079689,7
1130535,11
1031756,7
1064667,6
1099811,11
1265941,12
1077243,7
1228516,9
1490318,9
1253513,9
1208934,3
1499504,46
1312260,57
1300527,36
1204831,26
1087121,15
1045978,17
1346635,17
1358565,20
1466288,11
1466754,0
1291832,8
1497662,11
1037408,0
1003413,4
1244549,10
1046988,3
1042431,3
1495101,0
1397621,0
1195397,1
1363375,3
1400481,2
1272743,0
1030286,6
1056144,1
1207447,17
1465823,15
1391318,3
1081976,17
1282233,24
1435085,16
1335889,18
1233904,0
1247038,1
1332561,0
1194391,0
1303746,0
1274777,3
1305701,4
1363596,1
1010627,0
1368398,8
1325982,34
1089445,30
1147836,53
1483095,45
1479101,35
1457020,15
1438318,4
1130482,10
1363049,18
1171208,12
1495316,0
1419230,0
1411042,0
1406706,0
1202211,3
1491671,6
1314238,5
1497076,6
1465417,7
1160226,0
1390427,0
1493066,5
1484452,0
1228658,0
1261892,0
1248921,0
1117788,0
1297961,0
1123998,0
1284677,2
1476365,3
1431889,13
1305212,13
1036985,13
1170347,13
1317986,13
1307819,17
1015528,0
1325298,0
1448339,1
1137782,0
1253487,0
1178473,0
1275767,0
1110700,0
1158069,0
1479826,0
1232444,12
1320678,0
1281517,8
1029038,19
1397931,21
1303888,18
1070644,41
1448552,15
1438074,23
1070011,17
1095052,0
1232434,0
1071259,4
1002687,5
1289203,25
1423217,0
1471087,0
1049389,0
1099913,0
1113318,9
1229001,0
1433304,2
1401068,10
1187242,2
1359625,8
1185356,5
1040153,6
1008719,4
1350206,0
1495173,2
1128689,11
1001023,28
1285359,8
1420413,7
1342540,8
1079649,10
1154251,0
1185029,0
1067710,0
1416184,16
1093010,2
1226046,4
1255874,14
1480365,9
1240015,21
1072056,7
1010331,8
1059861,9
1096264,9
1057847,10
1267848,6
1353281,9
1435910,9
1133468,12
1271548,0
1257128,2
1458370,4
1303550,15
1081423,9
1176395,8
1452747,20
1249598,4
1453716,5
1301192,3
1451676,4
1157287,4
1189803,3
1147480,13
1423216,13
1286899,14
1480723,10
1406611,23
1357260,21
1170208,11
1097908,8
1415920,8
1271099,11
1217407,0
1011881,0
1407485,12
1295630,0
1053847,0
1144343,0
1478102,0
1025390,0
1302448,1
1246317,1
1010666,0
1313421,34
1000698,1
1092126,0
1473499,0
1209421,0
1387028,31
1061134,2
1162193,0
1099223,0
1412109,7
1023342,8
1461384,8
1317056,4
1039007,19
1300140,23
1335882,19
1286846,16
1459159,10
1406375,16
1254323,29
1421326,15
1036769,23
1188121,17
1288839,16
1452281,16
1423886,16
1429192,16
1170773,3
1343976,4
1008860,6
1208057,6
1398096,8
1094768,14
1458256,18
1469568,32
1042422,15
1281477,9
1427545,10
1398303,18
1297500,15
1184259,17
1247248,8
1050335,0
1389117,0
1091327,12
1191903,16
1473941,19
1361611,4
1390206,1
1067572,7
1462163,7
1022601,9
1436514,0
1428766,32
1031474,0
1205829,0
1470414,0
1330416,0
1215711,48
1234303,18
1459527,0
1091726,0
1494166,13
1425078,18
1280912,18
1101451,17
1102535,10
1192441,19
1095607,16
1367089,12
1159398,18
1234591,20
1276836,8
1114189,9
1364745,8
1217742,9
1066010,8
1108218,8
1226604,16
1330739,5
1234421,4
1265219,2
1199333,6
1083928,28
1041818,17
1270599,0
1287231,2
1412408,15
1349144,19
1224252,36
1395552,5
1402396,0
1215113,0
1078367,21
1206651,26
1197899,5
1286540,3
1248828,5
1085236,16
1208237,0
1482243,4
1056066,14
1248566,14
1076486,24
1214421,12
1016268,9
1394274,4
1216050,0
1198442,0
1181286,0
1242834,0
1320866,0
1479494,0
1338420,8
1234957,2
1470791,5
1183173,7
1342205,4
1221456,7
1265965,11
1468194,10
1130150,7
1146521,0
1243690,0
1144351,0
1025173,5
1272944,9
1219707,33
1007209,13
1082299,20
1067520,21
1352924,18
1410275,12
1039372,17
1256674,17
1295791,29
1236452,16
1058027,0
1274554,0
1329740,0
1167347,1
1451883,1
1198739,0
1117758,0
1452199,0
1254860,0
1194661,0
1309274,6
1131716,7
1283793,7
1218947,0
1383534,2
1349711,11
1224002,11
1138335,16
1390060,17
1443567,15
1060435,8
1393922,10
1224512,10
1095238,4
1221251,3
1405406,3
1284661,8
1478516,8
1223492,0
1112602,0
1040307,7
1081076,1
1359075,2
1087231,0
1191560,0
1044549,0
1128096,0
1381724,0
1461471,0
1439341,0
1211903,2
1213401,13
1070053,13
1279096,8
1251454,7
1213767,6
1071776,7
1015899,29
1068960,27
1428482,26
1493778,15
1084126,18
1166141,11
1059119,11
1344297,16
1172465,17
1192321,16
1171256,19
1105799,14
1252385,12
1086394,12
1323071,12
1089737,12
1399894,12
1336059,12
1114250,12
1157695,13
1059960,9
1323156,11
1307832,8
1430672,7
1083044,4
1019952,5
1310874,5
1206124,5
1467171,4
1292159,16
1200761,0
1152578,0
1165400,0
1468823,0
1233718,0
1067345,0
1272924,18
1064613,35
1417327,34
1080513,0
1196458,0
1443469,5
1375742,0
1072649,26
1309132,0
1290854,0
1127315,0
1441457,8
1165142,21
1049952,0
1310650,0
1236773,0
1173994,0
1441700,0
1402904,0
1376912,0
1308727,1
1064523,5
1043894,5
1063256,3
1455058,1
1078273,8
1242551,8
1330929,23
1315562,15
1228679,2
1015454,2
1217178,1
1377098,0
1382624,0
1309943,0
1234906,0
1319758,0
1142998,0
1078062,0
1396355,0
1377697,0
1131561,1
1095178,6
1115944,4
1274803,7
1095602,6
1067896,5
1221106,4
1368829,4
1002660,16
1006792,3
1466488,8
1367222,4
1022457,7
1104908,6
1225707,16
1061460,22
1340502,13
1279583,6
1183707,18
1394734,30
1168535,7
1410114,6
1156319,6
1197604,3
1215697,3
1320069,7
1444887,3
1475387,6
1346305,6
1177114,9
1002289,7
1361334,7
1020355,4
1342654,5
1315254,3
1098380,11
1349856,17
1468813,11
1337198,27
1179388,8
1215476,11
1122716,9
1406481,10
1373420,4
1102059,0
1065427,0
1004198,0
1141401,0
1225795,0
1414811,0
1047239,0
1229693,1
1224714,5
1192829,6
1081848,14
1157252,1
1462830,10
1386971,0
1338138,0
1181514,0
1089558,0
1365949,5
1441761,9
1025825,7
1010248,0
1304450,0
1045376,0
1425432,0
1029668,0
1116525,0
1100793,0
1174284,0
1054029,0
1364193,0
1366962,0
1453619,0
1129900,0
1433846,0
1475443,0
1086519,0
1213738,1
1241413,0
1217461,0
1074355,0
1250684,2
1185761,2
1148006,0
1242359,2
1070040,10
1009282,10
1140020,10
1134901,10
1123975,10
1366099,36
1050241,0
1162092,8
1061294,0
1274168,1
1149165,0
1323957,0
1280976,14
1278113,28
1210708,23
1339465,0
1338896,0
1483889,0
1315614,1
1278314,1
1043794,0
1283121,0
1101191,0
1415650,10
1401680,5
1460445,0
1180058,0
1462684,1
1138520,3
1317061,12
1054840,0
1438974,2
1002774,3
1159437,18
1089638,20
1127397,4
1415166,4
1435778,3
1128032,2
1076832,3
1392837,0
1454709,0
1179231,3
1182033,1
1029988,10
1042837,0
1219095,0
1376260,0
1463761,7
1227644,5
1317620,0
1453388,19
1399359,0
1490375,0
1097563,0
1092587,0
1109919,4
1427406,0
1211765,0
1130959,0
1448306,0
1419811,0
1265062,6
1425904,4
1125938,16
1202900,3
1095568,6
1300715,3
1376035,20
1247963,18
1233461,15
1336037,9
1167286,7
1468046,2
1004508,3
1135287,2
1380028,2
1163632,3
1409352,4
1013469,13
1004938,10
1105636,10
1095364,11
1047991,11
1448323,4
1399603,4
1496729,4
1298382,2
1005003,4
1401766,2
1465689,2
1193331,2
1438123,0
1098604,0
1367860,20
1370235,15
1450299,11
1457399,10
1256980,0
1247682,0
1217450,0
1399546,0
1484802,26
1045267,0
1083456,0
1025693,0
1229151,40
1472239,19
1141854,5
1275306,12
1190954,13
1232183,27
1225479,7
1228546,4
1082302,4
1220988,10
1488412,11
1462286,11
1272933,12
1012794,10
1060379,8
1322864,7
1422003,4
1261322,3
1361920,2
1011082,2
1198185,0
1155781,0
1460971,0
1217608,0
1464015,0
1092728,0
1443211,0
1319853,0
1224204,0
1161246,4
1225127,5
1244297,7
1492404,23
1266882,20
1115336,2
1100363,5
1386771,4
1228144,6
1456463,3
1209430,3
1057256,3
1220699,0
1011026,0
1181307,0
1306278,0
1034430,0
1363491,0
1263946,6
1030522,11
1208582,9
1288919,8
1188398,10
1257603,5
1444572,6
1195794,5
1277054,4
1324093,4
1457210,4
1374108,6
1074202,3
1431907,7
1486660,12
1087576,17
1050233,7
1132252,16
1095838,12
1369255,13
1034963,8
1223053,18
1267677,19
1485310,0
1473546,0
1426101,0
1332522,0
1102609,0
1384611,0
1136040,0
1415673,0
1036779,0
1083181,0
1313017,3
1122743,1
1059507,4
1143434,12
1123578,7
1175471,3
1420158,8
1171896,4
1340676,7
1281560,0
1158519,2
1071538,0
1036619,0
1158312,1
1066536,1
1133053,0
1251379,0
1100091,7
1149857,7
1047198,19
1136864,9
1179725,14
1306697,13
1281504,11
1327389,12
1055921,8
1101152,21
1182646,20
1424279,17
1105421,0
1445716,0
1079973,3
1458467,5
1312972,3
1088756,0
1267746,0
1232711,0
1457306,9
1011235,5
1471277,0
1181771,0
1231442,0
1193500,0
1200482,0
1348404,0
1436025,0
1290134,0
1033917,5
1179301,0
1081725,0
1393415,0
1389608,0
1352022,0
1279211,0
1472093,0
1242163,0
1430423,0
1489595,5
1336018,8
1373525,0
1090212,0
1209604,0
1270455,0
1333274,0
1247242,0
1483471,0
1157862,0
1094134,13
1340562,15
1188903,0
1421956,0
1069594,1
1032110,8
1221954,9
1089247,8
1400695,14
1431873,11
1057308,20
1392873,17
1375319,0
1336737,0
1197957,0
1355864,0
1064517,0
1228726,0
1133114,0
1388842,0
1069600,0
1010212,0
1350266,26
1404848,3
1364685,2
1322930,3
1014899,3
1024487,6
1054349,7
1299746,3
1255402,3
1313903,0
1169066,0
1378577,0
1100250,1
1217224,3
1255217,7
1119655,6
1342352,12
1308085,123
1444143,67
1176836,46
1107618,44
1247310,3
1076251,12
1230370,17
1405510,17
1044169,22
1128832,0
1356616,66
1242991,42
1229614,37
1054269,43
1386650,37
1428923,0
1199404,0
1424116,0
1017704,12
1488050,0
1266608,20
1461971,10
1069314,9
1295765,7
1313113,0
1156774,0
1020945,0
1008568,13
1397328,11
1479955,0
1278982,0
1466318,0
1114726,0
1050846,0
1326323,0
1354098,0
1392774,0
1088550,0
1065051,15
1442994,0
1404802,0
1448322,2
1453906,0
1184605,9
1080267,2
1063685,0
1141097,0
1237041,9
1193161,7
1456560,0
1291901,0
1330248,0
1102993,0
1171305,0
1394882,0
1013097,0
1490074,1
1358294,6
1068255,8
1342445,5
1291172,5
1325526,4
1404721,3
1401858,3
1247641,3
1323579,4
1008571,4
1029555,1
1060085,14
1178756,13
1335690,11
1038438,12
1255410,7
1300405,8
1369944,11
1426505,15
1299024,15
1057752,0
1412748,73
1364620,7
1261442,40
1245205,23
1064070,0
1309278,0
1208235,0
1284797,0
1148320,6
1176349,0
1451180,0
1341426,6
1389218,6
1212530,6
1340756,4
1445687,3
1001480,11
1285713,13
1016498,12
1238649,23
1209840,18
1449539,3
1478559,7
1390158,6
1494723,6
1323348,6
1139353,4
1358455,0
1031442,0
1051268,0
1061096,0
1012652,0
1182370,0
1334101,0
1339935,0
1321554,3
1439931,1
1116026,0
1118461,0
1129761,7
1305470,9
1119279,4
1186970,0
1374360,0
1376618,0
1249682,7
1445557,6
1013212,0
1245740,0
1212302,6
1336986,4
1012718,16
1455753,4
1414107,0
1108487,0
1145767,6
1074126,7
1327909,0
1187865,0
1209194,0
1020515,0
1342004,0
1309704,0
1392386,0
1089782,0
1303695,7
1095152,7
1473553,0
1079855,23
1242295,13
1010465,1
1020507,0
1293282,0
1396363,0
1022752,0
1357421,0
1410617,0
1139996,0
1053955,32
1093507,0
1144866,3
1128043,3
1267998,0
1093360,25
1494011,2
1342237,0
1409426,0
1080952,3
1357847,7
1111725,3
1220749,2
1115692,0
1028364,3
1260258,4
1118887,10
1322939,11
1234117,7
1287542,109
1159595,31
1001266,46
1181256,13
1170613,0
1403354,9
1076195,15
1264257,19
1195502,15
1125151,0
1377611,75
1415079,25
1432411,23
1090138,22
1484042,0
1394148,0
1241695,0
1295216,3
1384543,8
1020876,4
1144384,9
1158488,11
1087275,8
1481135,8
1330803,4
1243616,5
1356902,13
1144010,13
1177817,14
1257211,9
1068853,5
1385807,5
1197420,5
1227153,5
1066210,4
1011221,2
1459794,1
1467815,2
1245659,0
1306935,58
1349929,216
1391689,80
1350008,61
1017175,56
1230601,10
1353563,13
1460117,8
1366885,21
1096075,17
1063639,4
1350493,8
1262949,7
1403427,5
1146723,5
1332594,5
1018381,6
1255521,6
1004292,3
1224437,11
1437923,16
1083487,27
1472309,26
1217589,16
1214056,19
1343584,4
1352012,4
1115630,0
1260544,6
1304453,5
1268487,0
1123692,10
1068143,0
1190711,0
1359339,0
1025909,0
1338479,13
1290319,5
1409429,0
1105783,0
1399041,127
1185779,72
1055011,48
1080864,49
1247741,13
1041516,8
1157213,6
1168450,1
1392666,9
1024666,13
1141823,0
1242035,0
1181156,0
1038064,0
1398988,0
1473452,0
1310422,1
1108032,5
1055296,6
1220126,4
1113589,10
1491605,0
1299696,2
1280568,0
1313893,0
1330955,0
1208004,0
1173016,5
1462080,6
1375355,5
1230094,0
1025866,0
1451107,0
1416531,0
1282054,0
1450921,0
1161156,7
1091126,15
1252445,11
1433536,6
1339034,18
1142781,98
1335631,58
1134459,61
1493457,91
1174658,6
1247295,0
1256335,0
1295935,20
1232035,26
1485405,0
1231774,0
1411004,7
1291762,10
1499681,1
1232710,0
1096139,0
1460120,0
1366542,8
1125681,7
1243692,20
1367348,0
1025160,4
1156586,6
1499625,14
1336867,7
1336320,9
1344543,5
1222669,7
1105933,0
1073276,0
1215795,0
1471342,0
1495234,2
1182328,0
1138810,0
1142707,0
1231327,8
1299213,10
1015842,0
1362249,0
1202195,18
1495580,17
1196447,0
1091996,4
1498511,1
1258236,2
1223314,0
1397885,11
1265343,19
1067951,26
1343456,14
1283754,0
1170441,3
1373829,0
1152698,0
1200354,1
1445388,11
1248715,6
1013539,9
1198405,10
1352697,9
1061216,8
1029414,8
1456131,7
1048715,9
1438492,9
1216741,0
1306218,5
1080375,10
1428386,8
1377936,9
1276173,3
1268572,4
1179178,12
1043271,13
1309384,12
1129929,0
1046382,34
1183543,29
1478269,10
1117518,12
1173083,1
1037186,0
1174472,0
1427657,12
1403435,15
1088835,0
1450335,0
1380455,0
1073789,0
1276695,0
1203994,0
1136726,0
1298827,0
1247598,0
1440729,0
1115349,2
1078995,3
1316171,2
1229599,2
1133642,2
1210879,1
1496663,3
1376737,3
1238615,3
1063947,3
1314432,5
1149171,6
1087492,8
1362637,6
1274851,15
1164898,4
1407146,1
1123371,2
1291337,4
1231383,5
1186826,0
1031599,0
1456388,8
1115977,11
1370192,10
1496330,7
1309382,6
1327692,4
1099768,13
1086319,14
1295236,0
1333324,0
1145620,0
1048752,0
1390781,0
1185214,0
1192395,0
1095976,0
1331958,3
1432224,1
1115994,0
1035138,0
1435247,0
1336877,0
1316005,0
1174524,0
1166020,0
1180767,0
1113149,0
1199960,0
1214772,0
1222650,0
1379128,0
1163871,0
1463945,0
1119237,0
1002773,0
1142372,0
1359413,2
1278587,1
1364919,21
1267877,124
1371429,53
1258322,49
1177282,52
1177106,1
1301531,6
1219857,3
1280093,10
1152242,14
1394171,0
1110233,0
1028580,0
1163127,0
1313914,0
1109985,0
1452309,0
1264964,0
1044536,10
1311855,8
1202702,0
1468486,28
1431695,30
1112281,9
1166618,7
1335465,0
1444591,0
1062590,0
1088084,0
1246139,0
1244026,0
1202324,0
1482606,11
1149079,15
1283300,2
1318802,3
1276791,4
1063475,7
1199348,5
1056121,0
1148243,0
1271065,0
1121352,0
1195327,0
1310472,0
1012275,0
1013681,7
1057017,28
1081755,0
1329157,0
1016607,0
1097417,0
1273607,0
1030030,0
1102375,21
1014321,30
1460731,32
1209388,0
1079093,0
1009864,6
1232226,1
1212390,31
1015514,0
1026288,0
1342395,0
1317334,0
1499718,0
1144252,0
1266770,0
1345020,0
1498588,0
1081567,0
1136800,0
1404563,0
1048698,0
1379696,12
1494614,2
1044262,2
1318421,6
1051497,7
1181919,20
1155905,16
1494117,3
1409682,3
1278364,3
1390694,6
1370833,0
1443525,0
1428650,0
1447715,0
1224368,0
1160516,0
1224600,0
1379561,0
1221505,0
1025904,0
1417093,3
1258195,4
1090477,3
1424192,3
1112094,3
1355719,3
1179255,1
1248962,0
1283105,21
1103749,13
1108210,2
1032155,13
1192611,7
1282019,3
1200477,3
1409201,24
1385955,22
1369859,0
1355820,2
1010486,16
1279865,18
1497126,0
1492673,9
1468197,7
1067239,7
1194966,4
1359094,4
1267904,0
1066283,0
1064134,0
1257133,0
1223316,0
1395167,0
1353989,0
1422291,0
1298285,2
1236996,2
1001765,0
1080677,2
1197159,5
1382993,15
1079574,3
1418919,5
1483390,1
1298823,3
1173925,5
1476878,5
1233803,1
1431428,2
1329543,0
1162793,0
1387275,0
1323908,0
1322958,0
1268053,0
1305051,5
1350344,6
1374893,6
1035507,7
1176675,3
1295932,0
1201353,0
1013966,0
1063382,2
1375806,2
1072425,4
1183053,4
1166233,0
1150804,0
1459959,0
1028758,0
1470426,0
1045457,0
1107904,0
1330464,0
1191436,0
1041527,0
1309992,0
1083320,0
1144631,0
1229991,0
1141624,0
1266359,0
1257289,10
1450042,0
1408203,0
1366613,0
1326039,1
1414267,0
1351716,0
1101161,3
1343335,6
1415914,16
1066165,36
1084729,0
1332928,0
1307584,0
1122837,0
1101186,0
1472746,17
1481360,19
1097637,33
1178734,0
1385359,0
1313891,0
1372544,0
1095090,0
1103849,0
1231318,0
1342423,0
1489884,2
1050683,3
1093651,0
1009004,14
1447838,11
1339194,0
1027184,0
1366421,0
1395557,0
1382148,3
1066186,12
1437787,12
1273643,2
1138260,3
1250575,2
1391663,1
1409188,0
1249625,0
1431237,2
1236537,0
1266099,4
1409991,0
1026632,0
1221355,0
1247935,5
1277356,4
1307732,0
1185822,18
1123946,0
1045423,0
1030906,0
1207533,0
1187581,11
1210149,0
1239382,0
1175679,0
1112711,0
1374089,0
1118795,4
1140639,0
1083175,9
1492620,2
1175595,2
1381389,4
1252196,12
1125403,12
1119217,0
1277459,5
1453409,1
1242979,0
1175963,0
1429994,3
1072318,3
1023198,4
1173743,0
1407808,4
1007837,1
1439868,3
1035955,2
1294097,0
1419467,4
1059549,7
1003296,7
1050250,9
1164254,15
1329352,21
1318629,26
1497364,28
1372971,5
1382213,25
1168538,10
1007065,18
1436260,6
1131468,4
1065864,0
1373382,0
1204938,9
1497299,2
1369939,35
1413077,1
1329521,0
1014278,0
1322531,23
1386627,20
1021800,7
1122164,6
1023106,25
1437074,1
1377719,2
1025301,1
1046935,0
1452681,3
1493038,15
1098698,15
1309145,8
1468663,8
1069977,0
1408414,8
1345178,11
1460552,2
1059627,3
1452397,3
1426515,4
1295518,0
1387877,0
1361789,0
1064474,0
1124284,0
1417174,0
1386814,0
1301623,0
1427811,0
1026720,4
1251710,6
1234209,4
1004166,20
1438196,23
1484353,5
1429143,5
1111111,5
1118109,2
1292839,1
1422430,0
1328104,0
1320587,0
1428499,0
1140562,2
1280840,4
1137543,0
1313904,4
1255247,8
1311217,11
1232936,2
1043919,3
1342245,5
1214809,1
1233222,1
1274357,1
1033582,0
1290145,12
1105210,0
1079607,3
1229556,10
1358305,18
1495092,12
1075788,11
1462272,12
1487211,14
1278525,15
1072156,12
1261277,0
1411806,0
1078267,0
1378172,0
1386744,0
1130416,0
1404114,0
1455416,0
1445438,0
1185819,0
1004773,0
1251663,0
1336507,0
1131973,0
1143972,0
1119395,0
1336287,0
1096741,4
1414362,6
1064559,2
1099973,1
1409973,5
1406534,0
1378401,0
1491481,0
1085482,0
1110998,0
1352488,2
1287516,4
1021170,5
1498407,19
1280562,14
1201803,18
1079291,12
1179921,16
1182796,16
1096333,13
1339580,22
1030469,21
1222532,29
1248761,0
1223245,0
1328456,0
1264900,0
1064669,0
1329624,0
1388838,0
1041615,0
1345269,3
1188222,2
1392665,0
1123137,0
1250396,0
1422156,0
1254126,0
1194437,0
1348159,0
1016063,0
1465923,0
1419496,0
1269147,0
1170430,0
1320738,0
1326260,0
1374077,0
1199340,0
1368664,0
1179933,0
1150951,2
1388915,1
1137052,0
1230372,0
1173501,0
1018139,4
1469771,5
1110475,0
1151876,0
1473267,0
1388450,15
1375965,14
1363025,0
1008936,0
1245398,0
1084912,0
1012482,0
1175740,0
1110002,0
1480871,0
1364896,11
1229308,12
1053113,0
1196459,0
1417926,0
1071157,0
1137622,0
1343829,0
1247675,0
1210915,0
1106162,0
1132122,0
1152116,2
1139349,2
1403955,31
1128118,25
1066140,3
1313652,4
1233389,5
1200593,0
1233269,0
1346803,43
1469088,36
1188853,28
1435699,25
1398730,1
1422241,8
1214165,14
1003508,22
1154152,19
1314712,0
1114271,20
1418277,23
1297826,14
1268774,8
1172613,0
1149489,0
1389759,0
1378974,0
1213880,23
1115848,7
1225685,18
1075296,12
1329857,17
1068883,14
1296744,2
1394552,9
1081878,14
1037238,20
1049689,6
1217530,0
1112317,0
1451006,2
1322215,1
1227037,0
1388600,5
1133186,15
1122416,10
1275720,0
1362231,17
1010045,0
1438085,1
1179844,4
1304407,6
1461529,19
1412828,12
1371428,6
1218504,4
1383239,9
1074332,9
1042152,0
1489069,0
1199888,5
1010784,2
1338040,8
1077390,0
1186594,7
1076876,7
1408837,13
1310252,1
1497911,6
1436420,6
1095697,7
1318923,6
1318975,7
1069820,7
1413457,6
1129290,14
1184847,15
1055182,15
1085489,17
1442787,9
1359966,17
1001227,16
1246966,18
1456174,39
1274250,12
1082997,15
1213692,16
1128539,6
1126645,13
1439027,27
1169895,14
1142898,15
1041277,20
1390925,4
1368563,18
1123106,11
1352791,17
1365509,14
1299335,16
1155033,14
1441502,13
1080640,14
1131289,13
1416439,11
1167023,15
1115834,16
1085711,5
1078579,8
1222068,33
1381996,25
1384957,7
1463347,8
1211180,6
1004884,6
1292684,9
1181766,8
1378441,0
1039589,0
1484787,0
1307650,0
1393168,0
1147260,1
1160873,0
1390275,0
1490077,9
1426206,7
1161308,0
1202035,6
1063781,14
1255540,9
1189624,1
1011928,3
1416477,5
1213176,3
1466824,8
1318823,10
1186515,0
1241768,9
1281060,7
1106118,8
1397917,9
1230287,10
1058025,3
1004209,3
1035823,9
1373037,9
1308254,0
1007918,0
1437367,0
1148491,0
1461261,0
1084812,0
1239648,0
1320070,0
1046692,10
1320872,10
1112072,0
1426307,0
1233434,2
1204311,0
1270286,0
1241151,0
1106195,0
1362527,0
1373822,0
1088651,0
1371692,0
1170712,34
1097376,23
1425470,0
1338306,0
1059092,0
1236134,18
1420579,0
1313750,0
1251701,0
1004232,6
1436746,5
1195929,6
1249534,5
1280255,5
1036895,8
1275145,7
1400554,7
1120021,0
1040633,48
1310818,36
1031907,27
1205122,18
1195293,0
1121684,3
1335302,13
1323910,24
1394931,19
1002479,0
1185698,4
1387808,5
1182612,4
1299452,15
1398759,2
1219014,9
1329042,19
1079212,7
1079402,29
1157925,14
1395999,14
1238279,11
1352454,13
1201572,12
1171633,11
1114558,11
1007921,15
1231837,15
1372533,12
1153580,7
1051401,9
1487987,8
1122589,8
1198363,12
1311137,7
1392561,7
1037381,4
1327930,5
1286218,6
1375145,17
1354719,171
1416624,76
1162670,38
1473999,38
1415730,5
1070101,7
1149110,6
1268657,8
1125034,15
1161652,7
1311386,6
1353828,9
1109541,8
1141616,8
1087687,9
1086947,9
1449835,8
1256323,14
1427597,14
1037754,20
1076695,24
1086034,21
1053303,13
1112214,21
1301567,2
1259161,0
1170392,0
1061037,10
1285893,9
1492646,0
1460894,29
1322240,0
1007261,0
1287191,0
1277198,0
1285653,19
1286918,6
1325803,0
1041443,0
1232446,53
1381352,29
1168965,18
1300191,18
1391636,13
1475935,3
1413562,2
1129712,0
1181753,12
1094992,12
1208353,5
1166543,1
1059366,2
1039066,4
1460911,5
1436368,3
1006634,5
1226340,5
1402413,9
1187793,17
1076982,16
1478638,13
1470811,8
1027092,9
1413435,6
1311896,6
1026289,5
1163098,7
1092729,11
1161082,4
1465666,18
1398850,33
1319787,14
1304626,13
1292616,19
1344823,28
1189234,19
1253767,0
1487539,44
1238994,34
1195948,36
1220112,61
1015880,9
1228793,0
1042610,0
1028951,27
1160784,26
1397871,14
1442844,17
1069635,11
1358312,21
1015296,8
1379372,7
1302018,6
1194770,7
1233925,7
1345656,8
1219740,22
1364228,10
1307805,0
1494681,8
1494207,15
1253660,11
1410707,6
1055553,10
1126416,8
1328139,0
1349919,0
1456099,6
1167640,0
1183385,0
1403233,0
1332523,0
1299844,2
1481979,0
1334903,10
1004153,3
1195817,7
1445345,36
1173304,28
1073388,11
1085281,10
1173989,7
1124624,7
1049773,6
1390667,0
1102785,0
1071583,0
1469131,0
1393329,0
1168040,0
1375615,0
1491239,0
1336140,10
1208757,6
1196539,12
1340721,10
1107889,10
1161557,9
1448615,8
1217383,8
1482831,9
1387153,9
1198020,9
1021889,9
1022048,7
1281758,10
1190579,12
1300537,11
1109701,10
1260746,9
1393954,9
1421839,13
1278023,15
1451124,16
1219527,6
1430679,19
1080688,21
1009989,19
1058103,19
1109571,13
1192976,12
1112770,16
1458923,27
1098294,24
1319718,0
1428028,0
1160528,0
1293845,0
1390673,0
1469818,0
1209263,0
1058889,0
1218519,0
1416073,5
1062487,9
1410365,8
1005997,8
1462622,11
1425740,5
1090497,5
1067884,4
1072910,5
1011254,5
1169260,6
1319069,0
1046319,1
1255725,12
1038138,9
1459768,20
1499428,4
1146280,1
1328949,4
1253401,8
1160220,10
1050512,8
1213511,14
1237764,14
1461783,14
1019125,14
1276137,13
1358552,17
1121022,40
1479610,16
1062718,16
1119057,0
1062577,0
1072243,0
1138775,0
1094329,0
1280108,0
1158916,0
1148925,2
1273103,5
1326093,6
1037885,0
1204846,0
1362909,0
1025813,0
1257262,0
1338047,0
1411743,0
1371064,0
1470068,0
1101170,0
1462001,0
1281969,0
1120747,4
1119858,4
1464503,6
1454907,0
1112783,2
1153201,4
1033222,6
1317246,3
1279653,0
1259804,40
1330889,22
1456783,17
1451338,13
1455484,0
1463806,0
1293785,0
1092809,11
1255924,16
1238303,1
1273884,1
1321003,6
1421408,3
1323018,7
1291907,9
1191059,8
1226492,4
1109928,10
1359763,12
1020875,0
1479459,12
1126519,17
1243938,0
1011707,3
1055572,0
1202213,0
1112551,0
1318608,3
1171492,1
1346505,40
1399035,26
1410195,9
1428200,7
1450681,6
1230794,8
1111998,10
1458521,8
1089466,1
1013318,0
1266827,0
1356906,0
1015954,0
1277060,0
1167480,1
1218228,6
1410761,8
1060769,7
1261517,85
1429715,45
1008750,12
1275945,25
1227991,1
1432316,6
1153718,16
1092779,19
1461917,14
1087803,0
1140643,67
1257290,34
1451317,23
1424992,32
1065017,30
1195936,0
1404821,0
1384273,0
1218303,2
1300007,0
1169576,14
1483754,9
1248165,4
1113702,0
1455324,0
1313776,0
1077395,0
1140455,16
1139004,11
1397517,0
1160121,0
1111558,0
1466321,0
1138171,0
1014190,0
1038757,0
1263194,11
1473297,14
1196301,0
1364052,0
1038561,3
1061158,10
1170498,5
1334067,14
1354259,3
1045566,0
1137247,0
1325543,11
1362836,8
1220386,0
1106959,0
1152967,0
1280185,0
1165417,0
1270138,0
1207627,2
1058052,0
1180711,10
1093029,9
1267791,7
1310051,7
1407193,6
1197290,6
1261533,6
1453402,6
1406646,6
1016126,7
1097438,2
1016091,15
1311629,15
1004022,10
1298135,12
1078562,6
1254708,4
1494605,9
1370522,14
1079860,15
1220471,0
1485377,4
1403428,6
1230061,8
1402669,4
1231858,0
1351261,0
1274271,0
1377695,23
1207970,21
1183373,2
1345983,9
1070992,10
1329876,8
1471648,8
1035888,6
1349583,7
1063439,13
1408273,14
1201464,13
1477543,0
1390256,9
1178105,36
1443203,28
1394524,5
1278543,7
1474327,5
1348414,5
1390594,4
1309800,5
1392815,0
1115483,3
1148318,6
1205809,1
1497444,5
1095215,0
1056960,0
1251999,0
1188139,7
1134444,5
1124612,0
1463839,0
1405337,9
1045963,9
1404679,2
1487809,0
1008500,0
1346088,3
1309473,8
1440765,6
1351627,2
1441768,3
1370126,11
1292794,8
1308071,11
1470794,5
1164141,0
1170897,0
1077235,11
1205460,10
1256077,0
1135420,0
1425475,0
1104883,1
1070616,0
1119638,1
1287436,7
1390833,6
1130338,6
1221218,9
1013813,0
1210130,26
1113889,13
1131919,0
1347100,0
1203738,0
1216417,0
1075536,0
1248608,0
1231823,0
1284997,0
1392430,19
1250311,0
1343332,25
1158805,9
1302808,0
1315927,0
1390178,0
1319088,0
1400730,0
1049345,9
1173186,9
1310002,7
1401748,7
1127622,6
1352703,5
1196939,6
1062100,5
1464385,4
1261795,6
1441938,13
1202667,112
1144183,51
1279884,29
1067326,25
1174713,0
1039677,6
1070775,17
1090686,24
1351993,17
1486124,0
1177585,24
1119464,16
1181642,3
1235863,7
1169391,0
1405637,0
1413868,3
1162780,9
1006063,9
1218918,0
1221805,5
1351968,10
1276334,6
1176666,8
1490962,5
1209534,12
1429093,11
1207337,13
1237384,15
1149222,0
1117923,2
1166830,4
1120717,7
1499239,5
1102466,3
1197506,5
1298538,6
1134036,11
1061156,8
1306954,58
1342909,205
1244760,85
1431361,55
1276681,57
1148958,9
1184174,9
1323560,10
1066229,19
1025558,13
1272226,15
1345224,9
1180576,11
1400678,7
1494631,9
1041253,7
1085653,8
1036898,9
1255825,7
1166811,6
1312936,34
1313089,26
1109924,15
1335860,12
1287145,18
1176669,2
1458693,0
1129849,0
1491799,6
1051349,6
1443980,0
1213478,13
1488938,0
1236270,0
1448872,0
1152021,0
1233583,7
1254865,0
1446649,0
1123458,0
1413179,128
1064720,34
1333985,42
1485965,42
1045179,10
1034980,3
1055582,0
1444798,0
1059223,11
1047097,10
1328392,0
1249257,0
1345965,0
1189952,0
1030558,0
1379280,0
1257501,0
1054115,5
1454949,9
1395932,8
1346914,12
1478318,6
1075796,5
1383931,0
1285934,0
1215738,0
1060380,3
1378187,6
1095715,6
1297712,9
1037218,0
1125921,10
1226436,2
1132112,14
1034182,3
1282516,7
1456846,25
1439256,21
1303607,26
1471480,7
1309280,0
1316821,55
1068449,32
1244417,12
1460277,54
1141964,3
1341807,0
1374690,4
1116327,25
1395446,23
1318251,2
1464601,9
1227075,15
1429094,11
1433405,2
1318005,1
1092639,1
1499150,9
1076176,6
1272010,7
1321757,9
1330209,3
1099026,11
1493281,2
1164689,12
1498076,8
1319999,6
1448350,9
1421711,10
1038221,10
1297481,0
1342441,0
1065384,0
1457965,0
1047619,0
1116321,0
1199733,0
1253782,0
1164408,7
1045723,3
1408514,3
1248845,16
1361418,31
1266589,27
1289418,3
1306674,7
1282683,3
1007581,4
1007038,4
1191930,6
1289632,0
1265199,0
1394596,0
1399350,5
1090499,17
1207469,0
1337311,0
1478789,2
1191669,3
1316515,0
1074816,5
1450974,9
1316042,10
1179169,10
1271167,10
1001293,9
1274820,8
1498345,8
1461834,10
1076787,0
1099423,7
1253791,11
1405583,6
1128016,8
1148287,5
1336749,10
1121493,7
1300038,14
1469353,14
1379869,0
1364543,24
1209429,16
1336922,11
1184984,15
1033802,2
1102254,3
1069100,0
1251110,12
1422931,20
1396463,0
1384942,0
1267286,0
1080373,9
1453390,0
1460261,0
1118334,0
1216971,0
1314150,0
1062635,0
1197947,0
1429990,5
1328020,4
1000304,4
1413854,1
1058705,3
1059717,2
1120318,3
1195881,6
1133957,6
1333350,14
1395760,6
1141879,6
1106071,8
1424549,13
1188351,2
1404749,1
1402018,2
1408756,6
1184746,8
1247919,0
1348282,0
1425154,9
1005220,14
1368923,9
1238630,8
1272350,9
1184813,16
1243023,11
1415987,14
1134877,0
1116838,1
1242837,5
1461295,6
1304951,4
1231273,0
1259733,0
1431813,0
1244857,7
1120215,12
1089252,0
1169044,0
1488310,0
1311865,0
1130736,0
1253835,0
1198939,0
1141237,0
1220100,0
1251272,4
1389126,0
1028984,0
1210725,0
1439307,0
1276761,2
1038564,0
1487161,0
1204026,0
1058780,6
1198260,6
1409283,33
1369586,124
1208466,38
1105224,35
1160660,40
1070798,0
1436213,0
1262471,0
1040294,0
1148180,6
1174904,6
1310941,0
1072061,4
1096891,12
1050753,5
1372237,2
1480355,3
1464692,6
1205643,12
1255449,13
1343936,0
1024894,28
1225695,19
1327670,5
1136102,2
1029371,0
1108374,0
1313682,0
1446388,1
1061253,1
1256773,4
1156707,5
1225914,30
1188906,22
1175099,2
1213251,5
1318948,5
1140044,7
1453448,9
1482127,8
1492186,0
1451729,1
1175655,4
1232270,9
1386092,5
1146127,1
1007031,4
1252790,3
1208015,6
1460898,0
1472216,0
1497186,10
1281556,8
1319241,8
1211603,0
1200918,0
1489205,7
1345123,25
1436473,22
1412634,0
1004840,0
1370737,0
1148097,0
1230329,0
1264189,0
1471564,0
1207436,0
1117271,0
1456785,10
1034638,0
1321713,9
1229492,0
1017228,0
1347864,0
1358884,0
1157643,5
1014275,16
1273605,4
1492568,13
1429233,0
1373773,0
1103191,0
1184979,0
1261848,4
1460475,1
1171496,8
1341287,0
1149009,5
1075015,12
1363384,0
1207153,3
1311230,4
1445660,18
1388607,8
1339201,2
1255252,2
1093143,4
1239147,1
1428924,0
1232381,4
1448200,7
1347708,6
1362845,6
1125996,4
1015315,0
1100625,4
1102718,0
1366224,0
1442450,5
1070689,7
1459302,14
1214871,8
1103295,12
1402841,10
1453915,9
1204065,10
1429149,12
1256007,10
1288466,9
1212811,8
1244220,14
1230918,2
1146830,0
1283364,10
1366050,10
1202304,0
1374456,0
1284388,0
1298741,5
1361024,17
1085139,3
1115757,18
1164611,13
1071986,13
1062774,10
1465544,12
1156252,11
1338188,8
1475777,10
1363760,11
1298841,7
1331898,26
1339825,22
1078026,1
1110323,2
1164425,0
1154567,0
1384956,0
1409353,0
1010862,0
1183882,5
1438307,0
1149805,0
1038249,0
1288149,0
1217865,2
1170575,9
1459362,17
1350029,9
1467669,22
1014675,5
1280197,7
1220931,8
1336050,7
1299433,6
1024888,5
1306844,2
1365486,2
1177550,0
1131156,0
1343038,8
1420346,13
1147021,3
1476298,1
1342290,2
1122492,0
1369700,0
1020027,0
1206446,3
1306114,0
1125550,0
1348293,0
1188771,0
1482727,0
1057243,0
1126452,0
1342786,0
1384345,0
1479026,0
1400837,0
1386993,0
1024697,0
1117768,0
1433636,0
1271523,0
1413066,0
1052429,0
1080624,0
1433782,0
1429517,16
1211453,0
1148474,0
1403075,0
1326194,8
1179865,8
1298419,8
1455874,8
1177955,8
1071207,8
1288752,6
1167747,0
1467746,7
1122163,8
1200111,11
1282157,0
1072327,0
1358293,14
1179258,23
1433034,27
1242400,0
1183728,0
1480985,0
1309302,0
1129620,5
1140646,0
1364451,0
1404202,3
1196684,13
1134530,13
1287497,17
1105062,15
1395783,13
1105017,12
1148887,9
1209537,8
1261074,9
1165109,12
1008951,12
1025002,9
1021362,3
1248311,0
1127567,0
1294035,5
1005287,17
1408576,11
1476703,6
1138460,6
1455947,6
1499341,9
1257724,0
1138065,35
1331635,24
1089050,12
1209677,18
1178390,0
1232486,0
1165663,0
1115081,9
1294491,8
1172071,8
1065500,8
1395805,8
1335487,9
1483824,9
1417531,8
1078215,5
1196339,13
1325211,2
1196940,1
1222681,7
1075794,2
1054169,0
1285808,2
1207618,4
1336847,1
1481561,0
1430507,27
1273196,0
1402786,0
1313810,0
1422861,0
1182953,36
1431576,17
1336624,0
1358256,0
1466648,3
1217089,5
1275462,14
1461365,9
1159522,3
1442492,1
1426884,3
1223006,8
1257596,16
1313402,15
1076417,0
1113562,0
1306781,2
1437817,1
1095654,0
1037188,8
1193062,12
1116791,1
1078593,0
1301677,1
1431143,6
1335729,14
1273431,9
1291651,9
1046453,1
1270301,3
1321242,0
1027253,10
1013732,15
1024533,16
1027745,10
1401756,0
1200397,0
1336135,0
1127302,0
1086163,25
1158899,0
1418131,0
1011342,0
1383378,53
1329788,28
1413355,2
1453914,12
1165320,8
1057838,27
1302966,7
1035293,8
1021717,6
1428648,6
1437108,3
1166881,11
1390263,15
1221841,4
1393273,4
1408322,0
1414454,6
1214045,9
1039828,17
1179927,0
1254793,0
1351626,0
1361626,4
1474171,8
1020749,1
1283888,8
1218770,14
1493085,5
1104390,1
1392730,5
1124619,2
1027577,16
1215288,16
1011785,3
1010577,3
1204806,0
1174460,0
1013394,0
1263967,0
1498604,0
1124137,0
1040051,0
1291601,0
1095188,0
1073321,1
1205283,3
1248898,6
1442657,7
1016320,6
1350450,6
1050645,4
1295212,4
1120237,4
1448221,11
1041643,15
1241401,12
1286172,10
1348808,10
1200960,9
1069495,8
1375220,7
1280709,7
1363658,9
1192217,9
1254129,0
1298211,0
1226852,2
1080756,4
1357125,10
1037900,0
1018982,0
1206804,0
1434708,17
1350481,18
1356462,0
1206990,0
1374639,0
1248955,0
1488819,0
1314173,0
1422028,0
1474301,0
1421735,0
1329364,0
1297374,7
1205205,5
1267715,4
1096759,3
1371599,5
1196904,3
1275453,2
1205146,0
1195095,1
1157236,0
1200113,10
1405527,7
1412772,4
1191506,2
1286282,24
1393333,22
1456278,1
1199618,2
1209903,2
1166888,5
1417296,14
1233935,13
1447608,13
1070930,11
1347324,9
1421863,10
1423458,7
1314357,13
1472011,12
1202692,11
1204108,4
1320421,5
1157131,3
1493504,8
1027269,2
1071193,0
1153084,0
1154191,1
1319139,4
1223887,2
1113523,0
1198977,0
1114413,0
1388713,0
1394714,0
1159948,0
1323802,0
1194854,0
1470372,0
1048695,0
1225474,7
1287737,0
1239768,0
1289902,0
1113656,1
1369685,9
1266061,9
1011495,0
1298947,1
1293685,1
1045465,2
1081681,22
1421624,22
1451474,9
1163083,11
1083920,0
1031606,0
1133029,0
1003561,12
1290934,14
1020564,21
1178892,8
1119268,9
1493433,7
1264710,5
1318684,3
1289831,3
1387575,6
1364643,8
1254679,7
1326548,0
1258579,0
1429577,0
1057122,0
1132453,0
1452892,0
1430832,0
1481540,0
1405175,0
1261253,0
1198643,3
1371814,0
1211409,22
1108597,30
1397712,7
1087010,0
1187741,0
1488904,1
1051180,0
1447326,0
1312294,1
1037296,8
1066036,5
1274650,8
1360248,8
1313926,8
1376399,8
1197966,0
1108691,8
1407227,30
1156240,22
1359242,24
1101112,8
1396786,11
1214504,17
1305039,21
1066722,25
1010949,0
1257911,0
1155840,1
1005910,6
1268420,10
1499109,0
1022495,0
1050999,0
1481138,0
1388481,0
1412015,27
1176447,1
1253823,23
1494779,18
1036773,18
1208909,14
1248167,17
1392970,16
1444295,12
1057981,0
1297433,9
1064848,8
1323764,5
1020465,3
1332048,3
1089745,5
1310777,8
1455214,9
1189682,7
1097913,0
1218649,12
1138627,12
1483004,12
1465355,7
1095932,0
1086204,0
1347932,13
1323389,21
1360373,16
1369485,18
1156482,0
1473466,16
1107803,21
1361421,12
1124678,7
1075990,8
1400926,14
1383499,13
1126038,14
1286555,10
1375120,13
1159696,13
1088236,12
1217593,24
1136291,27
1317437,13
1461229,4
1183783,13
1343779,15
1335558,15
1221537,14
1081323,17
1389983,15
1261113,12
1387450,11
1338940,22
1067321,1
1051361,23
1030392,23
1155915,4
1229449,3
1132160,2
1152412,3
1489262,1
1116102,1
1086847,0
1348070,2
1241177,11
1413177,14
1180550,7
1366766,6
1198791,4
1327818,4
1331264,19
1204089,2
1053998,4
1077837,4
1329598,3
1246576,1
1485914,11
1299729,18
1460115,9
1299132,10
1137246,14
1251637,19
1221233,7
1151884,8
1187774,8
1156979,10
1204525,8
1347649,7
1493813,7
1140478,8
1482717,9
1166964,0
1246650,3
1436167,9
1354222,0
1135520,2
1087917,0
1025372,0
1105223,0
1119382,0
1412980,0
1264395,0
1199994,2
1264068,0
1102366,0
1411928,0
1302832,0
1430125,29
1179547,7
1432135,0
1423780,0
1271169,7
1177475,8
1284113,2
1182008,10
1065218,26
1405233,24
1275037,21
1474230,10
1215183,0
1435232,18
1143903,24
1358874,29
1014564,0
1206185,0
1392612,4
1309171,4
1126294,9
1339737,9
1337158,7
1429763,14
1092832,21
1066511,7
1344086,2
1210234,10
1080240,3
1156847,6
1028232,7
1262649,17
1453211,22
1262599,11
1495848,11
1342607,15
1358429,17
1475006,12
1009709,18
1492097,7
1006833,0
1406361,6
1308035,12
1018667,9
1360589,10
1387284,3
1037113,0
1216798,5
1413073,8
1418176,9
1472931,0
1484697,38
1160231,0
1104329,0
1176781,0
1399279,0
1016676,44
1212768,18
1401817,0
1076968,0
1127204,3
1454285,22
1230213,18
1216199,17
1338024,13
1316220,10
1261077,14
1499021,12
1384202,18
1327954,18
1221607,8
1289506,7
1421492,7
1075950,8
1085945,8
1298007,12
1431853,8
1164599,8
1484727,8
1251893,12
1149765,0
1225876,0
1415546,4
1078113,1
1490342,29
1143538,0
1342267,0
1442839,0
1137292,26
1394848,23
1192413,3
1089505,1
1053247,3
1427058,19
1399010,7
1022717,8
1281547,9
1368785,9
1424511,9
1294222,10
1454421,0
1483482,0
1006934,8
1337295,11
1331277,12
1444811,0
1103642,1
1182198,12
1497051,4
1488795,16
1174921,6
1234400,3
1394502,25
1200823,23
1275837,6
1041452,5
1479766,0
1387983,0
1159217,12
1320682,7
1085106,9
1233601,0
1131145,0
1258777,0
1159193,14
1010363,8
1363486,4
1425117,3
1325405,3
1391577,10
1133753,10
1111154,9
1197779,10
1365246,10
1212707,14
1313597,19
1412241,18
1337684,0
1280026,0
1323007,6
1255751,7
1354177,5
1078929,1
1019057,1
1450808,2
1298458,4
1364650,4
1409575,9
1125328,7
1216882,6
1345389,4
1388295,10
1209508,9
1476668,9
1413395,15
1225315,17
1035195,6
1313839,7
1230384,9
1056205,9
1082698,15
1308392,7
1199853,17
1022140,15
1352470,16
1189345,12
1490265,14
1348230,16
1181616,3
1197754,3
1341473,1
1183839,1
1412036,0
1294587,2
1207154,12
1319547,0
1190103,0
1240755,10
1336172,8
1271870,6
1407766,0
1309964,0
1170529,0
1273445,1
1101540,2
1497398,2
1439873,0
1109486,2
1253988,5
1295721,9
1126045,5
1300636,7
1384325,6
1401376,6
1132739,8
1010460,13
1195857,23
1247979,17
1035595,16
1069260,5
1094702,7
1240856,10
1007680,15
1426661,18
1256382,7
1108013,5
1259378,3
1053053,6
1057181,5
1287446,10
1456020,0
1204510,2
1420426,17
1467938,12
1466987,8
1260987,0
1136679,0
1334365,0
1424034,4
1080646,4
1175393,4
1120564,4
1002584,24
1369039,21
1337552,8
1165405,8
1492488,5
1312853,1
1136587,2
1301621,2
1160572,2
1110622,2
1106150,25
1049172,0
1114784,5
1167505,6
1361792,25
1152503,0
1227862,0
1105779,21
1376356,27
1402031,28
1096623,0
1239656,0
1405703,0
1191021,0
1092472,24
1458592,13
1294843,0
1308629,0
1495955,0
1061848,22
1190084,0
1341158,0
1462124,0
1360840,0
1181465,10
1057569,0
1057633,0
1075114,0
1055398,5
1333295,6
1297074,0
1379038,1
1322503,19
1448129,14
1350207,0
1123031,3
1232610,0
1201589,0
1151450,0
1281317,0
1477767,0
1405278,0
1491066,0
1163517,0
1474008,5
1233979,4
1408360,8
1441467,14
1039188,10
1059972,14
1090412,10
1439582,7
1049512,22
1278377,24
1048840,23
1294224,20
1443887,6
1443342,23
1495749,20
1312759,5
1310930,4
1312840,2
1088172,12
1179491,3
1439950,9
1068923,20
1004841,3
1103936,3
1424143,2
1302670,2
1003271,5
1042443,9
1282737,0
1024017,6
1400061,11
1488713,9
1169855,11
1358064,3
1331832,1
1158324,4
1423816,7
1404581,9
1441739,0
1265839,0
1216683,5
1335875,1
1160156,0
1149327,0
1079856,0
1166586,0
1177025,0
1157387,0
1208736,0
1264561,14
1073671,0
1209675,0
1275754,0
1367936,0
1446165,20
1234429,3
1124690,0
1084106,0
1052283,7
1336838,30
1217775,0
1438573,6
1072145,5
1449639,4
1383383,0
1064086,0
1183107,19
1111109,43
1049747,23
1118719,1
1198172,1
1191230,7
1209839,7
1130885,6
1245977,17
1352817,8
1245183,20
1490092,9
1278462,11
1090267,9
1231613,18
1164334,7
1300150,20
1231259,12
1353044,3
1364881,13
1070795,11
1334338,6
1270230,8
1377631,6
1080033,4
1415642,6
1014478,8
1469693,8
1161439,0
1168002,32
1441244,2
1273528,0
1010262,0
1464628,0
1054992,25
1424027,19
1181485,0
1387632,0
1165288,12
1113019,12
1116213,19
1044947,16
1402049,10
1073679,7
1088866,11
1194180,9
1474476,8
1049402,13
1150785,0
1430351,0
1154657,8
1294881,7
1482963,1
1320236,3
1401300,3
1402219,11
1085905,17
1074853,12
1002726,18
1159511,0
1187456,0
1042038,8
1123472,17
1493200,38
1302806,2
1407912,0
1446984,0
1183152,19
1204185,25
1108978,6
1199511,23
1083409,5
1118263,6
1218876,6
1167285,3
1252700,3
1445581,2
1127512,3
1085656,3
1321845,0
1455472,0
1027884,0
1394720,0
1074634,0
1308475,0
1139202,0
1049629,1
1495048,5
1255867,5
1063225,3
1274489,20
1155113,25
1012556,6
1136132,4
1057620,1
1367681,0
1127237,3
1123531,7
1087129,12
1337331,4
1255536,10
1025123,0
1492236,0
1168750,1
1186584,10
1456847,10
1075416,5
1372842,5
1240169,4
1014713,3
1345243,3
1227735,4
1088888,4
1333761,2
1158242,9
1081099,23
1242607,16
1495219,21
1401482,19
1318810,9
1400541,15
1024895,17
1046431,16
1068378,17
1431933,19
1271591,0
1421944,0
1184062,12
1057805,10
1076888,6
1181549,0
1211353,0
1201369,0
1041442,0
1080016,0
1194305,3
1215404,8
1373267,8
1317965,5
1102462,9
1228578,8
1450338,3
1140085,3
1353087,7
1399873,8
1199864,7
1427938,12
1040108,11
1232520,5
1140444,15
1491788,15
1017798,17
1078602,20
1432281,19
1474925,3
1487930,3
1062946,2
1250578,7
1251241,1
1054675,7
1430035,7
1320248,0
1384763,0
1373622,20
1226738,6
1329412,9
1475103,0
1222607,0
1202378,0
1191895,2
1446321,5
1116078,0
1438279,4
1260468,9
1307543,12
1412237,7
1008257,7
1287575,7
1187973,11
1432844,15
1041119,13
1308270,11
1365491,11
1355275,10
1152106,12
1099823,11
1054861,0
1000718,0
1184753,0
1086068,0
1128378,0
1195583,0
1497882,0
1104126,0
1317079,0
1282758,0
1155200,30
1324217,19
1473072,3
1343671,3
1026843,0
1125834,14
1189808,13
1441262,11
1055391,10
1296574,31
1448485,0
1075573,5
1349629,24
1024221,33
1209177,32
1043846,0
1187193,0
1401517,0
1451717,0
1137204,14
1394137,0
1293060,0
1084654,0
1235655,0
1198297,3
1356764,0
1146613,0
1337790,0
1005714,0
1047886,0
1490612,0
1248990,0
1106562,0
1197378,0
1296853,7
1402753,2
1425375,2
1028038,2
1345814,26
1498239,18
1440240,0
1313487,2
1172976,0
1173479,2
1108099,0
1140422,0
1476136,0
1183601,0
1392652,0
1281225,0
1076397,0
1455589,10
1427470,0
1378157,0
1249463,7
1159521,6
1007336,2
1492890,1
1416727,2
1274743,3
1060770,6
1304904,1
1420681,6
1046677,16
1331432,15
1392564,14
1007301,11
1087412,0
1070032,26
1307443,18
1141999,0
1409598,0
1279045,0
1423195,9
1488981,12
1133119,10
1452440,10
1132502,6
1407149,13
1282673,20
1268753,0
1284746,0
1005070,1
1019974,3
1309173,1
1480639,0
1446457,0
1362996,5
1090500,1
1304163,0
1078416,1
1059592,2
1162316,0
1158244,1
1366358,3
1314753,3
1286080,0
1335910,0
1006041,5
1249283,0
1461362,0
1015427,8
1358416,11
1020212,11
1248147,7
1378174,0
1215064,0
1442250,0
1075519,0
1182344,0
1160732,0
1334546,0
1166553,0
1450602,0
1267841,0
1253078,0
1102244,6
1189123,30
1003545,0
1304674,0
1428307,0
1142838,17
1350187,0
1074022,0
1431871,0
1437490,0
1466259,11
1253695,12
1286044,12
1283002,17
1382675,0
1272292,0
1480386,0
1365169,0
1384166,0
1497042,0
1363181,6
1294124,28
1009747,28
1283339,3
1267181,2
1332082,0
1315779,0
1265919,0
1130549,0
1468217,2
1117415,6
1177808,1
1020966,0
1210680,1
1007010,5
1426974,2
1167015,10
1208134,0
1088146,0
1384893,0
1295493,9
1237768,10
1025533,7
1473799,7
1178769,0
1386312,3
1129935,2
1441314,0
1154339,0
1308805,0
1094696,0
1268433,0
1357317,4
1068361,4
1281581,0
1112950,0
1394268,0
1356848,0
1115980,0
1215913,0
1260394,29
1236784,11
1131319,0
1207117,0
1470747,0
1410454,1
1329627,9
1053569,3
1098179,6
1489281,0
1230739,0
1117763,0
1016076,8
1020937,8
1018712,0
1045845,0
1329309,0
1161877,2
1226026,3
1492109,11
1040086,7
1412950,6
1340735,7
1233208,7
1151954,0
1288009,0
1273694,3
1488686,1
1193844,0
1257412,1
1015655,0
1316041,21
1296576,25
1400039,6
1194635,0
1313348,6
1119000,5
1027462,19
1371466,10
1134961,16
1485722,0
1143142,0
1272200,2
1387344,5
1138217,26
1325439,0
1072277,0
1314839,0
1443394,18
1371303,27
1110848,2
1205741,1
1442808,1
1323796,18
1032128,0
1467255,2
1132370,1
1087561,2
1123735,0
1319373,3
1494589,15
1395269,0
1319608,0
1414354,5
1120550,17
1168667,17
1039323,9
1174079,9
1138894,0
1332326,0
1443795,0
1269616,0
1432258,0
1147987,0
1295928,0
1287051,0
1158914,2
1361913,16
1136100,26
1395576,23
1125717,1
1185462,0
1494897,1
1135110,0
1269099,0
1313849,0
1120599,0
1180650,0
1092730,0
1411549,0
1202252,0
1323841,5
1102250,9
1340912,0
1150418,2
1225337,0
1168528,0
1043153,0
1456419,6
1243421,18
1010145,13
1018571,14
1069802,4
1401957,5
1404213,6
1316048,4
1158712,4
1479461,9
1208718,15
1185405,7
1198952,17
1474845,0
1157526,28
1148769,34
1070034,1
1140349,5
1137134,0
1410300,4
1101704,0
1294776,0
1027926,0
1420629,0
1104909,1
1287283,0
1261591,3
1478055,2
1275336,0
1492006,0
1373733,2
1133943,0
1134075,0
1252216,5
1365824,4
1422465,9
1066872,9
1335313,1
1474073,7
1164921,8
1348022,4
1253188,14
1018552,14
1346530,38
1339297,16
1220358,1
1301699,1
1406291,0
1467067,0
1025513,0
1312658,2
1465977,2
1276636,0
1322947,1
1443723,0
1088449,0
1038747,8
1074323,23
1425596,1
1365619,0
1343273,0
1162807,5
1212269,0
1132139,0
1132973,0
1318675,0
1121665,0
1157481,2
1127473,5
1171397,10
1057180,6
1147842,6
1152981,0
1355233,0
1151463,13
1002763,12
1354095,2
1392836,0
1283010,0
1394082,0
1094935,8
1151706,8
1200731,1
1141438,0
1399751,7
1108673,8
1273336,9
1238435,5
1295267,5
1459297,4
1018011,6
1159162,13
1278056,0
1023979,0
1226314,0
1071038,0
1373670,0
1056884,0
1362578,0
1094443,0
1389248,0
1243448,0
1413481,2
1360278,0
1378063,18
1166004,19
1418240,3
1484087,7
1040229,7
1300041,8
1316313,0
1308796,16
1139258,28
1493273,19
1296204,13
1184448,0
1102185,0
1015283,11
1335904,21
1132706,26
1247498,0
1111828,12
1050509,6
1225960,1
1127936,25
1066415,0
1358786,0
1090286,0
1161679,9
1432350,14
1374582,0
1185511,0
1386250,1
1008427,15
1172238,4
1019043,2
1103612,4
1393402,3
1232866,12
1021932,12
1295018,0
1114607,0
1359954,6
1019313,0
1059851,6
1476929,0
1410152,0
1220929,4
1319121,13
1236073,5
1309919,0
1274531,10
1327243,4
1077904,4
1296259,20
1244754,7
1455282,2
1496731,2
1197177,6
1324344,0
1280829,0
1343500,0
1132022,0
1259861,0
1231386,0
1372949,6
1095880,5
1321490,4
1015489,7
1080169,0
1397944,2
1198786,4
1264775,1
1384255,2
1421779,2
1185691,0
1434682,7
1354008,12
1408531,15
1466423,12
1356737,15
1189941,16
1088646,10
1392976,9
1303529,16
1280402,0
1233708,0
1482059,2
1493098,0
1347717,0
1408089,0
1444918,0
1433357,0
1339315,17
1384499,15
1121169,10
1441170,16
1084363,16
1283429,13
1279398,13
1259805,14
1083814,10
1489761,11
1207479,15
1100808,14
1078039,0
1409480,1
1375526,23
1475219,24
1065416,4
1133414,1
1203590,1
1454122,2
1300661,3
1307899,4
1051496,0
1029671,0
1319750,0
1130635,0
1281671,0
1116333,0
1312450,0
1001732,0
1452847,1
1341886,1
1224175,9
1223150,16
1060365,14
1055160,15
1435103,3
1159771,2
1388818,0
1058809,3
1343550,6
1039843,3
1092200,0
1495200,0
1046120,0
1001638,0
1192455,4
1405377,14
1041927,0
1189301,0
1340940,4
1461400,4
1326313,0
1276735,0
1163652,0
1417376,0
1122299,0
1008743,0
1032920,0
1138081,1
1318665,5
1372995,4
1143198,0
1044391,0
1106036,0
1312310,0
1259739,0
1144461,0
1309137,0
1237369,0
1302878,0
1082810,0
1483907,0
1367832,21
1070518,0
1392636,0
1023524,0
1462648,0
1229441,13
1423953,0
1114245,0
1306638,0
1308439,2
1295096,2
1439811,0
1306205,2
1299332,6
1352223,13
1479831,8
1339805,6
1243256,19
1138267,14
1335166,10
1250508,11
1475951,5
1342720,0
1306068,7
1398609,25
1356536,28
1273131,0
1427047,3
1228987,4
1117910,3
1325084,8
1146767,3
1199571,2
1266900,25
1164756,14
1180117,14
1233241,16
1054223,13
1289081,14
1250107,10
1280555,8
1292298,9
1083856,11
1361332,12
1299828,14
1195665,13
1164822,4
1420293,5
1341606,3
1037322,5
1345040,6
1114649,0
1136853,6
1494238,1
1405723,6
1470269,2
1264350,19
1169852,185
1392031,97
1140763,40
1359423,45
1145373,12
1381586,14
1486989,7
1061075,9
1018684,19
1415482,0
1122374,5
1092204,6
1388240,4
1204116,0
1055426,2
1481106,1
1086401,8
1045123,9
1319982,0
1206301,0
1476808,0
1074527,0
1297918,7
1116946,0
1326550,0
1354092,0
1175470,7
1352189,4
1233536,0
1441005,21
1380607,0
1247012,0
1458093,0
1126592,0
1025339,17
1024722,0
1216193,0
1011181,0
1121765,43
1154015,21
1193249,38
1025216,26
1487129,11
1132636,6
1011414,4
1368489,4
1369233,11
1458746,7
1381318,0
1179843,16
1019442,8
1247604,5
1331326,8
1201206,8
1186649,4
1158671,4
1226279,9
1353248,2
1407293,16
1281098,9
1078058,17
1394187,21
1348427,10
1186575,10
1363247,11
1297230,0
1167634,40
1053043,29
1423915,37
1055545,55
1114758,6
1318987,0
1397343,0
1370186,5
1472161,34
1276697,5
1336467,11
1203758,6
1172892,27
1037310,10
1251864,7
1045336,5
1186000,5
1070140,4
1434891,9
1392770,15
1444603,0
1067990,4
1293324,0
1358355,9
1216349,10
1274362,7
1029262,7
1318994,0
1363865,0
1033638,0
1101622,0
1191317,0
1404911,0
1131961,0
1243385,0
1060454,6
1343387,6
1121979,0
1403567,32
1487459,29
1017917,5
1062761,4
1468345,4
1393161,4
1059386,4
1499860,4
1396041,0
1283359,0
1118053,0
1017722,0
1312573,0
1430516,0
1314619,0
1140198,0
1454863,2
1388620,3
1346863,12
1201289,10
1183310,6
1364257,5
1143199,5
1278126,5
1458264,5
1380871,5
1273251,14
1431518,9
1230572,14
1062492,13
1497120,13
1030045,12
1261209,13
1132637,9
1188748,15
1458080,0
1453206,0
1199568,8
1248799,2
1039738,4
1201156,2
1474243,4
1017840,12
1048357,18
1398873,17
1036027,0
1083550,0
1250165,0
1290283,0
1051440,0
1228552,0
1487438,0
1427474,0
1158915,4
1059423,0
1395026,0
1078445,0
1296395,0
1419507,0
1136027,0
1219400,0
1327846,0
1203267,4
1346275,2
1189866,0
1313319,3
1146335,0
1359932,4
1070174,0
1267950,0
1426151,2
1132474,0
1151371,0
1332269,5
1274328,3
1198368,1
1194111,8
1278568,8
1413620,13
1226250,12
1151079,14
1196663,18
1124985,16
1265526,16
1171114,7
1180389,0
1377809,0
1419087,0
1497642,0
1427519,0
1419847,0
1429378,0
1366456,9
1051466,1
1437244,0
1369746,0
1191177,0
1359579,0
1008422,0
1361514,0
1083765,0
1208100,0
1103916,0
1268975,0
1386877,0
1023579,0
1311954,0
1488452,0
1274486,0
1473937,0
1191349,0
1227321,0
1197558,0
1230982,2
1173627,3
1259982,0
1060557,26
1365049,27
1386676,16
1021036,11
1391925,0
1333552,0
1303490,0
1410175,7
1053503,11
1163661,0
1248345,0
1027074,0
1105101,0
1428483,0
1305049,0
1252301,0
1392558,0
1321571,8
1226420,8
1088812,0
1142629,0
1320284,2
1178821,0
1470043,0
1120815,0
1484461,0
1284339,0
1162814,0
1003890,0
1016178,6
1453325,10
1411725,27
1168060,25
1303062,5
1061634,5
1062614,2
1060096,4
1289801,5
1265042,5
1155844,1
1467304,2
1344265,0
1229723,1
1045622,1
1189950,1
1262458,3
1449096,4
1172065,3
1044476,2
1144948,3
1105663,0
1292184,0
1409156,0
1219848,0
1446882,0
1130658,0
1117216,7
1180146,32
1123723,31
1092214,0
1193244,0
1473093,1
1015778,0
1353466,22
1449756,0
1113140,0
1365891,0
1331579,0
1234776,2
1217244,0
1236590,0
1312208,0
1054258,0
1020243,0
1464033,0
1362544,0
1365100,0
1147950,0
1326431,0
1323979,0
1126741,6
1152714,7
1243749,6
1239508,16
1175845,14
1284532,1
1151282,4
1084295,4
1498639,5
1406743,0
1038286,0
1221279,0
1322887,0
1215429,0
1388757,0
1459085,0
1472642,9
1207215,0
1422972,0
1351470,1
1432777,3
1441916,2
1322235,0
1024988,2
1440966,2
1041786,1
1457838,0
1458507,11
1436526,11
1046795,7
1157453,3
1157467,8
1250220,10
1253502,16
1449527,14
1215320,19
1323683,21
1487270,2
1201241,0
1181074,16
1216318,15
1016515,2
1175256,4
1109308,3
1155018,3
1055106,2
1330159,3
1100362,0
1323732,0
1297694,0
1482935,0
1453370,0
1217703,0
1349362,0
1498376,0
1247371,5
1389523,4
1434827,4
1487985,12
1202772,8
1436244,20
1326422,5
1219713,7
1389801,2
1061995,3
1385517,3
1250239,4
1023444,0
1462006,0
1238059,1
1313063,1
1487782,10
1489141,0
1244156,0
1197199,0
1347013,6
1222394,4
1344049,14
1139130,0
1136868,0
1135794,0
1269572,0
1287268,0
1312626,1
1349215,3
1424470,0
1465908,0
1433007,0
1348099,0
1248768,0
1348933,0
1473910,0
1081562,0
1413965,0
1404408,0
1154217,0
1230706,3
1496234,0
1080295,0
1410013,0
1492218,0
1142595,0
1341806,0
1270406,0
1449841,0
1407648,0
1123096,2
1444293,5
1130663,5
1442756,0
1260453,10
1349171,13
1094765,14
1477758,7
1435423,0
1135179,0
1178848,0
1311551,0
1188755,0
1126623,0
1225608,17
1061139,25
1265832,30
1422855,0
1492002,0
1025759,0
1014641,0
1380163,0
1405883,0
1441114,0
1322295,0
1271703,2
1126947,4
1233869,0
1478615,10
1081273,9
1452584,0
1082717,3
1009386,10
1251805,9
1390565,9
1301315,17
1033019,17
1173361,3
1400135,1
1489440,3
1278953,2
1463175,2
1471485,2
1020768,0
1152664,2
1324280,9
1099632,0
1112056,0
1225810,3
1182550,0
1046330,12
1011226,0
1253903,0
1182041,0
1389945,6
1363040,5
1144372,0
1244397,15
1192419,0
1423648,0
1211910,0
1027316,0
1221224,0
1030268,0
1018816,0
1290329,0
1466568,3
1429643,7
1301120,0
1377778,3
1271409,1
1168372,0
1469059,0
1067430,0
1155421,16
1136593,18
1412025,0
1287019,8
1396176,0
1331977,0
1017414,2
1043534,1
1443689,0
1347861,4
1080052,3
1117513,1
1428659,1
1236742,0
1359593,10
1430032,10
1101512,0
1221917,1
1450030,2
1311807,4
1380508,3
1059445,4
1110999,3
1133144,19
1173000,20
1422208,0
1324958,0
1254383,2
1160460,2
1285982,0
1434894,28
1478111,0
1208714,0
1257730,0
1204027,39
1234660,20
1379557,3
1206972,9
1036821,11
1281479,19
1086556,0
1249198,6
1273640,6
1154247,7
1039516,9
1086615,15
1074491,7
1331967,7
1247169,1
1314566,9
1207802,4
1217120,4
1085153,3
1096124,11
1324643,0
1348063,0
1215254,0
1163471,0
1343129,0
1323659,2
1341726,5
1084459,0
1318775,4
1256838,8
1137669,21
1276624,15
1439602,1
1243108,0
1160233,3
1289462,3
1070377,3
1140632,0
1120911,0
1080511,0
1005706,0
1252996,0
1068406,0
1132811,0
1036698,0
1142085,10
1291286,9
1355770,4
1063009,4
1374169,2
1210839,2
1429939,2
1370140,2
1470437,0
1472579,2
1451674,9
1462767,9
1426126,9
1436356,14
1252819,8
1026971,12
1149602,18
1324150,16
1265505,13
1415266,16
1194917,20
1205287,12
1216607,0
1347976,0
1468668,0
1351362,0
1210795,0
1211587,0
1110361,0
1498310,0
1405934,0
1444235,0
1413454,7
1045716,2
1353423,3
1154956,3
1019221,4
1230883,4
1329315,3
1090421,2
1218834,3
1207249,0
1096870,0
1396409,0
1037656,1
1014037,0
1432248,3
1454232,0
1432921,0
1499865,0
1491511,6
1141545,6
1395659,16
1006261,9
1357284,12
1397297,12
1084335,6
1099952,9
1490160,14
1498026,21
1354418,15
1174084,17
1031835,0
1124713,0
1231192,0
1430845,0
1372144,0
1167420,0
1437265,0
1400908,0
1032713,3
1414921,2
1138409,0
1074677,0
1249229,0
1034893,0
1236619,0
1073611,0
1398971,0
1191159,0
1179404,0
1158107,0
1170010,0
1063594,0
1276959,0
1079134,0
1249813,0
1282607,0
1216484,0
1083050,1
1126864,5
1304998,3
1254131,0
1288768,0
1236684,0
1159256,0
1046393,1
1144740,0
1387143,0
1376447,0
1090955,15
1367945,14
1062966,11
1215173,2
1423125,2
1304852,9
1021724,9
1093088,9
1200538,10
1489037,14
1008838,13
1169203,12
1050959,0
1428574,0
1434386,0
1381322,0
1052185,0
1024283,0
1247559,0
1012208,0
1047132,0
1111480,0
1020431,28
1226209,14
1448463,0
1265029,0
1371818,0
1001148,3
1362812,28
1239762,5
1254062,23
1040412,8
1107366,5
1372047,0
1386015,0
1015227,15
1268228,39
1369293,27
1057989,0
1094537,0
1264303,0
1379614,0
1333333,0
1476899,0
1186550,0
1030934,0
1262550,0
1352451,20
1427314,0
1151744,0
1013929,0
1302552,0
1026832,0
1427606,0
1339299,0
1074211,0
1319989,0
1209709,4
1102908,3
1421244,5
1435074,5
1497104,5
1013820,20
1405691,14
1030857,1
1448901,1
1296889,3
1362892,5
1177846,0
1216716,0
1485789,6
1000405,4
1377293,7
1149679,0
1357633,0
1069951,0
1394657,2
1342487,3
1103781,0
1260990,3
1186075,8
1420628,7
1033678,1
1159897,8
1055147,11
1058034,15
1437001,15
1237714,9
1464379,11
1312387,17
1185155,3
1116803,4
1168006,16
1174164,22
1026794,0
1053982,4
1318678,4
1325393,4
1250190,1
1374738,9
1248806,5
1245972,10
1002128,3
1083476,12
1449458,5
1482122,9
1214569,5
1309837,0
1340245,10
1128407,8
1003796,7
1251253,7
1252353,21
1291714,3
1080543,2
1469694,2
1233157,2
1474573,3
1219309,0
1004249,0
1294600,2
1361715,0
1429336,0
1077780,1
1270581,2
1450900,2
1059120,0
1378120,4
1121365,6
1057980,0
1252149,0
1106978,0
1083553,0
1486382,0
1160547,0
1052664,0
1221494,0
1029101,0
1034243,0
1474190,0
1210832,15
1384764,0
1464581,0
1449113,0
1221115,0
1213496,9
1232809,0
1187479,0
1388369,0
1495776,8
1168775,7
1355384,8
1017536,8
1033467,8
1087374,8
1344569,18
1059351,0
1332121,0
1256130,24
1288076,0
1470264,0
1187374,12
1247292,33
1352064,40
1026735,37
1474051,2
1164344,3
1253909,2
1313512,1
1187666,0
1000831,0
1361966,1
1228440,5
1222358,4
1259767,7
1083024,0
1027186,0
1226206,4
1193020,0
1208269,12
1441531,0
1201640,0
1412072,6
1063733,20
1196516,9
1481613,0
1404146,4
1037597,2
1303077,1
1400354,0
1460258,3
1258158,14
1391288,14
1259464,8
1022162,4
1043840,1
1339738,0
1384661,8
1209720,18
1455897,15
1127451,2
1363426,2
1217809,4
1309141,6
1195458,0
1344468,23
1109661,0
1022560,0
1019323,0
1146209,0
1378286,23
1356402,5
1499223,0
1276621,0
1496726,0
1040688,0
1359566,7
1322847,5
1419205,8
1376392,2
1471555,1
1157631,13
1446675,10
1171196,10
1281533,4
1093990,4
1209374,5
1421623,0
1251384,3
1051395,5
1139627,14
1180107,8
1325722,9
1118152,9
1330397,9
1361124,12
1178707,8
1413986,6
1241852,3
1283593,20
1238865,3
1028109,11
1183910,4
1180242,0
1118832,0
1173239,0
1418951,1
1029810,39
1463479,0
1196208,0
1369533,3
1267353,40
1120902,23
1204473,3
1363790,5
1089488,6
1321307,29
1209154,0
1276722,1
1042434,1
1272062,3
1408207,0
1139545,12
1370338,4
1441728,4
1250654,8
1383155,10
1063345,10
1447665,0
1312133,0
1173106,0
1272624,0
1327619,0
1434019,0
1111401,0
1455666,0
1393896,3
1078164,2
1090469,0
1127551,20
1130340,19
1071794,7
1343891,7
1029979,8
1494201,4
1110232,5
1191425,2
1083831,3
1114637,1
1444450,5
1002579,7
1136776,9
1227062,10
1253118,6
1333423,11
1060388,6
1167613,6
1056566,1
1304142,2
1058319,3
1093672,2
1305060,2
1022178,2
1267082,0
1222568,6
1315683,10
1122220,9
1374913,13
1443718,9
1402391,8
1172117,7
1460512,15
1057481,11
1435184,15
1154591,0
1029511,0
1122897,0
1327188,0
1058238,0
1241404,0
1004561,0
1293729,0
1454012,0
1251881,0
1494214,0
1447416,1
1295580,2
1062579,11
1326138,7
1454801,6
1251730,7
1495918,7
1165001,0
1215402,0
1367986,0
1173733,0
1195787,1
1013331,0
1224522,0
1478189,0
1287261,5
1100902,5
1474455,11
1264948,9
1485074,0
1489039,12
1348732,14
1105602,8
1007891,19
1077300,19
1329141,17
1259803,23
1360415,6
1127043,0
1059133,0
1204248,0
1217680,1
1167403,1
1427762,0
1055201,0
1486591,3
1011382,4
1310544,0
1408249,0
1442686,0
1004124,0
1028308,0
1185785,0
1481414,0
1185694,0
1075073,0
1230994,0
1379639,0
1131581,0
1156328,3
1245306,0
1471389,0
1364328,0
1436549,3
1463916,4
1390277,0
1107277,7
1357918,0
1447229,0
1005089,9
1251525,0
1446516,6
1364017,0
1451683,0
1029269,0
1140303,10
1295180,10
1152177,21
1017399,10
1145891,15
1413242,13
1397636,13
1273228,10
1106083,15
1455436,12
1210472,14
1179024,18
1233530,0
1497414,0
1070634,0
1207686,0
1237150,0
1110076,0
1154847,0
1461549,0
1154617,0
1084175,0
1186995,24
1210151,0
1381179,0
1461982,0
1427117,0
1119080,0
1086505,0
1494879,12
1173357,32
1272563,19
1304421,0
1121467,0
1262305,21
1247788,12
1015891,9
1309128,17
1005399,0
1006498,0
1435652,15
1299727,2
1194476,0
1212725,0
1190444,0
1254939,0
1111305,0
1331353,0
1022768,0
1380047,0
1488338,12
1152614,9
1096268,0
1474006,4
1325326,5
1383158,2
1161026,17
1447296,14
1150094,0
1246960,3
1495161,4
1356515,0
1292414,0
1486912,0
1112470,1
1398419,0
1308975,0
1342069,0
1451824,0
1460152,0
1498359,11
1163148,2
1013434,3
1156755,4
1482906,2
1242262,2
1231518,1
1218599,1
1414865,1
1001701,2
1469466,9
1424863,13
1380652,7
1000734,15
1005335,12
1404053,8
1446011,10
1171263,10
1116171,12
1312433,24
1338621,16
1465064,3
1449755,0
1386365,16
1024030,18
1046592,2
1152096,5
1421359,5
1316044,5
1181013,3
1070137,3
1146852,0
1295497,0
1371269,0
1295314,0
1151009,0
1338515,0
1285058,0
1281399,0
1343836,2
1140896,2
1008749,1
1489542,4
1392767,1
1089465,3
1260208,4
1415229,3
1481494,1
1103454,2
1098157,4
1130726,4
1225453,0
1369168,0
1103558,0
1211285,0
1139460,10
1215932,0
1126306,0
1339455,0
1071891,6
1161712,3
1026497,0
1086610,0
1321124,0
1310618,0
1361581,0
1465472,0
1217409,0
1044635,0
1291482,5
1436060,5
1314539,0
1047310,0
1285948,0
1435237,0
1016992,0
1149757,0
1193059,0
1083302,0
1476967,0
1192208,0
1419882,16
1404698,57
1445592,39
1051753,14
1437653,25
1016753,10
1061979,41
1166878,0
1077710,3
1151813,1
1331608,0
1040462,1
1491082,0
1380987,1
1238332,6
1343421,13
1455377,8
1401181,23
1098169,0
1414810,0
1036855,0
1103761,0
1042253,0
1235632,0
1045651,14
1411635,21
1323063,19
1443157,0
1330934,0
1316177,0
1278699,0
1238056,0
1129006,0
1407025,0
1221491,0
1480631,2
1492689,0
1117594,0
1486028,5
1135738,9
1222614,0
1406377,0
1244061,0
1003197,0
1289790,0
1036601,19
1050954,18
1094126,1
1270770,2
1382259,0
1349385,1
1329858,4
1168409,6
1183464,9
1372710,9
1070786,9
1180446,9
1152619,0
1339008,10
1094930,10
1372645,2
1458283,11
1363817,0
1425272,0
1331011,0
1213126,6
1022307,4
1193613,0
1194956,76
1267495,24
1057705,0
1428544,0
1242885,0
1075410,18
1261158,0
1311456,0
1068712,0
1246456,0
1213389,0
1011038,0
1403857,0
1377782,0
1354740,0
1195560,0
1000845,0
1188391,13
1310969,15
1349423,3
1072222,8
1474968,11
1286832,2
1206362,0
1206240,0
1240574,0
1046701,1
1316364,6
1201456,4
1393626,5
1033993,2
1252764,4
1397241,3
1266837,2
1367769,3
1234359,1
1047082,9
1058253,8
1120533,9
1243607,24
1444377,16
1399251,7
1211270,21
1389781,28
1041281,3
1499053,5
1034495,3
1411800,1
1339180,0
1026340,27
1426674,17
1178617,20
1384129,10
1094924,39
1473719,0
1086535,0
1319044,0
1082944,17
1416679,23
1383333,10
1442804,8
1019682,7
1142103,22
1456298,5
1198846,4
1355892,4
1354917,2
1419588,2
1470635,7
1311030,12
1098457,9
1347629,1
1024016,10
1020196,7
1349568,3
1296974,3
1384332,2
1112022,2
1063805,0
1169301,0
1236391,0
1487226,0
1043032,0
1052339,0
1319985,0
1118019,4
1065364,0
1280176,0
1197882,0
1336558,4
1304381,20
1364534,20
1382408,0
1486487,4
1227369,4
1417012,4
1332262,2
1207324,3
1471695,0
1379662,5
1068011,11
1332593,1
1145163,7
1418885,0
1486990,0
1094413,0
1067435,8
1171175,10
1170587,9
1009387,6
1471282,6
1446802,2
1318609,5
1219191,3
1256714,4
1426027,2
1114280,3
1233775,1
1384107,0
1055966,0
1137846,0
1138651,1
1475804,0
1437784,0
1233590,0
1175552,7
1457208,17
1306640,17
1492548,0
1499518,0
1300407,20
1204844,4
1495928,13
1143934,5
1235352,7
1068392,7
1433681,14
1162384,16
1440330,3
1416370,0
1358159,0
1341131,0
1050479,0
1120227,0
1296492,2
1271141,4
1178189,1
1100128,0
1117429,0
1338037,0
1362739,0
1340320,6
1117884,0
1250167,0
1284344,0
1462931,5
1257974,3
1078594,10
1177300,5
1440074,6
1381202,8
1121088,13
1472538,13
1008764,12
1095641,11
1270236,16
1487114,30
1413653,0
1456294,0
1493346,0
1253423,0
1464461,0
1258298,0
1490920,0
1064573,0
1082240,1
1256806,0
1054024,0
1332189,0
1457769,19
1398069,3
1433872,3
1149035,0
1163601,0
1181945,0
1082740,16
1389913,19
1465517,0
1495193,0
1002309,0
1472784,0
1473380,0
1010982,0
1221848,0
1445942,0
1145830,0
1139043,0
1158925,0
1275715,9
1350790,22
1391141,0
1235746,6
1386957,0
1124751,0
1340094,0
1091113,2
1152565,2
1450571,0
1419513,0
1328548,0
1253135,0
1354514,0
1310755,0
1469390,0
1479042,0
1204703,10
1096925,10
1177199,0
1052133,0
1130890,2
1379400,0
1003688,0
1400232,0
1487971,0
1123740,0
1495516,0
1055893,0
1204356,0
1369059,5
1351937,28
1004040,25
1399111,5
1418848,7
1245910,4
1335062,3
1323447,5
1154097,3
1243434,0
1440438,0
1477230,0
1041606,0
1079764,0
1322204,0
1388371,0
1191040,0
1345720,6
1226984,5
1103552,5
1095975,0
1396135,0
1361416,0
1028341,0
1176218,0
1044843,2
1244513,16
1075589,25
1165362,25
1454684,0
1445429,0
1442692,7
1320541,0
1477747,0
1038111,8
1423052,0
1326454,0
1405676,0
1114439,0
1054413,0
1060287,0
1053202,0
1107001,0
1260188,0
1389884,0
1011812,0
1035060,0
1225651,0
1269716,0
1423243,0
1056176,4
1086057,7
1181477,6
1096384,15
1261427,9
1126466,0
1251550,1
1344627,3
1240320,5
1100592,0
1151563,0
1072177,0
1157690,0
1067421,0
1049469,0
1177757,0
1121323,0
1259921,0
1270504,0
1148734,4
1484172,1
1415096,1
1477460,0
1307102,1
1033661,5
1254297,5
1169748,0
1351915,10
1287757,9
1246353,7
1161031,1
1492892,8
1231162,0
1069357,9
1237460,28
1154573,16
1252295,15
1441237,0
1310322,3
1341706,18
1199338,20
1402927,2
1059264,1
1056575,3
1226667,4
1184350,3
1116990,4
1068099,6
1380215,1
1147717,2
1336774,1
1300589,4
1151202,4
1092291,1
1158536,0
1048271,0
1321815,0
1341469,11
1074570,13
1183904,14
1161695,19
1427233,4
1019963,9
1064759,3
1260965,2
1489804,3
1499105,3
1138163,0
1275435,0
1242346,0
1303020,0
1390581,0
1467768,0
1497257,0
1458496,0
1331663,4
1337395,3
1098324,0
1473216,0
1288843,0
1336958,0
1374798,0
1285831,0
1157343,0
1055864,0
1149140,6
1375688,5
1005415,0
1254165,0
1287323,0
1197742,0
1098491,0
1064484,0
1316610,0
1295783,0
1310563,0
1264587,0
1023439,0
1079927,14
1096318,7
1182017,0
1450646,0
1294005,0
1307672,14
1056291,0
1041967,0
1161052,0
1115378,2
1126975,2
1425062,1
1421083,0
1430111,1
1310837,4
1323552,4
1449312,7
1303502,2
1390650,0
1149555,0
1214070,0
1142508,0
1221143,0
1391855,2
1295014,12
1077590,21
1306567,18
1130901,0
1360630,0
1461640,0
1439173,0
1247601,0
1473103,0
1072711,0
1016474,0
1496045,1
1293797,0
1497941,0
1278537,2
1355035,7
1143583,0
1020166,0
1406416,0
1203123,0
1480428,0
1420069,13
1125502,14
1024935,0
1289109,0
1459553,5
1134348,10
1111393,0
1355898,0
1130917,0
1149958,0
1036356,1
1455529,0
1491854,0
1234170,0
1391597,5
1183080,3
1402530,0
1102476,41
1498269,8
1428840,4
1336198,0
1225617,0
1133951,12
1325664,0
1172045,0
1381124,0
1405281,0
1140630,0
1179175,0
1328240,0
1148498,0
1444150,0
1184976,0
1455643,0
1054872,14
1465520,13
1128843,0
1315539,1
1242462,0
1350802,0
1096746,0
1129487,0
1183500,0
1041769,0
1239451,6
1217436,5
1358603,9
1457940,2
1049890,3
1328556,2
1349869,2
1061284,1
1009353,3
1431845,0
1422420,1
1413250,8
1297493,8
1006600,13
1024745,26
1401938,9
1015892,24
1168659,20
1467272,3
1372762,9
1070911,21
1162490,13
1062386,18
1058455,1
1038618,4
1012910,2
1273816,36
1015970,0
1133607,0
1462127,0
1005260,36
1178206,23
1099372,10
1151684,18
1062706,7
1000462,23
1113146,3
1286451,8
1209288,3
1071743,3
1406565,1
1303623,1
1101312,13
1274220,1
1046363,3
1124945,0
1163384,7
1453188,10
1039477,3
1110194,2
1173932,2
1317154,9
1265971,0
1376692,0
1025739,0
1490685,0
1233592,0
1242586,0
1417742,0
1085830,0
1125663,0
1277434,0
1073593,4
1069567,3
1337776,32
1412396,24
1155177,3
1187206,5
1028786,3
1397179,2
1309690,1
1024218,2
1070732,3
1223304,6
1107079,12
1454774,7
1040018,0
1141787,0
1085213,0
1061709,0
1097923,4
1388988,6
1407946,8
1130479,6
1019957,2
1131530,0
1332626,2
1178951,2
1025702,0
1026610,0
1112746,1
1184133,0
1460544,0
1232535,0
1479916,0
1115572,0
1494124,0
1283670,0
1285656,8
1399178,14
1113406,18
1190768,0
1251345,0
1280927,17
1343610,2
1154445,12
1403823,4
1311885,6
1339877,11
1418984,15
1300135,15
1200592,0
1260242,0
1395800,0
1453905,0
1443736,0
1464242,0
1048256,0
1160937,0
1349435,0
1174466,2
1089398,0
1087733,0
1234773,2
1359835,0
1148989,0
1365592,0
1309184,0
1378698,0
1386797,5
1330452,2
1351826,17
1277872,7
1314199,10
1019082,7
1370963,8
1286139,7
1456597,18
1432834,26
1104820,20
1139260,11
1337305,0
1130316,0
1040709,0
1158635,0
1431499,0
1084752,0
1274093,0
1342313,0
1455649,1
1114608,1
1310892,0
1199038,0
1140872,12
1295778,0
1130685,2
1196193,0
1407837,4
1209313,14
1407123,4
1362036,15
1296768,0
1434488,0
1074836,0
1470035,0
1390700,0
1044974,0
1196047,0
1000316,0
1319295,0
1022883,2
1074755,0
1265478,8
1079551,25
1284323,6
1088414,12
1059042,0
1333252,0
1385541,0
1436174,0
1207409,2
1237302,0
1302873,0
1402640,3
1101215,2
1384496,4
1020464,1
1370973,6
1140008,5
1128860,10
1321905,11
1040493,0
1266782,0
1334924,0
1100862,0
1313064,0
1102764,0
1249006,0
1353126,0
1190022,0
1299662,0
1353069,7
1012130,7
1495700,18
1298675,18
1369804,4
1034705,3
1398806,3
1187068,2
1463531,0
1305395,1
1148186,0
1289382,0
1364225,0
1492483,0
1234254,0
1322227,0
1277972,7
1416876,0
1199684,37
1169253,32
1431942,23
1124620,16
1292462,3
1157971,3
1376744,13
1346422,22
1366798,20
1339641,0
1480786,25
1418641,32
1366988,14
1056350,47
1177798,0
1295143,0
1347530,0
1468567,0
1467885,5
1313505,0
1428532,0
1177648,8
1260235,4
1023852,2
1389275,0
1312237,3
1418312,5
1341648,11
1381447,12
1029884,0
1066120,1
1369386,11
1059676,8
1429101,10
1172837,0
1158730,7
1408804,2
1179836,9
1168556,14
1309096,0
1260976,0
1333433,6
1267474,4
1128942,18
1342545,9
1021203,7
1438920,5
1073117,10
1401981,11
1497894,0
1483400,0
1187366,0
1092508,0
1105494,0
1061530,0
1192020,12
1057605,8
1287959,3
1073416,0
1126584,13
1229122,15
1005407,14
1315629,10
1271290,11
1394658,9
1046637,9
1493956,9
1391775,11
1047036,22
1033147,17
1193901,18
1354229,17
1452022,10
1310666,15
1232566,15
1483477,13
1288112,16
1117255,0
1263274,10
1039799,0
1463547,0
1078142,15
1040684,0
1171583,0
1321027,0
1269832,20
1411302,10
1352627,8
1165481,10
1215378,13
1271516,8
1163658,9
1230965,7
1365652,9
1431943,14
1144443,15
1385200,16
1240353,13
1343801,13
1140936,28
1233169,31
1140705,4
1426262,6
1467381,8
1374112,6
1275546,8
1444197,7
1458629,0
1285260,0
1241716,0
1311102,0
1141241,2
1441734,0
1225616,0
1440398,0
1184580,9
1163115,7
1346652,15
1117959,10
1491102,11
1208881,12
1115005,4
1025834,4
1002587,5
1191834,10
1266002,11
1106897,12
1372662,0
1421424,8
1200145,10
1495791,9
1442540,14
1304455,7
1398733,3
1499629,8
1333510,9
1028768,10
1395056,0
1395859,7
1446160,7
1229730,9
1064133,8
1206668,4
1033644,3
1081570,8
1245157,8
1476211,10
1394735,0
1372987,3
1026483,3
1068862,0
1279450,0
1425955,0
1186148,0
1381909,0
1431593,0
1454362,0
1065376,0
1159794,31
1094504,4
1260311,0
1011813,0
1483839,0
1402324,0
1264747,0
1125632,0
1036941,0
1140959,7
1303406,6
1315724,8
1471838,8
1387664,7
1083939,15
1498015,15
1311461,14
1252908,14
1209578,0
1109999,33
1305434,36
1027247,21
1483090,17
1202770,1
1226985,3
1376393,14
1248664,16
1266859,0
1031078,14
1050610,5
1453965,9
1376725,5
1214462,0
1439200,0
1281767,4
1133908,17
1078694,15
1476169,4
1108613,9
1355314,10
1209386,10
1295170,10
1212610,9
1329325,12
1212536,14
1432242,16
1233757,16
1359281,0
1492687,0
1478985,4
1252493,4
1111872,5
1450249,9
1342064,5
1181360,9
1207317,10
1001439,11
1259591,65
1327142,212
1249310,89
1337116,68
1426288,52
1178106,15
1112605,24
1297011,12
1015985,19
1413327,15
1418086,10
1241569,10
1384829,8
1140269,8
1334770,8
1246235,9
1482782,11
1138104,8
1288442,8
1233239,8
1296700,10
1176152,49
1490730,27
1126270,16
1482237,22
1317530,3
1235841,3
1023943,3
1210305,3
1303610,7
1392342,0
1265893,28
1300383,4
1113155,0
1113616,0
1194554,0
1412744,5
1046474,0
1250174,0
1154990,0
1167271,81
1393728,69
1109152,33
1366322,36
1101391,19
1478799,0
1215120,0
1428408,0
1100774,3
1495413,13
1328783,4
1489537,9
1359618,6
1417079,10
1292079,10
1032899,10
1278865,11
1258520,12
1062432,12
1496537,10
1066654,18
1434239,8
1252662,8
1189165,3
1158238,5
1245281,6
1080663,7
1454861,10
1049973,5
1205070,22
1127296,19
1408881,19
1299062,12
1072387,9
1089940,8
1200410,25
1169666,26
1109817,24
1300828,24
1223412,74
1040191,30
1241259,38
1111087,31
1207821,39
1399584,0
1115966,0
1198576,18
1400578,28
1245436,22
1472988,22
1439147,15
1057936,26
1413477,10
1181097,10
1353808,10
1444602,8
1402889,8
1425006,8
1485050,24
1406914,7
1368481,8
1348179,2
1418832,8
1332124,13
1087115,12
1086536,13
1064213,12
1300128,0
1175832,0
1383898,0
1178026,0
1496047,1
1132421,0
1488470,0
1463699,9
1156176,11
1182836,13
1147081,0
1434553,14
1100311,18
1018405,22
1239465,7
1129652,6
1401086,6
1381340,9
1258644,7
1443036,0
1053161,0
1153904,11
1137845,0
1357976,0
1455063,0
1032554,0
1271162,0
1255596,5
1433839,6
1421036,19
1240396,15
1052736,14
1318399,10
1198182,12
1059854,12
1445630,11
1052571,10
1366366,8
1127930,11
1420586,14
1418510,10
1098578,15
1379530,14
1116454,13
1337912,12
1097049,17
1434232,16
1201964,0
1189658,36
1059263,22
1394190,14
1236690,10
1441691,0
1334605,1
1410693,1
1107017,12
1374145,14
1045821,0
1222113,0
1217271,0
1341683,0
1009555,0
1309392,0
1315349,0
1480966,0
1225163,0
1198644,2
1208849,0
1441614,0
1248156,8
1485601,5
1312698,10
1419409,3
1122933,5
1244035,6
1008087,11
1133047,7
1226797,0
1337287,14
1352856,12
1303705,6
1194545,16
1412631,7
1175214,3
1183617,8
1121929,9
1368598,10
1185564,5
1009043,14
1177149,17
1269966,12
1296374,13
1493329,8
1012549,17
1097146,16
1069577,16
1242697,0
1087963,3
1294670,6
1111304,5
1363038,14
1313011,2
1099771,0
1199619,4
1095691,9
1101436,12
1198242,0
1184246,0
1253028,0
1330281,0
1209338,0
1161018,0
1261445,0
1353033,0
1237434,0
1102543,1
1242716,0
1249009,0
1495394,0
1274734,0
1024355,2
1103357,0
1399642,0
1345916,4
1228419,13
1169119,4
1113492,15
1366158,83
1439432,29
1053389,24
1036237,29
1283801,0
1406109,1
1097535,4
1294933,11
1149663,6
1261102,0
1151084,0
1188460,5
1013566,5
1197612,6
1279695,3
1107242,3
1078963,5
1117593,14
1270954,14
1333325,0
1347680,24
1257619,18
1325342,8
1343161,6
1298632,0
1374260,0
1043910,0
1324159,2
1196203,2
1187416,0
1327498,15
1280962,29
1145871,27
1298088,5
1416084,5
1025418,7
1112152,8
1156397,8
1200616,9
1015576,2
1462952,7
1300731,5
1057777,9
1077697,6
1083512,3
1043832,4
1073718,8
1404165,9
1383574,11
1277521,11
1170512,0
1370401,0
1452526,0
1204032,0
1122526,0
1463003,0
1025274,8
1347318,24
1321328,19
1067839,0
1483725,0
1300490,0
1496218,10
1317787,31
1283497,0
1441003,0
1386255,0
1315234,12
1191121,4
1284152,0
1466198,0
1199378,0
1397692,0
1370363,0
1400901,1
1201023,4
1164774,7
1358350,2
1204434,1
1176816,3
1422919,7
1083560,7
1468201,7
1183572,21
1039852,15
1007766,1
1454545,1
1471552,9
1270068,0
1443132,0
1097219,0
1049932,0
1323340,0
1131342,0
1380580,0
1213905,2
1471972,11
1413083,1
1449954,2
1122166,4
1238788,2
1055667,1
1409994,0
1453234,0
1257317,9
1361294,0
1379698,0
1342320,0
1328836,4
1121055,9
1080422,16
1262302,8
1123997,7
1037357,27
1388566,18
1002941,2
1488200,5
1465957,2
1173465,3
1424985,0
1249481,0
1095297,0
1128364,0
1441697,0
1091221,0
1129825,0
1400537,0
1418187,3
1000954,5
1082700,6
1187505,5
1274638,7
1425827,12
1278517,4
1396283,5
1431261,3
1068792,2
1132616,6
1200149,6
1339820,0
1438802,0
1435671,0
1484168,0
1198444,0
1492945,0
1163707,0
1243932,0
1151562,5
1186321,5
1447666,5
1306889,7
1155251,2
1413745,3
1269383,4
1057636,3
1089983,3
1234828,3
1250556,7
1420610,7
1066603,0
1255787,0
1301525,0
1273784,0
1406571,0
1127643,0
1338351,0
1301867,0
1013460,0
1239990,0
1439857,0
1214145,26
1321197,9
1206526,13
1183250,13
1350692,2
1386804,16
1153957,0
1130559,14
1164242,0
1378610,1
1235782,0
1306210,11
1240822,14
1095002,13
1079749,8
1058365,9
1294522,8
1080282,13
1079666,0
1175781,0
1001246,0
1025857,0
1432632,0
1073456,0
1181173,0
1475537,5
1123999,17
1137944,0
1104736,0
1325754,0
1329527,0
1012530,0
1299937,0
1356631,0
1464535,3
1494205,8
1478093,7
1485637,0
1214130,0
1277790,0
1014247,0
1415059,0
1107132,0
1011846,0
1036998,2
1006386,18
1412745,10
1114571,1
1484014,1
1193951,0
1467342,1
1348621,7
1203499,0
1430576,0
1341179,0
1093872,0
1414499,0
1423493,0
1477931,0
1161696,0
1428932,7
1093840,4
1022986,0
1290504,15
1370181,10
1069368,0
1440724,0
1210781,0
1291900,2
1303057,0
1357157,0
1130746,0
1039889,0
1347952,0
1129722,0
1023285,0
1330789,1
1334275,0
1183235,0
1278095,6
1161492,17
1189870,11
1423664,10
1164216,12
1493943,3
1221196,2
1473953,2
1474289,2
1319200,4
1468811,5
1465665,5
1283607,4
1141693,9
1044743,8
1231111,7
1289132,6
1050938,7
1267675,5
1482800,3
1306570,4
1453612,3
1419275,3
1229473,21
1119490,0
1083272,0
1256710,0
1146418,4
1459739,21
1020805,2
1371287,2
1461333,7
1253476,0
1302292,0
1435862,0
1174009,2
1379685,32
1482582,1
1019288,0
1413176,0
1487325,22
1180897,23
1398879,19
1021611,9
1130738,10
1459114,22
1464656,4
1093919,6
1307454,3
1293285,4
1083784,5
1185727,2
1220571,12
1473421,5
1317080,4
1193964,0
1279482,4
1089000,12
1069545,8
1189067,3
1169197,11
1356966,0
1417092,0
1437968,0
1001749,0
1059349,0
1292411,1
1350514,1
1326021,0
1253272,0
1154525,0
1453346,36
1040282,31
1238900,11
1125618,6
1286968,5
1474139,5
1319696,1
1267159,3
1335217,1
1252627,9
1248791,12
1352296,6
1053563,0
1154102,0
1290045,0
1470601,0
1186545,5
1178586,9
1012027,6
1047777,6
1040476,6
1186084,4
1245279,3
1373676,3
1015578,3
1165831,2
1401263,2
1475390,0
1463410,0
1292372,4
1439264,10
1102131,9
1209977,3
1138279,10
1411809,8
1358060,15
1313166,16
1176220,0
1039778,0
1004425,15
1203269,0
1224424,12
1011146,7
1340082,6
1239108,14
1435204,19
1041304,17
1298065,8
1377872,3
1376854,8
1444587,5
1036541,7
1354025,5
1007242,6
1053458,6
1160895,5
1410872,0
1176285,0
1081672,0
1139063,0
1099030,0
1054104,0
1267211,0
1239395,0
1050376,5
1475466,4
1235986,15
1284206,11
1210694,10
1209335,8
1266488,6
1291850,6
1400961,0
1256315,25
1403345,17
1280070,0
1054478,0
1331984,8
1373602,1
1042290,0
1253575,0
1348829,0
1171409,0
1103726,7
1470466,8
1221540,0
1337388,0
1234863,14
1466692,14
1010591,17
1343778,10
1441368,10
1060968,2
1416037,15
1406540,17
1059461,0
1317440,0
1005508,0
1421850,0
1376322,0
1435805,0
1314953,0
1129714,0
1048311,4
1215194,4
1043169,0
1208467,0
1048369,0
1125626,0
1261246,0
1404288,0
1291939,0
1470656,0
1454603,3
1499149,2
1413707,3
1195152,3
1356694,4
1170280,10
1022388,10
1059761,10
1262783,12
1278245,9
1352086,16
1156922,16
1325594,0
1049667,0
1011124,0
1461927,0
1480136,0
1488207,0
1160805,0
1049976,0
1377134,0
1431854,0
1386974,7
1198524,2
1129402,21
1319244,19
1360006,3
1204701,7
1345464,5
1407657,7
1170013,5
1074218,1
1474997,6
1066976,1
1389077,0
1095921,0
1150235,0
1098314,0
1159403,0
1265800,8
1461619,8
1173091,0
1022036,23
1100321,35
1159673,17
1397068,20
1130731,3
1067260,0
1435116,17
1238094,15
1450540,19
1198224,0
1033177,9
1466058,13
1056871,2
1185031,32
1094661,0
1455353,0
1139412,0
1227744,6
1338180,0
1416516,0
1076235,0
1300518,0
1129548,2
1203648,4
1009223,0
1231638,0
1418807,8
1286622,11
1082562,0
1238634,0
1229625,3
1018177,4
1138702,2
1013831,20
1289847,3
1111285,0
1378876,2
1110506,6
1210067,3
1156700,0
1143542,0
1114521,7
1225380,0
1442696,0
1201493,0
1189643,0
1067946,0
1090206,0
1421095,2
1296233,0
1373548,2
1264067,13
1411185,13
1109203,7
1054094,16
1080059,8
1000890,12
1304878,11
1340130,9
1165289,4
1315803,10
1087548,13
1488603,9
1484915,6
1384503,0
1040011,0
1287103,0
1465270,0
1195244,0
1315953,0
1447359,5
1351534,25
1311428,20
1063614,10
1442280,10
1416939,10
1452470,11
1018327,10
1433963,4
1000967,10
1028432,12
1412243,13
1120664,11
1230421,0
1414288,0
1441254,22
1467889,17
1268631,2
1486559,1
1231346,3
1172938,0
1309897,0
1451216,0
1085409,0
1495023,0
1167774,0
1007013,0
1099596,3
1260443,3
1224794,0
1359667,2
1226780,1
1226506,9
1016231,23
1015558,4
1086235,6
1052327,4
1162208,0
1054680,10
1408716,14
1053999,0
1078323,0
1447474,6
1011007,4
1476273,12
1499088,0
1461407,0
1421014,0
1143695,6
1226838,2
1308367,2
1243977,0
1149575,0
1173936,0
1427278,2
1307614,2
1086494,0
1460795,4
1178324,0
1272303,0
1499934,0
1377140,0
1055053,0
1216159,0
1157645,0
1239651,0
1068029,0
1343834,0
1228159,0
1432714,30
1425342,2
1411709,0
1113498,0
1302003,0
1265026,29
1254847,0
1057178,0
1279677,0
1424540,7
1416590,7
1299299,7
1475668,8
1199264,8
1245301,7
1310361,0
1229774,11
1342822,33
1120392,25
1032653,16
1494618,2
1047535,0
1233071,11
1255103,14
1158290,20
1111332,0
1245702,1
1047541,7
1169085,6
1339027,3
1320276,11
1325057,2
1068290,10
1157302,6
1442262,13
1301207,14
1236347,10
1154900,14
1128636,12
1461973,12
1123342,7
1094031,8
1319514,8
1155242,13
1474460,12
1295663,0
1314294,0
1436210,0
1177426,11
1325329,1
1259603,7
1277405,6
1425203,6
1079289,6
1170446,6
1040703,0
1012461,59
1431639,37
1121810,26
1054385,18
1106975,1
1094087,2
1140825,6
1340524,14
1133545,17
1056933,7
1205375,7
1244886,7
1490530,7
1472953,8
1416699,8
1450088,0
1343302,0
1032041,10
1326038,5
1031312,18
1191484,2
1285572,0
1115177,0
1343512,6
1147761,4
1349223,0
1118544,32
1247856,0
1053624,0
1355907,0
1182340,0
1063432,26
1367168,6
1220587,0
1137033,0
1009276,17
1355967,24
1439212,17
1145363,17
1001921,13
1159863,0
1347974,0
1012491,4
1373298,19
1355523,17
1237748,3
1448117,4
1222779,1
1163092,0
1254173,1
1333036,4
1219684,13
1227375,8
1235035,1
1279289,10
1425722,10
1291220,15
1400709,9
1215159,15
1298578,9
1477704,0
1082297,0
1250718,4
1304517,20
1007597,17
1419099,24
1152031,0
1244420,0
1016563,22
1021222,21
1213361,0
1065345,6
1179779,24
1127531,5
1443957,2
1051118,11
1496945,8
1264920,8
1084873,18
1365195,2
1495418,0
1260705,0
1050759,11
1020079,13
1118213,6
1035969,5
1270851,4
1123143,5
1135820,0
1019852,0
1385419,0
1078271,2
1458841,0
1410422,0
1061333,0
1315882,0
1020053,14
1431676,0
1068073,0
1270780,18
1254304,17
1435213,2
1438178,3
1492822,3
1358808,5
1316805,0
1333390,0
1067670,3
1018043,9
1105588,0
1456750,0
1271465,0
1416907,0
1121489,1
1313498,0
1029830,5
1255557,5
1193203,3
1324205,4
1441042,3
1485303,1
1367431,12
1307589,12
1346931,14
1108071,13
1061545,12
1102240,10
1293894,10
1090685,7
1010064,12
1348411,0
1401298,5
1243982,6
1408791,14
1300733,13
1233212,0
1347782,0
1497644,0
1397906,10
1132342,15
1310816,0
1086028,0
1254784,0
1482667,0
1189684,0
1170143,0
1327596,0
1003526,0
1241837,0
1230803,0
1260111,6
1145076,3
1003527,1
1171152,1
1295117,1
1131852,1
1122805,7
1454318,0
1369172,4
1051784,5
1118223,0
1148984,1
1498148,8
1441671,4
1024004,16
1304737,4
1296839,0
1043326,0
1449009,7
1267008,11
1435764,16
1150568,15
1357621,15
1398059,11
1312126,9
1171028,16
1456299,7
1151991,10
1401355,15
1231048,11
1298774,0
1235244,2
1240781,2
1200378,0
1451628,0
1401927,4
1139987,3
1377423,0
1002890,0
1421154,0
1404777,0
1314971,0
1144315,0
1063944,0
1118760,0
1109972,0
1033868,0
1142412,0
1159551,0
1348513,3
1276231,4
1413676,2
1159070,0
1085513,0
1076736,2
1201488,15
1364365,28
1237813,32
1264986,19
1161714,15
1462364,0
1160219,0
1266694,0
1495739,2
1152498,9
1094580,13
1364788,7
1284049,8
1180721,3
1446241,2
1159038,4
1429602,12
1231740,12
1008596,12
1486204,12
1143221,0
1178515,26
1278720,27
1134672,11
1287970,8
1409175,0
1292612,0
1036703,0
1028807,0
1096407,0
1197880,3
1377256,3
1283042,24
1449143,23
1358960,0
1432265,1
1392147,1
1416956,0
1180681,1
1376592,0
1427081,0
1127933,0
1393998,0
1102692,0
1263996,0
1325073,6
1383672,26
1365529,31
1226869,0
1137477,0
1022881,0
1408325,0
1331391,34
1455182,3
1083054,0
1379716,0
1475256,14
1486316,3
1392618,0
1300685,0
1284845,0
1117229,0
1442984,0
1478254,0
1022424,0
1471167,0
1149469,1
1481394,2
1063798,1
1185056,6
1157246,5
1100173,3
1355003,16
1459340,12
1495807,0
1320329,0
1419826,8
1334195,23
1158959,0
1168138,0
1428415,0
1472745,0
1480196,0
1429232,0
1218254,0
1177828,0
1417973,3
1275299,2
1257450,0
1036368,3
1252682,4
1386895,6
1022118,8
1165138,27
1306099,21
1308493,14
1423901,13
1180874,10
1337324,9
1416785,13
1346647,2
1463718,0
1307693,22
1277463,22
1162273,2
1112550,0
1030887,0
1481903,2
1004955,0
1191405,1
1100937,3
1099346,3
1006648,2
1258772,0
1148904,7
1064510,11
1357694,0
1022331,0
1087516,5
1346348,1
1253337,0
1496382,0
1126128,0
1417871,0
1381232,5
1146102,4
1254802,0
1203845,0
1268876,0
1215618,0
1119962,6
1175969,1
1381779,0
1182831,0
1279959,4
1032374,0
1491271,2
1282860,2
1461586,1
1056737,0
1255684,0
1207004,0
1167140,0
1142809,0
1080730,0
1056322,0
1420723,0
1184112,0
1221119,0
1077779,0
1018451,28
1311096,18
1246267,12
1137454,3
1229053,0
1397257,21
1422386,0
1127343,0
1110599,15
1232302,5
1117757,3
1356088,4
1054158,7
1416387,8
1170771,8
1498811,8
1386710,8
1309812,8
1238676,19
1310902,0
1453266,7
1073500,0
1280655,0
1034918,0
1048380,0
1464476,13
1198550,24
1165233,20
1119609,1
1438719,0
1178675,3
1458337,3
1255092,2
1042514,0
1315305,0
1364529,4
1017902,12
1198616,0
1177611,0
1077911,0
1305831,2
1098936,4
1189364,5
1495457,6
1193672,10
1177716,14
1125817,15
1111309,7
1421985,8
1205461,8
1094241,8
1045722,0
1168534,0
1315421,3
1495102,0
1182051,8
1101602,1
1389254,0
1458614,0
1422666,5
1178714,1
1144441,0
1438212,32
1309826,0
1415208,0
1388897,0
1115522,0
1325299,12
1203825,0
1408481,0
1120407,0
1119975,0
1296989,0
1256467,8
1478418,10
1141172,10
1237197,5
1215871,4
1015109,12
1173440,14
1115717,11
1045972,2
1026874,9
1385087,5
1035285,1
1305696,2
1303994,0
1466731,3
1378417,6
1449238,13
1003325,2
1240097,0
1170203,16
1218774,5
1228340,19
1058496,3
1070810,12
1098200,7
1137125,1
1215383,0
1145836,0
1159106,6
1237283,1
1182497,30
1479658,2
1009750,0
1457332,0
1397423,22
1376094,25
1244100,9
1446941,10
1212398,7
1006361,17
1396082,3
1175684,1
1481585,2
1190598,3
1404442,3
1372716,5
1427335,6
1093994,0
1403727,5
1137634,6
1171787,5
1039292,0
1047032,4
1174657,0
1216142,0
1335320,0
1198136,0
1392278,0
1114780,0
1112554,0
1012132,0
1453182,0
1220398,0
1026834,0
1351780,20
1075062,15
1025615,0
1490297,0
1394090,0
1038974,14
1367692,14
1126893,1
1443158,10
1371034,11
1356978,9
1320321,0
1077288,0
1233845,0
1002018,0
1397022,5
1323243,8
1130427,11
1075107,4
1440829,2
1207427,1
1078383,1
1066458,2
1135503,1
1040443,2
1348806,0
1173978,12
1434024,11
1191693,12
1461833,25
1097071,22
1344039,20
1143636,20
1451337,12
1241407,20
1422806,20
1402295,0
1189249,0
1227160,19
1022032,6
1467840,3
1295041,5
1316293,0
1184400,3
1264550,16
1307651,13
1120804,1
1007549,0
1431812,1
1318982,2
1062544,5
1225764,0
1292156,8
1250391,0
1250127,2
1139409,1
1474247,0
1353816,6
1264512,0
1136184,0
1389677,0
1167194,4
1285662,3
1014959,14
1195124,7
1439732,19
1240501,15
1424527,22
1418384,11
1443889,12
1252731,11
1378709,16
1246695,29
1338426,0
1423024,3
1371483,4
1391878,1
1044434,1
1196870,0
1363303,0
1228539,7
1312262,7
1289077,11
1131178,0
1209021,0
1174663,17
1178992,14
1241787,16
1142788,9
1081125,6
1397164,11
1412741,6
1110318,6
1318877,0
1308024,0
1058696,0
1064291,0
1337610,0
1405795,0
1357410,0
1207443,3
1452851,4
1468089,4
1154031,0
1266339,0
1403985,0
1467236,0
1263011,0
1392759,0
1149931,0
1476644,0
1009485,2
1387837,6
1283298,22
1152567,10
1292779,9
1408601,11
1395390,10
1364974,7
1198587,8
1074370,7
1330798,12
1150034,9
1150952,0
1000239,0
1368564,0
1209006,0
1225892,0
1180844,0
1080998,0
1352952,0
1161538,0
1462226,0
1129628,0
1240833,16
1294006,3
1333321,1
1101343,2
1200089,8
1014910,6
1174372,8
1169548,8
1226297,11
1197276,0
1118245,0
1347953,0
1444841,0
1419767,0
1385803,0
1065852,34
1354618,26
1029652,11
1048319,0
1449399,0
1377941,0
1033540,0
1475649,30
1438471,0
1444680,0
1494734,0
1206012,0
1331601,17
1170077,0
1321401,0
1013138,0
1488317,0
1380337,0
1277314,12
1442299,5
1393959,4
1251204,3
1297987,10
1187117,6
1007858,6
1369451,10
1413606,18
1313151,14
1226412,5
1417240,6
1089929,6
1132041,0
1376468,0
1370975,0
1426059,0
1497986,0
1150833,0
1457734,4
1238587,8
1176143,1
1360564,2
1372749,7
1463356,14
1040334,6
1113748,8
1050828,1
1051165,8
1414894,18
1460597,16
1135055,16
1047124,3
1461952,20
1105467,29
1395033,4
1185551,1
1121561,0
1022493,1
1018666,7
1362060,11
1301397,6
1182334,5
1291602,4
1486846,2
1402486,2
1485489,22
1071651,1
1163508,0
1214601,2
1245847,8
1429824,8
1109033,0
1347075,0
1383125,1
1184487,0
1162155,1
1377489,15
1470294,9
1173002,3
1215737,5
1474101,6
1062167,8
1240800,5
1057352,2
1089842,4
1278279,4
1421622,3
1090305,3
1420842,0
1170153,0
1165214,0
1194921,0
1459130,0
1313669,0
1353513,0
1247163,1
1461187,4
1055062,2
1497770,0
1321774,0
1376752,11
1099178,18
1040232,1
1317487,3
1179988,29
1251333,2
1164536,17
1083292,25
1349813,6
1157241,7
1003495,7
1276154,7
1107468,7
1208439,7
1476005,39
1424569,0
1181440,0
1006444,0
1132047,0
1273403,0
1035309,2
1201822,20
1498182,24
1165756,31
1470598,8
1203967,0
1217868,2
1015274,3
1300202,2
1108806,3
1254873,2
1199090,3
1265564,1
1121842,0
1312130,0
1284072,0
1390606,12
1177870,11
1217412,7
1391279,5
1000635,6
1070142,8
1158077,18
1263948,17
1193421,6
1156344,6
1485835,8
1027573,7
1266107,7
1021981,7
1015055,0
1205726,0
1281507,5
1336471,2
1371096,7
1298833,1
1479793,0
1144663,0
1103525,11
1197547,6
1296043,0
1237520,25
1229220,14
1047440,0
1005311,0
1016408,0
1329187,32
1353734,5
1084794,0
1360072,2
1432207,0
1394210,8
1443225,17
1342526,9
1449114,10
1123390,9
1247236,10
1261392,7
1489922,19
1401658,16
1310639,2
1310614,1
1320270,0
1021422,3
1231315,0
1294120,4
1256367,6
1494072,8
1350289,3
1497576,10
1074887,10
1342968,12
1428256,11
1012009,11
1476296,10
1107262,10
1180712,0
1282937,0
1497422,0
1227980,0
1025770,20
1136598,5
1189975,0
1420919,0
1050733,29
1353409,27
1034239,3
1303445,1
1136905,3
1421265,23
1267023,4
1136504,4
1095993,8
1126729,10
1079069,4
1292980,12
1303079,6
1462333,11
1019410,10
1438716,8
1435109,8
1144962,5
1420185,0
1112604,0
1361559,0
1285104,0
1376099,0
1214290,6
1410003,9
1268568,5
1406091,0
1415989,14
1211232,23
1424836,12
1376616,6
1107196,7
1413500,15
1406133,15
1350713,13
1453725,12
1362405,2
1053239,2
1157912,5
1376542,2
1409362,10
1379033,12
1183423,4
1193727,4
1400533,5
1283484,4
1260253,4
1327267,0
1067574,9
1025091,4
1153270,10
1394193,10
1142889,11
1158789,13
1287972,14
1206482,17
1212175,15
1016096,18
1432981,2
1023890,8
1109225,22
1270197,19
1186395,18
1416108,13
1017675,12
1394196,18
1004465,22
1012703,20
1253619,0
1239241,0
1169578,0
1016228,0
1071564,0
1045441,6
1317808,10
1329582,4
1414635,6
1380886,7
1173597,14
1254262,6
1254768,6
1224126,1
1198629,11
1206547,10
1101674,8
1205025,19
1365276,18
1414784,18
1316568,5
1456931,0
1237087,0
1304436,0
1238935,0
1321591,0
1196912,0
1455585,2
1252744,5
1272139,11
1487244,0
1329414,0
1499372,17
1257824,17
1497563,19
1271281,11
1242958,10
1221756,18
1463746,22
1196527,20
1236535,3
1076788,2
1300917,1
1174577,1
1231316,2
1489870,2
1230866,4
1091117,5
1222002,5
1493218,5
1312818,0
1452472,0
1035476,11
1264026,10
1339727,11
1214712,2
1160566,0
1010653,0
1229452,9
1176747,14
1323954,10
1254479,4
1440217,5
1252943,13
1108815,14
1161763,13
1416819,21
1193778,0
1300983,0
1122637,0
1411939,0
1031959,0
1303625,0
1238349,0
1252660,0
1349638,0
1300844,0
1276319,23
1437773,18
1203934,0
1309094,5
1144647,10
1281864,6
1274790,5
1386829,4
1190878,2
1455637,3
1417791,1
1190587,2
1076991,3
1195531,4
1400538,4
1430582,16
1285990,0
1477291,4
1356384,3
1150281,1
1370080,0
1460451,0
1348031,18
1044121,31
1133254,36
1278014,0
1403459,12
1317166,13
1101385,11
1426987,37
1034494,0
1491377,0
1464250,0
1022006,0
1148475,5
1484671,0
1228708,0
1324032,0
1103003,0
1430610,0
1195267,0
1236706,0
1340005,2
1217303,0
1003775,0
1343878,0
1226007,4
1099098,2
1009486,14
1330192,12
1446159,2
1334259,2
1091570,4
1102858,7
1420778,0
1477933,0
1197090,0
1390893,0
1421101,0
1499403,0
1382081,0
1140362,0
1093489,0
1356618,0
1423088,9
1192006,6
1474663,4
1085309,4
1336011,3
1363332,6
1135752,6
1043065,6
1187227,21
1079197,12
1006967,15
1242972,17
1250142,24
1319491,15
1043915,18
1221198,9
1237425,21
1492794,0
1140775,5
1013635,8
1175249,7
1229061,6
1471915,4
1104983,7
1009083,6
1045986,6
1233374,7
1209101,0
1038551,0
1293094,2
1425780,0
1150996,1
1220665,0
1068227,0
1098287,0
1065954,4
1117031,5
1286663,0
1217322,8
1178898,9
1442104,11
1069214,0
1431479,0
1485687,0
1353255,0
1114499,9
1297409,8
1458579,0
1159489,0
1384833,4
1367817,1
1222696,9
1006871,0
1442863,0
1083688,0
1264958,8
1100547,7
1020009,0
1283055,14
1059560,5
1310135,0
1498194,0
1012741,0
1183714,0
1407622,0
1295424,8
1483037,0
1127728,0
1253251,0
1044711,0
1246779,0
1428427,0
1483396,0
1117421,0
1249450,0
1446810,0
1488993,0
1173486,1
1058307,0
1411973,0
1272886,0
1014260,0
1481364,0
1126940,0
1306695,0
1067847,0
1093258,11
1209561,7
1275913,6
1461176,7
1059013,3
1336430,4
1154879,2
1027714,4
1404182,11
1273647,0
1267729,0
1416232,0
1376813,18
1484156,0
1118664,0
1470343,15
1198659,24
1497568,40
1072349,0
1060176,0
1380226,3
1270763,2
1414842,2
1006679,0
1258071,0
1247670,0
1150813,7
1215972,5
1402068,0
1414079,1
1027086,1
1376822,4
1473650,10
1318829,0
1485144,3
1440877,10
1259634,12
1197323,12
1461060,6
1286426,6
1005386,4
1326015,5
1216054,5
1042609,3
1052663,4
1274204,4
1317813,2
1076102,0
1446470,0
1034950,6
1251250,5
1124996,14
1329337,0
1052063,0
1393099,0
1291876,10
1239530,6
1128989,0
1250468,16
1128007,0
1305327,0
1443163,0
1349532,0
1463940,5
1067683,0
1497405,0
1427690,0
1131692,0
1325899,3
1035806,2
1192752,6
1154621,2
1105567,4
1351561,9
1284314,14
1119425,19
1071315,12
1246537,2
1380847,8
1294936,1
1044935,0
1138879,0
1176172,0
1051931,0
1002959,0
1448369,9
1449451,9
1105139,0
1115844,2
1008005,2
1368689,0
1115922,0
1345103,0
1246054,5
1454376,4
1252642,7
1081770,8
1011869,25
1053029,5
1314053,12
1084167,25
1335565,31
1082784,7
1403001,5
1434417,16
1413074,5
1246394,5
1219340,0
1050739,29
1081641,13
1284180,8
1454969,43
1294205,0
1275885,0
1479530,0
1208280,15
1214026,15
1396005,6
1174114,12
1357653,8
1200505,20
1142397,6
1412678,7
1335177,6
1370526,5
1120043,7
1208972,8
1044205,14
1377609,11
1020582,10
1141498,0
1185774,10
1321317,10
1044208,6
1462768,8
1193401,7
1323629,6
1310109,0
1140274,0
1208581,0
1163752,0
1469436,0
1319124,0
1313925,0
1385981,0
1446581,2
1437446,1
1258414,3
1174433,11
1055153,17
1067334,22
1128244,8
1412206,8
1387722,8
1218541,10
1275925,7
1256153,0
1122590,0
1473145,0
1498862,0
1468073,0
1118231,0
1087099,0
1258783,0
1260565,13
1291095,10
1205721,0
1121544,0
1142191,0
1238740,0
1182987,0
1005888,0
1254577,9
1192747,10
1456541,7
1223264,4
1103707,1
1059508,12
1243642,18
1122553,5
1437856,17
1024334,10
1094451,4
1469441,16
1148888,20
1076174,16
1411749,0
1015942,0
1363447,0
1453406,0
1430928,0
1209243,0
1457115,0
1443790,0
1263578,0
1474898,3
1267831,0
1358267,0
1117920,4
1328212,3
1009729,12
1247718,0
1207734,0
1118433,0
1181657,10
1278379,7
1134421,15
1132261,14
1320763,14
1435856,14
1164020,8
1221554,5
1319256,7
1137425,31
1029137,28
1103208,21
1138911,0
1165664,0
1066867,3
1358058,1
1494749,3
1180274,0
1224290,0
1426563,0
1298595,8
1148750,5
1005991,0
1116883,0
1363374,0
1096571,0
1184430,0
1451172,0
1066128,0
1034948,0
1326066,0
1102430,0
1005839,0
1142609,0
1424764,0
1255897,0
1164600,0
1442420,0
1471794,0
1299929,0
1251682,6
1187963,4
1077995,0
1453805,0
1368058,21
1145535,16
1467638,12
1401067,0
1196492,0
1153756,0
1257122,13
1204857,14
1218069,0
1301983,0
1421520,7
1198628,6
1309951,9
1342026,5
1356728,8
1105141,14
1079507,16
1463915,15
1233795,0
1053494,0
1394036,0
1225441,0
1009382,0
1192637,0
1467684,0
1489795,0
1496426,0
1471166,0
1233270,8
1449283,9
1266186,21
1343496,25
1126475,9
1206173,8
1263095,8
1238031,8
1038208,6
1431065,7
1357861,1
1112729,6
1334347,1
1107165,0
1065013,0
1222552,0
1070954,0
1036421,1
1278133,7
1420350,8
1372959,0
1087440,0
1105500,13
1161104,0
1355011,5
1482584,0
1051069,0
1116511,5
1356690,22
1014995,21
1363250,0
1391402,0
1370933,2
1370147,0
1013543,0
1488019,4
1491784,0
1439153,0
1365373,13
1497842,0
1013839,0
1118156,0
1174124,0
1140152,0
1174722,0
1161921,0
1265011,0
1133560,14
1114035,7
1298165,15
1294042,0
1428145,0
1207278,0
1051663,0
1181734,0
1126206,8
1134606,0
1113723,0
1397919,1
1491918,0
1043312,8
1147478,3
1451559,7
1218312,18
1286106,6
1112082,0
1426235,2
1003250,6
1259326,4
1050893,0
1316942,7
1067443,0
1061638,4
1068385,0
1062592,2
1335692,10
1099468,0
1445308,7
1183480,11
1317126,7
1472200,7
1490235,10
1174386,9
1358409,10
1256452,10
1466565,9
1487695,8
1185809,25
1494354,8
1023978,8
1085749,0
1352707,0
1278123,1
1062709,0
1250818,0
1349155,3
1454309,12
1194145,10
1307270,10
1050861,3
1045222,10
1220930,11
1443773,8
1154727,9
1094658,4
1465044,4
1288182,12
1360946,13
1466464,14
1121475,0
1286904,7
1023709,19
1401955,28
1355254,1
1335658,3
1377502,4
1034536,2
1163567,1
1344633,0
1478109,0
1219029,0
1305096,0
1226722,0
1015804,0
1380027,0
1114802,0
1083269,1
1041594,2
1377282,9
1394329,10
1206840,7
1369644,15
1411752,0
1337720,0
1463866,4
1379819,2
1291108,3
1290527,2
1205756,7
1438927,3
1036746,2
1285741,0
1390805,8
1372636,13
1395249,0
1037450,4
1177169,3
1123384,3
1464318,0
1015193,0
1497309,0
1452792,0
1151297,0
1105382,0
1410900,0
1029010,0
1297299,0
1490816,0
1091889,0
1044397,20
1191281,0
1180756,0
1025950,0
1309748,0
1101949,10
1110111,0
1310574,0
1176036,0
1074826,0
1440334,1
1169864,2
1440104,3
1085197,0
1287693,8
1165333,8
1126706,0
1385420,0
1430739,11
1042357,6
1249746,7
1093106,0
1086128,0
1157763,12
1057624,23
1031076,20
1377992,6
1424787,8
1075935,8
1092103,5
1391640,11
1285669,5
1295471,9
1078557,3
1420653,12
1296870,10
1428528,19
1400203,15
1055380,12
1182933,10
1483633,10
1450450,10
1357576,9
1065959,10
1495520,12
1198518,12
1282663,1
1193174,0
1350874,2
1253271,3
1198619,1
1247621,6
1022520,6
1258083,6
1355498,6
1138175,0
1165312,28
1419232,23
1093243,10
1146579,15
1250371,0
1441494,0
1146752,0
1427935,13
1012377,13
1178247,0
1233203,1
1340615,1
1033712,4
1281965,8
1037514,0
1297117,2
1010495,2
1482368,0
1318695,2
1348460,0
1338367,0
1393195,0
1223629,5
1424988,3
1211590,0
1243253,25
1092227,0
1318993,0
1445601,0
1292773,0
1307199,28
1476894,0
1117265,0
1388554,0
1105308,0
1107240,7
1387470,11
1184143,12
1072620,4
1460051,0
1111278,1
1442651,11
1409134,9
1051968,16
1120331,12
1281035,4
1293493,5
1139973,2
1493676,0
1211354,3
1352909,4
1337721,2
1113910,5
1102135,1
1425377,3
1422384,4
1230598,1
1411707,2
1409949,2
1144878,1
1422767,12
1284889,18
1223585,0
1206396,0
1378160,0
1052245,0
1430890,20
1383977,0
1045804,0
1156318,0
1291422,17
1380683,34
1157321,6
1127659,13
1235689,8
1256556,16
1065319,2
1496936,5
1009706,2
1111605,3
1004134,3
1377031,11
1112513,2
1053460,0
1193479,1
1109243,16
1187105,16
1372911,10
1499803,0
1209794,7
1016566,0
1195041,0
1139039,0
1057767,0
1220076,0
1336292,14
1020982,6
1489603,0
1135573,0
1061984,7
1462450,24
1127074,30
1038259,2
1149922,3
1279581,1
1324180,0
1470662,0
1283213,0
1378795,0
1170047,0
1061263,0
1181328,0
1102835,0
1346782,0
1214346,3
1229842,7
1108968,1
1121701,8
1066693,2
1208257,2
1270239,2
1348062,4
1368447,6
1219540,11
1321207,8
1000642,8
1076525,4
1122408,4
1382330,11
1433378,12
1392074,13
1109747,0
1075276,4
1478089,12
1113423,10
1388642,9
1073366,6
1111214,2
1456596,14
1153622,17
1116753,12
1017288,0
1451772,0
1119297,0
1138638,0
1434726,0
1003447,0
1458918,0
1101879,0
1336104,0
1348705,0
1465396,0
1376423,1
1481206,3
1009569,0
1387274,0
1310708,3
1155929,5
1314559,4
1097259,5
1109233,1
1070475,5
1022232,5
1275544,1
1108444,5
1406546,0
1167154,0
1476614,0
1234726,5
1451631,3
1050057,2
1361060,8
1331292,8
1283598,6
1499806,7
1018726,9
1408381,6
1272485,26
1362852,10
1129500,11
1062525,4
1235519,3
1369995,1
1075387,1
1400898,0
1224959,0
1421340,2
1220168,7
1439539,3
1470046,0
1391149,0
1297146,0
1410054,0
1364916,0
1233541,0
1422209,0
1083629,0
1368507,0
1198651,0
1283960,0
1231476,2
1349761,4
1482768,1
1002536,2
1419887,5
1248501,3
1291944,5
1436867,1
1257323,0
1132521,0
1030230,0
1093409,20
1249587,22
1130025,7
1394076,6
1349917,0
1033575,0
1209870,0
1482022,8
1430894,12
1382800,7
1226060,3
1418431,10
1048428,9
1362840,5
1240846,5
1259183,4
1070288,8
1467073,8
1379768,8
1406956,0
1311326,0
1387939,0
1049891,0
1237190,0
1212519,0
1209918,0
1154373,0
1205630,0
1354206,0
1288571,2
1120855,25
1133824,23
1196734,2
1060062,2
1164785,0
1336298,0
1405041,0
1060513,0
1353037,14
1383969,0
1480033,0
1068087,0
1128618,5
1204524,26
1156177,25
1229710,0
1075135,0
1185011,0
1105675,0
1189309,0
1257953,0
1435140,0
1268931,0
1250643,0
1373331,2
1314804,0
1085036,0
1054001,0
1288387,0
1286151,0
1247116,3
1019807,0
1412520,2
1161669,21
1082827,14
1433386,0
1156715,0
1179911,0
1179936,0
1233478,0
1399946,0
1032955,0
1002856,1
1287783,4
1166709,2
1346583,2
1286122,14
1204381,7
1029430,7
1323538,7
1416779,7
1253163,7
1332638,13
1330372,7
1177255,6
1477268,6
1189551,3
1114827,8
1278141,13
1364476,14
1096012,11
1259676,1
1203050,0
1313304,23
1128930,18
1099709,3
1105749,3
1179700,6
1431582,0
1152692,0
1076816,0
1054611,7
1478275,3
1030592,0
1432030,7
1119155,11
1076400,11
1440313,7
1102018,12
1239878,10
1113947,20
1095118,3
1266382,5
1222099,3
1289441,2
1479532,3
1125619,8
1087987,2
1167708,0
1214743,0
1355453,0
1045081,5
1459993,14
1434614,0
1335959,3
1397855,3
1171886,2
1191038,1
1007240,0
1294794,0
1246825,3
1364329,0
1286535,0
1373312,0
1198624,0
1003799,0
1256663,0
1412094,0
1220509,0
1167611,0
1318187,0
1009831,0
1388765,24
1359919,11
1241983,6
1179995,16
1212359,4
1376509,27
1052051,0
1404009,11
1339522,7
1318327,7
1233545,7
1476335,7
1302373,7
1105644,8
1415361,0
1045371,0
1005596,0
1044413,0
1038816,0
1209003,0
1083324,10
1311779,23
1404668,4
1188630,1
1412947,2
1072334,0
1377155,0
1025414,0
1354738,0
1246940,0
1222461,3
1066086,3
1336313,11
1026962,0
1019750,0
1052756,9
1199363,0
1268913,2
1301467,4
1203194,2
1182935,3
1163522,15
1072037,10
1447951,0
1409401,10
1086420,13
1331890,13
1178120,0
1247967,0
1423994,0
1036223,0
1416797,5
1301576,0
1212594,0
1026960,0
1370443,5
1165387,3
1386562,0
1316517,32
1067207,0
1093937,0
1111260,0
1445136,0
1110219,11
1398603,0
1081181,0
1190478,0
1003254,0
1467189,0
1391034,8
1402736,9
1359141,10
1385854,4
1364965,1
1323652,6
1488422,10
1426492,17
1397082,3
1183542,0
1297522,4
1138417,1
1318183,0
1207002,0
1142667,2
1167396,13
1060989,0
1091688,12
1316599,3
1153086,0
1162850,4
1205495,6
1166342,9
1052895,13
1419947,0
1126746,0
1037962,0
1047146,0
1204425,21
1235062,0
1103243,0
1120213,0
1270215,23
1279495,21
1191198,0
1392035,12
1415566,8
1206608,25
1133034,3
1063358,4
1381777,0
1137331,0
1193871,14
1219698,21
1386138,3
1128376,1
1028398,0
1378005,0
1408874,11
1073159,14
1312708,13
1005967,0
1122653,0
1192154,0
1291405,1
1246214,0
1145228,0
1343513,0
1231000,2
1482446,0
1117272,0
1099679,19
1401233,20
1112808,3
1432401,2
1410871,1
1162651,2
1016899,8
1204132,0
1079439,0
1037012,3
1232389,0
1392405,0
1282001,0
1496357,0
1461201,0
1128577,3
1300341,6
1344720,1
1463100,3
1465046,2
1017841,1
1025415,1
1017556,0
1017987,0
1230486,0
1267865,0
1083326,0
1408065,9
1328158,2
1052607,15
1363852,6
1403750,8
1021705,6
1489126,14
1298290,9
1279562,0
1286209,2
1184252,23
1398745,16
1240758,1
1389985,3
1163173,0
1174671,0
1358679,12
1187231,14
1252109,0
1159089,0
1469555,12
1483071,16
1057435,0
1008958,0
1228910,0
1273259,0
1047684,1
1083469,11
1148001,0
1458865,2
1490628,4
1049275,3
1226940,9
1031082,9
1166031,13
1046186,7
1228900,8
1432549,4
1399393,9
1041932,27
1245703,19
1355224,15
1215604,0
1051743,1
1277562,0
1113170,0
1494387,0
1372244,3
1049141,0
1074239,0
1128774,7
1376540,11
1437760,0
1108262,0
1168331,3
1141138,12
1335501,12
1460874,3
1459975,0
1214021,2
1192427,4
1011073,12
1003568,0
1304019,0
1001350,0
1079923,0
1484969,0
1190493,0
1134077,0
1379147,3
1042262,4
1480338,9
1443390,0
1277919,0
1436754,0
1390757,0
1370531,0
1439508,0
1157260,0
1012488,0
1453079,1
1049953,5
1239800,3
1309077,0
1378564,1
1368027,9
1082858,4
1425354,6
1125176,8
1427076,5
1099647,5
1422391,13
1004160,0
1253731,0
1452541,0
1207513,0
1453485,0
1060476,0
1051838,0
1006214,0
1154326,0
1010806,0
1079506,0
1164049,1
1426844,22
1135475,19
1410231,0
1062733,8
1319141,32
1134128,45
1470083,31
1173705,21
1167231,2
1166855,0
1316448,15
1315318,19
1328973,15
1224798,0
1111734,11
1035513,10
1320280,4
1243378,2
1312036,16
1351501,0
1485680,0
1031838,3
1055470,0
1108200,0
1177218,4
1162136,10
1001218,15
1244163,10
1220606,10
1339373,9
1152169,10
1310691,12
1435894,9
1478521,0
1086088,0
1254550,0
1173254,0
1348587,0
1358767,0
1078871,0
1031293,12
1221401,2
1192753,1
1313303,4
1012264,0
1206239,8
1020767,3
1029535,18
1382856,0
1407934,3
1109538,2
1136023,4
1126260,0
1180004,0
1163284,8
1258768,0
1498538,0
1096137,11
1343181,3
1488101,12
1176648,3
1126581,1
1154721,0
1028416,2
1128999,10
1341159,10
1125927,10
1065645,6
1139142,12
1210716,22
1042827,17
1368817,10
1496025,9
1158456,24
1118651,19
1077192,11
1277378,0
1249354,7
1428806,9
1333703,4
1090094,13
1241511,5
1082030,10
1307675,6
1102882,14
1403544,17
1031656,6
1057468,10
1254869,12
1301393,8
1418380,8
1425208,4
1498214,7
1059414,10
1354141,12
1357261,13
1471596,0
1244888,6
1435749,23
1206662,22
1289837,2
1321832,3
1396477,1
1293366,2
1057374,2
1013823,2
1407630,4
1100203,2
1290556,1
1027327,0
1385322,0
1081549,0
1319225,3
1446058,3
1046977,2
1065843,7
1384266,5
1467641,13
1130404,10
1082755,22
1256784,0
1350726,7
1202811,7
1006695,3
1310669,10
1079853,11
1166693,4
1378906,10
1007982,4
1322216,2
1182054,9
1336720,12
1472124,0
1146016,2
1200229,6
1347107,4
1461518,0
1008079,0
1005877,8
1246057,0
1034621,5
1116418,9
1273111,0
1039920,0
1075647,0
1309041,0
1272308,0
1135659,0
1184324,0
1429396,0
1316018,24
1147117,4
1499092,0
1373243,6
1168909,0
1124988,26
1034545,0
1386995,0
1481215,0
1485905,1
1446239,11
1365715,10
1214310,9
1125217,10
1077074,10
1066882,10
1201006,0
1352126,13
1320721,28
1207481,24
1174504,17
1279294,0
1223663,0
1285597,14
1131213,26
1251757,19
1316737,0
1336425,0
1175819,1
1405199,0
1206594,0
1104790,0
1374234,0
1488555,2
1050887,11
1136383,11
1326753,6
1066019,11
1324215,9
1480680,7
1365726,11
1050102,10
1472375,9
1320171,6
1357176,12
1057971,13
1422296,2
1375422,0
1121472,2
1348142,3
1427919,1
1133355,0
1225464,0
1296900,12
1337907,13
1245457,0
1324576,39
1054723,15
1240913,15
1403942,17
1004923,0
1429694,0
1029910,0
1228946,9
1119476,10
1153063,9
1387862,10
1338145,10
1010613,10
1411001,10
1254639,1
1062163,7
1314655,13
1214604,9
1499996,19
1076322,5
1295832,0
1059505,0
1435781,8
1450486,6
1400252,0
1043916,34
1334266,0
1332401,0
1424541,0
1269115,0
1325639,38
1413444,10
1150346,0
1194832,0
1467164,18
1164908,26
1182446,10
1393856,8
1161200,12
1242357,0
1344145,0
1430031,1
1193698,12
1449017,9
1480348,0
1105352,2
1056548,4
1204384,4
1389300,0
1159245,0
1007386,7
1086612,0
1383381,3
1211544,14
1117090,14
1305028,9
1497650,10
1258805,2
1298831,3
1416755,13
1395061,8
1493859,16
1165027,10
1325065,3
1173236,0
1461461,0
1031143,4
1338319,6
1382544,2
1271586,26
1269024,0
1167686,1
1361654,1
1223632,32
1333660,33
1369149,0
1299994,7
1379722,3
1492813,21
1267473,0
1496114,7
1422934,18
1272585,15
1225073,9
1489149,11
1133031,15
1129020,10
1011397,8
1074564,0
1375237,11
1059977,8
1088641,0
1428749,0
1314335,0
1380138,2
1497901,0
1457740,0
1251460,0
1073802,0
1188251,0
1424484,5
1259215,0
1430121,28
1106796,25
1157026,6
1182802,5
1241573,0
1455381,1
1025335,0
1216649,1
1308574,7
1207111,3
1170636,0
1092905,0
1102625,0
1088738,2
1227946,2
1396228,8
1451374,9
1387655,7
1141553,6
1486055,5
1353727,5
1427372,15
1307655,11
1311140,17
1446095,14
1018911,14
1199464,10
1219081,10
1189218,10
1161886,12
1164974,12
1075689,0
1487402,0
1253839,12
1180477,14
1047246,14
1466888,13
1021666,4
1283025,0
1469190,10
1391079,12
1284482,0
1000105,0
1131405,0
1026786,0
1401169,0
1385345,0
1417732,0
1106209,0
1446703,0
1013495,0
1151385,1
1306511,2
1366410,1
1006403,1
1119932,6
1043407,2
1444521,0
1256754,2
1283179,16
1196826,0
1387452,1
1230711,10
1236120,7
1185618,16
1213184,0
1004268,0
1136398,0
1279574,8
1204333,6
1390444,4
1462554,20
1438751,20
1170801,14
1210459,14
1460994,12
1440018,10
1164610,7
1488966,12
1242930,2
1390101,1
1465566,0
1000399,1
1137195,2
1469869,2
1147978,7
1231088,7
1101374,0
1155055,0
1146684,8
1055690,1
1102117,0
1432286,0
1006749,0
1070762,0
1337657,0
1478088,0
1360628,2
1131297,4
1201315,2
1342955,1
1109874,5
1240433,4
1487214,3
1064794,1
1398521,0
1310802,8
1187527,17
1266277,23
1424653,25
1293173,19
1230491,12
1259128,0
1159755,0
1061646,0
1071202,11
1479720,9
1308655,18
1208083,9
1406102,10
1146795,7
1207125,5
1373978,6
1425009,5
1159178,4
1149792,8
1101270,7
1003426,2
1336097,56
1097994,39
1230031,18
1409887,17
1296679,0
1152195,0
1042129,0
1218255,0
1159094,0
1455053,20
1294863,20
1154504,1
1253115,0
1441342,0
1129865,1
1411712,2
1451554,0
1095043,1
1329450,0
1125836,0
1430034,0
1142440,0
1044380,0
1303629,2
1291262,17
1348532,25
1099484,26
1171803,0
1123524,0
1090759,0
1407952,0
1135688,21
1389266,0
1418776,0
1073552,0
1022559,0
1483098,0
1339708,0
1470087,0
1032828,0
1124041,0
1369678,0
1461502,0
1143046,0
1456341,0
1035674,2
1128260,0
1077741,0
1116828,12
1104430,5
1006876,16
1038889,17
1229088,6
1341616,8
1392433,7
1430712,0
1446867,0
1068263,0
1028358,0
1237914,0
1119781,0
1084443,0
1075103,0
1430774,4
1463395,5
1170237,0
1152704,1
1167595,0
1417527,8
1057642,17
1211529,10
1491460,9
1173218,6
1196727,9
1215876,4
1392155,9
1255627,27
1131296,17
1372817,20
1363668,0
1378609,2
1397881,25
1353011,16
1239441,3
1038504,4
1326400,2
1026836,3
1334475,4
1434413,0
1026176,0
1298077,2
1245848,1
1035147,0
1263020,13
1387986,7
1047301,8
1367333,0
1445108,0
1245784,5
1052527,1
1154093,6
1112092,7
1063008,0
1136777,0
1041377,0
1007970,1
1059438,5
1479835,9
1383133,0
1134647,0
1056045,0
1313529,0
1147431,0
1130814,0
1309558,0
1030937,0
1112119,4
1117017,4
1239136,5
1271587,6
1038585,2
1392239,0
1290122,0
1108124,0
1041100,0
1004768,2
1156294,5
1425233,4
1343050,0
1101383,0
1240963,0
1193266,0
1109229,0
1188459,0
1254738,0
1384680,0
1245643,0
1083613,0
1081347,5
1452904,48
1043817,20
1291371,4
1123762,17
1334397,0
1460060,25
1360251,0
1281762,0
1439399,3
1456841,1
1151987,0
1085268,0
1247499,16
1059572,19
1058761,13
1213428,8
1231149,9
1112851,8
1000917,8
1379980,0
1445903,16
1025963,0
1462601,0
1341646,0
1225833,0
1158773,1
1228545,22
1144060,18
1006721,25
1164093,4
1435780,3
1061961,4
1440940,2
1160251,3
1477670,3
1356831,2
1156352,2
1344824,2
1314386,0
1485491,0
1493366,0
1244054,0
1339975,3
1493137,8
1482630,3
1237519,5
1414111,8
1290325,15
1064432,16
1029248,2
1106987,3
1366046,1
1359583,1
1380921,1
1369493,0
1289695,2
1110768,0
1338863,0
1382552,2
1465531,0
1241642,0
1344808,0
1268761,0
1092893,0
1219577,9
1197753,1
1067587,12
1030802,28
1058272,11
1469310,0
1135977,0
1457455,0
1336420,14
1044036,0
1089556,0
1330753,0
1104767,0
1331057,0
1203291,0
1325692,0
1200019,0
1101366,0
1410252,0
1412366,0
1491157,16
1159926,11
1148781,5
1420464,7
1310990,0
1195644,0
1491489,0
1143648,0
1128910,5
1439261,7
1139047,13
1098155,7
1202577,7
1149766,3
1375995,2
1028380,0
1490332,2
1415018,5
1152702,4
1203390,2
1420693,6
1076949,8
1473548,10
1445518,3
1486977,8
1205567,3
1417445,16
1008417,0
1094914,0
1335339,22
1489978,10
1143124,4
1478947,11
1341530,6
1448998,32
1460556,1
1425588,0
1447660,0
1204319,20
1152041,24
1031113,15
1109588,3
1042999,4
1121263,17
1272311,3
1035417,1
1488435,2
1110234,4
1046452,2
1154396,1
1161124,15
1012281,4
1440975,7
1028809,0
1052765,11
1272908,10
1431024,3
1133290,5
1235620,5
1484884,5
1348620,0
1319291,0
1141726,0
1401741,0
1489392,0
1139984,0
1131770,0
1194241,8
1065106,0
1386594,0
1268551,26
1073089,18
1139610,0
1329960,0
1355420,2
1311633,5
1337310,2
1148023,1
1441522,1
1138443,3
1135202,11
1107821,7
1188980,0
1416036,0
1301771,0
1088259,0
1270555,5
1272194,8
1499793,10
1309793,10
1350159,2
1269768,3
1100287,1
1167804,3
1192141,3
1402406,2
1340231,3
1419886,3
1260343,0
1182877,3
1217356,24
1379965,18
1441304,12
1448107,10
1063294,7
1023485,9
1253042,12
1336992,13
1449051,0
1468878,0
1433312,18
1189831,12
1350933,18
1499642,0
1002220,3
1354819,10
1175159,15
1273334,16
1167786,2
1301245,1
1254662,0
1406214,0
1455960,1
1049062,3
1433561,1
1187892,0
1492015,0
1034544,13
1263414,0
1475968,0
1213459,0
1098128,0
1166118,0
1044631,0
1170333,0
1436012,0
1190243,4
1411936,3
1462062,10
1462250,8
1478840,2
1272125,6
1173592,12
1082757,5
1315888,14
1228962,20
1218951,29
1450157,16
1261300,0
1168313,0
1363268,0
1110969,0
1065108,0
1075576,0
1195998,0
1107358,5
1346015,3
1341848,8
1117382,0
1336905,0
1029565,14
1220068,13
1323831,15
1064599,11
1427131,7
1042031,14
1468651,16
1208468,19
1177476,0
1295274,0
1273741,0
1342863,0
1186787,1
1476397,2
1405693,9
1087697,0
1383887,0
1310014,2
1096435,0
1230201,0
1327424,11
1132325,0
1273416,0
1205384,0
1262956,0
1122503,0
1151545,2
1154377,3
1364266,12
1011680,2
1119959,4
1158717,6
1065220,6
1019539,6
1280259,9
1026271,10
1397525,12
1293237,11
1253918,0
1360008,0
1474314,0
1161152,0
1177267,0
1107037,0
1173268,0
1267108,0
1037485,0
1368561,0
1187183,3
1039161,1
1206949,28
1295773,18
1173347,4
1296351,4
1117059,0
1399077,3
1082409,15
1067565,19
1139300,4
1208174,9
1011793,9
1154581,1
1385320,0
1439856,0
1340904,17
1171791,31
1071982,19
1443474,0
1451076,3
1435826,2
1191886,0
1263052,22
1263612,0
1233431,0
1036701,0
1492648,0
1193094,3
1430287,0
1058569,0
1492697,0
1056546,0
1204210,0
1224718,0
1053778,0
1030896,0
1088431,8
1032604,0
1278927,1
1313959,10
1034410,9
1169758,9
1054997,24
1091093,20
1440267,5
1139782,7
1022113,7
1044881,8
1406716,0
1168881,0
1213366,0
1086686,0
1061143,0
1017207,0
1414578,0
1102297,0
1216870,0
1373185,0
1251629,6
1156628,8
1160666,5
1298962,4
1053397,4
1056878,3
1111308,4
1479578,3
1288087,2
1471120,4
1046475,25
1493330,19
1444927,19
1213229,16
1439048,13
1289710,6
1139483,10
1330572,29
1278620,17
1482738,16
1436768,5
1187402,6
1484931,30
1160983,20
1204951,1
1323946,4
1139023,3
1017883,5
1452460,3
1368853,6
1206015,3
1081991,4
1052440,2
1251515,2
1177457,6
1143868,4
1012312,4
1082444,2
1231667,0
1294198,1
1001589,12
1245764,6
1173024,4
1140780,14
1099951,3
1276819,7
1042565,5
1334897,5
1079864,6
1455309,6
1249865,0
1060602,0
1183244,6
1451782,5
1134905,13
1183036,5
1388259,0
1037543,0
1034628,9
1252651,6
1033716,2
1290880,7
1277555,5
1018412,0
1237270,0
1091196,0
1393399,2
1291765,5
1315398,5
1386568,5
1252163,0
1380398,0
1436318,0
1065215,0
1079999,0
1278358,0
1497315,0
1349361,0
1168663,0
1364764,0
1382522,0
1278260,6
1499444,0
1395990,0
1490371,0
1239951,0
1336054,11
1377724,0
1237631,0
1286591,0
1032092,0
1412836,6
1096428,16
1023786,15
1044596,9
1247191,11
1458427,10
1341137,10
1216688,17
1474661,0
1309062,0
1437313,0
1095693,0
1268258,0
1284565,0
1124262,20
1054665,40
1112624,30
1030655,0
1442612,0
1059397,0
1254831,0
1033383,0
1358859,0
1091267,0
1106379,1
1398968,2
1413888,2
1316160,0
1419545,0
1062437,4
1181575,7
1143023,0
1278339,0
1282203,0
1080746,0
1296937,11
1210564,20
1498130,2
1423053,5
1162538,4
1156343,2
1155176,1
1140696,0
1348589,11
1274735,10
1144733,0
1471235,7
1133933,9
1301416,2
1197228,15
1390628,5
1265180,0
1034409,5
1125602,5
1331846,5
1219136,0
1111993,10
1130159,0
1447928,0
1425338,0
1144306,0
1054489,11
1164986,0
1031723,0
1066069,0
1022008,0
1438700,3
1314739,0
1316314,0
1050661,0
1317396,0
1179891,0
1035233,0
1011404,21
1306324,21
1311882,11
1262231,4
1044776,0
1388783,0
1124343,0
1343601,1
1424831,2
1366075,3
1117973,2
1412333,10
1232239,7
1443246,3
1231783,3
1047398,2
1436104,2
1411819,3
1126514,2
1432466,4
1332733,3
1052922,4
1445257,17
1397451,11
1335660,23
1113039,21
1259989,4
1435221,24
1423989,27
1007274,10
1248694,2
1231562,8
1130546,7
1484346,16
1442704,36
1231053,3
1483761,0
1347385,5
1330482,25
1185291,24
1224132,17
1317197,8
1241367,8
1390190,26
1072198,7
1244605,7
1202906,4
1148817,3
1210527,13
1482028,10
1251007,11
1356261,8
1468996,14
1048360,13
1207133,11
1183999,11
1042446,11
1427250,11
1105380,0
1243006,0
1095300,0
1483804,0
1354048,0
1179559,0
1254839,0
1458313,0
1081002,0
1491158,0
1163656,25
1103189,28
1106730,4
1146782,5
1347859,0
1309782,6
1211246,0
1296046,0
1025817,0
1324612,0
1473661,2
1261002,0
1352677,0
1025143,0
1292861,7
1104929,9
1430481,5
1207788,3
1065786,5
1375055,5
1430795,3
1278380,3
1091685,1
1464998,11
1341777,11
1138248,0
1490626,0
1281487,0
1082441,4
1482938,8
1184923,7
1326973,8
1192047,10
1267180,16
1246324,26
1097109,0
1173687,0
1131198,0
1310234,0
1065673,0
1213540,0
1274015,0
1077171,0
1296692,0
1012505,0
1257968,7
1225233,4
1377517,3
1114069,1
1427908,1
1079074,2
1139550,3
1171872,3
1371558,3
1207630,0
1045125,0
1497213,6
1258001,5
1079563,14
1179847,5
1064410,0
1376454,0
1181980,9
1477762,6
1181474,11
1220195,12
1137571,12
1168297,9
1353136,16
1472975,12
1433727,13
1473901,16
1191319,18
1416495,40
1226362,0
1058055,0
1237424,0
1097480,0
1239094,0
1427548,0
1134215,0
1101934,0
1227132,3
1107600,4
1074380,0
1040219,0
1075922,0
1483577,4
1187970,0
1226360,0
1189058,0
1037004,0
1069941,0
1433285,0
1105113,0
1277408,0
1085386,0
1407082,0
1385752,0
1212643,0
1021280,0
1402014,0
1242573,1
1204789,3
1008328,0
1356975,0
1426728,1
1376105,2
1030585,5
1413560,0
1046211,1
1466477,2
1464177,11
1007464,13
1237346,6
1016003,3
1366429,2
1454944,9
1159279,10
1255341,17
1168385,11
1414891,14
1455705,15
1099051,13
1133067,0
1333880,0
1359714,0
1108942,0
1270430,0
1158007,0
1073033,0
1035826,0
1394665,0
1325149,0
1148964,9
1301591,6
1054238,29
1432687,26
1369820,5
1142224,9
1222928,5
1126137,3
1289761,3
1105042,2
1300295,9
1175047,8
1470434,11
1130199,2
1137849,3
1199578,1
1242043,0
1375038,0
1027496,4
1204718,2
1195576,0
1446499,32
1195279,43
1010758,32
1354889,19
1347174,0
1101194,0
1152426,10
1425660,12
1486207,4
1202850,0
1392817,14
1416778,16
1371311,8
1308810,9
1458963,0
1145504,0
1266884,0
1194501,0
1054423,0
1295451,1
1456593,0
1367486,0
1457634,7
1270934,4
1143105,7
1062418,0
1368546,0
1200473,2
1130835,5
1047685,0
1126061,0
1163821,0
1169619,10
1401462,2
1073198,0
1199424,0
1017200,0
1257467,1
1050839,1
1108091,16
1041705,2
1233321,0
1368544,0
1475574,10
1030570,19
1059894,0
1389405,0
1288556,0
1126299,2
1201059,0
1105093,1
1053387,6
1009972,5
1273474,13
1142240,1
1089204,6
1333903,6
1088611,10
1089153,5
1042206,8
1268813,9
1233183,5
1073477,13
1200055,11
1027765,9
1336904,4
1290936,4
1077142,1
1052585,1
1466748,6
1311945,0
1382023,0
1162454,0
1430846,15
1062961,7
1100322,12
1394157,16
1045296,12
1383490,11
1420177,11
1393398,9
1127680,8
1197145,20
1443014,17
1135504,0
1039343,18
1452266,16
1297518,3
1148882,2
1210043,0
1345687,1
1377152,0
1124601,1
1492708,2
1163223,0
1339037,0
1256412,0
1231690,14
1253859,17
1436052,10
1174062,6
1228388,6
1474450,13
1097238,7
1227931,24
1329104,0
1006640,2
1046575,0
1146138,0
1191939,2
1484976,0
1489133,0
1288241,4
1225058,4
1093359,12
1175825,3
1003353,0
1286252,0
1322978,6
1299602,3
1432390,0
1251736,7
1496308,11
1017856,11
1058968,7
1190208,0
1345826,4
1141415,10
1008850,0
1327250,0
1495708,0
1104677,0
1160493,0
1320703,0
1027062,0
1322431,0
1268993,32
1144211,6
1489736,12
1175246,3
1125431,0
1412006,0
1241406,0
1118679,0
1342717,0
1299363,6
1273355,7
1240489,6
1210148,7
1328963,7
1439151,0
1403041,10
1374095,16
1465788,12
1145397,10
1315899,0
1174807,0
1135854,6
1033339,23
1021348,11
1208448,10
1213834,0
1394883,2
1294077,7
1234987,1
1450781,8
1254800,11
1158154,11
1308725,0
1446887,1
1262361,14
1451679,14
1418604,11
1078051,9
1208168,11
1041890,7
1378832,19
1159213,17
1093737,0
1200754,0
1143224,1
1297207,7
1428215,10
1341299,7
1272207,6
1085056,6
1481640,0
1031471,8
1241213,10
1055152,5
1075123,10
1365959,0
1195304,0
1211091,0
1373638,21
1091949,20
1393810,5
1103739,6
1064148,6
1355980,0
1185374,0
1386984,8
1485511,3
1287135,18
1470658,3
1199186,0
1042536,0
1003304,7
1364923,5
1085341,0
1331710,49
1275541,0
1341427,0
1190610,0
1470105,0
1059086,0
1170745,0
1190647,0
1217666,0
1317164,0
1404058,10
1099698,7
1225205,8
1120109,2
1317198,2
1485133,4
1011810,7
1212950,18
1022775,18
1308216,0
1001837,0
1010451,2
1163875,12
1044014,7
1011280,8
1492792,2
1464863,0
1361159,3
1156261,7
1239283,3
1246844,13
1382200,12
1040381,0
1383194,3
1483614,0
1158128,5
1352318,11
1229307,28
1420379,21
1130528,0
1066609,0
1486088,0
1492838,36
1328470,15
1081769,1
1427746,11
1389098,6
1205560,18
1273304,0
1342728,1
1430130,1
1488705,1
1114349,1
1282630,8
1187473,17
1318026,3
1155627,2
1236638,0
1367579,3
1386706,15
1127458,16
1347832,0
1081122,0
1135583,6
1317214,7
1108123,0
1259625,0
1030257,0
1044613,0
1091363,13
1227543,14
1188655,6
1457066,20
1136292,10
1094514,2
1002965,0
1213573,4
1490689,4
1271981,0
1483269,8
1187987,28
1048292,32
1311383,14
1272295,0
1091585,5
1153982,6
1251268,0
1284150,0
1286897,9
1248048,6
1005493,5
1267340,5
1239904,3
1277516,2
1303470,0
1481719,1
1402112,0
1027373,13
1053078,14
1246247,12
1445153,13
1131144,12
1022645,11
1347554,9
1036573,9
1190178,20
1053533,15
1304520,0
1419372,0
1288833,7
1435274,11
1314299,11
1451163,8
1230602,6
1223589,9
1313223,14
1425457,16
1449224,0
1204575,0
1142402,0
1023335,0
1247584,0
1156954,0
1311902,0
1442346,0
1108742,0
1345988,0
1298775,0
1395159,0
1303699,11
1176341,11
1435013,6
1324100,6
1375569,5
1222642,0
1008853,10
1498918,4
1109016,15
1331054,3
1054844,0
1053706,0
1379618,7
1466164,4
1374168,0
1041129,7
1279473,7
1325155,14
1113630,5
1025725,2
1420947,4
1281621,10
1380927,11
1030996,11
1359223,0
1207971,2
1497598,1
1002230,0
1361399,0
1145097,2
1029048,8
1182337,11
1471562,6
1057859,7
1246239,0
1346290,0
1239205,0
1365667,0
1363773,0
1438163,0
1124497,0
1035904,0
1217859,0
1032275,0
1094996,0
1458686,0
1260284,2
1049246,1
1032350,0
1227412,0
1022589,4
1210589,17
1483750,0
1279331,0
1285467,6
1239556,5
1177527,8
1497342,0
1479242,0
1457016,0
1113685,14
1222266,20
1130670,8
1221942,12
1335895,5
1347237,5
1335483,2
1201957,4
1245394,2
1283139,5
1159875,0
1068162,0
1304851,1
1031011,2
1366117,3
1081454,0
1155890,0
1143009,0
1109837,0
1420026,0
1073318,1
1219979,0
1417619,21
1310817,12
1163382,0
1182396,5
1054132,3
1360123,4
1256829,4
1122414,6
1469496,5
1490414,5
1281725,12
1285268,0
1385760,0
1467681,0
1237618,0
1097503,0
1041008,0
1191686,7
1110858,24
1009792,21
1153258,0
1261101,0
1003559,0
1147045,0
1212345,20
1209256,0
1033560,0
1099076,0
1249361,11
1003543,3
1366721,0
1369157,0
1357947,0
1034851,0
1441985,0
1444957,0
1036924,2
1018734,0
1040888,0
1209466,2
1247389,0
1446359,8
1301912,5
1400145,3
1235060,17
1074206,13
1276086,2
1282178,3
1258552,4
1084942,3
1154649,0
1155410,0
1155845,0
1128430,0
1196226,0
1399997,0
1412783,0
1384724,0
1446797,5
1430688,7
1397921,8
1486556,8
1030646,8
1195477,9
1086065,21
1287867,7
1366235,16
1068779,3
1082221,3
1300287,6
1104414,16
1394387,15
1065082,15
1261807,25
1399983,0
1392715,19
1411551,22
1210413,2
1321360,0
1427732,0
1381451,0
1273296,2
1175998,0
1072824,2
1470215,5
1430558,4
1166112,0
1203344,7
1299061,11
1342610,7
1096847,13
1072878,4
1124042,15
1466895,1
1497250,2
1387934,1
1085459,1
1492225,4
1142718,3
1457058,0
1424908,0
1200217,0
1044787,0
1364727,0
1307772,0
1237451,0
1223865,0
1294200,4
1427298,4
1213120,1
1128126,0
1085143,2
1230402,3
1181195,4
1241991,6
1319873,9
1069963,0
1304127,0
1313628,0
1361296,0
1026014,0
1489921,0
1120076,0
1304941,0
1481457,0
1458967,0
1064603,12
1280020,39
1080428,23
1364032,16
1340335,4
1192024,12
1062785,1
1365356,0
1160539,0
1436896,0
1207359,1
1249113,10
1412865,11
1299237,8
1185486,8
1478163,7
1155205,8
1004297,15
1237737,0
1230705,0
1319258,0
1267633,0
1168400,0
1294658,0
1109580,17
1394030,28
1296678,26
1345635,2
1364763,3
1109062,3
1316392,3
1098691,0
1312916,2
1494672,3
1288751,2
1447072,0
1144125,8
1165135,0
1365978,0
1425692,5
1352787,15
1106798,11
1151845,4
1446773,6
1000259,12
1361688,12
1339452,14
1266036,7
1355728,9
1359687,9
1490276,8
1110725,0
1051747,0
1409553,4
1155898,0
1331091,4
1004645,0
1484601,0
1176259,0
1164274,4
1175834,3
1227396,3
1475697,23
1275455,1
1098208,0
1100709,0
1141206,0
1393239,12
1496220,0
1117606,0
1158804,0
1280129,1
1114886,3
1163765,14
1406367,14
1142814,22
1294699,3
1379642,7
1244589,16
1100387,15
1323102,12
1177540,0
1136502,1
1491362,1
1250840,0
1016153,0
1050973,5
1358467,19
1436626,14
1181846,10
1133369,6
1372452,9
1105445,6
1233676,1
1248416,5
1170610,0
1236319,2
1290214,1
1488157,9
1479779,10
1427043,3
1310388,2
1015884,17
1180421,1
1359547,21
1410710,8
1446311,9
1452837,10
1477870,20
1215216,9
1285681,16
1314990,9
1337450,35
1095122,3
1164460,0
1260186,0
1268073,17
1264095,23
1312991,6
1223786,11
1252201,3
1008278,19
1040076,0
1365093,3
1478529,1
1376960,2
1286449,8
1059103,9
1342550,13
1427813,12
1468070,11
1198993,7
1096212,11
1175396,12
1055343,10
1027386,10
1027603,9
1126082,0
1095804,0
1284871,0
1412582,0
1352134,7
1014758,0
1239271,0
1343596,2
1343455,4
1259932,0
1319798,1
1315760,24
1399760,18
1293278,3
1225808,3
1407284,0
1118637,11
1003511,0
1388877,0
1183200,6
1031478,2
1481797,4
1450040,0
1391988,0
1325950,0
1034337,5
1401405,7
1309036,1
1486121,3
1094193,3
1238414,2
1257291,0
1339559,0
1078324,14
1189106,14
1422129,8
1158245,9
1170036,21
1467615,17
1024239,10
1495288,13
1214497,11
1135850,13
1463434,9
1181187,11
1044453,11
1239433,11
1490132,0
1480622,1
1345970,10
1002734,1
1071118,14
1209765,0
1377968,0
1180975,0
1197780,5
1138204,11
1234971,0
1296050,8
1007089,12
1085266,11
1488516,6
1410651,7
1162178,0
1028250,0
1162284,0
1153095,0
1089838,0
1400665,0
1383706,0
1123698,0
1148219,5
1369726,4
1487745,0
1258801,0
1394487,8
1386178,7
1033130,7
1123301,4
1189931,10
1213578,37
1392146,27
1172957,16
1004822,2
1447907,4
1027560,3
1475205,2
1317475,0
1143854,1
1487269,0
1110968,1
1361934,4
1124862,12
1479327,0
1034228,0
1016160,12
1116053,10
1296120,14
1027940,0
1120072,0
1142743,0
1498844,19
1254537,17
1010463,6
1297352,1
1050702,0
1155579,1
1133161,4
1324163,4
1338945,3
1320612,1
1371459,1
1104555,5
1347240,0
1443123,0
1155221,0
1052491,0
1145651,0
1408518,0
1388157,0
1165523,0
1023502,2
1292007,12
1280466,4
1285179,5
1180700,8
1145185,6
1436680,7
1202037,8
1131039,11
1247144,10
1423783,0
1080009,0
1216295,0
1150345,0
1005265,0
1453080,0
1427992,0
1319455,0
1198216,0
1256336,0
1152804,0
1439914,2
1097710,18
1257810,16
1302677,2
1154154,0
1337180,0
1056340,6
1279269,7
1152002,6
1329468,8
1402266,0
1292844,36
1349547,33
1001035,15
1311694,14
1338401,3
1285535,5
1493498,14
1306863,18
1031721,22
1220913,0
1410292,0
1163414,1
1105889,0
1179154,0
1082621,10
1164863,0
1392002,0
1150054,0
1431400,1
1492231,0
1036457,0
1335135,4
1158436,18
1364866,1
1401916,1
1333504,3
1426546,17
1487694,15
1371620,14
1082679,0
1152188,0
1112827,0
1432923,1
1327449,0
1131015,0
1058774,0
1031584,1
1295532,9
1314481,14
1367157,0
1203857,6
1144711,6
1080313,5
1096602,19
1004511,8
1003574,2
1136626,1
1357905,7
1359107,8
1061395,0
1343240,0
1427859,0
1374160,0
1231678,0
1155753,0
1250372,0
1006089,4
1128300,15
1108889,10
1161719,8
1412839,8
1345390,10
1208097,12
1200860,15
1071175,15
1377468,13
1035511,14
1083867,12
1217287,12
1492759,0
1393518,0
1459471,0
1335272,4
1013130,13
1441346,1
1289569,1
1318211,3
1100972,16
1062346,13
1337818,6
1141482,13
1076650,13
1123940,10
1037301,11
1235133,7
1309929,10
1385475,13
1282871,15
1222112,16
1286976,0
1469796,3
1340685,29
1190687,25
1032024,4
1045292,6
1329344,6
1060659,3
1003967,4
1460613,0
1327688,0
1057303,0
1233931,0
1123396,0
1248066,0
1334332,0
1284319,0
1091082,3
1006636,5
1118546,3
1477507,7
1402350,5
1307281,12
1269672,5
1388621,4
1363690,0
1396538,5
1432230,5
1432434,4
1157808,0
1300805,0
1402946,10
1075510,7
1350471,15
1300102,5
1314991,0
1434599,0
1061560,6
1033765,2
1201769,0
1262439,0
1063388,0
1374518,0
1382830,1
1308127,3
1195303,1
1389536,5
1218017,4
1311218,2
1017920,0
1464492,0
1447167,0
1150968,0
1325663,0
1491428,0
1267263,0
1055918,0
1087693,0
1356066,0
1206999,0
1220242,0
1158723,0
1004679,0
1436738,0
1411737,0
1322953,17
1485619,1
1451702,0
1028427,0
1021833,1
1403718,0
1159072,3
1296434,5
1050306,8
1482885,3
1426257,0
1071899,9
1017674,13
1307337,10
1299070,10
1450331,5
1492206,4
1038082,16
1053057,25
1328779,28
1408726,0
1316397,0
1470572,8
1069529,0
1144116,0
1445719,0
1076655,0
1081706,0
1387906,16
1049778,12
1050836,15
1328615,12
1065297,17
1261401,15
1469920,16
1478651,13
1441997,13
1291316,10
1444966,16
1102147,16
1049400,0
1375249,0
1018609,2
1111529,3
1272559,2
1026662,0
1366360,10
1302524,14
1267165,9
1262997,138
1088775,58
1217709,34
1430418,36
1275478,2
1435295,5
1346982,3
1160970,9
1310566,8
1244866,0
1484515,7
1402186,6
1228789,4
1150337,0
1475694,4
1476370,10
1092027,22
1174462,14
1309288,17
1325177,10
1371419,19
1372954,5
1219907,0
1044361,0
1000595,6
1424899,1
1220962,0
1059573,27
1371967,0
1008058,0
1307575,0
1482143,0
1167859,22
1151969,12
1327497,0
1021678,0
1414458,42
1306516,23
1180610,20
1323085,12
1212285,1
1039279,2
1395825,2
1386899,29
1216036,10
1225001,15
1055980,0
1163248,0
1248223,0
1115289,6
1175889,5
1104604,4
1493205,6
1461580,6
1116567,3
1056911,12
1165133,5
1045201,4
1070414,3
1221347,3
1305920,4
1402463,4
1274256,4
1246396,3
1005749,1
1347755,5
1462314,4
1427008,0
1376522,0
1331312,8
1439245,22
1287196,14
1121802,25
1083360,2
1387604,3
1297521,0
1148106,0
1054831,0
1340381,0
1471793,0
1214188,42
1358310,33
1154235,11
1170609,7
1411927,20
1295307,2
1284250,0
1201392,5
1041425,7
1387685,8
1458669,10
1388858,13
1402783,7
1158859,5
1237454,3
1307597,9
1439838,5
1169331,9
1448891,0
1144366,0
1201215,0
1014486,0
1076076,0
1197521,0
1448108,0
1464025,2
1050487,5
1300350,11
1244383,0
1209362,5
1175433,29
1041996,24
1281845,4
1481458,8
1226086,6
1324219,8
1151124,8
1216755,5
1333438,0
1489328,0
1477002,0
1098852,0
1164983,0
1290361,0
1256809,0
1186105,0
1393199,4
1017459,4
1022949,12
1144435,5
1080644,8
1433984,6
1377389,7
1364496,6
1026523,7
1002825,7
1136894,12
1179973,14
1042531,17
1216221,12
1462430,15
1249510,13
1276527,13
1205823,12
1448426,17
1028218,15
1105486,0
1495174,3
1004376,26
1320784,14
1489187,17
1318303,1
1481749,9
1216902,11
1184723,37
1226502,11
1461216,0
1105982,0
1040547,0
1024773,0
1237216,0
1084227,0
1444516,0
1412875,0
1425330,0
1298435,0
1143296,0
1218455,3
1305125,2
1041777,1
1377731,1
1438743,0
1339840,0
1445860,13
1312582,9
1354697,15
1107407,1
1085344,0
1165006,0
1369299,6
1398637,2
1223814,6
1183147,10
1221280,13
1272917,11
1022602,12
1457798,12
1145318,12
1291779,14
1071387,17
1161381,5
1463809,3
1043945,5
1428660,4
1231167,4
1263934,3
1283930,2
1165506,3
1246532,2
1167940,1
1006832,0
1388700,0
1139792,0
1092679,0
1441471,0
1453398,0
1055317,0
1403310,0
1014083,0
1136618,0
1269949,2
1015470,0
1209078,7
1029273,10
1224671,8
1249789,7
1127161,0
1459424,4
1255187,6
1273610,33
1494860,46
1469809,28
1289384,16
1440943,11
1455095,2
1356813,4
1435344,2
1250601,7
1388615,10
1014137,0
1220175,0
1018456,0
1396001,0
1128557,0
1097352,0
1362664,0
1282704,0
1322287,11
1382848,11
1363870,0
1070361,0
1157864,0
1125057,0
1359188,0
1334054,0
1272692,0
1026490,0
1181159,3
1085144,1
1220086,4
1012081,19
1494281,24
1268702,7
1155654,3
1389451,8
1456024,9
1476914,6
1214790,1
1314337,0
1027602,0
1372056,1
1301451,3
1361172,3
1241383,5
1379284,5
1235705,2
1182403,10
1348084,9
1052783,19
1198932,25
1316195,11
1354895,17
1080862,4
1201850,8
1268084,23
1476536,26
1251873,24
1305176,0
1383497,0
1037756,3
1139395,3
1292208,6
1217371,9
1236727,0
1066688,0
1050944,2
1489321,3
1209309,0
1003753,0
1377975,3
1173009,2
1125362,5
1089147,5
1032271,4
1304946,6
1313934,7
1420456,9
1435029,6
1268871,6
1446385,22
1137736,9
1464178,6
1129429,6
1173914,8
1209410,15
1286612,10
1349508,12
1094927,6
1277410,12
1179754,10
1319597,11
1139374,11
1046291,0
1017579,6
1269118,11
1430936,0
1020389,4
1397322,1
1222271,9
1292674,22
1437835,21
1397433,4
1318618,6
1003233,7
1020071,7
1026349,7
1057370,7
1267098,6
1374721,6
1264193,6
1001959,20
1114825,8
1063760,7
1256517,7
1444323,0
1063688,8
1267215,21
1225113,16
1001235,17
1260541,5
1488536,3
1416203,9
1394998,8
1425594,10
1319480,0
1101584,0
1169870,0
1098498,0
1363190,0
1130649,0
1492037,0
1151988,0
1044024,0
1426570,0
1031682,0
1434359,1
1012465,0
1005381,3
1224590,2
1172089,0
1403309,1
1092034,10
1236029,0
1168852,0
1099677,5
1093858,12
1059843,25
1012745,26
1430112,16
1479236,7
1103994,8
1093267,24
1173814,15
1082751,0
1310040,2
1495262,11
1472174,7
1251039,5
1039265,6
1208172,6
1112432,5
1409411,6
1451100,5
1074440,5
1034558,18
1176365,18
1094576,20
1392466,18
1055474,17
1217360,10
1271801,17
1345064,18
1401294,19
1024879,17
1057421,0
1246771,5
1232056,23
1034367,20
1033617,22
1003218,5
1481969,2
1038947,8
1396320,7
1043673,9
1034125,0
1007900,14
1104045,1
1349952,0
1183866,1
1398163,0
1188811,17
1431359,23
1022402,0
1113928,0
1147078,25
1065907,24
1354825,17
1177980,31
1201164,13
1003099,15
1002495,15
1365578,8
1419626,11
1195370,17
1297532,7
1192446,7
1039474,8
1282502,7
1190011,0
1061568,0
1389377,13
1358438,6
1089351,30
1474431,0
1323284,0
1355349,0
1419613,18
1367988,43
1283225,6
1203085,20
1190203,6
1446915,8
1119724,7
1070558,8
1139943,8
1184750,0
1496674,0
1066650,0
1000985,8
1486680,5
1341774,3
1339391,2
1308505,13
1435633,7
1386849,14
1379099,16
1219650,17
1356379,5
1380958,0
1342952,0
1339521,10
1093789,16
1403569,13
1352929,1
1380785,1
1278694,3
1460527,5
1361358,5
1459822,13
1305254,16
1451735,18
1129026,17
1148456,15
1219726,10
1430307,13
1253049,19
1432323,18
1348068,0
1244298,0
1260622,0
1349633,0
1150838,0
1030243,0
1220817,0
1246990,0
1149550,0
1231529,0
1317716,0
1126370,3
1008110,21
1423383,17
1004659,19
1038509,5
1407977,3
1026691,9
1024597,9
1116633,9
1345747,6
1420393,7
1358056,11
1406018,8
1035550,10
1097311,17
1192832,11
1176978,5
1171909,6
1428117,5
1423315,5
1265837,5
1356525,5
1205477,5
1428458,0
1228888,0
1497243,8
1318753,0
1355554,0
1059984,0
1094135,0
1316514,0
1205603,0
1222855,0
1220274,24
1271480,27
1342721,26
1336270,14
1364688,17
1281752,16
1093297,10
1027654,15
1365653,16
1425548,16
1008773,7
1008574,8
1108380,4
1345723,3
1280856,2
1217729,5
1312629,4
1343650,8
1343822,9
1325627,7
1240091,8
1027368,3
1235410,3
1360992,2
1069927,5
1160894,4
1433729,18
1074540,0
1209661,6
1407586,26
1258824,7
1463585,0
1240414,0
1347735,9
1456243,30
1294366,19
1267876,0
1494455,0
1214425,0
1363784,4
1418399,23
1055166,0
1281197,0
1142620,0
1392306,6
1143676,4
1136999,1
1287425,1
1111884,1
1387039,6
1463169,3
1083258,5
1490887,2
1006545,3
1400409,13
1240207,5
1173342,5
1306896,8
1010409,11
1394810,19
1077316,17
1135228,2
1302997,3
1102705,4
1148385,7
1427360,20
1079149,0
1075559,8
1325619,8
1276615,20
1191397,3
1257720,13
1217814,8
1169274,6
1447542,10
1466039,17
1066597,18
1096629,23
1266012,17
1271431,18
1008008,0
1095570,7
1055136,6
1336000,14
1472836,12
1191333,10
1235816,6
1483921,5
1395368,4
1094038,4
1105815,6
1314631,6
1026138,0
1191882,2
1344759,13
1411078,7
1369846,6
1109552,7
1381175,4
1192894,5
1001951,6
1421430,8
1429773,0
1240373,0
1467559,6
1242372,3
1242379,0
1218259,0
1142876,0
1403767,0
1232994,1
1107845,1
1066977,24
1467682,63
1085069,49
1418851,27
1217236,21
1174458,6
1195403,51
1220035,22
1462839,20
1287164,20
1001071,7
1429537,8
1378787,7
1347235,19
1247051,0
1076387,6
1443855,3
1028510,4
1219752,0
1179883,0
1204147,24
1000796,27
1314952,26
1442368,0
1384173,7
1104417,11
1377616,11
1253092,6
1064390,6
1374399,6
1145942,7
1306281,8
1042427,14
1039235,19
1270474,19
1387994,13
1204001,15
1146761,18
1160004,12
1274185,12
1271542,17
1124445,8
1417329,8
1468716,1
1049153,4
1418671,8
1440725,4
1043632,7
1131507,6
1109600,7
1024610,5
1404758,7
1337054,8
1152418,6
1461002,63
1122525,9
1359951,7
1345367,6
1292317,0
1375107,31
1301610,5
1150676,0
1116620,0
1299709,5
1454164,7
1068339,15
1131994,12
1452032,14
1268214,13
1261241,12
1209168,11
1106716,14
1104690,15
1179493,0
1048344,5
1186948,10
1435035,7
1376824,5
1298051,1
1020593,3
1177502,9
1156704,9
1191925,8
1058785,9
1471133,5
1071254,2
1087869,6
1437124,12
1440286,12
1115564,12
1314342,0
1407720,0
1050572,3
1471014,8
1102279,37
1073296,0
1001420,0
1310282,0
1214363,42
1203613,30
1118702,20
1345691,23
1013458,15
1414435,22
1102838,3
1356018,4
1397416,5
1024198,4
1069242,4
1492637,2
1194849,20
1248010,18
1419217,2
1328270,1
1454997,1
1067822,6
1258110,7
1348027,4
1256555,3
1181713,2
1414766,5
1017146,3
1287363,21
1056033,18
1198423,7
1364412,6
1066449,5
1005166,5
1296158,4
1192897,16
1242406,25
1266765,16
1439805,6
1228845,0
1398564,0
1034193,0
1340687,26
1000237,8
1398867,6
1498335,5
1125114,4
1090818,2
1319634,5
1099027,5
1486214,9
1102434,9
1167018,8
1299648,20
1470573,15
1092183,14
1450872,13
1084546,12
1432435,11
1443500,8
1131071,10
1368660,12
1403213,13
1107202,11
1263782,22
1331170,20
1460264,18
1426141,15
1234948,9
1421162,3
1058212,10
1103651,18
1066515,19
1462332,3
1279293,6
1332514,0
1140533,0
1212897,11
1287056,10
1048549,12
1020570,3
1137531,0
1086367,3
1316077,13
1061575,4
1303294,12
1376825,7
1324963,5
1165658,6
1483489,7
1294285,16
1403800,17
1132303,20
1257856,33
1019496,29
1387167,0
1162278,0
1028630,2
1201509,7
1429858,6
1455208,6
1101218,6
1335329,6
1103583,6
1359875,19
1337050,34
1391771,46
1146344,36
1302275,40
1425677,16
1359004,7
1480962,15
1323812,22
1061472,20
1206863,5
1389125,5
1425734,6
1173685,6
1349089,6
1421410,6
1090311,6
1442624,3
1497803,3
1208465,13
1088239,1
1120442,2
1399354,4
1180298,6
1471974,7
1013299,10
1420814,10
1287492,18
1064175,13
1396116,13
1167138,13
1316677,13
1233252,0
1253592,0
1398291,3
1240628,0
1499610,0
1374566,0
1407030,0
1394499,0
1456666,0
1026147,0
1096290,0
1014622,5
1188670,16
1141504,0
1413796,0
1202092,0
1050649,0
1267399,0
1398009,0
1362163,8
1014376,24
1126925,22
1022475,0
1237898,0
1036089,0
1406614,0
1370785,19
1499126,0
1381677,0
1024838,0
1334533,0
1227943,1
1263791,0
1459846,0
1470758,0
1038905,0
1373055,0
1408796,0
1021287,0
1362049,0
1305031,0
1152312,2
1440771,0
1187170,9
1333857,3
1403116,17
1445194,12
1007138,0
1187461,4
1026257,4
1441563,5
1070835,0
1305429,0
1055665,0
1157152,0
1311164,0
1427990,0
1104489,0
1111825,9
1447194,0
1363630,0
1084048,8
1406741,8
1130968,8
1218838,8
1476647,19
1289757,12
1303822,6
1332264,0
1135584,7
1438137,8
1294141,11
1320980,7
1234430,17
1023244,14
1055728,2
1482952,0
1096103,22
1441078,22
1324485,0
1181824,3
1471619,2
1084847,1
1027455,1
1281529,0
1013702,0
1304798,0
1066172,1
1032931,4
1180413,4
1437438,0
1334218,0
1347941,13
1389643,7
1315664,14
1359741,13
1411569,25
1347488,8
1225994,4
1327384,2
1244799,3
1180905,9
1301631,3
1168148,0
1469529,0
1391432,0
1314764,0
1315854,0
1480821,0
1127406,0
1404354,0
1489408,5
1174805,5
1037167,0
1261905,0
1231013,0
1286531,0
1404655,0
1366645,0
1123959,0
1015959,1
1296737,6
1224486,4
1360259,0
1208838,0
1097126,0
1155822,0
1399625,0
1248988,0
1306893,0
1092132,0
1024168,0
1049337,0
1035365,0
1415138,27
1127856,23
1172386,0
1117249,0
1003516,0
1279245,22
1256438,0
1202794,0
1044876,0
1207506,0
1270213,5
1320039,5
1147947,12
1223081,7
1419834,0
1330961,0
1435944,0
1172547,0
1444883,0
1306041,0
1321470,0
1019808,14
1053634,19
1175478,20
1463966,1
1031861,3
1124451,3
1497710,3
1070647,5
1037784,3
1326168,2
1441485,0
1022671,3
1283181,3
1083889,0
1378453,0
1434331,0
1311554,0
1111904,0
1430955,0
1455829,0
1182896,2
1205862,16
1215917,20
1140520,8
1401330,8
1370827,0
1210510,0
1444583,0
1180513,0
1153574,1
1463014,0
1079096,0
1196866,0
1421929,5
1305781,2
1355984,0
1193016,22
1338781,3
1268959,0
1080975,0
1156713,0
1277454,12
1480116,0
1416723,0
1370466,0
1121896,0
1093815,0
1171798,4
1110818,12
1368837,5
1016415,4
1300798,8
1093179,11
1305192,20
1095872,14
1057541,5
1144479,7
1265509,1
1193741,0
1401074,0
1290336,1
1472495,1
1030352,0
1304927,6
1452763,9
1181252,2
1048036,3
1365192,0
1247734,0
1047893,0
1476634,4
1219150,15
1418704,14
1234436,1
1450413,6
1174742,3
1011859,8
1231323,13
1085320,2
1030496,2
1133342,16
1425452,10
1349084,15
1301951,0
1055047,2
1109479,3
1196856,35
1100420,1
1426580,0
1032184,0
1461768,13
1058161,40
1482071,4
1118423,12
1143761,9
1173022,24
1302221,1
1175233,2
1174841,4
1160861,4
1434397,0
1474096,7
1335769,0
1045993,12
1349802,13
1177881,17
1457076,12
1443780,9
1292750,10
1211721,10
1067400,10
1433069,0
1397198,0
1379504,0
1185911,0
1091958,0
1109333,0
1167180,0
1081167,0
1087268,0
1221495,0
1053449,3
1041898,17
1309464,19
1351500,3
1342397,1
1320336,1
1009743,3
1294351,0
1082781,0
1119851,0
1467408,2
1210552,0
1096404,0
1273993,0
1219560,0
1082763,6
1491444,8
1203029,1
1344951,3
1180354,2
1325435,2
1445951,1
1294628,3
1419171,0
1004866,2
1174471,8
1499724,15
1303018,11
1484881,12
1336482,8
1263568,12
1014154,12
1145983,15
1329014,20
1043533,0
1263261,0
1204894,11
1284763,10
1434903,10
1160971,6
1285880,6
1019892,8
1069139,18
1125818,16
1167503,7
1051775,2
1241441,2
1111497,3
1381275,2
1401879,0
1255183,1
1011053,4
1052343,0
1036170,0
1338985,0
1076504,0
1253353,0
1197539,0
1012486,0
1127637,0
1452181,5
1488970,4
1311318,12
1181114,9
1238128,8
1349833,6
1318144,12
1187485,4
1467015,16
1460483,6
1412024,19
1187938,24
1483675,0
1044692,0
1309244,0
1315121,0
1244194,0
1029370,0
1406179,0
1087358,2
1062484,3
1286223,1
1411487,0
1434063,0
1107783,0
1067126,7
1067371,11
1245636,7
1305132,0
1439843,2
1408670,18
1320423,16
1147326,6
1487198,3
1127530,3
1215467,1
1404880,5
1219365,4
1192293,3
1058833,0
1211291,3
1493775,5
1260238,0
1448531,0
1353151,0
1409437,0
1357379,0
1339529,0
1471069,0
1360746,0
1452041,2
1398366,5
1208370,5
1472409,3
1145189,5
1375565,7
1171033,6
1337888,10
1184696,10
1350494,9
1464443,6
1029249,6
1382621,0
1368162,0
1180259,0
1284213,0
1320512,0
1058888,0
1496541,0
1192877,0
1221066,0
1000531,0
1368579,2
1320374,25
1176713,20
1300373,3
1397866,4
1386107,0
1320006,10
1286910,15
1492031,2
1360663,0
1185115,3
1027999,2
1262160,1
1008521,1
1494129,2
1407133,3
1193391,0
1216224,0
1211468,0
1204072,0
1344591,0
1484430,0
1271581,0
1467395,14
1286932,21
1117604,19
1446214,0
1372850,0
1206927,0
1094093,0
1332724,19
1145862,0
1189322,0
1140102,0
1048802,0
1251786,0
1240478,0
1062248,0
1457291,0
1286949,0
1113433,0
1102829,0
1427631,0
1090565,0
1300353,1
1308012,0
1048558,0
1383758,5
1389582,3
1201819,1
1121620,15
1397812,8
1324630,0
1222494,8
1403403,11
1140050,13
1494088,0
1397155,0
1449226,0
1133501,0
1467808,0
1074575,0
1486099,0
1048727,1
1006233,0
1068633,0
1213448,5
1084107,6
1157687,7
1293087,7
1311764,9
1477226,0
1373589,6
1482068,8
1373505,4
1374634,9
1415718,13
1481039,18
1264789,10
1275191,22
1135404,23
1134765,2
1365045,3
1331309,2
1334098,3
1046455,0
1473987,2
1382211,0
1030032,7
1177914,9
1367594,11
1056805,5
1008514,5
1277523,4
1074310,4
1269004,8
1222155,8
1384559,12
1445028,7
1196216,19
1269071,8
1119152,9
1282614,1
1476589,0
1381427,0
1419068,5
1246867,0
1208872,5
1443503,0
1079579,0
1402483,0
1158661,0
1295298,0
1211532,0
1365024,4
1300579,4
1088345,0
1356809,0
1080195,0
1426286,0
1013600,0
1112824,0
1484768,0
1468658,0
1025677,0
1202168,0
1324376,9
1209888,74
1013207,23
1032261,11
1436558,2
1137097,0
1262296,36
1254566,1
1057706,0
1487137,0
1150878,6
1093883,7
1005103,6
1387118,20
1247256,0
1431663,0
1317967,0
1070796,0
1231736,0
1147571,0
1287198,8
1310572,32
1474583,25
1291932,0
1404048,0
1465742,0
1223823,0
1426137,0
1459860,0
1430159,3
1021450,5
1276823,3
1349255,5
1249505,0
1206767,0
1094469,5
1278323,4
1173977,7
1140787,2
1116819,5
1252003,18
1352888,10
1128508,8
1390449,0
1083362,0
1224403,3
1197207,0
1219833,5
1009290,0
1320991,0
1248026,0
1292318,5
1055337,2
1000116,8
1499174,37
1254585,1
1301578,19
1454563,0
1235291,0
1153581,0
1065743,0
1441830,0
1071687,0
1235991,0
1357362,0
1224648,4
1042687,5
1435100,6
1386731,0
1030695,0
1254045,0
1392602,11
1443272,17
1374367,4
1212449,5
1219033,4
1108446,0
1207845,0
1336688,2
1289787,4
1207552,9
1487007,0
1209615,5
1497854,3
1070733,2
1299413,0
1037986,0
1174242,4
1456990,30
1102292,0
1135029,0
1320860,4
1480834,3
1066544,36
1076907,0
1308113,0
1351526,0
1072003,27
1162592,26
1248568,7
1443519,4
1141805,18
1241572,0
1060117,11
1095707,13
1091182,11
1463873,8
1388692,7
1142485,1
1492454,0
1341745,6
1487956,11
1272459,6
1042371,1
1347537,0
1041719,0
1295444,0
1278768,0
1440616,0
1213359,0
1107278,0
1431670,0
1129977,0
1312066,0
1319481,19
1363648,20
1280225,2
1354295,2
1399761,0
1280365,0
1127415,0
1055248,11
1203463,10
1381766,3
1093377,0
1119745,4
1251432,0
1286984,0
1309768,3
1395486,0
1052944,0
1187833,1
1143497,1
1164512,0
1140262,0
1142480,15
1108132,19
1362940,12
1227656,8
1260972,18
1448800,7
1329069,16
1137381,11
1118094,13
1185269,8
1247893,7
1455149,6
1338727,17
1293085,13
1022670,0
1098084,4
1395007,18
1008082,7
1255856,20
1212779,3
1213187,3
1112212,6
1155253,13
1146461,14
1414636,0
1417793,0
1057520,3
1004214,2
1058135,7
1003459,0
1366195,0
1336103,0
1385647,5
1171591,3
1043700,11
1330119,3
1134462,7
1067376,8
1312395,5
1358238,7
1083003,11
1243872,15
1065542,13
1331381,12
1033631,1
1413962,1
1396181,1
1267612,0
1062790,0
1412337,1
1191743,4
1236936,3
1444312,5
1031664,0
1494935,0
1471250,17
1028420,10
1201168,22
1044920,9
1398093,9
1342490,11
1348533,15
1402030,15
1248175,0
1118685,0
1014131,0
1025147,0
1346618,0
1300033,1
1463743,0
1178038,6
1171185,9
1110962,14
1091807,0
1182872,0
1036586,9
1235005,1
1070988,0
1132084,0
1134359,0
1433692,0
1312122,0
1211899,0
1440242,7
1071747,0
1255434,0
1358588,8
1075081,13
1444995,11
1123405,3
1369584,5
1274564,5
1379701,0
1162985,0
1309985,0
1181215,0
1156744,0
1062078,0
1075144,0
1283850,0
1066268,0
1491526,0
1253958,0
1345883,12
1289049,15
1088169,3
1335974,1
1473427,7
1113898,23
1302251,0
1074640,5
1279043,0
1027337,2
1117583,0
1499218,0
1415442,16
1279459,35
1484875,29
1136982,0
1451719,0
1387920,11
1297893,0
1423597,26
1153606,0
1068952,0
1101454,0
1184273,0
1292802,1
1305756,0
1334411,0
1489347,0
1394547,0
1031100,0
1046296,0
1405738,0
1070227,0
1125353,0
1283683,0
1486052,0
1433039,1
1306038,6
1438909,5
1246961,15
1089876,8
1089133,1
1102306,3
1480951,3
1033763,5
1144073,0
1191055,0
1181166,0
1077761,0
1198249,0
1003774,0
1105094,0
1297253,0
1255680,0
1356046,2
1149541,2
1315946,3
1130490,3
1455454,1
1052719,1
1253938,1
1380861,1
1243278,9
1251759,10
1313449,12
1299247,8
1011658,7
1429750,12
1478428,6
1092421,9
1076975,12
1072256,18
1262007,0
1277261,2
1452624,28
1326094,23
1111913,0
1006757,9
1352307,5
1083018,3
1168700,2
1394147,3
1207902,0
1350935,0
1115240,0
1222986,0
1287849,0
1391368,0
1290682,0
1012825,0
1306478,3
1391652,1
1404904,9
1304742,7
1178964,17
1052107,16
1071420,0
1362930,0
1216157,0
1389546,3
1249514,6
1270031,4
1294598,0
1179239,0
1050303,5
1087011,2
1227664,12
1163122,0
1095113,0
1202063,0
1444462,6
1019836,4
1168044,0
1068035,0
1179968,2
1386801,0
1129631,0
1463595,0
1194176,0
1199855,0
1478743,6
1475126,6
1077708,0
1336265,0
1102611,0
1281991,0
1179481,0
1150635,0
1422895,0
1213113,0
1167346,0
1295691,0
1447908,0
1372928,10
1132512,0
1132676,0
1151245,0
1175015,0
1111506,11
1001680,0
1290443,0
1327452,0
1389512,3
1034827,2
1033446,3
1434236,1
1460815,1
1494171,8
1442168,8
1285602,8
1094372,18
1053666,0
1351771,0
1064374,0
1317412,0
1300491,0
1466619,0
1149000,22
1113377,31
1402941,27
1224442,0
1149258,0
1115642,0
1137861,0
1321337,0
1456547,0
1239251,0
1016677,0
1295373,1
1199633,1
1207745,0
1332437,7
1295195,11
1238168,8
1401191,1
1320351,0
1015073,0
1440436,0
1488196,12
1084735,20
1359162,2
1443654,1
1402507,0
1242371,1
1416825,6
1084128,6
1317479,1
1096050,9
1118030,8
1051015,8
1151085,0
1150146,0
1322647,6
1301833,2
1457613,15
1325195,0
1359067,0
1425528,0
1453846,7
1282703,4
1022766,0
1462456,16
1154248,0
1147729,0
1263599,0
1030093,0
1262202,8
1408762,0
1095333,0
1319045,0
1158313,0
1100676,7
1158135,5
1171800,2
1026264,0
1321385,0
1050460,0
1146215,0
1419175,17
1372396,16
1301176,0
1224034,0
1331102,3
1365952,0
1252222,0
1121534,0
1141516,0
1258187,0
1459196,6
1429767,5
1406304,0
1374485,2
1095596,2
1368104,0
1444468,1
1051830,1
1394484,2
1131655,0
1150992,8
1040372,7
1237367,13
1434129,8
1164972,2
1419007,1
1067868,3
1442880,8
1310723,2
1493855,3
1296951,11
1399854,0
1394510,9
1045208,11
1496500,5
1363459,34
1071433,0
1336903,0
1221557,0
1117672,16
1090698,15
1252213,3
1299848,6
1448417,21
1073006,1
1148432,1
1332496,1
1219073,0
1438003,0
1195553,16
1342462,6
1049247,7
1216539,1
1219585,8
1266338,8
1377021,3
1219958,3
1217087,3
1219445,0
1220798,0
1202899,0
1479383,0
1409834,0
1193733,0
1337968,0
1061532,0
1031241,0
1224330,0
1273205,0
1167783,3
1462600,27
1264988,31
1369393,3
1173623,6
1069542,6
1254356,2
1220623,1
1376159,3
1488744,0
1463122,0
1319687,0
1247231,0
1230288,3
1488675,0
1422970,0
1051688,0
1167223,7
1459041,11
1135750,0
1029579,2
1008796,2
1277631,2
1481378,1
1348069,0
1283100,1
1360701,6
1326014,0
1363993,0
1065978,14
1124674,15
1031580,15
1076145,9
1062552,3
1043014,10
1219837,9
1496028,8
1370308,0
1085737,0
1135400,1
1190020,0
1491603,0
1421823,0
1124519,0
1060240,0
1213853,0
1489926,0
1045879,5
1115000,2
1479186,1
1152086,0
1232423,0
1338458,0
1391466,3
1176775,3
1026126,2
1020680,0
1187407,0
1188742,0
1462532,6
1428580,0
1266752,12
1493963,0
1228618,0
1269353,0
1130227,6
1352515,4
1405754,8
1462537,8
1073284,13
1143333,6
1391582,11
1246710,11
1056463,17
1008614,22
1356351,22
1118153,16
1375132,0
1444878,0
1481499,0
1271829,0
1414372,0
1021248,0
1444240,0
1406839,0
1040908,0
1356602,2
1471895,0
1452669,0
1254741,0
1400085,0
1080022,0
1157952,0
1133636,0
1218626,0
1273704,0
1120877,0
1110134,0
1197052,0
1032047,0
1304997,0
1368918,0
1078393,0
1118619,0
1411856,0
1130724,1
1486220,1
1351735,0
1004481,6
1479465,23
1396311,0
1349762,0
1045436,0
1147287,0
1136838,0
1326030,10
1198850,13
1328665,11
1320507,5
1245813,10
1475592,10
1038031,10
1419046,7
1401794,9
1291874,7
1383474,13
1318041,12
1003371,0
1359908,0
1016502,0
1396732,0
1333058,0
1492727,0
1339466,0
1237611,0
1465922,0
1014413,0
1098767,0
1279968,0
1430777,17
1077154,24
1491416,4
1189411,5
1121542,7
1096392,7
1345025,6
1025888,4
1360530,0
1319476,42
1045099,15
1445467,24
1109996,28
1440417,0
1437101,0
1029001,10
1121941,16
1359060,15
1038600,0
1046027,5
1479609,5
1272693,3
1395444,23
1178578,0
1100120,0
1432675,0
1475773,17
1366625,2
1027667,0
1189946,0
1021695,15
1261027,7
1246152,3
1172447,0
1119251,0
1113612,0
1363498,0
1034750,0
1053349,0
1038291,0
1435821,0
1307291,0
1027398,0
1282035,0
1302999,0
1344130,13
1482823,0
1494106,0
1197419,5
1349078,3
1152665,3
1149622,18
1306213,4
1402790,1
1161069,2
1256887,5
1307235,5
1292295,0
1399190,0
1266238,0
1444705,0
1470695,0
1390864,0
1348562,0
1144931,0
1206962,5
1308925,3
1461376,0
1049919,5
1135861,15
1141169,8
1468767,7
1161253,14
1458704,11
1153704,9
1458020,8
1130233,11
1461252,10
1474533,9
1153827,16
1150000,7
1135028,0
1254653,0
1083295,4
1361680,8
1001624,2
1468167,9
1305260,29
1440011,13
1196056,14
1015226,8
1339966,6
1133854,10
1341586,10
1031378,10
1066825,8
1445758,9
1120047,10
1132152,12
1448722,13
1164468,0
1376712,14
1367646,22
1298238,17
1398643,1
1325274,2
1183298,1
1174310,4
1487849,4
1228616,2
1072809,0
1448418,0
1321874,0
1417088,0
1153076,0
1186368,0
1335600,0
1028529,0
1408664,5
1485113,4
1090779,13
1274893,15
1256154,10
1178881,21
1496602,3
1363863,6
1208445,2
1094342,2
1166273,1
1199984,2
1225216,17
1421630,10
1482077,5
1015148,0
1355744,10
1371099,1
1329499,0
1433843,0
1068858,6
1031013,3
1434474,0
1103153,0
1376770,0
1495479,0
1141469,0
1038934,0
1012475,0
1138392,3
1486675,4
1081039,0
1160606,0
1475934,0
1446692,0
1093602,0
1341098,0
1457395,0
1158067,0
1048678,0
1304391,0
1103899,0
1440086,2
1233427,0
1431673,0
1272569,0
1374065,0
1465484,0
1033877,3
1377670,0
1320396,0
1055872,2
1086214,0
1097976,0
1237099,0
1126164,8
1090327,8
1428535,8
1498754,8
1429174,0
1420037,42
1483609,40
1058279,28
1030092,11
1261440,0
1130092,0
1098918,5
1208791,18
1203036,12
1035466,0
1397224,0
1076146,9
1448564,0
1194817,0
1480765,0
1183307,0
1219991,0
1361881,22
1142410,21
1133931,14
1252838,15
1142162,15
1376318,13
1081486,11
1363674,10
1449824,10
1353652,8
1234686,13
1407930,1
1262868,1
1122970,0
1044940,0
1381660,0
1252882,0
1369127,1
1055591,16
1288550,12
1265645,7
1067356,10
1282200,112
1137357,70
1396043,35
1269970,21
1350440,0
1308326,0
1242087,0
1043619,12
1222185,14
1270686,0
1184845,5
1330894,4
1067964,4
1300660,1
1305187,1
1211863,8
1476145,8
1313695,8
1009224,10
1440261,12
1226702,10
1100074,1
1394039,14
1013085,0
1200472,0
1309177,5
1410555,3
1454059,2
1178356,0
1117913,29
1170183,0
1484069,0
1227336,0
1271122,0
1128406,0
1413258,0
1356382,0
1057904,0
1402145,29
1475657,29
1467695,24
1147970,19
1378850,6
1121390,0
1237926,0
1492615,0
1006586,19
1000914,16
1253128,11
1037684,0
1482036,3
1405609,4
1116488,0
1102348,4
1223837,20
1160879,9
1018065,26
1207162,20
1368739,25
1126912,13
1331346,21
1154903,21
1207416,0
1387833,0
1149195,25
1482011,5
1255519,41
1230230,0
1453288,0
1313222,6
1179829,38
1381272,22
1220305,2
1262942,10
1331634,6
1256019,19
1209053,0
1495820,5
1224577,5
1424443,3
1137664,8
1496575,9
1309366,10
1193003,0
1030480,5
1006018,0
1100845,6
1129615,9
1452758,8
1464006,0
1110657,0
1237923,0
1322369,0
1201860,0
1293914,0
1030911,0
1248673,2
1117487,0
1062083,6
1034224,1
1214264,23
1252968,18
1281877,2
1055267,1
1450619,0
1140133,2
1381871,0
1208129,0
1294110,0
1393207,0
1361224,0
1071035,0
1008040,0
1280618,0
1225125,1
1340348,0
1133718,3
1442140,5
1205338,8
1209426,5
1373086,4
1422131,11
1303565,11
1421454,10
1119550,10
1004410,13
1054492,12
1029733,14
1177231,10
1456961,9
1015288,10
1077552,10
1488566,9
1184657,13
1399814,11
1205618,8
1156440,12
1069575,13
1049835,11
1208125,8
1092107,2
1246248,0
1200152,2
1183897,17
1391457,10
1077080,0
1235413,0
1363192,3
1294031,0
1340407,0
1009810,0
1207212,0
1484000,0
1466931,0
1049774,0
1493390,4
1107738,6
1354760,6
1152740,3
1488573,2
1254335,2
1277416,1
1495339,1
1269606,2
1467660,1
1261758,15
1383028,0
1100816,4
1011186,0
1167614,11
1487942,2
1095222,0
1061572,0
1165313,6
1237510,4
1439251,8
1202885,11
1495109,9
1287808,10
1135792,10
1336861,11
1161565,8
1106260,10
1410886,14
1282451,12
1062042,0
1091060,4
1349895,6
1094183,2
1245680,0
1225773,0
1487581,13
1476033,17
1081813,11
1417238,7
1455516,0
1136179,0
1406428,0
1367101,0
1003446,0
1222905,0
1130480,0
1444668,0
1194100,0
1009225,0
1405077,0
1059635,0
1271568,0
1244089,0
1265246,1
1266540,2
1448665,4
1229877,0
1213424,1
1385344,11
1078717,3
1042405,44
1164413,34
1161731,21
1413059,14
1369957,0
1087168,0
1367814,0
1271501,0
1102552,6
1234697,3
1112506,2
1359586,6
1341593,3
1216771,6
1416809,5
1460059,6
1327917,5
1452772,8
1142843,9
1230871,0
1438599,13
1304303,12
1459823,1
1179762,0
1200300,0
1268189,0
1186251,0
1145216,0
1056319,0
1270356,14
1295495,15
1110276,0
1085916,0
1175672,1
1420970,2
1146248,0
1493195,0
1062944,0
1242833,0
1468396,0
1278331,0
1177901,5
1439633,6
1239742,8
1463605,15
1115062,28
1080694,12
1403223,9
1058371,6
1260035,7
1119877,17
1364771,25
1309451,32
1091337,0
1067887,0
1381756,9
1208306,6
1275036,9
1372659,0
1293301,0
1242985,0
1498374,2
1397018,5
1325001,15
1166942,13
1279987,18
1161127,19
1305115,14
1417280,16
1177789,8
1314218,10
1184287,20
1389191,11
1468082,0
1288867,0
1441255,14
1214742,11
1441994,13
1247355,6
1281129,0
1135082,2
1180798,8
1014022,13
1064715,1
1222096,5
1331278,5
1308134,5
1282672,18
1285191,5
1067610,0
1450588,3
1130786,11
1249067,0
1353480,0
1009158,2
1310983,16
1397538,6
1114236,0
1307389,0
1488789,0
1247508,4
1174313,14
1458394,0
1410058,4
1259885,7
1372618,18
1356431,10
1310702,15
1193664,9
1033546,7
1282739,15
1256432,14
1038203,14
1386720,12
1230317,11
1426825,17
1095464,16
1407626,9
1499434,17
1091316,17
1359888,7
1303070,0
1218776,3
1421988,15
1069629,12
1024500,14
1496161,10
1499073,12
1201097,13
1481016,15
1010567,15
1300533,0
1135306,20
1191685,17
1411826,6
1240720,3
1024033,4
1197503,5
1299438,7
1144255,2
1215569,2
1011286,3
1023628,5
1190645,4
1461607,4
1083166,4
1230195,2
1036190,9
1268737,5
1064545,15
1261566,27
1444737,5
1223485,7
1140087,3
1012078,5
1086440,2
1256557,5
1211267,1
1361772,11
1486238,15
1299905,14
1312920,11
1364559,5
1368295,7
1371908,4
1279456,7
1006430,9
1350437,0
1239916,0
1385485,3
1405350,0
1132871,0
1379933,0
1095292,0
1292161,0
1099989,0
1210814,0
1323236,0
1366790,12
1411775,0
1360888,0
1145757,0
1498106,0
1334795,22
1465746,0
1268625,0
1431795,0
1390196,3
1071864,8
1431774,9
1421532,0
1028461,23
1275186,41
1193030,24
1103832,26
1464245,9
1154085,7
1483205,19
1212985,11
1078587,32
1249518,14
1402512,16
1471457,18
1073637,19
1487515,0
1146888,7
1344425,12
1205825,1
1079675,4
1278487,1
1162091,0
1485716,10
1123773,16
1315565,10
1344422,11
1371858,6
1356796,6
1414563,13
1394323,14
1469547,16
1184440,0
1382956,7
1365266,9
1251220,12
1243970,8
1256599,7
1439037,7
1251058,7
1035192,7
1366948,7
1001412,0
1389027,33
1406711,25
1070287,9
1084653,19
1137633,0
1233884,0
1315294,0
1282318,11
1206406,10
1178015,8
1411070,2
1011507,6
1043439,19
1174150,13
1142750,25
1368289,9
1334468,1
1227184,3
1203740,7
1250707,9
1211901,0
1131553,41
1237309,0
1096812,0
1200160,0
1308355,0
1166147,40
1387365,14
1210136,0
1090451,0
1495114,2
1438706,12
1352093,15
1422053,16
1332317,11
1178329,6
1467909,2
1347977,15
1445235,17
1365395,19
1218158,4
1053275,1
1387243,3
1340776,0
1232517,10
1431745,14
1409084,13
1238567,8
1332352,4
1056398,8
1458594,13
1165358,7
1215907,7
1048759,6
1073586,6
1461970,5
1139288,9
1364414,0
1063313,0
1101076,6
1187916,4
1400819,35
1451604,0
1378838,0
1402916,0
1027653,22
1301859,42
1184567,4
1008654,11
1446086,6
1014434,25
1068604,5
1288249,1
1389080,1
1153559,5
1329008,13
1305198,4
1491765,10
1154973,7
1484482,13
1223398,12
1181412,12
1229754,10
1416643,0
1472800,0
1439087,12
1049933,11
1021975,17
1289229,0
1143368,4
1147171,1
1110507,5
1419295,17
1283293,0
1213221,21
1479763,30
1318333,3
1391833,6
1177177,1
1239490,2
1151322,4
1354125,6
1251542,0
1002198,5
1182114,12
1317797,4
1099240,6
1147027,0
1387532,6
1337131,1
1122711,3
1025876,6
1050592,9
1140398,9
1222795,8
1076157,7
1234963,6
1412995,4
1384852,4
1012906,4
1409929,6
1314185,10
1089683,0
1268696,0
1242095,8
1265774,9
1071735,8
1308362,4
1096086,5
1215049,13
1041134,15
1187872,15
1271646,1
1304503,1
1464644,11
1415679,16
1177460,14
1499858,8
1301887,9
1020443,16
1464381,19
1291113,29
1015560,0
1041893,0
1418371,2
1135509,5
1314498,0
1059275,0
1029762,0
1489207,0
1493103,0
1240314,0
1127292,3
1110530,1
1163817,4
1407890,4
1467062,7
1234965,7
1321783,7
1349364,7
1342102,7
1180457,14
1144924,6
1106874,16
1066372,12
1297157,24
1359349,4
1186984,0
1171282,1
1392045,9
1236497,10
1211448,13
1294685,14
1058284,17
1027595,16
1497001,13
1211478,12
1270199,11
1252414,14
1476428,16
1352942,15
1072941,4
1205668,5
1034901,4
1230021,3
1375305,1
1241472,1
1479790,7
1196151,7
1148182,0
1079479,0
1093571,7
1241585,0
1011801,0
1006238,0
1381531,0
1032631,0
1111856,0
1010402,0
1188409,0
1253465,3
1364047,5
1438407,13
1369768,8
1109523,8
1365702,7
1385875,7
1340798,7
1391392,1
1049233,20
1369730,24
1115309,15
1223995,16
1026616,5
1377442,3
1113981,3
1396513,13
1018206,14
1488237,8
1042330,6
1210286,8
1097524,10
1430200,10
1304771,7
1449013,22
1303892,33
1059770,32
1014749,17
1375882,16
1155784,0
1295753,0
1228425,0
1024113,1
1306885,1
1244005,3
1293359,34
1015816,25
1434478,6
1360908,5
1070701,6
1334443,22
1343145,0
1117345,6
1088047,1
1339590,1
1498193,0
1001062,13
1329524,18
1151507,28
1302668,36
1331816,0
1360289,0
1442400,0
1148661,0
1446413,19
1026328,0
1042450,0
1031516,0
1257318,0
1157812,3
1212040,0
1451556,0
1346851,0
1046242,0
1228211,0
1458620,0
1473716,0
1157852,0
1185048,4
1309272,4
1483429,0
1043719,9
1302279,9
1371110,21
1355822,3
1404951,5
1053730,0
1010218,0
1202683,0
1228604,0
1140034,2
1316768,0
1108944,0
1393643,0
1488743,0
1443959,3
1262825,8
1307828,8
1182352,8
1381638,13
1313863,10
1316934,13
1486656,15
1280956,11
1093956,20
1200158,19
1144617,28
1249151,5
1387003,6
1068151,25
1145192,25
1019300,2
1027883,2
1055295,6
1442130,7
1065230,7
1358044,7
1373810,6
1199192,7
1223894,5
1297394,7
1305104,22
1109213,3
1183920,3
1020603,2
1324824,4
1280934,9
1077308,8
1481863,6
1007957,7
1339071,5
1169545,5
1365154,16
1170147,17
1423554,6
1478005,4
1073474,6
1432644,9
1451189,0
1319974,0
1075761,0
1327287,0
1316742,0
1052054,0
1271387,0
1318938,0
1337499,0
1011067,0
1135341,0
1222330,0
1020208,0
1092468,0
1289204,0
1370281,0
1315725,12
1343984,0
1254687,0
1311762,0
1468256,8
1241732,30
1268097,0
1116853,4
1166592,2
1144994,1
1435366,14
1409185,16
1186891,24
1468882,34
1042127,31
1451380,10
1189023,3
1461090,4
1481882,4
1378385,5
1374425,1
1099673,3
1252862,4
1218015,2
1497813,0
1094690,10
1152196,15
1003610,3
1479704,0
1068127,5
1222762,9
1324076,2
1473003,25
1343036,19
1195504,7
1265192,5
1391916,8
1117970,0
1334075,0
1241599,13
1033182,15
1063335,1
1247373,6
1201329,6
1204591,7
1205389,0
1497052,26
1253644,0
1183386,0
1493328,0
1413701,0
1105691,34
1055151,7
1020087,0
1489983,0
1008981,8
1480916,8
1174520,14
1408456,14
1103391,13
1108102,13
1108547,15
1238197,7
1043675,24
1268656,18
1349650,0
1349515,3
1172039,8
1211613,8
1407466,8
1293997,8
1097574,8
1426499,6
1136386,5
1175313,2
1280040,12
1113557,13
1167651,9
1103745,12
1078400,16
1268218,0
1058122,0
1207997,2
1148911,0
1419809,24
1397824,0
1295121,0
1132197,0
1217059,27
1375917,26
1306328,4
1393921,3
1065989,1
1156779,19
1475586,1
1230085,4
1402888,9
1262107,12
1165440,7
1439872,12
1262098,9
1383733,9
1397334,0
1366713,0
1286305,0
1006243,0
1261020,0
1279885,0
1281283,0
1040223,0
1134676,3
1418998,3
1458189,20
1038003,18
1478214,2
1093346,4
1117929,3
1404071,8
1157917,0
1193704,0
1211792,0
1445638,0
1408825,0
1235778,9
1328196,12
1173310,11
1496802,4
1348096,4
1468251,2
1463160,1
1181627,4
1035323,8
1157473,22
1082120,22
1311644,28
1403849,27
1030973,18
1294107,18
1136233,17
1226958,11
1189088,12
1427596,13
1248502,0
1275605,1
1277097,26
1071792,12
1143304,0
1419745,0
1395178,0
1490842,0
1211335,0
1078987,0
1313185,6
1268956,6
1231863,0
1180672,4
1320094,3
1443667,2
1012943,8
1334448,16
1291911,2
1425808,4
1205259,6
1295164,8
1308175,16
1370405,12
1282792,16
1432249,14
1001655,12
1433288,16
1377265,16
1077514,19
1366276,7
1398540,3
1313557,3
1027599,2
1161401,3
1275190,0
1232986,1
1021553,6
1486782,6
1164083,6
1357661,0
1319382,0
1364660,0
1461293,0
1415413,0
1145327,0
1345207,0
1338642,0
1155695,0
1395102,1
1086984,5
1445161,6
1358903,3
1040402,2
1486092,4
1447947,4
1475790,4
1471246,6
1237169,6
1197885,6
1075943,0
1096442,1
1142841,19
1291558,22
1176446,10
1483366,0
1455302,7
1166094,0
1007265,15
1070372,13
1053804,12
1227588,2
1441375,10
1412656,9
1467462,10
1295378,8
1370534,10
1054541,9
1316692,10
1495032,0
1458343,0
1382652,0
1170520,0
1474124,0
1488816,0
1235127,0
1008418,0
1289314,0
1470891,0
1348889,2
1154829,21
1384196,19
1306515,5
1017067,4
1190728,0
1122286,9
1435775,17
1320899,4
1036809,3
1496763,0
1131538,0
1318282,6
1363101,23
1076052,22
1205256,0
1305186,0
1131831,4
1198452,0
1267199,0
1158066,0
1061242,0
1429684,0
1425949,3
1103470,18
1149088,0
1065238,0
1343697,0
1075666,4
1049332,2
1098357,0
1318694,0
1269402,0
1100430,14
1254841,13
1217878,0
1482713,0
1356321,0
1070528,0
1339004,0
1448727,0
1208422,0
1280808,8
1010670,15
1175851,0
1158507,2
1215713,4
1116456,6
1059102,5
1134168,16
1182924,7
1065507,1
1485305,1
1317467,6
1464615,5
1106508,0
1154157,0
1238399,0
1378815,0
1442340,0
1109352,0
1494813,0
1150862,11
1491323,7
1243524,3
1154390,0
1025514,2
1345499,7
1427225,7
1332354,12
1181409,17
1174194,17
1476979,12
1100732,16
1214733,10
1471144,10
1000187,10
1133779,13
1496005,17
1386755,0
1183033,4
1206094,0
1423546,12
1202896,0
1125038,0
1244936,0
1367021,15
1441592,15
1011620,13
1491160,14
1097281,15
1133994,14
1449596,12
1061666,12
1284544,11
1198144,12
1330348,8
1255123,18
1149007,13
1056047,1
1165483,3
1477841,32
1314848,30
1274780,4
1128321,5
1170029,3
1426318,3
1414178,1
1312357,0
1079199,0
1443865,0
1069717,0
1331934,0
1107151,2
1193708,0
1435293,4
1271891,2
1070444,2
1115383,9
1468137,15
1222703,8
1183120,23
1466677,7
1288363,2
1009315,2
1387250,1
1375589,3
1398464,3
1446632,0
1383245,0
1465945,2
1335462,0
1036403,9
1486367,2
1367873,0
1339617,0
1067651,8
1173991,4
1445432,3
1450298,0
1054815,0
1432609,0
1055289,0
1230087,0
1190688,3
1284979,6
1090382,5
1276630,0
1229533,0
1367722,0
1168617,0
1268563,0
1312594,0
1392051,0
1118654,0
1207039,0
1220371,0
1068999,0
1140321,14
1200100,0
1223618,0
1421303,0
1154848,0
1199454,17
1216781,0
1089356,0
1174345,0
1394582,0
1481387,2
1073171,11
1068236,12
1266223,8
1057929,8
1456769,0
1230032,15
1268149,15
1388306,7
1124599,5
1339069,0
1049350,0
1342306,11
1246717,23
1147802,26
1299563,0
1229149,0
1213565,0
1335791,3
1185320,3
1090346,0
1103112,6
1371505,0
1362932,20
1390394,33
1011505,10
1471059,10
1199518,9
1047470,10
1105399,9
1071892,9
1125120,11
1077092,13
1333879,11
1076556,18
1075661,1
1047450,2
1373247,4
1240059,0
1000748,0
1320186,4
1365852,10
1472456,12
1106809,11
1318582,151
1438968,70
1361549,32
1057783,29
1004386,0
1315211,5
1428093,15
1163409,2
1040148,15
1252762,0
1106173,8
1144801,8
1027413,8
1321282,9
1228341,0
1363066,0
1172793,7
1246739,1
1093307,12
1412731,1
1425925,0
1228645,0
1076130,8
1074690,4
1370340,0
1446737,36
1308118,0
1016936,0
1045999,0
1498872,0
1484932,20
1403279,8
1336453,0
1412376,0
1353415,60
1460235,42
1445553,26
1447369,19
1028990,15
1184922,0
1153898,0
1198610,3
1079437,11
1472394,6
1269365,0
1350519,5
1210918,6
1199788,0
1022092,0
1446920,0
1399913,3
1320053,6
1051225,6
1025401,8
1087675,1
1202724,0
1430923,4
1477208,10
1499767,24
1252468,2
1416927,9
1189918,1
1408983,2
1426060,0
1402675,22
1136265,2
1372264,15
1358297,15
1273291,42
1442423,1
1400040,0
1094162,0
1285324,21
1394930,20
1118490,7
1407007,10
1416211,2
1035322,21
1284600,4
1437468,3
1333953,2
1188932,2
1284311,3
1071854,1
1275536,22
1212852,12
1052678,9
1495323,0
1437219,6
1006087,0
1365677,0
1247434,0
1133192,0
1076769,0
1064194,0
1166910,0
1021413,0
1486243,4
1094528,0
1081138,0
1480419,29
1274066,27
1208290,0
1161914,0
1387841,0
1192549,4
1463256,4
1130627,2
1149775,0
1440024,0
1315773,0
1209109,0
1292547,0
1370307,0
1053860,0
1010398,0
1264859,1
1041529,2
1255799,5
1169305,5
1259815,5
1285901,5
1255690,4
1231986,2
1189783,3
1029982,3
1014155,10
1230263,13
1356234,13
1406832,14
1223170,13
1082570,13
1291460,11
1454651,9
1103851,11
1405218,12
1145032,11
1368715,7
1313982,6
1430625,10
1499731,20
1171657,14
1100507,5
1281814,7
1157707,11
1063227,12
1142405,17
1487221,0
1294443,0
1350731,0
1465065,6
1135508,0
1408826,0
1134711,0
1372355,0
1267073,3
1176281,0
1009975,1
1118236,3
1417628,3
1452920,3
1001425,11
1264890,2
1330041,1
1009331,0
1052528,1
1226125,3
1415161,0
1378355,0
1360766,2
1077952,0
1416031,10
1468541,2
1152380,0
1110478,0
1358068,7
1263993,4
1336730,4
1366938,11
1255590,10
1224012,11
1034565,8
1477986,9
1128826,5
1174307,6
1100873,11
1261480,13
1394741,0
1280982,0
1302103,0
1364546,0
1116564,0
1334387,0
1250606,3
1404482,5
1379887,1
1235095,2
1493917,0
1454261,0
1289707,0
1412987,0
1415928,10
1440190,0
1036613,0
1067502,0
1122463,0
1417728,2
1370120,1
1422221,0
1110747,0
1427960,0
1030226,3
1024822,7
1216003,7
1113104,2
1250210,0
1087198,0
1268579,6
1493246,20
1001078,20
1182492,21
1181111,18
1104288,0
1163574,0
1270201,0
1395431,10
1208254,13
1005154,0
1497165,0
1228974,4
1331336,5
1262992,7
1135041,4
1297570,3
1413110,4
1158052,7
1398579,7
1204388,0
1403497,16
1238372,21
1379979,6
1423085,0
1421718,0
1164086,0
1276724,0
1256991,0
1311616,1
1278396,0
1466102,7
1266200,20
1017736,26
1010615,2
1201367,4
1325701,7
1176563,6
1057329,4
1159457,0
1236521,1
1429989,2
1386785,1
1289858,2
1062235,2
1426016,3
1128705,4
1173801,2
1003367,11
1028838,0
1351864,0
1397932,0
1020398,0
1198928,0
1489710,0
1469373,9
1466874,26
1115459,23
1474319,0
1385096,0
1310846,0
1396501,7
1079083,42
1331772,8
1357329,2
1084641,0
1447721,0
1418429,0
1332886,0
1425258,0
1268577,0
1234680,0
1047888,0
1034989,0
1205178,0
1210375,0
1451900,1
1444837,0
1279830,0
1325920,6
1197346,5
1429177,1
1457124,17
1006400,12
1131539,0
1231939,1
1442439,4
1080327,0
1006454,0
1272369,0
1172167,0
1056647,0
1470064,0
1382964,0
1041090,11
1365341,0
1197741,12
1265086,0
1025507,0
1337756,1
1414441,1
1359350,0
1017068,9
1346333,13
1139636,11
1311646,0
1313410,0
1143282,2
1433094,18
1271999,21
1233889,0
1162125,0
1014856,8
1487099,4
1423099,1
1386823,6
1012293,1
1046847,2
1254043,4
1488174,1
1305399,1
1207940,0
1460712,0
1296610,0
1323323,3
1231970,2
1323329,1
1312264,5
1226350,5
1167345,12
1061654,4
1218300,19
1021754,4
1260202,0
1478629,1
1282500,1
1143492,0
1296537,0
1491817,0
1236541,0
1435363,0
1364798,0
1019894,0
1158989,0
1167619,0
1365428,0
1307258,5
1090656,2
1494561,1
1060853,2
1401384,3
1213006,0
1040424,0
1467724,0
1154131,0
1172007,4
1157530,5
1240791,0
1399973,0
1476518,0
1143346,0
1107324,0
1090739,0
1116922,0
1174553,0
1268473,0
1278195,0
1333707,0
1110292,21
1197580,4
1301394,1
1292157,13
1088390,0
1308041,16
1090223,0
1402826,0
1303923,0
1103146,0
1183926,2
1464530,5
1018488,5
1239986,7
1138796,8
1036193,20
1286961,0
1367592,0
1164085,0
1469544,0
1257007,0
1354912,0
1036445,17
1318405,25
1483334,24
1160511,0
1049364,0
1361089,0
1498268,0
1243089,0
1057687,0
1278925,0
1200813,3
1029236,3
1298996,0
1352373,0
1145134,10
1285247,1
1485963,0
1410494,0
1194947,0
1479842,0
1141874,0
1219813,12
1020182,14
1469038,6
1478388,7
1301661,0
1209721,0
1470110,2
1260568,0
1366712,1
1063924,0
1209955,0
1074154,0
1416019,5
1039342,2
1266311,0
1036751,32
1482256,0
1279507,0
1283752,0
1047164,0
1361501,10
1168500,0
1287087,0
1338978,0
1243030,0
1342622,0
1474891,0
1107378,5
1120819,0
1195282,0
1335120,4
1377332,6
1318602,17
1106208,13
1140411,4
1109072,0
1334308,0
1063638,0
1405532,0
1360411,2
1030666,3
1039447,4
1408990,6
1160540,2
1202321,3
1105638,0
1071851,2
1319327,12
1077816,0
1147355,0
1423096,0
1152289,1
1490790,3
1443298,9
1292453,3
1433070,5
1224601,9
1078845,2
1486614,0
1407632,0
1492844,0
1279914,23
1216593,0
1328013,0
1439928,0
1216659,25
1042279,21
1353682,1
1012255,1
1288892,0
1059605,25
1471499,6
1211375,2
1401429,0
1234238,10
1141019,14
1339243,13
1065243,10
1087717,1
1266842,3
1373847,0
1091380,6
1214073,7
1058764,14
1227612,9
1013373,0
1384974,0
1022529,0
1312426,0
1271890,0
1485813,0
1098649,0
1299861,0
1389595,0
1499162,0
1342250,4
1304171,25
1147881,26
1296614,4
1428090,5
1317898,0
1032701,8
1227283,8
1098073,1
1291511,2
1482488,10
1497978,0
1173007,0
1158796,0
1313035,0
1416376,0
1472372,4
1185689,6
1162498,2
1132304,1
1447875,3
1248758,1
1266463,0
1057655,1
1159054,13
1356535,13
1350253,8
1033531,8
1041420,0
1198108,0
1027212,6
1475322,8
1172141,21
1393742,16
1266346,3
1377521,16
1400997,15
1019222,9
1200921,0
1033908,0
1018332,14
1248754,0
1230538,7
1317270,5
1123969,6
1336390,12
1233276,15
1064304,17
1440680,0
1460672,0
1216744,0
1235794,0
1226151,0
1319892,2
1222758,7
1326527,3
1004505,6
1212716,0
1275664,0
1098504,0
1452295,0
1149279,0
1218556,0
1411529,0
1354563,0
1322625,4
1294117,2
1410028,10
1036232,8
1455107,6
1421652,0
1494678,5
1296401,7
1160998,17
1056097,15
1356467,13
1412784,18
1067429,0
1334969,0
1411562,0
1475191,0
1188752,0
1296548,0
1272906,0
1123142,0
1286263,1
1433634,1
1144693,0
1032662,0
1370978,0
1122083,0
1211601,0
1357283,0
1194866,1
1287568,0
1268488,14
1129395,19
1177184,0
1070083,0
1297768,0
1350667,0
1333592,0
1425926,0
1293905,0
1462420,0
1209830,3
1334845,6
1387633,0
1247743,0
1117537,8
1079065,0
1180290,0
1415350,0
1206483,0
1339817,0
1295357,1
1340117,2
1132769,13
1199188,5
1169788,7
1423621,9
1018563,8
1080853,17
1285450,9
1326234,10
1132323,10
1222544,10
1433611,0
1186967,0
1173866,0
1448932,0
1229078,0
1232693,0
1391815,0
1386900,0
1404957,0
1415551,0
1079171,2
1263378,2
1169912,27
1058707,22
1395362,4
1225413,2
1084326,0
1150748,2
1040838,0
1451834,0
1375324,0
1203305,2
1276111,2
1089354,3
1456270,1
1231504,0
1430097,30
1162031,32
1272750,19
1320907,6
1061083,1
1349906,0
1368565,6
1056508,17
1176726,19
1057026,0
1090905,0
1041602,5
1473384,7
1247041,29
1006972,0
1112156,0
1014063,5
1257761,0
1337096,2
1020633,0
1384720,0
1351858,9
1458481,2
1458802,3
1166438,0
1427174,0
1063469,9
1284641,13
1057638,12
1176123,0
1053426,0
1362188,0
1472327,0
1206366,0
1257964,0
1480277,0
1465217,6
1284838,0
1319585,9
1181839,3
1131518,8
1268768,11
1391032,7
1260481,19
1069609,10
1324346,4
1046579,5
1232070,8
1173143,8
1267634,0
1465123,0
1362254,0
1237389,0
1466483,0
1041421,0
1060615,1
1326935,1
1421533,0
1069064,6
1232845,6
1061266,8
1496650,4
1276290,4
1184775,4
1404104,4
1216877,5
1288726,4
1006248,4
1019604,10
1462054,13
1155430,11
1116479,14
1178750,10
1332949,7
1119799,12
1357303,11
1417777,10
1137724,0
1423011,22
1438518,26
1018827,0
1429932,4
1294970,0
1273324,6
1153382,8
1262708,8
1061420,13
1129706,9
1025300,12
1412369,15
1125357,15
1389049,11
1488501,12
1132673,13
1448288,8
1469785,14
1424009,14
1005733,0
1199112,10
1147013,30
1154039,23
1270940,2
1250143,2
1427638,0
1047461,0
1054157,1
1429640,0
1419037,0
1031315,4
1456519,6
1238858,9
1433450,1
1273195,1
1388619,0
1433284,10
1207528,9
1020914,0
1184809,5
1101299,4
1049974,7
1307058,1
1402432,0
1330573,0
1093878,5
1170942,7
1136234,6
1336913,6
1481273,3
1232719,0
1297029,0
1227586,7
1138532,14
1217013,0
1257492,1
1166466,4
1461892,4
1157087,0
1338101,0
1028066,0
1198902,2
1272992,0
1445613,0
1106028,0
1072843,0
1074625,8
1110407,6
1399261,0
1454243,0
1091379,0
1409591,0
1225625,0
1298752,0
1386787,0
1391503,0
1099252,0
1144316,0
1171130,0
1365329,22
1171863,0
1473197,0
1274263,0
1277137,0
1156522,5
1387414,0
1134038,0
1081483,0
1133643,1
1308370,2
1306499,1
1443284,0
1244740,3
1431655,5
1348094,15
1373197,9
1175329,0
1224703,26
1300896,29
1445437,18
1408590,14
1180221,0
1328800,0
1238224,4
1445032,16
1433797,23
1418017,0
1265394,0
1446150,2
1203063,15
1112304,23
1087179,9
1393208,0
1437433,0
1083339,6
1010307,11
1443244,10
1186542,10
1191341,11
1206576,8
1400158,8
1415414,9
1225162,10
1375215,12
1152899,10
1484953,10
1154169,0
1107329,0
1108464,0
1143995,0
1134896,0
1279926,0
1414764,0
1321694,7
1220511,6
1103032,12
1240615,0
1397490,131
1355088,44
1401705,29
1422185,38
1390157,4
1460838,9
1377519,2
1310657,17
1491023,21
1035528,4
1244162,5
1335442,5
1034995,5
1299500,5
1483231,4
1361035,4
1042151,5
1169768,4
1074099,10
1489678,0
1028985,5
1049598,4
1240507,9
1263294,0
1318084,0
1484213,0
1383207,8
1235435,5
1242759,0
1038515,13
1434725,0
1076706,0
1053052,0
1321083,0
1173318,6
1011628,0
1449610,0
1293946,0
1125250,67
1037647,32
1138222,24
1266103,28
1003947,20
1348210,0
1145349,0
1373036,8
1309199,20
1171211,15
1276632,17
1006869,10
1490016,8
1367690,6
1200641,4
1317691,4
1378510,4
1197398,7
1460062,5
1432590,1
1107995,3
1311380,2
1140546,1
1303417,21
1154781,6
1322706,6
1489068,0
1064789,28
1178264,22
1482167,18
1414147,49
1318708,0
1457640,0
1496743,0
1439487,38
1117036,30
1464172,9
1204098,15
1014795,13
1420298,23
1412351,3
1107519,4
1286582,4
1201131,5
1253449,4
1233036,5
1062376,16
1399544,11
1130725,3
1066832,0
1175537,8
1320313,14
1416932,10
1474917,10
1134238,9
1397808,0
1149154,0
1274284,0
1414652,0
1357536,0
1225370,0
1383879,3
1418145,0
1400390,7
1422708,12
1198571,2
1181119,28
1249298,26
1419601,8
1119650,3
1409495,7
1327005,6
1303327,7
1080254,5
1414658,0
1474459,0
1272721,9
1174028,1
1484299,1
1319711,0
1457607,0
1167481,0
1471887,3
1456063,23
1321067,16
1232285,7
1342696,11
1389072,4
1057764,4
1108277,3
1123242,3
1294566,5
1476847,6
1414426,17
1143644,16
1022628,16
1271798,14
1296135,13
1245834,11
1195290,13
1001552,9
1207003,14
1143977,14
1049986,0
1058080,44
1385476,29
1197433,23
1157667,21
1462354,3
1447886,3
1414248,4
1071904,18
1233401,24
1048213,0
1447792,0
1422192,0
1333331,0
1345321,0
1359424,0
1188609,0
1351203,0
1121215,4
1325999,0
1055041,0
1260187,0
1372516,4
1478820,1
1281981,2
1170276,0
1352878,0
1086413,0
1174609,6
1210516,6
1216868,0
1312485,0
1114376,5
1214610,0
1092849,9
1423702,0
1067336,0
1112246,4
1128675,5
1260223,3
1064865,3
1010319,6
1398591,12
1301497,5
1221429,14
1387628,15
1065479,9
1374782,13
1064336,15
1402535,12
1378097,0
1052288,0
1280063,3
1488358,3
1146421,3
1261997,0
1273271,0
1379056,0
1320666,6
1282552,5
1012356,0
1280965,0
1067057,0
1007605,0
1292992,0
1478678,0
1251025,0
1134701,0
1225717,5
1238986,0
1193124,0
1056666,0
1312685,2
1336457,5
1454072,9
1360725,1
1070791,1
1284859,0
1000502,8
1091118,6
1310137,12
1303810,31
1277815,27
1239684,24
1244622,9
1417395,0
1301940,0
1209454,0
1280610,8
1110072,12
1315006,0
1274070,0
1460463,7
1180088,5
1086621,17
1199102,1
1263657,2
1354041,8
1270384,11
1270266,10
1388270,0
1206660,15
1347411,22
1130577,1
1218895,2
1188923,0
1420775,0
1264839,0
1131282,1
1289857,0
1187232,0
1154629,6
1071327,33
1104104,28
1424002,5
1278069,6
1162475,5
1315112,6
1278374,6
1156508,6
1221970,0
1039156,0
1013847,0
1269940,0
1249208,0
1032032,0
1381878,0
1179267,0
1103358,7
1031522,7
1441429,0
1205987,14
1126546,28
1062138,18
1168666,13
1428344,0
1192653,0
1025988,6
1092801,21
1466330,0
1253435,0
1003790,4
1407686,0
1386117,25
1041553,0
1160729,0
1105240,0
1275872,1
1064239,4
1129687,0
1037739,0
1342075,0
1480121,0
1102860,0
1483078,0
1004285,0
1069331,0
1434986,13
1305194,0
1124507,0
1348574,0
1265021,0
1134259,0
1124696,0
1475116,3
1214823,9
1395004,0
1238037,13
1128404,0
1234039,5
1204827,6
1152216,4
1302724,18
1323021,2
1003827,0
1145179,1
1072806,7
1101824,5
1327840,0
1489316,0
1191403,1
1162076,2
1079663,0
1018683,3
1134125,9
1097271,1
1341114,0
1302813,1
1200785,2
1214706,0
1095511,2
1226081,14
1368710,12
1312690,13
1047653,10
1189012,9
1469136,7
1302705,11
1017688,11
1398113,12
1362599,0
1120329,0
1301366,11
1002209,10
1240302,4
1233562,1
1110335,0
1348050,1
1058578,16
1335537,24
1098570,12
1073553,5
1044020,9
1165391,0
1204487,4
1472749,23
1244370,23
1437863,0
1336959,6
1394160,3
1131763,2
1063451,3
1140662,3
1288250,0
1157702,0
1107474,0
1128343,0
1101634,0
1119422,0
1023345,0
1298978,0
1207170,4
1312063,4
1383510,7
1393228,3
1417616,6
1129132,25
1301112,0
1333133,1
1177896,0
1183511,1
1474158,2
1043355,2
1023619,7
1486661,3
1130825,2
1046603,0
1129769,12
1104503,17
1340182,0
1488407,1
1280734,3
1153942,3
1473989,0
1292670,0
1256986,0
1164851,0
1093705,0
1181024,0
1398775,0
1177612,0
1208371,0
1414249,0
1452353,0
1024727,2
1275924,0
1174973,0
1336295,0
1407628,0
1215558,10
1095301,0
1129955,0
1150712,0
1469299,0
1119669,10
1192004,13
1374612,13
1130206,8
1029916,8
1414039,8
1276937,8
1025011,8
1148633,0
1269822,8
1122710,24
1368824,11
1267281,15
1010516,0
1207782,0
1107897,5
1355123,27
1245170,0
1394634,0
1107583,19
1278108,1
1328969,8
1102011,0
1333022,0
1320534,0
1077386,12
1233535,13
1194207,10
1448370,11
1079356,9
1184629,9
1071294,9
1093908,10
1239978,9
1263128,8
1188114,6
1042781,9
1279275,2
1305159,4
1195872,2
1271171,6
1287009,4
1125745,1
1067289,0
1114177,0
1432227,5
1087470,2
1237947,0
1452835,59
1029462,40
1365321,27
1377892,28
1378346,5
1261333,7
1427333,16
1157382,24
1168967,16
1297182,0
1200350,1
1050596,2
1347479,12
1157094,0
1356002,6
1016138,4
1309641,1
1499969,12
1318960,2
1132759,0
1156703,0
1347366,6
1479828,4
1353276,0
1310745,31
1259126,0
1399815,0
1479063,0
1280384,0
1273328,19
1329675,10
1296742,0
1097552,0
1175098,38
1107789,26
1472551,24
1434395,14
1204957,9
1066271,0
1201647,0
1207963,0
1224651,4
1102821,13
1252491,2
1245895,3
1481691,1
1161370,0
1212692,2
1318121,13
1321701,7
1412851,0
1276134,13
1410177,5
1169782,3
1017948,5
1155477,3
1307971,3
1467101,0
1455580,5
1073869,0
1164529,0
1242649,18
1458824,0
1205276,0
1153862,7
1026311,41
1100814,25
1433607,11
1325788,14
1222062,9
1095953,22
1192192,1
1003275,4
1419391,1
1213380,3
1449132,2
1025691,0
1166120,19
1492774,7
1389720,6
1029230,0
1352343,11
1368955,8
1012363,7
1318880,7
1122068,7
1320801,0
1363348,0
1006930,0
1033851,0
1405700,0
1456057,0
1495295,0
1403913,0
1493423,12
1157998,13
1169405,3
1122567,24
1141716,4
1133958,0
1199519,3
1411918,1
1089046,0
1420568,0
1094571,0
1015407,0
1343753,0
1290825,0
1247241,0
1383868,0
1419894,0
1048220,0
1401237,8
1093184,10
1037033,11
1462031,9
1294471,6
1324469,5
1037484,5
1455758,4
1140449,5
1452600,7
1462180,8
1210051,7
1448582,7
1153239,7
1292579,9
1444618,17
1253969,17
1066074,0
1040567,0
1033848,10
1060668,8
1364029,9
1062630,2
1094506,2
1358659,9
1465329,20
1440816,17
1453624,0
1366879,0
1066766,0
1218935,0
1456740,0
1272288,0
1229915,0
1295433,0
1187828,0
1426162,0
1390856,0
1064665,4
1440509,2
1239126,0
1396561,0
1352708,12
1169282,16
1368073,4
1087742,6
1239602,6
1254600,6
1187584,7
1256962,2
1250767,1
1183162,11
1279361,7
1441846,1
1025243,0
1301264,4
1087640,4
1045918,21
1060939,13
1453084,16
1389584,12
1109929,5
1195022,10
1303129,9
1470042,9
1425214,12
1480181,13
1120639,3
1421206,1
1357988,3
1004611,2
1274230,4
1339747,4
1035696,0
1021984,1
1019163,2
1364760,11
1098207,0
1144332,0
1001298,0
1052493,0
1116984,0
1358488,0
1479481,0
1479982,0
1250243,0
1224186,0
1476141,0
1092873,0
1411938,0
1288977,0
1414035,0
1477480,0
1441461,0
1334203,2
1011084,2
1272016,2
1291804,3
1083211,15
1459930,21
1080771,12
1290984,8
1371092,0
1129462,0
1146886,0
1075732,11
1481125,14
1383646,6
1262046,6
1031233,6
1313003,4
1111253,4
1464277,2
1449649,4
1241310,6
1311108,8
1359316,7
1328056,0
1338235,0
1424127,4
1006231,0
1217979,0
1256515,0
1230515,0
1167123,0
1186034,0
1459062,0
1131248,0
1159026,27
1196992,20
1019725,3
1038502,2
1345899,2
1149789,2
1434408,15
1331367,0
1151568,0
1038126,0
1105246,0
1354383,0
1375571,0
1188956,16
1350405,43
1040755,36
1329810,0
1095638,0
1045471,0
1026941,0
1383816,15
1342743,0
1081079,0
1404092,0
1497047,0
1077049,0
1298757,0
1346606,0
1350474,0
1096561,0
1424462,0
1257115,0
1448606,0
1410308,0
1397778,7
1274838,0
1181744,0
1086282,1
1342834,9
1191933,5
1455688,18
1156031,15
1463066,0
1307453,1
1328288,6
1170261,0
1200413,0
1249578,0
1392101,0
1076983,0
1395094,0
1291487,0
1166161,0
1237836,0
1109620,0
1353433,0
1279339,3
1205295,5
1431212,14
1271186,9
1491686,9
1180510,9
1383885,9
1341913,29
1144509,13
1210738,15
1472270,6
1374106,6
1241273,2
1388278,12
1483740,20
1052572,17
1401309,0
1400990,14
1259749,22
1240225,2
1092082,2
1227429,2
1097232,2
1312352,2
1268573,2
1232796,3
1035942,1
1299417,2
1386090,3
1016464,3
1303501,2
1176686,0
1080504,9
1446354,13
1181712,1
1274821,12
1159957,12
1131022,25
1194633,6
1148248,5
1027752,4
1286552,2
1087904,3
1343655,0
1289665,0
1359744,0
1216979,0
1007979,0
1267184,6
1475359,0
1399772,0
1044288,0
1204605,4
1166180,3
1029581,6
1049770,5
1239437,6
1218181,0
1439193,0
1461309,0
1203974,0
1039123,3
1269935,6
1189136,4
1297968,0
1259331,0
1135133,0
1421534,0
1413771,0
1178643,0
1078554,0
1495417,0
1274485,0
1335756,0
1201137,0
1320497,0
1483134,0
1363331,0
1186216,0
1068689,0
1371487,0
1379605,0
1207029,0
1436681,0
1052630,7
1260318,9
1257768,8
1221459,9
1080389,7
1256024,0
1328739,0
1245033,0
1252741,0
1424447,0
1139612,0
1498209,15
1123645,28
1323759,29
1292034,0
1157559,0
1208584,0
1290817,0
1427899,0
1161944,0
1217185,0
1259287,0
1192548,4
1177141,3
1255407,0
1338733,8
1482136,0
1147855,0
1311799,0
1306558,0
1494027,0
1265348,12
1083041,26
1003331,18
1084671,0
1127039,1
1111671,5
1149061,13
1432334,8
1036706,9
1173657,9
1099347,0
1376287,0
1124300,0
1468244,0
1015025,10
1083819,0
1217848,0
1298548,0
1434356,6
1482492,3
1320819,0
1248373,20
1008294,0
1232116,0
1255594,0
1318738,2
1446799,0
1486944,0
1386805,0
1413768,0
1462608,0
1418346,0
1491979,0
1407308,0
1010422,0
1108134,0
1224076,0
1140817,2
1025411,19
1403656,14
1217471,8
1104854,5
1256148,0
1458926,0
1412413,0
1006284,0
1426761,0
1139068,4
1316420,8
1259792,6
1483645,4
1349724,5
1427122,5
1072907,3
1453758,3
1131668,2
1442229,2
1065535,3
1390209,10
1462612,10
1489860,22
1389663,0
1206646,4
1365027,7
1283496,10
1262779,0
1435474,13
1294014,8
1132104,13
1018393,11
1258354,62
1133666,0
1066784,0
1167841,6
1468687,38
1328290,5
1240567,0
1424215,0
1057722,16
1349429,21
1053488,6
1058362,13
1281230,10
1053785,28
1324241,8
1039288,11
1386011,11
1143236,10
1233422,8
1272934,15
1242088,15
1209556,6
1052913,6
1266188,5
1249279,9
1125302,4
1272411,3
1039622,2
1075384,0
1332431,0
1141830,0
1032755,0
1183226,0
1444861,0
1465487,0
1116043,0
1155353,0
1394606,0
1211649,0
1338544,2
1206721,33
1213726,25
1121296,2
1341927,7
1126590,4
1017637,3
1116834,1
1179503,4
1158599,0
1218897,0
1144162,0
1191552,0
1419930,0
1068714,0
1034417,0
1153354,0
1402994,8
1174600,7
1067348,1
1000557,3
1141868,1
1193883,0
1477660,3
1374717,14
1005512,14
1481939,8
1194957,7
1209298,6
1491117,10
1021817,9
1238437,13
1088320,9
1353310,13
1151804,15
1275812,13
1152280,15
1253246,0
1210078,0
1364359,0
1015692,0
1200780,9
1473909,0
1114235,0
1035523,3
1060105,2
1130600,18
1409129,0
1150723,2
1181288,3
1303570,12
1076136,9
1496530,8
1131674,0
1262299,0
1213601,0
1300132,0
1305748,8
1087593,0
1494276,0
1004602,0
1218108,5
1485765,2
1369461,13
1332257,5
1208274,6
1084190,9
1054679,15
1381709,2
1006574,11
1100330,24
1459804,17
1074270,34
1323505,0
1159662,0
1458025,0
1453177,0
1314608,0
1134764,0
1150022,0
1086312,0
1465717,2
1279859,1
1134014,0
1472460,0
1492825,0
1415612,0
1019478,0
1059110,0
1204889,0
1169118,0
1451461,2
1112696,2
1236946,1
1434549,0
1120418,0
1403037,0
1144287,0
1358838,0
1290736,0
1259881,1
1401133,2
1126127,3
1169445,0
1004578,7
1179600,29
1308774,7
1302648,3
1319128,0
1088656,0
1299376,0
1292193,3
1305988,4
1015328,18
1459453,2
1051019,6
1321503,8
1055145,9
1234463,9
1010315,11
1374626,12
1186950,11
1285406,11
1318631,0
1250084,0
1307634,0
1149758,0
1067032,0
1434813,0
1002560,0
1156579,0
1396591,0
1392103,0
1249940,2
1425455,2
1154185,21
1015552,18
1082946,4
1286570,2
1254729,8
1006149,6
1412957,4
1252535,0
1339142,0
1442360,0
1303970,0
1111277,3
1317971,7
1003422,7
1270759,29
1251827,11
1441633,22
1246760,9
1077996,6
1059707,0
1256407,0
1046867,20
1336797,44
1335237,26
1089648,0
1237824,0
1443604,0
1315244,0
1254893,21
1019982,0
1395631,0
1498515,0
1233129,0
1478969,0
1429360,0
1120903,0
1255283,0
1228809,0
1257624,7
1066626,10
1383790,0
1236459,0
1158042,0
1110951,5
1094399,0
1171262,5
1216042,2
1040672,13
1164094,10
1290899,0
1362590,1
1436155,1
1141020,0
1137816,0
1268877,0
1177855,0
1418558,0
1134734,0
1325056,0
1145992,0
1049420,0
1362616,0
1384912,0
1473127,21
1323704,2
1329092,3
1245072,1
1238938,4
1084196,13
1442846,13
1025058,0
1428338,9
1090704,15
1320112,1
1297638,7
1337109,6
1385171,0
1155836,0
1234570,6
1066501,6
1306678,5
1115733,0
1166572,0
1442966,0
1460038,0
1193240,1
1434050,1
1129340,0
1182360,0
1478755,5
1287636,4
1439136,14
1311021,0
1483148,0
1084470,0
1177978,5
1199834,2
1210152,4
1281696,5
1051001,3
1056902,5
1386579,0
1252232,0
1392509,0
1473748,0
1194125,0
1452660,0
1313545,0
1220899,0
1176114,0
1368957,0
1290080,0
1089612,12
1439182,4
1453938,3
1416600,0
1061133,4
1444912,7
1021121,0
1317447,0
1115697,0
1439020,0
1161356,8
1359174,11
1181972,12
1140677,6
1254006,7
1249389,24
1144725,0
1024456,0
1333259,0
1158440,0
1245351,0
1209146,0
1336601,17
1229162,36
1147384,23
1202967,1
1266951,0
1123101,0
1397105,0
1451801,2
1410965,0
1132536,0
1089582,12
1009115,16
1443523,0
1163835,0
1494285,5
1318970,6
1230640,2
1350989,0
1469698,0
1157662,0
1365942,7
1241167,8
1474470,6
1199867,7
1410274,7
1424399,7
1275961,7
1123239,0
1300003,0
1142646,9
1406271,3
1081205,16
1272773,0
1107862,0
1445770,0
1114381,5
1415547,1
1160077,0
1091853,0
1330691,21
1415863,0
1334478,0
1141705,0
1420680,0
1487401,0
1204380,0
1052413,0
1242874,0
1077197,0
1127975,3
1230110,4
1166412,2
1066808,0
1470409,0
1342442,3
1139563,8
1003833,5
1013568,0
1458838,0
1242946,0
1117852,18
1444202,14
1240782,9
1377760,5
1197572,2
1109827,3
1259868,4
1363824,0
1225867,0
1199703,5
1393980,4
1376514,1
1302656,10
1141699,23
1433132,3
1454906,3
1474457,3
1353854,20
1238870,18
1102120,7
1381727,0
1165621,24
1067751,11
1367529,12
1419376,6
1217634,30
1435817,0
1388704,0
1050100,0
1447978,42
1223297,24
1057692,9
1208998,9
1142079,8
1114122,24
1348065,3
1123612,6
1147172,4
1449879,0
1410895,0
1474990,2
1462527,13
1486074,0
1393559,3
1126109,3
1454486,5
1483756,1
1138537,0
1325573,0
1051613,0
1191347,0
1459200,0
1119462,0
1353313,0
1265434,0
1338064,1
1391890,13
1094290,0
1494524,15
1122982,17
1247940,0
1492928,1
1447707,0
1306135,0
1375347,15
1210263,6
1031578,16
1224519,0
1094254,0
1331126,0
1412296,4
1464457,6
1429670,0
1048429,0
1266516,0
1064371,1
1010582,1
1279234,0
1140213,2
1462914,14
1028151,11
1078943,5
1254456,7
1282678,7
1182119,6
1430557,3
1044051,2
1372892,6
1120515,8
1489688,16
1247162,0
1272298,0
1423076,16
1080130,11
1053710,0
1164565,0
1205751,0
1210368,0
1260599,0
1121115,0
1198240,0
1144385,0
1437302,3
1132630,1
1101586,12
1091445,0
1295002,0
1448868,0
1435790,5
1431208,14
1431365,6
1385563,12
1087230,9
1471543,9
1097979,3
1256441,14
1444251,15
1213606,22
1296465,24
1269338,0
1196617,0
1158962,0
1378735,0
1249741,1
1350135,1
1431352,0
1267745,7
1257221,11
1045903,0
1168162,0
1199171,9
1192330,0
1026480,0
1359515,0
1183397,0
1352135,0
1263834,0
1219655,0
1104882,2
1064112,2
1103507,1
1359439,0
1362263,1
1115404,0
1495441,1
1263659,0
1492790,3
1472842,10
1220718,0
1035762,0
1005331,6
1144722,7
1375730,7
1053781,0
1221582,0
1101521,0
1464391,11
1118931,13
1402087,7
1267543,0
1031981,13
1131800,19
1226628,11
1429379,13
1084519,14
1054929,13
1111818,12
1127792,0
1148446,0
1099206,0
1109184,0
1229777,0
1297617,0
1237610,0
1069068,0
1090735,0
1383176,0
1318530,13
1349996,13
1102502,0
1079296,0
1264719,16
1431686,22
1320803,16
1011233,7
1377962,0
1192944,0
1405148,4
1405071,18
1123716,11
1453825,0
1309172,3
1227764,16
1149701,5
1030628,32
1058252,0
1491947,0
1494597,2
1401368,0
1435257,16
1475740,13
1441634,11
1473188,12
1453677,10
1138281,12
1365133,13
1201008,2
1221090,7
1252788,3
1312378,0
1121476,0
1452533,0
1151293,0
1048430,0
1078682,0
1174467,0
1076674,5
1054235,1
1438311,11
1172173,0
1211628,6
1114022,5
1119679,1
1098728,14
1402934,7
1022522,0
1190225,1
1280461,0
1042807,0
1403241,0
1184545,7
1338050,0
1026597,0
1451444,0
1001753,0
1244369,12
1114154,5
1251743,7
1216807,7
1044810,8
1329636,12
1292821,11
1107124,12
1295439,8
1052382,8
1108059,4
1292720,32
1149871,15
1133587,10
1411654,16
1217172,17
1447046,6
1367645,0
1001659,0
1228444,0
1433924,0
1371163,12
1408863,8
1477833,6
1283271,3
1257511,5
1159801,8
1099699,17
1378391,17
1419443,8
1302328,16
1455533,16
1466302,15
1216929,24
1314022,9
1313140,0
1224624,7
1401467,1
1352497,2
1448084,4
1362746,2
1267173,0
1105075,0
1307999,0
1488767,0
1040530,4
1131755,3
1492694,1
1027892,6
1099057,7
1225458,12
1010715,9
1387667,28
1346873,4
1408529,2
1164196,2
1067861,0
1286769,2
1310185,3
1112704,0
1055978,1
1093150,4
1332210,1
1045586,10
1399769,1
1428523,0
1056581,0
1447191,2
1384034,3
1137590,0
1263027,0
1396476,0
1393708,10
1098120,17
1146079,12
1176683,6
1236232,7
1043714,8
1112290,8
1315890,0
1251960,0
1344744,0
1285953,0
1222463,0
1380883,0
1155889,0
1190568,0
1429669,0
1351758,0
1122867,0
1428085,13
1055368,7
1181140,8
1192825,0
1497180,0
1248212,23
1144793,5
1361907,0
1307127,0
1296593,7
1288029,9
1136665,7
1374497,7
1038293,7
1113345,0
1129168,18
1156793,40
1095528,6
1306049,16
1282473,0
1316409,0
1394640,7
1009777,15
1386654,19
1154407,6
1423212,13
1413911,16
1007465,7
1392733,12
1343164,1
1114869,14
1399552,14
1208940,13
1112607,6
1040360,6
1119698,7
1325998,6
1147410,6
1305088,5
1158546,7
1323328,8
1158006,8
1119887,0
1165697,2
1403211,5
1443517,3
1014151,0
1374002,36
1417996,31
1141881,21
1219590,23
1373220,2
1355558,8
1042282,3
1323969,14
1480827,18
1181254,0
1150997,0
1379420,5
1033770,8
1451868,3
1108405,0
1481278,1
1127853,7
1069729,6
1028848,17
1201050,2
1278761,0
1182751,0
1494451,6
1346198,2
1367068,0
1393667,34
1263571,0
1395629,0
1395320,0
1486344,0
1100089,25
1316600,11
1133091,0
1497480,0
1196661,38
1496261,36
1194929,27
1209119,22
1397954,16
1433003,0
1306725,14
1355897,13
1064394,16
1299518,18
1100813,0
1103179,0
1349648,0
1360039,1
1008284,0
1372827,0
1022366,6
1247275,11
1250692,3
1166812,0
1075237,0
1284106,1
1132690,0
1021330,8
1173609,9
1161832,7
1084054,0
1196971,11
1287686,17
1490438,16
1377459,23
1284858,10
1215512,10
1013410,10
1306922,5
1407650,14
1115185,17
1300326,34
1348608,0
1077818,0
1431835,0
1314817,39
1066068,25
1236383,7
1051153,1
1403654,20
1458515,0
1092603,0
1406779,6
1363499,8
1308591,14
1445820,8
1339495,17
1031284,0
1011989,5
1092978,15
1416822,17
1044644,11
1400124,10
1020688,13
1132214,0
1299296,0
1328803,0
1334503,0
1383625,5
1448378,0
1069438,0
1171702,0
1152361,10
1150037,11
1198481,20
1397183,26
1149053,0
1380157,7
1016217,1
1237054,0
1044369,0
1157822,12
1420945,9
1375200,17
1358278,0
1205185,0
1362253,5
1263433,0
1337606,0
1266676,5
1311688,6
1369119,6
1391955,2
1095582,2
1236493,0
1350052,12
1396061,16
1422724,3
1416267,4
1023518,7
1210701,16
1084100,8
1161473,16
1245334,17
1471348,16
1155624,16
1303316,16
1072688,7
1082037,20
1248088,18
1240215,11
1140940,13
1372767,25
1319511,24
1163430,14
1024275,20
1176115,32
1230753,0
1459901,0
1283901,0
1420906,0
1125326,0
1280096,0
1256216,0
1497839,0
1056161,0
1249726,3
1038455,5
1434793,5
1160822,6
1346146,0
1428646,2
1449241,5
1411131,7
1001411,4
1385630,4
1237972,0
1078865,0
1319741,4
1309594,2
1146287,9
1352895,8
1378461,14
1426530,12
1437824,13
1028205,8
1326348,10
1025298,8
1421003,11
1356082,11
1213133,0
1400057,0
1006359,2
1478327,1
1264778,0
1296198,0
1091285,12
1188584,0
1289252,0
1121717,3
1165494,0
1133975,0
1017195,0
1473572,0
1156194,0
1420711,0
1050364,0
1218991,1
1036017,0
1114325,2
1038860,4
1322237,2
1073235,0
1314434,0
1418720,10
1245711,1
1063433,0
1035108,11
1352358,7
1074658,6
1499594,0
1056537,0
1255064,0
1421744,14
1109478,14
1194904,6
1371113,4
1478926,4
1218200,1
1194155,3
1393791,12
1356548,12
1087090,11
1362391,11
1000962,0
1031818,0
1467100,12
1034605,4
1101780,0
1002344,0
1046072,0
1442812,0
1345228,0
1113888,0
1219117,0
1297015,25
1202918,22
1354197,5
1268287,3
1242062,0
1046820,0
1013774,0
1383287,5
1249173,9
1402527,5
1088465,0
1321672,26
1493321,35
1486372,21
1411581,16
1338165,6
1206135,5
1093502,15
1461412,20
1015740,0
1189256,1
1128323,13
1326661,0
1242328,20
1210696,0
1120940,0
1045314,0
1270338,2
1491051,24
1321001,0
1149554,0
1321455,14
1220031,6
1249562,3
1221659,1
1448873,1
1201558,3
1112961,13
1441542,22
1227620,0
1060282,0
1212298,8
1324089,0
1160616,2
1125254,16
1367408,15
1164080,7
1095594,5
1441231,6
1418316,4
1028314,6
1376664,18
1001180,11
1317946,21
1162285,15
1183217,4
1344949,5
1207523,7
1102512,0
1361643,0
1135403,0
1171163,0
1473307,0
1038042,3
1053898,12
1496571,14
1142142,15
1162420,19
1199487,4
1373867,9
1424223,12
1451930,9
1370497,8
1065924,8
1083741,16
1234248,13
1088860,21
1356258,19
1302259,17
1152733,12
1484698,19
1261194,13
1230150,13
1107553,13
1100828,0
1201667,0
1162414,0
1162048,2
1360889,7
1070154,0
1242415,0
1009155,0
1007348,28
1257698,8
1386147,19
1477962,12
1164241,13
1313079,13
1489391,13
1217690,13
1403412,12
1067902,13
1016818,14
1451414,13
1144387,0
1357820,4
1123456,28
1000586,25
1286790,3
1115930,6
1193439,1
1219711,4
1438799,3
1011484,5
1146910,6
1078476,5
1273798,9
1381479,7
1414898,6
1313752,2
1097004,5
1295157,5
1065465,17
1344156,12
1055855,11
1234968,26
1249681,5
1066635,6
1064923,5
1167876,5
1053807,4
1237785,3
1471314,4
1249240,8
1119440,8
1039592,4
1014849,15
1196535,3
1292202,2
1275446,1
1454082,7
1373757,6
1346922,3
1058487,5
1357585,3
1246808,6
1099146,4
1412353,5
1468339,6
1313065,7
1490279,5
1444037,0
1032563,0
1412227,0
1397626,0
1215207,0
1284712,0
1480206,0
1344652,0
1362439,0
1089623,0
1175542,0
1314812,28
1408441,9
1198898,0
1096814,0
1019929,0
1050747,20
1059227,0
1304119,0
1062397,0
1213487,8
1167608,8
1037042,0
1363682,37
1129795,45
1212698,29
1432412,26
1307351,8
1028375,6
1429330,21
1488638,20
1413805,25
1068732,0
1459985,0
1275261,7
1178436,13
1118377,3
1222153,0
1121953,2
1108733,4
1243875,8
1444290,21
1410568,16
1201705,13
1422145,14
1265812,15
1143936,15
1207164,12
1035471,14
1182115,16
1301690,15
1043957,14
1412117,12
1239970,6
1415533,7
1058293,9
1328879,6
1188626,13
1184088,3
1131958,4
1014626,4
1350558,2
1470774,0
1299041,61
1105837,32
1082803,22
1023822,25
1312925,3
1089746,8
1133734,4
1096643,14
1095601,13
1118778,8
1318169,9
1167507,9
1415526,9
1461383,9
1010375,5
1440426,2
1154587,10
1079575,7
1158030,15
1362696,7
1066731,2
1347823,3
1295629,6
1318474,13
1013232,0
1252214,34
1390132,0
1114889,0
1096101,0
1459986,0
1173416,29
1044076,14
1112081,0
1128597,0
1117544,34
1417850,34
1211259,25
1431972,14
1475506,10
1409045,2
1410758,4
1368841,2
1409653,11
1251129,13
1472488,7
1461331,12
1253822,11
1407561,8
1191571,5
1492538,3
1143486,5
1004907,5
1127961,4
1186842,20
1008262,12
1274142,6
1048054,5
1384843,13
1351109,6
1353818,5
1063035,7
1352845,12
1128433,0
1407888,22
1212422,26
1279701,37
1453508,45
1349422,5
1292070,3
1124122,12
1192277,33
1413046,25
1028748,17
1443200,9
1043603,8
1219673,27
1152131,5
1393223,5
1420107,6
1216873,5
1190133,5
1430193,9
1014965,25
1078132,9
1292424,8
1255258,1
1066079,10
1105879,9
1411353,9
1449547,9
1234887,0
1125678,0
1435855,0
1056982,0
1107898,0
1420115,1
1382425,12
1456487,9
1204895,12
1271507,13
1229377,0
1038196,6
1008268,27
1429686,16
1258400,4
1168925,1
1036885,0
1480686,11
1317736,0
1209072,8
1100649,1
1305444,4
1491431,0
1378334,0
1225887,0
1326777,4
1133252,5
1097687,12
1139498,7
1411557,8
1333045,8
1318193,9
1406669,8
1405764,8
1147888,7
1488755,7
1151189,3
1024790,1
1164052,20
1230002,17
1441669,12
1407711,3
1002962,7
1307976,4
1328697,18
1193459,18
1331356,0
1397910,0
1033866,6
1185243,0
1340832,0
1422405,0
1000907,0
1140986,0
1166061,0
1147826,0
1174075,6
1121861,4
1427424,5
1202501,5
1211307,5
1391383,4
1051248,3
1124427,2
1143781,8
1122608,6
1173756,8
1218630,5
1072974,16
1271370,7
1108945,0
1303182,0
1323756,10
1219727,7
1398197,14
1089695,21
1356105,23
1402798,18
1291085,12
1404814,19
1428083,18
1203717,14
1111706,15
1394938,13
1108936,7
1105792,9
1306121,8
1393546,7
1452330,9
1384949,10
1369516,5
1386732,4
1402801,4
1487219,3
1487448,0
1189549,0
1264146,3
1352579,0
1165448,0
1203426,0
1123527,0
1219158,0
1356081,1
1251853,0
1359239,5
1323864,4
1110355,7
1234810,5
1092030,8
1262482,5
1327710,8
1431000,5
1223860,6
1381768,5
1451012,4
1035076,37
1161618,35
1443293,20
1071762,15
1489624,0
1436386,0
1396514,0
1039985,5
1458659,10
1478260,0
1211763,0
1461264,5
1452748,4
1454882,7
1178109,6
1151588,7
1093068,7
1069584,9
1188384,11
1019856,7
1203766,19
1355799,18
1344056,5
1439488,6
1402415,0
1026211,0
1370612,0
1218651,3
1374767,3
1095558,5
1230790,4
1219964,25
1230004,27
1283749,6
1081422,6
1068866,5
1102942,1
1413625,3
1266101,3
1006570,3
1102106,5
1392645,4
1136584,7
1453858,6
1029171,9
1194113,9
1336189,0
1039864,0
1378231,0
1339671,0
1314578,0
1403828,0
1249231,0
1311330,13
1476081,35
1413988,35
1431384,0
1487673,0
1068668,3
1063833,1
1393194,32
1359636,1
1108677,0
1304133,5
1485109,3
1485137,11
1045996,0
1044730,0
1150354,0
1446291,0
1001106,0
1356071,0
1101252,0
1223036,0
1134987,0
1062304,0
1116597,0
1145893,5
1025496,3
1218778,18
1153423,15
1357408,2
1286873,3
1402952,4
1170957,7
1361706,0
1014000,0
1039951,0
1473600,0
1265560,0
1462466,0
1114666,0
1443948,8
1401506,0
1253336,0
1229602,5
1486505,5
1487852,2
1445743,2
1310175,1
1134018,2
1448035,2
1296975,16
1029539,2
1304389,11
1110541,14
1331960,8
1218721,12
1154883,19
1490445,15
1181176,14
1356273,0
1412186,19
1114401,22
1228683,4
1337833,3
1050850,3
1457667,2
1024014,0
1171411,2
1257636,5
1074009,3
1145515,5
1248367,3
1298875,2
1448070,0
1179183,2
1395822,2
1303811,6
1412306,12
1087455,9
1028514,25
1467820,2
1491649,7
1474249,2
1028658,0
1491544,2
1163145,14
1433035,1
1459830,0
1174361,0
1250822,0
1078406,0
1499791,11
1233243,0
1149972,3
1014740,3
1022510,2
1235837,4
1371786,0
1493420,0
1010170,0
1425445,0
1273778,0
1270680,1
1376166,0
1164762,4
1344143,3
1160893,0
1236978,0
1453878,0
1246866,0
1302283,0
1064732,0
1141248,0
1080727,0
1487939,0
1295266,0
1013660,0
1093949,0
1429810,0
1130721,0
1138486,0
1372175,0
1272747,10
1182172,0
1026845,0
1346301,0
1272184,0
1340133,1
1233411,2
1194326,2
1498415,0
1074808,10
1216412,12
1241604,14
1345822,8
1372115,17
1423689,0
1293491,0
1308693,0
1209311,0
1110021,0
1277171,0
1020754,9
1161508,31
1374528,27
1197461,0
1329651,0
1040737,0
1480946,0
1498109,0
1002703,0
1349426,0
1004288,1
1444755,3
1074093,1
1115748,0
1281521,6
1451363,8
1430974,1
1461605,3
1248805,0
1365062,0
1413517,0
1079468,30
1462434,18
1056092,0
1365006,1
1456089,1
1446786,0
1040817,0
1109353,3
1487989,14
1121159,14
1222840,0
1460813,1
1487066,0
1079005,0
1388676,0
1371072,0
1297231,0
1016210,0
1210558,4
1123675,4
1086030,0
1394115,26
1278363,0
1085675,0
1091432,0
1484666,0
1459972,16
1025645,0
1253204,0
1150554,0
1353589,0
1083761,0
1017978,11
1204607,2
1179263,2
1287664,4
1101142,0
1259598,4
1403541,19
1101243,21
1202680,7
1343708,1
1386496,4
1391427,0
1230052,0
1047182,0
1131586,1
1169082,2
1065210,5
1322258,0
1062507,2
1369946,2
1266139,4
1317106,0
1200557,2
1442391,4
1141389,3
1209068,2
1048616,2
1161399,22
1246499,1
1173875,1
1295803,6
1382915,11
1270557,11
1387232,0
1234509,0
1131712,8
1041891,0
1189265,26
1242154,0
1271716,0
1241557,3
1056516,31
1103361,24
1333733,4
1001630,11
1071359,11
1309758,26
1363781,5
1275758,9
1335742,9
1385596,8
1379435,5
1065819,11
1192767,5
1281501,4
1307572,4
1456322,4
1431483,0
1062258,0
1333906,0
1106524,0
1290036,0
1184862,0
1096073,0
1031537,0
1203109,0
1071558,1
1101932,0
1044801,5
1079827,17
1285141,28
1075442,3
1499597,3
1343162,6
1476106,18
1049161,0
1364913,0
1193107,0
1180048,4
1358834,0
1151399,0
1044081,1
1466579,9
1014859,9
1332396,3
1266400,2
1472252,3
1003603,3
1409616,1
1059512,0
1484676,0
1368949,0
1329321,13
1375533,16
1107947,15
1425745,6
1273134,9
1436258,15
1254725,10
1421375,17
1325792,0
1193535,0
1218040,0
1236341,0
1062111,0
1128983,0
1391564,0
1321495,0
1210468,0
1203757,0
1412587,0
1433116,0
1042053,4
1124635,17
1154252,12
1279658,7
1407745,7
1186723,7
1470954,7
1368908,6
1374038,0
1153248,2
1345956,0
1393237,0
1014560,0
1012199,0
1077136,0
1119709,1
1046854,2
1283164,2
1314508,14
1471054,18
1128581,9
1166222,12
1188988,12
1134994,14
1378089,21
1135823,17
1235260,12
1377286,0
1308546,0
1196922,0
1163908,0
1085465,0
1068315,0
1234038,0
1038950,0
1444536,2
1283324,2
1191789,0
1438073,0
1172474,0
1280261,0
1275016,0
1145855,0
1232971,0
1224224,0
1062528,0
1057817,0
1337490,0
1433830,0
1304337,0
1167678,0
1299855,0
1311195,0
1432084,0
1180256,0
1421002,2
1053628,4
1121324,0
1026413,0
1070072,9
1146493,7
1023501,0
1453489,0
1038965,0
1347849,0
1045776,13
1452750,6
1021010,11
1136984,1
1234163,5
1215779,8
1370085,10
1152832,8
1214420,7
1143861,7
1223574,9
1456445,8
1030306,0
1056828,0
1140717,0
1289609,0
1355546,0
1104076,0
1172744,0
1031169,0
1242193,0
1145750,0
1050897,24
1272957,25
1122296,5
1152640,4
1183320,1
1436037,5
1110617,4
1028234,4
1061389,0
1272403,0
1034465,5
1040003,3
1163226,0
1031803,42
1429552,35
1126332,31
1204816,13
1356232,5
1017032,6
1074980,12
1405502,19
1012125,22
1169730,0
1326969,0
1290989,9
1324687,0
1435521,0
1424670,11
1217911,0
1445424,0
1307778,2
1109546,0
1322878,0
1050289,0
1361083,0
1159200,0
1180812,0
1378506,0
1287932,0
1314601,0
1360376,18
1316856,8
1401754,0
1091471,0
1300817,0
1193216,0
1060409,0
1209654,5
1282653,0
1425189,15
1361061,8
1099961,0
1476887,0
1108169,5
1344879,5
1017490,5
1176469,19
1130081,8
1058797,2
1296440,3
1341876,8
1042340,7
1480288,0
1388976,0
1119648,0
1321873,0
1261615,0
1427961,0
1363989,8
1410687,14
1431485,7
1457142,10
1190838,6
1280906,4
1123939,4
1338164,3
1455555,3
1478284,3
1151232,4
1129758,3
1436307,16
1144232,17
1206831,11
1035382,8
1196146,7
1260615,7
1312498,10
1136753,13
1489232,14
1035832,14
1061276,0
1015088,0
1292002,12
1285083,13
1343995,13
1304918,2
1017601,3
1180813,17
1169611,15
1346633,14
1207310,20
1452410,12
1318219,16
1260006,14
1372927,16
1133760,12
1075937,12
1025820,9
1310403,13
1030704,15
1415287,0
1180965,6
1113679,26
1357660,33
1161674,3
1334489,3
1069619,1
1315618,4
1274761,5
1185715,6
1281482,0
1185994,0
1101359,4
1224536,0
1416326,5
1489036,2
1432032,0
1485473,0
1191888,8
1140077,6
1307302,11
1177684,7
1331883,5
1425911,18
1293866,2
1062563,3
1201874,2
1153088,3
1234655,4
1157099,2
1161036,0
1135545,0
1442958,0
1314621,0
1388384,0
1227978,7
1301241,0
1184839,0
1046279,8
1167856,5
1113162,0
1384889,0
1442329,0
1199138,0
1401990,0
1238679,0
1464254,0
1140293,3
1457212,6
1189272,5
1271696,0
1139577,0
1148826,0
1317428,0
1018320,0
1099215,0
1402594,0
1180246,0
1047356,0
1486518,0
1223600,0
1358943,13
1092417,0
1198010,0
1048692,0
1184868,0
1302853,14
1011499,0
1413467,0
1233653,0
1434166,4
1432772,2
1496055,0
1399699,2
1037988,13
1104148,14
1193669,9
1279111,9
1121988,0
1115180,20
1008616,35
1359199,16
1466525,3
1060044,5
1237487,3
1445380,18
1070424,17
1324840,23
1210001,0
1406512,0
1476709,3
1469794,4
1227316,3
1434845,2
1026204,12
1325430,9
1311405,10
1487564,15
1012771,12
1492039,12
1409644,12
1069560,10
1230159,10
1451740,6
1223669,9
1480159,8
1329548,14
1008093,15
1240273,4
1245225,1
1103636,4
1309363,4
1095731,4
1444210,8
1270167,7
1040828,7
1271717,3
1112011,3
1123214,11
1038791,156
1134852,73
1403461,46
1002912,50
1089089,9
1082554,4
1353572,9
1015394,19
1320654,20
1450412,3
1346636,4
1142017,2
1232162,0
1258738,0
1440844,2
1355348,5
1047465,9
1052061,19
1246412,20
1305157,8
1412668,12
1196150,5
1023855,0
1497263,0
1163695,6
1447975,11
1083097,0
1181871,28
1040695,0
1063801,0
1341226,0
1009874,0
1079968,0
1331936,0
1325121,0
1370183,0
1161630,20
1021993,108
1179517,54
1332254,41
1319159,42
1356974,12
1290939,9
1401750,6
1064767,10
1070383,17
1105919,9
1270179,5
1026319,5
1032990,1
1166528,5
1156987,3
1015916,4
1448825,2
1212228,3
1301184,2
1201561,0
1315874,0
1291984,6
1364501,15
1410066,11
1349184,2
1130619,1
1096780,10
1352350,0
1467630,5
1225027,14
1319162,0
1196160,0
1304965,21
1163371,21
1410444,10
1447902,16
1220066,11
1395996,22
1050155,3
1405958,4
1460942,3
1156794,2
1259715,3
1290300,1
1407667,29
1268061,13
1435514,11
1118148,0
1110023,12
1016117,10
1057728,6
1269429,8
1398750,3
1307215,6
1053207,0
1381358,0
1255638,0
1176118,0
1043550,0
1369209,0
1359946,0
1311666,0
1064580,0
1006230,1
1415441,0
1178941,22
1146905,19
1344481,5
1495378,4
1337557,1
1246312,0
1171690,18
1445691,3
1086007,0
1304601,16
1292707,0
1350725,0
1126286,0
1167983,1
1340967,1
1321976,6
1088772,9
1446950,7
1210886,7
1321519,4
1454833,7
1231250,7
1060841,5
1063119,4
1368987,12
1106904,6
1345120,7
1121990,10
1432624,11
1306602,12
1096748,8
1346881,13
1417343,9
1248441,14
1369427,15
1034885,0
1188905,0
1000505,7
1155391,14
1175738,7
1346234,5
1177275,6
1379838,9
1492943,16
1308976,18
1086708,0
1137260,0
1412405,0
1407411,0
1333872,0
1469078,0
1445891,0
1306540,0
1015130,0
1306586,0
1288584,0
1216944,0
1394355,0
1285022,0
1462965,0
1205977,0
1349950,0
1340917,1
1191343,2
1262924,3
1106662,0
1095231,0
1210181,1
1032488,0
1351353,5
1277125,0
1277374,0
1030600,0
1497254,6
1294314,8
1120835,15
1168918,11
1010155,13
1219862,9
1262985,17
1489334,12
1272770,9
1139055,16
1005607,16
1433314,0
1145467,0
1375025,0
1095276,0
1187504,0
1167315,0
1162925,0
1129751,1
1154706,3
1428567,2
1432009,0
1119531,0
1430629,0
1258284,0
1404233,0
1059406,0
1141667,0
1354571,0
1284851,0
1266965,0
1403343,0
1050693,0
1389483,0
1028926,0
1164432,0
1022069,0
1424160,0
1466699,0
1013907,8
1325027,1
1111122,0
1152573,42
1139647,26
1194544,23
1473726,24
1357020,1
1226117,3
1018768,0
1259325,3
1497891,9
1011931,0
1108509,2
1137755,14
1313978,6
1154103,14
1023140,10
1398600,8
1300190,4
1019457,12
1443796,7
1251406,0
1077955,15
1432633,21
1135634,2
1053800,0
1300651,0
1403400,0
1084536,0
1422024,0
1067466,1
1181335,7
1407215,24
1250390,30
1119553,5
1431014,5
1141140,3
1362663,4
1258340,3
1477586,0
1232549,0
1421415,0
1499661,0
1390906,0
1392104,0
1341715,0
1459707,5
1213952,6
1319632,5
1284837,0
1493378,56
1108062,39
1199115,10
1234045,30
1150824,2
1195695,3
1437201,15
1332203,23
1025247,13
1350211,0
1108160,66
1306384,35
1301386,28
1359640,34
1065859,34
1461969,4
1456556,0
1186540,0
1188205,12
1062543,0
1398189,1
1466289,6
1184561,4
1388769,4
1022676,0
1107883,0
1457400,0
1084848,11
1301668,4
1191468,0
1043523,0
1106934,0
1232746,0
1150178,0
1464884,0
1454215,0
1276479,0
1157583,0
1435668,3
1061430,0
1289127,0
1205864,5
1239910,0
1410666,8
1312333,0
1485353,0
1257696,0
1103602,6
1380060,5
1078789,0
1258021,0
1033797,0
1351003,0
1258210,0
1050711,0
1134300,5
1385089,0
1353835,0
1121782,3
1417469,4
1399537,4
1357556,3
1173518,2
1165681,1
1135715,1
1461113,0
1162104,7
1140483,9
1256636,12
1226418,7
1426747,9
1229906,9
1177248,9
1438430,9
1011649,14
1495463,14
1123146,0
1283686,27
1013187,9
1209472,11
1074286,15
1182203,0
1270377,0
1129511,0
1480157,8
1036327,11
1336480,2
1230167,8
1161027,9
1474084,9
1018008,10
1078258,9
1191793,9
1463167,7
1209802,11
1316201,13
1480252,1
1157948,1
1484457,20
1342379,23
1008085,1
1235730,4
1021989,5
1450107,2
1347721,0
1025278,0
1179188,0
1087166,0
1157826,0
1249459,0
1180417,0
1120848,0
1014416,1
1424299,0
1103877,0
1410995,0
1106286,0
1079826,0
1299309,0
1156239,0
1167739,0
1035520,0
1474882,5
1436002,4
1106947,12
1038730,2
1007039,0
1109602,0
1307498,0
1163586,0
1454022,0
1319449,2
1221686,1
1450663,2
1278837,0
1430956,0
1058059,0
1391914,0
1284694,0
1047034,0
1128200,0
1362834,0
1372825,5
1261755,5
1114322,0
1169375,0
1242200,3
1477386,0
1394203,0
1276366,0
1138700,0
1009855,0
1375467,0
1495420,0
1494572,0
1443408,22
1046238,0
1046430,0
1258929,1
1162336,0
1119487,21
1390966,0
1207032,0
1277215,0
1350522,3
1137795,3
1002793,3
1461455,2
1171371,2
1322633,1
1164057,1
1440801,0
1490055,5
1193418,0
1198884,72
1410268,42
1319050,38
1201688,14
1309747,3
1445768,9
1161906,20
1010865,32
1362178,15
1335657,0
1371464,3
1322076,9
1192580,4
1315446,4
1477854,0
1198926,0
1206563,6
1342655,11
1290673,10
1223905,9
1266392,12
1291976,10
1164193,15
1394245,12
1414710,11
1006345,12
1152630,8
1332072,13
1387257,14
1099622,0
1224371,0
1078580,0
1354327,0
1069327,0
1290290,0
1036858,0
1410348,0
1330379,2
1065783,2
1185434,5
1101049,193
1101699,80
1089294,51
1480593,45
1339799,10
1261433,13
1397430,4
1083089,9
1138673,14
1088540,3
1085191,0
1338003,2
1203469,0
1255321,2
1178671,2
1061782,2
1346062,3
1088986,9
1410375,12
1103878,17
1415587,16
1320629,4
1259587,5
1435587,3
1222378,0
1148437,0
1307388,6
1203171,3
1023532,0
1429992,39
1020444,0
1217757,0
1323110,0
1428418,0
1339749,15
1300869,0
1077843,0
1490233,0
1266519,65
1137275,102
1266254,65
1125205,37
1282243,20
1265496,11
1269069,11
1421700,5
1095834,15
1175473,13
1478221,2
1387281,0
1446736,0
1040382,0
1130883,0
1218824,0
1315250,1
1148711,4
1169207,4
1192336,1
1258982,0
1126069,0
1316507,0
1171598,0
1418313,0
1290649,6
1390837,5
1197163,3
1030401,1
1483696,9
1129265,4
1012371,15
1415273,15
1070312,11
1345540,6
1336029,15
1217162,3
1272790,21
1301604,5
1405386,0
1167724,82
1126396,46
1237585,29
1405719,42
1406813,44
1285817,8
1386434,0
1062686,6
1258300,51
1227192,1
1404963,0
1175735,2
1104176,8
1222583,0
1080833,0
1088693,0
1272865,0
1476491,7
1038852,5
1139472,16
1112793,6
1175594,6
1298517,0
1255481,9
1080589,8
1128383,1
1201129,7
1136805,0
1311206,0
1041160,0
1117290,0
1136497,0
1126149,0
1014383,0
1363114,5
1421040,3
1355617,10
1005745,12
1498006,11
1009210,0
1430653,3
1214827,0
1222373,0
1371009,5
1053905,4
1364079,0
1115318,0
1454707,0
1012151,0
1402108,0
1136298,0
1196671,0
1173061,0
1275935,11
1316352,1
1160060,2
1029300,5
1202641,4
1305385,5
1392013,7
1473273,6
1210621,5
1385103,7
1483936,6
1127484,6
1334472,0
1364248,4
1349737,6
1487287,8
1426756,12
1459447,12
1224526,12
1127290,7
1114943,12
1179480,13
1353114,0
1253464,44
1242076,37
1340873,19
1412456,18
1210302,0
1404230,1
1199301,4
1323295,9
1325558,14
1435797,0
1230293,0
1476138,0
1378907,0
1463942,0
1066858,0
1141573,0
1482473,0
1315422,0
1154170,0
1098408,3
1466943,0
1001101,0
1219612,0
1165887,0
1125271,0
1413674,0
1425133,9
1104431,2
1468731,2
1268382,5
1212416,11
1258074,5
1443392,0
1297279,1
1354271,3
1349257,0
1085416,0
1458913,6
1392222,3
1252749,0
1205708,7
1268510,14
1407369,9
1305864,9
1396943,3
1399299,7
1314371,9
1099354,11
1339781,12
1091951,0
1414650,0
1122981,0
1030360,0
1272696,0
1146788,0
1056095,0
1406516,0
1021686,1
1005332,3
1225674,0
1334883,0
1138288,0
1175267,0
1463904,0
1357643,0
1361886,0
1115214,0
1440633,0
1173767,0
1195122,0
1078493,0
1327218,0
1076853,0
1416374,0
1383696,0
1028933,0
1161361,0
1073713,0
1287364,0
1363184,7
1199993,56
1497719,27
1027254,18
1033201,18
1105714,0
1088152,1
1105750,0
1001499,4
1445468,12
1171323,0
1164578,0
1457732,5
1305267,15
1051084,0
1356816,0
1374452,0
1464106,0
1165966,7
1439454,6
1405793,0
1087935,3
1482706,17
1391417,9
1352442,5
1445173,0
1194190,0
1492896,0
1044219,1
1047140,0
1270897,0
1314522,1
1377865,20
1347818,17
1124731,1
1487297,0
1378911,1
1461034,2
1172455,0
1256536,0
1089322,0
1155514,0
1086787,0
1322050,0
1314452,0
1397380,2
1127289,5
1205071,3
1051139,31
1252119,0
1442758,0
1316588,0
1026142,0
1456297,0
1303542,0
1376226,0
1124573,26
1214594,27
1413230,0
1288873,0
1497306,0
1045529,4
1211162,24
1363689,0
1353804,0
1224929,0
1087629,0
1007589,0
1158737,0
1372362,0
1219920,0
1103872,0
1397755,0
1402368,0
1481384,15
1303248,3
1493585,20
1207746,6
1141137,3
1087160,0
1159717,5
1474172,20
1162341,14
1131373,1
1459844,2
1246489,0
1496832,0
1383829,0
1252476,0
1249332,0
1480810,0
1096564,0
1298371,0
1482350,21
1239703,22
1314748,6
1145540,7
1351129,7
1029384,7
1102053,22
1078797,11
1270116,12
1195405,11
1431006,5
1036045,3
1323407,15
1071612,17
1412128,24
1329839,11
1122832,10
1160992,15
1198402,14
1311634,24
1475918,10
1310608,11
1402246,4
1148436,4
1156317,2
1413495,8
1392268,10
1223784,2
1230218,1
1277563,6
1129549,17
1036213,4
1038824,7
1202518,8
1059545,7
1011440,0
1477503,3
1130262,2
1346600,0
1339163,0
1204193,0
1159117,0
1210989,0
1392125,0
1469797,2
1359351,0
1090440,82
1398868,41
1370143,12
1312652,31
1299021,0
1105415,31
1243449,9
1372564,0
1123616,0
1278640,6
1161784,29
1274462,0
1110391,2
1083245,4
1321283,5
1249754,0
1053779,0
1034869,13
1429223,26
1479594,4
1065649,0
1247475,0
1017376,7
1069813,10
1146173,5
1046576,4
1070359,5
1261208,4
1295739,6
1371494,12
1242910,11
1297462,12
1408420,12
1468795,10
1322980,7
1278810,14
1286425,17
1287421,17
1137875,5
1066080,5
1421641,2
1365140,1
1095442,6
1076755,16
1404791,4
1035671,5
1431880,7
1143822,8
1233267,18
1394833,42
1179749,27
1296432,19
1442048,0
1285582,0
1402829,29
1272532,14
1484749,16
1118851,0
1009685,4
1103790,8
1081466,13
1067689,16
1320892,9
1425915,5
1265570,8
1117394,14
1131780,18
1242389,13
1049606,3
1345251,6
1033602,6
1353342,3
1099601,0
1242070,2
1165673,2
1272610,16
1304675,7
1111610,1
1103610,10
1119849,11
1025188,24
1452732,11
1198164,0
1159741,0
1495381,4
1279465,6
1089873,33
1126918,2
1193654,0
1392600,0
1007620,30
1046609,32
1089220,10
1448499,16
1480977,10
1165626,27
1400690,8
1398185,8
1287476,2
1002446,0
1280812,1
1496509,9
1411840,15
1333737,15
1455813,7
1032114,8
1202461,0
1224855,0
1453460,0
1241492,18
1049602,5
1235695,4
1474850,16
1228447,14
1128513,6
1193256,6
1339264,17
1358351,14
1032540,3
1143118,3
1064557,4
1040647,12
1429401,23
1220103,18
1044804,10
1359148,0
1329120,0
1459893,0
1285114,7
1105654,10
1190701,5
1351946,5
1042350,4
1484593,3
1121456,3
1019250,7
1291968,7
1147536,7
1474772,18
1016615,14
1018551,9
1480247,12
1395898,12
1448266,10
1231701,13
1012670,16
1240287,13
1463854,21
1093731,6
1269050,25
1023961,52
1388114,24
1175925,33
1109214,12
1095490,9
1430226,14
1479522,15
1349727,14
1030237,0
1225930,0
1385412,0
1107223,4
1006102,0
1053334,3
1464589,1
1030302,0
1274071,1
1260736,9
1133680,6
1065468,22
1467769,12
1032172,10
1115458,4
1266940,3
1443467,10
1173395,6
1332233,9
1042157,17
1130326,16
1094332,1
1433395,1
1180934,0
1060487,0
1171147,2
1375433,10
1006863,10
1114839,5
1048552,4
1249809,2
1460215,1
1098302,38
1018556,30
1153013,27
1406628,11
1493850,0
1367571,9
1142375,15
1125901,16
1470260,0
1216773,0
1346299,2
1463665,6
1269039,0
1472378,0
1484598,12
1422402,11
1398699,2
1143869,5
1347349,2
1309756,5
1462779,8
1339369,9
1335552,6
1309956,6
1093896,9
1284066,13
1483726,12
1258953,12
1391442,0
1074147,0
1098053,0
1169805,0
1032075,0
1322932,0
1402445,0
1165145,0
1479434,0
1103124,0
1449517,13
1078767,8
1040825,9
1281373,0
1451370,0
1247939,23
1138400,0
1229203,0
1072744,5
1009271,5
1238845,28
1139373,26
1253878,0
1433742,0
1271361,3
1318816,0
1013289,0
1360747,14
1245642,0
1145973,0
1219376,13
1211106,3
1114881,0
1037344,0
1030428,0
1312113,0
1000666,0
1146575,0
1350267,2
1384048,2
1331565,0
1166954,2
1333239,13
1009910,6
1435998,9
1271673,9
1066592,19
1220416,13
1473341,4
1224761,3
1214246,4
1110589,7
1262540,0
1323752,0
1343272,0
1008406,0
1426204,0
1423852,5
1340706,5
1362799,0
1018544,2
1317712,8
1180122,5
1379374,5
1210748,4
1314686,5
1226697,5
1485349,6
1278322,3
1279690,3
1299263,3
1428130,4
1287120,4
1441706,6
1496140,8
1023202,8
1224457,7
1307990,7
1393706,16
1476089,16
1240676,19
1345447,7
1457860,8
1248698,26
1138253,23
1176245,6
1075398,9
1438275,6
1055999,6
1293041,5
1011525,5
1401432,0
1465418,0
1483716,0
1378475,0
1032528,0
1090692,0
1207091,0
1302076,0
1109560,4
1235803,5
1213514,8
1285974,8
1406254,9
1208820,23
1482217,6
1195960,4
1342435,4
1237820,6
1429024,6
1266035,6
1046904,0
1371198,4
1332404,0
1472665,0
1463208,7
1190516,13
1180232,4
1248961,3
1471954,5
1148848,8
1156598,6
1473807,7
1131135,8
1342618,0
1034517,0
1029594,0
1331308,0
1395057,4
1473348,9
1288937,6
1441890,0
1452815,0
1050471,0
1319582,0
1495342,0
1125330,0
1274663,0
1311575,0
1339048,0
1085391,0
1403092,0
1126737,0
1261324,0
1472510,0
1442794,0
1029656,0
1335249,0
1283680,0
1379654,0
1273760,0
1191899,2
1476984,10
1289334,10
1114108,10
1141281,10
1346518,10
1401883,10
1145177,10
1247809,12
1233056,0
1288355,0
1030091,0
1325706,0
1136765,0
1159283,0
1165972,9
1452428,30
1019402,25
1483718,0
1423393,0
1471097,1
1051052,0
1022326,0
1013503,0
1425115,0
1479423,0
1454891,5
1468117,13
1296483,0
1265643,0
1243332,1
1017985,12
1002910,1
1214298,0
1265634,0
1490788,0
1054015,13
1394286,12
1148358,1
1096127,2
1396438,1
1335466,2
1472716,3
1357170,10
1151847,10
1124932,0
1263980,9
1405603,4
1457882,0
1243722,0
1418093,0
1268970,0
1175091,4
1179357,5
1411541,4
1195341,0
1343858,10
1149711,0
1381929,0
1434781,0
1435147,0
1075399,4
1215485,0
1205968,0
1423129,0
1159992,4
1349938,3
1440017,4
1021112,12
1087316,5
1382875,3
1223460,6
1140043,3
1358812,18
1384056,10
1342187,12
1283499,15
1236942,9
1188311,3
1441301,1
1306594,2
1216717,4
1067885,3
1282886,7
1000233,5
1311852,15
1222345,9
1378449,7
1100820,6
1423483,5
1412050,5
1062359,5
1329444,4
1083984,22
1120774,4
1396398,20
1380584,2
1193984,3
1038260,10
1096751,6
1394382,3
1362855,0
1365771,7
1210842,1
1244960,8
1303233,31
1284547,8
1161437,0
1317740,0
1086077,0
1016409,17
1188996,20
1278915,7
1468021,5
1087191,27
1461999,3
1427004,4
1432803,2
1150675,4
1303708,18
1359559,8
1064015,8
1284449,2
1030923,10
1435938,10
1060856,5
1412869,7
1335568,7
1035831,11
1217335,0
1124524,0
1294240,0
1370016,0
1427371,3
1297702,5
1108874,1
1294741,0
1011365,3
1052867,5
1011799,23
1375108,27
1064800,8
1252259,8
1238568,3
1056683,0
1483536,0
1480346,0
1298778,0
1198542,1
1391592,0
1330306,0
1276537,0
1402353,7
1416208,11
1054533,5
1157714,5
1375702,4
1404614,4
1365090,2
1464373,2
1414357,3
1259160,3
1257518,11
1086855,12
1155554,16
1492370,6
1148565,8
1253739,11
1487411,12
1332302,12
1314671,9
1103515,19
1122707,0
1103679,0
1248120,0
1135939,0
1412925,0
1040396,0
1265718,0
1170956,0
1175645,0
1132794,0
1056722,1
1177655,2
1484447,6
1169645,6
1323495,6
1457994,4
1155386,6
1409690,5
1275226,6
1430027,7
1097512,1
1278606,4
1182176,0
1401690,0
1294690,5
1008247,5
1180958,4
1236313,2
1474566,5
1243283,8
1143378,16
1467572,4
1395698,4
1056127,7
1153514,10
1097871,6
1446962,15
1194289,15
1251230,21
1240222,7
1111500,2
1165860,4
1317781,3
1135395,3
1059630,0
1043255,0
1287061,3
1115066,5
1196696,6
1466154,14
1404278,0
1218127,0
1357828,0
1286946,0
1159274,0
1178338,0
1481479,0
1284324,0
1116325,0
1112007,0
1289683,0
1000119,0
1162607,0
1135134,0
1067483,0
1103070,0
1191139,0
1365136,0
1051164,6
1385999,6
1008440,0
1359692,0
1010337,4
1056526,0
1321568,0
1219292,0
1433307,0
1061618,0
1276246,13
1202816,14
1160436,7
1305800,8
1023318,10
1367061,10
1335602,11
1205053,12
1372471,10
1029950,16
1326414,17
1279850,16
1227875,0
1069980,0
1495290,0
1038896,0
1349870,0
1442117,0
1199882,0
1499647,0
1326814,0
1404384,0
1200189,3
1031655,4
1123469,20
1492791,2
1293873,5
1127793,4
1026804,5
1331929,4
1327940,6
1466241,5
1330314,2
1383693,1
1088604,0
1020884,0
1490846,0
1313483,7
1131997,9
1143391,6
1425882,18
1435973,0
1255329,0
1269710,1
1094190,0
1290576,0
1457996,0
1343838,32
1193872,29
1172875,27
1263016,0
1142936,0
1144128,3
1300682,0
1366778,23
1270725,0
1305979,0
1337785,0
1048223,0
1261923,13
1410135,0
1357911,0
1362697,0
1435716,0
1116399,0
1082279,0
1320535,0
1184574,0
1355189,11
1300394,0
1274108,8
1146546,3
1042812,4
1478834,2
1493024,17
1225700,14
1034437,0
1310192,2
1425307,3
1420788,5
1265438,0
1381530,0
1377302,0
1042953,0
1463037,0
1290141,0
1216489,0
1023277,0
1014891,0
1036389,0
1123588,0
1137982,0
1290815,1
1313954,3
1443431,6
1022780,1
1258137,24
1409965,11
1278238,17
1425828,11
1217136,9
1003704,11
1255164,8
1395186,16
1115897,16
1138371,3
1232649,1
1019322,31
1469891,25
1299342,2
1362461,4
1018204,3
1370089,2
1191951,2
1216596,3
1319105,0
1293933,0
1442076,0
1074410,0
1412637,0
1377213,0
1325614,0
1058873,5
1201538,3
1090414,0
1092006,6
1113366,14
1493948,8
1120175,21
1137339,0
1356946,0
1372407,4
1486442,5
1302946,3
1172140,4
1082298,0
1150221,1
1397772,1
1140032,0
1053049,1
1349760,0
1445268,0
1309908,0
1016495,5
1441001,4
1443270,0
1030388,0
1166420,0
1096295,0
1274331,0
1002232,0
1354780,0
1479882,0
1385985,0
1149204,0
1057623,0
1412835,0
1420561,0
1112700,0
1351941,0
1061668,0
1310851,9
1304053,0
1352827,0
1105191,0
1073338,4
1260742,4
1205947,4
1028104,3
1021162,0
1208304,0
1265589,7
1069778,19
1220154,11
1085877,0
1246917,0
1396429,0
1318103,0
1113641,0
1310037,0
1383149,17
1008601,39
1318291,31
1038393,0
1108100,0
1452155,0
1346627,0
1171357,0
1472644,0
1419717,0
1051295,0
1129172,2
1259575,3
1450701,0
1224760,0
1363494,0
1324577,3
1491314,8
1158272,0
1412751,0
1112151,0
1219827,27
1187185,21
1438649,0
1482787,5
1492355,6
1080700,14
1303897,8
1071840,9
1007028,9
1266357,0
1001960,0
1123252,3
1014522,1
1276354,11
1493476,0
1109491,0
1473460,0
1077871,6
1288980,3
1324265,0
1035112,21
1052770,0
1277335,0
1215978,0
1063075,0
1436856,0
1448738,0
1464317,0
1254705,0
1119729,0
1178379,1
1168706,0
1171672,0
1432899,6
1268541,0
1006145,0
1441960,0
1183895,26
1460906,21
1188111,8
1228717,7
1140317,9
1331594,3
1292643,1
1449768,1
1028507,2
1127166,4
1334493,2
1004715,10
1226758,1
1297773,4
1230585,21
1158190,22
1328451,9
1493704,5
1258825,11
1361685,5
1480130,16
1116522,6
1408421,12
1186097,23
1092362,17
1477329,26
1453733,0
1173815,0
1227706,0
1390410,32
1133184,21
1379437,7
1064876,14
1087207,10
1221083,26
1435425,1
1217777,4
1472769,2
1425021,2
1323453,1
1357754,1
1403993,13
1341505,5
1412612,8
1088156,0
1470729,5
1454734,8
1276891,2
1017785,3
1029297,0
1011377,10
1414821,0
1244720,0
1129605,0
1189914,0
1327944,0
1139728,0
1157061,0
1248368,7
1468695,0
1223120,0
1298566,5
1438231,2
1019113,20
1331921,16
1387698,2
1411389,2
1469298,3
1004343,4
1008761,3
1325331,9
1212642,0
1294647,0
1241369,0
1217149,0
1032147,0
1219775,0
1175440,0
1182013,0
1213041,6
1271942,13
1337117,1
1245831,2
1053654,2
1197171,2
1144802,2
1043869,1
1381072,9
1171071,9
1048783,8
1463108,0
1001682,0
1286957,10
1083317,16
1413058,3
1145683,4
1175281,1
1145346,3
1036709,19
1218544,16
1101610,0
1351558,0
1401050,0
1062617,0
1307656,0
1206410,0
1490925,0
1391911,0
1340955,0
1226464,0
1018136,1
1029029,0
1465478,2
1288816,0
1274958,0
1233905,0
1432851,2
1004906,5
1109687,3
1110286,0
1233965,0
1430108,4
1241891,0
1350034,11
1302694,0
1075807,0
1342142,0
1000429,6
1103152,4
1055930,15
1156896,6
1127311,8
1000085,9
1228116,9
1074082,8
1226267,16
1207668,13
1482926,20
1462202,24
1451314,0
1241621,0
1439785,0
1128198,0
1247376,0
1230053,0
1007110,0
1174598,0
1069511,0
1382684,2
1315755,0
1393509,0
1193820,0
1419813,0
1395058,0
1476749,0
1089646,0
1008397,0
1202688,0
1118090,0
1361990,0
1338782,0
1199873,0
1452537,0
1378521,0
1125415,0
1005390,0
1044864,0
1337110,2
1367705,4
1023497,0
1420872,0
1297788,13
1050978,0
1476707,0
1135907,0
1294289,0
1439672,0
1005400,13
1106965,10
1375660,9
1214818,8
1446657,9
1139069,11
1080378,8
1225400,7
1087184,7
1002928,8
1082837,10
1303408,10
1342222,0
1300602,0
1441282,0
1217675,0
1108498,0
1110838,0
1397560,0
1373044,0
1245969,0
1099449,0
1430079,7
1476280,26
1259451,21
1193717,2
1351136,4
1345768,4
1222106,3
1162888,1
1013213,13
1379891,0
1259771,1
1312682,1
1264722,0
1419650,0
1100432,0
1154554,9
1197778,27
1451525,31
1073524,0
1492503,45
1097156,26
1036028,19
1250001,51
1450557,3
1090506,0
1032054,7
1007532,0
1207482,0
1204818,0
1250170,0
1433375,0
1227077,0
1348980,0
1206710,0
1361864,0
1302647,0
1441050,1
1144575,0
1182843,0
1261157,5
1076108,6
1244122,4
1469746,16
1254766,5
1064331,6
1137161,4
1037024,6
1176682,9
1333742,0
1206421,0
1199447,0
1437393,2
1095013,3
1022502,0
1096667,0
1443356,0
1021862,15
1219773,13
1001694,8
1458319,6
1453928,5
1271876,5
1223179,4
1491332,5
1398619,4
1262833,13
1035721,1
1309705,12
1176972,6
1258259,12
1095494,8
1379760,3
1486057,27
1210597,17
1003757,8
1297446,6
1203897,19
1149983,31
1001057,6
1146776,7
1180036,7
1478663,8
1312163,5
1132288,7
1491279,0
1484227,0
1291300,1
1152408,1
1453476,13
1198342,4
1244347,2
1324684,9
1044984,5
1346952,6
1316400,0
1083200,0
1048200,10
1258790,6
1373316,5
1446348,0
1151739,0
1045943,0
1070522,9
1033219,8
1371044,0
1179641,0
1068951,0
1154773,0
1206027,0
1252042,0
1438934,0
1220519,4
1168203,6
1015629,5
1196482,0
1282002,7
1056173,10
1086341,0
1321524,0
1011877,0
1046443,0
1378361,0
1047794,9
1372137,8
1080908,0
1384303,0
1303454,0
1136324,0
1396390,0
1078618,0
1251281,0
1272811,0
1137638,2
1037638,1
1209858,0
1296504,60
1089951,12
1418192,0
1303765,0
1101167,0
1126491,13
1346249,0
1329704,12
1020188,0
1054299,13
1407581,10
1151268,11
1243764,9
1061269,6
1115069,6
1278926,6
1178509,7
1266557,6
1473804,6
1272751,5
1087871,0
1476514,0
1328253,0
1370622,0
1113809,0
1438925,0
1389329,6
1108768,23
1081595,15
1075131,0
1309581,0
1043060,0
1363133,0
1024818,9
1376229,0
1493527,0
1389102,0
1355724,9
1215039,5
1268331,0
1030648,0
1033468,0
1452010,0
1164883,0
1265395,0
1214244,0
1307226,2
1425834,21
1105463,20
1037477,7
1451848,8
1203271,6
1010063,7
1167197,5
1252536,6
1344470,5
1252711,6
1066432,9
1086268,0
1320108,0
1091017,3
1457179,0
1173309,4
1349037,0
1085442,0
1196756,0
1173632,8
1331567,6
1222963,0
1499679,10
1010515,12
1025362,16
1230047,0
1374924,0
1373130,2
1381535,0
1069435,0
1255737,0
1058344,0
1414470,0
1252992,0
1115685,13
1421486,2
1320342,2
1021911,1
1251776,7
1320427,0
1031538,2
1489660,6
1452051,0
1227420,0
1144362,0
1331426,0
1040158,0
1255792,10
1378330,8
1302794,7
1411915,5
1302369,9
1134484,5
1419727,5
1321403,13
1028769,6
1313984,9
1056035,20
1221682,13
1002568,13
1255054,29
1181530,7
1247660,9
1151461,16
1043385,12
1154027,17
1313337,22
1449237,6
1420866,20
1230996,25
1036444,16
1158613,19
1317168,3
1066661,0
1385189,0
1327428,19
1212895,40
1110618,0
1085758,7
1133637,12
1184081,10
1410147,2
1292973,0
1373391,0
1318034,0
1066826,10
1041770,9
1128915,18
1036796,9
1495717,10
1238113,1
1252052,13
1448172,10
1064804,6
1097704,4
1017698,5
1489247,13
1043262,0
1065768,0
1113838,0
1471676,0
1476130,0
1291979,0
1394751,0
1393045,4
1448276,5
1370348,7
1286862,24
1442399,21
1489786,4
1129044,8
1379305,7
1216016,8
1228377,6
1387910,8
1352055,0
1426244,0
1123307,9
1187131,11
1016479,0
1478596,0
1394265,0
1162586,0
1058953,7
1276377,11
1360068,10
1371280,6
1023669,7
1219542,6
1316408,7
1013880,6
1064488,7
1079799,5
1427116,9
1215881,8
1417277,0
1206235,3
1105979,11
1299770,10
1472997,7
1247176,5
1035903,7
1016929,15
1100790,18
1479035,13
1474849,0
1429831,0
1298145,4
1009025,0
1219314,11
1019977,6
1326829,0
1343998,7
1052262,23
1402114,19
1184166,0
1100491,3
1173954,4
1102454,7
1014336,2
1386947,0
1488697,0
1036702,4
1098488,8
1359565,9
1254718,0
1096729,0
1369718,1
1217617,2
1286578,6
1437847,0
1322492,0
1309498,0
1137040,9
1461366,6
1343254,10
1106393,14
1440560,13
1229099,0
1141119,4
1076364,0
1344236,5
1264716,19
1145320,17
1227743,21
1228572,0
1435819,0
1041203,2
1328928,2
1331644,4
1058015,0
1082947,0
1238939,0
1158689,8
1321731,6
1146271,0
1265318,0
1482215,0
1033033,0
1056742,0
1312218,0
1156082,0
1014030,3
1335399,21
1218567,21
1408337,0
1288784,0
1178037,1
1322672,0
1126772,13
1021990,2
1024324,0
1066118,0
1389581,5
1174172,3
1263405,0
1094102,0
1111871,6
1328174,0
1353691,3
1333805,0
1481693,0
1277844,0
1327740,4
1180851,5
1489645,0
1297802,0
1439742,4
1261421,8
1294183,9
1395845,5
1052419,5
1373422,11
1420267,15
1262326,15
1094044,0
1201394,0
1428524,0
1141719,0
1385522,0
1083350,0
1443671,0
1453498,0
1107034,0
1388982,0
1348122,6
1195043,21
1023820,23
1277956,8
1326556,5
1338236,6
1328575,8
1281640,6
1273491,5
1068138,13
1232383,3
1198565,7
1013266,0
1172129,0
1239868,0
1177634,0
1094700,4
1010401,7
1374959,7
1261815,21
1205802,0
1158437,1
1185619,2
1387699,1
1241704,0
1215503,19
1239569,29
1026880,39
1144032,31
1183974,0
1141626,0
1366149,3
1291788,0
1102782,0
1354607,0
1487646,0
1042342,0
1113528,0
1356527,3
1218491,0
1484322,0
1151767,0
1379516,0
1093013,0
1131842,0
1379192,2
1164653,5
1293396,7
1272003,7
1037765,22
1001642,17
1414348,3
1143714,5
1471305,6
1133739,0
1008228,0
1240884,0
1411585,0
1497767,0
1401894,0
1209535,0
1456302,0
1246946,7
1147337,4
1177147,9
1051057,9
1233695,9
1239403,9
1060753,13
1119891,10
1069032,15
1229488,7
1055325,15
1390803,14
1475741,30
1278947,14
1388606,26
1371081,23
1222683,24
1241053,8
1203040,4
1190765,4
1271271,7
1303527,4
1389418,6
1053095,10
1365299,8
1406978,9
1371746,8
1241146,17
1389119,30
1431115,9
1457241,15
1424409,13
1335563,7
1401836,5
1266690,5
1478944,9
1438086,9
1368420,9
1289617,7
1405882,18
1004738,19
1305073,4
1005418,5
1423957,7
1132799,11
1023989,0
1005046,0
1348128,0
1150426,0
1079960,0
1141648,0
1056058,0
1310662,0
1205504,0
1128779,2
1399692,0
1110338,0
1344252,0
1433165,0
1359495,0
1221849,0
1465226,14
1141860,10
1208459,0
1278981,0
1455218,8
1312752,9
1226109,9
1146029,9
1080487,9
1053540,19
1134540,0
1102820,4
1029112,4
1252841,2
1447963,0
1345192,0
1487792,19
1167627,47
1294557,47
1004475,1
1242141,2
1385315,3
1234172,8
1144864,9
1311445,8
1030912,8
1493213,8
1243020,0
1433764,5
1124103,7
1031825,6
1437782,5
1087645,5
1185456,12
1450862,14
1465438,24
1035890,16
1453860,9
1041241,5
1110918,8
1323227,4
1136649,7
1456699,17
1366403,18
1324878,6
1049721,4
1326657,7
1478019,10
1393811,0
1207811,15
1106883,0
1258707,0
1145823,0
1359971,38
1368559,22
1373869,0
1424334,0
1416839,4
1218844,11
1170492,15
1091303,19
1367373,9
1241826,15
1023270,8
1495450,10
1383578,21
1482218,14
1444590,9
1399766,9
1115507,10
1273428,6
1242533,6
1053728,5
1269124,5
1300935,3
1498558,1
1339600,4
1120015,7
1448047,6
1058173,9
1439659,8
1072117,0
1318647,0
1421019,11
1477029,1
1013006,26
1278451,3
1109484,0
1107714,0
1168641,23
1499828,30
1470180,10
1107668,8
1040244,19
1337508,31
1287186,8
1099744,11
1283746,12
1444198,10
1202765,8
1199433,7
1080300,15
1486308,3
1059653,7
1474599,7
1384693,0
1322554,0
1178760,0
1280994,0
1169970,0
1215801,0
1373619,6
1093145,6
1293553,4
1059909,2
1045506,3
1195197,19
1165390,20
1185989,6
1309434,7
1247782,6
1155368,6
1150198,10
1287438,17
1473418,12
1473086,12
1415610,10
1323180,12
1060321,18
1008295,6
1406013,6
1161177,7
1375519,6
1090722,9
1048023,10
1443046,10
1148002,9
1238277,9
1172788,17
1393553,11
1035358,14
1299647,13
1272919,24
1334372,17
1159056,19
1302378,21
1190534,14
1011587,24
1268964,0
1082167,0
1462810,3
1311154,0
1364772,0
1193167,0
1180673,0
1139384,0
1445987,0
1324588,2
1415824,0
1363283,2
1419755,5
1086173,2
1413277,11
1016959,19
1483464,4
1395407,4
1158140,7
1167044,9
1473056,18
1248411,6
1087749,17
1270524,16
1470352,10
1047720,9
1296849,19
1433596,19
1078212,31
1075257,17
1171351,3
1283654,5
1123687,7
1304243,6
1484480,4
1135766,4
1267957,2
1050543,5
1144794,5
1326956,0
1188873,0
1112492,1
1413955,3
1259051,15
1478797,0
1196861,0
1337536,0
1244907,0
1088470,0
1139397,8
1342523,6
1218415,7
1332894,6
1115820,8
1310215,8
1438038,6
1301300,4
1207357,4
1049307,4
1489999,0
1333839,0
1394740,17
1208062,14
1105498,13
1345238,10
1171401,0
1186923,0
1405756,18
1352556,20
1210059,14
1349592,7
1391378,12
1290510,10
1169717,0
1166085,0
1142943,0
1091779,0
1457944,0
1452906,0
1420162,0
1331177,0
1081036,0
1230194,0
1289562,18
1494991,22
1330838,4
1111071,5
1390004,10
1131461,0
1355543,0
1346717,0
1299881,26
1407705,0
1295754,0
1383355,13
1466509,17
1119188,26
1033089,0
1318359,5
1298800,15
1321396,0
1068992,25
1142258,0
1272163,0
1187745,0
1156399,0
1044889,6
1057232,0
1320833,0
1369479,0
1006298,0
1064762,0
1129316,0
1035694,14
1470238,14
1083401,8
1370288,1
1375236,0
1295197,7
1376197,8
1113687,7
1041821,17
1108999,11
1171733,3
1416057,2
1195673,5
1227566,9
1319822,0
1473225,0
1002219,0
1427842,0
1356650,0
1312521,0
1343939,0
1224754,0
1361200,0
1375139,16
1261700,5
1432738,3
1316698,1
1180814,1
1168545,0
1321009,4
1424621,14
1210629,12
1141894,10
1457583,7
1375272,8
1475274,1
1318787,10
1115387,9
1354710,9
1117073,3
1021595,27
1153428,24
1153751,6
1436928,7
1054276,5
1037192,4
1026121,3
1281292,3
1342195,5
1384634,10
1360973,6
1448657,7
1210194,10
1463652,8
1356887,7
1456771,4
1005761,5
1263233,2
1081095,5
1295977,14
1490516,11
1045075,13
1484827,1
1336250,3
1158108,3
1336818,4
1433602,7
1330516,6
1119881,0
1489802,0
1161807,0
1483303,0
1017142,2
1063060,0
1066390,0
1199793,0
1285908,6
1014062,5
1090029,1
1100027,6
1168048,0
1122277,0
1239782,0
1274801,0
1150293,1
1050718,4
1187229,7
1481854,5
1115935,0
1379826,0
1034449,0
1494433,0
1314973,0
1299718,0
1050411,0
1313326,0
1457605,1
1028118,0
1163547,0
1222222,33
1144242,3
1092325,0
1271702,5
1149836,0
1345268,0
1261549,0
1220364,0
1098869,0
1098789,4
1463302,2
1151283,0
1417011,2
1004415,10
1025892,9
1295957,9
1256602,16
1294220,0
1119592,0
1280859,0
1375368,0
1130751,0
1273306,0
1040504,11
1282341,21
1070446,32
1198253,0
1095728,0
1212520,3
1421593,2
1288418,2
1311286,0
1289986,0
1421436,0
1379297,7
1206791,6
1161084,0
1351984,0
1196384,0
1231951,0
1004647,3
1441493,2
1337172,13
1127689,10
1321298,16
1475476,11
1449997,4
1258363,3
1058379,2
1407103,2
1453903,2
1281020,1
1431191,3
1194658,0
1029622,0
1317286,0
1226194,0
1239666,2
1088324,0
1144598,0
1085401,0
1230963,7
1286715,5
1089771,0
1390452,1
1095968,4
1070305,0
1183331,0
1327461,0
1069534,3
1292884,0
1133018,0
1134748,0
1401228,0
1495883,0
1186113,10
1452283,9
1478258,8
1197751,4
1124970,10
1131633,14
1414498,15
1453888,17
1209279,10
1373404,13
1013139,7
1340194,3
1129388,4
1441579,2
1335268,3
1128265,2
1136500,7
1246191,5
1276289,10
1435279,9
1162830,8
1073000,4
1401183,5
1072044,3
1035271,4
1085183,5
1176711,7
1395665,11
1070135,12
1463031,1
1483255,1
1318108,11
1413088,4
1375547,2
1398482,1
1140432,13
1157084,29
1071457,10
1355774,19
1265739,15
1074567,14
1448820,24
1348391,0
1427610,0
1400131,25
1405867,23
1228200,14
1057561,19
1080973,9
1041492,20
1027189,3
1475924,9
1310318,5
1010555,5
1467609,4
1321932,5
1356983,14
1262915,4
1242479,8
1016202,0
1130121,8
1200066,10
1290975,16
1353668,0
1394143,0
1065122,0
1128401,0
1353148,0
1377111,7
1091560,13
1357578,8
1332402,7
1031326,1
1276097,6
1284109,5
1267460,24
1198100,21
1270388,6
1308702,7
1280892,15
1362773,13
1288832,2
1326830,8
1251729,0
1062043,0
1419475,0
1166145,1
1291777,8
1457955,9
1346194,8
1325434,10
1269059,8
1179248,6
1376126,5
1308022,5
1370470,4
1487779,4
1141792,3
1245821,1
1493372,10
1015693,13
1397319,14
1361853,24
1037616,22
1069003,13
1429561,13
1379641,13
1380619,16
1305515,17
1101987,0
1047110,0
1339318,22
1479870,4
1220382,17
1470691,7
1284825,0
1242012,4
1166976,17
1146827,7
1039223,5
1061702,9
1148419,8
1357744,8
1317350,7
1485381,6
1459186,7
1159770,11
1477445,6
1469635,6
1174890,0
1292473,2
1188656,1
1384836,0
1216650,4
1409048,0
1246782,0
1068780,0
1147387,6
1296580,5
1002279,9
1166240,13
1243150,8
1388951,12
1386008,7
1224735,6
1142767,15
1362483,31
1098955,15
1239456,13
1152313,0
1293336,2
1430932,2
1300078,1
1284526,7
1078971,0
1427939,0
1066486,0
1185418,7
1141599,7
1400215,0
1247779,0
1190162,22
1355682,4
1441240,15
1399620,11
1169123,14
1002043,2
1358854,6
1237549,18
1177959,0
1159030,0
1315155,0
1030152,0
1022652,0
1403044,0
1261360,0
1250564,0
1412208,4
1481851,6
1146927,0
1309361,0
1466185,2
1061824,4
1151262,3
1319965,0
1140038,0
1483664,0
1104312,3
1218581,3
1260659,0
1171808,1
1325488,17
1441608,17
1108947,20
1322938,13
1026148,12
1073403,8
1296867,13
1374201,14
1188533,0
1464491,0
1364844,0
1194071,0
1292957,0
1351452,0
1330418,0
1349506,0
1107763,0
1071025,0
1451749,5
1141262,2
1426163,32
1416107,19
1109049,4
1469962,5
1048165,3
1400718,3
1032396,4
1172572,11
1464617,10
1034668,9
1487535,4
1152696,2
1389891,4
1261414,3
1397480,3
1104924,5
1168000,6
1373268,5
1072684,0
1103729,2
1207433,28
1105905,14
1359815,4
1222246,2
1452554,3
1238125,11
1101607,10
1472622,21
1080956,0
1044579,2
1250099,7
1049132,0
1230152,0
1274608,7
1222984,0
1245282,0
1419732,0
1356967,1
1357398,4
1377246,12
1416156,4
1007490,5
1244788,0
1294502,0
1083790,0
1240964,0
1353443,12
1404746,16
1495669,0
1363126,0
1194682,0
1249099,0
1169404,0
1389391,0
1228033,0
1356727,2
1063529,5
1123761,8
1217656,4
1473669,9
1309566,7
1087211,5
1172247,17
1354486,5
1422321,0
1331642,2
1030455,6
1320982,5
1322377,0
1337290,0
1196913,0
1460320,0
1153742,0
1462187,1
1478440,5
1329534,8
1221070,0
1030670,0
1047663,0
1097854,4
1115528,6
1440671,6
1243528,20
1331317,8
1473731,14
1261584,12
1017120,14
1414341,11
1390714,10
1111735,11
1113139,14
1382163,10
1077114,0
1363975,0
1421658,0
1308751,7
1092608,12
1337744,0
1463499,0
1160082,0
1370253,9
1228452,5
1372445,3
1460621,7
1057891,11
1305397,11
1147034,12
1367941,8
1222993,11
1353139,13
1386779,14
1147372,14
1474421,0
1490720,8
1005087,25
1087532,31
1232497,4
1179522,4
1172252,0
1258413,0
1028216,0
1212479,0
1258609,0
1411597,0
1344894,0
1340890,0
1294652,0
1221638,4
1013719,7
1048034,12
1359469,9
1025208,13
1420334,0
1123336,0
1127683,0
1427154,4
1374026,6
1224238,3
1281588,7
1058708,3
1249152,0
1496799,2
1368119,23
1065633,20
1181948,1
1403753,1
1242671,0
1141635,4
1134020,0
1200607,0
1414515,0
1063015,0
1195031,0
1385813,0
1052650,1
1288831,2
1338846,4
1363882,0
1012992,0
1127841,0
1145990,0
1058431,0
1086764,0
1470381,0
1209282,0
1475925,0
1034380,0
1467152,0
1465667,21
1226596,0
1230945,0
1132296,0
1288951,0
1312949,16
1079710,0
1402174,0
1200214,0
1441014,0
1294079,1
1245940,0
1262561,3
1228009,14
1042616,13
1455308,8
1349678,0
1324969,0
1372061,13
1479677,0
1004495,6
1150150,1
1228822,1
1358085,3
1406245,22
1263663,11
1232131,7
1163541,0
1073589,0
1127608,0
1430822,9
1123111,0
1039277,9
1148728,17
1206354,21
1491344,16
1245780,17
1150550,14
1296322,15
1363297,12
1022421,12
1374992,10
1290071,11
1360420,13
1354178,12
1092576,3
1016837,6
1146781,5
1270326,4
1489539,3
1268557,3
1154429,2
1476508,6
1234783,2
1432128,1
1224992,0
1311411,38
1058810,17
1180280,17
1171237,11
1345370,0
1361205,0
1020415,0
1490702,10
1214923,17
1460611,2
1213443,2
1054892,2
1458950,1
1042596,1
1289149,0
1062037,0
1021922,1
1246387,0
1050369,9
1301966,2
1203616,0
1280359,0
1105804,6
1258734,2
1438001,0
1056305,33
1275552,0
1200793,0
1020858,0
1050581,0
1348257,17
1264375,4
1489838,0
1442240,0
1268353,0
1295313,8
1086365,7
1072664,5
1271325,8
1468915,4
1396555,4
1082289,14
1471863,16
1288038,16
1302415,8
1126786,2
1317399,3
1371275,1
1459796,0
1439681,0
1366611,1
1031204,2
1483452,1
1476539,9
1410483,1
1491036,0
1269485,21
1233924,2
1477973,23
1235360,3
1331407,20
1358318,2
1025989,3
1043811,18
1415501,0
1049470,9
1266052,14
1074993,1
1430441,33
1307721,0
1478265,0
1268385,0
1103038,19
1332843,26
1073519,10
1461040,14
1471285,8
1040724,21
1249171,0
1452081,5
1146258,3
1044017,1
1006107,0
1221523,4
1344385,20
1436547,0
1192028,14
1028423,4
1021459,6
1391751,6
1058107,1
1029816,7
1202457,0
1325872,0
1006258,6
1482596,0
1477781,0
1043154,0
1099878,4
1233810,8
1032702,12
1480809,26
1038990,27
1410350,3
1087974,2
1360174,2
1471735,0
1139762,0
1480807,0
1251882,0
1042128,0
1440519,0
1417530,0
1484259,0
1253370,0
1018465,1
1029599,2
1361099,8
1072658,1
1217898,6
1231107,8
1293246,6
1228135,4
1415887,5
1426026,5
1362004,6
1375131,3
1298212,18
1157067,13
1295122,12
1274216,11
1252812,13
1088086,10
1261754,11
1333671,10
1318074,12
1232469,6
1183342,29
1029141,15
1387433,4
1038005,12
1412517,8
1358836,11
1099898,15
1323584,15
1009805,17
1159227,0
1223342,0
1464888,0
1450801,0
1493470,0
1377169,0
1032774,0
1456120,0
1210638,2
1042424,0
1350192,3
1440033,3
1351402,5
1114529,7
1432643,7
1293693,4
1293367,2
1383338,0
1003354,2
1154695,1
1136004,0
1307097,0
1071750,0
1390124,0
1013355,3
1475975,13
1437293,0
1243092,0
1369093,5
1145169,4
1063825,9
1295983,12
1459115,11
1131911,8
1143573,15
1115937,16
1452274,8
1086585,9
1254545,14
1497981,13
1416559,1
1125481,4
1276151,3
1370194,1
1357541,3
1079050,2
1165645,2
1217413,2
1092817,0
1277293,0
1485183,0
1094380,0
1315060,0
1493552,0
1434384,0
1019990,0
1279847,0
1089493,0
1439739,0
1189064,0
1361970,2
1308459,2
1336379,1
1024127,6
1485280,5
1146264,6
1163887,0
1050678,2
1198759,5
1342993,0
1055560,17
1107812,22
1267000,9
1163620,10
1062556,0
1029070,0
1035424,0
1039304,14
1355785,15
1252840,13
1170057,6
1380376,9
1441462,7
1053752,4
1337074,5
1116914,7
1234605,5
1040269,4
1326502,2
1242600,0
1271366,0
1125915,0
1473338,0
1349036,0
1100265,0
1350569,0
1466616,0
1379221,0
1326947,0
1473813,4
1395873,0
1027495,33
1002997,23
1452915,4
1239630,6
1069886,1
1151908,2
1401512,1
1333316,0
1070294,0
1171212,0
1152269,0
1372888,2
1425235,5
1446660,4
1365220,8
1106438,15
1149208,0
1053587,0
1470456,0
1447078,2
1049813,0
1221830,33
1032394,25
1141538,35
1367679,35
1272720,0
1481022,0
1212344,0
1222203,0
1318349,0
1120074,0
1065792,0
1313139,1
1400723,0
1344090,0
1461237,0
1086120,0
1232933,0
1317953,0
1153701,0
1457380,0
1177992,0
1243007,2
1132306,0
1102349,0
1479142,2
1380922,9
1330549,11
1285430,8
1163892,17
1175194,12
1471675,2
1425334,2
1128357,5
1219427,7
1493677,0
1395010,0
1247358,0
1240240,0
1259542,0
1218111,0
1336611,0
1303301,0
1012579,2
1153179,0
1118587,0
1026154,12
1426628,14
1395715,14
1216068,14
1258714,11
1216185,9
1427998,12
1368745,11
1221546,15
1086371,23
1392642,17
1447408,5
1206105,15
1268836,21
1286111,4
1198552,4
1388970,3
1346514,5
1441521,3
1247480,2
1490597,4
1000213,6
1019871,6
1346793,5
1321968,3
1163208,3
1238200,3
1079007,9
1402048,17
1020825,14
1324304,20
1422884,5
1395107,3
1315511,5
1280458,2
1016568,1
1389176,2
1187665,0
1016028,0
1462415,0
1020336,0
1316569,0
1383376,0
1429395,0
1353028,0
1143026,5
1009102,0
1022584,0
1020358,0
1330506,0
1137539,0
1028018,0
1163862,0
1230530,0
1131155,6
1090713,5
1179951,0
1457723,0
1306822,2
1169520,4
1497732,6
1165065,0
1004518,0
1216801,0
1167114,7
1327982,0
1315764,0
1237251,27
1465135,8
1205005,0
1121434,5
1440825,0
1023350,20
1084568,0
1207158,7
1489889,4
1171684,3
1099028,2
1145845,3
1076297,0
1322331,2
1243217,9
1429661,9
1197131,9
1176424,9
1416093,18
1442196,0
1020213,0
1302699,0
1364586,0
1303163,0
1180229,9
1341997,23
1147960,27
1305871,29
1239839,0
1160158,0
1208555,0
1060804,0
1074276,0
1433675,0
1301442,0
1012153,3
1283463,6
1011568,4
1487991,0
1173983,0
1455460,0
1093777,0
1284038,0
1398418,0
1100317,0
1050205,6
1355831,19
1205352,17
1117812,0
1187507,3
1011457,7
1269505,6
1092093,0
1272876,0
1383303,2
1458502,0
1023747,3
1069991,0
1471500,0
1476176,0
1350709,5
1335032,3
1076879,0
1062656,43
1426834,0
1458426,0
1329563,0
1486783,0
1460257,21
1021535,0
1299660,0
1355379,0
1460540,0
1109530,0
1140660,8
1015607,8
1039868,9
1179336,5
1156949,5
1416864,14
1229607,16
1488828,14
1357349,4
1444390,5
1063846,0
1146800,0
1178839,0
1257808,0
1279711,0
1173475,0
1142151,7
1453811,7
1127057,8
1373401,6
1418621,5
1464167,4
1099840,4
1441363,0
1009825,3
1486357,14
1078903,13
1337962,19
1376906,22
1218064,16
1104338,10
1079072,6
1304812,10
1125197,12
1422466,26
1352120,5
1047024,8
1102777,0
1083061,7
1251353,7
1149589,38
1097127,2
1495930,0
1385548,0
1215768,40
1414645,27
1068176,0
1364233,12
1364564,13
1423013,26
1116729,0
1123237,2
1232919,2
1230330,14
1142498,15
1389988,4
1215805,6
1034507,0
1036452,12
1175443,6
1337742,7
1010245,3
1288211,4
1267896,11
1346875,0
1199426,0
1240750,0
1138618,0
1149289,0
1102916,0
1017666,0
1106702,0
1487597,2
1098178,0
1331327,7
1462161,2
1073905,28
1000380,26
1138868,7
1033486,7
1257642,4
1047803,5
1246340,3
1014026,3
1315279,8
1188897,15
1165067,4
1065299,11
1010051,4
1435027,3
1196131,9
1197288,13
1251652,13
1439531,1
1496216,3
1186355,4
1177200,1
1455577,2
1090001,0
1208761,12
1226903,15
1423338,14
1103810,8
1421075,13
1210247,17
1322916,17
1385551,18
1189895,15
1358912,12
1134301,15
1337366,15
1024231,14
1081336,18
1334406,0
1312641,0
1478725,15
1330625,0
1322160,11
1493176,7
1401269,8
1322867,16
1119772,18
1046510,8
1150288,0
1324267,0
1441751,0
1390749,0
1181666,0
1036614,0
1004792,0
1391550,0
1163155,4
1413929,3
1205702,13
1454933,11
1220578,20
1343850,17
1387572,15
1117169,12
1209150,8
1019692,18
1441344,20
1254542,0
1136802,0
1176603,0
1340138,0
1321675,0
1214676,0
1294408,0
1361085,0
1487225,5
1476364,4
1396170,0
1439116,0
1029205,0
1340752,5
1401840,16
1329672,10
1147453,16
1017140,15
1295838,18
1422043,19
1105195,6
1205040,0
1240058,2
1365659,1
1222239,3
1370409,4
1273441,4
1262804,3
1175785,0
1422436,9
1187958,0
1109561,0
1434574,0
1033891,0
1424493,0
1188565,0
1089009,0
1447457,0
1192636,7
1227524,7
1478225,12
1415631,5
1455622,10
1260616,12
1142328,8
1181346,10
1496795,13
1093473,16
1033302,13
1226646,12
1143077,0
1117887,0
1167183,0
1389242,0
1238107,0
1466306,0
1250420,0
1271945,0
1181613,0
1066252,0
1374036,1
1492052,27
1316849,18
1161969,3
1255438,3
1437428,1
1142607,2
1010649,1
1102030,8
1117071,7
1175372,10
1095747,0
1179084,0
1074971,0
1167812,0
1229440,4
1414406,6
1271005,4
1224868,20
1497155,0
1330797,0
1280679,21
1299109,0
1078691,0
1102864,0
1377131,0
1045486,19
1271657,29
1013278,0
1163568,0
1035134,0
1453924,0
1242112,0
1328774,7
1482353,0
1046966,0
1276295,0
1253177,1
1260226,0
1411677,0
1250015,0
1337063,0
1043837,0
1308940,8
1458855,5
1263616,3
1367996,1
1473223,2
1410509,3
1201828,2
1029994,0
1132590,17
1283691,12
1320652,8
1347707,9
1024189,9
1401716,11
1273502,0
1059327,0
1125014,0
1174617,1
1311410,6
1163684,9
1396950,2
1264284,2
1287395,3
1199233,1
1238242,2
1399512,2
1081462,10
1383858,10
1449012,9
1146539,0
1225650,0
1387823,8
1025159,0
1389919,31
1366353,26
1462136,4
1329665,8
1230382,2
1311631,1
1368971,4
1253684,8
1083443,0
1493905,6
1217220,6
1147901,6
1166225,5
1073327,3
1428894,3
1220082,2
1476123,3
1227002,14
1354703,14
1157900,27
1133698,6
1222949,6
1349351,4
1085992,3
1402411,3
1168970,10
1000121,8
1309103,3
1030633,1
1021972,1
1187246,16
1285859,16
1120598,1
1027293,2
1345841,5
1172393,6
1005855,5
1244463,7
1262324,6
1230360,0
1426771,0
1169581,0
1440278,0
1406927,0
1473278,9
1224295,0
1232647,0
1159985,0
1439329,0
1371825,0
1308807,0
1056665,0
1355328,0
1033485,0
1167571,2
1250796,0
1071801,0
1429716,0
1106133,1
1435076,5
1262025,0
1227005,6
1242523,0
1212286,14
1459181,0
1427098,8
1312958,9
1014001,9
1481946,24
1452327,0
1097734,0
1134494,0
1162121,0
1294270,0
1363905,0
1465173,14
1120799,23
1313703,17
1484433,0
1348987,0
1178504,0
1242843,0
1258554,0
1270294,0
1051906,0
1107709,0
1322690,6
1366614,5
1117909,0
1387886,0
1344564,0
1155339,0
1270105,0
1299390,0
1402691,0
1435663,2
1499834,27
1185266,18
1237110,2
1116388,3
1106605,9
1473729,10
1166622,9
1029223,10
1018802,0
1030588,0
1230579,0
1000916,0
1163834,0
1062420,0
1037052,0
1302226,5
1005678,5
1095882,4
1313401,13
1401641,2
1146686,0
1343078,0
1376033,0
1259435,0
1131938,4
1415856,0
1452412,0
1472537,0
1214618,0
1364865,0
1133180,2
1008164,2
1166614,9
1204365,5
1426744,8
1145434,12
1302570,14
1158968,17
1056709,5
1211183,5
1403943,3
1474539,2
1150521,2
1330860,3
1049031,2
1108108,3
1030576,3
1233091,6
1389024,3
1412346,5
1386934,3
1121174,2
1323222,3
1213475,0
1403371,0
1126656,0
1046942,17
1298678,16
1370968,28
1111518,9
1083594,0
1171318,0
1081759,0
1338433,0
1020719,39
1191824,5
1054201,0
1408379,0
1352836,31
1126752,22
1068042,1
1268785,9
1489368,5
1060922,25
1292555,0
1215011,1
1114342,0
1174381,11
1398181,16
1267040,14
1213543,0
1491297,0
1487429,1
1321137,20
1152850,16
1449044,10
1293409,11
1420343,11
1216168,0
1393536,0
1172903,0
1040248,0
1027819,0
1302314,0
1380981,0
1496803,2
1315046,4
1232718,0
1420003,16
1391562,2
1009784,1
1055315,3
1454173,10
1281401,2
1097202,10
1132518,8
1291236,11
1406117,7
1346714,2
1191410,4
1275019,7
1250849,7
1451903,6
1430887,6
1298742,3
1390131,7
1419763,3
1070037,4
1081843,3
1091185,1
1089335,6
1018974,12
1089923,12
1061591,7
1372023,11
1089056,6
1443312,9
1165874,13
1441628,24
1188416,20
1289201,0
1275470,1
1119919,25
1063131,21
1320694,24
1188527,17
1004507,1
1109296,15
1045706,18
1154017,18
1249671,6
1135295,7
1265976,10
1385434,8
1155714,7
1430856,4
1148716,4
1404257,6
1426656,6
1008950,7
1129558,0
1491166,0
1138952,0
1054087,0
1288016,2
1440743,12
1355736,0
1409385,3
1412256,7
1408387,6
1170902,12
1278003,4
1430621,1
1096892,3
1095830,3
1156213,12
1480615,10
1188126,13
1178819,14
1230380,0
1346678,0
1277900,2
1420768,1
1206978,0
1175333,0
1488302,0
1355175,0
1190308,6
1161328,6
1124650,0
1022714,9
1295553,24
1401083,8
1173065,21
1198959,18
1054906,17
1181597,15
1468666,17
1486532,19
1240209,0
1182135,0
1212347,0
1192604,0
1453727,0
1344150,0
1293329,0
1247615,0
1230168,4
1218623,5
1106482,0
1224475,0
1008740,0
1413584,0
1072859,0
1136158,0
1278807,0
1499074,0
1120923,2
1370620,5
1368711,6
1210049,6
1043535,7
1446240,15
1092746,14
1399286,13
1277933,11
1104911,15
1483091,15
1265203,15
1233669,0
1090616,0
1384865,0
1195450,0
1044873,0
1370005,0
1433199,0
1117633,0
1357097,0
1034463,0
1018868,2
1160479,22
1498867,18
1486013,5
1088819,5
1055319,4
1433933,4
1188123,4
1373011,17
1239312,3
1203643,11
1165037,5
1474320,6
1220537,0
1426208,0
1009398,21
1244519,29
1469983,7
1026366,0
1368308,0
1065778,0
1119688,0
1360028,1
1497401,11
1181755,0
1339401,0
1098229,2
1079642,5
1240618,0
1454523,0
1127908,0
1137267,0
1432625,3
1090433,2
1173379,4
1020333,5
1261895,3
1356790,6
1111869,2
1464999,5
1291641,5
1238288,18
1398779,12
1382490,3
1313356,0
1098373,0
1445551,3
1161659,1
1234799,0
1430511,0
1118431,0
1302929,0
1019797,5
1292764,4
1185766,7
1401710,13
1134227,15
1322698,5
1005828,6
1148634,4
1401112,7
1396750,6
1265951,6
1386843,6
1004313,12
1041032,9
1370332,12
1482514,4
1497233,4
1178054,6
1369446,6
1284559,6
1300214,7
1269393,6
1092013,0
1102465,13
1237518,7
1354195,8
1438434,4
1033807,3
1395793,7
1038462,10
1346626,9
1423116,0
1009513,0
1170173,3
1425176,0
1137715,0
1359285,0
1193489,0
1377436,0
1487481,2
1098551,2
1187281,23
1430870,99
1410217,43
1048131,41
1364347,49
1117008,41
1328770,38
1345869,9
1071799,2
1330035,2
1032173,8
1495208,8
1383002,8
1402872,26
1435861,14
1178853,8
1122331,11
1240938,5
1296533,6
1466523,24
1334815,27
1308211,2
1256813,4
1266863,7
1296573,7
1493672,6
1183189,6
1402501,21
1305350,21
1416500,16
1061620,19
1356623,14
1135009,13
1039371,12
1358442,9
1330108,13
1368952,13
1462550,8
1369178,9
1127368,9
1115599,4
1038256,0
1331730,12
1497225,6
1081286,12
1304131,4
1481379,0
1169752,7
1302845,9
1195185,10
1149992,5
1122208,64
1460719,30
1378323,7
1256770,9
1422410,0
1345825,1
1246051,23
1090476,0
1450161,0
1356370,22
1245069,16
1295639,20
1305904,20
1292177,19
1317384,13
1121211,11
1021640,7
1210569,12
1442046,15
1321821,3
1064144,4
1453686,5
1167008,9
1039041,9
1498885,9
1184297,9
1093750,6
1450524,5
1318369,14
1076401,26
1343116,9
1145496,8
1351476,0
1052953,0
1076286,5
1093380,5
1261614,33
1255779,0
1444017,0
1275886,0
1248091,45
1182264,22
1338299,8
1369916,22
1102096,4
1095800,4
1198327,4
1250772,4
1160375,4
1107432,1
1060946,17
1042183,13
1369620,16
1122156,1
1175348,10
1363391,4
1063775,0
1495203,0
1101411,0
1092440,0
1145502,0
1466400,0
1079464,3
1049098,8
1142848,7
1213627,6
1343897,3
1036537,18
1243770,22
1180979,4
1039804,8
1369285,8
1054396,10
1278952,10
1377409,7
1360361,16
1377051,26
1164969,25
1140859,11
1291354,0
1358775,0
1346906,0
1013720,6
1292460,9
1244578,11
1474430,11
1322499,15
1365197,10
1362232,14
1371779,12
1264908,14
1458255,12
1348866,14
1013564,17
1247790,19
1475065,21
1091144,38
1401772,27
1055430,36
1216862,14
1087415,14
1363888,27
1353104,18
1281332,21
1006892,6
1498669,7
1181152,7
1246156,6
1185338,6
1179564,6
1271415,0
1079926,13
1491328,16
1370913,5
1150110,9
1289002,3
1154816,0
1161426,0
1425253,11
1055652,10
1366540,0
1466142,3
1282021,8
1471786,12
1471184,7
1158034,7
1044415,7
1190027,7
1025744,7
1449443,15
1091600,22
1252477,42
1368442,29
1061735,36
1141220,16
1014144,13
1228466,21
1235177,19
1463183,21
1198427,0
1362374,1
1319966,1
1076970,5
1072338,7
1324663,7
1099626,18
1184336,11
1239385,13
1367023,14
1220533,13
1268409,14
1409006,14
1365750,7
1155946,9
1049715,12
1140522,14
1308262,13
1075712,14
1318240,14
1046741,14
1442998,0
1143694,0
1499298,0
1351721,0
1336045,0
1416593,0
1493857,0
1105475,3
1449195,3
1093850,0
1340596,14
1011398,14
1103720,4
1067294,6
1046037,0
1165089,47
1065795,34
1046290,25
1158811,24
1485195,1
1263562,4
1450493,17
1081449,21
1280539,22
1222518,0
1395897,30
1491382,18
1027914,13
1159704,38
1256817,0
1227051,0
1191531,0
1284327,0
1423686,5
1049725,0
1215092,0
1495796,17
1438076,15
1128271,0
1481158,0
1063232,0
1057013,0
1367340,15
1093991,15
1351594,0
1370272,0
1485920,0
1020051,0
1102709,0
1069020,0
1072489,0
1428154,9
1119021,5
1294168,16
1428679,0
1018876,6
1286035,8
1189314,5
1401061,19
1408505,10
1256086,3
1471256,5
1046971,11
1339604,10
1004476,0
1179367,0
1282419,0
1314155,0
1480818,0
1213921,0
1054327,2
1402384,13
1489585,10
1284450,10
1095362,12
1295510,9
1079425,9
1127426,7
1492121,7
1275922,6
1444429,8
1028719,9
1234695,8
1157221,13
1279092,13
1177494,14
1087017,8
1466728,12
1439667,18
1360145,15
1419779,12
1433653,19
1163712,19
1187024,0
1441270,0
1477046,0
1323027,0
1411082,1
1195466,0
1263804,5
1062879,15
1008287,4
1456652,9
1277897,0
1496861,0
1070216,8
1136807,10
1244852,7
1122945,7
1042841,7
1283397,15
1394281,15
1425621,16
1199897,0
1058203,9
1083931,24
1141481,18
1475372,2
1111675,5
1257162,4
1122641,7
1006713,8
1242123,7
1140599,0
1287375,0
1106683,0
1178326,0
1062658,0
1442310,0
1031482,0
1274961,0
1193794,6
1173046,4
1073405,0
1388386,8
1015635,6
1265850,14
1275880,5
1255232,4
1087043,8
1369894,5
1271614,8
1423644,9
1365843,0
1277788,0
1331408,8
1366942,7
1131169,11
1319595,5
1083661,1
1468982,6
1437287,8
1346942,9
1387120,0
1274992,0
1334251,0
1042062,0
1347891,0
1224265,0
1052043,0
1334827,3
1073391,7
1152066,0
1291763,0
1419497,0
1343368,0
1406483,0
1387465,0
1292366,0
1050874,0
1305270,0
1267518,0
1488118,0
1150157,27
1447158,0
1373666,0
1053742,0
1142160,0
1318873,23
1405202,0
1483332,0
1021804,0
1069078,7
1090320,8
1286831,5
1375719,5
1076781,5
1067044,6
1067311,7
1431689,6
1272650,7
1005375,0
1304158,52
1441552,20
1184251,24
1093975,18
1293881,1
1339191,5
1217665,15
1152701,19
1058476,23
1135586,0
1065825,0
1423534,2
1280440,0
1053814,1
1256199,1
1119525,0
1475701,0
1047518,22
1497173,7
1027610,10
1118499,12
1376750,16
1372751,12
1014613,14
1499206,11
1394950,16
1270313,8
1388225,16
1102682,16
1373049,0
1374934,0
1466642,0
1196961,0
1204608,0
1302893,0
1211146,0
1447746,0
1279444,6
1443192,5
1173972,38
1350644,201
1103990,80
1093038,67
1435909,47
1158632,8
1044666,15
1022214,6
1109852,13
1103251,14
1245151,7
1091280,10
1216346,11
1075875,8
1262452,7
1067301,8
1411464,9
1255011,7
1405681,7
1242338,14
1219724,16
1058377,21
1195401,23
1484640,10
1430136,13
1194693,3
1238795,0
1445130,0
1495302,11
1457745,9
1228826,0
1032558,32
1116835,0
1281436,0
1392727,0
1107967,0
1497229,19
1412855,2
1176830,0
1181052,0
1026093,136
1185453,58
1315380,28
1413823,46
1010266,20
1091121,13
1126295,4
1322521,10
1345620,19
1273456,14
1017181,0
1437992,4
1342908,5
1028601,9
1396722,10
1467939,7
1149914,6
1399635,7
1012701,9
1244464,11
1386370,8
1216014,7
1368555,4
1113123,5
1345794,9
1119492,8
1111125,7
1412767,9
1450857,13
1173917,33
1155630,8
1356121,32
1050288,18
1162283,7
1489209,8
1351254,25
1216122,25
1321233,18
1378592,13
1243144,0
1179049,49
1122106,27
1128795,20
1161911,50
1291485,4
1164130,11
1304828,0
1375598,17
1226809,18
1055745,11
1373254,20
1254780,13
1064535,23
1262880,8
1210758,10
1241336,7
1340262,8
1179825,6
1194213,7
1408547,0
1221819,4
1075060,12
1122942,1
1101877,11
1394784,11
1193406,9
1286648,9
1422458,8
1375901,14
1108850,0
1315916,0
1474269,0
1054140,0
1120723,0
1305234,1
1301459,0
1376519,0
1134580,18
1485791,13
1451083,5
1445603,33
1484744,25
1038904,9
1031321,7
1407540,7
1039587,7
1156578,8
1312025,7
1040401,0
1114965,0
1104316,0
1112568,0
1428843,0
1230914,0
1075523,0
1488572,0
1070158,5
1326706,6
1088269,7
1056626,11
1103377,12
1083185,11
1311976,10
1494852,10
1424685,11
1365452,12
1144977,12
1487150,11
1269737,2
1220695,0
1260241,10
1413776,11
1096175,7
1028988,7
1163114,7
1379872,14
1434750,15
1149128,14
1050787,0
1393875,28
1012578,19
1198302,17
1145147,17
1088945,3
1031019,13
1451871,17
1484128,26
1403902,17
1230428,0
1258533,0
1461975,0
1051521,0
1449613,0
1301242,0
1388334,0
1462301,0
1256292,0
1375741,0
1272397,0
1030881,0
1389672,0
1082933,0
1255464,0
1180074,0
1476554,0
1316356,4
1492732,5
1086058,3
1028415,0
1239901,10
1252904,6
1201095,11
1150029,6
1353626,1
1480847,5
1008536,9
1335480,11
1401571,4
1090332,13
1387352,25
1457410,16
1463710,11
1023300,11
1303377,9
1370092,15
1226369,14
1125244,18
1435758,5
1449932,7
1115199,4
1384407,5
1478571,3
1074049,5
1205729,5
1437531,6
1214154,5
1128210,5
1472617,0
1484423,0
1379556,0
1151642,5
1491312,0
1154462,0
1126102,0
1016428,0
1395652,0
1008390,0
1099643,0
1405566,0
1334187,0
1144637,0
1223108,0
1104258,0
1476710,0
1175881,0
1457081,6
1336815,4
1179494,18
1424073,109
1245852,43
1365636,27
1106708,31
1153454,0
1249506,5
1172413,3
1444494,13
1478307,9
1391175,0
1013490,0
1085873,0
1115883,0
1368173,0
1471715,0
1016398,0
1077222,0
1165593,12
1491929,11
1384377,0
1032299,21
1202009,19
1439062,5
1265686,1
1051255,0
1424001,0
1280472,0
1294818,4
1388456,3
1416231,6
1083836,3
1331096,31
1368030,31
1345512,7
1292810,8
1087300,6
1343012,7
1161779,7
1319688,8
1333542,0
1486982,0
1107205,0
1390807,1
1466492,1
1334010,0
1270293,0
1074290,1
1041760,8
1445115,8
1264796,21
1023315,0
1210647,7
1426497,3
1235375,0
1350360,0
1469630,0
1277210,27
1146622,30
1036876,28
1425196,0
1491984,0
1344138,0
1283089,0
1170506,24
1411866,0
1194304,0
1113435,0
1237466,0
1271238,0
1363159,0
1364616,0
1429146,0
1464202,0
1068354,0
1005203,0
1414175,1
1481232,0
1129914,0
1238863,0
1008215,0
1411724,1
1245081,4
1484308,19
1202024,9
1052405,0
1042014,0
1000162,13
1027805,18
1311397,0
1477907,0
1216651,0
1123580,0
1417666,0
1002038,0
1084662,0
1489354,0
1158075,0
1042125,0
1251613,6
1168245,6
1160402,6
1422509,6
1158511,5
1147099,6
1320661,16
1384396,11
1132599,8
1146902,1
1261255,8
1257915,2
1345160,14
1337595,6
1390310,18
1062489,3
1063831,15
1255299,16
1413299,0
1168202,3
1057456,1
1266795,0
1169272,0
1102241,0
1211490,0
1399529,0
1378037,0
1040540,2
1146566,0
1331389,6
1315441,9
1372739,0
1421522,8
1259696,6
1129512,15
1067118,0
1438160,2
1051817,4
1499922,2
1111061,6
1066167,7
1314843,0
1347403,1
1212494,0
1279696,0
1138980,0
1198904,3
1222111,0
1438733,0
1398572,4
1319182,3
1185945,0
1093579,0
1032870,0
1214375,0
1177759,0
1274988,1
1427628,0
1142944,4
1384967,0
1061803,0
1465247,0
1378051,0
1009948,0
1480310,0
1382879,0
1456342,0
1010920,0
1056436,0
1429213,0
1382855,0
1200363,0
1084567,0
1498562,0
1469153,0
1037102,12
1427400,0
1409674,0
1459589,0
1341539,6
1358202,5
1082994,5
1280847,6
1137255,13
1449924,0
1146408,0
1109325,0
1089155,0
1260361,0
1069628,0
1476185,12
1304452,36
1456018,37
1168634,0
1050143,1
1448384,0
1492295,0
1368624,0
1036112,0
1483648,1
1406961,1
1386811,0
1323791,0
1334064,0
1474493,0
1452523,0
1109460,3
1397686,14
1436925,0
1271835,0
1266289,0
1172743,22
1028916,16
1315521,5
1072330,6
1337149,6
1275118,6
1162539,6
1196722,0
1490941,0
1040784,0
1294243,0
1352466,0
1452753,2
1050510,0
1115545,0
1188052,5
1071305,3
1247277,0
1052474,25
1108974,0
1371893,0
1367438,0
1449624,0
1484270,35
1183169,15
1286878,0
1144960,0
1053700,0
1196897,0
1100864,2
1095250,3
1314012,3
1177213,0
1312239,0
1371943,0
1269951,10
1124463,17
1490942,3
1170667,0
1143819,0
1179359,4
1475609,16
1027289,11
1378115,7
1021057,7
1449942,0
1249222,0
1208517,0
1062744,9
1243058,20
1293688,14
1100724,9
1439573,19
1373315,8
1222836,7
1335629,0
1278780,0
1067138,5
1438654,1
1115605,26
1129879,0
1107382,0
1430066,0
1125215,16
1053604,19
1384170,0
1136582,7
1349156,17
1058093,0
1483101,0
1029890,2
1474722,10
1475193,0
1135844,11
1398655,6
1315808,0
1103978,7
1470282,10
1269302,3
1227936,0
1408686,0
1070194,0
1403968,0
1123130,0
1245806,0
1495941,0
1470501,0
1015807,0
1391639,12
1482372,0
1391156,6
1045104,0
1103952,22
1454713,15
1375968,0
1007084,5
1052745,4
1158748,0
1286519,0
1309602,0
1372560,0
1128131,0
1162379,0
1456855,0
1248994,1
1472655,6
1455569,12
1122155,0
1220591,2
1075151,0
1276712,2
1499384,2
1359818,11
1079711,20
1233988,7
1397501,12
1009945,8
1299667,8
1393892,13
1234576,15
1134369,5
1353368,16
1340396,8
1440443,0
1127755,0
1073642,3
1442597,0
1123801,0
1016113,0
1077256,0
1417275,0
1127001,0
1426278,0
1476353,0
1446591,0
1060246,0
1423262,0
1142875,1
1381048,0
1457123,1
1159627,0
1389785,0
1105548,0
1149460,4
1274740,2
1080233,16
1031203,10
1139190,4
1104740,8
1290913,7
1430451,5
1335989,9
1162693,20
1305141,7
1013437,22
1233671,0
1320120,0
1025076,0
1223519,0
1054214,0
1308065,0
1240654,0
1200050,8
1345355,7
1068268,10
1270445,0
1343543,0
1155966,0
1283403,0
1121260,0
1480060,0
1334159,0
1491288,0
1211269,0
1478541,0
1452943,0
1417264,0
1191088,0
1396054,0
1292602,2
1297445,1
1453344,0
1211395,0
1014021,0
1346976,11
1048031,0
1456955,0
1381063,1
1277432,17
1099897,0
1250071,0
1463021,0
1353948,0
1033537,5
1486601,6
1420868,7
1180967,1
1168582,4
1200756,4
1231412,3
1169013,11
1331116,7
1125203,4
1348911,12
1086613,0
1421320,0
1090620,0
1069506,0
1325531,0
1083569,0
1313290,0
1080704,0
1164623,0
1302218,0
1194353,20
1132414,18
1031339,3
1169426,0
1079503,0
1097103,0
1285304,0
1402825,0
1089017,4
1010820,18
1015441,25
1231147,28
1105986,0
1348536,0
1433325,0
1167618,0
1277541,13
1444093,0
1263410,0
1451230,0
1204224,0
1397681,0
1182144,0
1495363,0
1424798,0
1166644,0
1437121,0
1336858,0
1452469,0
1033949,0
1049040,0
1323615,0
1269746,0
1433619,4
1001640,3
1194935,1
1188770,16
1081277,6
1396237,0
1361791,1
1142156,3
1301647,4
1194788,0
1118413,0
1463339,0
1322713,0
1217125,0
1149362,0
1063625,0
1315041,0
1337564,0
1400460,1
1319113,0
1346923,9
1006410,7
1374185,1
1128146,1
1107192,0
1429267,0
1348839,14
1062422,17
1152761,24
1103794,11
1116108,3
1030078,3
1442249,23
1255211,19
1128793,3
1385567,4
1261731,1
1401816,1
1088743,7
1108362,0
1418907,0
1440868,2
1073521,2
1271078,1
1032225,0
1383271,0
1178834,3
1302037,15
1245159,8
1066967,7
1183823,2
1359292,22
1488400,0
1175823,0
1100095,0
1302501,3
1007438,1
1320986,0
1218892,0
1244188,0
1285096,0
1236380,0
1063163,0
1204772,3
1093786,0
1174817,0
1486767,4
1488426,2
1293017,4
1097133,4
1374574,0
1085531,0
1361255,0
1472554,1
1064428,3
1044578,3
1432364,2
1154515,0
1077412,0
1372989,0
1085876,0
1232949,0
1109936,0
1487950,0
1097184,0
1140272,0
1493015,0
1109605,0
1070941,48
1103072,0
1451491,0
1176188,0
1132187,0
1360286,16
1008508,0
1390829,0
1390931,0
1155697,7
1208514,9
1387955,9
1091512,9
1163909,6
1054161,7
1221242,6
1075306,0
1472117,0
1361785,0
1299678,0
1478932,0
1477313,0
1028047,15
1111646,22
1100366,32
1342337,1
1439494,0
1006332,0
1419759,0
1395664,4
1129361,5
1380842,9
1050958,5
1105354,5
1450106,4
1409427,0
1100468,0
1411863,0
1010693,0
1004925,0
1265382,0
1239027,0
1462013,0
1464784,17
1440692,21
1087631,6
1202597,0
1489659,0
1327758,0
1234609,0
1039028,0
1470903,0
1195946,0
1033329,0
1214830,4
1240032,3
1099603,1
1353172,46
1019198,6
1391487,6
1386397,0
1370849,1
1055063,30
1398646,7
1124512,0
1209189,0
1000264,0
1253533,0
1109365,0
1492072,0
1369989,4
1233753,0
1113550,0
1119683,3
1351878,16
1143262,11
1272587,0
1290655,1
1166069,1
1099209,0
1004210,0
1445895,14
1493529,18
1128880,6
1306327,0
1443388,1
1232007,2
1473506,1
1408066,0
1055072,10
1295169,12
1398942,12
1224218,3
1258934,3
1154519,0
1335469,0
1333990,0
1404629,4
1113566,16
1403272,20
1265773,0
1199865,0
1246934,0
1122674,0
1218607,24
1117180,0
1395756,0
1200879,0
1354961,25
1254236,22
1378973,5
1365889,0
1404113,1
1420948,28
1085578,0
1461775,3
1222138,2
1446108,1
1080246,0
1195326,0
1082828,0
1269378,0
1349534,0
1333349,0
1363871,0
1004201,0
1208483,0
1308393,0
1176480,2
1267608,0
1229780,6
1474801,20
1196064,20
1094602,1
1341838,2
1471444,1
1443416,1
1350236,1
1463712,1
1162339,7
1104304,10
1313355,6
1452462,0
1036900,0
1390732,0
1318748,0
1417446,3
1400458,7
1281325,0
1335270,3
1432911,1
1243734,1
1412550,0
1096371,1
1414904,4
1268663,12
1016463,13
1014561,9
1023254,7
1261641,6
1242929,11
1066835,7
1084108,9
1273171,14
1310686,17
1429564,14
1024089,0
1250260,0
1079833,14
1205357,11
1391126,15
1033330,7
1362777,6
1205882,14
1370541,15
1175659,14
1027143,0
1493357,0
1455534,0
1178953,0
1365007,0
1331624,0
1051517,0
1111575,0
1343235,0
1409057,4
1225360,3
1485114,18
1120103,7
1049722,12
1284522,14
1342647,10
1086255,9
1434155,12
1487073,18
1210002,5
1336168,11
1179146,0
1077679,0
1356561,0
1445899,0
1056607,0
1471104,0
1157790,0
1281062,0
1128363,3
1147010,1
1079844,0
1343311,0
1222710,12
1444309,11
1430049,15
1107484,8
1449523,10
1204458,14
1349810,16
1233956,15
1267409,5
1020645,0
1076446,0
1158633,0
1137733,0
1330234,2
1165516,1
1232019,0
1087910,0
1153545,0
1291261,0
1132971,3
1184517,0
1481481,0
1072917,0
1124052,0
1120927,0
1270649,0
1318939,1
1085957,6
1308794,0
1456287,0
1171254,4
1120570,3
1457111,4
1299687,4
1274831,6
1202928,13
1223002,13
1369030,0
1243985,0
1334645,0
1133418,0
1483507,0
1182900,0
1029886,0
1218586,0
1305277,0
1468483,0
1391127,2
1001197,0
1185326,23
1049627,17
1006124,2
1298818,3
1179858,0
