feature,mean_abs_shap
num_orders_lag_1,115.90142030497331
rolling_mean_10,93.98099154701467
emailer_for_promotion,36.068388132055226
price_diff,32.385198009218776
homepage_featured,18.10680112336647
