id,num_orders
1177098,789
1486011,789
1301735,789
1273097,785
1450902,776
1158165,782
1077876,814
1479002,767
1281555,767
1220629,648
1287288,861
1149272,859
1430093,861
1157251,1086
1364131,2646
1227970,2485
1411427,1066
1033512,983
1249878,870
1449349,877
1386036,402
1177651,394
1261268,404
1316488,358
1297387,405
1240915,339
1140431,419
1013079,441
1361178,447
1097810,309
1391435,82
1099528,82
1117969,81
1054117,80
1103779,78
1285350,81
1367217,96
1416683,88
1118412,87
1293675,57
1330467,144
1189762,143
1408479,143
1375495,142
1361615,131
1498846,167
1145843,165
1310857,145
1315483,142
1074295,118
1279057,70
1092985,64
1259030,66
1326687,69
1373522,65
1157350,65
1250173,80
1152295,69
1348202,72
1284570,51
1158868,22
1047566,22
1209129,22
1004886,21
1195396,30
1271245,22
1093884,22
1259014,10
1399101,184
1437934,241
1416330,241
1302476,224
1146657,224
1057285,224
1349227,261
1368165,193
1422379,188
1086047,150
1002589,664
1017711,664
1211204,625
1345688,658
1210501,658
1084025,670
1239272,711
1022695,649
1011110,694
1005560,611
1225988,79
1366211,79
1324708,79
1184103,79
1310794,79
1388767,79
1272864,90
1133154,92
1344662,92
1038802,62
1467437,60
1329046,60
1057669,189
1331479,152
1232705,58
1401490,58
1196960,67
1119175,66
1149199,60
1297151,59
1408811,459
1237636,459
1008635,460
1481250,458
1481724,520
1458403,520
1438049,453
1197105,496
1181471,495
1352308,412
1399262,234
1398440,272
1472243,367
1342553,240
1303872,210
1374742,233
1160087,256
1449481,237
1409784,240
1181977,197
1236099,94
1088551,91
1438339,91
1374498,93
1173658,109
1008292,139
1045869,119
1284400,94
1228589,99
1136450,64
1192132,196
1277023,196
1226033,196
1383481,209
1345596,219
1346637,183
1099736,290
1070940,282
1283616,174
1412687,132
1078901,696
1229539,696
1340614,696
1428262,689
1018915,689
1038769,689
1103105,767
1360988,705
1298022,705
1492789,607
1051818,708
1147532,1248
1246221,713
1000164,732
1315204,720
1268614,701
1303680,2323
1399880,1606
1494417,727
1272597,632
1418909,80
1396660,80
1175187,80
1317753,71
1034244,59
1040435,59
1349623,68
1431405,60
1179430,60
1176893,47
1449984,796
1292983,796
1115570,796
1200857,792
1344262,789
1203477,793
1187267,849
1044893,770
1220430,770
1320834,653
1198931,498
1430253,442
1196393,483
1480687,470
1097181,475
1499604,482
1408309,546
1053367,531
1066051,483
1073193,421
1161079,53
1134692,51
1444677,51
1417557,50
1292994,52
1461469,50
1382786,62
1259677,64
1148205,63
1325721,35
1179236,65
1447264,64
1007165,64
1094157,63
1037639,76
1043566,73
1071289,76
1230721,77
1281633,77
1381624,53
1134786,1552
1052017,1552
1209585,1537
1115016,1543
1101235,1543
1448019,1596
1315737,1677
1039269,1652
1436545,1652
1445418,1390
1252654,63
1067370,63
1415662,63
1423314,62
1367043,62
1234416,62
1368612,72
1175687,64
1126635,63
1215026,50
1307333,509
1077544,505
1461548,505
1155304,504
1076344,651
1479849,759
1337089,552
1436130,501
1097496,501
1095473,424
1397206,177
1132317,256
1249794,180
1235645,179
1267815,179
1024354,179
1106620,352
1277874,252
1128160,170
1088442,137
1008071,423
1351714,427
1278748,423
1033118,422
1432496,422
1231141,422
1026727,494
1077204,482
1438728,480
1424161,363
1232750,120
1240251,120
1324350,120
1315410,144
1492833,144
1136861,144
1295531,176
1280308,164
1167103,110
1389109,82
1355488,68
1216663,68
1363746,68
1128710,59
1042523,61
1110118,61
1290610,74
1145669,62
1286261,60
1325159,49
1011543,131
1058360,130
1007123,131
1412939,132
1014783,130
1113754,132
1273175,145
1248159,142
1457927,138
1115454,112
1214752,985
1058556,985
1353953,985
1408738,1151
1483186,2039
1052629,1902
1466020,1147
1051717,1117
1431922,2816
1216601,2579
1238090,138
1214968,164
1079476,177
1165310,116
1176334,168
1012940,135
1250538,167
1199727,140
1467998,159
1007279,146
1061973,157
1281392,140
1023051,175
1158061,60
1142648,74
1404159,70
1348850,80
1379341,71
1403602,60
1229591,56
1009044,173
1066687,173
1167748,172
1075832,172
1151308,172
1262900,172
1080258,191
1497570,188
1316773,179
1173901,153
1020490,38
1054376,38
1066575,245
1428927,235
1195774,37
1482761,37
1359976,48
1054274,36
1197821,32
1048829,9
1273910,263
1238143,263
1474729,263
1350239,261
1440237,261
1105342,261
1001956,294
1114835,260
1115501,258
1184958,218
1155995,149
1040659,149
1311681,149
1433355,146
1271815,146
1242344,148
1200743,170
1436480,153
1279838,152
1251356,123
1076920,119
1489348,119
1249911,119
1429083,119
1014635,119
1274715,119
1084623,131
1486084,134
1007567,133
1005224,99
1018869,407
1079368,407
1093376,407
1041123,403
1430566,405
1040612,402
1392552,439
1281620,433
1005866,433
1037632,350
1386889,354
1173359,314
1367247,314
1482433,337
1257584,337
1114301,368
1421477,388
1010322,351
1366678,337
1190900,279
1268984,171
1082662,172
1341057,171
1198596,170
1360054,170
1316119,173
1182553,193
1312899,192
1279295,190
1179644,153
1195643,335
1400933,335
1006845,335
1244972,334
1211835,334
1245361,323
1205492,371
1459875,332
1369352,332
1279631,275
1197470,281
1364127,343
1473365,343
1413843,460
1116354,292
1185582,292
1359183,376
1259615,289
1175328,292
1017133,244
1073550,158
1052320,157
1218304,157
1403013,156
1213321,157
1059546,156
1037013,193
1030517,195
1413036,193
1010010,108
1446578,364
1465365,364
1026935,364
1117406,406
1304553,358
1221568,398
1385364,466
1387510,387
1020597,400
1419393,325
1003760,335
1207260,335
1110869,335
1146477,334
1207346,463
1408082,462
1376120,385
1407386,358
1497500,358
1194367,294
1272083,865
1099221,868
1406384,865
1360566,1295
1050703,1008
1419040,1008
1255087,1159
1169109,851
1231535,855
1475079,677
1121637,719
1286192,305
1076099,293
1135164,303
1243831,372
1247648,303
1080752,367
1006812,365
1205020,365
1281256,257
1185139,611
1297480,611
1051229,611
1012762,610
1005712,610
1290480,610
1107751,654
1448045,596
1320697,596
1343551,489
1465107,24
1041761,24
1359065,87
1083748,73
1174518,23
1309393,24
1173584,25
1362180,28
1402804,26
1379904,6
1234402,130
1232348,134
1186038,134
1228924,146
1420063,144
1224017,144
1456472,182
1387675,163
1043351,127
1426735,95
1190633,658
1234168,658
1187850,655
1461408,657
1324628,666
1043320,656
1112006,683
1431890,629
1142113,629
1473136,533
1129467,688
1440344,688
1199647,688
1329067,604
1310720,1416
1187699,1335
1490972,783
1188019,770
1393545,770
1196202,629
1289523,217
1306275,229
1123768,229
1495866,215
1251443,230
1112488,207
1248124,257
1361909,243
1484093,255
1137757,187
1049366,113
1442356,113
1344308,116
1057310,115
1450163,115
1249769,114
1328737,125
1358230,118
1245395,120
1227902,101
1141892,73
1023603,73
1009205,73
1401622,72
1056837,90
1399479,101
1380035,80
1187248,70
1052075,69
1190890,54
1224120,103
1083028,105
1435741,99
1227990,99
1102401,102
1494941,99
1405194,116
1160706,108
1389486,106
1475674,76
1117711,22
1268268,21
1084245,20
1436228,20
1044490,64
1119951,83
1148469,83
1040533,74
1182305,74
1058670,74
1069033,99
1052272,67
1102729,68
1439572,46
1091114,382
1066926,405
1042657,403
1126990,385
1135737,385
1264507,402
1220181,444
1483607,432
1465019,435
1142488,354
1103283,169
1398797,169
1198936,138
1206071,138
1148030,168
1293650,168
1200910,159
1285518,159
1080615,186
1254886,150
1083754,51
1462240,237
1135487,223
1018722,50
1172707,63
1162264,54
1086936,184
1207218,184
1040287,184
1430895,183
1029036,265
1338150,315
1352621,350
1068287,203
1032470,200
1455331,157
1244516,82
1327333,148
1077866,148
1157697,151
1359546,103
1083789,83
1186701,91
1307736,83
1169772,87
1423832,73
1052776,83
1017418,83
1084980,83
1049695,82
1152112,136
1073128,88
1400065,111
1078686,87
1442361,86
1438146,55
1229328,41
1154798,41
1258593,41
1214967,50
1415050,50
1249408,50
1217205,62
1403443,44
1323989,502
1063221,502
1375428,502
1171835,501
1175458,501
1022677,501
1064513,545
1141542,496
1254313,496
1429469,455
1140772,622
1473886,1243
1040538,650
1300105,638
1254975,651
1468203,649
1147088,1865
1225845,1547
1449493,623
1168141,545
1472121,35
1486257,35
1290578,35
1323798,25
1176875,28
1329642,38
1060343,31
1217405,18
1290002,737
1480585,737
1132573,737
1057544,736
1185226,715
1332114,715
1006557,790
1223406,723
1165398,723
1252122,637
1043572,490
1120725,466
1493836,490
1382069,489
1262029,534
1436339,542
1171914,528
1222059,524
1179976,524
1312713,410
1168741,82
1108197,82
1322681,70
1446803,81
1460737,81
1378544,81
1223144,82
1415427,84
1238698,94
1273113,74
1024905,65
1161371,54
1335725,53
1185623,52
1495661,53
1059370,52
1485382,65
1136555,67
1113434,67
1476173,44
1098228,1401
1080847,1401
1064602,1401
1093227,1395
1177861,1395
1259611,1374
1274836,1543
1030333,1518
1249982,1518
1188591,1249
1387134,27
1055877,27
1308549,27
1205716,26
1471019,26
1245854,26
1453386,27
1234023,16
1302153,277
1246959,257
1433203,257
1339909,256
1161885,278
1437209,292
1357587,273
1418362,244
1118797,244
1109876,230
1103484,187
1179187,257
1262515,189
1050801,187
1209593,187
1129604,188
1471717,340
1147030,265
1374174,200
1347061,167
1101375,462
1398435,462
1353965,462
1183936,460
1311911,460
1062494,460
1410039,533
1187463,520
1082477,518
1345516,395
1302404,35
1319320,31
1363194,31
1150515,27
1465309,27
1373073,37
1164383,26
1302775,16
1439889,67
1043720,67
1065834,72
1272505,71
1356980,89
1028730,92
1124574,70
1369044,79
1157352,71
1197335,588
1098456,588
1004231,588
1348678,641
1069114,912
1120606,1011
1116595,662
1124659,615
1403491,1428
1124415,1363
1380381,61
1110397,113
1051554,118
1158465,140
1120697,69
1080382,64
1288728,70
1023715,64
1010857,66
1432432,52
1343027,66
1048501,49
1154647,43
1019399,30
1272535,31
1321418,41
1473948,31
1083699,25
1258695,18
1293810,142
1321966,132
1376274,142
1453454,145
1341931,141
1133750,145
1452164,169
1142445,153
1334127,150
1074156,126
1097952,27
1438615,27
1068496,250
1000100,235
1134437,26
1292242,31
1413791,23
1490069,22
1314145,19
1019214,297
1340547,297
1367086,297
1188841,321
1344109,296
1378136,307
1393759,327
1352569,287
1480595,287
1349200,241
1236400,40
1153639,40
1004909,39
1347302,50
1448703,42
1291242,42
1224254,28
1265051,106
1303545,106
1241905,94
1156187,105
1164364,105
1368515,93
1371309,105
1270509,107
1023956,118
1175778,98
1400016,424
1371135,426
1386866,426
1263387,424
1316202,425
1238695,425
1269164,466
1212464,458
1458850,458
1164926,364
1439647,144
1321232,144
1055592,242
1241427,432
1072422,247
1381948,143
1459193,178
1107012,142
1484291,142
1189072,150
1217722,47
1024786,47
1164714,47
1487084,47
1194216,47
1333009,47
1400194,61
1220768,38
1206564,155
1448674,159
1237375,155
1323061,157
1205077,201
1281460,197
1483448,184
1406717,160
1439670,158
1311889,127
1408468,74
1025542,97
1160326,97
1443402,88
1226069,88
1175779,88
1495888,113
1226727,78
1088993,77
1162495,57
1171266,73
1018646,73
1224157,87
1476159,86
1481437,86
1137703,72
1443319,103
1297612,88
1366087,87
1219884,64
1495062,246
1079487,247
1415325,247
1347027,245
1006493,254
1005118,245
1486530,264
1269555,244
1250542,241
1218398,224
1088412,152
1341714,152
1317606,152
1191523,151
1373558,160
1144418,200
1482712,228
1290408,173
1044002,171
1156368,127
1040430,874
1087004,869
1042794,869
1359630,851
1059906,838
1340375,838
1167679,1022
1118042,864
1433454,796
1414239,717
1333032,250
1074655,108
1017569,108
1047271,110
1364823,155
1081645,155
1193498,187
1308101,153
1295480,187
1026912,136
1170447,444
1141028,444
1283426,444
1353711,442
1053353,442
1077335,443
1347043,486
1222655,435
1413603,435
1166615,389
1251605,39
1207693,39
1108927,132
1388671,118
1286860,38
1306117,52
1493718,43
1289654,42
1140803,36
1164395,58
1131843,58
1437106,58
1360876,67
1383471,67
1008063,67
1465304,89
1045061,85
1461030,58
1207213,43
1247289,814
1005108,808
1034753,814
1306222,813
1383467,813
1264972,813
1061474,835
1132437,774
1115805,774
1016058,625
1137610,938
1480777,938
1494822,938
1464047,1327
1472699,2353
1376448,2275
1282271,1206
1408615,1132
1023846,989
1243501,812
1129707,401
1260334,401
1021163,378
1140966,402
1243209,384
1083760,377
1381446,447
1005261,441
1252533,421
1188240,347
1160081,61
1008310,56
1221080,56
1059966,61
1242487,61
1421837,56
1057534,72
1323943,64
1064030,64
1498348,47
1136118,130
1134200,130
1145773,129
1190892,130
1466336,115
1134658,120
1459356,152
1426808,133
1296652,131
1348796,100
1120430,108
1247851,104
1031048,108
1106408,107
1029543,105
1193017,107
1261642,118
1395556,115
1005813,114
1037275,87
1442044,60
1307339,59
1196209,59
1482208,59
1379112,59
1128418,58
1467469,68
1120268,61
1346817,59
1441892,46
1113611,89
1265885,110
1466429,110
1180816,101
1315750,101
1407545,101
1420309,126
1262288,90
1069047,91
1135656,66
1086750,416
1159714,459
1240555,444
1124593,443
1083372,456
1186898,443
1000649,479
1356969,489
1305931,489
1223568,366
1025605,176
1046412,176
1115576,176
1199659,175
1499049,175
1324623,175
1322481,200
1231854,199
1219611,197
1341241,148
1213246,42
1303698,42
1137709,242
1185120,233
1371702,42
1208218,41
1035515,52
1386342,40
1143967,36
1377191,10
1008206,510
1479104,510
1207945,509
1061234,508
1453841,463
1154063,671
1219733,522
1399265,541
1458672,540
1496971,444
1233312,177
1264605,280
1068894,235
1056311,175
1305530,199
1103403,177
1257959,203
1124544,182
1079989,182
1463282,148
1467510,144
1191200,144
1173754,144
1262678,147
1390007,199
1039345,154
1350477,173
1110823,149
1211565,146
1350329,106
1072530,198
1445154,198
1472817,199
1232736,243
1378869,222
1272128,222
1049965,311
1034550,276
1050805,161
1181479,128
1329551,721
1327025,721
1122935,715
1493967,715
1342800,708
1130779,755
1209612,847
1082880,735
1355118,735
1313071,673
1364001,727
1158273,1979
1179879,727
1072628,721
1078195,793
1014743,801
1093556,2739
1394305,2411
1180962,721
1317465,686
1285290,68
1283478,68
1403548,68
1126214,56
1264973,47
1305760,47
1357985,57
1341978,49
1017304,48
1110867,755
1137245,742
1403820,755
1256510,754
1353789,748
1007195,754
1400253,808
1290777,736
1287202,736
1387179,651
1147262,565
1240702,516
1198318,516
1326921,562
1136997,493
1449211,514
1285242,569
1429995,598
1118227,601
1477410,498
1082079,151
1399206,151
1071064,151
1338613,150
1279640,150
1218656,150
1255347,173
1196682,173
1175536,171
1176180,125
1032497,158
1354339,156
1494544,158
1340571,161
1191782,157
1186849,157
1367532,174
1107386,175
1065339,173
1323008,141
1332667,2267
1039351,2295
1319273,2280
1305518,2306
1327143,2331
1272171,1986
1223757,2116
1090089,2088
1128850,2087
1446344,2123
1379360,77
1203113,77
1341899,77
1163110,76
1229974,76
1392905,76
1155992,86
1287197,78
1290426,77
1067530,62
1171352,575
1182678,591
1065067,591
1239466,590
1223222,949
1422513,723
1446621,607
1453468,553
1361280,569
1449340,514
1369843,388
1388974,849
1256351,393
1418345,389
1410772,389
1347615,389
1229128,867
1275233,856
1238848,377
1404060,351
1075942,1098
1458788,1080
1108592,1080
1091948,1113
1028978,1113
1480899,1092
1043364,1173
1390783,1143
1083460,1143
1113545,967
1203532,126
1404661,126
1019816,128
1152557,131
1262290,131
1118117,132
1389659,158
1375700,149
1089820,118
1019878,98
1254872,68
1174768,56
1364143,68
1412578,50
1327394,50
1015386,50
1117354,60
1151394,49
1287520,49
1357767,37
1316684,72
1039434,80
1115675,79
1135243,77
1240466,77
1057585,78
1278666,88
1300574,81
1207105,81
1035393,60
1020081,965
1190755,964
1167256,953
1096372,1144
1218496,2457
1475974,2205
1373463,1155
1256563,1056
1123285,2903
1173215,2358
1279379,119
1451598,159
1304937,167
1231953,153
1168898,125
1353870,118
1165749,130
1230695,122
1242560,120
1228365,103
1413930,184
1022252,166
1139910,166
1001888,62
1210850,77
1407222,87
1370845,77
1266898,67
1151883,67
1277683,47
1487280,155
1123603,155
1206298,152
1337824,154
1053213,151
1177201,154
1374187,181
1021300,162
1490308,161
1306497,132
1279131,109
1269144,109
1276382,275
1116326,259
1404622,110
1275681,109
1194463,120
1304635,109
1205095,105
1478466,86
1010552,381
1331672,408
1457969,381
1368801,399
1455031,391
1011328,380
1162772,412
1227348,381
1255226,381
1145821,344
1470186,77
1178919,77
1418928,77
1081244,76
1077806,76
1152499,76
1370097,87
1020769,79
1400947,78
1018985,62
1414158,176
1416216,176
1192089,176
1115764,175
1473840,175
1302530,175
1237322,200
1004831,200
1153638,197
1084874,146
1109804,548
1054832,550
1352123,548
1423856,547
1435666,547
1354480,546
1246275,599
1336436,584
1432832,582
1165254,511
1339938,208
1210385,235
1099728,208
1023338,249
1011542,246
1155592,234
1019661,264
1392027,228
1316583,245
1097877,176
1494216,253
1182532,253
1290506,253
1470108,252
1267485,252
1334810,204
1222803,233
1484176,232
1028575,232
1179192,182
1374892,203
1350025,197
1271551,197
1135607,195
1094534,315
1402997,311
1276985,232
1050864,201
1438304,199
1172618,166
1248315,190
1203731,283
1423330,283
1175893,277
1120441,275
1195707,275
1333706,301
1334557,197
1243318,195
1190535,159
1116374,292
1018735,292
1205948,292
1083732,291
1124304,300
1068682,291
1061931,335
1188547,329
1197855,328
1395274,236
1431703,225
1351595,180
1409355,180
1315567,214
1429778,229
1414869,229
1027375,248
1022544,227
1022578,205
1078001,176
1267686,407
1143283,407
1162708,407
1327015,405
1396741,393
1224020,554
1173723,643
1430604,430
1263640,430
1429780,374
1022953,1077
1495360,1177
1029946,1084
1089615,1748
1112962,1734
1210844,1714
1283830,1878
1242056,1170
1129081,1178
1213128,811
1234220,1470
1358932,516
1456061,516
1001605,619
1495976,619
1186697,619
1318247,696
1304912,695
1116992,695
1415286,577
1398257,802
1247585,804
1035021,812
1221774,784
1152647,795
1124283,795
1232726,853
1362645,783
1418889,795
1261781,669
1256386,82
1057182,45
1263231,254
1084274,247
1082354,45
1472006,45
1310908,56
1374704,45
1285971,43
1412159,17
1115708,242
1092272,242
1219683,242
1310626,259
1027118,259
1335607,259
1371511,314
1273740,322
1181728,186
1251517,142
1485369,326
1103569,328
1314410,326
1430695,327
1145013,325
1468147,325
1412754,350
1032733,301
1213087,300
1008542,242
1209550,307
1441788,307
1494973,371
1276788,315
1469801,334
1416169,480
1351029,360
1231616,350
1066223,349
1173940,259
1432305,97
1283783,96
1146363,97
1465455,96
1036398,96
1203802,99
1456889,111
1478238,103
1049845,101
1100984,83
1084587,46
1190800,46
1039931,46
1073152,47
1481762,49
1334284,56
1029180,43
1084257,43
1317402,31
1079777,151
1270643,151
1446195,152
1484197,150
1200304,150
1287827,151
1248108,183
1403904,161
1021726,158
1376640,126
1380277,22
1041176,22
1297002,22
1066076,21
1259666,23
1088323,22
1292401,64
1290034,83
1332253,83
1014996,74
1163030,74
1440934,74
1349753,99
1249975,67
1056109,67
1357053,232
1350810,137
1054426,149
1289065,140
1471242,140
1055911,77
1123788,247
1347514,239
1324777,184
1322645,77
1095958,57
1434822,58
1242168,57
1273859,56
1012400,57
1215030,56
1208743,69
1490547,69
1401627,69
1358531,42
1188645,121
1162484,107
1013447,40
1118218,53
1404874,44
1226475,43
1000846,42
1356581,66
1013345,66
1442195,66
1215930,65
1408973,98
1238444,98
1420458,122
1131404,80
1086225,79
1169837,56
1203992,47
1145754,65
1199358,94
1243074,59
1256588,55
1478036,48
1392760,56
1385580,48
1457759,51
1042647,40
1058867,48
1310991,48
1269866,48
1128791,47
1036302,43
1214927,39
1275245,70
1358702,51
1146124,50
1318590,29
1370271,35
1000409,35
1422995,35
1439692,30
1284951,56
1175049,47
1185125,21
1415191,184
1003274,180
1148714,180
1305683,179
1438635,183
1321983,179
1326115,213
1144115,188
1257509,184
1022568,158
1379917,259
1031253,327
1024232,260
1136080,275
1250344,275
1469473,262
1019938,533
1231475,517
1380749,256
1214542,217
1303074,24
1148161,24
1411642,20
1028210,30
1226546,329
1395289,329
1189355,331
1443779,328
1370125,330
1375670,328
1441077,358
1325306,322
1215047,322
1329687,271
1482844,137
1201815,137
1331830,135
1049699,129
1333824,134
1005047,134
1434656,142
1421537,139
1170030,151
1333229,107
1432554,59
1036321,59
1340270,59
1134217,58
1031549,58
1238585,58
1312452,69
1201497,71
1199397,71
1213797,44
1062232,29
1329787,29
1381422,29
1041718,28
1025446,42
1030594,41
1171225,617
1113088,690
1421572,617
1231421,690
1155226,699
1050090,616
1462159,743
1262088,658
1059783,727
1068765,563
1024581,22
1278254,21
1210203,20
1142069,21
1393711,30
1028000,32
1133330,36
1425669,32
1240821,34
1398217,46
1288267,42
1054056,64
1252270,35
1134544,38
1239796,10
1082924,65
1010839,197
1462666,72
1015385,44
1477694,71
1017174,71
1339356,299
1251909,393
1237409,57
1235681,339
1473044,370
1165704,340
1327609,342
1382591,271
1258870,339
1340640,399
1165396,379
1460743,377
1210591,243
1439204,29
1456232,42
1281119,45
1306776,25
1146091,25
1475252,26
1221331,35
1072871,24
1036557,24
1249595,14
1423465,33
1191423,39
1041334,38
1462748,32
1098172,37
1265747,33
1071053,46
1260150,36
1467327,36
1039490,23
1282588,185
1340515,185
1000357,185
1329859,218
1377570,265
1198647,205
1243803,254
1393212,194
1413792,288
1114795,233
1073984,25
1296525,59
1026899,59
1161777,57
1069257,20
1003011,24
1015640,36
1053602,27
1236743,27
1298612,16
1171522,36
1298237,22
1217098,22
1079423,15
1072315,0
1092628,148
1077145,147
1428079,147
1121116,146
1144786,146
1151671,146
1289400,169
1159996,152
1223966,153
1268664,124
1437271,29
1420669,29
1425768,172
1287294,171
1052619,34
1328041,15
1350959,162
1042549,162
1437111,162
1166579,161
1485217,161
1438722,141
1179775,187
1064722,163
1116704,161
1161161,135
1194491,30
1342433,30
1237362,30
1486738,30
1070617,40
1478278,31
1089189,31
1487636,20
1335161,43
1149326,43
1184109,43
1250917,42
1157950,42
1165272,42
1045564,52
1031512,54
1267384,54
1165991,28
1224499,207
1022104,164
1332421,164
1233349,202
1412941,202
1498242,163
1054399,224
1030700,224
1460017,190
1461262,144
1244952,100
1287128,100
1163539,100
1235684,104
1483944,104
1142725,123
1323315,154
1254188,120
1115861,120
1075316,89
1104842,23
1369219,23
1243216,22
1409284,22
1046968,33
1073731,35
1055416,35
1289214,71
1221524,71
1043470,71
1076426,69
1038594,80
1344687,76
1031647,103
1294819,75
1152672,75
1415430,45
1120552,63
1329211,80
1077637,80
1269584,71
1320063,71
1243523,95
1443457,63
1091205,62
1059392,45
1381859,32
1203139,32
1468809,31
1097142,31
1494739,72
1133318,45
1489756,44
1478252,23
1158974,80
1312320,80
1140924,80
1450893,147
1149920,79
1165858,93
1098563,112
1373446,136
1129872,93
1392880,71
1468382,23
1486459,22
1457277,21
1160131,17
1107036,17
1313365,41
1114748,35
1492680,34
1338998,14
1369288,486
1097299,484
1288385,489
1075490,573
1276034,521
1335661,519
1263819,680
1307045,475
1023914,475
1438726,411
1107949,206
1255934,99
1049619,67
1102290,66
1010584,66
1079013,66
1239770,87
1415070,88
1234331,88
1147425,51
1159953,347
1484891,347
1076815,347
1375783,346
1057460,346
1047283,346
1282357,384
1019252,334
1180163,334
1403728,293
1399943,35
1031064,110
1285677,100
1422692,34
1472670,34
1245179,46
1098339,28
1415077,330
1167273,328
1478601,328
1085278,327
1413452,327
1282205,326
1050183,339
1090747,305
1326067,305
1355437,229
1147147,221
1366465,221
1081854,221
1099585,280
1033845,269
1027173,277
1053974,260
1149325,257
1485355,235
1114099,168
1192440,127
1302703,138
1362241,129
1170120,129
1134558,129
1083778,127
1359599,141
1146050,141
1243817,141
1385751,112
1318214,59
1354676,59
1043464,58
1095610,58
1445857,58
1165646,70
1109736,62
1250867,64
1104719,41
1161020,43
1433370,43
1209170,43
1031572,43
1069568,45
1406673,51
1485136,51
1380450,40
1457409,40
1189724,28
1277505,66
1071404,63
1194259,65
1492522,65
1483263,62
1300957,63
1391820,80
1444828,70
1235646,72
1149262,50
1051940,27
1172631,27
1248197,28
1241439,28
1429867,26
1169083,37
1017091,18
1233024,43
1221654,55
1228894,55
1344123,47
1374880,47
1347248,71
1225854,45
1126089,49
1104094,32
1260322,235
1300752,235
1035344,209
1371644,234
1308196,211
1412339,191
1039687,225
1331189,254
1424339,221
1357786,195
1449682,48
1319818,48
1169218,48
1221116,47
1216692,47
1429369,47
1131747,57
1041188,59
1319940,59
1408109,33
1157877,28
1014711,29
1238324,141
1167321,150
1282806,29
1207621,29
1438842,14
1431659,75
1493848,75
1005859,75
1117230,74
1316073,90
1495277,89
1367997,114
1278946,89
1390076,88
1410654,65
1285811,48
1485817,64
1286176,64
1032676,88
1092650,53
1396008,47
1041864,57
1335428,49
1052206,48
1279988,39
1453255,52
1119599,52
1429851,52
1289928,51
1064150,79
1235639,76
1108801,67
1480216,54
1478575,53
1157233,32
1415890,43
1327054,43
1175553,43
1305943,46
1457199,46
1364840,46
1498709,72
1125965,58
1035490,42
1101134,29
1013760,159
1239109,159
1122956,159
1483182,158
1067620,158
1107810,158
1242455,179
1158124,164
1073879,164
1426907,136
1154338,96
1456903,139
1203547,96
1351498,94
1094406,109
1228266,95
1217570,395
1026120,380
1160422,93
1366903,79
1440445,28
1111819,28
1268765,19
1290397,24
1475801,34
1439793,24
1471569,215
1034052,214
1100285,214
1264101,213
1279549,213
1160529,214
1089518,237
1281168,208
1353592,207
1421768,161
1294900,135
1245219,155
1441584,153
1086294,137
1309019,157
1498185,184
1382755,183
1215093,180
1440248,134
1415276,42
1183251,42
1289437,42
1011312,41
1176696,41
1023764,41
1403023,51
1184878,53
1118194,53
1181673,27
1431945,29
1152849,29
1380942,29
1108913,29
1326790,29
1254119,40
1209328,42
1277966,42
1184480,20
1221985,524
1301321,528
1463289,528
1275946,523
1400875,523
1348564,526
1273247,570
1017611,560
1062279,562
1237961,474
1417054,21
1003607,21
1424179,20
1323747,21
1230958,91
1163294,91
1365966,91
1467823,89
1347467,145
1034811,141
1121415,118
1048682,94
1443052,92
1034404,63
1130574,110
1400224,158
1165216,117
1489607,117
1057854,117
1488677,117
1249972,391
1096794,383
1187668,113
1164828,97
1428233,287
1094909,287
1332634,287
1226462,286
1022245,286
1082397,286
1136816,328
1478736,325
1468754,323
1392549,217
1015651,37
1092575,37
1168055,21
1157854,31
1053981,20
1487585,19
1088619,10
1460736,27
1396268,27
1270168,26
1279071,27
1068050,30
1348154,30
1149086,17
1430948,294
1125207,295
1191961,297
1079406,308
1402254,395
1313316,384
1389901,323
1434316,295
1200882,413
1130820,252
1136992,46
1070978,63
1085342,56
1354071,53
1352957,48
1171509,55
1218549,47
1033103,35
1484655,36
1429343,25
1426362,25
1019053,17
1149610,19
1188764,19
1085095,29
1163249,20
1200526,6
1359182,139
1190919,137
1318614,139
1106674,139
1484037,139
1145685,135
1477155,153
1370445,143
1437300,142
1333249,106
1244747,33
1468842,183
1326759,169
1011416,32
1297084,32
1233664,37
1100085,23
1330971,68
1138077,68
1352006,83
1487542,68
1108221,68
1139998,68
1472724,78
1359856,67
1026021,67
1097467,55
1209010,39
1203418,39
1288697,37
1466637,36
1412357,36
1473386,38
1315013,46
1046348,38
1351338,39
1337583,27
1247118,166
1155168,168
1023555,166
1189141,165
1294514,167
1170464,165
1032841,190
1319448,190
1372525,187
1197527,139
1104829,78
1091408,78
1100655,78
1212272,93
1139167,77
1208032,88
1089775,106
1287888,90
1468614,88
1199908,69
1265084,43
1413660,43
1204209,43
1202448,42
1461934,42
1399020,43
1428777,54
1084734,57
1251697,56
1143725,34
1248669,87
1492080,85
1125820,85
1240530,85
1182284,136
1161715,125
1397460,104
1397576,89
1085214,89
1041296,67
1317327,49
1124007,65
1001431,55
1454242,57
1207961,81
1168512,50
1388227,50
1149006,33
1389070,47
1077085,47
1262049,46
1374006,46
1192491,46
1046377,60
1149415,62
1057610,62
1037961,36
1108246,147
1143509,147
1105358,164
1100472,180
1423581,170
1175539,168
1331445,198
1293935,163
1023451,163
1049464,139
1309583,52
1230234,53
1461709,53
1408980,51
1488053,72
1274689,73
1041473,95
1166260,65
1461337,65
1206736,43
1056913,460
1056567,460
1323239,463
1466159,500
1333540,417
1282979,473
1338001,611
1334066,470
1454911,450
1096576,403
1325572,142
1061707,86
1318381,86
1127586,85
1076352,85
1207706,85
1051075,103
1178070,104
1471943,104
1050157,71
1175530,150
1158903,150
1169201,150
1031727,149
1356784,149
1294357,149
1169953,173
1414115,148
1030541,146
1062207,123
1006290,88
1106911,85
1398536,34
1263867,34
1016670,39
1171413,39
1153425,23
1014174,302
1059918,302
1434673,302
1437796,301
1209418,298
1340261,301
1453426,315
1073580,299
1125848,299
1499035,255
1295338,446
1222180,450
1165274,446
1237456,455
1069738,908
1014169,1118
1127003,500
1266348,460
1334765,449
1463681,392
1030133,151
1006565,140
1135300,153
1232307,150
1436481,150
1083483,132
1218091,176
1456658,180
1092475,178
1433866,119
1176492,44
1353610,44
1089484,50
1072876,44
1453728,43
1002461,46
1125670,60
1229468,48
1347887,47
1251976,34
1314783,37
1116236,37
1376495,37
1119344,37
1458904,44
1052692,46
1260776,45
1378898,34
1112041,34
1438832,23
1248265,57
1195954,57
1381379,56
1281126,55
1498748,56
1284086,58
1293530,67
1436975,61
1122080,61
1363954,31
1208670,31
1395641,30
1115606,30
1032783,30
1313008,40
1381034,32
1128691,31
1092234,35
1142469,42
1418236,42
1285563,33
1252304,33
1127538,33
1084154,58
1197924,37
1337255,37
1185867,19
1363671,149
1289303,137
1004740,146
1204926,147
1118823,132
1377335,147
1266794,169
1137166,167
1014502,165
1278599,117
1410185,95
1065002,95
1201146,95
1295967,95
1478836,95
1263028,95
1047818,109
1181209,109
1043905,109
1033551,76
1231479,36
1309569,36
1068192,145
1494564,131
1227142,35
1456193,47
1191448,38
1360848,44
1085163,133
1499564,133
1191755,134
1022893,132
1472361,140
1433295,139
1373742,165
1038419,150
1254866,149
1227242,122
1471032,57
1072191,109
1224559,111
1199250,111
1280019,66
1069118,55
1082440,65
1049894,57
1249689,60
1100757,49
1373418,52
1425889,52
1262003,52
1110029,51
1079214,98
1009321,94
1055383,82
1235873,58
1186917,58
1151999,30
1207102,48
1192156,48
1226763,48
1434274,54
1337949,54
1040562,54
1160472,71
1156193,70
1248747,48
1227492,35
1099568,144
1275063,142
1253582,138
1043906,138
1436089,138
1026803,138
1190415,156
1128432,143
1029605,141
1263106,113
1183611,306
1481991,357
1178623,302
1409516,324
1157955,324
1185489,324
1452021,561
1210378,529
1031376,296
1177597,255
1409502,24
1257355,24
1413100,15
1211003,20
1096378,20
1345861,30
1421914,22
1276698,260
1103064,258
1057956,258
1405565,255
1202685,259
1366788,259
1338435,284
1447615,254
1409269,254
1197167,202
1035001,169
1350978,168
1306161,160
1366727,156
1380882,146
1233397,159
1332984,192
1144564,182
1304218,183
1395217,126
1065392,74
1066756,76
1370689,76
1186797,75
1183418,75
1177408,75
1282300,86
1460464,88
1089717,87
1156808,57
1495432,55
1297290,55
1100886,55
1464389,54
1251720,54
1239853,55
1344807,67
1189431,69
1327017,69
1211035,46
1001797,721
1131807,721
1494899,715
1268958,720
1288154,720
1203405,719
1040370,783
1044833,773
1350447,767
1347690,666
1044455,28
1477801,28
1094263,27
1348081,27
1457172,27
1235797,37
1091749,30
1462573,29
1244735,17
1242870,122
1024593,122
1368146,122
1153680,121
1298252,240
1444981,236
1261913,156
1404886,126
1061342,124
1172110,125
1272052,135
1275436,229
1352301,139
1088922,138
1142032,138
1009193,138
1184241,304
1274934,299
1320020,220
1155127,122
1207458,266
1408017,265
1090667,265
1397788,263
1227739,263
1362484,263
1097531,306
1082537,302
1484097,300
1325444,205
1251276,34
1309343,34
1103196,34
1394008,34
1047128,34
1340919,60
1342347,51
1478158,20
1358927,34
1062782,34
1011715,33
1214193,29
1366131,30
1189909,39
1307236,28
1220551,28
1402459,46
1392162,60
1446122,46
1043188,45
1230082,50
1305994,45
1348778,55
1002960,53
1489067,48
1269724,35
1045443,217
1326150,217
1467198,217
1027897,251
1432174,357
1248475,347
1393876,252
1162245,245
1274195,400
1261856,318
1334116,38
1185549,78
1493370,77
1357046,111
1230268,38
1280515,37
1165845,39
1435470,40
1410218,32
1427121,39
1419156,28
1226413,18
1384055,19
1246091,19
1067532,29
1464252,20
1133732,16
1223903,7
1045510,71
1391305,73
1226448,71
1107663,75
1341061,71
1362854,72
1498099,88
1209334,79
1135795,78
1315178,64
1130481,29
1463428,155
1278200,141
1393458,29
1391624,41
1270020,32
1225582,22
1063501,134
1357869,132
1014892,134
1247520,132
1336840,133
1211469,133
1059036,144
1176566,133
1132246,133
1292348,114
1254416,39
1276415,39
1070659,39
1329123,38
1160584,38
1428803,38
1466539,40
1091359,39
1486528,28
1432211,57
1330381,57
1034776,57
1131866,56
1143621,56
1002286,56
1085415,67
1134920,69
1341225,69
1415100,42
1252167,182
1051889,183
1439963,182
1324815,181
1437561,181
1188982,181
1407599,214
1290623,213
1359200,213
1118472,155
1311604,117
1031757,98
1056240,98
1474016,97
1180599,97
1320888,117
1009958,163
1020232,118
1336350,118
1381030,95
1003702,54
1297632,54
1315655,54
1189968,53
1369244,53
1091740,53
1214002,66
1186897,68
1161849,67
1115766,45
1365940,95
1027637,95
1378297,95
1253091,93
1126539,149
1327372,145
1401921,122
1104114,99
1459400,98
1263309,72
1336623,80
1075826,107
1085349,107
1110209,98
1103290,98
1267654,98
1216595,122
1097353,82
1212254,82
1084827,64
1371347,85
1155726,85
1240789,85
1171370,84
1265660,84
1018252,93
1493141,103
1093559,105
1447467,105
1473259,71
1347256,91
1394977,83
1392377,83
1310599,82
1195053,97
1275321,90
1051713,110
1184351,92
1113836,90
1132798,70
1436870,75
1409226,75
1150362,75
1228678,75
1369151,81
1227977,81
1206279,107
1372105,93
1380214,92
1339516,64
1389987,498
1072901,498
1203450,498
1455635,494
1247179,463
1278100,463
1448482,629
1459132,488
1442394,490
1131544,422
1181234,136
1273574,79
1455968,106
1233302,83
1443559,78
1347087,78
1041709,96
1349855,97
1198557,96
1221492,75
1465453,170
1333678,170
1090753,170
1462747,169
1177417,169
1193051,169
1196763,195
1278502,168
1185545,166
1481698,139
1404091,40
1461497,40
1173571,137
1083108,123
1002205,39
1447555,39
1319625,52
1176790,43
1238226,42
1391315,48
1113235,46
1163319,46
1190560,53
1404369,53
1264727,53
1482729,72
1058895,70
1238793,46
1361780,33
1478370,417
1411161,416
1408190,415
1409562,415
1456972,415
1276208,415
1490001,435
1486353,397
1000127,397
1366757,322
1346060,487
1366689,493
1152927,487
1085039,463
1308005,1158
1416818,1147
1157372,545
1035677,516
1043744,505
1275513,412
1427226,52
1428931,65
1482270,65
1337955,64
1074040,75
1223872,64
1056054,76
1045111,43
1466260,99
1271724,104
1362659,99
1466995,101
1019525,98
1013636,101
1026870,115
1368359,104
1495646,103
1364816,86
1170240,44
1039898,42
1412137,42
1169338,42
1042017,46
1287984,53
1498396,50
1176996,39
1077306,39
1491374,29
1145664,82
1066734,83
1374651,80
1279324,83
1409608,84
1009256,83
1157723,96
1071832,91
1076420,90
1331136,71
1346673,22
1452741,21
1468212,21
1230784,31
1190650,23
1047101,22
1420224,46
1005457,37
1404012,62
1323173,41
1190479,41
1444164,20
1322332,106
1393220,106
1195731,106
1037225,83
1290352,106
1369208,106
1399477,97
1464990,120
1191994,98
1317160,91
1291135,206
1304893,205
1260429,205
1430497,204
1140847,204
1151498,205
1217377,202
1443512,228
1353405,225
1107486,193
1317910,25
1368716,161
1010055,148
1081143,27
1010965,30
1016213,28
1263775,12
1189397,91
1405401,91
1266638,91
1276585,90
1180684,105
1059213,105
1344474,129
1438853,105
1363716,82
1250158,46
1152407,93
1496385,65
1304461,92
1069061,53
1435255,58
1167009,66
1245685,61
1232151,48
1078016,39
1474949,56
1096408,56
1121882,54
1108739,54
1347317,107
1110144,103
1442709,82
1036582,58
1412982,58
1324501,32
1073283,63
1411916,63
1263486,63
1050056,71
1123493,71
1020169,71
1186919,96
1214037,87
1457953,62
1155273,48
1123649,166
1358951,271
1095885,170
1188104,169
1109153,165
1498548,165
1242079,201
1282712,177
1197982,171
1396460,136
1367131,369
1413681,362
1487661,390
1219708,365
1460528,365
1468717,388
1452919,557
1149490,519
1391982,357
1198228,328
1426036,24
1120019,24
1072591,20
1020410,20
1078483,30
1128180,22
1325280,21
1278821,357
1436586,357
1029722,357
1134426,356
1261036,367
1178195,377
1086893,388
1170114,361
1038318,361
1088809,302
1133401,70
1189592,67
1170403,67
1003089,66
1299976,69
1180067,41
1245737,100
1209341,54
1009944,94
1341596,41
1386673,144
1234362,144
1288681,144
1493343,143
1265338,143
1121206,143
1032317,164
1455226,163
1411958,138
1141862,134
1419869,32
1021598,31
1352516,31
1356988,31
1108704,487
1349640,485
1233603,486
1240827,484
1054033,484
1398644,484
1303762,525
1272724,526
1423160,527
1055961,428
1260085,21
1403827,21
1481291,20
1432968,168
1452142,168
1249247,168
1379067,167
1105641,244
1073716,240
1045265,197
1296384,173
1031252,171
1367777,133
1434558,126
1253275,285
1052291,128
1212523,127
1397951,127
1112208,128
1045583,296
1052724,290
1052729,153
1330575,106
1029294,271
1013001,271
1081183,272
1485036,271
1256807,270
1203716,271
1414123,313
1250749,308
1434042,306
1048122,204
1116916,54
1004559,33
1348312,54
1090148,30
1354566,27
1102343,26
1049158,29
1210473,32
1161610,29
1443205,28
1425213,28
1249853,38
1223675,35
1076570,31
1148902,20
1388739,202
1007829,202
1159448,202
1295887,231
1446997,390
1440035,378
1041969,230
1350903,201
1402515,413
1104654,358
1465066,34
1086170,67
1472881,67
1289905,64
1392324,31
1067586,46
1001468,43
1067176,49
1359146,34
1323950,24
1062551,37
1034912,28
1203135,28
1048644,20
1180443,0
1040065,34
1494499,23
1466396,16
1091873,119
1389761,119
1473048,118
1339668,117
1310744,117
1439011,117
1083428,132
1315271,123
1010745,117
1219262,105
1220063,34
1014438,34
1093831,110
1320813,104
1346889,33
1283548,34
1241028,46
1076152,38
1225059,23
1487998,150
1433590,150
1434557,150
1239454,149
1467330,144
1365830,149
1138191,169
1432490,147
1267627,145
1019901,121
1118233,30
1189202,30
1263331,30
1059297,29
1416214,29
1055724,29
1249086,39
1327869,31
1392951,30
1041163,173
1196547,171
1380448,173
1384588,170
1238821,170
1130148,172
1055993,186
1386679,188
1080744,186
1055252,160
1160680,85
1085396,83
1390416,83
1412215,83
1100598,83
1442542,83
1333339,94
1491136,96
1129473,96
1080418,72
1237295,89
1446998,89
1449484,89
1333400,90
1064627,90
1341028,140
1352502,104
1184457,95
1218820,98
1125676,66
1335892,30
1498333,31
1180295,30
1468730,29
1155218,30
1316740,30
1318234,42
1283246,43
1130000,43
1459415,21
1176325,148
1015877,148
1297507,148
1205048,147
1369188,191
1176486,187
1341438,187
1104071,153
1020171,150
1168271,115
1174176,56
1383428,59
1228081,61
1120872,61
1254272,76
1461596,47
1042497,47
1164067,29
1162719,34
1461189,34
1305167,33
1171637,34
1386951,33
1135964,45
1064678,47
1059530,46
1101560,25
1304645,76
1082523,76
1174789,76
1003698,78
1253157,78
1095952,88
1056008,91
1078061,74
1441886,72
1385303,57
1345375,45
1271433,45
1281895,45
1115907,44
1179550,48
1083637,48
1266241,58
1385890,58
1464689,36
1312971,616
1242304,617
1358481,616
1252129,627
1234652,590
1006772,592
1335737,739
1082713,606
1011159,604
1039116,92
1245920,55
1412193,55
1487103,54
1484137,54
1338495,54
1487433,68
1022987,69
1428133,68
1294128,46
1221310,483
1361824,483
1117178,483
1023369,481
1194420,482
1425859,482
1015144,527
1264805,468
1316991,469
1382469,399
1151863,21
1190515,43
1221392,37
1311200,14
1180736,34
1448616,34
1361892,34
1141506,32
1237245,32
1159657,32
1250645,58
1363943,49
1149041,20
1096323,734
1350701,734
1065455,734
1142409,733
1488944,736
1020912,732
1436609,753
1253895,703
1165678,703
1327823,610
1176823,663
1101710,665
1141921,666
1385350,723
1157741,2328
1151119,2230
1161188,819
1315527,776
1369399,776
1460667,672
1194932,133
1115132,148
1264565,103
1075641,155
1246631,155
1411198,135
1140498,170
1313588,171
1315048,170
1383782,131
1027016,114
1191829,109
1112122,105
1479265,107
1126587,95
1195982,109
1314692,119
1493689,115
1039169,116
1401014,97
1413802,93
1374584,93
1224680,93
1029041,92
1175602,86
1447145,96
1300870,100
1483261,89
1413577,87
1176990,71
1181520,79
1025776,77
1177948,82
1203571,81
1209590,76
1058406,80
1304622,93
1301362,85
1232376,84
1348216,67
1323477,153
1060474,153
1494909,137
1236863,152
1315101,152
1021195,136
1091479,173
1258153,168
1404475,171
1332940,115
1171521,148
1434146,148
1300093,148
1119480,147
1297275,147
1120782,147
1457486,165
1146680,167
1134271,167
1281939,122
1232717,35
1246974,35
1070455,153
1050349,160
1023950,35
1426156,36
1381963,37
1030017,38
1000438,37
1119483,34
1349533,191
1449142,194
1337248,191
1200866,190
1290309,251
1418797,252
1164582,293
1303136,214
1347698,210
1493799,161
1447686,154
1146210,220
1403685,220
1476020,176
1018738,201
1130157,154
1046978,178
1331178,150
1257741,148
1322423,119
1261811,103
1141743,99
1370665,103
1035256,97
1479691,145
1400324,141
1415004,131
1038432,106
1336056,104
1187092,61
1193098,113
1458214,113
1039561,113
1074938,118
1223395,118
1456334,121
1149120,144
1172680,110
1116900,87
1269834,488
1056163,488
1098695,488
1178203,486
1061470,486
1354722,486
1066795,530
1170494,481
1488737,481
1097182,433
1425142,443
1005746,1108
1369118,467
1260005,549
1010852,508
1215951,508
1438319,1298
1100299,1080
1081163,470
1459649,433
1180223,59
1238801,59
1070150,59
1165612,50
1480839,46
1157017,46
1156189,56
1287339,48
1307947,47
1217805,34
1385333,720
1009702,720
1479251,720
1253248,720
1245868,719
1031763,720
1477396,764
1489091,700
1485086,700
1276165,617
1371595,172
1228275,172
1456589,172
1393900,172
1451902,156
1484282,171
1353419,203
1477668,201
1093917,194
1415280,135
1060921,80
1441064,80
1036623,80
1334537,80
1131845,80
1233303,80
1052105,91
1130360,93
1140184,93
1097453,64
1016845,79
1177882,79
1297460,79
1119491,84
1043097,79
1427114,79
1149568,93
1118707,96
1021503,95
1338844,67
1460444,1689
1476535,1605
1297121,1592
1141103,1598
1274933,1598
1435122,1578
1486477,1743
1195364,1718
1301491,1711
1059056,1451
1419190,40
1273467,40
1120980,39
1288632,39
1272229,39
1012823,49
1424258,41
1114584,40
1365258,28
1497466,384
1486369,367
1280462,367
1329993,365
1015668,463
1162775,452
1239627,384
1191627,345
1102060,375
1232474,330
1211593,183
1411245,428
1022614,186
1203568,184
1106084,184
1485205,184
1373998,490
1062654,319
1201316,182
1370105,154
1139730,583
1301842,590
1251244,590
1183358,589
1059732,593
1151274,588
1072415,674
1469941,647
1288037,645
1325139,526
1231223,67
1190669,69
1376192,67
1146955,61
1056018,61
1258889,76
1218561,61
1466508,61
1109609,43
1335827,139
1165522,141
1110279,141
1143313,139
1083501,137
1428672,139
1219047,163
1259870,147
1342405,144
1354416,116
1271440,775
1118621,775
1192681,784
1028746,819
1031614,1566
1392506,1543
1343631,874
1185820,808
1356333,1580
1307954,1414
1336105,113
1187686,129
1489882,142
1123496,128
1322525,120
1477958,113
1462588,124
1098622,116
1207399,115
1465439,99
1198021,134
1474866,118
1311455,117
1033015,58
1090571,130
1232737,69
1300878,74
1483287,65
1188526,58
1270382,48
1306234,147
1378503,145
1296522,147
1478474,146
1111452,145
1428885,146
1078876,164
1426995,155
1310613,151
1284993,123
1248779,39
1286196,192
1311264,178
1389854,38
1467104,42
1471259,43
1498881,41
1130256,34
1062490,237
1043605,237
1026057,237
1468053,236
1150560,236
1110568,250
1162730,263
1358189,240
1257386,240
1061706,212
1052384,178
1200598,180
1264244,178
1294669,177
1425440,177
1145895,177
1144262,210
1076977,209
1054344,207
1377594,149
1115056,373
1292390,373
1166952,373
1384513,372
1093599,372
1367894,372
1119869,413
1070129,409
1394194,409
1002435,301
1180646,263
1485809,256
1211075,258
1313206,279
1494204,265
1434483,261
1099251,293
1025379,249
1477569,249
1055674,225
1010243,126
1037655,126
1401737,125
1022228,125
1097803,124
1076303,124
1480464,141
1233512,143
1406320,142
1423616,114
1246502,177
1302001,177
1073776,184
1363056,183
1471341,248
1253143,244
1453040,212
1301753,188
1404546,189
1392729,139
1451807,78
1409671,78
1122214,78
1211769,77
1437385,77
1217993,77
1161892,95
1229478,97
1213094,96
1297883,53
1012855,263
1418147,248
1286032,248
1099298,266
1479230,247
1179950,247
1124263,290
1184587,241
1029660,241
1357396,218
1463406,261
1418001,258
1342588,258
1161315,257
1046297,277
1153933,277
1231645,355
1287870,280
1193177,279
1487003,227
1230693,746
1398262,744
1345832,778
1267250,681
1432764,770
1301486,816
1069354,873
1245836,740
1275241,764
1463775,602
1196334,352
1402996,158
1493032,158
1264183,161
1052529,161
1110240,161
1382389,204
1313142,204
1317341,204
1122806,132
1274226,632
1352572,631
1295323,632
1299017,630
1252039,630
1030444,630
1454269,674
1228734,616
1427970,616
1125886,523
1136112,31
1339197,31
1101505,223
1339810,209
1392791,31
1184046,31
1105735,34
1154260,26
1488663,25
1042242,12
1034878,63
1259675,63
1355647,65
1267774,65
1347236,69
1000392,69
1221328,95
1284731,86
1446589,63
1141794,47
1466161,434
1068090,332
1041144,332
1491093,331
1172503,343
1430344,334
1402925,403
1323039,365
1382156,363
1065731,315
1216354,169
1130102,169
1030597,170
1379599,167
1359056,226
1186410,221
1398042,195
1146321,163
1441295,158
1354132,135
1479808,87
1366617,87
1126860,87
1002342,86
1463533,97
1180427,86
1146882,97
1256418,89
1085624,89
1398280,77
1156018,40
1466660,40
1217010,41
1327864,40
1001108,47
1476698,44
1150678,48
1286496,36
1223345,121
1198378,122
1347688,122
1098095,124
1101245,138
1084840,124
1318929,144
1077102,157
1381116,131
1192516,101
1338874,21
1278449,20
1278499,40
1218247,52
1349858,52
1020219,43
1240731,43
1187353,62
1250784,45
1473793,45
1168482,24
1091234,19
1110776,30
1228744,19
1008610,12
1011775,23
1268989,22
1306448,17
1259442,18
1045010,37
1418055,35
1043212,34
1061891,46
1091493,43
1446133,48
1193998,59
1286572,34
1215083,39
1031438,47
1064741,39
1296913,39
1227442,29
1465660,59
1186359,59
1288078,59
1393617,57
1445824,105
1353206,59
1368925,87
1376133,67
1410979,66
1016413,35
1363984,139
1325683,139
1340269,139
1345716,138
1115561,138
1200166,138
1014090,151
1477799,143
1308074,141
1083942,121
1314516,285
1244449,470
1073390,328
1062675,279
1441123,284
1355242,284
1317677,552
1314338,351
1148815,266
1395200,243
1118069,24
1350375,24
1162956,15
1020303,22
1352264,259
1476030,181
1049229,177
1207242,180
1360874,176
1308479,177
1143421,210
1408134,212
1207235,212
1430711,174
1343435,35
1382126,35
1247229,43
1323555,34
1049897,34
1028424,34
1017526,45
1329979,47
1129897,47
1415045,26
1220040,166
1275484,165
1272211,166
1290617,165
1321339,165
1458201,165
1219875,189
1085852,187
1334748,185
1224780,140
1389557,20
1224019,20
1002006,20
1058944,40
1439257,40
1197826,40
1161585,39
1078356,95
1164315,92
1117989,66
1037515,46
1348845,46
1009769,15
1399258,71
1111218,198
1282574,71
1167392,70
1184466,70
1271881,70
1352082,386
1277718,286
1070188,67
1159747,58
1445037,168
1332387,171
1146755,170
1125510,168
1468793,170
1474894,169
1246237,196
1468989,195
1264726,193
1023588,142
1049688,28
1212467,20
1225175,18
1235898,23
1023309,33
1344775,33
1131610,28
1103267,13
1003384,188
1118081,188
1105948,206
1191246,214
1141630,274
1483668,270
1004420,231
1077010,201
1296562,325
1299196,265
1257545,31
1104216,31
1330414,53
1212172,20
1470862,22
1180183,36
1476995,28
1303459,27
1170531,16
1370718,32
1191748,39
1280198,39
1301996,22
1364909,30
1011434,30
1458262,31
1217302,20
1194852,9
1049411,101
1182059,96
1252534,98
1233877,101
1297806,101
1339628,101
1203442,128
1061292,105
1070437,105
1400213,87
1480031,64
1486498,49
1160637,15
1095876,19
1161665,9
1215009,92
1340178,96
1197552,96
1397410,91
1104993,99
1051624,99
1296303,99
1209310,89
1129508,87
1169715,79
1463684,39
1378332,39
1426495,39
1331468,39
1079424,39
1357297,40
1416081,50
1196248,42
1089249,43
1173280,29
1313829,47
1448406,46
1010943,43
1268748,46
1065918,43
1306179,42
1045704,56
1403733,57
1096183,54
1457003,31
1316766,141
1379054,141
1184160,141
1464987,142
1492100,147
1133258,141
1401070,161
1105338,141
1179101,139
1078277,126
1255031,119
1213899,119
1405744,119
1410139,117
1424016,160
1459848,113
1269920,143
1451917,126
1325398,126
1045480,100
1345555,56
1131551,64
1191732,66
1103804,57
1483544,57
1002169,57
1228393,76
1442285,54
1276853,54
1005699,37
1394628,43
1491257,43
1020364,43
1254624,42
1427543,42
1483138,42
1264681,56
1086118,58
1218843,58
1303575,34
1137317,153
1181809,153
1263575,153
1020427,154
1247296,153
1459079,155
1432441,173
1489210,151
1173974,149
1180811,270
1004788,26
1090317,26
1221703,22
1040715,33
1304495,55
1189836,38
1231775,38
1147300,17
1252687,180
1185173,179
1002909,181
1024663,190
1394736,177
1427461,175
1093785,207
1066138,166
1006670,163
1163733,138
1196241,37
1368477,24
1311516,24
1041166,37
1484068,38
1370856,37
1151982,17
1395048,90
1390106,90
1299135,90
1317099,89
1445007,89
1072033,89
1320376,101
1108620,89
1288665,88
1389923,73
1305598,14
1193063,63
1237006,50
1036844,13
1310332,13
1225037,667
1176448,663
1014696,663
1145867,662
1293848,662
1202745,665
1319084,687
1401826,637
1398001,637
1316995,541
1449676,734
1366789,784
1009292,793
1464786,635
1376394,1771
1076725,1723
1488081,843
1300625,777
1457308,769
1222485,691
1309910,68
1487690,63
1261902,66
1063994,45
1238329,57
1383592,68
1236789,64
1450849,69
1210423,37
1118582,82
1250962,82
1371087,82
1061066,81
1075569,80
1396314,77
1126504,96
1021878,88
1483622,88
1166168,61
1460628,54
1425569,54
1013855,54
1117835,53
1037894,64
1343359,63
1325050,62
1373136,52
1414505,51
1011546,40
1302852,120
1295333,119
1476917,119
1237095,119
1166445,119
1367644,119
1036146,131
1400369,124
1221061,122
1304194,105
1092414,21
1145112,21
1021476,20
1455251,20
1265514,20
1098944,30
1381205,22
1396028,10
1402074,74
1496715,97
1376888,97
1037634,88
1143415,88
1293724,88
1421169,113
1197088,76
1278646,74
1133390,53
1064688,41
1450648,44
1302322,41
1272093,44
1223262,50
1429672,50
1110449,58
1322057,64
1076835,58
1214700,38
1223704,253
1476902,253
1265371,251
1130424,250
1198811,250
1045236,250
1309125,285
1495133,283
1338580,282
1408893,216
1293143,25
1312686,25
1262037,122
1093130,141
1104439,24
1223276,24
1428246,26
1166219,29
1433812,27
1029438,11
1394412,151
1463475,151
1073615,151
1312562,150
1104551,158
1170391,203
1211759,186
1280831,168
1122865,167
1364734,138
1425711,77
1374100,123
1159933,125
1371677,119
1217301,83
1239629,77
1147289,86
1100532,80
1397074,79
1218270,68
1084541,75
1078304,75
1060861,79
1090108,74
1394990,137
1354562,133
1251620,92
1237932,79
1381017,81
1044217,55
1459390,63
1373833,61
1001171,61
1454798,76
1075821,76
1064096,76
1073773,103
1197565,94
1315474,61
1219768,332
1338022,332
1229678,332
1109532,334
1494638,330
1032122,330
1165413,375
1475544,330
1387338,326
1410167,300
1172350,439
1058305,997
1441315,443
1226927,465
1148821,461
1169225,461
1047892,1211
1327045,1173
1435007,450
1477335,385
1187218,28
1473646,28
1445208,28
1128443,24
1007092,22
1177336,23
1308369,24
1169740,24
1437845,13
1305204,653
1169115,653
1485207,653
1133327,656
1144895,657
1265135,651
1217432,699
1465199,648
1127418,648
1065475,573
1208945,175
1205027,94
1370543,135
1184858,171
1241780,159
1257683,94
1127095,179
1402380,191
1271788,191
1417694,83
1016090,157
1378218,157
1490162,157
1007961,157
1048476,158
1363750,157
1377977,179
1177453,178
1096484,176
1490021,133
1158592,47
1220323,47
1079738,47
1272815,46
1082719,46
1428980,47
1307591,59
1244359,61
1309989,61
1129187,38
1373369,1490
1159100,1483
1078309,1483
1444543,1490
1403090,1499
1091288,1478
1357059,1626
1258709,1594
1016250,1594
1291439,1408
1035769,24
1141007,24
1092629,24
1470124,23
1270442,25
1032642,33
1499459,26
1465076,25
1378578,13
1271294,272
1297171,272
1484782,272
1125260,270
1044825,372
1403738,368
1419512,306
1407678,276
1097909,276
1308103,229
1064482,111
1344498,211
1019358,114
1197065,113
1014215,113
1465986,113
1221712,334
1343053,328
1150330,111
1064636,96
1171380,614
1257945,624
1164850,613
1317829,612
1494403,616
1372964,622
1028254,692
1394819,669
1239193,663
1466747,597
1456648,65
1035374,65
1154323,45
1142259,40
1449907,40
1083651,37
1193931,37
1317257,27
1260574,53
1430521,62
1009487,58
1302905,55
1164224,55
1005212,56
1353130,63
1051730,56
1057003,56
1024922,46
1047047,660
1012909,659
1446430,660
1004539,744
1297841,1448
1190458,1460
1300063,738
1483559,660
1492798,1446
1289811,1369
1236266,55
1042049,109
1156490,108
1040519,90
1233817,63
1209622,55
1344427,64
1232899,56
1435021,56
1397443,45
1106569,60
1370150,60
1290947,52
1053250,29
1093368,34
1100342,35
1040528,21
1236914,144
1178409,147
1276499,144
1292548,146
1091700,146
1201373,146
1179723,168
1021693,155
1383719,157
1171600,129
1325197,33
1098189,95
1389806,109
1346354,32
1343497,44
1018121,35
1147448,36
1439086,99
1297322,101
1392169,99
1180066,76
1125019,99
1091233,97
1148765,119
1422960,102
1269068,100
1464291,69
1242518,43
1059185,43
1340927,41
1227103,42
1083081,42
1476267,40
1442954,52
1310205,43
1462837,42
1233491,32
1342926,358
1165718,358
1127141,358
1253795,357
1312242,358
1427198,357
1326605,396
1135723,397
1303003,397
1255517,307
1334250,173
1226115,173
1221502,173
1129603,172
1300912,208
1066331,208
1055924,229
1135533,228
1412599,226
1381463,195
1018619,187
1280720,187
1495944,165
1039816,249
1022447,214
1095815,215
1166087,218
1116674,193
1342580,213
1100337,163
1403792,41
1243588,41
1375821,41
1009681,40
1125124,40
1375223,43
1334811,52
1111727,54
1203809,54
1124837,32
1006036,247
1089355,247
1023077,247
1088502,246
1154308,403
1361686,399
1001984,282
1265825,252
1370764,252
1102828,211
1004325,60
1376221,81
1478833,71
1478982,72
1394276,71
1076577,96
1165520,63
1238261,62
1498440,43
1181820,56
1346625,56
1062616,56
1207682,54
1178918,63
1301717,55
1283401,69
1376997,71
1274050,70
1071845,47
1391787,149
1387016,149
1457848,149
1419824,148
1458527,148
1045618,159
1341626,165
1231600,146
1419408,146
1493367,143
1045597,58
1315063,58
1236135,58
1099461,57
1200980,66
1396714,111
1344886,134
1099376,76
1473464,73
1172936,48
1174606,835
1463004,808
1383441,808
1132416,905
1486024,823
1475054,867
1480696,982
1392220,829
1218477,828
1391805,669
1380357,165
1284608,73
1497786,73
1257181,72
1329389,105
1131741,105
1333616,121
1149680,122
1254249,120
1055471,93
1074653,500
1394503,500
1395980,500
1256087,499
1149138,499
1423280,498
1038388,542
1410171,486
1317093,486
1296819,411
1481530,38
1325113,86
1260387,71
1404040,38
1090120,38
1120131,49
1472113,40
1331429,40
1180567,41
1381332,42
1137404,42
1258488,44
1013599,44
1163018,44
1083750,71
1355784,62
1273699,28
1221446,413
1074066,313
1265692,326
1454467,340
1109664,324
1259106,370
1353996,395
1449409,345
1393405,342
1347221,291
1270817,167
1044231,167
1202376,185
1475127,230
1425943,313
1190637,306
1066705,201
1443612,157
1074216,157
1287822,148
1325209,31
1203492,33
1182168,39
1278151,25
1007474,25
1458641,25
1054272,44
1238139,41
1255484,51
1063187,21
1437236,51
1014725,51
1296501,51
1270123,50
1122246,36
1315303,30
1077352,62
1118613,51
1315359,51
1067323,31
1250269,36
1408921,43
1277776,46
1182721,38
1055751,38
1311052,42
1005347,49
1143886,44
1494235,24
1374299,20
1312726,20
1047397,30
1067203,21
1285850,44
1342935,45
1210576,45
1416916,35
1238947,35
1491185,37
1023806,63
1253183,36
1450451,37
1203153,17
1294764,22
1021481,64
1388663,50
1005817,21
1052769,24
1463481,20
1345403,27
1214405,22
1360048,22
1379939,45
1450536,57
1110389,87
1328210,58
1479518,127
1317775,76
1244418,63
1490466,57
1344579,49
1406296,50
1332403,37
1263164,70
1228342,70
1423496,70
1194920,69
1354931,69
1038199,63
1497822,92
1439583,76
1207936,76
1334538,48
1346629,26
1444033,20
1428610,19
1084617,19
1072459,31
1143336,24
1078228,23
1240376,10
1129647,138
1371024,138
1337771,143
1272173,137
1250737,141
1395336,137
1077178,151
1412257,138
1133657,136
1141832,118
1005610,631
1051619,788
1291501,644
1224135,635
1452525,643
1241673,635
1130888,1665
1136512,1313
1198927,626
1379462,564
1328618,20
1084551,20
1492201,16
1388229,19
1116211,117
1025464,114
1172770,111
1432452,110
1025860,110
1295788,113
1185678,119
1210461,115
1405891,114
1164030,74
1191446,31
1405911,30
1047099,30
1492888,30
1167184,41
1400097,44
1423468,43
1192481,22
1113951,132
1075058,130
1395991,130
1060374,132
1344988,132
1379139,131
1216578,144
1347909,144
1124487,146
1314422,116
1133017,22
1122672,22
1208622,22
1174195,12
1052297,51
1436823,50
1076795,51
1403006,48
1076963,51
1191952,46
1235630,83
1238367,54
1427300,55
1032658,29
1207270,153
1161743,246
1298916,231
1026022,151
1193241,145
1171101,145
1164137,284
1321775,188
1378647,147
1231116,113
1095435,146
1323949,146
1395799,147
1145737,146
1238384,147
1042036,147
1351219,169
1085203,167
1371386,165
1219723,120
1374416,30
1189323,22
1337676,22
1003680,34
1022823,27
1082992,26
1474734,13
1342334,48
1175207,48
1033599,41
1129747,25
1057371,25
1495511,25
1354900,35
1425005,22
1368872,22
1433769,12
1349382,48
1250534,44
1080873,48
1139207,43
1018091,49
1147190,60
1128435,51
1157339,36
1276177,407
1450019,407
1174173,423
1261967,421
1107899,496
1287052,476
1234527,458
1498591,409
1147438,593
1228840,542
1114215,33
1179414,64
1177028,64
1216396,86
1248865,47
1060936,44
1402609,40
1011086,32
1201586,31
1102627,20
1175109,26
1279214,26
1443674,17
1422706,56
1221151,49
1131821,56
1490426,55
1049070,55
1169917,55
1327124,67
1112819,58
1323892,57
1456199,46
1330908,33
1351797,20
1229044,17
1101241,17
1161125,29
1060114,22
1015937,8
1410873,168
1174564,164
1191920,164
1125314,163
1062361,151
1475531,154
1373526,170
1219223,153
1345121,152
1316865,128
1194915,29
1391656,31
1248453,29
1089414,29
1101295,30
1455678,31
1381518,30
1301363,19
1363338,77
1408074,77
1204391,82
1153172,79
1385784,82
1094777,82
1287845,94
1052223,92
1087971,95
1015674,64
1013988,410
1103117,396
1424721,396
1452145,395
1114030,395
1415291,395
1025202,442
1064176,404
1265298,390
1282575,336
1370636,107
1148724,107
1293002,107
1198272,105
1263025,92
1125955,90
1366177,122
1150078,108
1217839,108
1264814,90
1035972,101
1444561,101
1111719,101
1182641,92
1305667,92
1303118,92
1419860,119
1222718,82
1090797,81
1443743,61
1371785,44
1474865,44
1163334,43
1402147,42
1294333,42
1131529,43
1416476,57
1237795,58
1168507,57
1306170,34
1076467,269
1379585,255
1434055,277
1019051,259
1342691,259
1210023,274
1254730,313
1028198,272
1215471,254
1484039,209
1344207,31
1132553,31
1036433,31
1199141,30
1443462,28
1413086,28
1397477,51
1307344,44
1205066,44
1307499,22
1067824,172
1273706,180
1042603,183
1090725,190
1350396,183
1238736,177
1471183,209
1229870,160
1497134,168
1120206,120
1234483,45
1238365,32
1078467,32
1006405,32
1066302,32
1214466,44
1265100,45
1237497,45
1269056,24
1015263,125
1060235,125
1174360,125
1479343,123
1247572,123
1033654,123
1260212,153
1010680,122
1296051,121
1387077,97
1162720,62
1012076,48
1338102,17
1205675,21
1152949,21
1458882,17
1237811,478
1033758,467
1499951,465
1053599,474
1404089,477
1418689,477
1285966,497
1234568,512
1242215,512
1077297,420
1231512,472
1117072,450
1091750,450
1147110,618
1027059,886
1363829,726
1060391,617
1296093,567
1411783,519
1076732,482
1102338,136
1167549,146
1152757,146
1103421,149
1408137,144
1250988,150
1315404,170
1275358,168
1256963,165
1427933,124
1306276,91
1112398,91
1457331,91
1202120,93
1321446,93
1029940,90
1274550,104
1179351,94
1308289,95
1202474,78
1306442,42
1287716,42
1317791,42
1104534,41
1426930,42
1347464,49
1018032,50
1450217,39
1356206,39
1393103,27
1281383,59
1239082,59
1018331,63
1290273,62
1022303,58
1328781,62
1321002,73
1466438,66
1021318,61
1362220,48
1282522,26
1208631,26
1119538,25
1414474,25
1219364,25
1253166,35
1349187,27
1458875,15
1115978,55
1351227,55
1109039,48
1117896,47
1472568,71
1492493,35
1036719,184
1442242,198
1290442,190
1461010,140
1263119,187
1171474,172
1068463,219
1098663,191
1285209,217
1379975,125
1004280,67
1468273,67
1054292,67
1411885,66
1272392,66
1298954,66
1449468,77
1027500,79
1074865,79
1306435,52
1402334,31
1249185,31
1350424,228
1027208,214
1444476,31
1274272,30
1099884,34
1445659,33
1176168,31
1129742,15
1258874,133
1345579,133
1308325,133
1210380,132
1392336,194
1197638,194
1129536,226
1261211,152
1432540,152
1132812,112
1140900,66
1035004,113
1328690,112
1236944,129
1072931,75
1214395,66
1217642,77
1058775,68
1233784,68
1027593,59
1423030,104
1486929,104
1036243,104
1380531,102
1028031,111
1357262,106
1076524,132
1166204,108
1006312,106
1287529,79
1088111,32
1474529,32
1143054,28
1258914,28
1441756,28
1006816,54
1284992,37
1302350,32
1441293,18
1494423,211
1037582,211
1186135,219
1035444,210
1412430,210
1471318,210
1302798,248
1140942,222
1352739,212
1444822,171
1180697,482
1288985,1072
1498800,482
1062934,504
1002696,481
1204196,502
1416492,1285
1113253,1038
1353961,485
1320692,424
1224947,24
1418302,24
1384132,24
1252877,20
1161599,20
1173529,30
1407391,21
1391735,435
1095368,435
1291104,433
1164263,431
1236985,434
1397015,433
1202662,464
1257054,446
1188918,446
1307324,390
1061800,187
1306774,193
1010856,187
1099608,185
1115724,163
1125554,188
1140698,226
1220959,221
1389206,204
1268227,143
1240408,95
1235156,95
1262731,95
1249918,95
1313158,95
1460940,95
1357469,106
1485800,108
1006987,108
1456848,81
1285816,75
1277532,77
1119159,75
1365522,76
1251959,74
1134918,60
1281698,72
1170505,102
1460584,73
1170339,51
1359066,830
1328835,830
1375031,830
1180363,823
1079995,823
1468705,823
1041884,923
1161571,901
1049477,901
1363599,761
1233504,30
1459135,29
1418509,29
1493410,29
1040420,28
1030025,28
1290035,38
1184610,31
1093868,20
1235293,232
1051981,232
1388536,232
1112176,231
1150649,317
1114185,283
1306071,266
1382323,237
1014526,237
1103982,207
1111935,144
1258199,301
1377853,159
1203979,146
1019804,146
1406890,146
1357343,322
1415791,309
1013842,157
1325819,117
1191706,496
1131459,496
1336230,496
1425283,495
1320850,493
1057220,495
1490464,554
1245748,542
1433608,542
1027214,442
1080063,44
1126189,44
1418559,29
1424045,29
1463075,39
1474709,28
1124673,18
1194601,42
1262092,42
1223819,46
1165334,41
1298535,41
1090792,45
1491705,51
1438548,50
1124545,44
1455070,31
1239125,347
1333514,347
1380095,347
1140243,395
1160343,354
1243839,355
1021807,410
1130037,376
1440281,563
1273879,489
1265408,33
1151818,62
1346361,60
1292333,57
1252777,25
1267738,32
1063344,42
1068820,33
1260624,22
1452241,84
1014950,58
1067474,57
1401322,33
1204393,37
1435552,47
1303906,38
1038580,24
1019593,151
1251424,152
1222327,152
1217414,152
1162493,150
1065461,151
1094705,181
1035017,157
1286859,155
1046651,125
1455922,29
1137631,177
1040830,143
1294878,28
1247132,28
1010388,30
1363337,31
1325129,22
1142696,212
1301239,214
1084390,214
1072219,211
1338035,211
1009375,201
1037247,239
1282209,216
1208037,214
1457135,183
1320138,42
1220238,42
1478119,42
1019734,41
1055862,41
1354636,41
1014814,43
1270332,43
1081737,50
1407633,50
1014398,50
1491825,49
1270741,49
1040458,49
1093081,59
1479989,61
1295162,61
1293636,35
1051218,362
1096610,362
1109216,362
1491934,361
1325802,361
1279856,361
1041468,401
1038351,395
1312390,395
1077444,324
1034569,104
1348908,104
1356772,104
1449864,113
1382979,103
1417525,112
1289590,130
1140301,107
1107381,107
1049531,91
1330395,68
1304104,68
1463362,68
1322487,68
1076412,68
1358172,68
1101734,80
1310017,82
1060069,82
1197296,59
1180839,138
1344920,138
1004828,138
1266015,136
1235237,185
1156851,143
1324338,166
1321628,142
1257443,139
1417117,109
1463442,68
1127666,91
1184220,91
1451779,82
1005436,82
1178960,82
1288797,107
1038899,71
1264535,70
1343261,55
1090050,115
1447677,114
1280003,114
1285815,126
1089192,113
1200656,114
1171313,130
1235880,131
1449369,130
1287691,99
1299126,55
1079774,55
1332266,55
1229811,56
1062210,56
1062104,72
1104032,90
1328757,69
1493096,67
1371361,53
1464606,76
1444631,76
1202718,76
1488002,75
1153686,77
1007842,77
1425079,105
1197475,95
1437825,64
1015345,536
1359792,536
1389163,538
1002689,621
1280135,606
1228164,615
1068045,698
1068382,526
1127032,525
1475728,418
1324560,117
1149962,73
1161738,73
1270394,72
1266485,72
1099379,72
1404662,146
1396212,144
1025197,143
1437767,97
1242898,335
1087842,335
1374875,335
1333723,333
1206548,333
1193522,333
1055113,365
1319063,322
1033641,322
1349975,284
1086605,41
1491536,39
1381527,126
1490168,112
1115261,39
1470240,39
1343554,41
1003166,42
1076264,47
1198829,32
1436892,32
1336163,33
1359435,30
1406006,30
1228411,31
1095767,56
1479107,47
1433670,31
1112065,18
1170791,257
1345683,220
1433582,220
1228255,219
1312287,223
1193512,222
1443615,242
1430898,242
1492660,240
1307783,184
1227060,334
1174088,332
1456565,374
1420269,351
1304477,283
1308904,450
1077994,372
1495715,331
1399551,333
1183503,266
1195179,100
1441260,97
1454430,99
1044544,101
1203407,109
1292029,109
1222883,116
1037300,126
1221223,118
1462723,85
1402079,37
1324129,37
1310176,38
1395065,36
1399254,34
1422826,31
1322590,46
1403469,36
1432116,35
1113063,24
1332509,101
1446201,98
1149507,101
1415178,101
1053667,101
1197479,107
1123521,114
1253597,143
1131618,142
1110181,81
1072892,23
1366226,23
1406814,23
1399900,22
1453972,32
1143501,24
1384906,12
1299966,45
1349681,45
1462077,37
1191532,61
1410443,43
1277208,43
1089516,23
1473125,32
1025898,32
1481945,120
1342457,72
1399342,31
1262038,32
1158328,43
1444289,36
1211619,36
1041733,25
1359903,50
1319788,50
1094142,50
1186546,49
1243712,57
1443685,57
1160800,81
1112142,64
1343542,64
1034394,40
1250665,104
1366207,137
1168628,114
1462832,89
1319647,105
1490847,93
1327465,105
1242046,97
1410134,96
1267932,82
1290868,134
1023440,134
1259984,136
1003155,133
1490242,141
1201903,137
1483945,161
1280071,142
1345002,141
1427380,107
1342252,81
1051272,81
1121108,81
1067445,64
1341870,64
1054616,63
1069917,75
1128963,69
1094414,68
1215898,54
1052668,182
1144863,185
1221336,182
1343682,181
1313499,181
1017949,184
1452342,212
1118519,192
1327104,186
1071026,159
1076214,612
1187657,981
1295030,618
1085476,617
1385886,617
1284793,611
1308836,1644
1205106,1583
1101970,606
1021912,527
1277491,24
1318189,24
1284961,30
1396542,22
1441218,21
1308789,9
1170472,189
1326395,173
1102915,173
1490422,174
1338949,174
1400753,174
1281302,201
1262498,187
1373759,185
1020854,150
1079691,69
1373162,69
1313922,69
1470329,78
1043208,68
1498149,68
1209198,81
1130285,83
1350042,83
1015074,59
1390579,255
1436947,255
1045739,255
1318087,255
1223698,255
1436625,255
1383644,293
1045356,295
1121593,295
1114635,194
1488584,25
1010075,25
1363457,24
1078002,24
1380388,24
1147439,26
1138141,164
1236945,164
1369433,164
1379985,163
1424254,178
1441674,173
1280345,192
1022802,161
1166846,158
1377696,127
1173823,319
1217625,424
1164729,319
1326219,318
1068568,287
1003219,287
1278744,619
1066418,552
1410131,297
1298180,247
1473058,350
1463455,347
1248427,347
1173141,350
1471497,350
1455556,348
1305973,391
1456111,390
1311369,390
1084924,283
1394807,111
1002603,111
1345677,111
1174767,92
1237037,92
1477215,92
1266148,105
1285970,97
1347126,96
1239988,77
1424446,48
1380755,48
1179458,45
1013425,31
1207452,31
1404575,31
1461727,40
1083782,30
1318780,29
1154806,20
1222837,55
1494714,55
1452148,50
1442947,54
1105018,54
1182886,50
1475789,64
1224009,56
1092076,53
1190987,39
1435748,465
1301304,465
1110939,472
1390665,471
1445202,633
1429305,622
1093306,499
1122466,452
1017266,711
1398485,631
1426610,47
1068662,59
1419823,62
1072966,62
1186069,37
1490467,37
1123207,47
1494119,40
1405706,38
1211830,26
1457528,29
1208175,25
1257230,18
1211873,19
1321469,27
1454866,16
1101141,16
1221444,5
1438300,112
1190997,109
1053941,113
1083391,112
1187634,112
1154076,112
1373500,125
1102839,116
1083225,115
1165740,96
1196726,29
1364592,29
1458526,89
1008710,75
1014602,31
1010378,28
1084749,40
1442543,35
1458994,22
1337584,157
1031733,157
1106938,157
1481223,157
1448207,141
1061949,143
1470638,162
1202732,143
1091243,141
1260998,116
1095889,36
1008708,36
1234865,36
1388725,35
1053371,37
1369483,35
1189443,45
1338379,37
1069031,38
1429960,25
1186964,96
1202630,91
1269934,91
1339581,96
1436109,91
1101500,104
1023599,109
1442172,109
1157371,74
1051519,336
1053169,299
1385699,299
1107959,445
1144512,386
1289744,298
1350862,416
1374335,296
1055230,296
1095155,295
1448374,38
1122401,38
1160411,38
1066841,37
1320649,37
1118447,37
1046582,48
1467232,50
1023000,50
1363046,28
1048888,190
1440463,190
1480971,190
1104556,189
1099037,200
1382085,200
1426428,218
1342409,193
1003012,191
1210445,156
1342393,95
1476851,117
1376464,117
1233406,108
1150316,108
1153339,108
1282883,127
1412451,92
1352136,94
1041636,71
1028680,95
1488449,95
1470231,95
1196664,93
1135015,93
1222652,93
1419491,112
1261676,115
1377965,114
1337424,77
1390104,355
1401313,265
1439166,265
1197083,289
1224626,382
1044870,264
1395535,295
1031550,261
1058951,286
1272619,216
1355143,138
1077979,138
1247091,137
1239269,137
1401108,143
1244411,143
1106091,177
1409870,159
1419636,159
1396890,117
1046653,328
1101904,327
1359440,333
1324289,358
1268704,333
1064201,333
1332108,360
1219927,317
1111265,322
1201333,285
1282305,38
1015273,27
1003496,27
1333430,27
1253867,27
1487063,27
1371085,38
1254330,39
1385952,39
1341588,19
1133297,316
1088344,316
1269200,316
1494636,315
1257870,315
1141742,315
1321297,343
1368535,313
1437216,313
1109703,276
1179278,16
1255632,16
1187631,71
1418705,54
1041291,27
1436774,19
1455799,9
1143109,44
1011891,44
1098671,44
1331472,36
1470509,36
1336461,37
1167780,48
1121948,41
1021401,41
1052604,28
1363995,201
1136010,138
1232767,145
1290532,135
1428670,137
1394002,139
1391373,169
1405516,151
1237484,150
1060387,121
1478644,296
1109347,286
1144523,335
1355267,320
1114402,401
1251813,273
1009379,340
1006717,308
1376856,286
1164305,257
1467138,36
1469634,36
1126946,57
1142560,50
1034126,54
1405173,41
1264903,72
1116430,46
1118886,56
1452755,29
1300311,36
1181698,36
1413278,36
1325912,35
1424801,47
1385976,45
1126583,43
1411848,33
1245639,23
1074197,30
1258810,32
1355439,29
1391099,35
1094315,38
1011887,41
1403191,24
1218617,21
1344068,21
1057905,20
1354317,20
1023964,30
1368796,22
1395219,21
1407735,42
1262889,41
1345333,44
1471495,36
1392516,36
1373275,44
1437465,44
1414571,23
1134995,36
1170554,36
1171279,105
1314329,143
1077953,36
1073741,36
1323445,38
1411845,48
1245004,34
1205164,78
1357235,78
1056761,78
1292906,77
1374092,106
1344550,106
1177395,113
1351443,91
1428011,91
1190207,66
1074105,66
1203176,100
1272135,103
1021670,108
1321867,70
1084372,65
1373961,75
1435336,67
1176491,66
1321540,53
1262383,47
1007731,47
1018360,47
1041924,46
1459762,64
1486936,31
1355001,69
1418344,50
1334087,50
1304546,25
1096482,94
1008772,93
1499988,90
1269910,82
1471306,82
1290508,82
1234301,99
1455478,87
1382910,87
1111577,63
1186445,146
1114751,146
1463133,146
1366545,145
1345589,145
1097457,145
1207501,164
1206620,153
1166459,157
1189297,119
1155036,363
1034867,461
1054736,363
1030998,359
1131331,359
1225246,371
1232890,456
1426081,409
1476284,351
1482150,301
1190145,24
1289484,24
1052303,24
1454730,21
1423762,20
1327489,30
1259996,11
1051651,100
1001905,78
1224660,78
1076185,78
1143891,78
1175181,78
1075374,89
1044528,88
1105318,86
1017270,64
1154559,142
1112058,143
1387533,144
1337831,141
1225379,141
1201924,142
1227658,157
1119868,159
1152662,157
1276162,122
1025721,443
1457412,443
1251774,443
1380718,444
1262455,444
1043759,444
1153098,489
1142567,483
1044267,483
1263998,386
1133681,21
1322128,21
1381323,21
1143816,20
1097664,20
1091771,22
1404076,21
1481626,72
1427862,72
1300692,72
1004607,71
1285568,112
1089895,72
1111467,99
1428614,75
1410589,75
1255320,44
1112459,177
1276338,292
1104702,177
1146677,176
1417511,176
1137692,169
1199840,288
1302643,314
1009642,257
1001037,143
1276142,223
1333143,226
1487777,226
1395108,225
1042584,225
1274476,226
1055703,265
1247424,264
1302516,264
1171030,174
1257617,82
1365501,82
1257346,82
1474262,62
1410391,62
1065521,62
1478066,74
1108700,65
1306433,65
1286442,51
1389878,62
1231344,36
1333981,36
1424822,32
1138058,32
1492576,34
1409649,42
1001450,29
1308291,29
1133040,20
1071661,31
1018080,34
1478849,31
1383628,30
1226202,33
1127373,39
1065120,37
1354994,32
1450673,18
1115906,198
1004246,198
1176343,205
1358268,200
1016244,257
1168290,247
1497528,223
1487577,187
1261598,334
1210751,234
1465377,31
1049616,57
1054088,58
1014345,55
1157820,49
1008109,42
1296788,50
1129632,30
1270431,44
1095162,40
1469210,29
1157584,30
1414860,18
1357223,20
1387218,20
1137145,28
1112572,17
1104172,17
1088612,8
1230896,66
1345259,66
1006250,70
1310622,69
1166099,69
1431128,75
1072570,88
1115681,76
1220849,87
1048938,56
1285263,28
1438175,142
1229282,89
1349904,27
1264314,28
1007527,39
1483373,39
1197587,25
1116996,68
1286575,68
1323853,68
1349597,67
1174376,71
1259305,40
1446318,72
1165802,61
1134201,61
1352852,47
1496897,38
1188175,38
1378200,39
1214209,37
1137486,37
1242539,38
1241717,39
1060354,40
1138143,25
1060806,158
1297235,156
1249239,156
1024103,157
1318385,158
1015306,157
1102204,183
1331093,182
1112099,180
1096804,129
1150467,110
1145033,110
1206358,120
1497477,121
1153911,108
1248932,109
1459766,139
1153131,109
1491472,107
1136775,87
1440883,46
1485910,46
1107925,46
1432815,46
1028235,50
1490043,57
1494266,59
1150869,58
1245747,35
1331957,78
1088564,78
1306940,78
1018699,77
1448364,119
1036363,78
1383483,105
1213867,82
1029199,82
1032834,55
1498066,48
1439262,65
1376645,65
1142228,56
1343351,55
1269436,54
1301125,74
1379552,49
1287518,50
1021872,124
1291288,124
1451221,124
1091430,123
1396310,124
1120159,123
1217315,138
1142552,140
1468892,137
1050380,106
1106879,138
1309039,147
1344699,248
1488800,191
1244775,137
1020796,147
1263671,156
1497604,149
1053653,149
1297442,169
1483833,122
1088765,122
1135371,122
1185079,121
1414429,133
1124700,133
1097789,158
1469614,139
1089927,136
1092532,99
1454364,194
1271463,192
1009181,194
1438685,212
1013485,193
1100145,191
1488304,216
1480437,183
1058997,173
1242119,142
1175167,126
1341146,82
1337250,82
1047318,82
1293562,82
1494999,82
1093795,100
1202102,101
1387050,101
1454073,71
1412672,291
1387977,291
1085005,291
1333190,289
1314140,289
1457102,290
1029390,325
1035747,296
1124009,278
1353005,248
1106138,37
1172262,37
1173109,133
1070986,118
1330214,36
1348534,48
1400294,39
1287371,44
1197492,40
1429191,137
1016691,137
1498160,130
1150323,86
1230498,86
1250530,86
1114903,101
1473148,93
1336352,86
1041201,63
1207875,474
1441899,474
1088601,474
1336659,474
1211198,473
1051921,473
1131960,491
1215447,519
1278933,519
1274572,439
1152272,588
1120199,581
1263854,622
1489178,568
1298616,1165
1479853,1186
1481165,653
1022706,597
1332316,579
1185615,506
1006532,132
1496202,117
1228432,124
1278894,132
1165880,133
1252492,116
1150452,153
1207023,152
1482128,138
1287733,100
1170969,35
1139622,32
1026791,35
1350098,34
1405296,31
1019197,31
1440115,41
1130244,37
1154927,36
1440235,44
1489750,44
1458738,44
1383402,43
1292308,60
1146229,57
1247834,63
1086618,41
1008385,41
1220660,31
1281563,84
1381705,81
1036303,81
1392380,80
1120250,80
1163736,80
1382021,92
1144237,84
1346381,84
1338612,66
1054864,30
1372965,30
1333426,30
1356004,29
1024747,29
1120011,29
1385060,39
1490527,31
1324608,30
1153097,18
1407062,45
1399725,50
1055663,50
1238317,41
1334149,41
1252107,65
1014424,48
1045929,46
1076974,30
1276400,165
1048870,210
1282969,211
1052757,234
1215424,235
1497593,222
1259844,269
1161985,240
1493763,269
1322822,191
1325888,126
1238350,125
1059632,125
1373882,141
1368795,124
1498061,125
1090724,152
1083415,140
1292299,139
1308336,102
1358623,31
1000662,31
1248470,172
1339347,157
1348246,30
1316602,30
1391976,44
1232445,33
1202382,32
1036178,28
1034611,212
1374733,212
1448305,212
1420537,211
1304263,216
1265562,216
1374023,302
1172343,240
1022093,240
1056075,183
1335255,56
1140702,103
1403528,129
1098625,99
1249422,94
1233077,68
1004548,65
1086671,57
1371703,56
1450481,43
1402597,48
1050351,43
1409072,43
1365294,40
1050495,94
1038405,90
1360974,69
1092395,46
1133574,46
1237123,20
1393567,88
1050202,88
1051269,88
1294662,103
1416111,103
1347737,103
1437947,130
1125457,121
1222122,86
1443391,70
1444649,146
1101109,146
1394444,146
1412054,145
1469601,145
1369165,145
1408164,172
1266701,149
1335307,147
1294489,117
1325002,502
1115161,1102
1022436,502
1009320,518
1059149,520
1381797,501
1182231,1377
1365708,1106
1170204,493
1288220,442
1057573,27
1476812,27
1302236,18
1088753,35
1290461,26
1339397,27
1004423,403
1182211,403
1287217,403
1364719,401
1393217,403
1372970,401
1255664,432
1343873,396
1182906,396
1349421,340
1086209,230
1263662,259
1400162,231
1322060,228
1407685,228
1256423,228
1366093,260
1091579,301
1218417,258
1086325,199
1219510,93
1258031,93
1254371,93
1366427,109
1140603,92
1394553,92
1315638,104
1210068,122
1303043,105
1208742,77
1441678,148
1310240,148
1183018,148
1465748,123
1416451,147
1067886,148
1147342,162
1027770,145
1086495,162
1115754,139
1236999,894
1129005,894
1060160,894
1139012,887
1009801,887
1499374,878
1130038,996
1136954,974
1214539,974
1341789,778
1245261,30
1256719,30
1314459,29
1200620,39
1105095,31
1320422,18
1207536,226
1490420,219
1367274,219
1198611,218
1079668,278
1214548,251
1351077,255
1276935,216
1220000,215
1201804,170
1255670,128
1178631,178
1187815,131
1232901,130
1041132,196
1165069,130
1067128,391
1296288,282
1482384,125
1354149,103
1199822,335
1306963,335
1352289,335
1487534,334
1043614,334
1388656,334
1464836,383
1072381,373
1388909,371
1280894,279
1437743,38
1096922,38
1125018,34
1092303,34
1150462,35
1422780,44
1426062,33
1299613,33
1339963,24
1047669,54
1431233,59
1395626,58
1138941,57
1027348,50
1126025,57
1484689,68
1224719,61
1001894,58
1045452,42
1253965,472
1273495,472
1427581,472
1182139,512
1295304,777
1421037,621
1270843,544
1074647,491
1382460,1083
1241247,1024
1167949,57
1363403,74
1489033,100
1086137,131
1374063,67
1099116,56
1139669,66
1403410,58
1359459,57
1363262,45
1001524,67
1277278,37
1040180,34
1441382,21
1118212,24
1021448,25
1103660,34
1320976,25
1122586,19
1405315,14
1432075,131
1214183,131
1254559,132
1420772,130
1284435,130
1490537,130
1395998,145
1375781,137
1343300,133
1046381,115
1106454,33
1044419,33
1152711,180
1142883,165
1149305,34
1495438,46
1334966,35
1244264,34
1226196,30
1299559,167
1114519,169
1065280,167
1484962,166
1207808,166
1473304,156
1406454,189
1209617,170
1027031,165
1498763,138
1241244,48
1455780,47
1454724,47
1477134,46
1330995,46
1207514,46
1399018,57
1262276,49
1431194,48
1427037,33
1269656,120
1472696,120
1031228,120
1123593,121
1319830,119
1468554,119
1219034,131
1481004,133
1439152,132
1368778,110
1254681,187
1471178,188
1172228,187
1040523,187
1488427,185
1367962,186
1353492,212
1466210,210
1117823,208
1159601,149
1245385,197
1364335,197
1469871,197
1333035,195
1117868,207
1335106,205
1122846,235
1466980,198
1485499,208
1141529,180
1144903,58
1337479,58
1073830,58
1422858,75
1112045,57
1401547,57
1275465,69
1309030,72
1318453,71
1149470,44
1254290,104
1459998,101
1070652,99
1464131,100
1442610,152
1092384,148
1326611,128
1098833,103
1175421,101
1105577,69
1084506,50
1228415,66
1455355,66
1329060,57
1343251,57
1222999,57
1274850,82
1275996,55
1343377,53
1494843,31
1329590,91
1219468,69
1405838,91
1148515,98
1127606,109
1003132,67
1194753,111
1090177,99
1086521,99
1002439,51
1215373,151
1310434,151
1162008,151
1499690,150
1164966,167
1312179,167
1055616,194
1416327,162
1460374,162
1417288,134
1145961,163
1370257,163
1128571,163
1271253,162
1318179,233
1471607,233
1466744,267
1063250,185
1159917,183
1237960,146
1328513,664
1470893,662
1278366,671
1117505,707
1395759,694
1118718,597
1412625,768
1047563,682
1178879,665
1432042,552
1497989,341
1343340,204
1160549,204
1162252,207
1174967,207
1402905,238
1249355,261
1051286,259
1082555,239
1494002,184
1468736,440
1476289,440
1248662,440
1245505,438
1316510,438
1164569,438
1108976,481
1386393,425
1488071,425
1073468,377
1096522,53
1460063,53
1233398,189
1109675,175
1011640,52
1376882,54
1241681,66
1170489,55
1094898,55
1158425,48
1154663,113
1334262,113
1308881,113
1259517,120
1292623,120
1224591,120
1439789,146
1291420,132
1215295,108
1216208,86
1213249,345
1469431,295
1230216,300
1209533,298
1308993,298
1432440,298
1102468,344
1446868,322
1334640,322
1192568,265
1150058,196
1211349,189
1430745,219
1284527,187
1493152,360
1163720,346
1430286,269
1161810,192
1134065,184
1200718,183
1164145,41
1401174,45
1240971,46
1022654,40
1067611,60
1068928,60
1168286,81
1084785,50
1342342,49
1342060,34
1046255,35
1275184,35
1100005,35
1181108,34
1284846,44
1362043,42
1129309,43
1167386,32
1382153,32
1359621,80
1394966,79
1076123,84
1051967,83
1337804,92
1265780,92
1073998,94
1027170,86
1029422,86
1384721,72
1466652,20
1150331,20
1211169,20
1375138,20
1090971,65
1227742,74
1345960,74
1014733,106
1068702,106
1373444,106
1212321,123
1119341,79
1356353,67
1282158,41
1366995,114
1301880,100
1005450,38
1468001,31
1125354,18
1447544,22
1229650,17
1253863,35
1497718,87
1164662,130
1365958,146
1348953,126
1315684,122
1285364,85
1109511,95
1345131,137
1394786,87
1215065,76
1288325,54
1122843,54
1233710,79
1005691,78
1009524,90
1306525,46
1060469,84
1013479,61
1215019,59
1183058,32
1191625,21
1480072,16
1305847,17
1382421,354
1345514,357
1106834,354
1155281,355
1075698,353
1160642,355
1415496,389
1111687,346
1441059,346
1041033,294
1282016,706
1465194,869
1448283,715
1295058,711
1414292,705
1441562,705
1370349,1467
1180580,1723
1121635,701
1140363,602
1194629,15
1039245,20
1399293,20
1358027,30
1273681,22
1077324,21
1143939,107
1167629,105
1026590,106
1225294,103
1199817,103
1255746,104
1356165,124
1350163,105
1415607,105
1233177,34
1343032,34
1065027,32
1398744,33
1252753,33
1390345,33
1063055,43
1344083,45
1136200,44
1458915,22
1492614,157
1468175,159
1127745,157
1356109,159
1288414,159
1186700,158
1088403,181
1133590,181
1155657,179
1348738,134
1492120,20
1406300,20
1467493,21
1297855,23
1365916,121
1207858,121
1011274,159
1096972,158
1218618,177
1189930,125
1321235,154
1238309,118
1137912,116
1302339,87
1452067,418
1232785,545
1230100,681
1258282,417
1444665,393
1045971,381
1195640,916
1032181,884
1150358,365
1109305,345
1203473,189
1052376,189
1275300,189
1168517,190
1164780,190
1412431,190
1215826,224
1198539,223
1281207,221
1400789,158
1142733,22
1058741,29
1108175,22
1322786,32
1251536,32
1316879,28
1347430,23
1379600,24
1190160,33
1488976,22
1096987,22
1330271,12
1341115,25
1180055,21
1276549,22
1055810,20
1174252,20
1250701,31
1470418,25
1084864,25
1072273,10
1187272,431
1161844,431
1116856,435
1240063,438
1265862,511
1348612,491
1106972,472
1256383,429
1190784,639
1183641,578
1122583,91
1074978,128
1263468,145
1011094,134
1451907,84
1288551,86
1134380,141
1193006,135
1175490,76
1055561,62
1076029,43
1391420,38
1288625,38
1429794,27
1080632,27
1165848,24
1283777,20
1155338,54
1260314,39
1337184,34
1428300,13
1321456,230
1023661,227
1108274,227
1005857,226
1299973,222
1308249,225
1039535,255
1386232,216
1312142,216
1216941,183
1076663,47
1116062,47
1373635,47
1223580,46
1206844,46
1184897,56
1399955,48
1172075,48
1194003,36
1079689,71
1130535,71
1031756,71
1064667,72
1099811,72
1265941,72
1077243,90
1228516,87
1490318,87
1253513,56
1208934,504
1499504,468
1312260,487
1300527,516
1204831,513
1087121,417
1045978,471
1346635,464
1358565,419
1466288,397
1466754,21
1291832,34
1497662,12
1037408,68
1003413,68
1244549,90
1046988,89
1042431,74
1495101,69
1397621,98
1195397,72
1363375,71
1400481,47
1272743,88
1030286,97
1056144,97
1207447,119
1465823,115
1391318,119
1081976,136
1282233,106
1435085,90
1335889,68
1233904,35
1247038,35
1332561,35
1194391,34
1303746,34
1274777,34
1305701,47
1363596,48
1010627,47
1368398,25
1325982,490
1089445,459
1147836,524
1483095,407
1479101,452
1457020,453
1438318,536
1130482,453
1363049,407
1171208,351
1495316,29
1419230,29
1411042,29
1406706,28
1202211,24
1491671,24
1314238,46
1497076,41
1465417,40
1160226,150
1390427,154
1493066,160
1484452,159
1228658,153
1261892,153
1248921,186
1117788,147
1297961,148
1123998,118
1284677,28
1476365,21
1431889,21
1305212,20
1036985,32
1170347,33
1317986,32
1307819,12
1015528,202
1325298,202
1448339,212
1137782,201
1253487,201
1178473,202
1275767,234
1110700,210
1158069,198
1479826,164
1232444,6
1320678,12
1281517,111
1029038,111
1397931,109
1303888,108
1070644,86
1448552,114
1438074,90
1070011,90
1095052,169
1232434,159
1071259,159
1002687,153
1289203,211
1423217,193
1471087,186
1049389,150
1099913,131
1113318,40
1229001,45
1433304,41
1401068,44
1187242,40
1359625,51
1185356,45
1040153,43
1008719,27
1350206,19
1495173,19
1128689,18
1001023,25
1285359,23
1420413,26
1342540,17
1079649,17
1154251,71
1185029,76
1067710,71
1416184,72
1093010,70
1226046,70
1255874,87
1480365,75
1240015,74
1072056,55
1010331,20
1059861,22
1096264,21
1057847,36
1267848,36
1353281,38
1435910,46
1133468,48
1271548,25
1257128,19
1458370,15
1303550,45
1081423,54
1176395,54
1452747,43
1249598,45
1453716,44
1301192,54
1451676,46
1157287,49
1189803,37
1147480,63
1423216,63
1286899,63
1480723,63
1406611,76
1357260,74
1170208,75
1097908,66
1415920,65
1271099,50
1217407,113
1011881,117
1407485,120
1295630,121
1053847,118
1144343,121
1478102,123
1025390,124
1302448,124
1246317,100
1010666,226
1313421,493
1000698,225
1092126,229
1473499,243
1209421,228
1387028,452
1061134,270
1162193,243
1099223,198
1412109,24
1023342,24
1461384,21
1317056,87
1039007,89
1300140,87
1335882,89
1286846,89
1459159,86
1406375,97
1254323,83
1421326,80
1036769,55
1188121,26
1288839,25
1452281,36
1423886,36
1429192,10
1170773,22
1343976,21
1008860,34
1208057,34
1398096,101
1094768,101
1458256,101
1469568,104
1042422,100
1281477,104
1427545,113
1398303,116
1297500,113
1184259,82
1247248,22
1050335,197
1389117,197
1091327,197
1191903,244
1473941,238
1361611,233
1390206,228
1067572,204
1462163,204
1022601,168
1436514,50
1428766,170
1031474,57
1205829,56
1470414,56
1330416,56
1215711,394
1234303,289
1459527,112
1091726,105
1494166,72
1425078,72
1280912,72
1101451,71
1102535,71
1192441,71
1095607,83
1367089,86
1159398,85
1234591,55
1276836,22
1114189,22
1364745,26
1217742,15
1066010,15
1108218,5
1226604,20
1330739,18
1234421,19
1265219,29
1199333,25
1083928,24
1041818,19
1270599,96
1287231,96
1412408,96
1349144,111
1224252,182
1395552,166
1402396,128
1215113,96
1078367,201
1206651,86
1197899,26
1286540,32
1248828,30
1085236,21
1208237,25
1482243,27
1056066,30
1248566,18
1076486,37
1214421,26
1016268,19
1394274,15
1216050,79
1198442,79
1181286,79
1242834,78
1320866,78
1479494,78
1338420,95
1234957,98
1470791,81
1183173,64
1342205,78
1221456,78
1265965,78
1468194,77
1130150,56
1146521,77
1243690,90
1144351,75
1025173,74
1272944,56
1219707,65
1007209,61
1082299,63
1067520,60
1352924,62
1410275,61
1039372,73
1256674,76
1295791,75
1236452,46
1058027,66
1274554,66
1329740,68
1167347,88
1451883,65
1198739,68
1117758,78
1452199,67
1254860,67
1194661,50
1309274,22
1131716,22
1283793,21
1218947,138
1383534,138
1349711,138
1224002,137
1138335,174
1390060,172
1443567,182
1060435,146
1393922,144
1224512,115
1095238,24
1221251,23
1405406,23
1284661,34
1478516,36
1223492,97
1112602,97
1040307,97
1081076,98
1359075,94
1087231,140
1191560,166
1044549,140
1128096,138
1381724,105
1461471,23
1439341,23
1211903,23
1213401,28
1070053,28
1279096,50
1251454,36
1213767,35
1071776,13
1015899,53
1068960,53
1428482,53
1493778,51
1084126,38
1166141,38
1059119,77
1344297,51
1172465,51
1192321,39
1171256,27
1105799,20
1252385,19
1086394,19
1323071,19
1089737,31
1399894,32
1336059,32
1114250,11
1157695,53
1059960,53
1323156,53
1307832,52
1430672,52
1083044,54
1019952,63
1310874,51
1206124,49
1467171,42
1292159,208
1200761,183
1152578,183
1165400,181
1468823,182
1233718,205
1067345,212
1272924,192
1064613,192
1417327,149
1080513,269
1196458,269
1443469,280
1375742,275
1072649,313
1309132,275
1290854,295
1127315,256
1441457,259
1165142,219
1049952,34
1310650,34
1236773,41
1173994,45
1441700,40
1402904,41
1376912,51
1308727,43
1064523,43
1043894,30
1063256,40
1455058,40
1078273,40
1242551,39
1330929,55
1315562,53
1228679,48
1015454,37
1217178,37
1377098,57
1382624,57
1309943,60
1234906,74
1319758,74
1142998,59
1078062,70
1396355,64
1377697,61
1131561,64
1095178,38
1115944,38
1274803,37
1095602,37
1067896,46
1221106,38
1368829,25
1002660,42
1006792,48
1466488,38
1367222,39
1022457,39
1104908,59
1225707,43
1061460,44
1340502,21
1279583,41
1183707,110
1394734,130
1168535,40
1410114,52
1156319,43
1197604,60
1215697,46
1320069,62
1444887,62
1475387,62
1346305,61
1177114,88
1002289,88
1361334,112
1020355,76
1342654,75
1315254,51
1098380,48
1349856,95
1468813,95
1337198,118
1179388,86
1215476,60
1122716,68
1406481,62
1373420,48
1102059,96
1065427,95
1004198,95
1141401,94
1225795,92
1414811,90
1047239,110
1229693,98
1224714,98
1192829,79
1081848,57
1157252,59
1462830,59
1386971,51
1338138,51
1181514,52
1089558,63
1365949,56
1441761,55
1025825,39
1010248,119
1304450,119
1045376,119
1425432,119
1029668,119
1116525,119
1100793,128
1174284,120
1054029,118
1364193,95
1366962,267
1453619,320
1129900,276
1433846,264
1475443,266
1086519,266
1213738,479
1241413,469
1217461,265
1074355,232
1250684,25
1185761,25
1148006,25
1242359,20
1070040,20
1009282,30
1140020,23
1134901,23
1123975,11
1366099,244
1050241,192
1162092,192
1061294,191
1274168,191
1149165,176
1323957,212
1280976,188
1278113,200
1210708,170
1339465,204
1338896,204
1483889,204
1315614,203
1278314,203
1043794,203
1283121,235
1101191,235
1415650,232
1401680,178
1460445,324
1180058,324
1462684,324
1138520,323
1317061,323
1054840,325
1438974,360
1002774,359
1159437,359
1089638,288
1127397,25
1415166,25
1435778,25
1128032,25
1076832,35
1392837,131
1454709,127
1179231,127
1182033,126
1029988,180
1042837,135
1219095,157
1376260,135
1463761,133
1227644,99
1317620,121
1453388,235
1399359,119
1490375,120
1097563,119
1092587,120
1109919,365
1427406,343
1211765,116
1130959,99
1448306,255
1419811,257
1265062,255
1425904,254
1125938,248
1202900,255
1095568,295
1300715,294
1376035,294
1247963,203
1233461,34
1336037,36
1167286,36
1468046,29
1004508,29
1135287,29
1380028,33
1163632,33
1409352,20
1013469,41
1004938,41
1105636,41
1095364,34
1047991,34
1448323,22
1399603,32
1496729,21
1298382,20
1005003,12
1401766,24
1465689,24
1193331,26
1438123,25
1098604,25
1367860,28
1370235,34
1450299,27
1457399,30
1256980,157
1247682,156
1217450,170
1399546,169
1484802,218
1045267,160
1083456,185
1025693,157
1229151,307
1472239,217
1141854,27
1275306,55
1190954,55
1232183,53
1225479,45
1228546,25
1082302,34
1220988,26
1488412,26
1462286,14
1272933,36
1012794,36
1060379,17
1322864,22
1422003,31
1261322,16
1361920,16
1011082,6
1198185,58
1155781,58
1460971,62
1217608,61
1464015,61
1092728,61
1443211,74
1319853,71
1224204,64
1161246,51
1225127,32
1244297,32
1492404,103
1266882,89
1115336,38
1100363,32
1386771,43
1228144,34
1456463,49
1209430,37
1057256,73
1220699,75
1011026,74
1181307,82
1306278,81
1034430,81
1363491,93
1263946,83
1030522,83
1208582,68
1288919,45
1188398,45
1257603,45
1444572,44
1195794,44
1277054,44
1324093,53
1457210,45
1374108,45
1074202,32
1431907,122
1486660,122
1087576,122
1050233,122
1132252,121
1095838,121
1369255,148
1034963,150
1223053,148
1267677,93
1485310,86
1473546,86
1426101,87
1332522,86
1102609,114
1384611,86
1136040,100
1415673,83
1036779,86
1083181,62
1313017,70
1122743,69
1059507,70
1143434,85
1123578,68
1175471,69
1420158,97
1171896,83
1340676,83
1281560,73
1158519,73
1071538,73
1036619,72
1158312,74
1066536,74
1133053,98
1251379,81
1100091,80
1149857,50
1047198,57
1136864,80
1179725,80
1306697,71
1281504,71
1327389,71
1055921,95
1101152,63
1182646,62
1424279,39
1105421,191
1445716,191
1079973,191
1458467,190
1312972,190
1088756,190
1267746,215
1232711,214
1457306,209
1011235,160
1471277,98
1181771,98
1231442,99
1193500,133
1200482,95
1348404,97
1436025,112
1290134,98
1033917,120
1179301,80
1081725,126
1393415,126
1389608,126
1352022,126
1279211,128
1472093,126
1242163,158
1430423,144
1489595,143
1336018,114
1373525,177
1090212,175
1209604,178
1270455,186
1333274,173
1247242,173
1483471,193
1157862,169
1094134,167
1340562,134
1188903,127
1421956,86
1069594,86
1032110,86
1221954,86
1089247,86
1400695,105
1431873,106
1057308,106
1392873,72
1375319,138
1336737,138
1197957,138
1355864,137
1064517,137
1228726,137
1133114,155
1388842,136
1069600,134
1010212,113
1350266,69
1404848,39
1364685,40
1322930,51
1014899,43
1024487,43
1054349,63
1299746,64
1255402,60
1313903,57
1169066,57
1378577,57
1100250,69
1217224,62
1255217,62
1119655,45
1342352,862
1308085,846
1444143,862
1176836,855
1107618,855
1247310,855
1076251,889
1230370,836
1405510,836
1044169,700
1128832,816
1356616,762
1242991,767
1229614,1521
1054269,2000
1386650,2347
1428923,1058
1199404,997
1424116,1006
1017704,873
1488050,587
1266608,587
1461971,590
1069314,607
1295765,607
1313113,608
1156774,628
1020945,636
1008568,644
1397328,515
1479955,87
1278982,87
1466318,90
1114726,89
1050846,89
1326323,88
1354098,99
1392774,93
1088550,93
1065051,68
1442994,129
1404802,137
1448322,126
1453906,126
1184605,122
1080267,132
1063685,148
1141097,129
1237041,128
1193161,97
1456560,124
1291901,122
1330248,124
1102993,126
1171305,124
1394882,124
1013097,140
1490074,133
1358294,131
1068255,99
1342445,29
1291172,29
1325526,28
1404721,28
1401858,28
1247641,38
1323579,30
1008571,29
1029555,77
1060085,93
1178756,93
1335690,95
1038438,95
1255410,95
1300405,110
1369944,79
1426505,79
1299024,55
1057752,797
1412748,749
1364620,799
1261442,863
1245205,834
1064070,792
1309278,969
1208235,887
1284797,887
1148320,766
1176349,142
1451180,142
1341426,142
1389218,142
1212530,141
1340756,141
1445687,163
1001480,163
1285713,162
1016498,119
1238649,177
1209840,190
1449539,32
1478559,32
1390158,55
1494723,35
1323348,35
1139353,14
1358455,375
1031442,375
1051268,375
1061096,373
1012652,285
1182370,284
1334101,370
1339935,396
1321554,396
1439931,351
1116026,134
1118461,184
1129761,184
1305470,154
1119279,166
1186970,133
1374360,154
1376618,139
1249682,137
1445557,113
1013212,235
1245740,235
1212302,235
1336986,234
1012718,295
1455753,291
1414107,308
1108487,236
1145767,232
1074126,192
1327909,79
1187865,79
1209194,79
1020515,81
1342004,81
1309704,81
1392386,108
1089782,99
1303695,80
1095152,63
1473553,523
1079855,523
1242295,523
1010465,522
1020507,522
1293282,522
1396363,575
1022752,513
1357421,513
1410617,483
1139996,630
1053955,1864
1093507,630
1144866,758
1128043,755
1267998,758
1093360,2712
1494011,2637
1342237,697
1409426,571
1080952,31
1357847,31
1111725,31
1220749,21
1115692,26
1028364,26
1260258,36
1118887,28
1322939,27
1234117,802
1287542,801
1159595,802
1001266,795
1181256,795
1170613,795
1403354,854
1076195,777
1264257,777
1195502,677
1125151,892
1377611,740
1415079,868
1432411,837
1090138,885
1484042,884
1394148,962
1241695,962
1295216,962
1384543,776
1020876,106
1144384,104
1158488,104
1087275,103
1481135,105
1330803,103
1243616,118
1356902,119
1144010,119
1177817,85
1257211,50
1068853,49
1385807,49
1197420,48
1227153,49
1066210,48
1011221,61
1459794,63
1467815,62
1245659,39
1306935,1637
1349929,1652
1391689,1637
1350008,1662
1017175,1662
1230601,1642
1353563,1783
1460117,1759
1366885,1759
1096075,1423
1063639,41
1350493,41
1262949,41
1403427,40
1146723,41
1332594,40
1018381,50
1255521,42
1004292,43
1224437,29
1437923,465
1083487,465
1472309,465
1217589,464
1214056,630
1343584,619
1352012,575
1115630,460
1260544,443
1304453,418
1268487,361
1123692,461
1068143,368
1190711,363
1359339,363
1025909,363
1338479,949
1290319,905
1409429,377
1105783,312
1399041,760
1185779,760
1055011,760
1080864,758
1247741,758
1041516,758
1157213,855
1168450,831
1392666,831
1024666,662
1141823,53
1242035,53
1181156,53
1038064,62
1398988,58
1473452,62
1310422,91
1108032,78
1055296,49
1220126,32
1113589,74
1491605,70
1299696,70
1280568,63
1313893,63
1330955,64
1208004,78
1173016,63
1462080,62
1375355,48
1230094,125
1025866,129
1451107,130
1416531,132
1282054,135
1450921,129
1161156,142
1091126,131
1252445,146
1433536,105
1339034,1066
1142781,1095
1335631,1095
1134459,1143
1493457,2649
1174658,2629
1247295,1183
1256335,1097
1295935,2851
1232035,2611
1485405,122
1231774,148
1411004,147
1291762,152
1499681,153
1232710,121
1096139,132
1460120,124
1366542,122
1125681,106
1243692,62
1367348,50
1025160,48
1156586,28
1499625,77
1336867,38
1336320,29
1344543,22
1222669,15
1105933,287
1073276,266
1215795,266
1471342,286
1495234,269
1182328,286
1138810,314
1142707,283
1231327,283
1299213,233
1015842,47
1362249,47
1202195,114
1495580,108
1196447,47
1091996,60
1498511,50
1258236,32
1223314,572
1397885,568
1265343,568
1067951,581
1343456,581
1283754,567
1170441,622
1373829,571
1152698,563
1200354,518
1445388,60
1248715,60
1013539,60
1198405,61
1352697,59
1061216,59
1029414,71
1456131,63
1048715,61
1438492,46
1216741,137
1306218,137
1080375,137
1428386,135
1377936,135
1276173,135
1268572,154
1179178,156
1043271,154
1309384,111
1129929,543
1046382,543
1183543,543
1478269,541
1117518,541
1173083,541
1037186,594
1174472,584
1427657,584
1403435,492
1088835,172
1450335,172
1380455,172
1073789,166
1276695,191
1203994,191
1136726,240
1298827,209
1247598,191
1440729,141
1115349,77
1078995,80
1316171,77
1229599,76
1133642,76
1210879,75
1496663,88
1376737,90
1238615,90
1063947,65
1314432,292
1149171,292
1087492,292
1362637,291
1274851,377
1164898,373
1407146,389
1123371,304
1291337,289
1231383,236
1186826,194
1031599,238
1456388,238
1115977,220
1370192,220
1496330,224
1309382,258
1327692,195
1099768,196
1086319,156
1295236,163
1333324,163
1145620,163
1048752,163
1390781,173
1185214,162
1192395,194
1095976,193
1331958,191
1432224,131
1115994,179
1035138,171
1435247,171
1336877,187
1316005,170
1174524,205
1166020,215
1180767,201
1113149,186
1199960,152
1214772,208
1222650,207
1379128,208
1163871,206
1463945,243
1119237,248
1002773,322
1142372,230
1359413,230
1278587,177
1364919,904
1267877,825
1371429,904
1258322,1509
1177282,1170
1177106,1234
1301531,1299
1219857,867
1280093,911
1152242,723
1394171,381
1110233,212
1028580,212
1163127,211
1313914,211
1109985,216
1452309,255
1264964,252
1044536,252
1311855,174
1202702,618
1468486,618
1431695,618
1112281,616
1166618,616
1335465,616
1444591,663
1062590,604
1088084,604
1246139,501
1244026,33
1202324,33
1482606,145
1149079,131
1283300,32
1318802,46
1276791,35
1063475,34
1199348,30
1056121,67
1148243,67
1271065,72
1121352,72
1195327,72
1310472,98
1012275,89
1013681,64
1057017,227
1081755,210
1329157,206
1016607,212
1097417,208
1273607,212
1030030,227
1102375,211
1014321,208
1460731,165
1209388,434
1079093,434
1009864,454
1232226,434
1212390,547
1015514,386
1026288,493
1342395,429
1317334,415
1499718,364
1144252,49
1266770,56
1345020,49
1498588,55
1081567,55
1136800,55
1404563,65
1048698,58
1379696,84
1494614,41
1044262,38
1318421,38
1051497,37
1181919,52
1155905,50
1494117,46
1409682,35
1278364,34
1390694,23
1370833,93
1443525,93
1428650,93
1447715,104
1224368,111
1160516,96
1224600,106
1379561,96
1221505,95
1025904,78
1417093,32
1258195,32
1090477,30
1424192,29
1112094,29
1355719,41
1179255,33
1248962,32
1283105,33
1103749,37
1108210,38
1032155,29
1192611,29
1282019,30
1200477,48
1409201,34
1385955,16
1369859,43
1355820,43
1010486,94
1279865,80
1497126,42
1492673,42
1468197,55
1067239,47
1194966,49
1359094,32
1267904,151
1066283,151
1064134,151
1257133,151
1223316,134
1395167,135
1353989,156
1422291,142
1298285,140
1236996,115
1001765,84
1080677,117
1197159,117
1382993,123
1079574,79
1418919,68
1483390,78
1298823,70
1173925,69
1476878,57
1233803,75
1431428,74
1329543,74
1162793,73
1387275,73
1323908,69
1322958,91
1268053,79
1305051,79
1350344,57
1374893,62
1035507,62
1176675,64
1295932,48
1201353,48
1013966,48
1063382,58
1375806,52
1072425,50
1183053,37
1166233,156
1150804,156
1459959,156
1028758,155
1470426,155
1045457,155
1107904,171
1330464,160
1191436,160
1041527,133
1309992,415
1083320,497
1144631,424
1229991,422
1141624,414
1266359,422
1257289,909
1450042,691
1408203,404
1366613,366
1326039,31
1414267,31
1351716,26
1101161,28
1343335,26
1415914,174
1066165,195
1084729,168
1332928,172
1307584,166
1122837,166
1101186,203
1472746,182
1481360,170
1097637,132
1178734,132
1385359,132
1313891,132
1372544,131
1095090,131
1103849,131
1231318,147
1342423,149
1489884,149
1050683,116
1093651,485
1009004,485
1447838,485
1339194,483
1027184,483
1366421,478
1395557,540
1382148,520
1066186,523
1437787,435
1273643,23
1138260,22
1250575,32
1391663,24
1409188,126
1249625,126
1431237,126
1236537,125
1266099,144
1409991,140
1026632,156
1221355,135
1247935,133
1277356,97
1307732,159
1185822,303
1123946,166
1045423,159
1030906,159
1207533,159
1187581,316
1210149,225
1239382,157
1175679,134
1112711,340
1374089,334
1118795,334
1140639,341
1083175,333
1492620,338
1175595,380
1381389,382
1252196,382
1125403,281
1119217,41
1277459,40
1453409,36
1242979,33
1175963,33
1429994,34
1072318,46
1023198,39
1173743,23
1407808,33
1007837,33
1439868,25
1035955,25
1294097,25
1419467,35
1059549,24
1003296,24
1050250,14
1164254,52
1329352,48
1318629,48
1497364,47
1372971,44
1382213,47
1168538,61
1007065,53
1436260,50
1131468,47
1065864,284
1373382,284
1204938,319
1497299,321
1369939,385
1413077,371
1329521,327
1014278,287
1322531,460
1386627,356
1021800,58
1122164,58
1023106,79
1437074,20
1377719,25
1025301,35
1046935,27
1452681,26
1493038,14
1098698,42
1309145,33
1468663,33
1069977,23
1408414,25
1345178,25
1460552,33
1059627,22
1452397,22
1426515,11
1295518,63
1387877,67
1361789,67
1064474,66
1124284,71
1417174,80
1386814,84
1301623,84
1427811,83
1026720,55
1251710,39
1234209,39
1004166,80
1438196,94
1484353,38
1429143,50
1111111,41
1118109,54
1292839,41
1422430,87
1328104,85
1320587,87
1428499,85
1140562,89
1280840,89
1137543,101
1313904,79
1255247,78
1311217,74
1232936,30
1043919,30
1342245,29
1214809,29
1233222,39
1274357,31
1033582,30
1290145,18
1105210,225
1079607,223
1229556,225
1358305,222
1495092,224
1075788,222
1462272,254
1487211,251
1278525,251
1072156,186
1261277,194
1411806,194
1078267,194
1378172,198
1386744,202
1130416,198
1404114,228
1455416,196
1445438,196
1185819,173
1004773,81
1251663,81
1336507,81
1131973,80
1143972,81
1119395,80
1336287,93
1096741,95
1414362,95
1064559,71
1099973,56
1409973,52
1406534,52
1378401,50
1491481,56
1085482,52
1110998,80
1352488,60
1287516,59
1021170,30
1498407,62
1280562,78
1201803,77
1079291,70
1179921,70
1182796,70
1096333,86
1339580,66
1030469,66
1222532,44
1248761,131
1223245,130
1328456,130
1264900,129
1064669,129
1329624,129
1388838,145
1041615,147
1345269,146
1188222,116
1392665,203
1123137,203
1250396,203
1422156,202
1254126,201
1194437,202
1348159,230
1016063,203
1465923,199
1419496,177
1269147,269
1170430,268
1320738,268
1326260,268
1374077,271
1199340,269
1368664,364
1179933,267
1150951,267
1388915,196
1137052,363
1230372,363
1173501,363
1018139,401
1469771,388
1110475,378
1151876,390
1473267,352
1388450,304
1375965,267
1363025,197
1008936,116
1245398,116
1084912,115
1012482,115
1175740,116
1110002,147
1480871,145
1364896,145
1229308,101
1053113,209
1196459,209
1417926,210
1071157,207
1137622,207
1343829,207
1247675,234
1210915,207
1106162,203
1132122,176
1152116,29
1139349,29
1403955,145
1128118,89
1066140,28
1313652,31
1233389,33
1200593,26
1233269,562
1346803,562
1469088,546
1188853,560
1435699,560
1398730,561
1422241,592
1214165,599
1003508,599
1154152,492
1314712,701
1114271,698
1418277,699
1297826,505
1268774,1290
1172613,1240
1149489,739
1389759,685
1378974,699
1213880,622
1115848,55
1225685,64
1075296,55
1329857,63
1068883,63
1296744,49
1394552,63
1081878,75
1037238,77
1049689,46
1217530,75
1112317,81
1451006,77
1322215,76
1227037,76
1388600,81
1133186,92
1122416,84
1275720,90
1362231,64
1010045,56
1438085,51
1179844,51
1304407,51
1461529,32
1412828,38
1371428,63
1218504,52
1383239,50
1074332,23
1042152,83
1489069,83
1199888,81
1010784,81
1338040,81
1077390,82
1186594,99
1076876,91
1408837,89
1310252,72
1497911,25
1436420,25
1095697,25
1318923,24
1318975,24
1069820,24
1413457,34
1129290,14
1184847,75
1055182,97
1085489,97
1442787,88
1359966,88
1001227,88
1246966,113
1456174,136
1274250,76
1082997,60
1213692,77
1128539,68
1126645,73
1439027,74
1169895,72
1142898,72
1041277,92
1390925,80
1368563,89
1123106,52
1352791,64
1365509,64
1299335,64
1155033,63
1441502,63
1080640,63
1131289,75
1416439,77
1167023,77
1115834,47
1085711,37
1078579,37
1222068,156
1381996,119
1384957,37
1463347,37
1211180,52
1004884,32
1292684,31
1181766,26
1378441,339
1039589,339
1484787,303
1307650,302
1393168,246
1147260,399
1160873,480
1390275,358
1490077,358
1426206,322
1161308,112
1202035,156
1063781,167
1255540,147
1189624,120
1011928,112
1416477,122
1213176,115
1466824,114
1318823,100
1186515,57
1241768,51
1281060,51
1106118,50
1397917,61
1230287,99
1058025,79
1004209,54
1035823,52
1373037,21
1308254,121
1007918,121
1437367,121
1148491,136
1461261,132
1084812,123
1239648,158
1320070,154
1046692,96
1320872,78
1112072,398
1426307,402
1233434,398
1204311,397
1270286,397
1241151,397
1106195,444
1362527,396
1373822,392
1088651,360
1371692,645
1170712,1208
1097376,731
1425470,670
1338306,668
1059092,644
1236134,1865
1420579,1801
1313750,636
1251701,558
1004232,32
1436746,32
1195929,32
1249534,23
1280255,27
1036895,27
1275145,37
1400554,29
1120021,597
1040633,597
1310818,594
1031907,596
1205122,596
1195293,593
1121684,637
1335302,626
1323910,626
1394931,562
1002479,153
1185698,173
1387808,163
1182612,153
1299452,149
1398759,153
1219014,173
1329042,193
1079212,148
1079402,131
1157925,40
1395999,40
1238279,40
1352454,39
1201572,39
1171633,39
1114558,49
1007921,51
1231837,51
1372533,24
1153580,51
1051401,51
1487987,51
1122589,50
1198363,63
1311137,50
1392561,63
1037381,65
1327930,65
1286218,41
1375145,1201
1354719,1215
1416624,1201
1162670,1206
1473999,1221
1415730,1200
1070101,1336
1149110,1325
1268657,1325
1125034,1081
1161652,30
1311386,30
1353828,30
1109541,30
1141616,30
1087687,30
1086947,39
1449835,31
1256323,31
1427597,19
1037754,374
1076695,374
1086034,374
1053303,373
1112214,451
1301567,353
1259161,421
1170392,370
1061037,370
1285893,308
1492646,160
1460894,365
1322240,163
1007261,162
1287191,165
1277198,176
1285653,369
1286918,356
1325803,180
1041443,148
1232446,521
1381352,525
1168965,525
1300191,523
1391636,523
1475935,523
1413562,589
1129712,575
1181753,577
1094992,468
1208353,54
1166543,52
1059366,54
1039066,58
1460911,58
1436368,58
1006634,84
1226340,75
1402413,39
1187793,56
1076982,56
1478638,56
1470811,51
1027092,51
1413435,49
1311896,39
1026289,38
1163098,31
1092729,71
1161082,64
1465666,70
1398850,67
1319787,70
1304626,80
1292616,72
1344823,70
1189234,58
1253767,599
1487539,599
1238994,602
1195948,646
1220112,1003
1015880,939
1228793,677
1042610,641
1028951,1460
1160784,1384
1397871,52
1442844,93
1069635,137
1358312,133
1015296,84
1379372,51
1302018,61
1194770,53
1233925,52
1345656,42
1219740,43
1364228,37
1307805,24
1494681,27
1494207,27
1253660,38
1410707,28
1055553,28
1126416,15
1328139,147
1349919,151
1456099,151
1167640,151
1183385,149
1403233,150
1332523,176
1299844,157
1481979,154
1334903,128
1004153,22
1195817,22
1445345,152
1173304,155
1073388,22
1085281,36
1173989,27
1124624,25
1049773,9
1390667,331
1102785,331
1071583,331
1469131,345
1393329,330
1168040,330
1375615,372
1491239,332
1336140,333
1208757,266
1196539,35
1340721,35
1107889,35
1161557,34
1448615,34
1217383,34
1482831,44
1387153,36
1198020,36
1021889,24
1022048,104
1281758,104
1190579,104
1300537,103
1109701,103
1260746,103
1393954,115
1421839,117
1278023,117
1451124,87
1219527,374
1430679,373
1080688,373
1009989,372
1058103,371
1109571,371
1192976,412
1112770,406
1458923,432
1098294,338
1319718,332
1428028,149
1160528,129
1293845,152
1390673,152
1469818,152
1209263,176
1058889,150
1218519,145
1416073,133
1062487,49
1410365,49
1005997,49
1462622,48
1425740,48
1090497,48
1067884,61
1072910,62
1011254,83
1169260,39
1319069,173
1046319,173
1255725,173
1038138,172
1459768,290
1499428,257
1146280,202
1328949,177
1253401,175
1160220,136
1050512,89
1213511,113
1237764,114
1461783,105
1019125,105
1276137,105
1358552,129
1121022,139
1479610,93
1062718,71
1119057,72
1062577,72
1072243,72
1138775,85
1094329,72
1280108,84
1158916,88
1148925,90
1273103,89
1326093,60
1037885,473
1204846,142
1362909,109
1025813,108
1257262,143
1338047,141
1411743,169
1371064,136
1470068,136
1101170,114
1462001,159
1281969,159
1120747,159
1119858,158
1464503,164
1454907,129
1112783,195
1153201,179
1033222,177
1317246,106
1279653,679
1259804,621
1330889,648
1456783,711
1451338,683
1455484,697
1463806,740
1293785,662
1092809,639
1255924,519
1238303,133
1273884,101
1321003,101
1421408,100
1323018,100
1291907,101
1191059,119
1226492,120
1109928,118
1359763,86
1020875,526
1479459,526
1126519,526
1243938,524
1011707,524
1055572,524
1202213,566
1112551,510
1318608,510
1171492,427
1346505,137
1399035,78
1410195,38
1428200,39
1450681,52
1230794,42
1111998,42
1458521,40
1089466,85
1013318,85
1266827,85
1356906,100
1015954,100
1277060,96
1167480,117
1218228,117
1410761,57
1060769,769
1261517,753
1429715,769
1008750,766
1275945,765
1227991,756
1432316,781
1153718,742
1092779,852
1461917,651
1087803,796
1140643,798
1257290,796
1451317,726
1424992,2118
1065017,2289
1195936,936
1404821,885
1384273,879
1218303,759
1300007,504
1169576,479
1483754,435
1248165,437
1113702,390
1455324,435
1313776,478
1077395,479
1140455,515
1139004,397
1397517,112
1160121,113
1111558,112
1466321,111
1138171,112
1014190,110
1038757,122
1263194,115
1473297,112
1196301,89
1364052,122
1038561,122
1061158,122
1170498,121
1334067,106
1354259,109
1045566,145
1137247,124
1325543,122
1362836,88
1220386,72
1106959,76
1152967,77
1280185,78
1165417,78
1270138,75
1207627,90
1058052,81
1180711,77
1093029,59
1267791,31
1310051,33
1407193,31
1197290,30
1261533,30
1453402,30
1406646,32
1016126,21
1097438,130
1016091,142
1311629,142
1004022,133
1298135,134
1078562,133
1254708,158
1494605,132
1370522,131
1079860,108
1220471,539
1485377,603
1403428,603
1230061,602
1402669,602
1231858,592
1351261,664
1274271,663
1377695,671
1207970,558
1183373,119
1345983,119
1070992,119
1329876,119
1471648,119
1035888,119
1349583,132
1063439,135
1408273,134
1201464,101
1477543,32
1390256,33
1178105,209
1443203,194
1394524,168
1278543,31
1474327,48
1348414,28
1390594,26
1309800,19
1392815,395
1115483,395
1148318,395
1205809,394
1497444,297
1095215,297
1056960,401
1251999,427
1188139,427
1134444,343
1124612,106
1463839,129
1405337,143
1045963,118
1404679,104
1487809,104
1008500,116
1346088,131
1309473,105
1440765,91
1351627,132
1441768,138
1370126,140
1292794,137
1308071,177
1470794,203
1164141,160
1170897,136
1077235,140
1205460,94
1256077,92
1135420,92
1425475,92
1104883,107
1070616,101
1119638,107
1287436,132
1390833,123
1130338,89
1221218,74
1013813,584
1210130,584
1113889,584
1131919,583
1347100,583
1203738,583
1216417,639
1075536,577
1248608,577
1231823,518
1284997,671
1392430,1824
1250311,714
1343332,839
1158805,734
1302808,665
1315927,3016
1390178,2640
1319088,723
1400730,599
1049345,53
1173186,53
1310002,53
1401748,44
1127622,40
1352703,40
1196939,49
1062100,41
1464385,41
1261795,28
1441938,739
1202667,729
1144183,733
1279884,738
1067326,738
1174713,727
1039677,786
1070775,725
1090686,719
1351993,616
1486124,561
1177585,561
1119464,573
1181642,527
1235863,528
1169391,528
1405637,611
1413868,596
1162780,537
1006063,452
1218918,84
1221805,84
1351968,84
1276334,83
1176666,83
1490962,83
1209534,97
1429093,99
1207337,98
1237384,63
1149222,89
1117923,89
1166830,90
1120717,104
1499239,88
1102466,89
1197506,102
1298538,103
1134036,126
1061156,78
1306954,1646
1342909,1646
1244760,1646
1431361,1652
1276681,1652
1148958,1632
1184174,1786
1323560,1762
1066229,1762
1025558,1505
1272226,45
1345224,45
1180576,45
1400678,44
1494631,44
1041253,45
1085653,55
1036898,47
1255825,47
1166811,32
1312936,357
1313089,357
1109924,357
1335860,356
1287145,486
1176669,474
1458693,374
1129849,335
1491799,335
1051349,301
1443980,151
1213478,364
1488938,177
1236270,152
1448872,152
1152021,152
1233583,374
1254865,360
1446649,165
1123458,125
1413179,722
1064720,722
1333985,722
1485965,721
1045179,721
1034980,721
1055582,814
1444798,786
1059223,786
1047097,619
1328392,65
1249257,65
1345965,65
1189952,73
1030558,73
1379280,73
1257501,98
1054115,89
1454949,64
1395932,47
1346914,69
1478318,55
1075796,55
1383931,50
1285934,50
1215738,51
1060380,60
1378187,49
1095715,49
1297712,37
1037218,90
1125921,95
1226436,95
1132112,94
1034182,90
1282516,95
1456846,105
1439256,98
1303607,98
1471480,76
1309280,628
1316821,627
1068449,625
1244417,701
1460277,1576
1141964,1565
1341807,737
1374690,678
1116327,1575
1395446,1473
1318251,90
1464601,129
1227075,127
1429094,134
1433405,98
1318005,89
1092639,115
1499150,111
1076176,93
1272010,77
1321757,131
1330209,117
1099026,113
1493281,53
1164689,62
1498076,63
1319999,67
1448350,58
1421711,57
1038221,44
1297481,208
1342441,206
1065384,213
1457965,206
1047619,211
1116321,212
1199733,234
1253782,220
1164408,218
1045723,183
1408514,26
1248845,26
1361418,221
1266589,207
1289418,26
1306674,27
1282683,43
1007581,23
1007038,21
1191930,13
1289632,241
1265199,246
1394596,241
1399350,258
1090499,258
1207469,240
1337311,289
1478789,259
1191669,238
1316515,207
1074816,90
1450974,90
1316042,91
1179169,89
1271167,89
1001293,89
1274820,92
1498345,90
1461834,76
1076787,89
1099423,87
1253791,89
1405583,88
1128016,88
1148287,86
1336749,104
1121493,105
1300038,104
1469353,63
1379869,509
1364543,508
1209429,509
1336922,508
1184984,508
1033802,508
1102254,549
1069100,544
1251110,544
1422931,431
1396463,182
1384942,182
1267286,182
1080373,219
1453390,181
1460261,220
1118334,247
1216971,218
1314150,198
1062635,153
1197947,80
1429990,80
1328020,80
1000304,82
1413854,78
1058705,79
1059717,96
1120318,98
1195881,98
1133957,60
1333350,317
1395760,317
1141879,317
1106071,316
1424549,341
1188351,330
1404749,364
1402018,314
1408756,314
1184746,259
1247919,222
1348282,326
1425154,326
1005220,297
1368923,275
1238630,275
1272350,358
1184813,229
1243023,228
1415987,186
1134877,145
1116838,145
1242837,145
1461295,151
1304951,143
1231273,144
1259733,168
1431813,165
1244857,164
1120215,121
1089252,196
1169044,196
1488310,196
1311865,222
1130736,222
1253835,222
1198939,266
1141237,235
1220100,217
1251272,196
1389126,193
1028984,197
1210725,193
1439307,195
1276761,253
1038564,254
1487161,338
1204026,214
1058780,215
1198260,166
1409283,892
1369586,880
1208466,892
1105224,1246
1160660,994
1070798,1057
1436213,1165
1262471,878
1040294,891
1148180,696
1174904,364
1310941,281
1072061,281
1096891,280
1050753,280
1372237,280
1480355,339
1464692,337
1205643,337
1255449,258
1343936,584
1024894,582
1225695,584
1327670,580
1136102,580
1029371,580
1108374,628
1313682,568
1446388,568
1061253,480
1256773,36
1156707,35
1225914,175
1188906,141
1175099,34
1213251,36
1318948,49
1140044,38
1453448,36
1482127,26
1492186,73
1451729,71
1175655,88
1232270,88
1386092,88
1146127,113
1007031,104
1252790,70
1208015,52
1460898,238
1472216,238
1497186,238
1281556,237
1319241,237
1211603,237
1200918,253
1489205,228
1345123,228
1436473,186
1412634,231
1004840,231
1370737,231
1148097,280
1230329,262
1264189,288
1471564,304
1207436,270
1117271,260
1456785,223
1034638,67
1321713,87
1229492,63
1017228,63
1347864,76
1358884,70
1157643,100
1014275,106
1273605,82
1492568,53
1429233,44
1373773,44
1103191,44
1184979,46
1261848,46
1460475,43
1171496,54
1341287,48
1149009,49
1075015,34
1363384,42
1207153,39
1311230,38
1445660,42
1388607,45
1339201,47
1255252,36
1093143,34
1239147,23
1428924,51
1232381,52
1448200,51
1347708,51
1362845,51
1125996,62
1015315,54
1100625,54
1102718,40
1366224,23
1442450,23
1070689,22
1459302,32
1214871,24
1103295,57
1402841,68
1453915,59
1204065,59
1429149,59
1256007,83
1288466,57
1212811,57
1244220,42
1230918,164
1146830,99
1283364,160
1366050,191
1202304,156
1374456,155
1284388,171
1298741,172
1361024,198
1085139,129
1115757,50
1164611,50
1071986,49
1062774,49
1465544,49
1156252,61
1338188,63
1475777,62
1363760,35
1298841,33
1331898,143
1339825,90
1078026,31
1110323,43
1164425,34
1154567,83
1384956,65
1409353,65
1010862,64
1183882,93
1438307,94
1149805,116
1038249,83
1288149,82
1217865,53
1170575,49
1459362,98
1350029,124
1467669,122
1014675,89
1280197,59
1220931,67
1336050,64
1299433,73
1024888,63
1306844,50
1365486,50
1177550,50
1131156,48
1343038,84
1420346,80
1147021,66
1476298,51
1342290,30
1122492,27
1369700,27
1020027,27
1206446,36
1306114,31
1125550,36
1348293,48
1188771,39
1482727,165
1057243,146
1126452,143
1342786,142
1384345,142
1479026,142
1400837,166
1386993,150
1024697,148
1117768,115
1433636,264
1271523,322
1413066,273
1052429,263
1080624,283
1433782,280
1429517,408
1211453,391
1148474,280
1403075,215
1326194,24
1179865,24
1298419,15
1455874,20
1177955,30
1071207,21
1288752,384
1167747,339
1467746,321
1122163,334
1200111,335
1282157,323
1072327,348
1358293,349
1179258,349
1433034,302
1242400,140
1183728,154
1480985,118
1309302,105
1129620,145
1140646,120
1364451,156
1404202,137
1196684,161
1134530,121
1287497,49
1105062,49
1395783,49
1105017,49
1148887,49
1209537,49
1261074,59
1165109,61
1008951,60
1025002,34
1021362,22
1248311,22
1127567,22
1294035,21
1005287,21
1408576,21
1476703,34
1138460,36
1455947,35
1499341,16
1257724,573
1138065,572
1331635,572
1089050,571
1209677,572
1178390,570
1232486,624
1165663,612
1115081,613
1294491,519
1172071,22
1065500,21
1395805,20
1335487,23
1483824,23
1417531,9
1078215,39
1196339,39
1325211,42
1196940,37
1222681,94
1075794,91
1054169,69
1285808,45
1207618,41
1336847,16
1481561,53
1430507,165
1273196,56
1402786,56
1313810,56
1422861,56
1182953,390
1431576,381
1336624,64
1358256,39
1466648,204
1217089,204
1275462,204
1461365,203
1159522,203
1442492,203
1426884,240
1223006,241
1257596,239
1313402,143
1076417,26
1113562,26
1306781,22
1437817,22
1095654,22
1037188,48
1193062,12
1116791,23
1078593,23
1301677,23
1431143,19
1335729,19
1273431,19
1291651,8
1046453,22
1270301,26
1321242,22
1027253,21
1013732,21
1024533,32
1027745,25
1401756,295
1200397,288
1336135,295
1127302,309
1086163,370
1158899,291
1418131,328
1011342,307
1383378,401
1329788,333
1413355,32
1453914,63
1165320,85
1057838,82
1302966,55
1035293,44
1021717,52
1428648,47
1437108,58
1166881,36
1390263,38
1221841,28
1393273,28
1408322,18
1414454,20
1214045,30
1039828,20
1179927,54
1254793,54
1351626,46
1361626,45
1474171,45
1020749,47
1283888,58
1218770,51
1493085,51
1104390,34
1392730,29
1124619,28
1027577,100
1215288,86
1011785,30
1010577,29
1204806,30
1174460,155
1013394,153
1263967,154
1498604,153
1124137,141
1040051,153
1291601,172
1095188,156
1073321,155
1205283,132
1248898,31
1442657,31
1016320,31
1350450,30
1050645,30
1295212,32
1120237,32
1448221,20
1041643,40
1241401,40
1286172,40
1348808,39
1200960,39
1069495,39
1375220,50
1280709,51
1363658,51
1192217,24
1254129,202
1298211,202
1226852,202
1080756,201
1357125,201
1037900,201
1018982,234
1206804,233
1434708,233
1350481,176
1356462,59
1206990,59
1374639,59
1248955,75
1488819,59
1314173,74
1422028,95
1474301,74
1421735,74
1329364,61
1297374,55
1205205,57
1267715,55
1096759,55
1371599,55
1196904,56
1275453,67
1205146,70
1195095,69
1157236,45
1200113,49
1405527,50
1412772,49
1191506,47
1286282,72
1393333,68
1456278,65
1199618,51
1209903,49
1166888,30
1417296,57
1233935,76
1447608,76
1070930,67
1347324,67
1421863,67
1423458,92
1314357,60
1472011,60
1202692,39
1204108,47
1320421,47
1157131,47
1493504,53
1027269,47
1071193,47
1153084,60
1154191,63
1319139,62
1223887,38
1113523,76
1198977,76
1114413,76
1388713,80
1394714,80
1159948,96
1323802,119
1194854,98
1470372,98
1048695,80
1225474,71
1287737,58
1239768,58
1289902,57
1113656,108
1369685,108
1266061,132
1011495,74
1298947,74
1293685,50
1045465,436
1081681,442
1421624,440
1451474,446
1163083,403
1083920,394
1031606,472
1133029,434
1003561,432
1290934,372
1020564,127
1178892,53
1119268,53
1493433,52
1264710,52
1318684,52
1289831,66
1387575,67
1364643,67
1254679,44
1326548,156
1258579,156
1429577,156
1057122,155
1132453,155
1452892,155
1430832,181
1481540,154
1405175,152
1261253,124
1198643,18
1371814,18
1211409,95
1108597,81
1397712,17
1087010,19
1187741,20
1488904,11
1051180,23
1447326,23
1312294,23
1037296,18
1066036,18
1274650,18
1360248,43
1313926,22
1376399,9
1197966,226
1108691,226
1407227,226
1156240,223
1359242,223
1101112,223
1396786,244
1214504,198
1305039,198
1066722,145
1010949,279
1257911,279
1155840,279
1005910,279
1268420,245
1499109,257
1022495,300
1050999,260
1481138,261
1388481,212
1412015,97
1176447,120
1253823,83
1494779,83
1036773,83
1208909,93
1248167,95
1392970,111
1444295,84
1057981,62
1297433,62
1064848,57
1323764,56
1020465,56
1332048,61
1089745,76
1310777,64
1455214,63
1189682,43
1097913,16
1218649,23
1138627,21
1483004,15
1465355,15
1095932,83
1086204,83
1347932,83
1323389,83
1360373,83
1369485,83
1156482,102
1473466,90
1107803,88
1361421,63
1124678,16
1075990,20
1400926,49
1383499,65
1126038,66
1286555,57
1375120,57
1159696,57
1088236,81
1217593,54
1136291,54
1317437,33
1461229,91
1183783,90
1343779,90
1335558,86
1221537,90
1081323,83
1389983,114
1261113,103
1387450,96
1338940,70
1067321,15
1051361,32
1030392,23
1155915,14
1229449,15
1132160,26
1152412,26
1489262,27
1116102,26
1086847,25
1348070,20
1241177,20
1413177,42
1180550,38
1366766,27
1198791,29
1327818,29
1331264,20
1204089,20
1053998,26
1077837,36
1329598,28
1246576,28
1485914,58
1299729,58
1460115,58
1299132,57
1137246,59
1251637,55
1221233,73
1151884,59
1187774,59
1156979,39
1204525,15
1347649,15
1493813,41
1140478,32
1482717,8
1166964,379
1246650,379
1436167,379
1354222,379
1135520,379
1087917,378
1025372,415
1105223,374
1119382,374
1412980,323
1264395,171
1199994,249
1264068,171
1102366,196
1411928,175
1302832,172
1430125,421
1179547,274
1432135,168
1423780,140
1271169,22
1177475,21
1284113,171
1182008,170
1065218,171
1405233,169
1275037,168
1474230,169
1215183,190
1435232,165
1143903,163
1358874,133
1014564,185
1206185,188
1392612,196
1309171,226
1126294,197
1339737,198
1337158,204
1429763,238
1092832,244
1066511,124
1344086,23
1210234,38
1080240,22
1156847,35
1028232,116
1262649,116
1453211,116
1262599,116
1495848,116
1342607,128
1358429,130
1475006,129
1009709,98
1492097,9
1006833,120
1406361,120
1308035,120
1018667,119
1360589,124
1387284,120
1037113,150
1216798,126
1413073,124
1418176,95
1472931,56
1484697,170
1160231,62
1104329,61
1176781,61
1399279,61
1016676,374
1212768,270
1401817,59
1076968,46
1127204,79
1454285,83
1230213,79
1216199,79
1338024,79
1316220,79
1261077,92
1499021,95
1384202,94
1327954,58
1221607,22
1289506,20
1421492,20
1075950,29
1085945,17
1298007,26
1431853,22
1164599,22
1484727,32
1251893,27
1149765,103
1225876,103
1415546,103
1078113,120
1490342,178
1143538,180
1342267,128
1442839,108
1137292,220
1394848,114
1192413,22
1089505,25
1053247,25
1427058,15
1399010,16
1022717,33
1281547,26
1368785,14
1424511,38
1294222,17
1454421,134
1483482,134
1006934,134
1337295,133
1331277,133
1444811,133
1103642,148
1182198,138
1497051,136
1488795,115
1174921,33
1234400,33
1394502,156
1200823,91
1275837,33
1041452,39
1479766,133
1387983,133
1159217,133
1320682,131
1085106,118
1233601,132
1131145,154
1258777,132
1159193,131
1010363,107
1363486,21
1425117,21
1325405,20
1391577,20
1133753,30
1111154,22
1197779,21
1365246,9
1212707,107
1313597,107
1412241,107
1337684,58
1280026,58
1323007,58
1255751,57
1354177,57
1078929,57
1019057,67
1450808,58
1298458,58
1364650,42
1409575,38
1125328,22
1216882,21
1345389,72
1388295,72
1209508,72
1476668,71
1413395,71
1225315,67
1035195,90
1313839,74
1230384,74
1056205,53
1082698,72
1308392,93
1199853,93
1022140,84
1352470,108
1189345,68
1490265,73
1348230,49
1181616,28
1197754,28
1341473,28
1183839,27
1412036,27
1294587,40
1207154,18
1319547,132
1190103,132
1240755,132
1336172,142
1271870,131
1407766,131
1309964,157
1170529,135
1273445,133
1101540,106
1497398,27
1439873,27
1109486,26
1253988,22
1295721,22
1126045,45
1300636,40
1384325,40
1401376,17
1132739,155
1010460,155
1195857,155
1247979,138
1035595,135
1069260,133
1094702,191
1240856,153
1007680,151
1426661,127
1256382,21
1108013,21
1259378,21
1053053,32
1057181,33
1287446,13
1456020,182
1204510,182
1420426,182
1467938,181
1466987,181
1260987,182
1136679,208
1334365,181
1424034,179
1080646,150
1175393,37
1120564,37
1002584,156
1369039,141
1337552,37
1165405,37
1492488,39
1312853,17
1136587,25
1301621,37
1160572,28
1110622,21
1106150,358
1049172,292
1114784,288
1167505,291
1361792,329
1152503,294
1227862,347
1105779,332
1376356,330
1402031,261
1096623,97
1239656,97
1405703,109
1191021,112
1092472,149
1458592,149
1294843,133
1308629,114
1495955,86
1061848,78
1190084,112
1341158,112
1462124,113
1360840,112
1181465,125
1057569,112
1057633,124
1075114,116
1055398,116
1333295,98
1297074,20
1379038,19
1322503,28
1448129,26
1350207,19
1123031,18
1232610,94
1201589,92
1151450,94
1281317,92
1477767,98
1405278,92
1491066,107
1163517,102
1474008,102
1233979,77
1408360,20
1441467,27
1039188,32
1059972,32
1090412,23
1439582,23
1049512,47
1278377,29
1048840,27
1294224,11
1443887,24
1443342,65
1495749,81
1312759,23
1310930,35
1312840,20
1088172,32
1179491,32
1439950,34
1068923,21
1004841,28
1103936,28
1424143,38
1302670,30
1003271,30
1042443,18
1282737,124
1024017,121
1400061,121
1488713,119
1169855,125
1358064,121
1331832,143
1158324,129
1423816,128
1404581,101
1441739,146
1265839,146
1216683,146
1335875,145
1160156,145
1149327,145
1079856,173
1166586,151
1177025,149
1157387,117
1208736,320
1264561,341
1073671,321
1209675,327
1275754,325
1367936,319
1446165,562
1234429,532
1124690,319
1084106,262
1052283,15
1336838,173
1217775,164
1438573,164
1072145,162
1449639,162
1383383,163
1064086,194
1183107,170
1111109,168
1049747,132
1118719,22
1198172,22
1191230,32
1209839,34
1130885,34
1245977,70
1352817,70
1245183,68
1490092,69
1278462,68
1090267,69
1231613,78
1164334,83
1300150,78
1231259,54
1353044,105
1364881,102
1070795,102
1334338,101
1270230,107
1377631,103
1080033,127
1415642,110
1014478,109
1469693,83
1161439,103
1168002,204
1441244,116
1273528,103
1010262,103
1464628,103
1054992,323
1424027,318
1181485,116
1387632,88
1165288,95
1113019,94
1116213,94
1044947,94
1402049,94
1073679,93
1088866,107
1194180,110
1474476,108
1049402,77
1150785,24
1430351,19
1154657,29
1294881,18
1482963,22
1320236,19
1401300,18
1402219,20
1085905,29
1074853,24
1002726,10
1159511,234
1187456,234
1042038,234
1123472,240
1493200,380
1302806,365
1407912,266
1446984,237
1183152,430
1204185,370
1108978,37
1199511,24
1083409,32
1118263,32
1218876,42
1167285,33
1252700,33
1445581,21
1127512,18
1085656,26
1321845,114
1455472,115
1027884,117
1394720,115
1074634,115
1308475,115
1139202,128
1049629,118
1495048,119
1255867,99
1063225,22
1274489,129
1155113,115
1012556,21
1136132,33
1057620,24
1367681,19
1127237,122
1123531,122
1087129,122
1337331,121
1255536,126
1025123,126
1492236,136
1168750,125
1186584,125
1456847,104
1075416,29
1372842,31
1240169,31
1014713,29
1345243,29
1227735,38
1088888,30
1333761,30
1158242,18
1081099,36
1242607,36
1495219,36
1401482,36
1318810,38
1400541,35
1024895,47
1046431,46
1068378,50
1431933,22
1271591,257
1421944,255
1184062,257
1057805,255
1076888,254
1181549,254
1211353,288
1201369,257
1041442,245
1080016,228
1194305,84
1215404,79
1373267,79
1317965,78
1102462,91
1228578,87
1450338,111
1140085,85
1353087,84
1399873,57
1199864,52
1427938,52
1040108,43
1232520,43
1140444,43
1491788,54
1017798,41
1078602,40
1432281,28
1474925,28
1487930,28
1062946,27
1250578,41
1251241,38
1054675,40
1430035,39
1320248,258
1384763,259
1373622,259
1226738,256
1329412,259
1475103,259
1222607,291
1202378,256
1191895,253
1446321,223
1116078,23
1438279,23
1260468,17
1307543,40
1412237,35
1008257,35
1287575,13
1187973,80
1432844,79
1041119,79
1308270,79
1365491,89
1355275,65
1152106,64
1099823,48
1054861,134
1000718,134
1184753,134
1086068,134
1128378,135
1195583,135
1497882,152
1104126,133
1317079,132
1282758,112
1155200,138
1324217,86
1473072,26
1343671,39
1026843,30
1125834,470
1189808,430
1441262,418
1055391,433
1296574,439
1448485,421
1075573,476
1349629,446
1024221,444
1209177,370
1043846,164
1187193,164
1401517,179
1451717,148
1137204,206
1394137,209
1293060,187
1084654,157
1235655,152
1198297,146
1356764,85
1146613,82
1337790,85
1005714,95
1047886,92
1490612,95
1248990,121
1106562,91
1197378,88
1296853,94
1402753,45
1425375,47
1028038,45
1345814,93
1498239,91
1440240,53
1313487,44
1172976,42
1173479,30
1108099,77
1140422,81
1476136,77
1183601,79
1392652,85
1281225,79
1076397,104
1455589,113
1427470,82
1378157,80
1249463,20
1159521,20
1007336,35
1492890,40
1416727,40
1274743,31
1060770,31
1304904,31
1420681,58
1046677,38
1331432,38
1392564,19
1007301,45
1087412,30
1070032,77
1307443,64
1141999,41
1409598,22
1279045,22
1423195,22
1488981,17
1133119,35
1452440,54
1132502,69
1407149,107
1282673,129
1268753,60
1284746,53
1005070,61
1019974,53
1309173,53
1480639,41
1446457,83
1362996,83
1090500,83
1304163,82
1078416,88
1059592,83
1162316,117
1158244,91
1366358,90
1314753,65
1286080,24
1335910,24
1006041,21
1249283,17
1461362,17
1015427,17
1358416,29
1020212,21
1248147,21
1378174,220
1215064,221
1442250,220
1075519,219
1182344,219
1160732,219
1334546,249
1166553,216
1450602,214
1267841,179
1253078,408
1102244,477
1189123,425
1003545,403
1304674,379
1428307,382
1142838,663
1350187,614
1074022,392
1431871,343
1437490,26
1466259,26
1253695,16
1286044,10
1283002,230
1382675,201
1272292,201
1480386,195
1365169,199
1384166,200
1497042,235
1363181,229
1294124,228
1009747,182
1283339,37
1267181,37
1332082,36
1315779,36
1265919,36
1130549,47
1468217,50
1117415,49
1177808,27
1020966,125
1210680,126
1007010,126
1426974,125
1167015,124
1208134,125
1088146,136
1384893,137
1295493,141
1237768,111
1025533,20
1473799,22
1178769,79
1386312,79
1129935,79
1441314,78
1154339,80
1308805,76
1094696,103
1268433,87
1357317,86
1068361,57
1281581,150
1112950,176
1394268,140
1356848,140
1115980,140
1215913,140
1260394,291
1236784,275
1131319,148
1207117,117
1470747,148
1410454,150
1329627,149
1053569,148
1098179,148
1489281,149
1230739,173
1117763,171
1016076,170
1020937,119
1018712,27
1045845,26
1329309,26
1161877,19
1226026,19
1492109,20
1040086,31
1412950,24
1340735,24
1233208,10
1151954,38
1288009,38
1273694,29
1488686,27
1193844,26
1257412,17
1015655,28
1316041,31
1296576,33
1400039,32
1194635,27
1313348,34
1119000,37
1027462,37
1371466,31
1134961,23
1485722,227
1143142,227
1272200,227
1387344,241
1138217,280
1325439,274
1072277,257
1314839,249
1443394,321
1371303,256
1110848,38
1205741,41
1442808,63
1323796,50
1032128,31
1467255,35
1132370,45
1087561,36
1123735,36
1319373,24
1494589,40
1395269,31
1319608,31
1414354,19
1120550,23
1168667,23
1039323,29
1174079,18
1138894,70
1332326,69
1443795,69
1269616,82
1432258,74
1147987,74
1295928,87
1287051,72
1158914,77
1361913,80
1136100,135
1395576,121
1125717,28
1185462,40
1494897,82
1135110,76
1269099,76
1313849,78
1120599,77
1180650,70
1092730,55
1411549,88
1202252,80
1323841,68
1102250,50
1340912,29
1150418,27
1225337,27
1168528,27
1043153,27
1456419,29
1243421,28
1010145,16
1018571,51
1069802,51
1401957,53
1404213,52
1316048,50
1158712,50
1479461,65
1208718,63
1185405,63
1198952,33
1474845,287
1157526,353
1148769,359
1070034,283
1140349,286
1137134,286
1410300,392
1101704,357
1294776,277
1027926,254
1420629,21
1104909,22
1287283,64
1261591,64
1478055,64
1275336,62
1492006,74
1373733,70
1133943,95
1134075,69
1252216,69
1365824,43
1422465,95
1066872,101
1335313,117
1474073,108
1164921,108
1348022,106
1253188,128
1018552,94
1346530,92
1339297,69
1220358,44
1301699,44
1406291,44
1467067,43
1025513,43
1312658,43
1465977,57
1276636,59
1322947,58
1443723,34
1088449,232
1038747,266
1074323,268
1425596,230
1365619,231
1343273,230
1162807,295
1212269,345
1132139,228
1132973,216
1318675,23
1121665,23
1157481,18
1127473,40
1171397,35
1057180,35
1147842,13
1152981,218
1355233,218
1151463,223
1002763,227
1354095,225
1392836,222
1283010,250
1394082,197
1094935,201
1151706,168
1200731,35
1141438,26
1399751,26
1108673,25
1273336,25
1238435,25
1295267,38
1459297,39
1018011,38
1159162,17
1278056,72
1023979,72
1226314,72
1071038,72
1373670,72
1056884,72
1362578,82
1094443,70
1389248,70
1243448,54
1413481,41
1360278,25
1378063,128
1166004,84
1418240,24
1484087,42
1040229,27
1300041,33
1316313,463
1308796,461
1139258,461
1493273,461
1296204,460
1184448,461
1102185,482
1015283,499
1335904,499
1132706,427
1247498,595
1111828,598
1050509,598
1225960,665
1127936,1562
1066415,1332
1358786,666
1090286,619
1161679,625
1432350,539
1374582,184
1185511,181
1386250,179
1008427,183
1172238,170
1019043,178
1103612,200
1393402,140
1232866,198
1021932,147
1295018,50
1114607,54
1359954,52
1019313,53
1059851,53
1476929,48
1410152,61
1220929,53
1319121,56
1236073,43
1309919,41
1274531,41
1327243,41
1077904,40
1296259,52
1244754,50
1455282,49
1496731,38
1197177,37
1324344,85
1280829,85
1343500,85
1132022,84
1259861,84
1231386,85
1372949,95
1095880,90
1321490,87
1015489,74
1080169,32
1397944,32
1198786,31
1264775,31
1384255,31
1421779,33
1185691,20
1434682,68
1354008,87
1408531,83
1466423,79
1356737,78
1189941,78
1088646,103
1392976,71
1303529,71
1280402,283
1233708,236
1482059,265
1493098,260
1347717,256
1408089,265
1444918,296
1433357,299
1339315,299
1384499,204
1121169,61
1441170,61
1084363,61
1283429,61
1279398,61
1259805,61
1083814,72
1489761,74
1207479,74
1100808,46
1078039,50
1409480,50
1375526,165
1475219,151
1065416,34
1133414,34
1203590,47
1454122,37
1300661,36
1307899,34
1051496,155
1029671,156
1319750,155
1130635,153
1281671,151
1116333,162
1312450,194
1001732,175
1452847,173
1341886,131
1224175,66
1223150,115
1060365,115
1055160,101
1435103,109
1159771,66
1388818,77
1058809,68
1343550,71
1039843,56
1092200,51
1495200,44
1046120,44
1001638,42
1192455,53
1405377,91
1041927,71
1189301,48
1340940,48
1461400,17
1326313,153
1276735,64
1163652,64
1417376,75
1122299,75
1008743,75
1032920,100
1138081,91
1318665,62
1372995,49
1143198,302
1044391,306
1106036,302
1312310,301
1259739,304
1144461,301
1309137,335
1237369,298
1302878,301
1082810,260
1483907,458
1367832,1077
1070518,469
1392636,475
1023524,457
1462648,456
1229441,1296
1423953,1251
1114245,458
1306638,404
1308439,28
1295096,19
1439811,24
1306205,24
1299332,34
1352223,26
1479831,25
1339805,373
1243256,371
1138267,373
1335166,369
1250508,369
1475951,372
1342720,399
1306068,356
1398609,356
1356536,296
1273131,138
1427047,153
1228987,144
1117910,142
1325084,146
1146767,143
1199571,183
1266900,194
1164756,184
1180117,102
1233241,51
1054223,51
1289081,51
1250107,50
1280555,50
1292298,50
1083856,61
1361332,63
1299828,63
1195665,35
1164822,89
1420293,89
1341606,88
1037322,87
1345040,88
1114649,71
1136853,99
1494238,86
1405723,102
1470269,62
1264350,1257
1169852,1257
1392031,1308
1140763,1303
1359423,1303
1145373,1282
1381586,1400
1486989,1373
1061075,1373
1018684,1244
1415482,27
1122374,25
1092204,27
1388240,26
1204116,24
1055426,26
1481106,26
1086401,26
1045123,14
1319982,112
1206301,112
1476808,112
1074527,111
1297918,167
1116946,161
1326550,142
1354092,109
1175470,107
1352189,70
1233536,111
1441005,249
1380607,120
1247012,114
1458093,114
1126592,114
1025339,373
1024722,259
1216193,126
1011181,87
1121765,504
1154015,504
1193249,534
1025216,533
1487129,533
1132636,533
1011414,581
1368489,563
1369233,563
1458746,457
1381318,31
1179843,44
1019442,45
1247604,41
1331326,41
1201206,48
1186649,39
1158671,32
1226279,25
1353248,21
1407293,25
1281098,24
1078058,19
1394187,34
1348427,26
1186575,26
1363247,10
1297230,615
1167634,615
1053043,623
1423915,650
1055545,984
1114758,1108
1318987,714
1397343,617
1370186,1281
1472161,1409
1276697,33
1336467,66
1203758,67
1172892,65
1037310,138
1251864,45
1045336,53
1186000,47
1070140,47
1434891,23
1392770,57
1444603,55
1067990,51
1293324,32
1358355,39
1216349,39
1274362,46
1029262,37
1318994,110
1363865,109
1033638,109
1101622,109
1191317,109
1404911,110
1131961,119
1243385,111
1060454,112
1343387,97
1121979,40
1403567,115
1487459,100
1017917,39
1062761,39
1468345,51
1393161,42
1059386,41
1499860,43
1396041,174
1283359,174
1118053,174
1017722,177
1312573,173
1430516,173
1314619,197
1140198,174
1454863,172
1388620,142
1346863,48
1201289,48
1183310,48
1364257,48
1143199,59
1278126,51
1458264,50
1380871,36
1273251,63
1431518,63
1230572,62
1062492,62
1497120,62
1030045,75
1261209,77
1132637,76
1188748,46
1458080,249
1453206,249
1199568,249
1248799,248
1039738,248
1201156,248
1474243,275
1017840,274
1048357,274
1398873,217
1036027,83
1083550,83
1250165,83
1290283,85
1051440,85
1228552,108
1487438,134
1427474,97
1158915,105
1059423,76
1395026,98
1078445,98
1296395,98
1419507,82
1136027,77
1219400,97
1327846,112
1203267,114
1346275,101
1189866,64
1313319,91
1146335,92
1359932,91
1070174,91
1267950,102
1426151,144
1132474,120
1151371,94
1332269,95
1274328,66
1198368,45
1194111,55
1278568,55
1413620,47
1226250,47
1151079,47
1196663,115
1124985,68
1265526,67
1171114,27
1180389,114
1377809,95
1419087,93
1497642,94
1427519,94
1419847,92
1429378,124
1366456,134
1051466,121
1437244,70
1369746,103
1191177,103
1359579,103
1008422,126
1361514,131
1083765,124
1208100,148
1103916,119
1268975,117
1386877,103
1023579,114
1311954,114
1488452,114
1274486,113
1473937,124
1191349,125
1227321,150
1197558,131
1230982,129
1173627,97
1259982,598
1060557,598
1365049,599
1386676,634
1021036,659
1391925,618
1333552,767
1303490,587
1410175,587
1053503,475
1163661,285
1248345,151
1027074,151
1105101,159
1428483,159
1305049,159
1252301,193
1392558,191
1321571,191
1226420,145
1088812,377
1142629,377
1320284,377
1178821,376
1470043,376
1120815,376
1484461,409
1284339,364
1162814,364
1003890,325
1016178,49
1453325,49
1411725,136
1168060,121
1303062,32
1061634,32
1062614,44
1060096,35
1289801,35
1265042,30
1155844,49
1467304,49
1344265,49
1229723,52
1045622,52
1189950,52
1262458,78
1449096,69
1172065,50
1044476,36
1144948,316
1105663,265
1292184,261
1409156,264
1219848,260
1446882,267
1130658,304
1117216,290
1180146,290
1123723,232
1092214,421
1193244,421
1473093,421
1015778,508
1353466,1176
1449756,1149
1113140,492
1365891,457
1331579,457
1234776,395
1217244,64
1236590,64
1312208,68
1054258,67
1020243,67
1464033,67
1362544,78
1365100,73
1147950,70
1326431,57
1323979,47
1126741,47
1152714,47
1243749,46
1239508,58
1175845,55
1284532,56
1151282,44
1084295,45
1498639,33
1406743,48
1038286,48
1221279,54
1322887,51
1215429,56
1388757,53
1459085,63
1472642,73
1207215,55
1422972,42
1351470,32
1432777,32
1441916,31
1322235,31
1024988,31
1440966,41
1041786,33
1457838,21
1458507,65
1436526,73
1046795,74
1157453,66
1157467,65
1250220,65
1253502,83
1449527,63
1215320,63
1323683,41
1487270,41
1201241,41
1181074,126
1216318,112
1016515,37
1175256,40
1109308,53
1155018,44
1055106,59
1330159,42
1100362,88
1323732,88
1297694,88
1482935,87
1453370,111
1217703,107
1349362,128
1498376,102
1247371,101
1389523,78
1434827,77
1487985,116
1202772,142
1436244,137
1326422,107
1219713,64
1389801,73
1061995,64
1385517,64
1250239,53
1023444,126
1462006,126
1238059,126
1313063,125
1487782,167
1489141,123
1244156,152
1197199,134
1347013,132
1222394,96
1344049,58
1139130,45
1136868,45
1135794,35
1269572,35
1287268,47
1312626,37
1349215,24
1424470,153
1465908,150
1433007,150
1348099,149
1248768,149
1348933,149
1473910,171
1081562,154
1413965,156
1404408,128
1154217,423
1230706,554
1496234,414
1080295,436
1410013,422
1492218,521
1142595,1108
1341806,884
1270406,416
1449841,379
1407648,25
1123096,25
1444293,25
1130663,16
1442756,22
1260453,22
1349171,25
1094765,23
1477758,176
1435423,159
1135179,163
1178848,163
1311551,158
1188755,158
1126623,186
1225608,184
1061139,178
1265832,145
1422855,113
1492002,113
1025759,113
1014641,112
1380163,112
1405883,112
1441114,128
1322295,130
1271703,130
1126947,96
1233869,480
1478615,480
1081273,472
1452584,481
1082717,479
1009386,542
1251805,571
1390565,521
1301315,516
1033019,416
1173361,30
1400135,30
1489440,30
1278953,29
1463175,29
1471485,29
1020768,31
1152664,31
1324280,19
1099632,134
1112056,134
1225810,134
1182550,133
1046330,210
1011226,159
1253903,164
1182041,143
1389945,141
1363040,107
1144372,171
1244397,343
1192419,161
1423648,159
1211910,161
1027316,234
1221224,383
1030268,259
1018816,156
1290329,135
1466568,307
1429643,309
1301120,324
1377778,307
1271409,318
1168372,317
1469059,367
1067430,364
1155421,362
1136593,254
1412025,32
1287019,49
1396176,25
1331977,25
1017414,37
1043534,32
1443689,32
1347861,32
1080052,24
1117513,24
1428659,34
1236742,23
1359593,23
1430032,13
1101512,41
1221917,41
1450030,41
1311807,40
1380508,40
1059445,40
1110999,51
1133144,50
1173000,49
1422208,30
1324958,369
1254383,369
1160460,369
1285982,402
1434894,515
1478111,392
1208714,439
1257730,369
1204027,567
1234660,504
1379557,26
1206972,58
1036821,58
1281479,20
1086556,21
1249198,25
1273640,35
1154247,27
1039516,15
1086615,35
1074491,17
1331967,25
1247169,15
1314566,16
1207802,25
1217120,14
1085153,13
1096124,2
1324643,41
1348063,37
1215254,42
1163471,40
1343129,40
1323659,40
1341726,52
1084459,43
1318775,43
1256838,30
1137669,79
1276624,65
1439602,36
1243108,36
1160233,48
1289462,49
1070377,34
1140632,155
1120911,153
1080511,153
1005706,151
1252996,140
1068406,154
1132811,177
1036698,153
1142085,151
1291286,111
1355770,33
1063009,33
1374169,33
1210839,33
1429939,33
1370140,33
1470437,44
1472579,36
1451674,35
1462767,21
1426126,92
1436356,92
1252819,92
1026971,91
1149602,91
1324150,91
1265505,102
1415266,104
1194917,104
1205287,76
1216607,270
1347976,253
1468668,253
1351362,267
1210795,266
1211587,269
1110361,302
1498310,267
1405934,267
1444235,229
1413454,45
1045716,45
1353423,45
1154956,44
1019221,44
1230883,44
1329315,57
1090421,59
1218834,58
1207249,35
1096870,125
1396409,125
1037656,125
1014037,125
1432248,139
1454232,135
1432921,151
1499865,133
1491511,131
1141545,99
1395659,121
1006261,144
1357284,114
1397297,109
1084335,109
1099952,106
1490160,135
1498026,103
1354418,103
1174084,82
1031835,164
1124713,164
1231192,164
1430845,163
1372144,163
1167420,163
1437265,187
1400908,187
1032713,184
1414921,140
1138409,183
1074677,183
1249229,183
1034893,182
1236619,182
1073611,182
1398971,215
1191159,180
1179404,180
1158107,165
1170010,81
1063594,81
1276959,81
1079134,80
1249813,92
1282607,92
1216484,111
1083050,97
1126864,97
1304998,66
1254131,266
1288768,271
1236684,294
1159256,295
1046393,295
1144740,296
1387143,321
1376447,249
1090955,218
1367945,188
1062966,78
1215173,54
1423125,54
1304852,53
1021724,53
1093088,53
1200538,67
1489037,68
1008838,67
1169203,45
1050959,294
1428574,294
1434386,294
1381322,293
1052185,294
1024283,293
1247559,326
1012208,282
1047132,281
1111480,241
1020431,89
1226209,80
1448463,37
1265029,50
1371818,42
1001148,29
1362812,562
1239762,464
1254062,495
1040412,463
1107366,463
1372047,489
1386015,514
1015227,495
1268228,497
1369293,387
1057989,335
1094537,335
1264303,335
1379614,405
1333333,415
1476899,425
1186550,419
1030934,391
1262550,358
1352451,333
1427314,170
1151744,164
1013929,172
1302552,178
1026832,178
1427606,135
1339299,193
1074211,203
1319989,184
1209709,168
1102908,43
1421244,43
1435074,43
1497104,42
1013820,47
1405691,45
1030857,51
1448901,40
1296889,39
1362892,28
1177846,157
1216716,157
1485789,150
1000405,155
1377293,162
1149679,117
1357633,177
1069951,168
1394657,168
1342487,149
1103781,24
1260990,24
1186075,33
1420628,25
1033678,13
1159897,30
1055147,30
1058034,21
1437001,21
1237714,21
1464379,45
1312387,28
1185155,44
1116803,44
1168006,121
1174164,163
1026794,51
1053982,44
1318678,58
1325393,50
1250190,48
1374738,45
1248806,33
1245972,45
1002128,33
1083476,59
1449458,43
1482122,82
1214569,58
1309837,46
1340245,40
1128407,44
1003796,46
1251253,46
1252353,67
1291714,37
1080543,38
1469694,48
1233157,40
1474573,39
1219309,27
1004249,82
1294600,82
1361715,82
1429336,100
1077780,121
1270581,76
1450900,99
1059120,84
1378120,84
1121365,66
1057980,58
1252149,58
1106978,58
1083553,57
1486382,57
1160547,57
1052664,67
1221494,59
1029101,58
1034243,42
1474190,243
1210832,505
1384764,327
1464581,241
1449113,241
1221115,241
1213496,516
1232809,490
1187479,236
1388369,196
1495776,24
1168775,15
1355384,20
1017536,30
1033467,21
1087374,9
1344569,186
1059351,163
1332121,163
1256130,187
1288076,162
1470264,163
1187374,196
1247292,178
1352064,175
1026735,133
1474051,36
1164344,36
1253909,36
1313512,35
1187666,35
1000831,35
1361966,48
1228440,49
1222358,48
1259767,26
1083024,370
1027186,371
1226206,370
1193020,370
1208269,426
1441531,371
1201640,415
1412072,454
1063733,461
1196516,316
1481613,25
1404146,25
1037597,24
1303077,24
1400354,24
1460258,34
1258158,26
1391288,26
1259464,14
1022162,56
1043840,53
1339738,53
1384661,70
1209720,89
1455897,55
1127451,66
1363426,58
1217809,57
1309141,39
1195458,108
1344468,207
1109661,168
1022560,106
1019323,106
1146209,107
1378286,263
1356402,255
1499223,104
1276621,92
1496726,195
1040688,193
1359566,195
1322847,191
1419205,197
1376392,194
1471555,228
1157631,227
1446675,225
1171196,159
1281533,26
1093990,26
1209374,26
1421623,19
1251384,19
1051395,19
1139627,29
1180107,18
1325722,8
1118152,54
1330397,51
1361124,53
1178707,56
1413986,45
1241852,52
1283593,59
1238865,50
1028109,56
1183910,36
1180242,319
1118832,319
1173239,335
1418951,356
1029810,409
1463479,336
1196208,364
1369533,332
1267353,447
1120902,372
1204473,33
1363790,32
1089488,34
1321307,80
1209154,22
1276722,41
1042434,31
1272062,31
1408207,19
1139545,32
1370338,22
1441728,22
1250654,15
1383155,25
1063345,14
1447665,116
1312133,115
1173106,87
1272624,115
1327619,110
1434019,85
1111401,133
1455666,114
1393896,114
1078164,101
1090469,13
1127551,25
1130340,12
1071794,17
1343891,16
1029979,7
1494201,48
1110232,48
1191425,48
1083831,47
1114637,47
1444450,54
1002579,64
1136776,53
1227062,53
1253118,41
1333423,44
1060388,44
1167613,44
1056566,44
1304142,44
1058319,44
1093672,53
1305060,45
1022178,45
1267082,33
1222568,86
1315683,85
1122220,85
1374913,85
1443718,90
1402391,86
1172117,99
1460512,100
1057481,100
1435184,71
1154591,172
1029511,172
1122897,172
1327188,175
1058238,180
1241404,181
1004561,208
1293729,174
1454012,174
1251881,130
1494214,24
1447416,24
1295580,24
1062579,23
1326138,35
1454801,36
1251730,35
1495918,14
1165001,109
1215402,106
1367986,107
1173733,124
1195787,151
1013331,103
1224522,124
1478189,113
1287261,110
1100902,94
1474455,37
1264948,41
1485074,40
1489039,32
1348732,37
1105602,33
1007891,50
1077300,39
1329141,36
1259803,20
1360415,52
1127043,52
1059133,52
1204248,52
1217680,52
1167403,52
1427762,65
1055201,67
1486591,67
1011382,42
1310544,130
1408249,130
1442686,185
1004124,131
1028308,131
1185785,196
1481414,154
1185694,135
1075073,135
1230994,104
1379639,104
1131581,104
1156328,123
1245306,104
1471389,113
1364328,111
1436549,148
1463916,138
1390277,122
1107277,117
1357918,199
1447229,199
1005089,204
1251525,215
1446516,201
1364017,202
1451683,225
1029269,185
1140303,185
1295180,154
1152177,69
1017399,61
1145891,61
1413242,46
1397636,46
1273228,47
1106083,74
1455436,75
1210472,74
1179024,55
1233530,167
1497414,167
1070634,167
1207686,166
1237150,166
1110076,166
1154847,186
1461549,165
1154617,163
1084175,143
1186995,320
1210151,276
1381179,291
1461982,275
1427117,275
1119080,293
1086505,331
1494879,294
1173357,294
1272563,220
1304421,445
1121467,445
1262305,507
1247788,540
1015891,1046
1309128,898
1005399,535
1006498,478
1435652,481
1299727,381
1194476,97
1212725,91
1190444,97
1254939,96
1111305,96
1331353,97
1022768,107
1380047,100
1488338,121
1152614,93
1096268,45
1474006,46
1325326,41
1383158,40
1161026,9
1447296,3
1150094,52
1246960,41
1495161,21
1356515,139
1292414,139
1486912,139
1112470,149
1398419,137
1308975,136
1342069,171
1451824,144
1460152,143
1498359,143
1163148,41
1013434,39
1156755,39
1482906,38
1242262,38
1231518,39
1218599,50
1414865,42
1001701,40
1469466,28
1424863,73
1380652,74
1000734,73
1005335,65
1404053,65
1446011,65
1171263,86
1116171,59
1312433,61
1338621,43
1465064,43
1449755,43
1386365,107
1024030,125
1046592,44
1152096,44
1421359,55
1316044,45
1181013,70
1070137,58
1146852,111
1295497,111
1371269,111
1295314,110
1151009,120
1338515,143
1285058,162
1281399,126
1343836,126
1140896,101
1008749,118
1489542,117
1392767,114
1089465,77
1260208,107
1415229,72
1481494,82
1103454,74
1098157,73
1130726,63
1225453,165
1369168,165
1103558,165
1211285,164
1139460,207
1215932,169
1126306,193
1339455,169
1071891,169
1161712,136
1026497,71
1086610,71
1321124,65
1310618,62
1361581,62
1465472,62
1217409,76
1044635,69
1291482,69
1436060,52
1314539,194
1047310,194
1285948,194
1435237,192
1016992,192
1149757,201
1193059,218
1083302,197
1476967,195
1192208,163
1419882,773
1404698,897
1445592,776
1051753,800
1437653,772
1016753,769
1061979,1805
1166878,1394
1077710,765
1151813,678
1331608,28
1040462,28
1491082,28
1380987,23
1238332,33
1343421,25
1455377,24
1401181,250
1098169,184
1414810,185
1036855,187
1103761,187
1042253,189
1235632,217
1045651,205
1411635,201
1323063,160
1443157,273
1330934,273
1316177,273
1278699,272
1238056,272
1129006,272
1407025,304
1221491,304
1480631,304
1492689,242
1117594,642
1486028,641
1135738,641
1222614,641
1406377,642
1244061,641
1003197,709
1289790,698
1036601,698
1050954,571
1094126,27
1270770,27
1382259,27
1349385,26
1329858,26
1168409,26
1183464,36
1372710,28
1070786,27
1180446,15
1152619,386
1339008,386
1094930,386
1372645,390
1458283,453
1363817,387
1425272,433
1331011,388
1213126,383
1022307,315
1193613,583
1194956,743
1267495,521
1057705,519
1428544,481
1242885,455
1075410,1338
1261158,1054
1311456,454
1068712,384
1246456,509
1213389,509
1011038,509
1403857,510
1377782,510
1354740,510
1195560,580
1000845,570
1188391,570
1310969,455
1349423,75
1072222,75
1474968,74
1286832,59
1206362,60
1206240,60
1240574,72
1046701,64
1316364,63
1201456,50
1393626,41
1033993,43
1252764,28
1397241,21
1266837,21
1367769,21
1234359,31
1047082,20
1058253,19
1120533,10
1243607,41
1444377,41
1399251,38
1211270,40
1389781,40
1041281,37
1499053,48
1034495,41
1411800,41
1339180,27
1026340,523
1426674,523
1178617,528
1384129,526
1094924,700
1473719,689
1086535,555
1319044,511
1082944,790
1416679,698
1383333,54
1442804,53
1019682,96
1142103,51
1456298,45
1198846,35
1355892,46
1354917,37
1419588,37
1470635,45
1311030,55
1098457,58
1347629,25
1024016,27
1020196,27
1349568,38
1296974,23
1384332,23
1112022,10
1063805,144
1169301,141
1236391,144
1487226,168
1043032,154
1052339,154
1319985,185
1118019,189
1065364,159
1280176,131
1197882,45
1336558,45
1304381,126
1364534,82
1382408,44
1486487,44
1227369,57
1417012,48
1332262,59
1207324,46
1471695,355
1379662,359
1068011,355
1332593,366
1145163,357
1418885,357
1486990,389
1094413,344
1067435,350
1171175,311
1170587,45
1009387,45
1471282,45
1446802,44
1318609,44
1219191,44
1256714,55
1426027,47
1114280,46
1233775,31
1384107,328
1055966,328
1137846,332
1138651,329
1475804,332
1437784,332
1233590,368
1175552,367
1457208,367
1306640,294
1492548,228
1499518,196
1300407,196
1204844,223
1495928,195
1143934,195
1235352,228
1068392,195
1433681,195
1162384,172
1440330,66
1416370,66
1358159,66
1341131,65
1050479,65
1120227,65
1296492,89
1271141,81
1178189,81
1100128,127
1117429,127
1338037,129
1362739,126
1340320,179
1117884,138
1250167,159
1284344,136
1462931,134
1257974,100
1078594,68
1177300,84
1440074,84
1381202,71
1121088,70
1472538,72
1008764,89
1095641,68
1270236,65
1487114,45
1413653,334
1456294,334
1493346,334
1253423,334
1464461,334
1258298,334
1490920,376
1064573,372
1082240,372
1256806,287
1054024,170
1332189,170
1457769,170
1398069,214
1433872,214
1149035,220
1163601,202
1181945,212
1082740,169
1389913,142
1465517,136
1495193,137
1002309,137
1472784,136
1473380,150
1010982,201
1221848,231
1445942,153
1145830,151
1139043,116
1158925,532
1275715,532
1350790,540
1391141,593
1235746,536
1386957,545
1124751,588
1340094,497
1091113,497
1152565,414
1450571,238
1419513,109
1328548,109
1253135,109
1354514,109
1310755,109
1469390,140
1479042,138
1204703,138
1096925,94
1177199,489
1052133,491
1130890,489
1379400,490
1003688,493
1400232,490
1487971,531
1123740,475
1495516,475
1055893,407
1204356,38
1369059,38
1351937,113
1004040,99
1399111,37
1418848,38
1245910,49
1335062,40
1323447,46
1154097,46
1243434,69
1440438,69
1477230,59
1041606,57
1079764,57
1322204,58
1388371,69
1191040,62
1345720,61
1226984,48
1103552,472
1095975,436
1396135,428
1361416,436
1028341,419
1176218,409
1044843,498
1244513,444
1075589,444
1165362,363
1454684,454
1445429,454
1442692,517
1320541,549
1477747,693
1038111,797
1423052,526
1326454,501
1405676,449
1114439,393
1054413,141
1060287,141
1053202,141
1107001,141
1260188,149
1389884,148
1011812,154
1035060,153
1225651,144
1269716,124
1423243,62
1056176,62
1086057,62
1181477,62
1096384,75
1261427,73
1126466,70
1251550,59
1344627,59
1240320,47
1100592,120
1151563,121
1072177,120
1157690,119
1067421,128
1049469,131
1177757,146
1121323,134
1259921,141
1270504,105
1148734,33
1484172,35
1415096,32
1477460,32
1307102,34
1033661,44
1254297,34
1169748,34
1351915,38
1287757,43
1246353,43
1161031,34
1492892,34
1231162,33
1069357,58
1237460,41
1154573,40
1252295,23
1441237,48
1310322,48
1341706,121
1199338,106
1402927,47
1059264,47
1056575,59
1226667,50
1184350,68
1116990,52
1068099,45
1380215,45
1147717,45
1336774,45
1300589,51
1151202,51
1092291,75
1158536,60
1048271,59
1321815,36
1341469,69
1074570,116
1183904,119
1161695,121
1427233,92
1019963,77
1064759,73
1260965,65
1489804,65
1499105,53
1138163,94
1275435,94
1242346,94
1303020,93
1390581,93
1467768,89
1497257,119
1458496,102
1331663,98
1337395,68
1098324,132
1473216,134
1288843,127
1336958,89
1374798,87
1285831,87
1157343,102
1055864,93
1149140,87
1375688,71
1005415,221
1254165,222
1287323,225
1197742,224
1098491,221
1064484,221
1316610,244
1295783,225
1310563,228
1264587,190
1023439,616
1079927,771
1096318,616
1182017,615
1450646,615
1294005,615
1307672,1638
1056291,1589
1041967,616
1161052,536
1115378,42
1126975,42
1425062,42
1421083,33
1430111,32
1310837,33
1323552,42
1449312,34
1303502,192
1390650,167
1149555,159
1214070,181
1142508,167
1221143,167
1391855,212
1295014,192
1077590,194
1306567,149
1130901,142
1360630,142
1461640,143
1439173,140
1247601,140
1473103,141
1072711,172
1016474,172
1496045,170
1293797,119
1497941,671
1278537,671
1355035,671
1143583,672
1020166,675
1406416,672
1203123,740
1480428,729
1420069,729
1125502,608
1024935,23
1289109,23
1459553,25
1134348,25
1111393,297
1355898,297
1130917,297
1149958,296
1036356,296
1455529,278
1491854,331
1234170,301
1391597,301
1183080,248
1402530,311
1102476,409
1498269,311
1428840,307
1336198,299
1225617,290
1133951,568
1325664,563
1172045,304
1381124,250
1405281,577
1140630,580
1179175,580
1328240,578
1148498,579
1444150,579
1184976,650
1455643,637
1054872,638
1465520,517
1128843,62
1315539,62
1242462,55
1350802,51
1096746,51
1129487,51
1183500,63
1041769,56
1239451,55
1217436,41
1358603,46
1457940,46
1049890,29
1328556,26
1349869,26
1061284,26
1009353,36
1431845,25
1422420,25
1413250,15
1297493,61
1006600,56
1024745,55
1401938,60
1015892,55
1168659,55
1467272,71
1372762,64
1070911,58
1162490,44
1062386,427
1058455,427
1038618,432
1012910,434
1273816,519
1015970,436
1133607,470
1462127,435
1005260,561
1178206,481
1099372,58
1151684,97
1062706,98
1000462,100
1113146,90
1286451,71
1209288,64
1071743,56
1406565,55
1303623,45
1101312,48
1274220,36
1046363,36
1124945,22
1163384,26
1453188,26
1039477,32
1110194,21
1173932,21
1317154,10
1265971,132
1376692,130
1025739,132
1490685,135
1233592,135
1242586,135
1417742,157
1085830,137
1125663,139
1277434,113
1073593,43
1069567,43
1337776,156
1412396,95
1155177,42
1187206,42
1028786,54
1397179,45
1309690,55
1024218,49
1070732,138
1223304,138
1107079,138
1454774,137
1040018,121
1141787,124
1085213,146
1061709,123
1097923,122
1388988,100
1407946,45
1130479,45
1019957,47
1131530,46
1332626,44
1178951,57
1025702,47
1026610,48
1112746,34
1184133,348
1460544,346
1232535,348
1479916,348
1115572,347
1494124,348
1283670,390
1285656,391
1399178,391
1113406,292
1190768,148
1251345,148
1280927,148
1343610,199
1154445,147
1403823,158
1311885,178
1339877,145
1418984,145
1300135,137
1200592,120
1260242,120
1395800,119
1453905,119
1443736,119
1464242,118
1048256,135
1160937,137
1349435,136
1174466,107
1089398,100
1087733,102
1234773,100
1359835,99
1148989,103
1365592,99
1309184,127
1378698,103
1386797,101
1330452,66
1351826,70
1277872,85
1314199,84
1019082,76
1370963,76
1286139,76
1456597,94
1432834,65
1104820,64
1139260,48
1337305,174
1130316,174
1040709,173
1158635,172
1431499,172
1084752,172
1274093,205
1342313,204
1455649,202
1114608,149
1310892,110
1199038,109
1140872,109
1295778,162
1130685,120
1196193,127
1407837,138
1209313,109
1407123,123
1362036,83
1296768,134
1434488,132
1074836,134
1470035,132
1390700,139
1044974,139
1196047,160
1000316,150
1319295,149
1022883,122
1074755,477
1265478,494
1079551,498
1284323,568
1088414,554
1059042,554
1333252,527
1385541,476
1436174,457
1207409,381
1237302,105
1302873,85
1402640,85
1101215,84
1384496,84
1020464,84
1370973,101
1140008,102
1128860,101
1321905,72
1040493,424
1266782,424
1334924,424
1100862,423
1313064,423
1102764,423
1249006,457
1353126,412
1190022,412
1299662,376
1353069,41
1012130,41
1495700,169
1298675,104
1369804,40
1034705,44
1398806,45
1187068,42
1463531,88
1305395,88
1148186,77
1289382,69
1364225,69
1492483,79
1234254,72
1322227,72
1277972,59
1416876,551
1199684,540
1169253,540
1431942,552
1124620,539
1292462,552
1157971,581
1376744,586
1346422,586
1366798,491
1339641,694
1480786,691
1418641,765
1366988,787
1056350,2393
1177798,2314
1295143,825
1347530,765
1468567,775
1467885,662
1313505,192
1428532,201
1177648,210
1260235,204
1023852,183
1389275,206
1312237,247
1418312,238
1341648,219
1381447,160
1029884,38
1066120,37
1369386,37
1059676,36
1429101,36
1172837,35
1158730,48
1408804,39
1179836,39
1168556,24
1309096,70
1260976,70
1333433,70
1267474,70
1128942,58
1342545,62
1021203,83
1438920,73
1073117,71
1401981,48
1497894,83
1483400,83
1187366,78
1092508,79
1105494,82
1061530,79
1192020,90
1057605,84
1287959,81
1073416,68
1126584,52
1229122,50
1005407,52
1315629,49
1271290,51
1394658,50
1046637,59
1493956,51
1391775,39
1047036,57
1033147,72
1193901,72
1354229,63
1452022,62
1310666,87
1232566,60
1483477,60
1288112,39
1117255,439
1263274,474
1039799,427
1463547,426
1078142,462
1040684,435
1171583,465
1321027,470
1269832,476
1411302,351
1352627,107
1165481,107
1215378,107
1271516,106
1163658,106
1230965,105
1365652,120
1431943,121
1144443,120
1385200,87
1240353,44
1343801,44
1140936,166
1233169,227
1140705,44
1426262,44
1467381,59
1374112,46
1275546,45
1444197,29
1458629,323
1285260,324
1241716,323
1311102,323
1141241,248
1441734,255
1225616,347
1440398,350
1184580,352
1163115,289
1346652,93
1117959,139
1491102,105
1208881,110
1115005,99
1025834,80
1002587,91
1191834,83
1266002,82
1106897,69
1372662,107
1421424,107
1200145,111
1495791,106
1442540,145
1304455,140
1398733,135
1499629,111
1333510,113
1028768,73
1395056,88
1395859,88
1446160,88
1229730,104
1064133,104
1206668,105
1033644,130
1081570,121
1245157,83
1476211,64
1394735,459
1372987,459
1026483,459
1068862,458
1279450,459
1425955,458
1186148,502
1381909,453
1431593,454
1454362,418
1065376,583
1159794,1142
1094504,507
1260311,609
1011813,604
1483839,691
1402324,1514
1264747,1656
1125632,593
1036941,514
1140959,30
1303406,30
1315724,30
1471838,21
1387664,25
1083939,25
1498015,34
1311461,26
1252908,26
1209578,528
1109999,536
1305434,536
1027247,525
1483090,527
1202770,517
1226985,573
1376393,535
1248664,535
1266859,522
1031078,509
1050610,524
1453965,522
1376725,523
1214462,574
1439200,575
1281767,611
1133908,608
1078694,510
1476169,103
1108613,103
1355314,103
1209386,102
1295170,102
1212610,102
1329325,115
1212536,117
1432242,116
1233757,83
1359281,141
1492687,141
1478985,141
1252493,140
1111872,140
1450249,183
1342064,202
1181360,201
1207317,199
1001439,170
1259591,1667
1327142,1667
1249310,1667
1337116,1692
1426288,1692
1178106,1672
1112605,1812
1297011,1788
1015985,1788
1413327,1454
1418086,30
1241569,30
1384829,30
1140269,30
1334770,30
1246235,30
1482782,39
1138104,31
1288442,31
1233239,19
1296700,510
1176152,510
1490730,510
1126270,523
1482237,752
1317530,740
1235841,527
1023943,489
1210305,489
1303610,465
1392342,504
1265893,1184
1300383,525
1113155,506
1113616,506
1194554,509
1412744,1885
1046474,1624
1250174,491
1154990,431
1167271,740
1393728,740
1109152,740
1366322,739
1101391,739
1478799,739
1215120,836
1428408,811
1100774,811
1495413,655
1328783,42
1489537,42
1359618,42
1417079,42
1292079,42
1032899,42
1278865,67
1258520,58
1062432,38
1496537,25
1066654,69
1434239,70
1252662,55
1189165,55
1158238,64
1245281,53
1080663,53
1454861,42
1049973,53
1205070,54
1127296,56
1408881,56
1299062,56
1072387,52
1089940,59
1200410,56
1169666,56
1109817,41
1300828,838
1223412,781
1040191,781
1241259,820
1111087,1425
1207821,1526
1399584,873
1115966,815
1198576,1892
1400578,1788
1245436,61
1472988,88
1439147,61
1057936,126
1413477,77
1181097,60
1353808,68
1444602,49
1402889,50
1425006,36
1485050,70
1406914,55
1368481,53
1348179,28
1418832,29
1332124,34
1087115,42
1086536,33
1064213,21
1300128,192
1175832,192
1383898,192
1178026,191
1496047,191
1132421,191
1488470,213
1463699,200
1156176,200
1182836,166
1147081,34
1434553,34
1100311,205
1018405,191
1239465,34
1129652,50
1401086,30
1381340,28
1258644,21
1443036,322
1053161,322
1153904,355
1137845,320
1357976,367
1455063,321
1032554,354
1271162,319
1255596,319
1433839,269
1421036,40
1240396,40
1052736,40
1318399,40
1198182,40
1059854,42
1445630,42
1052571,28
1366366,88
1127930,88
1420586,88
1418510,89
1098578,89
1379530,87
1116454,101
1337912,102
1097049,101
1434232,69
1201964,495
1189658,495
1059263,495
1394190,494
1236690,494
1441691,494
1334605,546
1410693,530
1107017,530
1374145,445
1045821,123
1222113,123
1217271,123
1341683,122
1009555,122
1309392,157
1315349,187
1480966,151
1225163,151
1198644,131
1208849,329
1441614,356
1248156,356
1485601,328
1312698,356
1419409,355
1122933,444
1244035,380
1008087,380
1133047,284
1226797,94
1337287,94
1352856,94
1303705,92
1194545,138
1412631,129
1175214,122
1183617,94
1121929,92
1368598,55
1185564,86
1009043,104
1177149,106
1269966,96
1296374,97
1493329,120
1012549,91
1097146,89
1069577,67
1242697,139
1087963,139
1294670,139
1111304,146
1363038,166
1313011,140
1099771,175
1199619,177
1095691,174
1101436,137
1198242,180
1184246,149
1253028,149
1330281,148
1209338,148
1161018,217
1261445,209
1353033,174
1237434,174
1102543,161
1242716,283
1249009,284
1495394,284
1274734,282
1024355,295
1103357,295
1399642,381
1345916,333
1228419,333
1169119,254
1113492,832
1366158,768
1439432,768
1053389,939
1036237,939
1283801,940
1406109,1029
1097535,762
1294933,827
1149663,696
1261102,403
1151084,231
1188460,231
1013566,234
1197612,234
1279695,235
1107242,272
1078963,273
1117593,277
1270954,195
1333325,626
1347680,626
1257619,626
1325342,625
1343161,625
1298632,624
1374260,669
1043910,611
1324159,611
1196203,502
1187416,43
1327498,43
1280962,207
1145871,193
1298088,42
1416084,42
1025418,59
1112152,37
1156397,35
1200616,32
1015576,91
1462952,91
1300731,89
1057777,104
1077697,104
1083512,104
1043832,131
1073718,122
1404165,89
1383574,70
1277521,318
1170512,284
1370401,284
1452526,282
1204032,282
1122526,286
1463003,314
1025274,305
1347318,304
1321328,251
1067839,381
1483725,381
1300490,382
1496218,423
1317787,516
1283497,471
1441003,434
1386255,367
1315234,397
1191121,305
1284152,30
1466198,30
1199378,34
1397692,41
1370363,35
1400901,33
1201023,43
1164774,36
1358350,35
1204434,21
1176816,26
1422919,26
1083560,26
1468201,26
1183572,19
1039852,17
1007766,34
1454545,23
1471552,23
1270068,25
1443132,26
1097219,26
1049932,26
1323340,27
1131342,36
1380580,31
1213905,30
1471972,16
1413083,28
1449954,28
1122166,27
1238788,27
1055667,29
1409994,29
1453234,17
1257317,64
1361294,54
1379698,55
1342320,80
1328836,53
1121055,57
1080422,36
1262302,43
1123997,43
1037357,120
1388566,77
1002941,42
1488200,53
1465957,53
1173465,39
1424985,131
1249481,131
1095297,131
1128364,130
1441697,138
1091221,138
1129825,160
1400537,142
1418187,144
1000954,119
1082700,116
1187505,115
1274638,118
1425827,129
1278517,91
1396283,71
1431261,82
1068792,74
1132616,74
1200149,58
1339820,81
1438802,81
1435671,81
1484168,80
1198444,79
1492945,75
1163707,106
1243932,87
1151562,87
1186321,59
1447666,63
1306889,63
1155251,56
1413745,52
1269383,52
1057636,53
1089983,64
1234828,57
1250556,57
1420610,43
1066603,131
1255787,134
1301525,134
1273784,130
1406571,130
1127643,133
1338351,146
1301867,135
1013460,136
1239990,104
1439857,457
1214145,468
1321197,457
1206526,466
1183250,466
1350692,466
1386804,734
1153957,685
1130559,548
1164242,393
1378610,25
1235782,25
1306210,16
1240822,22
1095002,21
1079749,32
1058365,23
1294522,22
1080282,106
1079666,98
1175781,98
1001246,97
1025857,97
1432632,97
1073456,113
1181173,102
1475537,102
1123999,70
1137944,86
1104736,86
1325754,86
1329527,85
1012530,88
1299937,85
1356631,97
1464535,100
1494205,99
1478093,74
1485637,307
1214130,307
1277790,308
1014247,307
1415059,307
1107132,307
1011846,350
1036998,351
1006386,351
1412745,249
1114571,31
1484014,30
1193951,29
1467342,39
1348621,30
1203499,253
1430576,253
1341179,253
1093872,252
1414499,247
1423493,243
1477931,281
1161696,257
1428932,259
1093840,214
1022986,171
1290504,283
1370181,170
1069368,169
1440724,163
1210781,163
1291900,371
1303057,342
1357157,163
1130746,137
1039889,275
1347952,275
1129722,275
1023285,275
1330789,275
1334275,277
1183235,323
1278095,319
1161492,318
1189870,218
1423664,43
1164216,43
1493943,36
1221196,35
1473953,35
1474289,35
1319200,47
1468811,39
1465665,39
1283607,25
1141693,49
1044743,48
1231111,41
1289132,40
1050938,40
1267675,29
1482800,40
1306570,29
1453612,28
1419275,17
1229473,46
1119490,42
1083272,43
1256710,49
1146418,48
1459739,45
1020805,46
1371287,47
1461333,37
1253476,389
1302292,389
1435862,389
1174009,379
1379685,484
1482582,472
1019288,416
1413176,379
1487325,561
1180897,482
1398879,54
1021611,78
1130738,117
1459114,118
1464656,41
1093919,41
1307454,50
1293285,42
1083784,42
1185727,29
1220571,37
1473421,26
1317080,26
1193964,17
1279482,19
1089000,19
1069545,16
1189067,15
1169197,7
1356966,48
1417092,50
1437968,58
1001749,46
1059349,55
1292411,55
1350514,66
1326021,53
1253272,53
1154525,39
1453346,135
1040282,121
1238900,72
1125618,32
1286968,44
1474139,35
1319696,47
1267159,34
1335217,110
1252627,110
1248791,110
1352296,109
1053563,102
1154102,102
1290045,113
1470601,105
1186545,104
1178586,89
1012027,42
1047777,42
1040476,42
1186084,41
1245279,41
1373676,51
1015578,43
1165831,42
1401263,29
1475390,194
1463410,149
1292372,149
1439264,150
1102131,150
1209977,150
1138279,184
1411809,181
1358060,181
1313166,127
1176220,178
1039778,170
1004425,170
1203269,203
1224424,172
1011146,172
1340082,199
1239108,171
1435204,171
1041304,137
1298065,50
1377872,50
1376854,50
1444587,50
1036541,50
1354025,50
1007242,62
1053458,64
1160895,39
1410872,127
1176285,127
1081672,127
1139063,126
1099030,149
1054104,145
1267211,153
1239395,134
1050376,132
1475466,101
1235986,65
1284206,79
1210694,78
1209335,69
1266488,69
1291850,70
1400961,94
1256315,62
1403345,42
1280070,121
1054478,121
1331984,147
1373602,125
1042290,121
1253575,121
1348829,136
1171409,138
1103726,137
1470466,105
1221540,139
1337388,143
1234863,139
1466692,143
1010591,139
1343778,139
1441368,161
1060968,156
1416037,146
1406540,121
1059461,146
1317440,146
1005508,146
1421850,145
1376322,151
1435805,151
1314953,179
1129714,165
1048311,163
1215194,123
1043169,213
1208467,213
1048369,218
1125626,227
1261246,214
1404288,214
1291939,242
1470656,196
1454603,203
1499149,165
1413707,95
1195152,71
1356694,71
1170280,70
1022388,70
1059761,71
1262783,85
1278245,86
1352086,86
1156922,60
1325594,168
1049667,168
1011124,168
1461927,165
1480136,166
1488207,165
1160805,189
1049976,164
1377134,162
1431854,140
1386974,36
1198524,36
1129402,108
1319244,94
1360006,36
1204701,47
1345464,39
1407657,44
1170013,36
1074218,100
1474997,100
1066976,89
1389077,81
1095921,81
1150235,81
1098314,96
1159403,88
1265800,88
1461619,69
1173091,453
1022036,453
1100321,451
1159673,444
1397068,449
1130731,451
1067260,473
1435116,447
1238094,447
1450540,358
1198224,464
1033177,464
1466058,464
1056871,382
1185031,869
1094661,883
1455353,506
1139412,448
1227744,474
1338180,384
1416516,143
1076235,143
1300518,143
1129548,142
1203648,142
1009223,142
1231638,166
1418807,155
1286622,152
1082562,117
1238634,45
1229625,45
1018177,45
1138702,44
1013831,27
1289847,42
1111285,58
1378876,42
1110506,42
1210067,30
1156700,120
1143542,120
1114521,120
1225380,121
1442696,118
1201493,118
1189643,134
1067946,122
1090206,131
1421095,99
1296233,21
1373548,20
1264067,21
1411185,9
1109203,45
1054094,57
1080059,58
1000890,49
1304878,49
1340130,48
1165289,73
1315803,47
1087548,46
1488603,28
1484915,66
1384503,30
1040011,37
1287103,36
1465270,32
1195244,39
1315953,42
1447359,53
1351534,79
1311428,48
1063614,74
1442280,72
1416939,72
1452470,71
1018327,73
1433963,73
1000967,85
1028432,86
1412243,85
1120664,56
1230421,41
1414288,41
1441254,142
1467889,140
1268631,41
1486559,58
1231346,45
1172938,65
1309897,65
1451216,65
1085409,64
1495023,79
1167774,79
1007013,103
1099596,79
1260443,78
1224794,55
1359667,31
1226780,37
1226506,60
1016231,89
1015558,53
1086235,44
1052327,51
1162208,32
1054680,32
1408716,21
1053999,96
1078323,96
1447474,96
1011007,95
1476273,152
1499088,105
1461407,129
1421014,100
1143695,98
1226838,70
1308367,46
1243977,46
1149575,48
1173936,54
1427278,54
1307614,80
1086494,70
1460795,44
1178324,247
1272303,247
1499934,251
1377140,250
1055053,250
1216159,250
1157645,287
1239651,246
1068029,240
1343834,208
1228159,548
1432714,1097
1425342,533
1411709,531
1113498,557
1302003,555
1265026,1441
1254847,1214
1057178,545
1279677,476
1424540,24
1416590,24
1299299,24
1475668,21
1199264,30
1245301,22
1310361,399
1229774,399
1342822,399
1120392,399
1032653,398
1494618,397
1047535,432
1233071,389
1255103,389
1158290,328
1111332,90
1245702,102
1047541,102
1169085,90
1339027,89
1320276,108
1325057,138
1068290,114
1157302,103
1442262,104
1301207,69
1236347,69
1154900,69
1128636,68
1461973,68
1123342,68
1094031,79
1319514,81
1155242,81
1474460,53
1295663,26
1314294,26
1436210,26
1177426,41
1325329,41
1259603,26
1277405,37
1425203,39
1079289,39
1170446,16
1040703,781
1012461,785
1431639,785
1121810,784
1054385,793
1106975,793
1094087,857
1140825,841
1340524,841
1133545,759
1056933,20
1205375,20
1244886,20
1490530,30
1472953,22
1416699,21
1450088,218
1343302,218
1032041,218
1326038,217
1031312,289
1191484,285
1285572,255
1115177,222
1343512,222
1147761,188
1349223,116
1118544,246
1247856,119
1053624,118
1355907,118
1182340,118
1063432,380
1367168,285
1220587,147
1137033,97
1009276,471
1355967,471
1439212,471
1145363,470
1001921,470
1159863,473
1347974,522
1012491,507
1373298,507
1355523,444
1237748,34
1448117,34
1222779,34
1163092,19
1254173,30
1333036,29
1219684,18
1227375,8
1235035,21
1279289,27
1425722,21
1291220,25
1400709,20
1215159,45
1298578,24
1477704,343
1082297,343
1250718,345
1304517,368
1007597,301
1419099,504
1152031,382
1244420,339
1016563,503
1021222,438
1213361,22
1065345,54
1179779,53
1127531,45
1443957,37
1051118,42
1496945,24
1264920,23
1084873,49
1365195,40
1495418,40
1260705,25
1050759,29
1020079,29
1118213,39
1035969,30
1270851,29
1123143,16
1135820,134
1019852,134
1385419,135
1078271,133
1458841,133
1410422,133
1061333,156
1315882,139
1020053,137
1431676,110
1068073,36
1270780,117
1254304,114
1435213,36
1438178,49
1492822,42
1358808,24
1316805,163
1333390,163
1067670,163
1018043,169
1105588,162
1456750,161
1271465,190
1416907,159
1121489,157
1313498,111
1029830,28
1255557,26
1193203,27
1324205,36
1441042,28
1485303,15
1367431,74
1307589,74
1346931,73
1108071,73
1061545,73
1102240,84
1293894,86
1090685,86
1010064,58
1348411,299
1401298,299
1243982,299
1408791,298
1300733,298
1233212,298
1347782,333
1497644,334
1397906,334
1132342,245
1310816,166
1086028,166
1254784,166
1482667,187
1189684,167
1170143,197
1327596,217
1003526,183
1241837,183
1230803,153
1260111,36
1145076,36
1003527,37
1171152,35
1295117,36
1131852,36
1122805,60
1454318,50
1369172,61
1051784,41
1118223,213
1148984,216
1498148,213
1441671,212
1024004,334
1304737,328
1296839,248
1043326,217
1449009,217
1267008,222
1435764,42
1150568,50
1357621,50
1398059,41
1312126,41
1171028,79
1456299,65
1151991,44
1401355,61
1231048,47
1298774,34
1235244,36
1240781,35
1200378,45
1451628,47
1401927,46
1139987,24
1377423,204
1002890,204
1421154,204
1404777,203
1314971,203
1144315,212
1063944,249
1118760,207
1109972,207
1033868,185
1142412,32
1159551,32
1348513,28
1276231,29
1413676,51
1159070,45
1085513,45
1076736,22
1201488,478
1364365,478
1237813,478
1264986,467
1161714,432
1462364,441
1160219,609
1266694,469
1495739,471
1152498,397
1094580,39
1364788,29
1284049,29
1180721,29
1446241,29
1159038,29
1429602,41
1231740,42
1008596,42
1486204,21
1143221,509
1178515,509
1278720,508
1134672,506
1287970,507
1409175,506
1292612,558
1036703,496
1028807,494
1096407,425
1197880,38
1377256,38
1283042,73
1449143,68
1358960,38
1432265,43
1392147,42
1416956,22
1180681,144
1376592,123
1427081,123
1127933,127
1393998,122
1102692,125
1263996,144
1325073,130
1383672,130
1365529,101
1226869,206
1137477,189
1022881,189
1408325,233
1331391,300
1455182,289
1083054,237
1379716,200
1475256,200
1486316,144
1392618,60
1300685,65
1284845,60
1117229,57
1442984,56
1478254,64
1022424,76
1471167,62
1149469,64
1481394,48
1063798,29
1185056,29
1157246,29
1100173,28
1355003,33
1459340,31
1495807,37
1320329,26
1419826,25
1334195,30
1158959,63
1168138,59
1428415,58
1472745,62
1480196,62
1429232,62
1218254,74
1177828,66
1417973,66
1275299,47
1257450,21
1036368,21
1252682,21
1386895,30
1022118,10
1165138,88
1306099,80
1308493,79
1423901,44
1180874,68
1337324,44
1416785,25
1346647,20
1463718,20
1307693,40
1277463,26
1162273,31
1112550,27
1030887,14
1481903,34
1004955,33
1191405,33
1100937,40
1099346,40
1006648,62
1258772,45
1148904,44
1064510,23
1357694,171
1022331,180
1087516,180
1346348,113
1253337,127
1496382,116
1126128,131
1417871,120
1381232,120
1146102,104
1254802,97
1203845,97
1268876,97
1215618,96
1119962,129
1175969,124
1381779,135
1182831,101
1279959,68
1032374,20
1491271,20
1282860,20
1461586,23
1056737,115
1255684,115
1207004,115
1167140,115
1142809,115
1080730,169
1056322,131
1420723,122
1184112,119
1221119,93
1077779,472
1018451,517
1311096,522
1246267,479
1137454,480
1229053,479
1397257,1001
1422386,758
1127343,462
1110599,413
1232302,26
1117757,26
1356088,25
1054158,20
1416387,20
1170771,30
1498811,23
1386710,24
1309812,11
1238676,172
1310902,154
1453266,153
1073500,127
1280655,123
1034918,123
1048380,145
1464476,137
1198550,135
1165233,106
1119609,38
1438719,38
1178675,37
1458337,37
1255092,37
1042514,48
1315305,51
1364529,50
1017902,28
1198616,256
1177611,256
1077911,256
1305831,257
1098936,257
1189364,257
1495457,294
1193672,293
1177716,293
1125817,218
1111309,21
1421985,20
1205461,30
1094241,9
1045722,133
1168534,133
1315421,133
1495102,131
1182051,162
1101602,158
1389254,180
1458614,138
1422666,136
1178714,100
1144441,193
1438212,301
1309826,193
1415208,192
1388897,178
1115522,178
1325299,376
1203825,269
1408481,176
1120407,134
1119975,178
1296989,179
1256467,178
1478418,178
1141172,179
1237197,178
1215871,214
1015109,214
1173440,210
1115717,147
1045972,32
1026874,60
1385087,60
1035285,28
1305696,28
1303994,28
1466731,39
1378417,27
1449238,15
1003325,41
1240097,41
1170203,45
1218774,40
1228340,44
1058496,50
1070810,48
1098200,49
1137125,29
1215383,486
1145836,486
1159106,488
1237283,487
1182497,921
1479658,933
1009750,514
1457332,478
1397423,1000
1376094,924
1244100,96
1446941,95
1212398,65
1006361,93
1396082,59
1175684,54
1481585,64
1190598,56
1404442,56
1372716,58
1427335,31
1093994,19
1403727,24
1137634,29
1171787,18
1039292,18
1047032,7
1174657,87
1216142,87
1335320,91
1198136,89
1392278,90
1114780,90
1112554,103
1012132,93
1453182,93
1220398,76
1026834,21
1351780,69
1075062,55
1025615,20
1490297,32
1394090,23
1038974,31
1367692,18
1126893,77
1443158,75
1371034,75
1356978,74
1320321,70
1077288,72
1233845,82
1002018,71
1397022,69
1323243,53
1130427,46
1075107,44
1440829,44
1207427,43
1078383,43
1066458,55
1135503,45
1040443,45
1348806,33
1173978,64
1434024,64
1191693,64
1461833,83
1097071,83
1344039,83
1143636,94
1451337,80
1241407,96
1422806,74
1402295,274
1189249,290
1227160,276
1022032,370
1467840,376
1295041,275
1316293,394
1184400,274
1264550,288
1307651,250
1120804,26
1007549,25
1431812,25
1318982,36
1062544,38
1225764,38
1292156,16
1250391,96
1250127,96
1139409,96
1474247,94
1353816,129
1264512,91
1136184,125
1389677,102
1167194,102
1285662,70
1014959,66
1195124,81
1439732,132
1240501,123
1424527,123
1418384,72
1443889,81
1252731,64
1378709,64
1246695,42
1338426,41
1423024,41
1371483,42
1391878,40
1044434,40
1196870,40
1363303,52
1228539,53
1312262,53
1289077,31
1131178,132
1209021,132
1174663,132
1178992,136
1241787,136
1142788,137
1081125,164
1397164,136
1412741,168
1110318,126
1318877,52
1308024,52
1058696,52
1064291,51
1337610,56
1405795,57
1357410,82
1207443,67
1452851,67
1468089,42
1154031,135
1266339,133
1403985,134
1467236,144
1263011,127
1392759,128
1149931,150
1476644,133
1009485,132
1387837,111
1283298,72
1152567,57
1292779,40
1408601,39
1395390,39
1364974,40
1198587,53
1074370,54
1330798,54
1150034,32
1150952,89
1000239,90
1368564,89
1209006,89
1225892,88
1180844,89
1080998,100
1352952,87
1161538,88
1462226,73
1129628,25
1240833,74
1294006,20
1333321,20
1101343,20
1200089,32
1014910,23
1174372,23
1169548,10
1226297,283
1197276,225
1118245,225
1347953,196
1444841,225
1419767,236
1385803,254
1065852,226
1354618,226
1029652,189
1048319,194
1449399,194
1377941,228
1033540,185
1475649,229
1438471,259
1444680,209
1494734,185
1206012,189
1331601,172
1170077,54
1321401,58
1013138,58
1488317,56
1380337,56
1277314,58
1442299,68
1393959,61
1251204,60
1297987,60
1187117,17
1007858,18
1369451,17
1413606,0
1313151,17
1226412,25
1417240,16
1089929,4
1132041,63
1376468,60
1370975,63
1426059,62
1497986,62
1150833,62
1457734,72
1238587,65
1176143,64
1360564,47
1372749,9
1463356,35
1040334,44
1113748,44
1050828,35
1051165,54
1414894,37
1460597,37
1135055,23
1047124,23
1461952,77
1105467,63
1395033,22
1185551,16
1121561,23
1022493,23
1018666,22
1362060,17
1301397,17
1182334,34
1291602,31
1486846,30
1402486,29
1485489,66
1071651,28
1163508,27
1214601,29
1245847,28
1429824,18
1109033,95
1347075,97
1383125,95
1184487,94
1162155,102
1377489,97
1470294,140
1173002,101
1215737,99
1474101,70
1062167,30
1240800,30
1057352,22
1089842,22
1278279,22
1421622,26
1090305,26
1420842,73
1170153,74
1165214,73
1194921,72
1459130,73
1313669,72
1353513,86
1247163,76
1461187,76
1055062,60
1497770,347
1321774,358
1376752,347
1099178,348
1040232,346
1317487,348
1179988,586
1251333,554
1164536,428
1083292,393
1349813,17
1157241,17
1003495,17
1276154,27
1107468,21
1208439,20
1476005,167
1424569,121
1181440,123
1006444,120
1132047,122
1273403,120
1035309,133
1201822,122
1498182,120
1165756,89
1470598,51
1203967,51
1217868,51
1015274,50
1300202,50
1108806,50
1254873,63
1199090,65
1265564,65
1121842,41
1312130,172
1284072,172
1390606,172
1177870,172
1217412,172
1391279,173
1000635,200
1070142,198
1158077,196
1263948,146
1193421,18
1156344,17
1485835,17
1027573,17
1266107,27
1021981,8
1015055,132
1205726,132
1281507,132
1336471,131
1371096,149
1298833,145
1479793,162
1144663,139
1103525,137
1197547,105
1296043,107
1237520,202
1229220,107
1047440,109
1005311,104
1016408,103
1329187,227
1353734,161
1084794,164
1360072,151
1432207,85
1394210,85
1443225,85
1342526,86
1449114,86
1123390,86
1247236,119
1261392,118
1489922,116
1401658,62
1310639,30
1310614,30
1320270,34
1021422,25
1231315,23
1294120,23
1256367,17
1494072,17
1350289,6
1497576,23
1074887,21
1342968,21
1428256,21
1012009,21
1476296,30
1107262,25
1180712,188
1282937,188
1497422,188
1227980,187
1025770,250
1136598,244
1189975,208
1420919,177
1050733,272
1353409,234
1034239,23
1303445,22
1136905,22
1421265,35
1267023,22
1136504,24
1095993,10
1126729,30
1079069,19
1292980,16
1303079,15
1462333,16
1019410,16
1438716,24
1435109,13
1144962,44
1420185,41
1112604,43
1361559,46
1285104,43
1376099,41
1214290,56
1410003,47
1268568,47
1406091,13
1415989,27
1211232,38
1424836,13
1376616,13
1107196,17
1413500,72
1406133,72
1350713,72
1453725,71
1362405,65
1053239,65
1157912,76
1376542,65
1409362,65
1379033,49
1183423,29
1193727,29
1400533,28
1283484,28
1260253,30
1327267,30
1067574,52
1025091,52
1153270,56
1394193,52
1142889,52
1158789,52
1287972,68
1206482,69
1212175,66
1016096,39
1432981,127
1023890,127
1109225,127
1270197,126
1186395,126
1416108,126
1017675,138
1394196,129
1004465,127
1012703,112
1253619,75
1239241,75
1169578,75
1016228,74
1071564,70
1045441,66
1317808,118
1329582,82
1414635,81
1380886,52
1173597,55
1254262,55
1254768,55
1224126,46
1198629,46
1206547,46
1101674,73
1205025,45
1365276,49
1414784,27
1316568,71
1456931,70
1237087,70
1304436,70
1238935,69
1321591,69
1196912,83
1455585,85
1252744,85
1272139,77
1487244,134
1329414,134
1499372,134
1257824,133
1497563,133
1271281,133
1242958,153
1221756,136
1463746,133
1196527,111
1236535,26
1076788,26
1300917,26
1174577,25
1231316,22
1489870,27
1230866,39
1091117,38
1222002,38
1493218,16
1312818,185
1452472,185
1035476,188
1264026,201
1339727,187
1214712,159
1160566,204
1010653,185
1229452,182
1176747,150
1323954,38
1254479,37
1440217,23
1252943,22
1108815,34
1161763,35
1416819,49
1193778,151
1300983,151
1122637,151
1411939,150
1031959,150
1303625,150
1238349,167
1252660,149
1349638,147
1300844,129
1276319,48
1437773,11
1203934,14
1309094,14
1144647,18
1281864,40
1274790,40
1386829,40
1190878,33
1455637,33
1417791,34
1190587,45
1076991,38
1195531,38
1400538,25
1430582,543
1285990,473
1477291,459
1356384,472
1150281,472
1370080,461
1460451,529
1348031,515
1044121,513
1133254,415
1278014,670
1403459,670
1317166,681
1101385,692
1426987,1554
1034494,1543
1491377,710
1464250,651
1022006,659
1148475,555
1484671,42
1228708,42
1324032,42
1103003,45
1430610,42
1195267,52
1236706,47
1340005,46
1217303,32
1003775,74
1343878,74
1226007,74
1099098,73
1009486,71
1330192,103
1446159,82
1334259,71
1091570,69
1102858,51
1420778,81
1477933,82
1197090,88
1390893,86
1421101,86
1499403,87
1382081,98
1140362,91
1093489,90
1356618,74
1423088,42
1192006,44
1474663,41
1085309,43
1336011,41
1363332,51
1135752,44
1043065,31
1187227,94
1079197,111
1006967,108
1242972,99
1250142,142
1319491,119
1043915,96
1221198,96
1237425,73
1492794,52
1140775,52
1013635,174
1175249,160
1229061,48
1471915,52
1104983,63
1009083,54
1045986,65
1233374,53
1209101,152
1038551,152
1293094,152
1425780,151
1150996,157
1220665,154
1068227,183
1098287,173
1065954,170
1117031,131
1286663,141
1217322,160
1178898,160
1442104,147
1069214,126
1431479,119
1485687,130
1353255,122
1114499,122
1297409,108
1458579,114
1159489,114
1384833,114
1367817,113
1222696,166
1006871,119
1442863,144
1083688,123
1264958,122
1100547,91
1020009,120
1283055,120
1059560,113
1310135,106
1498194,106
1012741,107
1183714,132
1407622,114
1295424,85
1483037,250
1127728,250
1253251,246
1044711,248
1246779,245
1428427,245
1483396,276
1117421,249
1249450,249
1446810,213
1488993,532
1173486,702
1058307,532
1411973,531
1272886,531
1014260,531
1481364,1525
1126940,1776
1306695,518
1067847,440
1093258,64
1209561,50
1275913,50
1461176,49
1059013,40
1336430,35
1154879,49
1027714,43
1404182,168
1273647,159
1267729,159
1416232,158
1376813,160
1484156,158
1118664,183
1470343,165
1198659,163
1497568,127
1072349,185
1060176,185
1380226,185
1270763,184
1414842,184
1006679,184
1258071,222
1247670,224
1150813,221
1215972,139
1402068,461
1414079,458
1027086,458
1376822,446
1473650,455
1318829,459
1485144,501
1440877,492
1259634,500
1197323,393
1461060,35
1286426,35
1005386,35
1326015,34
1216054,34
1042609,34
1052663,36
1274204,36
1317813,24
1076102,249
1446470,244
1034950,239
1251250,238
1124996,319
1329337,253
1052063,268
1393099,249
1291876,245
1239530,190
1128989,125
1250468,234
1128007,125
1305327,124
1443163,122
1349532,122
1463940,292
1067683,185
1497405,122
1427690,108
1131692,258
1325899,253
1035806,253
1192752,252
1154621,252
1105567,252
1351561,286
1284314,299
1119425,298
1071315,199
1246537,99
1380847,99
1294936,88
1044935,79
1138879,79
1176172,79
1051931,90
1002959,83
1448369,83
1449451,69
1105139,95
1115844,97
1008005,94
1368689,66
1115922,66
1345103,66
1246054,77
1454376,66
1252642,65
1081770,52
1011869,60
1053029,57
1314053,64
1084167,61
1335565,61
1082784,57
1403001,67
1434417,65
1413074,60
1246394,45
1219340,565
1050739,565
1081641,567
1284180,604
1454969,914
1294205,890
1275885,631
1479530,566
1208280,1404
1214026,1093
1396005,86
1174114,119
1357653,119
1200505,121
1142397,105
1412678,67
1335177,76
1370526,68
1120043,68
1208972,55
1044205,60
1377609,47
1020582,47
1141498,35
1185774,40
1321317,40
1044208,45
1462768,34
1193401,34
1323629,22
1310109,58
1140274,61
1208581,66
1163752,65
1469436,65
1319124,65
1313925,77
1385981,68
1446581,68
1437446,47
1258414,38
1174433,39
1055153,89
1067334,75
1128244,37
1412206,39
1387722,49
1218541,40
1275925,54
1256153,88
1122590,81
1473145,81
1498862,80
1468073,84
1118231,84
1087099,95
1258783,84
1260565,84
1291095,62
1205721,48
1121544,48
1142191,48
1238740,48
1182987,48
1005888,48
1254577,58
1192747,50
1456541,50
1223264,35
1103707,130
1059508,130
1243642,130
1122553,128
1437856,129
1024334,129
1094451,144
1469441,147
1148888,145
1076174,107
1411749,210
1015942,207
1363447,219
1453406,219
1430928,204
1209243,204
1457115,253
1443790,218
1263578,207
1474898,162
1267831,234
1358267,234
1117920,234
1328212,233
1009729,349
1247718,254
1207734,258
1118433,235
1181657,240
1278379,193
1134421,116
1132261,133
1320763,132
1435856,124
1164020,124
1221554,127
1319256,137
1137425,116
1029137,115
1103208,88
1138911,204
1165664,204
1066867,204
1358058,202
1494749,202
1180274,202
1224290,227
1426563,226
1298595,224
1148750,168
1005991,171
1116883,171
1363374,171
1096571,171
1184430,172
1451172,172
1066128,203
1034948,180
1326066,167
1102430,143
1005839,345
1142609,345
1424764,345
1255897,344
1164600,331
1442420,328
1471794,425
1299929,379
1251682,379
1187963,290
1077995,477
1453805,477
1368058,487
1145535,530
1467638,517
1401067,517
1196492,547
1153756,424
1257122,424
1204857,378
1218069,183
1301983,90
1421520,90
1198628,89
1309951,89
1342026,89
1356728,118
1105141,116
1079507,116
1463915,77
1233795,427
1053494,427
1394036,427
1225441,426
1009382,426
1192637,426
1467684,458
1489795,414
1496426,414
1471166,378
1233270,36
1449283,36
1266186,98
1343496,106
1126475,35
1206173,35
1263095,48
1238031,41
1038208,43
1431065,26
1357861,78
1112729,78
1334347,70
1107165,69
1065013,69
1222552,69
1070954,81
1036421,74
1278133,72
1420350,52
1372959,372
1087440,370
1105500,370
1161104,371
1355011,370
1482584,371
1051069,387
1116511,372
1356690,372
1014995,322
1363250,393
1391402,393
1370933,393
1370147,281
1013543,428
1488019,567
1491784,466
1439153,419
1365373,411
1497842,317
1013839,47
1118156,59
1174124,59
1140152,49
1174722,47
1161921,47
1265011,75
1133560,85
1114035,79
1298165,47
1294042,49
1428145,49
1207278,49
1051663,48
1181734,52
1126206,49
1134606,67
1113723,53
1397919,52
1491918,39
1043312,41
1147478,41
1451559,40
1218312,54
1286106,57
1112082,50
1426235,38
1003250,39
1259326,27
1050893,24
1316942,24
1067443,25
1061638,24
1068385,23
1062592,24
1335692,34
1099468,29
1445308,25
1183480,14
1317126,21
1472200,20
1490235,43
1174386,53
1358409,44
1256452,44
1466565,44
1487695,69
1185809,64
1494354,46
1023978,24
1085749,125
1352707,131
1278123,153
1062709,133
1250818,135
1349155,180
1454309,182
1194145,191
1307270,113
1050861,111
1045222,111
1220930,111
1443773,110
1154727,110
1094658,110
1465044,123
1288182,125
1360946,124
1466464,91
1121475,27
1286904,27
1023709,79
1401955,82
1355254,26
1335658,38
1377502,31
1034536,31
1163567,18
1344633,92
1478109,93
1219029,92
1305096,91
1226722,95
1015804,95
1380027,120
1114802,108
1083269,107
1041594,78
1377282,55
1394329,107
1206840,105
1369644,103
1411752,59
1337720,54
1463866,75
1379819,56
1291108,57
1290527,44
1205756,68
1438927,68
1036746,68
1285741,67
1390805,62
1372636,57
1395249,84
1037450,70
1177169,70
1123384,50
1464318,112
1015193,112
1497309,112
1452792,114
1151297,110
1105382,110
1410900,135
1029010,118
1297299,113
1490816,85
1091889,155
1044397,343
1191281,155
1180756,175
1025950,175
1309748,154
1101949,332
1110111,221
1310574,164
1176036,129
1074826,26
1440334,26
1169864,26
1440104,16
1085197,21
1287693,23
1165333,23
1126706,280
1385420,279
1430739,279
1042357,278
1249746,278
1093106,278
1086128,305
1157763,278
1057624,278
1031076,242
1377992,86
1424787,83
1075935,83
1092103,80
1391640,79
1285669,72
1295471,96
1078557,89
1420653,97
1296870,55
1428528,48
1400203,48
1055380,48
1182933,47
1483633,47
1450450,47
1357576,58
1065959,60
1495520,60
1198518,32
1282663,31
1193174,31
1350874,31
1253271,30
1198619,30
1247621,42
1022520,44
1258083,43
1355498,21
1138175,521
1165312,521
1419232,522
1093243,520
1146579,520
1250371,520
1441494,575
1146752,560
1427935,560
1012377,466
1178247,22
1233203,21
1340615,31
1033712,23
1281965,10
1037514,57
1297117,57
1010495,57
1482368,56
1318695,66
1348460,62
1338367,86
1393195,63
1223629,62
1424988,33
1211590,47
1243253,156
1092227,54
1318993,53
1445601,53
1292773,53
1307199,380
1476894,264
1117265,50
1388554,39
1105308,112
1107240,112
1387470,112
1184143,111
1072620,111
1460051,111
1111278,143
1442651,142
1409134,141
1051968,74
1120331,54
1281035,38
1293493,54
1139973,34
1493676,34
1211354,34
1352909,44
1337721,34
1113910,48
1102135,19
1425377,38
1422384,41
1230598,37
1411707,37
1409949,47
1144878,41
1422767,45
1284889,31
1223585,326
1206396,314
1378160,315
1052245,350
1430890,476
1383977,356
1045804,375
1156318,328
1291422,359
1380683,500
1157321,55
1127659,107
1235689,108
1256556,107
1065319,62
1496936,75
1009706,56
1111605,57
1004134,45
1377031,33
1112513,22
1053460,15
1193479,17
1109243,17
1187105,18
1372911,4
1499803,47
1209794,47
1016566,42
1195041,42
1139039,42
1057767,46
1220076,53
1336292,49
1020982,44
1489603,31
1135573,35
1061984,35
1462450,112
1127074,97
1038259,40
1149922,40
1279581,23
1324180,92
1470662,92
1283213,92
1378795,91
1170047,91
1061263,91
1181328,104
1102835,93
1346782,93
1214346,79
1229842,53
1108968,54
1121701,53
1066693,64
1208257,55
1270239,41
1348062,110
1368447,109
1219540,109
1321207,109
1000642,109
1076525,108
1122408,122
1382330,124
1433378,123
1392074,93
1109747,132
1075276,132
1478089,132
1113423,131
1388642,131
1073366,132
1111214,146
1456596,148
1153622,146
1116753,112
1017288,113
1451772,108
1119297,108
1138638,107
1434726,107
1003447,108
1458918,132
1101879,108
1336104,108
1348705,88
1465396,33
1376423,33
1481206,33
1009569,32
1387274,32
1310708,32
1155929,44
1314559,46
1097259,23
1109233,66
1070475,66
1022232,66
1275544,64
1108444,79
1406546,73
1167154,93
1476614,72
1234726,71
1451631,44
1050057,62
1361060,80
1331292,80
1283598,71
1499806,71
1018726,71
1408381,96
1272485,79
1362852,65
1129500,43
1062525,43
1235519,43
1369995,43
1075387,43
1400898,42
1224959,42
1421340,57
1220168,67
1439539,57
1470046,32
1391149,106
1297146,99
1410054,99
1364916,99
1233541,99
1422209,99
1083629,117
1368507,100
1198651,98
1283960,77
1231476,58
1349761,64
1482768,59
1002536,57
1419887,68
1248501,68
1291944,93
1436867,73
1257323,73
1132521,48
1030230,518
1093409,518
1249587,502
1130025,624
1394076,603
1349917,587
1033575,629
1209870,521
1482022,520
1430894,407
1382800,132
1226060,65
1418431,65
1048428,65
1362840,65
1240846,65
1259183,79
1070288,80
1467073,80
1379768,57
1406956,200
1311326,200
1387939,200
1049891,199
1237190,199
1212519,199
1209918,225
1154373,198
1205630,196
1354206,155
1288571,38
1120855,117
1133824,103
1196734,38
1060062,40
1164785,43
1336298,220
1405041,203
1060513,203
1353037,219
1383969,208
1480033,212
1068087,231
1128618,192
1204524,202
1156177,154
1229710,66
1075135,65
1185011,82
1105675,83
1189309,81
1257953,70
1435140,81
1268931,66
1250643,56
1373331,44
1314804,30
1085036,25
1054001,29
1288387,31
1286151,42
1247116,21
1019807,29
1412520,29
1161669,33
1082827,31
1433386,39
1156715,26
1179911,38
1179936,31
1233478,38
1399946,37
1032955,37
1002856,37
1287783,47
1166709,40
1346583,39
1286122,30
1204381,21
1029430,22
1323538,21
1416779,20
1253163,30
1332638,46
1330372,46
1177255,46
1477268,37
1189551,37
1114827,52
1278141,41
1364476,41
1096012,22
1259676,26
1203050,24
1313304,125
1128930,69
1099709,23
1105749,37
1179700,28
1431582,28
1152692,28
1076816,28
1054611,26
1478275,21
1030592,21
1432030,43
1119155,38
1076400,38
1440313,76
1102018,108
1239878,111
1113947,116
1095118,100
1266382,70
1222099,66
1289441,58
1479532,57
1125619,62
1087987,94
1167708,94
1214743,94
1355453,92
1045081,125
1459993,121
1434614,122
1335959,100
1397855,100
1171886,72
1191038,26
1007240,26
1294794,19
1246825,31
1364329,109
1286535,109
1373312,109
1198624,108
1003799,108
1256663,109
1412094,133
1220509,111
1167611,110
1318187,77
1009831,482
1388765,570
1359919,492
1241983,517
1179995,501
1212359,501
1376509,1121
1052051,1056
1404009,485
1339522,432
1318327,24
1233545,24
1476335,21
1302373,30
1105644,154
1415361,150
1045371,150
1005596,148
1044413,148
1038816,148
1209003,169
1083324,153
1311779,150
1404668,120
1188630,37
1412947,37
1072334,37
1377155,38
1025414,37
1354738,38
1246940,48
1222461,50
1066086,49
1336313,27
1026962,235
1019750,198
1052756,240
1199363,198
1268913,197
1301467,196
1203194,241
1182935,241
1163522,239
1072037,158
1447951,22
1409401,21
1086420,21
1331890,30
1178120,122
1247967,123
1423994,123
1036223,120
1416797,151
1301576,147
1212594,151
1026960,130
1370443,127
1165387,95
1386562,184
1316517,315
1067207,184
1093937,183
1111260,178
1445136,178
1110219,453
1398603,429
1081181,178
1190478,148
1003254,180
1467189,182
1391034,140
1402736,141
1359141,180
1385854,141
1364965,169
1323652,169
1488422,167
1426492,122
1397082,38
1183542,28
1297522,39
1138417,18
1318183,18
1207002,28
1142667,17
1167396,17
1060989,26
1091688,29
1316599,25
1153086,23
1162850,29
1205495,39
1166342,29
1052895,19
1419947,222
1126746,222
1037962,227
1047146,215
1204425,301
1235062,290
1103243,250
1120213,211
1270215,371
1279495,272
1191198,32
1392035,61
1415566,59
1206608,80
1133034,53
1063358,29
1381777,39
1137331,31
1193871,30
1219698,34
1386138,30
1128376,30
1028398,23
1378005,31
1408874,20
1073159,20
1312708,9
1005967,45
1122653,45
1192154,50
1291405,53
1246214,66
1145228,57
1343513,56
1231000,41
1482446,24
1117272,24
1099679,81
1401233,67
1112808,23
1432401,23
1410871,36
1162651,26
1016899,18
1204132,154
1079439,155
1037012,155
1232389,156
1392405,162
1282001,164
1496357,181
1461201,163
1128577,161
1300341,136
1344720,31
1463100,31
1465046,30
1017841,30
1025415,30
1017556,40
1017987,32
1230486,20
1267865,173
1083326,138
1408065,138
1328158,138
1052607,171
1363852,138
1403750,161
1021705,161
1489126,158
1298290,124
1279562,322
1286209,325
1184252,325
1398745,328
1240758,380
1389985,328
1163173,359
1174671,378
1358679,327
1187231,291
1252109,22
1159089,33
1469555,35
1483071,35
1057435,66
1008958,66
1228910,66
1273259,64
1047684,89
1083469,85
1148001,84
1458865,69
1490628,68
1049275,41
1226940,135
1031082,135
1166031,135
1046186,126
1228900,126
1432549,127
1399393,141
1041932,122
1245703,121
1355224,98
1215604,34
1051743,34
1277562,34
1113170,33
1494387,33
1372244,33
1049141,44
1074239,46
1128774,46
1376540,24
1437760,229
1108262,216
1168331,223
1141138,216
1335501,215
1460874,215
1459975,251
1214021,218
1192427,229
1011073,177
1003568,36
1304019,36
1001350,36
1079923,36
1484969,37
1190493,31
1134077,60
1379147,49
1042262,49
1480338,26
1443390,154
1277919,155
1436754,160
1390757,163
1370531,151
1439508,150
1157260,167
1012488,157
1453079,154
1049953,130
1239800,44
1309077,33
1378564,33
1368027,32
1082858,32
1425354,32
1125176,45
1427076,46
1099647,45
1422391,24
1004160,165
1253731,165
1452541,165
1207513,164
1453485,164
1060476,164
1051838,186
1006214,164
1154326,162
1010806,137
1079506,26
1164049,26
1426844,139
1135475,125
1410231,38
1062733,494
1319141,507
1134128,507
1470083,505
1173705,505
1167231,500
1166855,536
1316448,506
1315318,506
1328973,419
1224798,426
1111734,422
1035513,418
1320280,482
1243378,479
1312036,714
1351501,518
1485680,411
1031838,460
1055470,354
1108200,75
1177218,80
1162136,80
1001218,79
1244163,79
1220606,79
1339373,91
1152169,92
1310691,92
1435894,59
1478521,115
1086088,114
1254550,105
1173254,113
1348587,115
1358767,113
1078871,126
1031293,117
1221401,116
1192753,102
1313303,39
1012264,39
1206239,39
1020767,38
1029535,76
1382856,47
1407934,38
1109538,37
1136023,23
1126260,61
1180004,61
1163284,64
1258768,60
1498538,60
1096137,63
1343181,71
1488101,66
1176648,63
1126581,47
1154721,20
1028416,20
1128999,20
1341159,21
1125927,54
1065645,75
1139142,75
1210716,110
1042827,66
1368817,67
1496025,92
1158456,63
1118651,75
1077192,61
1277378,80
1249354,140
1428806,118
1333703,85
1090094,122
1241511,107
1082030,149
1307675,130
1102882,130
1403544,111
1031656,96
1057468,97
1254869,97
1301393,95
1418380,95
1425208,97
1498214,106
1059414,109
1354141,108
1357261,81
1471596,39
1244888,39
1435749,107
1206662,92
1289837,38
1321832,38
1396477,50
1293366,41
1057374,40
1013823,45
1407630,41
1100203,43
1290556,41
1027327,41
1385322,50
1081549,50
1319225,73
1446058,54
1046977,54
1065843,32
1384266,32
1467641,64
1130404,82
1082755,27
1256784,29
1350726,44
1202811,52
1006695,33
1310669,34
1079853,21
1166693,42
1378906,42
1007982,42
1322216,41
1182054,95
1336720,46
1472124,74
1146016,47
1200229,46
1347107,19
1461518,21
1008079,16
1005877,32
1246057,471
1034621,471
1116418,467
1273111,466
1039920,466
1075647,466
1309041,518
1272308,463
1135659,463
1184324,423
1429396,473
1316018,766
1147117,473
1499092,473
1373243,530
1168909,497
1124988,1066
1034545,803
1386995,482
1481215,432
1485905,27
1446239,27
1365715,27
1214310,17
1125217,21
1077074,31
1066882,23
1201006,380
1352126,379
1320721,377
1207481,378
1174504,378
1279294,375
1223663,413
1285597,371
1131213,371
1251757,314
1316737,120
1336425,106
1175819,106
1405199,89
1206594,97
1104790,105
1374234,109
1488555,119
1050887,117
1136383,77
1326753,75
1066019,75
1324215,75
1480680,75
1365726,75
1050102,75
1472375,87
1320171,89
1357176,89
1057971,58
1422296,31
1375422,31
1121472,31
1348142,31
1427919,31
1133355,42
1225464,44
1296900,44
1337907,21
1245457,682
1324576,682
1054723,682
1240913,681
1403942,684
1004923,681
1429694,734
1029910,720
1228946,719
1119476,627
1153063,23
1387862,23
1338145,23
1010613,33
1411001,25
1254639,185
1062163,181
1314655,181
1214604,179
1499996,259
1076322,254
1295832,218
1059505,185
1435781,183
1450486,145
1400252,86
1043916,206
1334266,97
1332401,92
1424541,92
1269115,92
1325639,340
1413444,250
1150346,121
1194832,70
1467164,398
1164908,398
1182446,398
1393856,396
1161200,400
1242357,396
1344145,442
1430031,431
1193698,429
1449017,344
1480348,26
1105352,20
1056548,20
1204384,21
1389300,46
1159245,37
1007386,24
1086612,19
1383381,15
1211544,15
1117090,25
1305028,14
1497650,4
1258805,35
1298831,35
1416755,42
1395061,35
1493859,41
1165027,46
1325065,38
1173236,30
1461461,162
1031143,162
1338319,162
1382544,172
1271586,249
1269024,238
1167686,206
1361654,178
1223632,279
1333660,240
1369149,23
1299994,54
1379722,54
1492813,76
1267473,14
1496114,37
1422934,45
1272585,24
1225073,24
1489149,12
1133031,38
1129020,32
1011397,32
1074564,23
1375237,24
1059977,21
1088641,109
1428749,110
1314335,110
1380138,108
1497901,109
1457740,109
1251460,122
1073802,112
1188251,112
1424484,93
1259215,31
1430121,120
1106796,115
1157026,43
1182802,36
1241573,21
1455381,222
1025335,222
1216649,222
1308574,237
1207111,221
1170636,221
1092905,254
1102625,218
1088738,217
1227946,167
1396228,32
1451374,31
1387655,32
1141553,34
1486055,34
1353727,20
1427372,69
1307655,69
1311140,69
1446095,69
1018911,69
1199464,69
1219081,80
1189218,82
1161886,82
1164974,54
1075689,189
1487402,189
1253839,191
1180477,189
1047246,188
1466888,188
1021666,217
1283025,217
1469190,217
1391079,161
1284482,245
1000105,245
1131405,245
1026786,246
1401169,244
1385345,246
1417732,283
1106209,241
1446703,239
1013495,222
1151385,33
1306511,33
1366410,33
1006403,33
1119932,47
1043407,58
1444521,46
1256754,59
1283179,40
1196826,105
1387452,105
1230711,105
1236120,104
1185618,166
1213184,120
1004268,138
1136398,109
1279574,107
1204333,69
1390444,67
1462554,140
1438751,132
1170801,77
1210459,78
1460994,103
1440018,71
1164610,70
1488966,49
1242930,29
1390101,29
1465566,29
1000399,28
1137195,39
1469869,41
1147978,40
1231088,19
1101374,260
1155055,260
1146684,260
1055690,258
1102117,258
1432286,258
1006749,307
1070762,251
1337657,249
1478088,229
1360628,38
1131297,38
1201315,38
1342955,38
1109874,38
1240433,38
1487214,61
1064794,51
1398521,51
1310802,28
1187527,489
1266277,514
1424653,505
1293173,624
1230491,565
1259128,605
1159755,658
1061646,509
1071202,504
1479720,440
1308655,106
1208083,44
1406102,44
1146795,44
1207125,44
1373978,44
1425009,58
1159178,59
1149792,58
1101270,36
1003426,620
1336097,620
1097994,620
1230031,619
1409887,619
1296679,619
1152195,683
1042129,607
1218255,607
1159094,513
1455053,116
1294863,102
1154504,50
1253115,41
1441342,30
1129865,29
1411712,54
1451554,45
1095043,520
1329450,369
1125836,428
1430034,367
1142440,367
1044380,371
1303629,463
1291262,440
1348532,438
1099484,382
1171803,295
1123524,295
1090759,318
1407952,288
1135688,425
1389266,430
1418776,334
1073552,294
1022559,278
1483098,249
1339708,100
1470087,102
1032828,102
1124041,101
1369678,101
1461502,104
1143046,114
1456341,106
1035674,106
1128260,90
1077741,44
1116828,57
1104430,37
1006876,78
1038889,101
1229088,63
1341616,56
1392433,46
1430712,54
1446867,49
1068263,51
1028358,53
1237914,56
1119781,53
1084443,63
1075103,56
1430774,55
1463395,42
1170237,22
1152704,23
1167595,31
1417527,23
1057642,37
1211529,48
1491460,48
1173218,42
1196727,42
1215876,42
1392155,56
1255627,40
1131296,41
1372817,21
1363668,32
1378609,31
1397881,158
1353011,89
1239441,30
1038504,30
1326400,43
1026836,33
1334475,32
1434413,33
1026176,34
1298077,34
1245848,34
1035147,33
1263020,71
1387986,71
1047301,93
1367333,47
1445108,24
1245784,115
1052527,125
1154093,138
1112092,121
1063008,99
1136777,92
1041377,102
1007970,94
1059438,94
1479835,97
1383133,84
1134647,84
1056045,85
1313529,82
1147431,82
1130814,79
1309558,105
1030937,90
1112119,88
1117017,65
1239136,57
1271587,56
1038585,56
1392239,47
1290122,47
1108124,47
1041100,58
1004768,51
1156294,51
1425233,38
1343050,148
1101383,148
1240963,149
1193266,146
1109229,148
1188459,146
1254738,170
1384680,153
1245643,152
1083613,120
1081347,506
1452904,594
1043817,508
1291371,506
1123762,514
1334397,514
1460060,1425
1360251,1376
1281762,505
1439399,484
1456841,25
1151987,25
1085268,25
1247499,22
1059572,21
1058761,21
1213428,31
1231149,23
1112851,22
1000917,10
1379980,255
1445903,255
1025963,184
1462601,188
1341646,213
1225833,213
1158773,276
1228545,255
1144060,255
1006721,216
1164093,52
1435780,52
1061961,52
1440940,52
1160251,52
1477670,52
1356831,64
1156352,66
1344824,66
1314386,42
1485491,405
1493366,361
1244054,361
1339975,405
1493137,414
1482630,414
1237519,454
1414111,405
1290325,405
1064432,315
1029248,27
1106987,28
1366046,27
1359583,26
1380921,28
1369493,37
1289695,17
1110768,131
1338863,129
1382552,129
1465531,128
1241642,127
1344808,122
1268761,179
1092893,136
1219577,162
1197753,102
1067587,184
1030802,304
1058272,182
1469310,181
1135977,166
1457455,166
1336420,376
1044036,323
1089556,162
1330753,130
1104767,458
1331057,458
1203291,461
1325692,418
1200019,415
1101366,464
1410252,460
1412366,460
1491157,365
1159926,56
1148781,58
1420464,58
1310990,41
1195644,42
1491489,42
1143648,45
1128910,45
1439261,32
1139047,55
1098155,53
1202577,53
1149766,36
1375995,36
1028380,36
1490332,45
1415018,34
1152702,34
1203390,24
1420693,38
1076949,44
1473548,44
1445518,37
1486977,43
1205567,37
1417445,52
1008417,41
1094914,41
1335339,31
1489978,230
1143124,234
1478947,235
1341530,233
1448998,339
1460556,328
1425588,257
1447660,223
1204319,373
1152041,301
1031113,68
1109588,86
1042999,92
1121263,131
1272311,46
1035417,43
1488435,53
1110234,45
1046452,44
1154396,32
1161124,45
1012281,39
1440975,39
1028809,21
1052765,25
1272908,25
1431024,41
1133290,20
1235620,19
1484884,1
1348620,86
1319291,86
1141726,88
1401741,89
1489392,87
1139984,87
1131770,100
1194241,116
1065106,90
1386594,76
1268551,138
1073089,85
1139610,45
1329960,42
1355420,55
1311633,46
1337310,59
1148023,42
1441522,140
1138443,140
1135202,140
1107821,139
1188980,124
1416036,127
1301771,136
1088259,125
1270555,127
1272194,107
1499793,46
1309793,46
1350159,46
1269768,47
1100287,45
1167804,45
1192141,58
1402406,48
1340231,49
1419886,33
1260343,151
1182877,197
1217356,197
1379965,198
1441304,150
1448107,198
1063294,180
1023485,176
1253042,176
1336992,127
1449051,151
1468878,142
1433312,142
1189831,155
1350933,134
1499642,182
1002220,186
1354819,144
1175159,132
1273334,118
1167786,38
1301245,38
1254662,38
1406214,38
1455960,38
1049062,38
1433561,49
1187892,51
1492015,51
1034544,28
1263414,62
1475968,62
1213459,62
1098128,60
1166118,57
1044631,53
1170333,91
1436012,68
1190243,68
1411936,38
1462062,100
1462250,122
1478840,122
1272125,113
1173592,113
1082757,113
1315888,133
1228962,100
1218951,99
1450157,79
1261300,60
1168313,60
1363268,60
1110969,60
1065108,60
1075576,60
1195998,73
1107358,75
1346015,75
1341848,53
1117382,131
1336905,131
1029565,137
1220068,141
1323831,141
1064599,135
1427131,162
1042031,141
1468651,141
1208468,101
1177476,96
1295274,96
1273741,96
1342863,96
1186787,133
1476397,133
1405693,150
1087697,113
1383887,112
1310014,88
1096435,411
1230201,411
1327424,418
1132325,455
1273416,407
1205384,441
1262956,442
1122503,389
1151545,388
1154377,349
1364266,90
1011680,49
1119959,49
1158717,48
1065220,48
1019539,49
1280259,62
1026271,63
1397525,63
1293237,41
1253918,238
1360008,238
1474314,238
1161152,237
1177267,237
1107037,236
1173268,264
1267108,234
1037485,244
1368561,195
1187183,28
1039161,28
1206949,136
1295773,77
1173347,43
1296351,27
1117059,40
1399077,31
1082409,43
1067565,502
1139300,454
1208174,454
1011793,473
1154581,462
1385320,457
1439856,507
1340904,475
1171791,475
1071982,358
1443474,451
1451076,451
1435826,451
1191886,385
1263052,668
1263612,659
1233431,466
1036701,469
1492648,434
1193094,387
1430287,141
1058569,141
1492697,141
1056546,140
1204210,168
1224718,140
1053778,193
1030896,145
1088431,187
1032604,126
1278927,41
1313959,52
1034410,52
1169758,51
1054997,71
1091093,69
1440267,59
1139782,50
1022113,50
1044881,42
1406716,155
1168881,154
1213366,155
1086686,165
1061143,172
1017207,163
1414578,187
1102297,161
1216870,169
1373185,132
1251629,32
1156628,34
1160666,32
1298962,33
1053397,31
1056878,32
1111308,41
1479578,35
1288087,33
1471120,21
1046475,54
1493330,73
1444927,74
1213229,75
1439048,75
1289710,75
1139483,84
1330572,56
1278620,56
1482738,37
1436768,41
1187402,41
1484931,135
1160983,96
1204951,41
1323946,41
1139023,53
1017883,44
1452460,55
1368853,39
1206015,41
1081991,41
1052440,41
1251515,40
1177457,52
1143868,52
1012312,74
1082444,54
1231667,53
1294198,30
1001589,88
1245764,119
1173024,122
1140780,126
1099951,111
1276819,63
1042565,73
1334897,65
1079864,64
1455309,52
1249865,108
1060602,108
1183244,108
1451782,107
1134905,160
1183036,156
1388259,137
1037543,116
1034628,114
1252651,81
1033716,58
1290880,58
1277555,54
1018412,44
1237270,44
1091196,45
1393399,56
1291765,49
1315398,47
1386568,34
1252163,163
1380398,163
1436318,163
1065215,161
1079999,161
1278358,161
1497315,193
1349361,166
1168663,164
1364764,133
1382522,452
1278260,562
1499444,451
1395990,474
1490371,450
1239951,456
1336054,819
1377724,621
1237631,443
1286591,393
1032092,24
1412836,24
1096428,24
1023786,20
1044596,20
1247191,31
1458427,22
1341137,21
1216688,317
1474661,273
1309062,273
1437313,277
1095693,277
1268258,277
1284565,337
1124262,306
1054665,309
1112624,241
1030655,109
1442612,109
1059397,110
1254831,108
1033383,108
1358859,108
1091267,121
1106379,123
1398968,121
1413888,94
1316160,665
1419545,665
1062437,665
1181575,741
1143023,661
1278339,659
1282203,720
1080746,709
1296937,709
1210564,619
1498130,28
1423053,28
1162538,27
1156343,27
1155176,27
1140696,29
1348589,28
1274735,16
1144733,90
1471235,90
1133933,90
1301416,89
1197228,148
1390628,143
1265180,118
1034409,95
1125602,93
1331846,65
1219136,225
1111993,523
1130159,225
1447928,224
1425338,224
1144306,224
1054489,436
1164986,434
1031723,223
1066069,191
1022008,357
1438700,356
1314739,367
1316314,356
1050661,358
1317396,365
1179891,409
1035233,413
1011404,401
1306324,305
1311882,44
1262231,41
1044776,38
1388783,35
1124343,35
1343601,35
1424831,46
1366075,39
1117973,39
1412333,26
1232239,41
1443246,40
1231783,41
1047398,33
1436104,33
1411819,33
1126514,31
1432466,31
1332733,22
1052922,36
1445257,41
1397451,43
1335660,41
1113039,41
1259989,35
1435221,51
1423989,43
1007274,30
1248694,310
1231562,310
1130546,315
1484346,340
1442704,459
1231053,447
1483761,357
1347385,328
1330482,509
1185291,426
1224132,65
1317197,79
1241367,126
1390190,82
1072198,70
1244605,50
1202906,42
1148817,41
1210527,34
1482028,24
1251007,24
1356261,17
1468996,18
1048360,18
1207133,27
1183999,16
1042446,16
1427250,5
1105380,112
1243006,112
1095300,112
1483804,111
1354048,113
1179559,111
1254839,126
1458313,114
1081002,116
1491158,98
1163656,126
1103189,112
1106730,46
1146782,58
1347859,68
1309782,55
1211246,191
1296046,191
1025817,191
1324612,190
1473661,190
1261002,173
1352677,213
1025143,189
1292861,179
1104929,167
1430481,32
1207788,32
1065786,34
1375055,31
1430795,31
1278380,31
1091685,35
1464998,34
1341777,22
1138248,282
1490626,284
1281487,298
1082441,281
1482938,282
1184923,281
1326973,316
1192047,316
1267180,316
1246324,307
1097109,245
1173687,228
1131198,243
1310234,221
1065673,239
1213540,222
1274015,269
1077171,240
1296692,223
1012505,149
1257968,43
1225233,43
1377517,42
1114069,41
1427908,41
1079074,41
1139550,55
1171872,55
1371558,31
1207630,146
1045125,146
1497213,146
1258001,145
1079563,196
1179847,192
1064410,174
1376454,151
1181980,149
1477762,116
1181474,81
1220195,102
1137571,102
1168297,93
1353136,93
1472975,93
1433727,112
1473901,80
1191319,84
1416495,57
1226362,121
1058055,121
1237424,121
1097480,120
1239094,120
1427548,120
1134215,137
1101934,139
1227132,138
1107600,107
1074380,176
1040219,177
1075922,176
1483577,310
1187970,176
1226360,177
1189058,198
1037004,171
1069941,173
1433285,138
1105113,193
1277408,193
1085386,193
1407082,192
1385752,275
1212643,275
1021280,318
1402014,224
1242573,221
1204789,162
1008328,411
1356975,411
1426728,424
1376105,479
1030585,432
1413560,431
1046211,460
1466477,343
1464177,382
1007464,297
1237346,111
1016003,72
1366429,72
1454944,71
1159279,71
1255341,94
1168385,107
1414891,108
1455705,106
1099051,89
1133067,344
1333880,344
1359714,344
1108942,344
1270430,344
1158007,344
1073033,372
1035826,342
1394665,340
1325149,300
1148964,37
1301591,37
1054238,152
1432687,138
1369820,37
1142224,37
1222928,50
1126137,41
1289761,51
1105042,36
1300295,54
1175047,54
1470434,52
1130199,47
1137849,47
1199578,47
1242043,59
1375038,52
1027496,51
1204718,38
1195576,571
1446499,571
1195279,571
1010758,570
1354889,570
1347174,573
1101194,612
1152426,590
1425660,590
1486207,501
1202850,482
1392817,494
1416778,482
1371311,527
1308810,975
1458963,935
1145504,588
1266884,478
1194501,527
1054423,430
1295451,16
1456593,14
1367486,16
1457634,23
1270934,27
1143105,10
1062418,91
1368546,91
1200473,91
1130835,90
1047685,90
1126061,90
1163821,106
1169619,94
1401462,93
1073198,74
1199424,38
1017200,38
1257467,38
1050839,37
1108091,42
1041705,43
1233321,46
1368544,35
1475574,34
1030570,23
1059894,72
1389405,71
1288556,69
1126299,70
1201059,70
1105093,76
1053387,80
1009972,75
1273474,73
1142240,58
1089204,20
1333903,20
1088611,39
1089153,41
1042206,33
1268813,32
1233183,33
1073477,51
1200055,39
1027765,39
1336904,33
1290936,39
1077142,28
1052585,27
1466748,39
1311945,28
1382023,35
1162454,34
1430846,41
1062961,75
1100322,76
1394157,75
1045296,74
1383490,74
1420177,74
1393398,88
1127680,88
1197145,104
1443014,83
1135504,37
1039343,125
1452266,111
1297518,37
1148882,39
1210043,39
1345687,38
1377152,26
1124601,26
1492708,26
1163223,25
1339037,21
1256412,21
1231690,38
1253859,38
1436052,37
1174062,16
1228388,42
1474450,79
1097238,81
1227931,82
1329104,39
1006640,50
1046575,43
1146138,43
1191939,35
1484976,115
1489133,115
1288241,115
1225058,113
1093359,161
1175825,157
1003353,151
1286252,119
1322978,116
1299602,80
1432390,21
1251736,21
1496308,15
1017856,15
1058968,41
1190208,426
1345826,426
1141415,429
1008850,428
1327250,424
1495708,428
1104677,475
1160493,420
1320703,420
1027062,373
1322431,609
1268993,1082
1144211,609
1489736,630
1175246,624
1125431,629
1412006,1309
1241406,1218
1118679,622
1342717,523
1299363,24
1273355,24
1240489,15
1210148,22
1328963,21
1439151,255
1403041,253
1374095,253
1465788,253
1145397,252
1315899,254
1174807,292
1135854,244
1033339,243
1021348,193
1208448,64
1213834,43
1394883,32
1294077,55
1234987,54
1450781,68
1254800,68
1158154,70
1308725,113
1446887,113
1262361,113
1451679,112
1418604,112
1078051,112
1208168,124
1041890,126
1378832,147
1159213,125
1093737,22
1200754,22
1143224,22
1297207,22
1428215,22
1341299,32
1272207,34
1085056,12
1481640,368
1031471,368
1241213,368
1055152,366
1075123,366
1365959,366
1195304,404
1211091,406
1373638,439
1091949,381
1393810,20
1103739,22
1064148,9
1355980,258
1185374,258
1386984,258
1485511,257
1287135,282
1470658,276
1199186,297
1042536,254
1003304,252
1364923,206
1085341,303
1331710,510
1275541,304
1341427,303
1190610,303
1470105,302
1059086,579
1170745,513
1190647,306
1217666,265
1317164,90
1404058,90
1099698,89
1225205,90
1120109,88
1317198,89
1485133,101
1011810,104
1212950,123
1022775,100
1308216,25
1001837,25
1010451,25
1163875,22
1044014,23
1011280,9
1492792,36
1464863,36
1361159,36
1156261,36
1239283,36
1246844,50
1382200,44
1040381,39
1383194,25
1483614,435
1158128,435
1352318,435
1229307,487
1420379,485
1130528,474
1066609,517
1486088,432
1492838,733
1328470,433
1081769,36
1427746,71
1389098,68
1205560,72
1273304,32
1342728,35
1430130,47
1488705,37
1114349,38
1282630,26
1187473,62
1318026,44
1155627,44
1236638,18
1367579,23
1386706,17
1127458,9
1347832,123
1081122,121
1135583,121
1317214,120
1108123,116
1259625,120
1030257,144
1044613,127
1091363,125
1227543,97
1188655,24
1457066,70
1136292,56
1094514,34
1002965,27
1213573,27
1490689,20
1271981,484
1483269,484
1187987,507
1048292,494
1311383,488
1272295,487
1091585,545
1153982,487
1251268,475
1284150,424
1286897,33
1248048,33
1005493,33
1267340,33
1239904,33
1277516,33
1303470,34
1481719,34
1402112,22
1027373,53
1053078,53
1246247,53
1445153,52
1131144,52
1022645,52
1347554,63
1036573,66
1190178,80
1053533,58
1304520,86
1419372,86
1288833,86
1435274,85
1314299,85
1451163,85
1230602,99
1223589,101
1313223,101
1425457,67
1449224,119
1204575,119
1142402,119
1023335,117
1247584,117
1156954,133
1311902,168
1442346,129
1108742,129
1345988,103
1298775,23
1395159,23
1303699,23
1176341,23
1435013,36
1324100,35
1375569,228
1222642,235
1008853,235
1498918,234
1109016,293
1331054,282
1054844,275
1053706,232
1379618,223
1466164,189
1374168,55
1041129,70
1279473,70
1325155,61
1113630,61
1025725,61
1420947,85
1281621,57
1380927,56
1030996,40
1359223,33
1207971,33
1497598,33
1002230,32
1361399,32
1145097,32
1029048,43
1182337,46
1471562,45
1057859,23
1246239,240
1346290,240
1239205,240
1365667,241
1363773,241
1438163,242
1124497,277
1035904,235
1217859,235
1032275,208
1094996,22
1458686,22
1260284,22
1049246,15
1032350,15
1227412,38
1022589,35
1210589,13
1483750,167
1279331,159
1285467,159
1239556,181
1177527,154
1497342,139
1479242,204
1457016,164
1113685,162
1222266,54
1130670,44
1221942,44
1335895,27
1347237,27
1335483,40
1201957,41
1245394,40
1283139,19
1159875,282
1068162,282
1304851,282
1031011,281
1366117,281
1081454,281
1155890,315
1143009,268
1109837,266
1420026,234
1073318,28
1219979,28
1417619,58
1310817,44
1163382,27
1182396,39
1054132,21
1360123,17
1256829,17
1122414,16
1469496,17
1490414,21
1281725,283
1285268,241
1385760,237
1467681,236
1237618,236
1097503,243
1041008,259
1191686,259
1110858,257
1009792,179
1153258,165
1261101,165
1003559,196
1147045,195
1212345,342
1209256,312
1033560,206
1099076,184
1249361,184
1003543,145
1366721,59
1369157,62
1357947,62
1034851,64
1441985,64
1444957,65
1036924,87
1018734,69
1040888,68
1209466,49
1247389,46
1446359,46
1301912,46
1400145,46
1235060,53
1074206,51
1276086,54
1282178,43
1258552,43
1084942,31
1154649,51
1155410,45
1155845,50
1128430,49
1196226,51
1399997,50
1412783,63
1384724,54
1446797,53
1430688,38
1397921,22
1486556,21
1030646,23
1195477,11
1086065,57
1287867,68
1366235,65
1068779,59
1082221,59
1300287,58
1104414,77
1394387,52
1065082,55
1261807,35
1399983,24
1392715,70
1411551,56
1210413,23
1321360,21
1427732,33
1381451,33
1273296,33
1175998,32
1072824,30
1470215,30
1430558,53
1166112,46
1203344,45
1299061,23
1342610,70
1096847,108
1072878,71
1124042,110
1466895,65
1497250,62
1387934,72
1085459,64
1492225,64
1142718,52
1457058,117
1424908,117
1200217,117
1044787,116
1364727,104
1307772,102
1237451,133
1223865,120
1294200,119
1427298,101
1213120,23
1128126,23
1085143,23
1230402,17
1181195,17
1241991,29
1319873,22
1069963,135
1304127,135
1313628,135
1361296,141
1026014,134
1489921,134
1120076,150
1304941,139
1481457,137
1458967,108
1064603,471
1280020,548
1080428,508
1364032,491
1340335,507
1192024,490
1062785,677
1365356,617
1160539,475
1436896,412
1207359,22
1249113,22
1412865,21
1299237,17
1185486,26
1478163,20
1155205,20
1004297,145
1237737,139
1230705,136
1319258,136
1267633,139
1168400,140
1294658,155
1109580,144
1394030,142
1296678,113
1345635,43
1364763,43
1109062,43
1316392,42
1098691,42
1312916,42
1494672,53
1288751,55
1447072,55
1144125,33
1165135,183
1365978,142
1425692,142
1352787,182
1106798,142
1151845,142
1446773,169
1000259,169
1361688,167
1339452,121
1266036,21
1355728,20
1359687,30
1490276,9
1110725,132
1051747,132
1409553,132
1155898,131
1331091,158
1004645,153
1484601,160
1176259,141
1164274,137
1175834,106
1227396,238
1475697,351
1275455,238
1098208,234
1100709,234
1141206,213
1393239,508
1496220,314
1117606,235
1158804,188
1280129,138
1114886,136
1163765,136
1406367,137
1142814,165
1294699,137
1379642,154
1244589,156
1100387,154
1323102,118
1177540,27
1136502,27
1491362,27
1250840,19
1016153,19
1050973,31
1358467,24
1436626,23
1181846,70
1133369,68
1372452,68
1105445,68
1233676,55
1248416,34
1170610,33
1236319,33
1290214,23
1488157,31
1479779,31
1427043,26
1310388,26
1015884,27
1180421,26
1359547,36
1410710,34
1446311,34
1452837,17
1477870,303
1215216,303
1285681,314
1314990,316
1337450,392
1095122,378
1164460,352
1260186,296
1268073,438
1264095,375
1312991,35
1223786,63
1252201,59
1008278,48
1040076,27
1365093,33
1478529,43
1376960,35
1286449,34
1059103,22
1342550,36
1427813,25
1468070,25
1198993,15
1096212,20
1175396,20
1055343,25
1027386,14
1027603,3
1126082,42
1095804,46
1284871,46
1412582,45
1352134,49
1014758,45
1239271,59
1343596,48
1343455,48
1259932,35
1319798,24
1315760,124
1399760,109
1293278,35
1225808,26
1407284,33
1118637,20
1003511,146
1388877,146
1183200,146
1031478,151
1481797,153
1450040,154
1391988,174
1325950,152
1034337,150
1401405,130
1309036,26
1486121,26
1094193,26
1238414,25
1257291,25
1339559,25
1078324,35
1189106,27
1422129,26
1158245,14
1170036,54
1467615,40
1024239,39
1495288,40
1214497,40
1135850,40
1463434,53
1181187,55
1044453,55
1239433,27
1490132,335
1480622,337
1345970,394
1002734,393
1071118,336
1209765,371
1377968,369
1180975,335
1197780,385
1138204,322
1234971,23
1296050,23
1007089,22
1085266,22
1488516,33
1410651,34
1162178,140
1028250,140
1162284,140
1153095,139
1089838,153
1400665,149
1383706,166
1123698,147
1148219,145
1369726,111
1487745,132
1258801,179
1394487,179
1386178,171
1033130,135
1123301,171
1189931,194
1213578,132
1392146,132
1172957,107
1004822,35
1447907,35
1027560,35
1475205,34
1317475,34
1143854,34
1487269,46
1110968,48
1361934,47
1124862,25
1479327,244
1034228,239
1016160,239
1116053,249
1296120,249
1027940,253
1120072,279
1142743,251
1498844,240
1254537,200
1010463,45
1297352,45
1050702,45
1155579,45
1133161,49
1324163,46
1338945,72
1320612,57
1371459,57
1104555,35
1347240,143
1443123,145
1155221,146
1052491,158
1145651,150
1408518,151
1388157,161
1165523,145
1023502,145
1292007,86
1280466,46
1285179,46
1180700,45
1145185,45
1436680,45
1202037,59
1131039,60
1247144,59
1423783,129
1080009,129
1216295,129
1150345,128
1005265,128
1453080,128
1427992,138
1319455,126
1198216,124
1256336,111
1152804,22
1439914,22
1097710,41
1257810,27
1302677,34
1154154,27
1337180,13
1056340,21
1279269,21
1152002,21
1329468,21
1402266,556
1292844,556
1349547,553
1001035,556
1311694,544
1338401,542
1285535,584
1493498,576
1306863,576
1031721,478
1220913,426
1410292,399
1163414,399
1105889,558
1179154,843
1082621,968
1164863,588
1392002,512
1150054,535
1431400,465
1492231,149
1036457,181
1335135,167
1158436,179
1364866,138
1401916,142
1333504,163
1426546,203
1487694,190
1371620,125
1082679,135
1152188,132
1112827,131
1432923,133
1327449,134
1131015,133
1058774,147
1031584,141
1295532,140
1314481,120
1367157,52
1203857,50
1144711,52
1080313,49
1096602,17
1004511,27
1003574,61
1136626,50
1357905,51
1359107,26
1061395,108
1343240,106
1427859,108
1374160,107
1231678,107
1155753,108
1250372,120
1006089,115
1128300,116
1108889,96
1161719,21
1412839,20
1345390,30
1208097,63
1200860,80
1071175,80
1377468,71
1035511,71
1083867,96
1217287,66
1492759,196
1393518,178
1459471,172
1335272,188
1013130,171
1441346,179
1289569,229
1318211,202
1100972,215
1062346,168
1337818,105
1141482,105
1076650,105
1123940,104
1037301,104
1235133,104
1309929,116
1385475,119
1282871,118
1222112,86
1286976,41
1469796,39
1340685,141
1190687,127
1032024,56
1045292,39
1329344,52
1060659,41
1003967,40
1460613,118
1327688,119
1057303,118
1233931,117
1123396,124
1248066,124
1334332,149
1284319,134
1091082,134
1006636,103
1118546,64
1477507,112
1402350,139
1307281,135
1269672,75
1388621,62
1363690,73
1396538,64
1432230,68
1432434,56
1157808,103
1300805,103
1402946,95
1075510,94
1350471,157
1300102,152
1314991,107
1434599,84
1061560,89
1033765,56
1201769,54
1262439,54
1063388,54
1374518,59
1382830,59
1308127,59
1195303,84
1389536,75
1218017,54
1311218,41
1017920,381
1464492,381
1447167,381
1150968,380
1325663,380
1491428,380
1267263,428
1055918,375
1087693,375
1356066,336
1206999,359
1220242,420
1158723,359
1004679,280
1436738,375
1411737,377
1322953,601
1485619,582
1451702,364
1028427,328
1021833,38
1403718,38
1159072,29
1296434,29
1050306,29
1482885,31
1426257,352
1071899,351
1017674,350
1307337,348
1299070,357
1450331,350
1492206,379
1038082,347
1053057,347
1328779,290
1408726,165
1316397,153
1470572,168
1069529,151
1144116,153
1445719,164
1076655,191
1081706,190
1387906,193
1049778,123
1050836,71
1328615,71
1065297,71
1261401,72
1469920,72
1478651,71
1441997,83
1291316,84
1444966,84
1102147,56
1049400,38
1375249,38
1018609,38
1111529,37
1272559,37
1026662,51
1366360,50
1302524,28
1267165,1025
1262997,1011
1088775,1011
1217709,1005
1430418,1005
1275478,1005
1435295,1113
1346982,1091
1160970,1091
1310566,936
1244866,23
1484515,23
1402186,23
1228789,23
1150337,33
1475694,24
1476370,12
1092027,271
1174462,271
1309288,257
1325177,256
1371419,282
1372954,276
1219907,270
1044361,238
1000595,236
1424899,221
1220962,88
1059573,199
1371967,93
1008058,92
1307575,92
1482143,92
1167859,343
1151969,340
1327497,88
1021678,72
1414458,280
1306516,280
1180610,280
1323085,278
1212285,278
1039279,278
1395825,326
1386899,318
1216036,314
1225001,229
1055980,32
1163248,32
1248223,32
1115289,29
1175889,29
1104604,29
1493205,54
1461580,45
1116567,18
1056911,34
1165133,34
1045201,30
1070414,30
1221347,31
1305920,40
1402463,29
1274256,29
1246396,28
1005749,32
1347755,28
1462314,27
1427008,28
1376522,38
1331312,40
1439245,40
1287196,21
1121802,204
1083360,177
1387604,177
1297521,203
1148106,245
1054831,234
1340381,244
1471793,180
1214188,318
1358310,279
1154235,59
1170609,81
1411927,41
1295307,20
1284250,26
1201392,36
1041425,28
1387685,29
1458669,17
1388858,44
1402783,33
1158859,25
1237454,35
1307597,26
1439838,21
1169331,13
1448891,147
1144366,146
1201215,147
1014486,145
1076076,145
1197521,145
1448108,169
1464025,152
1050487,151
1300350,125
1244383,35
1209362,35
1175433,157
1041996,143
1281845,52
1481458,52
1226086,47
1324219,56
1151124,55
1216755,21
1333438,164
1489328,164
1477002,164
1098852,163
1164983,163
1290361,163
1256809,188
1186105,172
1393199,161
1017459,131
1022949,42
1144435,42
1080644,42
1433984,41
1377389,41
1364496,44
1026523,43
1002825,29
1136894,73
1179973,73
1042531,73
1216221,73
1462430,73
1249510,73
1276527,84
1205823,86
1448426,86
1028218,58
1105486,296
1495174,296
1004376,297
1320784,295
1489187,295
1318303,295
1481749,328
1216902,327
1184723,325
1226502,260
1461216,150
1105982,156
1040547,150
1024773,213
1237216,150
1084227,151
1444516,180
1412875,159
1425330,145
1298435,137
1143296,29
1218455,28
1305125,28
1041777,41
1377731,19
1438743,257
1339840,257
1445860,247
1312582,246
1354697,321
1107407,277
1085344,271
1165006,248
1369299,248
1398637,209
1223814,67
1183147,87
1221280,87
1272917,80
1022602,79
1457798,104
1145318,70
1291779,69
1071387,48
1161381,37
1463809,37
1043945,37
1428660,36
1231167,37
1263934,37
1283930,49
1165506,50
1246532,50
1167940,27
1006832,127
1388700,127
1139792,127
1092679,128
1441471,128
1453398,128
1055317,191
1403310,122
1014083,122
1136618,103
1269949,68
1015470,66
1209078,66
1029273,88
1224671,88
1249789,113
1127161,81
1459424,81
1255187,56
1273610,793
1494860,798
1469809,705
1289384,717
1440943,719
1455095,709
1356813,802
1435344,708
1250601,708
1388615,558
1014137,153
1220175,109
1018456,109
1396001,108
1128557,108
1097352,108
1362664,133
1282704,134
1322287,132
1382848,95
1363870,353
1070361,357
1157864,357
1125057,352
1359188,356
1334054,352
1272692,400
1026490,348
1181159,351
1085144,294
1220086,36
1012081,81
1494281,96
1268702,58
1155654,58
1389451,67
1456024,63
1476914,39
1214790,42
1314337,42
1027602,42
1372056,43
1301451,43
1361172,43
1241383,63
1379284,54
1235705,47
1182403,29
1348084,135
1052783,137
1198932,135
1316195,136
1354895,136
1080862,136
1201850,141
1268084,114
1476536,116
1251873,84
1305176,85
1383497,85
1037756,85
1139395,108
1292208,95
1217371,101
1236727,101
1066688,85
1050944,74
1489321,68
1209309,99
1003753,99
1377975,97
1173009,95
1125362,97
1089147,97
1032271,111
1304946,101
1313934,101
1420456,79
1435029,19
1268871,19
1446385,12
1137736,11
1464178,27
1129429,16
1173914,4
1209410,78
1286612,69
1349508,69
1094927,69
1277410,93
1179754,56
1319597,56
1139374,38
1046291,17
1017579,17
1269118,17
1430936,16
1020389,28
1397322,27
1222271,10
1292674,45
1437835,49
1397433,41
1318618,22
1003233,21
1020071,16
1026349,16
1057370,38
1267098,34
1374721,34
1264193,21
1001959,12
1114825,29
1063760,21
1256517,20
1444323,127
1063688,128
1267215,126
1225113,125
1001235,121
1260541,118
1488536,141
1416203,130
1394998,128
1425594,108
1319480,73
1101584,73
1169870,73
1098498,72
1363190,72
1130649,72
1492037,83
1151988,75
1044024,74
1426570,59
1031682,196
1434359,268
1012465,196
1005381,153
1224590,211
1172089,194
1403309,249
1092034,227
1236029,196
1168852,170
1099677,140
1093858,140
1059843,140
1012745,139
1430112,139
1479236,139
1103994,150
1093267,136
1173814,131
1082751,17
1310040,37
1495262,32
1472174,60
1251039,22
1039265,22
1208172,21
1112432,21
1409411,32
1451100,34
1074440,34
1034558,58
1176365,58
1094576,58
1392466,57
1055474,57
1217360,57
1271801,68
1345064,71
1401294,72
1024879,43
1057421,142
1246771,141
1232056,141
1034367,140
1033617,185
1003218,183
1481969,168
1038947,151
1396320,147
1043673,118
1034125,78
1007900,118
1104045,83
1349952,82
1183866,82
1398163,82
1188811,296
1431359,285
1022402,80
1113928,67
1147078,58
1065907,58
1354825,58
1177980,62
1201164,57
1003099,57
1002495,68
1365578,70
1419626,70
1195370,42
1297532,22
1192446,20
1039474,29
1282502,17
1190011,160
1061568,160
1389377,154
1358438,161
1089351,225
1474431,218
1323284,186
1355349,169
1419613,207
1367988,222
1283225,21
1203085,12
1190203,12
1446915,19
1119724,29
1070558,21
1139943,8
1184750,125
1496674,125
1066650,124
1000985,124
1486680,123
1341774,123
1339391,139
1308505,130
1435633,129
1386849,110
1379099,39
1219650,48
1356379,29
1380958,151
1342952,151
1339521,151
1093789,150
1403569,119
1352929,150
1380785,164
1278694,153
1460527,151
1361358,126
1459822,44
1305254,44
1451735,44
1129026,43
1148456,43
1219726,43
1430307,55
1253049,55
1432323,30
1348068,68
1244298,68
1260622,68
1349633,67
1150838,77
1030243,67
1220817,77
1246990,67
1149550,66
1231529,55
1317716,141
1126370,140
1008110,140
1423383,139
1004659,162
1038509,160
1407977,160
1026691,148
1024597,146
1116633,117
1345747,33
1420393,24
1358056,24
1406018,24
1035550,48
1097311,32
1192832,11
1176978,22
1171909,22
1428117,21
1423315,32
1265837,34
1356525,34
1205477,12
1428458,106
1228888,106
1497243,106
1318753,105
1355554,105
1059984,154
1094135,152
1316514,155
1205603,125
1222855,102
1220274,56
1271480,50
1342721,52
1336270,62
1364688,30
1281752,31
1093297,62
1027654,49
1365653,54
1425548,39
1008773,20
1008574,20
1108380,19
1345723,20
1280856,32
1217729,32
1312629,59
1343650,59
1343822,59
1325627,58
1240091,58
1027368,58
1235410,68
1360992,55
1069927,55
1160894,47
1433729,184
1074540,161
1209661,161
1407586,165
1258824,163
1463585,160
1240414,190
1347735,158
1456243,158
1294366,112
1267876,188
1494455,187
1214425,220
1363784,191
1418399,264
1055166,262
1281197,194
1142620,177
1392306,180
1143676,162
1136999,48
1287425,53
1111884,52
1387039,51
1463169,51
1083258,62
1490887,66
1006545,56
1400409,72
1240207,39
1173342,46
1306896,46
1010409,46
1394810,55
1077316,53
1135228,56
1302997,43
1102705,43
1148385,32
1427360,64
1079149,24
1075559,20
1325619,9
1276615,73
1191397,95
1257720,95
1217814,86
1169274,86
1447542,86
1466039,102
1066597,71
1096629,72
1266012,49
1271431,73
1008008,35
1095570,17
1055136,120
1336000,141
1472836,141
1191333,72
1235816,104
1483921,96
1395368,106
1094038,98
1105815,97
1314631,85
1026138,121
1191882,121
1344759,121
1411078,122
1369846,125
1109552,124
1381175,151
1192894,129
1001951,125
1421430,95
1429773,76
1240373,83
1467559,78
1242372,77
1242379,75
1218259,75
1142876,101
1403767,81
1232994,79
1107845,41
1066977,601
1467682,729
1085069,610
1418851,619
1217236,599
1174458,608
1195403,1445
1220035,1405
1462839,599
1287164,533
1001071,24
1429537,30
1378787,21
1347235,169
1247051,124
1076387,128
1443855,131
1028510,124
1219752,132
1179883,155
1204147,142
1000796,140
1314952,114
1442368,22
1384173,31
1104417,22
1377616,21
1253092,32
1064390,34
1374399,34
1145942,12
1306281,78
1042427,82
1039235,78
1270474,81
1387994,79
1204001,82
1146761,91
1160004,96
1274185,93
1271542,64
1124445,20
1417329,21
1468716,100
1049153,100
1418671,100
1440725,99
1043632,100
1131507,96
1109600,135
1024610,106
1404758,105
1337054,73
1152418,271
1461002,380
1122525,274
1359951,273
1345367,254
1292317,244
1375107,608
1301610,564
1150676,242
1116620,203
1299709,93
1454164,93
1068339,93
1131994,93
1452032,93
1268214,98
1261241,113
1209168,115
1106716,113
1104690,68
1179493,20
1048344,20
1186948,34
1435035,36
1376824,36
1298051,17
1020593,17
1177502,26
1156704,6
1191925,28
1058785,29
1471133,28
1071254,24
1087869,24
1437124,28
1440286,27
1115564,13
1314342,326
1407720,326
1050572,320
1471014,317
1102279,369
1073296,319
1001420,353
1310282,316
1214363,439
1203613,361
1118702,52
1345691,99
1013458,97
1414435,54
1102838,53
1356018,46
1397416,56
1024198,49
1069242,48
1492637,36
1194849,61
1248010,61
1419217,47
1328270,47
1454997,52
1067822,53
1258110,53
1348027,54
1256555,65
1181713,57
1414766,59
1017146,37
1287363,37
1056033,24
1198423,24
1364412,25
1066449,29
1005166,32
1296158,136
1192897,136
1242406,136
1266765,139
1439805,122
1228845,122
1398564,150
1034193,144
1340687,197
1000237,97
1398867,33
1498335,33
1125114,33
1090818,32
1319634,32
1099027,33
1486214,43
1102434,35
1167018,19
1299648,52
1470573,47
1092183,47
1450872,47
1084546,47
1432435,47
1443500,58
1131071,61
1368660,60
1403213,34
1107202,267
1263782,268
1331170,274
1460264,270
1426141,270
1234948,267
1421162,303
1058212,262
1103651,262
1066515,221
1462332,21
1279293,22
1332514,143
1140533,143
1212897,143
1287056,142
1048549,153
1020570,149
1137531,174
1086367,183
1316077,180
1061575,116
1303294,100
1376825,111
1324963,118
1165658,111
1483489,117
1294285,109
1403800,115
1132303,100
1257856,99
1019496,78
1387167,22
1162278,22
1028630,22
1201509,22
1429858,22
1455208,32
1101218,35
1335329,34
1103583,12
1359875,353
1337050,354
1391771,354
1146344,353
1302275,353
1425677,353
1359004,400
1480962,350
1323812,350
1061472,296
1206863,22
1389125,22
1425734,21
1173685,17
1349089,17
1421410,39
1090311,33
1442624,100
1497803,103
1208465,110
1088239,109
1120442,99
1399354,109
1180298,119
1471974,99
1013299,99
1420814,84
1287492,27
1064175,20
1396116,19
1167138,31
1316677,11
1233252,78
1253592,78
1398291,80
1240628,79
1499610,79
1374566,78
1407030,90
1394499,79
1456666,77
1026147,62
1096290,10
1014622,15
1188670,204
1141504,184
1413796,184
1202092,183
1050649,183
1267399,187
1398009,203
1362163,187
1014376,185
1126925,120
1022475,363
1237898,363
1036089,371
1406614,357
1370785,441
1499126,430
1381677,388
1024838,350
1334533,343
1227943,279
1263791,56
1459846,56
1470758,58
1038905,61
1373055,66
1408796,61
1021287,78
1362049,71
1305031,82
1152312,48
1440771,41
1187170,41
1333857,40
1403116,52
1445194,50
1007138,49
1187461,38
1026257,38
1441563,26
1070835,63
1305429,61
1055665,66
1157152,70
1311164,66
1427990,71
1104489,82
1111825,83
1447194,75
1363630,55
1084048,21
1406741,21
1130968,30
1218838,22
1476647,49
1289757,65
1303822,65
1332264,56
1135584,56
1438137,56
1294141,74
1320980,55
1234430,51
1023244,33
1055728,31
1482952,31
1096103,95
1441078,125
1324485,30
1181824,44
1471619,35
1084847,37
1027455,34
1281529,34
1013702,34
1304798,33
1066172,29
1032931,30
1180413,52
1437438,47
1334218,46
1347941,24
1389643,52
1315664,81
1359741,79
1411569,80
1347488,71
1225994,41
1327384,51
1244799,43
1180905,56
1301631,46
1168148,94
1469529,94
1391432,94
1314764,93
1315854,93
1480821,88
1127406,119
1404354,100
1489408,99
1174805,70
1037167,66
1261905,64
1231013,60
1286531,56
1404655,56
1366645,57
1123959,68
1015959,61
1296737,61
1224486,48
1360259,153
1208838,153
1097126,153
1155822,151
1399625,151
1248988,152
1306893,176
1092132,158
1024168,158
1049337,125
1035365,477
1415138,524
1127856,488
1172386,478
1117249,476
1003516,486
1279245,994
1256438,750
1202794,467
1044876,406
1207506,23
1270213,26
1320039,22
1147947,22
1223081,32
1419834,228
1330961,143
1435944,145
1172547,149
1444883,149
1306041,162
1321470,184
1019808,172
1053634,171
1175478,138
1463966,55
1031861,55
1124451,57
1497710,55
1070647,55
1037784,55
1326168,67
1441485,69
1022671,69
1283181,43
1083889,287
1378453,287
1434331,287
1311554,288
1111904,288
1430955,289
1455829,326
1182896,326
1205862,326
1215917,254
1140520,21
1401330,23
1370827,194
1210510,194
1444583,194
1180513,193
1153574,204
1463014,200
1079096,224
1196866,200
1421929,200
1305781,164
1355984,243
1193016,364
1338781,243
1268959,242
1080975,217
1156713,217
1277454,565
1480116,373
1416723,214
1370466,180
1121896,202
1093815,202
1171798,202
1110818,202
1368837,204
1016415,204
1300798,239
1093179,238
1305192,236
1095872,168
1057541,50
1144479,47
1265509,50
1193741,41
1401074,41
1290336,42
1472495,53
1030352,46
1304927,30
1452763,53
1181252,34
1048036,32
1365192,22
1247734,22
1047893,22
1476634,32
1219150,21
1418704,11
1234436,33
1450413,37
1174742,30
1011859,36
1231323,33
1085320,47
1030496,41
1133342,36
1425452,20
1349084,412
1301951,412
1055047,421
1109479,431
1196856,566
1100420,555
1426580,447
1032184,405
1461768,565
1058161,565
1482071,35
1118423,69
1143761,64
1173022,106
1302221,38
1175233,34
1174841,56
1160861,75
1434397,30
1474096,33
1335769,16
1045993,22
1349802,15
1177881,17
1457076,17
1443780,25
1292750,14
1211721,14
1067400,3
1433069,63
1397198,59
1379504,63
1185911,62
1091958,62
1109333,62
1167180,75
1081167,69
1087268,65
1221495,48
1053449,30
1041898,102
1309464,88
1351500,41
1342397,34
1320336,36
1009743,23
1294351,172
1082781,172
1119851,178
1467408,171
1210552,166
1096404,164
1273993,184
1219560,163
1082763,160
1491444,136
1203029,26
1344951,26
1180354,25
1325435,25
1445951,35
1294628,28
1419171,16
1004866,103
1174471,103
1499724,103
1303018,103
1484881,103
1336482,103
1263568,117
1014154,119
1145983,119
1329014,86
1043533,275
1263261,275
1204894,275
1284763,274
1434903,274
1160971,265
1285880,291
1019892,267
1069139,267
1125818,244
1167503,44
1051775,44
1241441,44
1111497,44
1381275,44
1401879,55
1255183,57
1011053,34
1052343,111
1036170,111
1338985,111
1076504,109
1253353,115
1197539,111
1012486,140
1127637,117
1452181,115
1488970,82
1311318,84
1181114,98
1238128,98
1349833,89
1318144,89
1187485,90
1467015,108
1460483,86
1412024,81
1187938,64
1483675,68
1044692,68
1309244,68
1315121,67
1244194,97
1029370,68
1406179,81
1087358,83
1062484,83
1286223,56
1411487,155
1434063,168
1107783,199
1067126,160
1067371,172
1245636,160
1305132,216
1439843,174
1408670,174
1320423,158
1147326,45
1487198,45
1127530,45
1215467,44
1404880,56
1219365,56
1192293,80
1058833,59
1211291,59
1493775,35
1260238,168
1448531,168
1353151,174
1409437,172
1357379,167
1339529,162
1471069,194
1360746,165
1452041,164
1398366,138
1208370,35
1472409,34
1145189,34
1375565,33
1171033,33
1337888,33
1184696,45
1350494,46
1464443,46
1029249,25
1382621,218
1368162,218
1180259,218
1284213,217
1320512,217
1058888,217
1496541,245
1192877,216
1221066,216
1000531,189
1368579,22
1320374,103
1176713,89
1300373,21
1397866,22
1386107,34
1320006,24
1286910,26
1492031,33
1360663,33
1185115,33
1027999,25
1262160,25
1008521,36
1494129,29
1407133,28
1193391,249
1216224,231
1211468,193
1204072,211
1344591,231
1484430,198
1271581,255
1467395,231
1286932,231
1117604,188
1446214,186
1372850,186
1206927,217
1094093,193
1332724,392
1145862,347
1189322,232
1140102,208
1048802,181
1251786,185
1240478,95
1062248,89
1457291,92
1286949,110
1113433,93
1102829,93
1427631,105
1090565,97
1300353,97
1308012,78
1048558,30
1383758,30
1389582,30
1201819,30
1121620,31
1397812,28
1324630,38
1222494,27
1403403,27
1140050,16
1494088,75
1397155,72
1449226,75
1133501,79
1467808,91
1074575,74
1486099,87
1048727,80
1006233,90
1068633,63
1213448,20
1084107,20
1157687,20
1293087,23
1311764,61
1477226,62
1373589,58
1482068,53
1373505,53
1374634,52
1415718,74
1481039,49
1264789,29
1275191,144
1135404,129
1134765,28
1365045,28
1331309,40
1334098,31
1046455,44
1473987,31
1382211,22
1030032,22
1177914,22
1367594,17
1056805,17
1008514,36
1277523,34
1074310,34
1269004,31
1222155,39
1384559,64
1445028,38
1196216,27
1269071,54
1119152,48
1282614,45
1476589,38
1381427,36
1419068,25
1246867,71
1208872,71
1443503,71
1079579,71
1402483,71
1158661,68
1295298,106
1211532,78
1365024,77
1300579,48
1088345,148
1356809,148
1080195,150
1426286,147
1013600,147
1112824,147
1484768,175
1468658,153
1025677,151
1202168,119
1324376,462
1209888,619
1013207,462
1032261,461
1436558,452
1137097,452
1262296,1189
1254566,1162
1057706,443
1487137,389
1150878,22
1093883,21
1005103,19
1387118,185
1247256,137
1431663,133
1317967,131
1070796,131
1231736,131
1147571,155
1287198,142
1310572,139
1474583,113
1291932,35
1404048,35
1465742,35
1223823,34
1426137,34
1459860,34
1430159,46
1021450,48
1276823,47
1349255,25
1249505,168
1206767,168
1094469,168
1278323,169
1173977,169
1140787,169
1116819,200
1252003,232
1352888,198
1128508,141
1390449,141
1083362,141
1224403,141
1197207,140
1219833,162
1009290,158
1320991,176
1248026,148
1292318,146
1055337,112
1000116,148
1499174,253
1254585,148
1301578,150
1454563,144
1235291,142
1153581,222
1065743,190
1441830,142
1071687,118
1235991,173
1357362,175
1224648,174
1042687,174
1435100,175
1386731,175
1030695,212
1254045,211
1392602,209
1443272,128
1374367,37
1212449,40
1219033,37
1108446,18
1207845,17
1336688,16
1289787,7
1207552,35
1487007,36
1209615,36
1497854,28
1070733,28
1299413,38
1037986,39
1174242,31
1456990,23
1102292,356
1135029,358
1320860,359
1480834,347
1066544,437
1076907,424
1308113,384
1351526,348
1072003,483
1162592,412
1248568,54
1443519,54
1141805,53
1241572,45
1060117,31
1095707,23
1091182,22
1463873,10
1388692,29
1142485,25
1492454,19
1341745,21
1487956,21
1272459,18
1042371,18
1347537,121
1041719,124
1295444,124
1278768,123
1440616,123
1213359,123
1107278,138
1431670,128
1129977,127
1312066,110
1319481,52
1363648,40
1280225,16
1354295,20
1399761,10
1280365,175
1127415,175
1055248,169
1203463,167
1381766,162
1093377,165
1119745,277
1251432,161
1286984,164
1309768,145
1395486,30
1052944,28
1187833,30
1143497,27
1164512,29
1140262,29
1142480,37
1108132,29
1362940,30
1227656,17
1260972,67
1448800,67
1329069,71
1137381,68
1118094,71
1185269,67
1247893,80
1455149,82
1338727,81
1293085,54
1022670,245
1098084,246
1395007,246
1008082,257
1255856,249
1212779,250
1213187,285
1112212,248
1155253,248
1146461,199
1414636,131
1417793,131
1057520,131
1004214,130
1058135,160
1003459,158
1366195,162
1336103,138
1385647,136
1171591,108
1043700,52
1330119,61
1134462,61
1067376,51
1312395,52
1358238,52
1083003,70
1243872,53
1065542,49
1331381,31
1033631,33
1413962,33
1396181,33
1267612,32
1062790,32
1412337,43
1191743,46
1236936,45
1444312,23
1031664,165
1494935,172
1471250,172
1028420,220
1201168,176
1044920,170
1398093,211
1342490,176
1348533,170
1402030,140
1248175,30
1118685,30
1014131,30
1025147,29
1346618,26
1300033,26
1463743,48
1178038,42
1171185,41
1110962,37
1091807,283
1182872,281
1036586,286
1235005,299
1070988,290
1132084,290
1134359,316
1433692,261
1312122,271
1211899,224
1440242,55
1071747,36
1255434,36
1358588,35
1075081,35
1444995,36
1123405,48
1369584,48
1274564,28
1379701,195
1162985,195
1309985,195
1181215,193
1156744,193
1062078,193
1075144,226
1283850,184
1066268,181
1491526,155
1253958,18
1345883,62
1289049,47
1088169,18
1335974,20
1473427,27
1113898,429
1302251,379
1074640,390
1279043,378
1027337,396
1117583,382
1499218,437
1415442,403
1279459,405
1484875,324
1136982,496
1451719,496
1387920,516
1297893,422
1423597,1284
1153606,1241
1068952,584
1101454,496
1184273,493
1292802,424
1305756,119
1334411,121
1489347,120
1394547,118
1031100,135
1046296,119
1405738,131
1070227,123
1125353,125
1283683,105
1486052,58
1433039,55
1306038,55
1438909,54
1246961,63
1089876,61
1089133,63
1102306,52
1480951,52
1033763,40
1144073,94
1191055,99
1181166,97
1077761,97
1198249,97
1003774,97
1105094,113
1297253,105
1255680,105
1356046,82
1149541,36
1315946,36
1130490,36
1455454,36
1052719,46
1253938,38
1380861,37
1243278,25
1251759,44
1313449,44
1299247,44
1011658,36
1429750,36
1478428,36
1092421,62
1076975,39
1072256,42
1262007,46
1277261,46
1452624,179
1326094,164
1111913,48
1006757,45
1352307,57
1083018,48
1168700,64
1394147,45
1207902,65
1350935,65
1115240,65
1222986,65
1287849,80
1391368,80
1290682,104
1012825,79
1306478,79
1391652,55
1404904,59
1304742,69
1178964,110
1052107,69
1071420,60
1362930,57
1216157,67
1389546,60
1249514,58
1270031,46
1294598,133
1179239,133
1050303,133
1087011,131
1227664,177
1163122,140
1095113,162
1202063,139
1444462,137
1019836,100
1168044,108
1068035,109
1179968,105
1386801,81
1129631,79
1463595,81
1194176,95
1199855,87
1478743,86
1475126,71
1077708,160
1336265,160
1102611,160
1281991,163
1179481,159
1150635,159
1422895,192
1213113,167
1167346,165
1295691,130
1447908,458
1372928,658
1132512,464
1132676,465
1151245,457
1175015,464
1111506,982
1001680,741
1290443,445
1327452,396
1389512,28
1034827,27
1033446,26
1434236,22
1460815,32
1494171,26
1442168,25
1285602,13
1094372,189
1053666,178
1351771,178
1064374,173
1317412,177
1300491,177
1466619,207
1149000,187
1113377,183
1402941,138
1224442,166
1149258,166
1115642,166
1137861,174
1321337,165
1456547,165
1239251,194
1016677,193
1295373,191
1199633,147
1207745,569
1332437,573
1295195,546
1238168,609
1401191,623
1320351,560
1015073,622
1440436,611
1488196,612
1084735,517
1359162,27
1443654,27
1402507,27
1242371,27
1416825,27
1084128,27
1317479,37
1096050,28
1118030,28
1051015,16
1151085,281
1150146,281
1322647,281
1301833,275
1457613,329
1325195,295
1359067,311
1425528,279
1453846,279
1282703,235
1022766,284
1462456,523
1154248,278
1147729,277
1263599,277
1030093,277
1262202,553
1408762,371
1095333,275
1319045,244
1158313,511
1100676,520
1158135,525
1171800,510
1026264,519
1321385,510
1050460,572
1146215,562
1419175,560
1372396,477
1301176,109
1224034,109
1331102,107
1365952,88
1252222,88
1121534,88
1141516,102
1258187,95
1459196,93
1429767,73
1406304,31
1374485,31
1095596,28
1368104,23
1444468,23
1051830,33
1394484,22
1131655,22
1150992,12
1040372,43
1237367,43
1434129,44
1164972,37
1419007,37
1067868,37
1442880,52
1310723,40
1493855,40
1296951,26
1399854,464
1394510,464
1045208,462
1496500,514
1363459,733
1071433,722
1336903,547
1221557,473
1117672,834
1090698,589
1252213,35
1299848,32
1448417,43
1073006,24
1148432,31
1332496,31
1219073,32
1438003,19
1195553,40
1342462,35
1049247,35
1216539,22
1219585,24
1266338,25
1377021,36
1219958,20
1217087,2
1219445,108
1220798,108
1202899,109
1479383,108
1409834,108
1193733,108
1337968,121
1061532,112
1031241,120
1224330,94
1273205,46
1167783,46
1462600,166
1264988,152
1369393,45
1173623,45
1069542,57
1254356,48
1220623,68
1376159,55
1488744,216
1463122,213
1319687,213
1247231,212
1230288,219
1488675,220
1422970,245
1051688,205
1167223,221
1459041,191
1135750,28
1029579,28
1008796,28
1277631,28
1481378,28
1348069,38
1283100,29
1360701,17
1326014,150
1363993,150
1065978,146
1124674,145
1031580,144
1076145,145
1062552,177
1043014,172
1219837,173
1496028,121
1370308,205
1085737,207
1135400,216
1190020,372
1491603,215
1421823,206
1124519,236
1060240,215
1213853,202
1489926,159
1045879,64
1115000,64
1479186,64
1152086,64
1232423,75
1338458,64
1391466,77
1176775,79
1026126,79
1020680,53
1187407,172
1188742,172
1462532,172
1428580,171
1266752,221
1493963,180
1228618,201
1269353,178
1130227,176
1352515,140
1405754,72
1462537,82
1073284,82
1143333,73
1391582,73
1246710,73
1056463,89
1008614,68
1356351,68
1118153,45
1375132,116
1444878,116
1481499,116
1271829,115
1414372,115
1021248,115
1444240,130
1406839,131
1040908,130
1356602,99
1471895,208
1452669,174
1254741,172
1400085,177
1080022,177
1157952,171
1133636,201
1218626,292
1273704,169
1120877,157
1110134,132
1197052,132
1032047,131
1304997,130
1368918,133
1078393,133
1118619,159
1411856,149
1130724,148
1486220,119
1351735,460
1004481,493
1479465,483
1396311,498
1349762,498
1045436,496
1147287,526
1136838,416
1326030,424
1198850,358
1328665,81
1320507,61
1245813,61
1475592,60
1038031,60
1419046,60
1401794,75
1291874,76
1383474,75
1318041,50
1003371,388
1359908,388
1016502,388
1396732,387
1333058,387
1492727,387
1339466,419
1237611,374
1465922,374
1014413,325
1098767,39
1279968,40
1430777,88
1077154,99
1491416,37
1189411,38
1121542,50
1096392,41
1345025,47
1025888,41
1360530,625
1319476,625
1045099,626
1445467,623
1109996,623
1440417,623
1437101,655
1029001,626
1121941,626
1359060,538
1038600,493
1046027,493
1479609,608
1272693,452
1395444,950
1178578,939
1100120,601
1432675,613
1475773,553
1366625,490
1027667,143
1189946,137
1021695,140
1261027,143
1246152,138
1172447,190
1119251,111
1113612,137
1363498,93
1034750,166
1053349,166
1038291,166
1435821,165
1307291,164
1027398,165
1282035,189
1302999,176
1344130,177
1482823,142
1494106,55
1197419,56
1349078,55
1152665,56
1149622,67
1306213,66
1402790,64
1161069,53
1256887,51
1307235,40
1292295,164
1399190,160
1266238,164
1444705,163
1470695,163
1390864,159
1348562,194
1144931,173
1206962,172
1308925,136
1461376,22
1049919,22
1135861,22
1141169,41
1468767,47
1161253,48
1458704,38
1153704,38
1458020,38
1130233,63
1461252,44
1474533,43
1153827,23
1150000,79
1135028,63
1254653,85
1083295,75
1361680,75
1001624,97
1468167,90
1305260,97
1440011,98
1196056,68
1015226,85
1339966,85
1133854,85
1341586,84
1031378,84
1066825,84
1445758,95
1120047,97
1132152,97
1448722,69
1164468,25
1376712,25
1367646,180
1298238,166
1398643,24
1325274,25
1183298,41
1174310,21
1487849,19
1228616,19
1072809,137
1448418,137
1321874,179
1417088,136
1153076,176
1186368,176
1335600,205
1028529,197
1408664,194
1485113,167
1090779,54
1274893,109
1256154,109
1178881,109
1496602,99
1363863,66
1208445,63
1094342,55
1166273,55
1199984,43
1225216,142
1421630,142
1482077,142
1015148,140
1355744,272
1371099,268
1329499,158
1433843,128
1068858,142
1031013,119
1434474,66
1103153,66
1376770,65
1495479,81
1141469,81
1038934,107
1012475,98
1138392,61
1486675,47
1081039,400
1160606,393
1475934,393
1446692,392
1093602,392
1341098,392
1457395,435
1158067,387
1048678,387
1304391,355
1103899,309
1440086,361
1233427,298
1431673,336
1272569,323
1374065,332
1465484,426
1033877,583
1377670,290
1320396,271
1055872,30
1086214,30
1097976,30
1237099,21
1126164,26
1090327,26
1428535,36
1498754,28
1429174,630
1420037,625
1483609,625
1058279,630
1030092,630
1261440,629
1130092,672
1098918,650
1208791,650
1203036,573
1035466,84
1397224,79
1076146,106
1448564,65
1194817,75
1480765,72
1183307,81
1219991,84
1361881,119
1142410,92
1133931,60
1252838,60
1142162,59
1376318,59
1081486,59
1363674,70
1449824,73
1353652,72
1234686,42
1407930,31
1262868,31
1122970,31
1044940,30
1381660,30
1252882,30
1369127,41
1055591,43
1288550,43
1265645,21
1067356,1022
1282200,952
1137357,1026
1396043,946
1269970,946
1350440,946
1308326,1054
1242087,1032
1043619,1092
1222185,981
1270686,23
1184845,23
1330894,23
1067964,22
1300660,22
1305187,22
1211863,24
1476145,23
1313695,11
1009224,234
1440261,217
1226702,217
1100074,216
1394039,303
1013085,280
1200472,249
1309177,223
1410555,220
1454059,190
1178356,106
1117913,236
1170183,141
1484069,109
1227336,109
1271122,109
1128406,280
1413258,272
1356382,106
1057904,87
1402145,390
1475657,390
1467695,390
1147970,389
1378850,338
1121390,338
1237926,387
1492615,372
1006586,421
1000914,363
1253128,55
1037684,31
1482036,31
1405609,41
1116488,19
1102348,47
1223837,52
1160879,53
1018065,51
1207162,51
1368739,71
1126912,84
1331346,66
1154903,54
1207416,338
1387833,335
1149195,364
1482011,375
1255519,534
1230230,452
1453288,410
1313222,344
1179829,617
1381272,564
1220305,32
1262942,64
1331634,90
1256019,58
1209053,26
1495820,31
1224577,41
1424443,33
1137664,33
1496575,21
1309366,54
1193003,45
1030480,44
1006018,29
1100845,33
1129615,43
1452758,34
1464006,263
1110657,260
1237923,263
1322369,259
1201860,261
1293914,262
1030911,290
1248673,267
1117487,265
1062083,238
1034224,32
1214264,190
1252968,176
1281877,31
1055267,31
1450619,27
1140133,20
1381871,295
1208129,295
1294110,296
1393207,295
1361224,294
1071035,293
1008040,323
1280618,289
1225125,285
1340348,249
1133718,31
1442140,31
1205338,31
1209426,29
1373086,29
1422131,30
1303565,32
1421454,31
1119550,17
1004410,63
1054492,63
1029733,63
1177231,62
1456961,62
1015288,62
1077552,73
1488566,76
1184657,75
1399814,48
1205618,248
1156440,248
1069575,210
1049835,209
1208125,209
1092107,209
1246248,247
1200152,249
1183897,247
1391457,171
1077080,215
1235413,215
1363192,220
1294031,214
1340407,214
1009810,226
1207212,253
1484000,209
1466931,224
1049774,193
1493390,59
1107738,59
1354760,59
1152740,58
1488573,58
1254335,58
1277416,72
1495339,74
1269606,73
1467660,48
1261758,153
1383028,153
1100816,153
1011186,171
1167614,284
1487942,280
1095222,163
1061572,139
1165313,139
1237510,132
1439251,58
1202885,74
1495109,74
1287808,65
1135792,65
1336861,65
1161565,89
1106260,60
1410886,60
1282451,41
1062042,26
1091060,26
1349895,29
1094183,25
1245680,25
1225773,25
1487581,36
1476033,38
1081813,37
1417238,16
1455516,202
1136179,202
1406428,202
1367101,201
1003446,201
1222905,201
1130480,235
1444668,196
1194100,196
1009225,174
1405077,99
1059635,99
1271568,99
1244089,98
1265246,110
1266540,110
1448665,114
1229877,97
1213424,97
1385344,90
1078717,720
1042405,720
1164413,723
1161731,678
1413059,679
1369957,675
1087168,814
1367814,710
1271501,713
1102552,560
1234697,91
1112506,72
1359586,72
1341593,71
1216771,71
1416809,71
1460059,85
1327917,86
1452772,86
1142843,61
1230871,474
1438599,475
1304303,475
1459823,474
1179762,475
1200300,474
1268189,518
1186251,462
1145216,462
1056319,402
1270356,113
1295495,99
1110276,53
1085916,52
1175672,51
1420970,42
1146248,42
1493195,42
1062944,54
1242833,54
1468396,54
1278331,66
1177901,57
1439633,46
1239742,346
1463605,344
1115062,344
1080694,354
1403223,345
1058371,345
1260035,373
1119877,330
1364771,330
1309451,269
1091337,440
1067887,446
1381756,436
1208306,340
1275036,924
1372659,946
1293301,483
1242985,428
1498374,439
1397018,383
1325001,57
1166942,66
1279987,66
1161127,65
1305115,60
1417280,65
1177789,66
1314218,72
1184287,100
1389191,39
1468082,274
1288867,266
1441255,273
1214742,271
1441994,271
1247355,271
1281129,307
1135082,274
1180798,273
1014022,228
1064715,33
1222096,33
1331278,33
1308134,33
1282672,39
1285191,40
1067610,40
1450588,31
1130786,29
1249067,140
1353480,142
1009158,142
1310983,141
1397538,141
1114236,141
1307389,173
1488789,152
1247508,150
1174313,116
1458394,17
1410058,16
1259885,20
1372618,38
1356431,49
1310702,49
1193664,39
1033546,40
1282739,56
1256432,42
1038203,19
1386720,53
1230317,64
1426825,58
1095464,63
1407626,64
1499434,82
1091316,74
1359888,78
1303070,122
1218776,122
1421988,122
1069629,122
1024500,122
1496161,122
1499073,134
1201097,136
1481016,136
1010567,102
1300533,30
1135306,71
1191685,57
1411826,31
1240720,30
1024033,42
1197503,33
1299438,45
1144255,45
1215569,45
1011286,45
1023628,55
1190645,77
1461607,58
1083166,58
1230195,36
1036190,41
1268737,53
1064545,82
1261566,79
1444737,44
1223485,41
1140087,51
1012078,43
1086440,43
1256557,33
1211267,78
1361772,78
1486238,78
1299905,77
1312920,80
1364559,76
1368295,114
1371908,85
1279456,83
1006430,47
1350437,357
1239916,357
1385485,357
1405350,356
1132871,356
1379933,356
1095292,404
1292161,351
1099989,351
1210814,303
1323236,325
1366790,347
1411775,320
1360888,345
1145757,341
1498106,319
1334795,581
1465746,360
1268625,314
1431795,298
1390196,24
1071864,24
1431774,30
1421532,425
1028461,425
1275186,425
1193030,423
1103832,423
1464245,423
1154085,458
1483205,429
1212985,429
1078587,382
1249518,47
1402512,50
1471457,47
1073637,46
1487515,32
1146888,32
1344425,71
1205825,52
1079675,52
1278487,26
1162091,107
1485716,108
1123773,108
1315565,106
1344422,107
1371858,106
1356796,119
1414563,119
1394323,119
1469547,85
1184440,26
1382956,28
1365266,27
1251220,25
1243970,25
1256599,26
1439037,37
1251058,38
1035192,38
1366948,15
1001412,527
1389027,527
1406711,527
1070287,526
1084653,526
1137633,526
1233884,581
1315294,564
1282318,564
1206406,459
1178015,20
1411070,207
1011507,207
1043439,211
1174150,206
1142750,248
1368289,244
1334468,241
1227184,212
1203740,210
1250707,174
1211901,105
1131553,208
1237309,105
1096812,104
1200160,104
1308355,104
1166147,342
1387365,254
1210136,102
1090451,87
1495114,128
1438706,128
1352093,128
1422053,127
1332317,127
1178329,127
1467909,163
1347977,165
1445235,163
1365395,75
1218158,47
1053275,47
1387243,47
1340776,23
1232517,23
1431745,33
1409084,21
1238567,11
1332352,28
1056398,28
1458594,32
1165358,27
1215907,27
1048759,38
1073586,31
1461970,31
1139288,17
1364414,213
1063313,213
1101076,214
1187916,247
1400819,306
1451604,248
1378838,250
1402916,220
1027653,259
1301859,259
1184567,25
1008654,58
1446086,27
1014434,53
1068604,48
1288249,24
1389080,27
1153559,27
1329008,34
1305198,27
1491765,26
1154973,18
1484482,19
1223398,20
1181412,30
1229754,17
1416643,221
1472800,221
1439087,220
1049933,220
1021975,218
1289229,213
1143368,252
1147171,217
1110507,217
1419295,173
1283293,30
1213221,168
1479763,203
1318333,29
1391833,30
1177177,44
1239490,35
1151322,35
1354125,16
1251542,166
1002198,166
1182114,166
1317797,165
1099240,165
1147027,165
1387532,204
1337131,165
1122711,164
1025876,137
1050592,29
1140398,29
1222795,29
1076157,28
1234963,28
1412995,28
1384852,38
1012906,30
1409929,29
1314185,17
1089683,153
1268696,153
1242095,153
1265774,152
1071735,152
1308362,152
1096086,166
1215049,168
1041134,166
1187872,131
1271646,155
1304503,155
1464644,155
1415679,154
1177460,154
1499858,155
1301887,182
1020443,181
1464381,179
1291113,127
1015560,370
1041893,203
1418371,196
1135509,197
1314498,194
1059275,195
1029762,231
1489207,189
1493103,189
1240314,178
1127292,27
1110530,27
1163817,27
1407890,26
1467062,26
1234965,37
1321783,39
1349364,39
1342102,17
1180457,259
1144924,259
1106874,259
1066372,257
1297157,358
1359349,324
1186984,301
1171282,263
1392045,263
1236497,225
1211448,66
1294685,79
1058284,81
1027595,72
1497001,71
1211478,71
1270199,96
1252414,65
1476428,63
1352942,43
1072941,28
1205668,28
1034901,28
1230021,28
1375305,39
1241472,41
1479790,41
1196151,18
1148182,223
1079479,223
1093571,223
1241585,222
1011801,234
1006238,222
1381531,259
1032631,217
1111856,217
1010402,205
1188409,22
1253465,22
1364047,22
1438407,16
1369768,16
1109523,38
1365702,35
1385875,34
1340798,12
1391392,462
1049233,448
1369730,448
1115309,507
1223995,507
1026616,503
1377442,602
1113981,463
1396513,458
1018206,403
1488237,29
1042330,29
1210286,41
1097524,42
1430200,42
1304771,21
1449013,386
1303892,385
1059770,385
1014749,383
1375882,383
1155784,383
1295753,434
1228425,371
1024113,371
1306885,313
1244005,36
1293359,111
1015816,68
1434478,35
1360908,35
1070701,47
1334443,341
1343145,262
1117345,262
1088047,256
1339590,262
1498193,264
1001062,333
1329524,284
1151507,285
1302668,235
1331816,125
1360289,125
1442400,159
1148661,137
1446413,192
1026328,188
1042450,165
1031516,117
1257318,127
1157812,90
1212040,106
1451556,103
1346851,106
1046242,107
1228211,115
1458620,107
1473716,119
1157852,109
1185048,109
1309272,89
1483429,32
1043719,34
1302279,33
1371110,36
1355822,40
1404951,30
1053730,114
1010218,112
1202683,114
1228604,124
1140034,129
1316768,115
1108944,127
1393643,139
1488743,124
1443959,93
1262825,21
1307828,20
1182352,22
1381638,32
1313863,32
1316934,23
1486656,23
1280956,42
1093956,27
1200158,27
1144617,8
1249151,17
1387003,17
1068151,33
1145192,19
1019300,23
1027883,23
1055295,22
1442130,17
1065230,17
1358044,39
1373810,35
1199192,33
1223894,33
1297394,31
1305104,21
1109213,24
1183920,28
1020603,38
1324824,30
1280934,29
1077308,17
1481863,51
1007957,51
1339071,51
1169545,50
1365154,48
1170147,44
1423554,69
1478005,55
1073474,54
1432644,31
1451189,149
1319974,149
1075761,149
1327287,148
1316742,148
1052054,148
1271387,172
1318938,155
1337499,151
1011067,121
1135341,214
1222330,284
1020208,214
1092468,214
1289204,223
1370281,215
1315725,452
1343984,306
1254687,212
1311762,185
1468256,21
1241732,155
1268097,109
1116853,109
1166592,108
1144994,108
1435366,114
1409185,138
1186891,114
1468882,120
1042127,92
1451380,45
1189023,45
1461090,45
1481882,44
1378385,44
1374425,44
1099673,57
1252862,57
1218015,35
1497813,424
1094690,418
1152196,427
1003610,426
1479704,381
1068127,430
1222762,478
1324076,431
1473003,470
1343036,414
1195504,17
1265192,42
1391916,35
1117970,35
1334075,34
1241599,36
1033182,32
1063335,56
1247373,38
1201329,38
1204591,17
1205389,48
1497052,134
1253644,48
1183386,48
1493328,48
1413701,48
1105691,207
1055151,131
1020087,47
1489983,35
1008981,188
1480916,222
1174520,221
1408456,222
1103391,222
1108102,222
1108547,258
1238197,233
1043675,254
1268656,202
1349650,22
1349515,21
1172039,22
1211613,16
1407466,16
1293997,15
1097574,5
1426499,39
1136386,29
1175313,37
1280040,37
1113557,47
1167651,42
1103745,33
1078400,26
1268218,148
1058122,148
1207997,148
1148911,158
1419809,217
1397824,211
1295121,173
1132197,166
1217059,252
1375917,221
1306328,24
1393921,25
1065989,24
1156779,39
1475586,15
1230085,26
1402888,22
1262107,22
1165440,15
1439872,16
1262098,25
1383733,3
1397334,125
1366713,129
1286305,128
1006243,130
1261020,130
1279885,130
1281283,160
1040223,136
1134676,136
1418998,111
1458189,27
1038003,12
1478214,19
1093346,8
1117929,54
1404071,55
1157917,54
1193704,65
1211792,62
1445638,62
1408825,72
1235778,61
1328196,61
1173310,39
1496802,23
1348096,22
1468251,22
1463160,32
1181627,24
1035323,23
1157473,78
1082120,77
1311644,63
1403849,79
1030973,80
1294107,62
1136233,72
1226958,74
1189088,73
1427596,46
1248502,282
1275605,284
1277097,284
1071792,282
1143304,283
1419745,281
1395178,323
1490842,278
1211335,275
1078987,253
1313185,23
1268956,13
1231863,84
1180672,84
1320094,84
1443667,83
1012943,95
1334448,91
1291911,114
1425808,92
1205259,92
1295164,62
1308175,54
1370405,54
1282792,54
1432249,46
1001655,46
1433288,63
1377265,45
1077514,45
1366276,42
1398540,42
1313557,42
1027599,41
1161401,41
1275190,41
1232986,53
1021553,54
1486782,54
1164083,32
1357661,194
1319382,188
1364660,194
1461293,187
1415413,193
1145327,189
1345207,218
1338642,182
1155695,186
1395102,165
1086984,28
1445161,28
1358903,28
1040402,27
1486092,23
1447947,23
1475790,45
1471246,40
1237169,40
1197885,18
1075943,167
1096442,172
1142841,187
1291558,198
1176446,182
1483366,188
1455302,209
1166094,166
1007265,167
1070372,132
1053804,39
1227588,26
1441375,26
1412656,26
1467462,26
1295378,38
1370534,39
1054541,39
1316692,18
1495032,71
1458343,71
1382652,71
1170520,70
1474124,70
1488816,70
1235127,82
1008418,70
1289314,69
1470891,55
1348889,23
1154829,69
1384196,55
1306515,22
1017067,34
1190728,549
1122286,549
1435775,549
1320899,548
1036809,548
1496763,550
1131538,578
1318282,540
1363101,540
1076052,447
1205256,562
1305186,562
1131831,560
1198452,531
1267199,1095
1158066,1130
1061242,642
1429684,539
1425949,590
1103470,540
1149088,335
1065238,337
1343697,338
1075666,336
1049332,336
1098357,336
1318694,382
1269402,375
1100430,375
1254841,286
1217878,109
1482713,111
1356321,108
1070528,109
1339004,110
1448727,109
1208422,122
1280808,116
1010670,114
1175851,94
1158507,51
1215713,51
1116456,51
1059102,52
1134168,54
1182924,53
1065507,59
1485305,48
1317467,48
1464615,36
1106508,148
1154157,147
1238399,143
1378815,146
1442340,143
1109352,141
1494813,172
1150862,159
1491323,155
1243524,121
1154390,22
1025514,22
1345499,23
1427225,11
1332354,65
1181409,84
1174194,84
1476979,75
1100732,75
1214733,75
1471144,100
1000187,68
1133779,67
1496005,51
1386755,415
1183033,407
1206094,372
1423546,419
1202896,341
1125038,315
1244936,373
1367021,488
1441592,458
1011620,352
1491160,60
1097281,60
1133994,60
1449596,59
1061666,59
1284544,59
1198144,70
1330348,72
1255123,76
1149007,44
1056047,23
1165483,23
1477841,166
1314848,152
1274780,22
1128321,22
1170029,27
1426318,25
1414178,19
1312357,105
1079199,105
1443865,105
1069717,104
1331934,116
1107151,153
1193708,141
1435293,137
1271891,121
1070444,94
1115383,68
1468137,116
1222703,112
1183120,134
1466677,106
1288363,66
1009315,76
1387250,68
1375589,72
1398464,57
1446632,135
1383245,135
1465945,135
1335462,134
1036403,190
1486367,185
1367873,164
1339617,140
1067651,137
1173991,101
1445432,40
1450298,39
1054815,60
1432609,60
1055289,60
1230087,72
1190688,63
1284979,42
1090382,26
1276630,446
1229533,442
1367722,442
1168617,441
1268563,445
1312594,441
1392051,485
1118654,436
1207039,436
1220371,400
1068999,435
1140321,533
1200100,440
1223618,464
1421303,458
1154848,458
1199454,755
1216781,720
1089356,443
1174345,391
1394582,21
1481387,23
1073171,24
1068236,20
1266223,15
1057929,30
1456769,650
1230032,650
1268149,650
1388306,650
1124599,649
1339069,656
1049350,694
1342306,645
1246717,645
1147802,578
1299563,516
1229149,516
1213565,454
1335791,478
1185320,515
1090346,514
1103112,548
1371505,510
1362932,635
1390394,607
1011505,40
1471059,40
1199518,40
1047470,39
1105399,39
1071892,39
1125120,49
1077092,51
1333879,51
1076556,25
1075661,31
1047450,30
1373247,25
1240059,30
1000748,41
1320186,43
1365852,43
1472456,21
1106809,935
1318582,1002
1438968,1002
1361549,928
1057783,928
1004386,928
1315211,1036
1428093,1059
1163409,1059
1040148,961
1252762,21
1106173,21
1144801,20
1027413,20
1321282,22
1228341,317
1363066,312
1172793,312
1246739,311
1093307,349
1412731,345
1425925,348
1228645,309
1076130,309
1074690,266
1370340,85
1446737,197
1308118,89
1016936,88
1045999,88
1498872,88
1484932,332
1403279,330
1336453,102
1412376,71
1353415,445
1460235,472
1445553,472
1447369,471
1028990,471
1184922,443
1153898,526
1198610,511
1079437,491
1472394,408
1269365,31
1350519,42
1210918,31
1199788,27
1022092,27
1446920,27
1399913,37
1320053,26
1051225,26
1025401,16
1087675,45
1202724,49
1430923,50
1477208,48
1499767,45
1252468,44
1416927,59
1189918,48
1408983,47
1426060,33
1402675,440
1136265,439
1372264,439
1358297,489
1273291,667
1442423,655
1400040,500
1094162,434
1285324,686
1394930,627
1118490,38
1407007,70
1416211,41
1035322,95
1284600,61
1437468,37
1333953,47
1188932,39
1284311,39
1071854,31
1275536,68
1212852,53
1052678,54
1495323,31
1437219,23
1006087,388
1365677,386
1247434,388
1133192,385
1076769,385
1064194,385
1166910,417
1021413,382
1486243,382
1094528,343
1081138,24
1480419,171
1274066,120
1208290,23
1161914,24
1387841,45
1192549,27
1463256,25
1130627,3
1149775,353
1440024,353
1315773,353
1209109,367
1292547,352
1370307,379
1053860,397
1010398,343
1264859,343
1041529,298
1255799,28
1169305,28
1259815,28
1285901,27
1255690,27
1231986,29
1189783,37
1029982,29
1014155,30
1230263,52
1356234,52
1406832,52
1223170,51
1082570,51
1291460,51
1454651,64
1103851,65
1405218,64
1145032,37
1368715,272
1313982,272
1430625,270
1499731,313
1171657,313
1100507,313
1281814,340
1157707,339
1063227,337
1142405,274
1487221,129
1294443,129
1350731,129
1465065,159
1135508,130
1408826,130
1134711,159
1372355,129
1267073,134
1176281,93
1009975,54
1118236,54
1417628,54
1452920,53
1001425,87
1264890,53
1330041,66
1009331,68
1052528,67
1226125,44
1415161,151
1378355,151
1360766,151
1077952,150
1416031,197
1468541,192
1152380,183
1110478,155
1358068,153
1263993,117
1336730,96
1366938,124
1255590,123
1224012,114
1034565,115
1477986,110
1128826,139
1174307,101
1100873,100
1261480,76
1394741,55
1280982,55
1302103,55
1364546,62
1116564,54
1334387,54
1250606,86
1404482,70
1379887,69
1235095,45
1493917,258
1454261,258
1289707,258
1412987,261
1415928,374
1440190,262
1036613,286
1067502,252
1122463,250
1417728,218
1370120,68
1422221,68
1110747,68
1427960,67
1030226,112
1024822,112
1216003,135
1113104,85
1250210,82
1087198,58
1268579,783
1493246,783
1001078,783
1182492,737
1181111,674
1104288,766
1163574,864
1270201,778
1395431,778
1208254,643
1005154,254
1497165,82
1228974,82
1331336,81
1262992,86
1135041,86
1297570,120
1413110,120
1158052,125
1398579,67
1204388,494
1403497,491
1238372,491
1379979,490
1423085,490
1421718,489
1164086,533
1276724,475
1256991,475
1311616,420
1278396,37
1466102,37
1266200,153
1017736,157
1010615,36
1201367,36
1325701,51
1176563,40
1057329,38
1159457,31
1236521,31
1429989,26
1386785,26
1289858,26
1062235,52
1426016,43
1128705,30
1173801,16
1003367,197
1028838,134
1351864,134
1397932,137
1020398,137
1198928,142
1489710,158
1469373,134
1466874,134
1115459,99
1474319,179
1385096,179
1310846,242
1396501,235
1079083,387
1331772,385
1357329,232
1084641,192
1447721,173
1418429,142
1332886,81
1425258,81
1268577,81
1234680,80
1047888,85
1034989,100
1205178,96
1210375,83
1451900,83
1444837,67
1279830,35
1325920,35
1197346,35
1429177,36
1457124,40
1006400,38
1131539,45
1231939,32
1442439,22
1080327,51
1006454,57
1272369,49
1172167,62
1056647,56
1470064,56
1382964,66
1041090,68
1365341,61
1197741,51
1265086,22
1025507,22
1337756,22
1414441,22
1359350,32
1017068,23
1346333,11
1139636,31
1311646,38
1313410,29
1143282,30
1433094,44
1271999,36
1233889,59
1162125,59
1014856,158
1487099,143
1423099,59
1386823,59
1012293,61
1046847,84
1254043,71
1488174,39
1305399,39
1207940,38
1460712,50
1296610,51
1323323,59
1231970,51
1323329,51
1312264,29
1226350,50
1167345,73
1061654,83
1218300,42
1021754,65
1260202,43
1478629,52
1282500,44
1143492,45
1296537,31
1491817,120
1236541,120
1435363,120
1364798,118
1019894,135
1158989,131
1167619,150
1365428,127
1307258,126
1090656,97
1494561,54
1060853,54
1401384,54
1213006,44
1040424,44
1467724,44
1154131,56
1172007,48
1157530,47
1240791,130
1399973,130
1476518,130
1143346,128
1107324,128
1090739,129
1116922,148
1174553,132
1268473,130
1278195,103
1333707,442
1110292,450
1197580,442
1301394,469
1292157,450
1088390,456
1308041,727
1090223,494
1402826,434
1303923,386
1103146,22
1183926,21
1464530,18
1018488,21
1239986,21
1138796,8
1036193,222
1286961,162
1367592,159
1164085,149
1469544,162
1257007,142
1354912,182
1036445,168
1318405,166
1483334,140
1160511,65
1049364,64
1361089,65
1498268,63
1243089,63
1057687,64
1278925,76
1200813,78
1029236,77
1298996,53
1352373,662
1145134,743
1285247,662
1485963,663
1410494,663
1194947,663
1479842,816
1141874,716
1219813,716
1020182,617
1469038,21
1478388,22
1301661,178
1209721,178
1470110,178
1260568,177
1366712,184
1063924,180
1209955,206
1074154,181
1416019,179
1039342,144
1266311,172
1036751,298
1482256,171
1279507,170
1283752,165
1047164,172
1361501,415
1168500,300
1287087,165
1338978,141
1243030,361
1342622,361
1474891,361
1107378,402
1120819,362
1195282,362
1335120,448
1377332,408
1318602,431
1106208,280
1140411,34
1109072,34
1334308,34
1063638,27
1405532,39
1360411,18
1030666,38
1039447,38
1408990,38
1160540,20
1202321,31
1105638,19
1071851,9
1319327,40
1077816,37
1147355,35
1423096,35
1152289,36
1490790,41
1443298,52
1292453,46
1433070,44
1224601,26
1078845,332
1486614,332
1407632,335
1492844,323
1279914,376
1216593,366
1328013,356
1439928,324
1216659,455
1042279,354
1353682,27
1012255,28
1288892,28
1059605,57
1471499,49
1211375,26
1401429,36
1234238,28
1141019,28
1339243,17
1065243,37
1087717,25
1266842,25
1373847,17
1091380,18
1214073,27
1058764,16
1227612,4
1013373,125
1384974,120
1022529,125
1312426,125
1271890,125
1485813,126
1098649,139
1299861,130
1389595,129
1499162,112
1342250,25
1304171,114
1147881,100
1296614,25
1428090,25
1317898,29
1032701,30
1227283,13
1098073,159
1291511,159
1482488,159
1497978,155
1173007,142
1158796,145
1313035,166
1416376,155
1472372,143
1185689,123
1162498,29
1132304,29
1447875,29
1248758,28
1266463,28
1057655,28
1159054,38
1356535,30
1350253,29
1033531,17
1041420,144
1198108,143
1027212,143
1475322,143
1172141,197
1393742,191
1266346,169
1377521,169
1400997,169
1019222,124
1200921,207
1033908,216
1018332,207
1248754,272
1230538,211
1317270,211
1123969,239
1336390,219
1233276,210
1064304,163
1440680,35
1460672,35
1216744,35
1235794,34
1226151,34
1319892,34
1222758,48
1326527,47
1004505,25
1212716,87
1275664,87
1098504,87
1452295,85
1149279,93
1218556,91
1411529,116
1354563,91
1322625,91
1294117,64
1410028,43
1036232,43
1455107,43
1421652,34
1494678,34
1296401,34
1160998,53
1056097,39
1356467,41
1412784,23
1067429,114
1334969,114
1411562,114
1475191,114
1188752,114
1296548,114
1272906,128
1123142,131
1286263,130
1433634,103
1144693,130
1032662,131
1370978,166
1122083,202
1211601,209
1357283,209
1194866,160
1287568,206
1268488,130
1129395,97
1177184,57
1070083,55
1297768,55
1350667,56
1333592,106
1425926,68
1293905,93
1462420,70
1209830,70
1334845,45
1387633,356
1247743,365
1117537,366
1079065,388
1180290,375
1415350,365
1206483,394
1339817,359
1295357,354
1340117,307
1132769,62
1199188,40
1169788,40
1423621,39
1018563,39
1080853,52
1285450,53
1326234,54
1132323,53
1222544,31
1433611,373
1186967,372
1173866,372
1448932,370
1229078,370
1232693,370
1391815,403
1386900,358
1404957,359
1415551,324
1079171,25
1263378,26
1169912,121
1058707,107
1395362,24
1225413,33
1084326,20
1150748,34
1040838,31
1451834,26
1375324,26
1203305,37
1276111,30
1089354,30
1456270,17
1231504,490
1430097,490
1162031,490
1272750,476
1320907,491
1061083,489
1349906,542
1368565,517
1056508,517
1176726,405
1057026,611
1090905,611
1041602,611
1473384,658
1247041,1570
1006972,1525
1112156,722
1014063,646
1257761,642
1337096,563
1020633,148
1384720,156
1351858,158
1458481,157
1458802,154
1166438,154
1427174,182
1063469,191
1284641,175
1057638,122
1176123,61
1053426,61
1362188,64
1472327,63
1206366,60
1257964,60
1480277,79
1465217,66
1284838,66
1319585,46
1181839,52
1131518,53
1268768,53
1391032,52
1260481,45
1069609,37
1324346,61
1046579,52
1232070,51
1173143,37
1267634,41
1465123,41
1362254,41
1237389,40
1466483,44
1041421,44
1060615,51
1326935,44
1421533,43
1069064,30
1232845,37
1061266,37
1496650,37
1276290,37
1184775,37
1404104,37
1216877,46
1288726,38
1006248,38
1019604,25
1462054,47
1155430,57
1116479,48
1178750,48
1332949,73
1119799,50
1357303,49
1417777,28
1137724,142
1423011,148
1438518,154
1018827,130
1429932,142
1294970,142
1273324,177
1153382,163
1262708,161
1061420,109
1129706,84
1025300,84
1412369,84
1125357,84
1389049,84
1488501,84
1132673,95
1448288,97
1469785,97
1424009,68
1005733,38
1199112,38
1147013,234
1154039,227
1270940,37
1250143,37
1427638,36
1047461,32
1054157,10
1429640,319
1419037,319
1031315,319
1456519,318
1238858,348
1433450,341
1273195,426
1388619,352
1433284,352
1207528,315
1020914,86
1184809,124
1101299,127
1049974,95
1307058,95
1402432,86
1330573,97
1093878,89
1170942,90
1136234,74
1336913,35
1481273,33
1232719,35
1297029,32
1227586,76
1138532,72
1217013,62
1257492,38
1166466,39
1461892,10
1157087,115
1338101,115
1028066,115
1198902,122
1272992,122
1445613,122
1106028,149
1072843,134
1074625,107
1110407,85
1399261,395
1454243,395
1091379,409
1409591,394
1225625,394
1298752,394
1386787,437
1391503,397
1099252,397
1144316,366
1171130,498
1365329,984
1171863,498
1473197,555
1274263,517
1277137,495
1156522,1291
1387414,1234
1134038,500
1081483,452
1133643,36
1308370,36
1306499,36
1443284,27
1244740,28
1431655,28
1348094,29
1373197,17
1175329,436
1224703,428
1300896,428
1445437,427
1408590,427
1180221,427
1328800,457
1238224,447
1445032,447
1433797,372
1418017,153
1265394,147
1446150,147
1203063,144
1112304,150
1087179,149
1393208,157
1437433,182
1083339,164
1010307,113
1443244,37
1186542,37
1191341,37
1206576,36
1400158,36
1415414,36
1225162,46
1375215,48
1152899,48
1484953,21
1154169,122
1107329,122
1108464,122
1143995,125
1134896,121
1279926,121
1414764,146
1321694,136
1220511,136
1103032,108
1240615,1380
1397490,1384
1355088,1384
1401705,1378
1422185,1387
1390157,1366
1460838,1496
1377519,1469
1310657,1469
1491023,1316
1035528,40
1244162,40
1335442,40
1034995,40
1299500,40
1483231,49
1361035,41
1042151,41
1169768,28
1074099,312
1489678,303
1028985,303
1049598,302
1240507,387
1263294,382
1318084,337
1484213,307
1383207,307
1235435,257
1242759,154
1038515,377
1434725,156
1076706,153
1053052,155
1321083,153
1173318,401
1011628,289
1449610,150
1293946,125
1125250,645
1037647,654
1138222,649
1266103,653
1003947,652
1348210,648
1145349,730
1373036,697
1309199,697
1171211,609
1276632,49
1006869,36
1490016,38
1367690,33
1200641,33
1317691,43
1378510,32
1197398,31
1460062,23
1432590,31
1107995,32
1311380,31
1140546,41
1303417,38
1154781,39
1322706,25
1489068,715
1064789,715
1178264,705
1482167,754
1414147,1319
1318708,1097
1457640,788
1496743,744
1439487,1692
1117036,1617
1464172,47
1204098,93
1014795,91
1420298,67
1412351,50
1107519,46
1286582,56
1201131,48
1253449,47
1233036,39
1062376,66
1399544,53
1130725,53
1066832,30
1175537,34
1320313,36
1416932,44
1474917,35
1134238,23
1397808,134
1149154,134
1274284,134
1414652,133
1357536,133
1225370,132
1383879,146
1418145,137
1400390,134
1422708,110
1198571,31
1181119,119
1249298,128
1419601,31
1119650,31
1409495,44
1327005,35
1303327,33
1080254,23
1414658,165
1474459,165
1272721,172
1174028,173
1484299,171
1319711,164
1457607,192
1167481,164
1471887,165
1456063,137
1321067,78
1232285,51
1342696,49
1389072,50
1057764,50
1108277,81
1123242,61
1294566,60
1476847,30
1414426,64
1143644,64
1022628,64
1271798,64
1296135,64
1245834,64
1195290,75
1001552,77
1207003,77
1143977,48
1049986,688
1058080,692
1385476,692
1197433,691
1157667,690
1462354,690
1447886,754
1414248,736
1071904,736
1233401,639
1048213,171
1447792,171
1422192,171
1333331,184
1345321,184
1359424,183
1188609,214
1351203,177
1121215,183
1325999,158
1055041,171
1260187,171
1372516,171
1478820,170
1281981,170
1170276,170
1352878,195
1086413,194
1174609,192
1210516,149
1216868,151
1312485,151
1114376,151
1214610,149
1092849,249
1423702,245
1067336,178
1112246,154
1128675,154
1260223,124
1064865,86
1010319,114
1398591,114
1301497,96
1221429,95
1387628,95
1065479,120
1374782,88
1064336,87
1402535,69
1378097,112
1052288,113
1280063,112
1488358,112
1146421,112
1261997,111
1273271,142
1379056,142
1320666,139
1282552,86
1012356,133
1280965,133
1067057,133
1007605,188
1292992,188
1478678,174
1251025,217
1134701,168
1225717,185
1238986,143
1193124,275
1056666,275
1312685,275
1336457,274
1454072,416
1360725,416
1070791,499
1284859,299
1000502,299
1091118,247
1310137,717
1303810,717
1277815,721
1239684,686
1244622,621
1417395,673
1301940,811
1209454,710
1280610,710
1110072,549
1315006,327
1274070,119
1460463,119
1180088,125
1086621,160
1199102,125
1263657,160
1354041,165
1270384,165
1270266,100
1388270,467
1206660,467
1347411,467
1130577,466
1218895,466
1188923,466
1420775,513
1264839,453
1131282,453
1289857,383
1187232,34
1154629,35
1071327,184
1104104,170
1424002,35
1278069,33
1162475,49
1315112,36
1278374,36
1156508,28
1221970,114
1039156,114
1013847,114
1269940,118
1249208,118
1032032,118
1381878,143
1179267,136
1103358,110
1031522,94
1441429,485
1205987,480
1126546,485
1062138,484
1168666,484
1428344,476
1192653,504
1025988,512
1092801,512
1466330,366
1253435,366
1003790,390
1407686,341
1386117,540
1041553,524
1160729,431
1105240,369
1275872,400
1064239,350
1129687,168
1037739,169
1342075,155
1480121,168
1102860,145
1483078,112
1004285,190
1069331,188
1434986,225
1305194,102
1124507,102
1348574,103
1265021,101
1134259,102
1124696,102
1475116,116
1214823,108
1395004,106
1238037,91
1128404,41
1234039,41
1204827,41
1152216,41
1302724,33
1323021,33
1003827,53
1145179,43
1072806,43
1101824,19
1327840,87
1489316,86
1191403,86
1162076,85
1079663,87
1018683,86
1134125,101
1097271,96
1341114,92
1302813,75
1200785,24
1214706,24
1095511,25
1226081,49
1368710,63
1312690,63
1047653,55
1189012,55
1469136,80
1302705,52
1017688,51
1398113,31
1362599,321
1120329,382
1301366,373
1002209,409
1240302,401
1233562,394
1110335,429
1348050,430
1058578,442
1335537,347
1098570,44
1073553,44
1044020,44
1165391,24
1204487,24
1472749,214
1244370,200
1437863,22
1336959,22
1394160,35
1131763,25
1063451,24
1140662,16
1288250,76
1157702,76
1107474,76
1128343,76
1101634,90
1119422,90
1023345,115
1298978,91
1207170,91
1312063,65
1383510,52
1393228,62
1417616,88
1129132,122
1301112,54
1333133,50
1177896,59
1183511,51
1474158,56
1043355,44
1023619,35
1486661,35
1130825,35
1046603,34
1129769,83
1104503,79
1340182,66
1488407,40
1280734,39
1153942,15
1473989,152
1292670,152
1256986,152
1164851,151
1093705,151
1181024,151
1398775,172
1177612,157
1208371,155
1414249,122
1452353,369
1024727,452
1275924,372
1174973,403
1336295,393
1407628,368
1215558,641
1095301,613
1129955,387
1150712,331
1469299,24
1119669,24
1192004,24
1374612,15
1130206,20
1029916,20
1414039,30
1276937,22
1025011,21
1148633,412
1269822,412
1122710,412
1368824,403
1267281,410
1010516,412
1207782,440
1107897,403
1355123,403
1245170,590
1394634,586
1107583,671
1278108,510
1328969,538
1102011,524
1333022,560
1320534,609
1077386,549
1233535,560
1194207,36
1448370,36
1079356,36
1184629,36
1071294,36
1093908,36
1239978,45
1263128,47
1188114,47
1042781,21
1279275,53
1305159,53
1195872,52
1271171,63
1287009,51
1125745,51
1067289,64
1114177,66
1432227,85
1087470,42
1237947,773
1452835,776
1029462,776
1365321,770
1377892,785
1378346,785
1261333,859
1427333,832
1157382,832
1168967,759
1297182,23
1200350,23
1050596,22
1347479,23
1157094,94
1356002,94
1016138,98
1309641,93
1499969,215
1318960,209
1132759,126
1156703,98
1347366,100
1479828,66
1353276,79
1310745,179
1259126,84
1399815,83
1479063,83
1280384,83
1273328,325
1329675,319
1296742,81
1097552,66
1175098,360
1107789,305
1472551,359
1434395,359
1204957,358
1066271,303
1201647,357
1207963,342
1224651,338
1102821,261
1252491,29
1245895,25
1481691,25
1161370,24
1212692,23
1318121,14
1321701,44
1412851,36
1276134,42
1410177,38
1169782,47
1017948,47
1155477,39
1307971,26
1467101,145
1455580,144
1073869,148
1164529,151
1242649,216
1458824,212
1205276,184
1153862,155
1026311,292
1100814,207
1433607,44
1325788,83
1222062,86
1095953,127
1192192,44
1003275,43
1419391,53
1213380,45
1449132,44
1025691,36
1166120,59
1492774,48
1389720,44
1029230,31
1352343,35
1368955,49
1012363,35
1318880,35
1122068,18
1320801,137
1363348,138
1006930,134
1033851,135
1405700,135
1456057,135
1495295,159
1403913,142
1493423,143
1157998,112
1169405,128
1122567,179
1141716,25
1133958,7
1199519,7
1411918,0
1089046,121
1420568,121
1094571,121
1015407,124
1343753,120
1290825,120
1247241,146
1383868,119
1419894,117
1048220,96
1401237,51
1093184,51
1037033,51
1462031,50
1294471,50
1324469,60
1037484,54
1455758,53
1140449,40
1452600,29
1462180,28
1210051,28
1448582,28
1153239,37
1292579,39
1444618,39
1253969,13
1066074,179
1040567,177
1033848,179
1060668,176
1364029,176
1062630,177
1094506,202
1358659,200
1465329,196
1440816,146
1453624,123
1366879,95
1066766,95
1218935,96
1456740,117
1272288,116
1229915,143
1295433,113
1187828,121
1426162,98
1390856,28
1064665,29
1440509,28
1239126,27
1396561,28
1352708,27
1169282,40
1368073,41
1087742,40
1239602,18
1254600,49
1187584,49
1256962,52
1250767,48
1183162,106
1279361,102
1441846,76
1025243,52
1301264,55
1087640,29
1045918,64
1060939,84
1453084,81
1389584,75
1109929,74
1195022,76
1303129,101
1470042,67
1425214,66
1480181,44
1120639,41
1421206,41
1357988,41
1004611,40
1274230,45
1339747,41
1035696,52
1021984,54
1019163,53
1364760,31
1098207,97
1144332,67
1001298,54
1052493,56
1116984,56
1358488,69
1479481,95
1479982,65
1250243,65
1224186,50
1476141,65
1092873,65
1411938,65
1288977,64
1414035,79
1477480,79
1441461,104
1334203,80
1011084,80
1272016,55
1291804,459
1083211,459
1459930,459
1080771,462
1290984,414
1371092,423
1129462,539
1146886,450
1075732,450
1481125,387
1383646,101
1262046,74
1031233,74
1313003,73
1111253,73
1464277,74
1449649,90
1241310,91
1311108,91
1359316,63
1328056,408
1338235,408
1424127,409
1006231,407
1217979,406
1256515,407
1230515,442
1167123,395
1186034,395
1459062,347
1131248,39
1159026,131
1196992,88
1019725,34
1038502,47
1345899,38
1149789,31
1434408,452
1331367,359
1151568,381
1038126,359
1105246,385
1354383,366
1375571,445
1188956,425
1350405,426
1040755,357
1329810,351
1095638,351
1045471,400
1026941,328
1383816,594
1342743,423
1081079,413
1404092,374
1497047,374
1077049,331
1298757,91
1346606,92
1350474,95
1096561,100
1424462,100
1257115,100
1448606,109
1410308,106
1397778,114
1274838,83
1181744,22
1086282,22
1342834,22
1191933,21
1455688,30
1156031,28
1463066,21
1307453,20
1328288,9
1170261,183
1200413,181
1249578,182
1392101,199
1076983,196
1395094,197
1291487,223
1166161,204
1237836,202
1109620,158
1353433,21
1279339,21
1205295,21
1431212,21
1271186,21
1491686,30
1180510,24
1383885,11
1341913,50
1144509,67
1210738,66
1472270,58
1374106,58
1241273,58
1388278,82
1483740,52
1052572,51
1401309,29
1400990,104
1259749,89
1240225,29
1092082,41
1227429,31
1097232,42
1312352,29
1268573,31
1232796,31
1035942,31
1299417,30
1386090,26
1016464,26
1303501,48
1176686,43
1080504,42
1446354,21
1181712,48
1274821,82
1159957,80
1131022,80
1194633,73
1148248,40
1027752,50
1286552,42
1087904,42
1343655,30
1289665,98
1359744,98
1216979,98
1007979,96
1267184,131
1475359,95
1399772,127
1044288,104
1204605,102
1166180,66
1029581,49
1049770,49
1239437,47
1218181,38
1439193,38
1461309,39
1203974,54
1039123,42
1269935,41
1189136,26
1297968,223
1259331,223
1135133,223
1421534,222
1413771,222
1178643,224
1078554,246
1495417,227
1274485,227
1335756,191
1201137,428
1320497,481
1483134,436
1363331,426
1186216,435
1068689,527
1371487,919
1379605,874
1207029,423
1436681,375
1052630,28
1260318,24
1257768,22
1221459,23
1080389,316
1256024,260
1328739,268
1245033,259
1252741,254
1424447,259
1139612,299
1498209,309
1123645,308
1323759,254
1292034,65
1157559,65
1208584,65
1290817,64
1427899,64
1161944,64
1217185,77
1259287,79
1192548,79
1177141,53
1255407,435
1338733,435
1482136,435
1147855,436
1311799,436
1306558,436
1494027,481
1265348,516
1083041,516
1003331,364
1084671,22
1127039,23
1111671,21
1149061,21
1432334,21
1036706,31
1173657,23
1099347,266
1376287,270
1124300,266
1468244,265
1015025,301
1083819,262
1217848,300
1298548,270
1434356,274
1482492,227
1320819,253
1248373,373
1008294,255
1232116,252
1255594,223
1318738,314
1446799,522
1486944,492
1386805,222
1413768,189
1462608,348
1418346,348
1491979,348
1407308,349
1010422,349
1108134,349
1224076,397
1140817,393
1025411,393
1403656,292
1217471,44
1104854,44
1256148,41
1458926,37
1412413,37
1006284,37
1426761,49
1139068,42
1316420,41
1259792,28
1483645,36
1349724,33
1427122,30
1072907,27
1453758,27
1131668,27
1442229,37
1065535,26
1390209,25
1462612,16
1489860,32
1389663,29
1206646,37
1365027,28
1283496,36
1262779,29
1435474,43
1294014,33
1132104,39
1018393,19
1258354,501
1133666,479
1066784,512
1167841,508
1468687,644
1328290,586
1240567,507
1424215,478
1057722,656
1349429,646
1053488,31
1058362,59
1281230,58
1053785,56
1324241,49
1039288,43
1386011,48
1143236,42
1233422,42
1272934,32
1242088,37
1209556,28
1052913,28
1266188,18
1249279,18
1125302,26
1272411,15
1039622,3
1075384,180
1332431,173
1141830,181
1032755,196
1183226,196
1444861,196
1465487,225
1116043,195
1155353,192
1394606,145
1211649,45
1338544,45
1206721,161
1213726,147
1121296,46
1341927,45
1126590,57
1017637,48
1116834,63
1179503,47
1158599,187
1218897,187
1144162,191
1191552,186
1419930,186
1068714,186
1034417,208
1153354,185
1402994,187
1174600,159
1067348,25
1000557,25
1141868,23
1193883,23
1477660,23
1374717,26
1005512,24
1481939,12
1194957,83
1209298,83
1491117,83
1021817,84
1238437,84
1088320,84
1353310,96
1151804,98
1275812,98
1152280,70
1253246,195
1210078,190
1364359,184
1015692,196
1200780,201
1473909,191
1114235,222
1035523,198
1060105,192
1130600,164
1409129,27
1150723,27
1181288,27
1303570,38
1076136,40
1496530,17
1131674,134
1262299,134
1213601,134
1300132,133
1305748,206
1087593,150
1494276,162
1004602,139
1218108,139
1485765,112
1369461,82
1332257,100
1208274,100
1084190,91
1054679,91
1381709,91
1006574,105
1100330,83
1459804,83
1074270,61
1323505,157
1159662,157
1458025,157
1453177,157
1314608,157
1134764,157
1150022,181
1086312,185
1465717,181
1279859,141
1134014,134
1472460,135
1492825,135
1415612,227
1019478,181
1059110,139
1204889,167
1169118,137
1451461,137
1112696,102
1236946,74
1434549,74
1120418,74
1403037,88
1144287,125
1358838,125
1290736,112
1259881,89
1401133,89
1126127,64
1169445,503
1004578,495
1179600,504
1308774,505
1302648,566
1319128,554
1088656,531
1299376,464
1292193,465
1305988,385
1015328,75
1459453,46
1051019,46
1321503,45
1055145,45
1234463,45
1010315,59
1374626,60
1186950,60
1285406,37
1318631,186
1250084,186
1307634,186
1149758,184
1067032,184
1434813,184
1002560,214
1156579,174
1396591,171
1392103,133
1249940,38
1425455,38
1154185,109
1015552,95
1082946,38
1286570,42
1254729,46
1006149,46
1412957,46
1252535,39
1339142,39
1442360,39
1303970,51
1111277,43
1317971,43
1003422,30
1270759,561
1251827,428
1441633,477
1246760,427
1077996,427
1059707,472
1256407,515
1046867,486
1336797,484
1335237,399
1089648,180
1237824,180
1443604,213
1315244,201
1254893,338
1019982,166
1395631,213
1498515,185
1233129,176
1478969,140
1429360,42
1120903,43
1255283,42
1228809,45
1257624,53
1066626,53
1383790,56
1236459,48
1158042,52
1110951,36
1094399,48
1171262,48
1216042,48
1040672,37
1164094,33
1290899,60
1362590,49
1436155,30
1141020,74
1137816,74
1268877,75
1177855,73
1418558,80
1134734,73
1325056,85
1145992,78
1049420,77
1362616,58
1384912,16
1473127,42
1323704,51
1329092,51
1245072,42
1238938,42
1084196,44
1442846,43
1025058,18
1428338,62
1090704,48
1320112,17
1297638,17
1337109,29
1385171,25
1155836,110
1234570,144
1066501,158
1306678,148
1115733,138
1166572,125
1442966,140
1460038,112
1193240,113
1434050,97
1129340,152
1182360,152
1478755,152
1287636,150
1439136,219
1311021,170
1483148,184
1084470,157
1177978,154
1199834,119
1210152,20
1281696,20
1051001,28
1056902,21
1386579,151
1252232,156
1392509,151
1473748,149
1194125,149
1452660,150
1313545,175
1220899,153
1176114,151
1368957,120
1290080,646
1089612,1219
1439182,648
1453938,642
1416600,638
1061133,865
1444912,2165
1021121,2394
1317447,633
1115697,565
1439020,22
1161356,24
1359174,24
1181972,20
1140677,20
1254006,21
1249389,439
1144725,310
1024456,310
1333259,309
1158440,313
1245351,309
1209146,362
1336601,368
1229162,368
1147384,326
1202967,41
1266951,57
1123101,40
1397105,40
1451801,40
1410965,52
1132536,54
1089582,53
1009115,31
1443523,167
1163835,167
1494285,167
1318970,164
1230640,164
1350989,165
1469698,195
1157662,195
1365942,193
1241167,136
1474470,21
1199867,21
1410274,20
1424399,20
1275961,10
1123239,161
1300003,156
1142646,156
1406271,155
1081205,226
1272773,172
1107862,189
1445770,162
1114381,160
1415547,120
1160077,223
1091853,286
1330691,488
1415863,222
1334478,222
1141705,401
1420680,469
1487401,306
1204380,229
1052413,195
1242874,142
1077197,143
1127975,142
1230110,139
1166412,141
1066808,141
1470409,156
1342442,157
1139563,157
1003833,123
1013568,21
1458838,21
1242946,23
1117852,17
1444202,17
1240782,17
1377760,21
1197572,36
1109827,36
1259868,36
1363824,29
1225867,29
1199703,41
1393980,27
1376514,18
1302656,53
1141699,50
1433132,47
1454906,46
1474457,47
1353854,49
1238870,60
1102120,56
1381727,37
1165621,329
1067751,329
1367529,329
1419376,333
1217634,454
1435817,374
1388704,400
1050100,344
1447978,506
1223297,415
1057692,52
1208998,100
1142079,98
1114122,107
1348065,90
1123612,64
1147172,72
1449879,53
1410895,54
1474990,40
1462527,44
1486074,35
1393559,35
1126109,25
1454486,25
1483756,31
1138537,19
1325573,54
1051613,55
1191347,57
1459200,62
1119462,62
1353313,62
1265434,75
1338064,66
1391890,77
1094290,45
1494524,64
1122982,48
1247940,24
1492928,20
1447707,350
1306135,350
1375347,365
1210263,349
1031578,364
1224519,364
1094254,401
1331126,364
1412296,364
1464457,324
1429670,30
1048429,30
1266516,29
1064371,29
1010582,39
1279234,31
1140213,31
1462914,19
1028151,69
1078943,66
1254456,68
1282678,64
1182119,68
1430557,68
1044051,79
1372892,82
1120515,77
1489688,51
1247162,393
1272298,277
1423076,277
1080130,282
1053710,282
1164565,271
1205751,322
1210368,274
1260599,272
1121115,238
1198240,129
1144385,126
1437302,126
1132630,125
1101586,185
1091445,136
1295002,134
1448868,132
1435790,102
1431208,128
1431365,144
1385563,144
1087230,135
1471543,135
1097979,169
1256441,159
1444251,132
1213606,130
1296465,104
1269338,34
1196617,34
1158962,34
1378735,33
1249741,33
1350135,34
1431352,45
1267745,47
1257221,24
1045903,282
1168162,224
1199171,223
1192330,220
1026480,216
1359515,218
1183397,258
1352135,221
1263834,219
1219655,175
1104882,40
1064112,39
1103507,39
1359439,38
1362263,50
1115404,50
1495441,72
1263659,52
1492790,51
1472842,29
1220718,170
1035762,167
1005331,170
1144722,153
1375730,165
1053781,165
1221582,185
1101521,163
1464391,155
1118931,133
1402087,35
1267543,26
1031981,26
1131800,25
1226628,25
1429379,37
1084519,38
1054929,38
1111818,17
1127792,103
1148446,103
1099206,103
1109184,101
1229777,101
1297617,101
1237610,135
1069068,100
1090735,98
1383176,65
1318530,46
1349996,32
1102502,15
1079296,362
1264719,362
1431686,362
1320803,361
1011233,363
1377962,361
1192944,386
1405148,354
1405071,354
1123716,299
1453825,407
1309172,407
1227764,408
1149701,324
1030628,503
1058252,494
1491947,433
1494597,401
1401368,388
1435257,352
1475740,60
1441634,73
1473188,57
1453677,55
1138281,55
1365133,67
1201008,57
1221090,56
1252788,39
1312378,115
1121476,115
1452533,115
1151293,115
1048430,114
1078682,114
1174467,130
1076674,122
1054235,122
1438311,98
1172173,27
1211628,27
1114022,27
1119679,27
1098728,31
1402934,74
1022522,35
1190225,24
1280461,144
1042807,144
1403241,143
1184545,142
1338050,140
1026597,144
1451444,172
1001753,147
1244369,144
1114154,106
1251743,21
1216807,30
1044810,21
1329636,40
1292821,52
1107124,52
1295439,43
1052382,42
1108059,68
1292720,49
1149871,48
1133587,21
1411654,47
1217172,46
1447046,36
1367645,32
1001659,60
1228444,51
1433924,52
1371163,71
1408863,14
1477833,31
1283271,31
1257511,31
1159801,30
1099699,30
1378391,30
1419443,40
1302328,43
1455533,42
1466302,16
1216929,70
1314022,41
1313140,33
1224624,37
1401467,37
1352497,25
1448084,51
1362746,52
1267173,51
1105075,51
1307999,64
1488767,64
1040530,87
1131755,64
1492694,63
1027892,41
1099057,43
1225458,88
1010715,87
1387667,86
1346873,79
1408529,42
1164196,52
1067861,46
1286769,48
1310185,36
1112704,85
1055978,85
1093150,85
1332210,84
1045586,126
1399769,122
1428523,115
1056581,91
1447191,91
1384034,58
1137590,17
1263027,17
1396476,17
1393708,22
1098120,22
1146079,23
1176683,34
1236232,25
1043714,21
1112290,8
1315890,304
1251960,304
1344744,304
1285953,303
1222463,303
1380883,303
1155889,338
1190568,298
1429669,298
1351758,247
1122867,517
1428085,1066
1055368,547
1181140,546
1192825,514
1497180,514
1248212,1493
1144793,1439
1361907,567
1307127,471
1296593,22
1288029,15
1136665,20
1374497,22
1038293,21
1113345,463
1129168,463
1156793,463
1095528,464
1306049,462
1282473,461
1316409,500
1394640,456
1009777,456
1386654,410
1154407,78
1423212,91
1413911,84
1007465,77
1392733,77
1343164,73
1114869,106
1399552,96
1208940,71
1112607,38
1040360,38
1119698,37
1325998,37
1147410,37
1305088,47
1158546,49
1323328,49
1158006,22
1119887,25
1165697,25
1403211,18
1443517,15
1014151,725
1374002,732
1417996,729
1141881,728
1219590,738
1373220,738
1355558,789
1042282,773
1323969,773
1480827,718
1181254,26
1150997,26
1379420,25
1033770,27
1451868,14
1108405,298
1481278,298
1127853,298
1069729,297
1028848,385
1201050,381
1278761,339
1182751,295
1494451,295
1346198,242
1367068,149
1393667,309
1263571,153
1395629,152
1395320,152
1486344,152
1100089,358
1316600,311
1133091,159
1497480,108
1196661,353
1496261,387
1194929,357
1209119,356
1397954,356
1433003,356
1306725,409
1355897,394
1064394,389
1299518,328
1100813,26
1103179,26
1349648,26
1360039,19
1008284,19
1372827,45
1022366,36
1247275,23
1250692,36
1166812,25
1075237,25
1284106,21
1132690,21
1021330,20
1173609,19
1161832,29
1084054,24
1196971,23
1287686,24
1490438,34
1377459,31
1284858,27
1215512,13
1013410,260
1306922,260
1407650,261
1115185,302
1300326,375
1348608,298
1077818,330
1431835,265
1314817,419
1066068,333
1236383,55
1051153,55
1403654,51
1458515,45
1092603,22
1406779,32
1363499,24
1308591,25
1445820,11
1339495,39
1031284,18
1011989,23
1092978,23
1416822,30
1044644,21
1400124,17
1020688,9
1132214,150
1299296,135
1328803,151
1334503,133
1383625,149
1448378,149
1069438,180
1171702,148
1152361,146
1150037,107
1198481,125
1397183,129
1149053,37
1380157,51
1016217,43
1237054,392
1044369,392
1157822,387
1420945,415
1375200,404
1358278,385
1205185,436
1362253,397
1263433,379
1337606,336
1266676,26
1311688,26
1369119,26
1391955,27
1095582,26
1236493,36
1350052,28
1396061,28
1422724,26
1416267,26
1023518,26
1210701,26
1084100,26
1161473,26
1245334,35
1471348,37
1155624,37
1303316,11
1072688,83
1082037,86
1248088,103
1240215,102
1140940,102
1372767,102
1319511,113
1163430,115
1024275,115
1176115,92
1230753,214
1459901,214
1283901,214
1420906,226
1125326,218
1280096,226
1256216,263
1497839,221
1056161,221
1249726,206
1038455,22
1434793,22
1160822,22
1346146,82
1428646,78
1449241,78
1411131,76
1001411,85
1385630,117
1237972,111
1078865,74
1319741,72
1309594,42
1146287,79
1352895,100
1378461,101
1426530,93
1437824,93
1028205,91
1326348,117
1025298,94
1421003,82
1356082,61
1213133,26
1400057,26
1006359,25
1478327,25
1264778,26
1296198,38
1091285,38
1188584,201
1289252,201
1121717,201
1165494,200
1133975,199
1017195,200
1473572,237
1156194,201
1420711,193
1050364,181
1218991,32
1036017,32
1114325,29
1038860,29
1322237,48
1073235,45
1314434,45
1418720,22
1245711,261
1063433,261
1035108,334
1352358,303
1074658,256
1499594,273
1056537,411
1255064,254
1421744,252
1109478,220
1194904,32
1371113,23
1478926,23
1218200,22
1194155,22
1393791,22
1356548,36
1087090,35
1362391,14
1000962,328
1031818,328
1467100,328
1034605,327
1101780,330
1002344,327
1046072,364
1442812,312
1345228,312
1113888,257
1219117,37
1297015,130
1202918,116
1354197,37
1268287,48
1242062,39
1046820,17
1013774,17
1383287,16
1249173,16
1402527,7
1088465,466
1321672,463
1493321,463
1486372,462
1411581,465
1338165,462
1206135,481
1093502,459
1461412,459
1015740,413
1189256,413
1128323,413
1326661,390
1242328,1046
1210696,508
1120940,470
1045314,439
1270338,410
1491051,381
1321001,279
1149554,276
1321455,280
1220031,278
1249562,254
1221659,277
1448873,313
1201558,299
1112961,296
1441542,247
1227620,112
1060282,116
1212298,116
1324089,118
1160616,115
1125254,112
1367408,128
1164080,120
1095594,121
1441231,102
1418316,48
1028314,48
1376664,59
1001180,61
1317946,51
1162285,97
1183217,44
1344949,43
1207523,31
1102512,81
1361643,81
1135403,81
1171163,75
1473307,71
1038042,79
1053898,90
1496571,83
1142142,83
1162420,66
1199487,21
1373867,21
1424223,34
1451930,20
1370497,22
1065924,9
1083741,28
1234248,31
1088860,55
1356258,46
1302259,46
1152733,23
1484698,69
1261194,30
1230150,30
1107553,16
1100828,380
1201667,384
1162414,353
1162048,379
1360889,386
1070154,379
1242415,414
1009155,408
1007348,409
1257698,324
1386147,49
1477962,49
1164241,49
1313079,49
1489391,49
1217690,49
1403412,59
1067902,61
1016818,60
1451414,34
1144387,47
1357820,47
1123456,250
1000586,236
1286790,46
1115930,47
1193439,43
1219711,37
1438799,63
1011484,63
1146910,63
1078476,62
1273798,73
1381479,73
1414898,97
1313752,77
1097004,76
1295157,50
1065465,53
1344156,69
1055855,69
1234968,113
1249681,41
1066635,41
1064923,52
1167876,44
1053807,45
1237785,32
1471314,89
1249240,89
1119440,89
1039592,87
1014849,140
1196535,98
1292202,122
1275446,93
1454082,92
1373757,59
1346922,35
1058487,35
1357585,35
1246808,36
1099146,36
1412353,36
1468339,61
1313065,52
1490279,22
1444037,163
1032563,163
1412227,163
1397626,162
1215207,162
1284712,162
1480206,193
1344652,167
1362439,164
1089623,134
1175542,517
1314812,1090
1408441,527
1198898,540
1096814,515
1019929,516
1050747,1421
1059227,1082
1304119,508
1062397,443
1213487,24
1167608,30
1037042,535
1363682,535
1129795,535
1212698,532
1432412,534
1307351,531
1028375,569
1429330,567
1488638,567
1413805,502
1068732,183
1459985,174
1275261,188
1178436,189
1118377,182
1222153,187
1121953,210
1108733,199
1243875,197
1444290,156
1410568,57
1201705,55
1422145,55
1265812,56
1143936,55
1207164,55
1035471,65
1182115,67
1301690,66
1043957,40
1412117,45
1239970,45
1415533,45
1058293,46
1328879,44
1188626,72
1184088,55
1131958,58
1014626,57
1350558,35
1470774,710
1299041,713
1105837,713
1082803,711
1023822,711
1312925,711
1089746,776
1133734,764
1096643,764
1095601,669
1118778,21
1318169,20
1167507,20
1415526,30
1461383,22
1010375,357
1440426,357
1154587,357
1079575,355
1158030,475
1362696,469
1066731,391
1347823,361
1295629,361
1318474,361
1013232,137
1252214,294
1390132,140
1114889,139
1096101,139
1459986,139
1173416,313
1044076,302
1112081,145
1128597,112
1117544,473
1417850,476
1211259,473
1431972,462
1475506,464
1409045,472
1410758,529
1368841,513
1409653,519
1251129,418
1472488,30
1461331,40
1253822,40
1407561,31
1191571,25
1492538,25
1143486,35
1004907,24
1127961,24
1186842,36
1008262,25
1274142,21
1048054,21
1384843,25
1351109,32
1353818,25
1063035,25
1352845,11
1128433,643
1407888,649
1212422,649
1279701,689
1453508,1248
1349422,1210
1292070,728
1124122,686
1192277,1606
1413046,1268
1028748,48
1443200,69
1043603,76
1219673,110
1152131,34
1393223,34
1420107,44
1216873,36
1190133,37
1430193,27
1014965,114
1078132,70
1292424,70
1255258,29
1066079,36
1105879,43
1411353,34
1449547,20
1234887,142
1125678,141
1435855,141
1056982,140
1107898,140
1420115,137
1382425,160
1456487,146
1204895,145
1271507,123
1229377,19
1038196,19
1008268,174
1429686,124
1258400,41
1168925,22
1036885,1
1480686,234
1317736,218
1209072,218
1100649,240
1305444,221
1491431,219
1378334,263
1225887,217
1326777,217
1133252,182
1097687,38
1139498,38
1411557,38
1333045,37
1318193,37
1406669,37
1405764,39
1147888,39
1488755,27
1151189,236
1024790,234
1164052,234
1230002,233
1441669,232
1407711,232
1002962,267
1307976,264
1328697,260
1193459,201
1331356,225
1397910,159
1033866,159
1185243,499
1340832,154
1422405,154
1000907,185
1140986,157
1166061,157
1147826,112
1174075,41
1121861,41
1427424,40
1202501,40
1211307,52
1391383,54
1051248,53
1124427,31
1143781,91
1122608,91
1173756,91
1218630,90
1072974,152
1271370,146
1108945,122
1303182,99
1323756,96
1219727,69
1398197,45
1089695,91
1356105,91
1402798,82
1291085,51
1404814,83
1428083,105
1203717,47
1111706,47
1394938,28
1108936,56
1105792,56
1306121,56
1393546,55
1452330,66
1384949,65
1369516,69
1386732,71
1402801,71
1487219,46
1487448,259
1189549,195
1264146,195
1352579,193
1165448,193
1203426,194
1123527,223
1219158,191
1356081,191
1251853,147
1359239,64
1323864,63
1110355,63
1234810,62
1092030,80
1262482,80
1327710,105
1431000,78
1223860,77
1381768,52
1451012,576
1035076,576
1161618,576
1443293,652
1071762,570
1489624,604
1436386,679
1396514,564
1039985,564
1458659,473
1478260,175
1211763,95
1461264,95
1452748,94
1454882,94
1178109,94
1151588,112
1093068,113
1069584,113
1188384,81
1019856,404
1203766,404
1355799,404
1344056,403
1439488,403
1402415,403
1026211,435
1370612,391
1218651,391
1374767,329
1095558,38
1230790,38
1219964,107
1230004,108
1283749,37
1081422,37
1068866,27
1102942,28
1413625,28
1266101,28
1006570,23
1102106,23
1392645,23
1136584,48
1453858,39
1029171,27
1194113,14
1336189,225
1039864,170
1378231,170
1339671,182
1314578,174
1403828,186
1249231,199
1311330,209
1476081,209
1413988,161
1431384,276
1487673,258
1068668,309
1063833,287
1393194,414
1359636,407
1108677,308
1304133,276
1485109,280
1485137,230
1045996,88
1044730,88
1150354,88
1446291,110
1001106,90
1356071,93
1101252,101
1223036,94
1134987,93
1062304,80
1116597,43
1145893,43
1025496,43
1218778,50
1153423,48
1357408,53
1286873,40
1402952,41
1170957,27
1361706,60
1014000,57
1039951,60
1473600,62
1265560,67
1462466,62
1114666,71
1443948,78
1401506,63
1253336,46
1229602,35
1486505,35
1487852,34
1445743,34
1310175,36
1134018,35
1448035,23
1296975,51
1029539,61
1304389,61
1110541,52
1331960,52
1218721,52
1154883,71
1490445,48
1181176,33
1356273,36
1412186,117
1114401,164
1228683,36
1337833,36
1050850,48
1457667,41
1024014,36
1171411,41
1257636,41
1074009,41
1145515,39
1248367,53
1298875,76
1448070,54
1179183,54
1395822,31
1303811,32
1412306,88
1087455,62
1028514,84
1467820,28
1491649,45
1474249,41
1028658,33
1491544,33
1163145,21
1433035,83
1459830,83
1174361,83
1250822,82
1078406,91
1499791,88
1233243,108
1149972,91
1014740,91
1022510,62
1235837,66
1371786,66
1493420,62
1010170,55
1425445,52
1273778,55
1270680,66
1376166,56
1164762,56
1344143,43
1160893,103
1236978,103
1453878,103
1246866,103
1302283,103
1064732,103
1141248,113
1080727,105
1487939,104
1295266,89
1013660,262
1093949,315
1429810,262
1130721,261
1138486,261
1372175,261
1272747,526
1182172,311
1026845,251
1346301,215
1272184,26
1340133,26
1233411,26
1194326,16
1498415,22
1074808,22
1216412,32
1241604,24
1345822,23
1372115,170
1423689,162
1293491,161
1308693,161
1209311,161
1110021,161
1277171,184
1020754,167
1161508,165
1374528,135
1197461,85
1329651,85
1040737,87
1480946,90
1498109,85
1002703,85
1349426,98
1004288,100
1444755,100
1074093,72
1115748,519
1281521,532
1451363,532
1430974,530
1461605,531
1248805,539
1365062,592
1413517,588
1079468,614
1462434,485
1056092,23
1365006,23
1456089,23
1446786,23
1040817,33
1109353,25
1487989,24
1121159,12
1222840,99
1460813,99
1487066,99
1079005,98
1388676,103
1371072,98
1297231,125
1016210,107
1210558,107
1123675,77
1086030,109
1394115,206
1278363,97
1085675,96
1091432,96
1484666,96
1459972,273
1025645,198
1253204,94
1150554,81
1353589,339
1083761,340
1017978,325
1204607,336
1179263,337
1287664,331
1101142,385
1259598,379
1403541,369
1101243,284
1202680,49
1343708,49
1386496,49
1391427,41
1230052,41
1047182,41
1131586,53
1169082,46
1065210,45
1322258,32
1062507,32
1369946,32
1266139,32
1317106,24
1200557,24
1442391,34
1141389,23
1209068,13
1048616,21
1161399,22
1246499,21
1173875,20
1295803,22
1382915,25
1270557,10
1387232,177
1234509,177
1131712,184
1041891,193
1189265,232
1242154,230
1271716,213
1241557,187
1056516,322
1103361,228
1333733,30
1001630,58
1071359,59
1309758,79
1363781,48
1275758,39
1335742,36
1385596,28
1379435,37
1065819,37
1192767,28
1281501,36
1307572,25
1456322,25
1431483,45
1062258,44
1333906,49
1106524,52
1290036,52
1184862,52
1096073,65
1031537,56
1203109,55
1071558,34
1101932,18
1044801,18
1079827,30
1285141,55
1075442,17
1499597,17
1343162,21
1476106,99
1049161,94
1364913,96
1193107,94
1180048,99
1358834,99
1151399,134
1044081,99
1466579,98
1014859,81
1332396,32
1266400,32
1472252,31
1003603,32
1409616,33
1059512,21
1484676,162
1368949,161
1329321,160
1375533,158
1107947,157
1425745,160
1273134,190
1436258,189
1254725,191
1421375,131
1325792,116
1193535,113
1218040,116
1236341,117
1062111,115
1128983,118
1391564,147
1321495,112
1210468,112
1203757,91
1412587,23
1433116,23
1042053,23
1124635,23
1154252,23
1279658,23
1407745,33
1186723,35
1470954,35
1368908,13
1374038,101
1153248,100
1345956,100
1393237,99
1014560,105
1012199,101
1077136,125
1119709,108
1046854,107
1283164,81
1314508,67
1471054,79
1128581,79
1166222,70
1188988,69
1134994,82
1378089,70
1135823,64
1235260,48
1377286,101
1308546,101
1196922,101
1163908,100
1085465,100
1068315,100
1234038,114
1038950,116
1444536,116
1283324,90
1191789,109
1438073,112
1172474,109
1280261,119
1275016,119
1145855,113
1232971,147
1224224,114
1062528,115
1057817,80
1337490,103
1433830,103
1304337,103
1167678,101
1299855,114
1311195,118
1432084,137
1180256,118
1421002,118
1053628,89
1121324,342
1026413,348
1070072,369
1146493,368
1023501,389
1453489,367
1038965,392
1347849,311
1045776,305
1452750,283
1021010,53
1136984,36
1234163,36
1215779,35
1370085,35
1152832,36
1214420,48
1143861,49
1223574,48
1456445,28
1030306,141
1056828,140
1140717,141
1289609,140
1355546,138
1104076,140
1172744,165
1031169,137
1242193,136
1145750,116
1050897,84
1272957,119
1122296,31
1152640,29
1183320,42
1436037,39
1110617,37
1028234,36
1061389,28
1272403,28
1034465,28
1040003,32
1163226,551
1031803,551
1429552,552
1126332,551
1204816,551
1356232,551
1017032,580
1074980,584
1405502,584
1012125,474
1169730,521
1326969,523
1290989,574
1324687,421
1435521,1074
1424670,1348
1217911,632
1445424,548
1307778,547
1109546,483
1322878,170
1050289,173
1361083,168
1159200,151
1180812,155
1378506,152
1287932,191
1314601,187
1360376,190
1316856,133
1401754,69
1091471,63
1300817,69
1193216,68
1060409,64
1209654,64
1282653,80
1425189,69
1361061,72
1099961,50
1476887,52
1108169,52
1344879,52
1017490,51
1176469,58
1130081,63
1058797,60
1296440,49
1341876,49
1042340,34
1480288,59
1388976,59
1119648,62
1321873,59
1261615,61
1427961,61
1363989,71
1410687,65
1431485,65
1457142,49
1190838,32
1280906,32
1123939,32
1338164,31
1455555,31
1478284,33
1151232,32
1129758,20
1436307,42
1144232,49
1206831,49
1035382,40
1196146,40
1260615,40
1312498,64
1136753,46
1489232,44
1035832,28
1061276,157
1015088,152
1292002,165
1285083,156
1343995,158
1304918,157
1017601,186
1180813,193
1169611,183
1346633,131
1207310,67
1452410,67
1318219,67
1260006,66
1372927,66
1133760,66
1075937,79
1025820,80
1310403,79
1030704,52
1415287,36
1180965,36
1113679,133
1357660,119
1161674,35
1334489,36
1069619,48
1315618,38
1274761,38
1185715,29
1281482,191
1185994,192
1101359,229
1224536,229
1416326,297
1489036,291
1432032,288
1485473,224
1191888,249
1140077,207
1307302,39
1177684,42
1331883,42
1425911,73
1293866,32
1062563,37
1201874,50
1153088,39
1234655,42
1157099,28
1161036,59
1135545,59
1442958,59
1314621,35
1388384,87
1227978,39
1301241,78
1184839,41
1046279,64
1167856,43
1113162,72
1384889,72
1442329,72
1199138,88
1401990,88
1238679,88
1464254,113
1140293,104
1457212,70
1189272,54
1271696,183
1139577,183
1148826,183
1317428,194
1018320,182
1099215,182
1402594,224
1180246,186
1047356,184
1486518,152
1223600,366
1358943,431
1092417,365
1198010,388
1048692,384
1184868,384
1302853,610
1011499,446
1413467,355
1233653,337
1434166,32
1432772,32
1496055,32
1399699,23
1037988,26
1104148,36
1193669,28
1279111,27
1121988,431
1115180,445
1008616,429
1359199,452
1466525,457
1060044,430
1237487,459
1445380,457
1070424,457
1324840,399
1210001,177
1406512,177
1476709,172
1469794,174
1227316,171
1434845,171
1026204,216
1325430,193
1311405,197
1487564,149
1012771,72
1492039,72
1409644,72
1069560,72
1230159,72
1451740,72
1223669,83
1480159,85
1329548,85
1008093,57
1240273,57
1245225,57
1103636,57
1309363,56
1095731,56
1444210,65
1270167,95
1040828,90
1271717,70
1112011,47
1123214,1466
1038791,1469
1134852,1468
1403461,1476
1002912,1485
1089089,1452
1082554,1490
1353572,1468
1015394,1541
1320654,1403
1450412,25
1346636,25
1142017,25
1232162,25
1258738,25
1440844,35
1355348,14
1047465,400
1052061,400
1246412,400
1305157,364
1412668,477
1196150,466
1023855,416
1497263,362
1163695,362
1447975,365
1083097,154
1181871,339
1040695,157
1063801,156
1341226,156
1009874,156
1079968,252
1331936,262
1325121,152
1370183,130
1161630,912
1021993,915
1179517,915
1332254,915
1319159,914
1356974,905
1290939,947
1401750,920
1064767,979
1070383,878
1105919,35
1270179,36
1026319,36
1032990,33
1166528,33
1156987,31
1015916,21
1448825,27
1212228,27
1301184,27
1201561,27
1315874,27
1291984,37
1364501,34
1410066,30
1349184,318
1130619,318
1096780,321
1352350,352
1467630,433
1225027,482
1319162,379
1196160,324
1304965,463
1163371,379
1410444,45
1447902,91
1220066,94
1395996,83
1050155,56
1405958,44
1460942,54
1156794,46
1259715,47
1290300,33
1407667,76
1268061,48
1435514,48
1118148,35
1110023,40
1016117,40
1057728,50
1269429,41
1398750,34
1307215,27
1053207,130
1381358,130
1255638,129
1176118,129
1043550,128
1369209,128
1359946,142
1311666,136
1064580,133
1006230,103
1415441,42
1178941,154
1146905,119
1344481,42
1495378,47
1337557,29
1246312,170
1171690,187
1445691,195
1086007,169
1304601,237
1292707,186
1350725,217
1126286,166
1167983,164
1340967,125
1321976,28
1088772,28
1446950,28
1210886,27
1321519,27
1454833,27
1231250,37
1060841,30
1063119,29
1368987,18
1106904,77
1345120,77
1121990,77
1432624,76
1306602,76
1096748,76
1346881,88
1417343,90
1248441,89
1369427,62
1034885,202
1188905,202
1000505,202
1155391,203
1175738,201
1346234,201
1177275,234
1379838,231
1492943,231
1308976,169
1086708,129
1137260,95
1412405,95
1407411,120
1333872,120
1469078,121
1445891,145
1306540,114
1015130,114
1306586,107
1288584,110
1216944,110
1394355,110
1285022,110
1462965,110
1205977,129
1349950,140
1340917,126
1191343,125
1262924,99
1106662,217
1095231,217
1210181,186
1032488,184
1351353,270
1277125,266
1277374,240
1030600,187
1497254,187
1294314,202
1120835,63
1168918,83
1010155,74
1219862,74
1262985,74
1489334,98
1272770,67
1139055,64
1005607,51
1433314,75
1145467,75
1375025,75
1095276,74
1187504,75
1167315,75
1162925,88
1129751,90
1154706,90
1428567,59
1432009,198
1119531,113
1430629,113
1258284,155
1404233,112
1059406,148
1141667,174
1354571,143
1284851,143
1266965,122
1403343,165
1050693,165
1389483,214
1028926,214
1164432,374
1022069,374
1424160,292
1466699,189
1013907,233
1325027,146
1111122,695
1152573,695
1139647,698
1194544,612
1473726,645
1357020,691
1226117,824
1018768,689
1259325,689
1497891,564
1011931,298
1108509,91
1137755,91
1313978,91
1154103,117
1023140,117
1398600,117
1300190,115
1019457,136
1443796,82
1251406,479
1077955,479
1432633,479
1135634,478
1053800,478
1300651,478
1403400,523
1084536,464
1422024,464
1067466,413
1181335,41
1407215,122
1250390,108
1119553,40
1431014,40
1141140,53
1362663,44
1258340,33
1477586,54
1232549,53
1421415,53
1499661,58
1390906,58
1392104,58
1341715,84
1459707,75
1213952,52
1319632,36
1284837,686
1493378,686
1108062,686
1199115,688
1234045,684
1150824,684
1195695,710
1437201,657
1332203,657
1025247,556
1350211,888
1108160,884
1306384,884
1301386,1259
1359640,2245
1065859,2397
1461969,1029
1456556,976
1186540,967
1188205,862
1062543,425
1398189,425
1466289,422
1184561,438
1388769,423
1022676,452
1107883,498
1457400,492
1084848,471
1301668,365
1191468,107
1043523,104
1106934,104
1232746,106
1150178,106
1464884,103
1454215,114
1276479,107
1157583,109
1435668,90
1061430,109
1289127,107
1205864,107
1239910,106
1410666,71
1312333,82
1485353,129
1257696,108
1103602,106
1380060,78
1078789,87
1258021,85
1033797,87
1351003,84
1258210,84
1050711,85
1134300,98
1385089,93
1353835,92
1121782,72
1417469,33
1399537,33
1357556,32
1173518,32
1165681,32
1135715,42
1461113,34
1162104,91
1140483,110
1256636,111
1226418,102
1426747,102
1229906,101
1177248,127
1438430,95
1011649,94
1495463,73
1123146,528
1283686,528
1013187,528
1209472,527
1074286,527
1182203,472
1270377,575
1129511,394
1480157,562
1036327,434
1336480,107
1230167,107
1161027,107
1474084,106
1018008,106
1078258,106
1191793,117
1463167,120
1209802,119
1316201,91
1480252,34
1157948,34
1484457,151
1342379,178
1008085,34
1235730,67
1021989,36
1450107,24
1347721,352
1025278,352
1179188,352
1087166,351
1157826,274
1249459,448
1180417,546
1120848,385
1014416,385
1424299,293
1103877,118
1410995,132
1106286,149
1079826,131
1299309,123
1156239,117
1167739,128
1035520,120
1474882,119
1436002,103
1106947,40
1038730,32
1007039,32
1109602,34
1307498,38
1163586,70
1454022,77
1319449,37
1221686,37
1450663,11
1278837,101
1430956,101
1058059,101
1391914,108
1284694,108
1047034,109
1128200,135
1362834,126
1372825,93
1261755,76
1114322,472
1169375,472
1242200,491
1477386,470
1394203,471
1276366,471
1138700,514
1009855,466
1375467,466
1495420,437
1494572,672
1443408,1809
1046238,672
1046430,739
1258929,744
1162336,743
1119487,2962
1390966,2901
1207032,740
1277215,599
1350522,63
1137795,63
1002793,63
1461455,54
1171371,45
1322633,45
1164057,55
1440801,47
1490055,46
1193418,694
1198884,694
1410268,694
1319050,694
1201688,694
1309747,693
1445768,738
1161906,668
1010865,665
1362178,588
1335657,475
1371464,448
1322076,487
1192580,486
1315446,486
1477854,486
1198926,484
1206563,552
1342655,528
1290673,430
1223905,80
1266392,80
1291976,80
1164193,80
1394245,80
1414710,80
1006345,92
1152630,94
1332072,94
1387257,64
1099622,104
1224371,104
1078580,104
1354327,103
1069327,109
1290290,110
1036858,123
1410348,121
1330379,119
1065783,88
1185434,1524
1101049,1654
1101699,1654
1089294,1680
1480593,1564
1339799,1670
1261433,1799
1397430,1653
1083089,1650
1138673,1597
1088540,37
1085191,38
1338003,37
1203469,36
1255321,37
1178671,37
1061782,47
1346062,39
1088986,27
1410375,396
1103878,379
1415587,379
1320629,378
1259587,417
1435587,453
1222378,397
1148437,358
1307388,358
1203171,342
1023532,190
1429992,539
1020444,214
1217757,195
1323110,195
1428418,195
1339749,538
1300869,524
1077843,196
1490233,159
1266519,821
1137275,871
1266254,871
1125205,858
1282243,820
1265496,858
1269069,940
1421700,910
1095834,910
1175473,809
1478221,49
1387281,49
1446736,49
1040382,53
1130883,53
1218824,53
1315250,79
1148711,70
1169207,49
1192336,35
1258982,36
1126069,36
1316507,36
1171598,32
1418313,32
1290649,32
1390837,43
1197163,32
1030401,32
1483696,20
1129265,51
1012371,57
1415273,54
1070312,56
1345540,51
1336029,63
1217162,54
1272790,56
1301604,40
1405386,857
1167724,867
1126396,856
1237585,988
1405719,1880
1406813,1880
1285817,1046
1386434,965
1062686,2551
1258300,2623
1227192,70
1404963,86
1175735,115
1104176,120
1222583,73
1080833,70
1088693,79
1272865,71
1476491,74
1038852,59
1139472,46
1112793,36
1175594,36
1298517,23
1255481,26
1080589,27
1128383,21
1201129,14
1136805,154
1311206,155
1041160,155
1117290,154
1136497,153
1126149,154
1014383,178
1363114,161
1421040,158
1355617,130
1005745,129
1498006,97
1009210,48
1430653,48
1214827,69
1222373,49
1371009,48
1053905,27
1364079,175
1115318,175
1454707,175
1012151,225
1402108,173
1136298,185
1196671,210
1173061,184
1275935,182
1316352,145
1160060,55
1029300,55
1202641,55
1305385,55
1392013,55
1473273,55
1210621,65
1385103,57
1483936,56
1127484,44
1334472,113
1364248,114
1349737,113
1487287,113
1426756,113
1459447,112
1224526,127
1127290,129
1114943,128
1179480,93
1353114,636
1253464,704
1242076,704
1340873,703
1412456,635
1210302,702
1404230,758
1199301,742
1323295,742
1325558,652
1435797,187
1230293,164
1476138,164
1378907,206
1463942,197
1066858,198
1141573,228
1482473,192
1315422,199
1154170,173
1098408,68
1466943,68
1001101,68
1219612,67
1165887,67
1125271,67
1413674,81
1425133,98
1104431,82
1468731,53
1268382,81
1212416,75
1258074,75
1443392,74
1297279,86
1354271,120
1349257,103
1085416,84
1458913,77
1392222,38
1252749,144
1205708,192
1268510,192
1407369,174
1305864,170
1396943,170
1399299,196
1314371,151
1099354,147
1339781,124
1091951,138
1414650,138
1122981,138
1030360,142
1272696,137
1146788,137
1056095,166
1406516,164
1021686,163
1005332,114
1225674,141
1334883,141
1138288,141
1175267,176
1463904,182
1357643,172
1361886,203
1115214,167
1440633,167
1173767,147
1195122,170
1078493,170
1327218,170
1076853,169
1416374,254
1383696,288
1028933,319
1161361,188
1073713,186
1287364,147
1363184,720
1199993,703
1497719,700
1027254,695
1033201,645
1105714,714
1088152,820
1105750,718
1001499,701
1445468,569
1171323,565
1164578,281
1457732,281
1305267,285
1051084,285
1356816,286
1374452,344
1464106,342
1165966,342
1439454,254
1405793,644
1087935,644
1482706,644
1391417,637
1352442,637
1445173,637
1194190,687
1492896,629
1044219,629
1047140,526
1270897,36
1314522,36
1377865,122
1347818,92
1124731,35
1487297,40
1378911,40
1461034,29
1172455,68
1256536,68
1089322,68
1155514,77
1086787,77
1322050,77
1314452,103
1397380,94
1127289,65
1205071,50
1051139,181
1252119,133
1442758,133
1316588,131
1026142,132
1456297,136
1303542,153
1376226,124
1124573,123
1214594,81
1413230,128
1288873,128
1497306,144
1045529,226
1211162,157
1363689,155
1353804,156
1224929,119
1087629,172
1007589,154
1158737,47
1372362,55
1219920,47
1103872,50
1397755,54
1402368,53
1481384,70
1303248,57
1493585,63
1207746,43
1141137,34
1087160,34
1159717,34
1474172,37
1162341,35
1131373,32
1459844,21
1246489,94
1496832,92
1383829,95
1252476,94
1249332,94
1480810,104
1096564,117
1298371,100
1482350,125
1239703,105
1314748,20
1145540,20
1351129,21
1029384,9
1102053,56
1078797,73
1270116,73
1195405,63
1431006,64
1036045,89
1323407,59
1071612,63
1412128,37
1329839,18
1122832,49
1160992,89
1198402,91
1311634,92
1475918,81
1310608,58
1402246,55
1148436,47
1156317,46
1413495,59
1392268,59
1223784,59
1230218,58
1277563,56
1129549,52
1036213,84
1038824,65
1202518,65
1059545,36
1011440,184
1477503,97
1130262,71
1346600,70
1339163,70
1204193,70
1159117,86
1210989,73
1392125,73
1469797,53
1359351,512
1090440,710
1398868,517
1370143,510
1312652,516
1299021,511
1105415,1333
1243449,1305
1372564,501
1123616,420
1278640,18
1161784,212
1274462,148
1110391,148
1083245,147
1321283,147
1249754,148
1053779,176
1034869,166
1429223,166
1479594,130
1065649,26
1247475,25
1017376,25
1069813,25
1146173,36
1046576,38
1070359,38
1261208,16
1295739,123
1371494,121
1242910,121
1297462,121
1408420,121
1468795,122
1322980,138
1278810,138
1286425,138
1287421,106
1137875,72
1066080,72
1421641,72
1365140,71
1095442,65
1076755,60
1404791,91
1035671,76
1431880,75
1143822,52
1233267,136
1394833,239
1179749,137
1296432,135
1442048,132
1285582,130
1402829,293
1272532,279
1484749,138
1118851,109
1009685,99
1103790,99
1081466,99
1067689,100
1320892,100
1425915,100
1265570,123
1117394,122
1131780,120
1242389,73
1049606,33
1345251,27
1033602,26
1353342,35
1099601,14
1242070,14
1165673,21
1272610,22
1304675,28
1111610,26
1103610,27
1119849,30
1025188,26
1452732,11
1198164,215
1159741,215
1495381,205
1279465,206
1089873,280
1126918,276
1193654,236
1392600,205
1007620,286
1046609,242
1089220,35
1448499,65
1480977,65
1165626,62
1400690,56
1398185,45
1287476,42
1002446,34
1280812,33
1496509,21
1411840,28
1333737,28
1455813,0
1032114,7
1202461,78
1224855,68
1453460,75
1241492,95
1049602,83
1235695,83
1474850,109
1228447,111
1128513,88
1193256,76
1339264,125
1358351,110
1032540,25
1143118,28
1064557,154
1040647,154
1429401,152
1220103,153
1044804,135
1359148,138
1329120,165
1459893,137
1285114,140
1105654,113
1190701,24
1351946,24
1042350,24
1484593,23
1121456,23
1019250,25
1291968,25
1147536,13
1474772,62
1016615,62
1018551,57
1480247,58
1395898,58
1448266,57
1231701,74
1012670,72
1240287,71
1463854,45
1093731,435
1269050,374
1023961,376
1388114,454
1175925,401
1109214,382
1095490,429
1430226,398
1479522,398
1349727,351
1030237,10
1225930,116
1385412,118
1107223,118
1006102,116
1053334,111
1464589,107
1030302,140
1274071,123
1260736,123
1133680,92
1065468,52
1467769,58
1032172,58
1115458,50
1266940,48
1443467,50
1173395,74
1332233,55
1042157,53
1130326,35
1094332,25
1433395,25
1180934,25
1060487,25
1171147,25
1375433,35
1006863,38
1114839,37
1048552,16
1249809,299
1460215,299
1098302,300
1018556,298
1153013,298
1406628,298
1493850,361
1367571,294
1142375,294
1125901,255
1470260,25
1216773,25
1346299,42
1463665,41
1269039,136
1472378,137
1484598,140
1422402,144
1398699,134
1143869,131
1347349,142
1309756,135
1462779,135
1339369,122
1335552,26
1309956,26
1093896,38
1284066,38
1483726,38
1258953,15
1391442,119
1074147,120
1098053,119
1169805,118
1032075,119
1322932,119
1402445,131
1165145,118
1479434,117
1103124,107
1449517,23
1078767,20
1040825,124
1281373,93
1451370,98
1247939,113
1138400,99
1229203,104
1072744,126
1009271,98
1238845,97
1139373,67
1253878,396
1433742,377
1271361,376
1318816,408
1013289,297
1360747,415
1245642,392
1145973,365
1219376,390
1211106,317
1114881,38
1037344,33
1030428,37
1312113,36
1000666,36
1146575,32
1350267,47
1384048,39
1331565,39
1166954,30
1333239,36
1009910,36
1435998,36
1271673,35
1066592,43
1220416,41
1473341,43
1224761,34
1214246,33
1110589,23
1262540,31
1323752,31
1343272,33
1008406,33
1426204,33
1423852,40
1340706,43
1362799,45
1018544,36
1317712,39
1180122,39
1379374,39
1210748,38
1314686,38
1226697,38
1485349,48
1278322,39
1279690,39
1299263,26
1428130,54
1287120,53
1441706,53
1496140,44
1023202,43
1224457,44
1307990,66
1393706,44
1476089,44
1240676,25
1345447,40
1457860,40
1248698,147
1138253,133
1176245,39
1075398,41
1438275,51
1055999,42
1293041,53
1011525,39
1401432,150
1465418,150
1483716,149
1378475,148
1032528,163
1090692,163
1207091,189
1302076,166
1109560,166
1235803,134
1213514,50
1285974,58
1406254,60
1208820,51
1482217,49
1195960,48
1342435,56
1237820,49
1429024,47
1266035,36
1046904,58
1371198,54
1332404,55
1472665,53
1463208,95
1190516,91
1180232,69
1248961,58
1471954,57
1148848,38
1156598,63
1473807,63
1131135,60
1342618,54
1034517,54
1029594,54
1331308,66
1395057,59
1473348,59
1288937,43
1441890,156
1452815,156
1050471,156
1319582,155
1495342,155
1125330,155
1274663,177
1311575,159
1339048,157
1085391,127
1403092,305
1126737,358
1261324,305
1472510,304
1442794,304
1029656,304
1335249,585
1283680,562
1379654,302
1273760,253
1191899,21
1476984,21
1289334,21
1114108,16
1141281,17
1346518,26
1401883,20
1145177,7
1247809,107
1233056,81
1288355,79
1030091,79
1325706,79
1136765,80
1159283,92
1165972,78
1452428,83
1019402,61
1483718,137
1423393,137
1471097,137
1051052,137
1022326,137
1013503,137
1425115,158
1479423,157
1454891,155
1468117,145
1296483,318
1265643,322
1243332,322
1017985,321
1002910,321
1214298,321
1265634,356
1490788,355
1054015,355
1394286,274
1148358,24
1096127,24
1396438,24
1335466,23
1472716,23
1357170,25
1151847,13
1124932,66
1263980,61
1405603,61
1457882,60
1243722,66
1418093,99
1268970,90
1175091,69
1179357,69
1411541,34
1195341,137
1343858,269
1149711,137
1381929,136
1434781,136
1435147,136
1075399,294
1215485,275
1205968,136
1423129,120
1159992,227
1349938,234
1440017,234
1021112,233
1087316,233
1382875,225
1223460,271
1140043,271
1358812,269
1384056,166
1342187,52
1283499,52
1236942,50
1188311,44
1441301,44
1306594,44
1216717,55
1067885,48
1282886,48
1000233,34
1311852,94
1222345,94
1378449,46
1100820,46
1423483,56
1412050,45
1062359,44
1329444,33
1083984,37
1120774,42
1396398,36
1380584,35
1193984,35
1038260,48
1096751,44
1394382,44
1362855,22
1365771,282
1210842,282
1244960,285
1303233,340
1284547,335
1161437,335
1317740,315
1086077,281
1016409,384
1188996,310
1278915,45
1468021,45
1087191,37
1461999,37
1427004,38
1432803,39
1150675,39
1303708,37
1359559,32
1064015,32
1284449,23
1030923,24
1435938,24
1060856,32
1412869,21
1335568,21
1035831,12
1217335,26
1124524,26
1294240,28
1370016,27
1427371,22
1297702,27
1108874,41
1294741,34
1011365,29
1052867,27
1011799,76
1375108,63
1064800,26
1252259,38
1238568,32
1056683,118
1483536,118
1480346,126
1298778,117
1198542,119
1391592,119
1330306,130
1276537,109
1402353,108
1416208,94
1054533,29
1157714,29
1375702,28
1404614,28
1365090,28
1464373,38
1414357,30
1259160,18
1257518,95
1086855,95
1155554,94
1492370,96
1148565,96
1253739,94
1487411,107
1332302,108
1314671,112
1103515,74
1122707,156
1103679,155
1248120,155
1135939,160
1412925,160
1040396,160
1265718,190
1170956,157
1175645,156
1132794,126
1056722,91
1177655,91
1484447,91
1169645,90
1323495,90
1457994,90
1155386,104
1409690,106
1275226,106
1430027,78
1097512,79
1278606,75
1182176,76
1401690,75
1294690,114
1008247,113
1180958,87
1236313,80
1474566,79
1243283,60
1143378,59
1467572,73
1395698,73
1056127,64
1153514,64
1097871,64
1446962,84
1194289,54
1251230,57
1240222,36
1111500,64
1165860,64
1317781,64
1135395,63
1059630,63
1043255,63
1287061,77
1115066,80
1196696,79
1466154,72
1404278,114
1218127,116
1357828,116
1286946,113
1159274,112
1178338,115
1481479,140
1284324,114
1116325,112
1112007,81
1289683,86
1000119,87
1162607,86
1135134,85
1067483,103
1103070,103
1191139,131
1365136,103
1051164,102
1385999,69
1008440,161
1359692,161
1010337,165
1056526,176
1321568,166
1219292,166
1433307,178
1061618,158
1276246,151
1202816,122
1160436,71
1305800,59
1023318,59
1367061,58
1335602,58
1205053,59
1372471,72
1029950,73
1326414,73
1279850,46
1227875,233
1069980,233
1495290,233
1038896,232
1349870,232
1442117,232
1199882,259
1499647,229
1326814,227
1404384,193
1200189,26
1031655,26
1123469,89
1492791,25
1293873,37
1127793,27
1026804,31
1331929,26
1327940,59
1466241,59
1330314,52
1383693,50
1088604,50
1020884,50
1490846,61
1313483,54
1131997,53
1143391,39
1425882,566
1435973,430
1255329,430
1269710,458
1094190,458
1290576,451
1457996,507
1343838,483
1193872,481
1172875,432
1263016,440
1142936,440
1144128,468
1300682,297
1366778,631
1270725,421
1305979,460
1337785,422
1048223,420
1261923,386
1410135,167
1357911,167
1362697,167
1435716,181
1116399,181
1082279,181
1320535,211
1184574,192
1355189,206
1300394,155
1274108,61
1146546,48
1042812,49
1478834,47
1493024,57
1225700,55
1034437,56
1310192,46
1425307,44
1420788,34
1265438,82
1381530,79
1377302,82
1042953,86
1463037,78
1290141,78
1216489,101
1023277,91
1014891,90
1036389,65
1123588,24
1137982,23
1290815,23
1313954,25
1443431,25
1022780,13
1258137,46
1409965,54
1278238,55
1425828,46
1217136,44
1003704,46
1255164,64
1395186,45
1115897,26
1138371,39
1232649,39
1019322,131
1469891,117
1299342,38
1362461,38
1018204,50
1370089,41
1191951,56
1216596,43
1319105,50
1293933,50
1442076,50
1074410,49
1412637,53
1377213,53
1325614,74
1058873,64
1201538,63
1090414,40
1092006,86
1113366,113
1493948,116
1120175,138
1137339,76
1356946,64
1372407,74
1486442,66
1302946,65
1172140,53
1082298,57
1150221,57
1397772,57
1140032,55
1053049,67
1349760,63
1445268,84
1309908,63
1016495,62
1441001,35
1443270,160
1030388,156
1166420,156
1096295,159
1274331,159
1002232,155
1354780,179
1479882,161
1385985,160
1149204,120
1057623,338
1412835,361
1420561,338
1112700,340
1351941,337
1061668,345
1310851,572
1304053,356
1352827,326
1105191,283
1073338,30
1260742,30
1205947,30
1028104,29
1021162,22
1208304,22
1265589,32
1069778,25
1220154,336
1085877,289
1246917,289
1396429,292
1318103,287
1113641,288
1310037,343
1383149,327
1008601,327
1318291,268
1038393,76
1108100,76
1452155,76
1346627,75
1171357,80
1472644,75
1419717,89
1051295,91
1129172,91
1259575,62
1450701,385
1224760,385
1363494,390
1324577,383
1491314,383
1158272,387
1412751,430
1112151,431
1219827,465
1187185,401
1438649,23
1482787,23
1492355,24
1080700,23
1303897,22
1071840,24
1007028,11
1266357,101
1001960,101
1123252,101
1014522,100
1276354,160
1493476,115
1109491,128
1473460,106
1077871,103
1288980,71
1324265,139
1035112,257
1052770,137
1277335,137
1215978,137
1063075,138
1436856,199
1448738,191
1464317,135
1254705,114
1119729,360
1178379,359
1168706,371
1171672,371
1432899,359
1268541,361
1006145,405
1441960,406
1183895,451
1460906,380
1188111,52
1228717,47
1140317,49
1331594,39
1292643,39
1449768,49
1028507,38
1127166,37
1334493,28
1004715,60
1226758,55
1297773,55
1230585,57
1158190,59
1328451,59
1493704,65
1258825,64
1361685,58
1480130,48
1116522,149
1408421,149
1186097,171
1092362,161
1477329,269
1453733,189
1173815,181
1227706,150
1390410,333
1133184,227
1379437,41
1064876,84
1087207,86
1221083,119
1435425,46
1217777,40
1472769,50
1425021,42
1323453,41
1357754,29
1403993,44
1341505,35
1412612,35
1088156,25
1470729,26
1454734,26
1276891,34
1017785,23
1029297,23
1011377,12
1414821,114
1244720,118
1129605,121
1189914,123
1327944,121
1139728,123
1157061,137
1248368,137
1468695,128
1223120,102
1298566,49
1438231,48
1019113,130
1331921,116
1387698,47
1411389,48
1469298,61
1004343,53
1008761,61
1325331,65
1212642,96
1294647,96
1241369,96
1217149,95
1032147,99
1219775,88
1175440,114
1182013,88
1213041,87
1271942,81
1337117,29
1245831,29
1053654,29
1197171,29
1144802,29
1043869,30
1381072,38
1171071,30
1048783,18
1463108,210
1001682,210
1286957,209
1083317,198
1413058,207
1145683,209
1175281,236
1145346,236
1036709,282
1218544,236
1101610,280
1351558,283
1401050,283
1062617,286
1307656,286
1206410,282
1490925,312
1391911,279
1340955,279
1226464,235
1018136,55
1029029,55
1465478,55
1288816,54
1274958,54
1233905,54
1432851,67
1004906,69
1109687,45
1110286,169
1233965,169
1430108,169
1241891,168
1350034,216
1302694,175
1075807,198
1342142,178
1000429,173
1103152,140
1055930,76
1156896,87
1127311,87
1000085,77
1228116,77
1074082,78
1226267,91
1207668,73
1482926,77
1462202,53
1451314,90
1241621,90
1439785,90
1128198,89
1247376,89
1230053,90
1007110,106
1174598,108
1069511,107
1382684,78
1315755,206
1393509,209
1193820,206
1419813,215
1395058,209
1476749,210
1089646,238
1008397,207
1202688,205
1118090,183
1361990,142
1338782,142
1199873,142
1452537,141
1378521,216
1125415,177
1005390,201
1044864,160
1337110,160
1367705,132
1023497,369
1420872,355
1297788,383
1050978,381
1476707,381
1135907,381
1294289,408
1439672,316
1005400,295
1106965,279
1375660,53
1214818,42
1446657,42
1139069,42
1080378,42
1225400,42
1087184,55
1002928,56
1082837,56
1303408,34
1342222,235
1300602,235
1441282,235
1217675,232
1108498,234
1110838,232
1397560,260
1373044,230
1245969,229
1099449,204
1430079,27
1476280,40
1259451,56
1193717,26
1351136,26
1345768,39
1222106,31
1162888,16
1013213,511
1379891,471
1259771,448
1312682,477
1264722,422
1419650,485
1100432,499
1154554,485
1197778,485
1451525,392
1073524,673
1492503,673
1097156,695
1036028,706
1250001,1421
1450557,1378
1090506,728
1032054,682
1007532,670
1207482,559
1204818,73
1250170,72
1433375,78
1227077,94
1348980,77
1206710,77
1361864,88
1302647,80
1441050,80
1144575,62
1182843,86
1261157,86
1076108,86
1244122,86
1469746,84
1254766,82
1064331,104
1137161,83
1037024,83
1176682,64
1333742,29
1206421,28
1199447,28
1437393,23
1095013,24
1022502,28
1096667,41
1443356,36
1021862,38
1219773,18
1001694,28
1458319,28
1453928,28
1271876,27
1223179,27
1491332,27
1398619,37
1262833,80
1035721,105
1309705,102
1176972,93
1258259,94
1095494,93
1379760,122
1486057,83
1210597,60
1003757,41
1297446,41
1203897,109
1149983,126
1001057,44
1146776,40
1180036,52
1478663,43
1312163,59
1132288,45
1491279,152
1484227,152
1291300,152
1152408,152
1453476,206
1198342,206
1244347,190
1324684,191
1044984,165
1346952,136
1316400,162
1083200,265
1048200,232
1258790,173
1373316,166
1446348,175
1151739,180
1045943,162
1070522,161
1033219,132
1371044,109
1179641,109
1068951,109
1154773,107
1206027,112
1252042,108
1438934,133
1220519,114
1168203,113
1015629,82
1196482,100
1282002,100
1056173,100
1086341,86
1321524,87
1011877,86
1046443,100
1378361,92
1047794,91
1372137,68
1080908,210
1384303,210
1303454,210
1136324,209
1396390,209
1078618,226
1251281,240
1272811,213
1137638,213
1037638,181
1209858,507
1296504,693
1089951,507
1418192,506
1303765,506
1101167,506
1126491,1356
1346249,1292
1329704,505
1020188,435
1054299,59
1407581,59
1151268,59
1243764,58
1061269,51
1115069,51
1278926,60
1178509,54
1266557,53
1473804,41
1272751,144
1087871,138
1476514,137
1328253,140
1370622,137
1113809,139
1438925,161
1389329,142
1108768,140
1081595,101
1075131,246
1309581,246
1043060,246
1363133,245
1024818,252
1376229,245
1493527,277
1389102,275
1355724,275
1215039,218
1268331,367
1030648,367
1033468,367
1452010,368
1164883,368
1265395,368
1214244,414
1307226,410
1425834,410
1105463,299
1037477,53
1451848,53
1203271,53
1010063,53
1167197,53
1252536,53
1344470,62
1252711,54
1066432,54
1086268,137
1320108,137
1091017,137
1457179,136
1173309,143
1349037,139
1085442,167
1196756,144
1173632,142
1331567,105
1222963,179
1499679,210
1010515,179
1025362,186
1230047,177
1374924,175
1373130,408
1381535,393
1069435,175
1255737,148
1058344,286
1414470,282
1252992,282
1115685,332
1421486,324
1320342,327
1021911,324
1251776,216
1320427,117
1031538,117
1489660,117
1452051,82
1227420,82
1144362,81
1331426,95
1040158,86
1255792,85
1378330,64
1302794,49
1411915,48
1302369,35
1134484,35
1419727,35
1321403,58
1028769,33
1313984,33
1056035,57
1221682,58
1002568,58
1255054,56
1181530,51
1247660,56
1151461,66
1043385,59
1154027,59
1313337,44
1449237,541
1420866,545
1230996,595
1036444,563
1158613,666
1317168,624
1066661,582
1385189,538
1327428,688
1212895,789
1110618,120
1085758,117
1133637,149
1184081,140
1410147,108
1292973,109
1373391,110
1318034,102
1066826,101
1041770,86
1128915,42
1036796,30
1495717,33
1238113,23
1252052,24
1448172,24
1064804,32
1097704,21
1017698,21
1489247,12
1043262,44
1065768,44
1113838,39
1471676,48
1476130,48
1291979,43
1394751,58
1393045,32
1448276,43
1370348,42
1286862,117
1442399,81
1489786,41
1129044,41
1379305,53
1216016,44
1228377,63
1387910,49
1352055,155
1426244,154
1123307,154
1187131,153
1016479,145
1478596,145
1394265,157
1162586,146
1058953,143
1276377,124
1360068,59
1371280,59
1023669,59
1219542,59
1316408,59
1013880,59
1064488,68
1079799,60
1427116,60
1215881,47
1417277,155
1206235,157
1105979,157
1299770,155
1472997,155
1247176,155
1035903,186
1016929,186
1100790,183
1479035,125
1474849,270
1429831,271
1298145,319
1009025,322
1219314,270
1019977,275
1326829,350
1343998,270
1052262,270
1402114,247
1184166,117
1100491,117
1173954,117
1102454,117
1014336,117
1386947,117
1488697,131
1036702,134
1098488,133
1359565,106
1254718,141
1096729,141
1369718,141
1217617,140
1286578,155
1437847,151
1322492,171
1309498,148
1137040,145
1461366,111
1343254,100
1106393,119
1440560,120
1229099,111
1141119,113
1076364,111
1344236,132
1264716,101
1145320,101
1227743,78
1228572,297
1435819,297
1041203,297
1328928,295
1331644,295
1058015,295
1082947,328
1238939,327
1158689,325
1321731,254
1146271,285
1265318,286
1482215,331
1033033,373
1056742,363
1312218,285
1156082,361
1014030,283
1335399,278
1218567,246
1408337,179
1288784,179
1178037,179
1322672,177
1126772,345
1021990,340
1024324,330
1066118,226
1389581,199
1174172,149
1263405,378
1094102,378
1111871,384
1328174,406
1353691,384
1333805,384
1481693,415
1277844,368
1327740,368
1180851,312
1489645,263
1297802,112
1439742,112
1261421,114
1294183,114
1395845,114
1052419,156
1373422,154
1420267,154
1262326,87
1094044,517
1201394,517
1428524,517
1141719,515
1385522,515
1083350,515
1443671,559
1453498,500
1107034,500
1388982,396
1348122,44
1195043,102
1023820,88
1277956,44
1326556,43
1338236,55
1328575,46
1281640,62
1273491,47
1068138,103
1232383,103
1198565,100
1013266,85
1172129,87
1239868,87
1177634,103
1094700,91
1010401,90
1374959,72
1261815,299
1205802,205
1158437,205
1185619,218
1387699,209
1241704,221
1215503,285
1239569,245
1026880,244
1144032,197
1183974,145
1141626,145
1366149,169
1291788,150
1102782,141
1354607,146
1487646,156
1042342,136
1113528,135
1356527,114
1218491,51
1484322,49
1151767,55
1379516,70
1093013,58
1131842,54
1379192,48
1164653,34
1293396,34
1272003,34
1037765,41
1001642,39
1414348,42
1143714,31
1471305,19
1133739,109
1008228,110
1240884,113
1411585,112
1497767,112
1401894,112
1209535,123
1456302,118
1246946,115
1147337,101
1177147,22
1051057,21
1233695,20
1239403,22
1060753,47
1119891,58
1069032,49
1229488,49
1055325,49
1390803,68
1475741,47
1278947,50
1388606,28
1371081,115
1222683,101
1241053,17
1203040,17
1190765,26
1271271,13
1303527,25
1389418,21
1053095,22
1365299,38
1406978,41
1371746,45
1241146,67
1389119,60
1431115,57
1457241,48
1424409,56
1335563,38
1401836,38
1266690,26
1478944,63
1438086,62
1368420,62
1289617,62
1405882,68
1004738,66
1305073,75
1005418,67
1423957,66
1132799,48
1023989,103
1005046,103
1348128,104
1150426,101
1079960,101
1141648,102
1056058,119
1310662,106
1205504,106
1128779,87
1399692,136
1110338,169
1344252,136
1433165,135
1359495,150
1221849,141
1465226,322
1141860,302
1208459,144
1278981,115
1455218,24
1312752,24
1226109,15
1146029,30
1080487,22
1053540,144
1134540,138
1102820,136
1029112,136
1252841,137
1447963,137
1345192,156
1487792,142
1167627,139
1294557,104
1004475,24
1242141,24
1385315,23
1234172,23
1144864,34
1311445,36
1030912,36
1493213,14
1243020,331
1433764,331
1124103,328
1031825,330
1437782,332
1087645,330
1185456,365
1450862,364
1465438,358
1035890,292
1453860,21
1041241,56
1110918,56
1323227,56
1136649,55
1456699,53
1366403,48
1324878,71
1049721,59
1326657,59
1478019,38
1393811,35
1207811,56
1106883,35
1258707,34
1145823,36
1359971,358
1368559,350
1373869,41
1424334,23
1416839,168
1218844,166
1170492,168
1091303,167
1367373,166
1241826,165
1023270,195
1495450,194
1383578,192
1482218,139
1444590,26
1399766,31
1115507,31
1273428,22
1242533,22
1053728,22
1269124,32
1300935,20
1498558,25
1339600,25
1120015,24
1448047,35
1058173,33
1439659,29
1072117,78
1318647,80
1421019,85
1477029,76
1013006,141
1278451,136
1109484,90
1107714,96
1168641,160
1499828,133
1470180,33
1107668,39
1040244,92
1337508,60
1287186,56
1099744,45
1283746,53
1444198,47
1202765,47
1199433,37
1080300,36
1486308,25
1059653,20
1474599,0
1384693,41
1322554,41
1178760,41
1280994,48
1169970,48
1215801,48
1373619,59
1093145,50
1293553,50
1059909,34
1045506,25
1195197,76
1165390,62
1185989,24
1309434,25
1247782,56
1155368,56
1150198,55
1287438,62
1473418,62
1473086,72
1415610,61
1323180,61
1060321,49
1008295,21
1406013,21
1161177,21
1375519,20
1090722,20
1048023,20
1443046,22
1148002,21
1238277,9
1172788,56
1393553,55
1035358,55
1299647,55
1272919,55
1334372,55
1159056,66
1302378,67
1190534,67
1011587,41
1268964,159
1082167,159
1462810,158
1311154,143
1364772,202
1193167,160
1180673,195
1139384,157
1445987,158
1324588,129
1415824,94
1363283,94
1419755,94
1086173,93
1413277,98
1016959,96
1483464,105
1395407,97
1158140,97
1167044,78
1473056,93
1248411,109
1087749,109
1270524,100
1470352,100
1047720,100
1296849,127
1433596,86
1078212,88
1075257,67
1171351,32
1283654,32
1123687,31
1304243,31
1484480,32
1135766,43
1267957,45
1050543,45
1144794,22
1326956,110
1188873,110
1112492,111
1413955,115
1259051,140
1478797,115
1196861,141
1337536,112
1244907,111
1088470,78
1139397,38
1342523,38
1218415,38
1332894,38
1115820,38
1310215,38
1438038,61
1301300,51
1207357,50
1049307,28
1489999,184
1333839,179
1394740,188
1208062,188
1105498,185
1345238,188
1171401,206
1186923,180
1405756,168
1352556,141
1210059,37
1349592,26
1391378,39
1290510,18
1169717,76
1166085,78
1142943,76
1091779,76
1457944,76
1452906,77
1420162,87
1331177,75
1081036,75
1230194,62
1289562,85
1494991,126
1330838,19
1111071,32
1390004,223
1131461,145
1355543,149
1346717,166
1299881,183
1407705,159
1295754,184
1383355,172
1466509,169
1119188,129
1033089,504
1318359,504
1298800,505
1321396,415
1068992,1209
1142258,1008
1272163,591
1187745,485
1156399,487
1044889,396
1057232,32
1320833,32
1369479,32
1006298,28
1064762,31
1129316,49
1035694,50
1470238,44
1083401,34
1370288,19
1375236,60
1295197,60
1376197,60
1113687,60
1041821,65
1108999,63
1171733,68
1416057,57
1195673,57
1227566,46
1319822,45
1473225,44
1002219,44
1427842,43
1356650,43
1312521,42
1343939,54
1224754,47
1361200,46
1375139,34
1261700,27
1432738,27
1316698,26
1180814,36
1168545,28
1321009,16
1424621,63
1210629,65
1141894,65
1457583,56
1375272,56
1475274,81
1318787,56
1115387,61
1354710,34
1117073,34
1021595,97
1153428,83
1153751,33
1436928,34
1054276,45
1037192,37
1026121,40
1281292,27
1342195,51
1384634,53
1360973,53
1448657,52
1210194,70
1463652,71
1356887,95
1456771,65
1005761,64
1263233,40
1081095,95
1295977,131
1490516,135
1045075,131
1484827,86
1336250,73
1158108,85
1336818,76
1433602,75
1330516,61
1119881,67
1489802,67
1161807,67
1483303,66
1017142,101
1063060,60
1066390,97
1199793,74
1285908,73
1014062,44
1090029,63
1100027,63
1168048,58
1122277,55
1239782,55
1274801,55
1150293,67
1050718,59
1187229,60
1481854,45
1115935,164
1379826,164
1034449,164
1494433,163
1314973,163
1299718,163
1050411,183
1313326,168
1457605,166
1028118,131
1163547,374
1222222,481
1144242,374
1092325,404
1271702,388
1149836,373
1345268,457
1261549,620
1220364,372
1098869,345
1098789,29
1463302,29
1151283,25
1417011,25
1004415,26
1025892,27
1295957,27
1256602,160
1294220,123
1119592,124
1280859,122
1375368,122
1130751,121
1273306,138
1040504,125
1282341,123
1070446,100
1198253,168
1095728,168
1212520,168
1421593,167
1288418,167
1311286,167
1289986,191
1421436,190
1379297,188
1206791,147
1161084,292
1351984,292
1196384,292
1231951,292
1004647,292
1441493,293
1337172,367
1127689,329
1321298,329
1475476,259
1449997,30
1258363,29
1058379,29
1407103,31
1453903,31
1281020,30
1431191,19
1194658,138
1029622,138
1317286,138
1226194,137
1239666,152
1088324,147
1144598,168
1085401,144
1230963,143
1286715,110
1089771,143
1390452,159
1095968,144
1070305,142
1183331,139
1327461,137
1069534,307
1292884,285
1133018,137
1134748,113
1401228,163
1495883,164
1186113,162
1452283,162
1478258,162
1197751,162
1124970,199
1131633,198
1414498,194
1453888,131
1209279,59
1373404,57
1013139,54
1340194,50
1129388,50
1441579,50
1335268,61
1128265,54
1136500,54
1246191,41
1276289,65
1435279,52
1162830,52
1073000,45
1401183,45
1072044,45
1035271,55
1085183,44
1176711,34
1395665,28
1070135,28
1463031,27
1483255,36
1318108,28
1413088,36
1375547,32
1398482,32
1140432,18
1157084,287
1071457,287
1355774,293
1265739,291
1074567,313
1448820,351
1348391,317
1427610,284
1400131,396
1405867,328
1228200,70
1057561,103
1080973,68
1041492,59
1027189,61
1475924,66
1310318,62
1010555,54
1467609,54
1321932,41
1356983,39
1262915,30
1242479,24
1016202,19
1130121,23
1200066,17
1290975,17
1353668,26
1394143,26
1065122,29
1128401,27
1353148,27
1377111,27
1091560,39
1357578,30
1332402,37
1031326,16
1276097,26
1284109,27
1267460,135
1198100,121
1270388,25
1308702,39
1280892,61
1362773,61
1288832,61
1326830,60
1251729,60
1062043,60
1419475,76
1166145,62
1291777,62
1457955,46
1346194,48
1325434,47
1269059,47
1179248,47
1376126,46
1308022,46
1370470,58
1487779,48
1141792,48
1245821,33
1493372,83
1015693,78
1397319,78
1361853,115
1037616,98
1069003,78
1429561,92
1379641,94
1380619,93
1305515,59
1101987,232
1047110,232
1339318,232
1479870,248
1220382,233
1470691,233
1284825,282
1242012,233
1166976,233
1146827,219
1039223,57
1061702,57
1148419,57
1357744,56
1317350,56
1485381,56
1459186,68
1159770,78
1477445,70
1469635,46
1174890,87
1292473,87
1188656,87
1384836,85
1216650,141
1409048,87
1246782,114
1068780,91
1147387,90
1296580,62
1002279,64
1166240,60
1243150,64
1388951,54
1386008,55
1224735,55
1142767,76
1362483,55
1098955,54
1239456,30
1152313,100
1293336,100
1430932,100
1300078,99
1284526,101
1078971,99
1427939,115
1066486,117
1185418,117
1141599,85
1400215,175
1247779,166
1190162,166
1355682,196
1441240,175
1399620,166
1169123,193
1002043,196
1358854,196
1237549,130
1177959,106
1159030,106
1315155,106
1030152,105
1022652,118
1403044,118
1261360,149
1250564,131
1412208,128
1481851,89
1146927,154
1309361,154
1466185,159
1061824,158
1151262,157
1319965,158
1140038,179
1483664,149
1104312,147
1218581,118
1260659,139
1171808,74
1325488,74
1441608,73
1108947,73
1322938,73
1026148,96
1073403,97
1296867,95
1374201,61
1188533,243
1464491,243
1364844,243
1194071,242
1292957,242
1351452,242
1330418,270
1349506,231
1107763,231
1071025,204
1451749,29
1141262,29
1426163,147
1416107,85
1109049,29
1469962,29
1048165,40
1400718,31
1032396,41
1172572,27
1464617,55
1034668,57
1487535,50
1152696,46
1389891,46
1261414,46
1397480,57
1104924,50
1168000,50
1373268,36
1072684,405
1103729,408
1207433,405
1105905,404
1359815,406
1222246,404
1452554,423
1238125,389
1101607,389
1472622,298
1080956,453
1044579,453
1250099,453
1049132,512
1230152,716
1274608,877
1222984,482
1245282,447
1419732,443
1356967,381
1357398,99
1377246,112
1416156,90
1007490,93
1244788,83
1294502,97
1083790,113
1240964,110
1353443,113
1404746,73
1495669,60
1363126,57
1194682,58
1249099,57
1169404,64
1389391,57
1228033,68
1356727,62
1063529,65
1123761,46
1217656,50
1473669,51
1309566,50
1087211,50
1172247,59
1354486,57
1422321,58
1331642,47
1030455,46
1320982,35
1322377,75
1337290,75
1196913,68
1460320,74
1153742,71
1462187,74
1478440,85
1329534,77
1221070,74
1030670,63
1047663,21
1097854,21
1115528,22
1440671,30
1243528,52
1331317,61
1473731,61
1261584,52
1017120,52
1414341,53
1390714,76
1111735,53
1113139,53
1382163,31
1077114,146
1363975,146
1421658,146
1308751,144
1092608,147
1337744,113
1463499,156
1160082,159
1370253,160
1228452,107
1372445,75
1460621,75
1057891,75
1305397,74
1147034,74
1367941,74
1222993,85
1353139,87
1386779,87
1147372,59
1474421,30
1490720,30
1005087,89
1087532,83
1232497,29
1179522,29
1172252,121
1258413,121
1028216,121
1212479,120
1258609,128
1411597,128
1344894,153
1340890,137
1294652,137
1221638,107
1013719,73
1048034,122
1359469,124
1025208,127
1420334,82
1123336,73
1127683,82
1427154,74
1374026,75
1224238,62
1281588,62
1058708,44
1249152,44
1496799,43
1368119,80
1065633,76
1181948,59
1403753,46
1242671,45
1141635,25
1134020,47
1200607,53
1414515,47
1063015,50
1195031,50
1385813,50
1052650,70
1288831,67
1338846,46
1363882,355
1012992,358
1127841,355
1145990,354
1058431,354
1086764,350
1470381,396
1209282,352
1475925,352
1034380,299
1467152,518
1465667,1127
1226596,518
1230945,558
1132296,539
1288951,515
1312949,1656
1079710,1858
1402174,511
1200214,464
1441014,26
1294079,26
1245940,26
1262561,17
1228009,21
1042616,23
1455308,22
1349678,228
1324969,227
1372061,227
1479677,226
1004495,226
1150150,226
1228822,251
1358085,223
1406245,221
1263663,133
1232131,119
1163541,106
1073589,115
1127608,117
1430822,126
1123111,129
1039277,130
1148728,130
1206354,113
1491344,52
1245780,52
1150550,52
1296322,51
1363297,51
1022421,51
1374992,63
1290071,65
1360420,64
1354178,37
1092576,52
1016837,52
1146781,52
1270326,52
1489539,51
1268557,52
1154429,65
1476508,75
1234783,67
1432128,40
1224992,521
1311411,521
1058810,520
1180280,518
1171237,518
1345370,518
1361205,573
1020415,558
1490702,558
1214923,469
1460611,33
1213443,33
1054892,32
1458950,32
1042596,21
1289149,113
1062037,113
1021922,115
1246387,112
1050369,158
1301966,154
1203616,141
1280359,116
1105804,114
1258734,82
1438001,123
1056305,241
1275552,126
1200793,126
1020858,126
1050581,126
1348257,380
1264375,372
1489838,147
1442240,102
1268353,183
1295313,183
1086365,183
1072664,182
1271325,182
1468915,182
1396555,219
1082289,220
1471863,219
1288038,127
1302415,37
1126786,37
1317399,37
1371275,32
1459796,32
1439681,33
1366611,42
1031204,31
1483452,31
1476539,21
1410483,43
1491036,43
1269485,48
1233924,43
1477973,48
1235360,43
1331407,58
1358318,47
1025989,46
1043811,37
1415501,449
1049470,449
1266052,449
1074993,483
1430441,631
1307721,620
1478265,522
1268385,465
1103038,643
1332843,569
1073519,38
1461040,73
1471285,71
1040724,41
1249171,36
1452081,37
1146258,47
1044017,39
1006107,39
1221523,28
1344385,63
1436547,78
1192028,55
1028423,47
1021459,53
1391751,43
1058107,37
1029816,30
1202457,70
1325872,70
1006258,72
1482596,69
1477781,68
1043154,80
1099878,74
1233810,74
1032702,61
1480809,133
1038990,118
1410350,45
1087974,36
1360174,36
1471735,31
1139762,165
1480807,165
1251882,165
1042128,164
1440519,158
1417530,164
1484259,186
1253370,163
1018465,161
1029599,136
1361099,49
1072658,49
1217898,49
1231107,48
1293246,48
1228135,48
1415887,58
1426026,50
1362004,49
1375131,37
1298212,48
1157067,48
1295122,48
1274216,47
1252812,47
1088086,47
1261754,57
1333671,59
1318074,59
1232469,132
1183342,133
1029141,133
1387433,130
1038005,130
1412517,131
1358836,154
1099898,153
1323584,151
1009805,108
1159227,176
1223342,176
1464888,176
1450801,195
1493470,195
1377169,196
1032774,227
1456120,196
1210638,201
1042424,157
1350192,71
1440033,71
1351402,71
1114529,91
1432643,85
1293693,85
1293367,83
1383338,85
1003354,85
1154695,61
1136004,111
1307097,111
1071750,111
1390124,111
1013355,116
1475975,155
1437293,141
1243092,118
1369093,117
1145169,89
1063825,80
1295983,100
1459115,100
1131911,91
1143573,92
1115937,92
1452274,116
1086585,85
1254545,83
1497981,61
1416559,41
1125481,41
1276151,41
1370194,40
1357541,40
1079050,40
1165645,52
1217413,54
1092817,53
1277293,167
1485183,167
1094380,167
1315060,166
1493552,166
1434384,174
1019990,197
1279847,161
1089493,161
1439739,150
1189064,51
1361970,56
1308459,51
1336379,50
1024127,65
1485280,65
1146264,90
1163887,66
1050678,66
1198759,41
1342993,481
1055560,481
1107812,481
1267000,513
1163620,478
1062556,478
1029070,598
1035424,471
1039304,471
1355785,425
1252840,46
1170057,35
1380376,35
1441462,34
1053752,34
1337074,35
1116914,47
1234605,48
1040269,47
1326502,27
1242600,147
1271366,147
1125915,147
1473338,145
1349036,145
1100265,145
1350569,170
1466616,144
1379221,142
1326947,116
1473813,38
1395873,40
1027495,105
1002997,90
1452915,38
1239630,41
1069886,39
1151908,36
1401512,36
1333316,36
1070294,36
1171212,35
1152269,36
1372888,62
1425235,53
1446660,37
1365220,23
1106438,513
1149208,384
1053587,384
1470456,383
1447078,383
1049813,404
1221830,495
1032394,448
1141538,443
1367679,379
1272720,338
1481022,338
1212344,335
1222203,290
1318349,251
1120074,239
1065792,351
1313139,413
1400723,328
1344090,268
1461237,50
1086120,51
1232933,57
1317953,56
1153701,56
1457380,56
1177992,64
1243007,60
1132306,60
1102349,40
1479142,50
1380922,50
1330549,50
1285430,49
1163892,58
1175194,56
1471675,58
1425334,47
1128357,46
1219427,35
1493677,60
1395010,57
1247358,86
1240240,63
1259542,63
1218111,63
1336611,75
1303301,67
1012579,67
1153179,51
1118587,21
1026154,21
1426628,20
1395715,9
1216068,36
1258714,40
1216185,40
1427998,31
1368745,31
1221546,45
1086371,38
1392642,17
1447408,36
1206105,76
1268836,62
1286111,44
1198552,35
1388970,47
1346514,38
1441521,40
1247480,42
1490597,41
1000213,43
1019871,43
1346793,66
1321968,55
1163208,55
1238200,32
1079007,53
1402048,93
1020825,91
1324304,47
1422884,47
1395107,45
1315511,55
1280458,47
1016568,46
1389176,34
1187665,90
1016028,90
1462415,90
1020336,89
1316569,94
1383376,117
1429395,94
1353028,94
1143026,67
1009102,115
1022584,115
1020358,92
1330506,85
1137539,85
1028018,86
1163862,98
1230530,91
1131155,90
1090713,68
1179951,235
1457723,235
1306822,235
1169520,234
1497732,234
1165065,234
1004518,262
1216801,239
1167114,239
1327982,203
1315764,474
1237251,540
1465135,483
1205005,543
1121434,472
1440825,526
1023350,1333
1084568,1280
1207158,464
1489889,384
1171684,27
1099028,27
1145845,24
1076297,24
1322331,24
1243217,34
1429661,26
1197131,26
1176424,14
1416093,183
1442196,162
1020213,175
1302699,177
1364586,162
1303163,155
1180229,200
1341997,181
1147960,181
1305871,154
1239839,122
1160158,122
1208555,122
1060804,121
1074276,121
1433675,121
1301442,135
1012153,137
1283463,137
1011568,109
1487991,481
1173983,483
1455460,483
1093777,497
1284038,497
1398418,497
1100317,548
1050205,540
1355831,538
1205352,437
1117812,21
1187507,21
1011457,22
1269505,10
1092093,178
1272876,178
1383303,178
1458502,177
1023747,187
1069991,178
1471500,207
1476176,182
1350709,180
1335032,141
1076879,385
1062656,500
1426834,375
1458426,374
1329563,342
1486783,383
1460257,724
1021535,668
1299660,329
1355379,303
1460540,189
1109530,189
1140660,189
1015607,190
1039868,190
1179336,190
1156949,231
1416864,233
1229607,231
1488828,139
1357349,69
1444390,69
1063846,63
1146800,61
1178839,61
1257808,61
1279711,72
1173475,65
1142151,65
1453811,52
1127057,58
1373401,58
1418621,39
1464167,39
1099840,39
1441363,35
1009825,23
1486357,22
1078903,13
1337962,34
1376906,34
1218064,35
1104338,34
1079072,33
1304812,46
1125197,36
1422466,37
1352120,22
1047024,299
1102777,299
1083061,291
1251353,292
1149589,351
1097127,277
1495930,322
1385548,318
1215768,404
1414645,311
1068176,28
1364233,58
1364564,58
1423013,79
1116729,19
1123237,35
1232919,27
1230330,26
1142498,33
1389988,28
1215805,28
1034507,18
1036452,20
1175443,18
1337742,28
1010245,17
1288211,17
1267896,6
1346875,72
1199426,64
1240750,72
1138618,71
1149289,71
1102916,71
1017666,84
1106702,75
1487597,74
1098178,59
1331327,41
1462161,43
1073905,136
1000380,122
1138868,42
1033486,41
1257642,46
1047803,44
1246340,41
1014026,133
1315279,133
1188897,133
1165067,134
1065299,132
1010051,132
1435027,145
1196131,134
1197288,132
1251652,112
1439531,27
1496216,27
1186355,27
1177200,26
1455577,26
1090001,26
1208761,36
1226903,28
1423338,27
1103810,15
1421075,46
1210247,46
1322916,52
1385551,52
1189895,52
1358912,46
1134301,64
1337366,65
1024231,60
1081336,35
1334406,138
1312641,138
1478725,138
1330625,203
1322160,140
1493176,140
1401269,166
1322867,138
1119772,138
1046510,131
1150288,77
1324267,77
1441751,77
1390749,76
1181666,79
1036614,75
1004792,104
1391550,81
1163155,81
1413929,55
1205702,65
1454933,81
1220578,80
1343850,71
1387572,67
1117169,71
1209150,92
1019692,69
1441344,42
1254542,94
1136802,94
1176603,94
1340138,93
1321675,93
1214676,93
1294408,107
1361085,109
1487225,108
1476364,83
1396170,120
1439116,120
1029205,148
1340752,119
1401840,123
1329672,123
1147453,145
1017140,118
1295838,118
1422043,94
1105195,43
1205040,43
1240058,43
1365659,42
1222239,60
1370409,60
1273441,83
1262804,56
1175785,56
1422436,33
1187958,187
1109561,188
1434574,215
1033891,214
1424493,215
1188565,214
1089009,223
1447457,190
1192636,188
1227524,142
1478225,58
1415631,43
1455622,43
1260616,42
1142328,42
1181346,42
1496795,56
1093473,57
1033302,56
1226646,34
1143077,152
1117887,152
1167183,152
1389242,151
1238107,151
1466306,151
1250420,176
1271945,149
1181613,147
1066252,121
1374036,21
1492052,87
1316849,53
1161969,21
1255438,33
1437428,23
1142607,32
1010649,19
1102030,59
1117071,59
1175372,59
1095747,47
1179084,47
1074971,47
1167812,59
1229440,52
1414406,52
1271005,38
1224868,155
1497155,146
1330797,146
1280679,154
1299109,147
1078691,149
1102864,156
1377131,135
1045486,140
1271657,102
1013278,305
1163568,321
1035134,374
1453924,357
1242112,322
1328774,451
1482353,388
1046966,347
1276295,295
1253177,253
1260226,29
1411677,30
1250015,28
1337063,29
1043837,28
1308940,45
1458855,34
1263616,31
1367996,17
1473223,22
1410509,22
1201828,22
1029994,21
1132590,15
1283691,13
1320652,30
1347707,19
1024189,18
1401716,9
1273502,25
1059327,25
1125014,32
1174617,28
1311410,24
1163684,28
1396950,49
1264284,31
1287395,39
1199233,17
1238242,21
1399512,21
1081462,20
1383858,20
1449012,22
1146539,22
1225650,21
1387823,28
1025159,27
1389919,90
1366353,76
1462136,26
1329665,39
1230382,33
1311631,16
1368971,47
1253684,46
1083443,46
1493905,45
1217220,58
1147901,59
1166225,82
1073327,60
1428894,59
1220082,35
1476123,38
1227002,63
1354703,62
1157900,56
1133698,55
1222949,33
1349351,43
1085992,35
1402411,34
1168970,21
1000121,42
1309103,42
1030633,42
1021972,41
1187246,29
1285859,25
1120598,62
1027293,43
1345841,43
1172393,22
1005855,85
1244463,87
1262324,87
1230360,75
1426771,75
1169581,75
1440278,86
1406927,78
1473278,63
1224295,110
1232647,110
1159985,110
1439329,109
1371825,109
1308807,109
1056665,122
1355328,110
1033485,109
1167571,90
1250796,305
1071801,303
1429716,305
1106133,309
1435076,309
1262025,304
1227005,538
1242523,532
1212286,308
1459181,251
1427098,20
1312958,21
1014001,10
1481946,120
1452327,92
1097734,89
1134494,93
1162121,92
1294270,93
1363905,100
1465173,97
1120799,97
1313703,76
1484433,91
1348987,91
1178504,91
1242843,90
1258554,90
1270294,90
1051906,106
1107709,105
1322690,103
1366614,74
1117909,410
1387886,409
1344564,409
1155339,409
1270105,409
1299390,409
1402691,457
1435663,453
1499834,494
1185266,426
1237110,21
1116388,22
1106605,20
1473729,20
1166622,21
1029223,11
1018802,108
1030588,108
1230579,108
1000916,107
1163834,110
1062420,106
1037052,138
1302226,115
1005678,115
1095882,84
1313401,159
1401641,182
1146686,158
1343078,157
1376033,152
1259435,152
1131938,339
1415856,325
1452412,152
1472537,134
1214618,203
1364865,206
1133180,205
1008164,205
1166614,204
1204365,206
1426744,246
1145434,247
1302570,245
1158968,147
1056709,37
1211183,37
1403943,37
1474539,29
1150521,29
1330860,41
1049031,34
1108108,33
1030576,20
1233091,32
1389024,32
1412346,23
1386934,32
1121174,21
1323222,21
1213475,26
1403371,21
1126656,24
1046942,25
1298678,31
1370968,27
1111518,15
1083594,227
1171318,227
1081759,229
1338433,219
1020719,249
1191824,242
1054201,243
1408379,217
1352836,277
1126752,232
1068042,36
1268785,58
1489368,58
1060922,55
1292555,28
1215011,29
1114342,30
1174381,30
1398181,18
1267040,32
1213543,21
1491297,16
1487429,17
1321137,17
1152850,25
1449044,15
1293409,14
1420343,2
1216168,45
1393536,48
1172903,44
1040248,44
1027819,44
1302314,56
1380981,47
1496803,49
1315046,35
1232718,20
1420003,63
1391562,19
1009784,19
1055315,30
1454173,21
1281401,55
1097202,49
1132518,49
1291236,48
1406117,41
1346714,42
1191410,52
1275019,41
1250849,41
1451903,30
1430887,41
1298742,41
1390131,41
1419763,40
1070037,40
1081843,41
1091185,41
1089335,110
1018974,110
1089923,110
1061591,112
1372023,110
1089056,112
1443312,125
1165874,127
1441628,147
1188416,121
1289201,79
1275470,80
1119919,80
1063131,82
1320694,79
1188527,82
1004507,109
1109296,77
1045706,75
1154017,49
1249671,79
1135295,79
1265976,79
1385434,78
1155714,78
1430856,78
1148716,90
1404257,92
1426656,92
1008950,65
1129558,54
1491166,54
1138952,54
1054087,53
1288016,40
1440743,35
1355736,68
1409385,55
1412256,54
1408387,37
1170902,69
1278003,70
1430621,61
1096892,61
1095830,61
1156213,58
1480615,55
1188126,52
1178819,33
1230380,129
1346678,129
1277900,129
1420768,127
1206978,127
1175333,128
1488302,159
1355175,156
1190308,155
1161328,104
1124650,109
1022714,109
1295553,109
1401083,124
1173065,109
1198959,109
1054906,119
1181597,110
1468666,108
1486532,90
1240209,88
1182135,88
1212347,88
1192604,88
1453727,91
1344150,92
1293329,117
1247615,106
1230168,105
1218623,71
1106482,164
1224475,164
1008740,168
1413584,172
1072859,173
1136158,172
1278807,194
1499074,166
1120923,166
1370620,143
1368711,96
1210049,72
1043535,72
1446240,71
1092746,71
1399286,71
1277933,88
1104911,89
1483091,88
1265203,62
1233669,172
1090616,172
1384865,172
1195450,171
1044873,171
1370005,171
1433199,199
1117633,161
1357097,159
1034463,137
1018868,23
1160479,134
1498867,65
1486013,23
1088819,34
1055319,25
1433933,35
1188123,22
1373011,80
1239312,71
1203643,71
1165037,70
1474320,70
1220537,75
1426208,81
1009398,68
1244519,65
1469983,35
1026366,126
1368308,126
1065778,139
1119688,120
1360028,117
1497401,114
1181755,116
1339401,128
1098229,95
1079642,90
1240618,93
1454523,93
1127908,93
1137267,94
1432625,99
1090433,92
1173379,106
1020333,99
1261895,112
1356790,77
1111869,18
1464999,18
1291641,17
1238288,27
1398779,24
1382490,16
1313356,127
1098373,122
1445551,124
1161659,136
1234799,137
1430511,136
1118431,162
1302929,142
1019797,129
1292764,104
1185766,22
1401710,24
1134227,19
1322698,13
1005828,20
1148634,7
1401112,17
1396750,34
1265951,12
1386843,105
1004313,106
1041032,105
1370332,98
1482514,90
1497233,84
1178054,95
1369446,85
1284559,85
1300214,73
1269393,126
1092013,126
1102465,126
1237518,125
1354195,112
1438434,108
1033807,145
1395793,129
1038462,129
1346626,108
1423116,140
1009513,135
1170173,137
1425176,136
1137715,136
1359285,136
1193489,160
1377436,150
1487481,143
1098551,116
1187281,621
1430870,845
1410217,620
1048131,622
1364347,622
1117008,749
1328770,1497
1345869,1178
1071799,610
1330035,530
1032173,24
1495208,20
1383002,22
1402872,43
1435861,39
1178853,39
1122331,39
1240938,39
1296533,48
1466523,46
1334815,46
1308211,22
1256813,22
1266863,21
1296573,34
1493672,34
1183189,12
1402501,54
1305350,49
1416500,51
1061620,51
1356623,49
1135009,49
1039371,62
1358442,64
1330108,63
1368952,39
1462550,20
1369178,20
1127368,21
1115599,138
1038256,138
1331730,138
1497225,138
1081286,152
1304131,150
1481379,154
1169752,145
1302845,142
1195185,119
1149992,253
1122208,364
1460719,253
1378323,252
1256770,233
1422410,253
1345825,425
1246051,559
1090476,222
1450161,179
1356370,61
1245069,61
1295639,61
1305904,61
1292177,61
1317384,61
1121211,74
1021640,76
1210569,75
1442046,48
1321821,23
1064144,23
1453686,17
1167008,17
1039041,27
1498885,16
1184297,6
1093750,45
1450524,45
1318369,48
1076401,49
1343116,47
1145496,33
1351476,263
1052953,263
1076286,265
1093380,262
1261614,319
1255779,249
1444017,287
1275886,255
1248091,343
1182264,228
1338299,35
1369916,21
1102096,25
1095800,30
1198327,40
1250772,32
1160375,30
1107432,19
1060946,46
1042183,29
1369620,37
1122156,21
1175348,27
1363391,31
1063775,73
1495203,69
1101411,73
1092440,72
1145502,80
1466400,72
1079464,85
1049098,76
1142848,78
1213627,55
1343897,15
1036537,28
1243770,11
1180979,14
1039804,15
1369285,26
1054396,22
1278952,8
1377409,151
1360361,153
1377051,151
1164969,150
1140859,135
1291354,138
1358775,155
1346906,138
1013720,136
1292460,115
1244578,31
1474430,31
1322499,31
1365197,31
1362232,31
1371779,31
1264908,42
1458255,49
1348866,44
1013564,18
1247790,272
1475065,273
1091144,273
1401772,274
1055430,274
1216862,274
1087415,306
1363888,276
1353104,276
1281332,232
1006892,22
1498669,22
1181152,21
1246156,32
1185338,34
1179564,12
1271415,122
1079926,123
1491328,122
1370913,122
1150110,125
1289002,121
1154816,152
1161426,129
1425253,126
1055652,98
1366540,23
1466142,23
1282021,23
1471786,22
1471184,22
1158034,22
1044415,33
1190027,35
1025744,13
1449443,281
1091600,282
1252477,282
1368442,281
1061735,281
1141220,281
1014144,311
1228466,281
1235177,281
1463183,246
1198427,23
1362374,22
1319966,18
1076970,18
1072338,40
1324663,35
1099626,51
1184336,43
1239385,56
1367023,55
1220533,42
1268409,52
1409006,61
1365750,40
1155946,42
1049715,61
1140522,28
1308262,36
1075712,39
1318240,39
1046741,16
1442998,52
1143694,52
1499298,52
1351721,51
1336045,51
1416593,51
1493857,63
1105475,53
1449195,50
1093850,36
1340596,18
1011398,9
1103720,16
1067294,7
1046037,610
1165089,621
1065795,610
1046290,615
1158811,620
1485195,620
1263562,648
1450493,640
1081449,640
1280539,530
1222518,706
1395897,704
1491382,707
1027914,579
1159704,1647
1256817,1431
1227051,802
1191531,677
1284327,728
1423686,648
1049725,137
1215092,151
1495796,151
1438076,150
1128271,133
1481158,150
1063232,174
1057013,172
1367340,170
1093991,117
1351594,91
1370272,91
1485920,88
1020051,87
1102709,90
1069020,90
1072489,101
1428154,93
1119021,92
1294168,80
1428679,57
1018876,57
1286035,57
1189314,56
1401061,59
1408505,61
1256086,65
1471256,54
1046971,53
1339604,38
1004476,97
1179367,97
1282419,97
1314155,96
1480818,100
1213921,100
1054327,115
1402384,104
1489585,101
1284450,79
1095362,42
1295510,42
1079425,41
1127426,41
1492121,42
1275922,51
1444429,43
1028719,43
1234695,31
1157221,64
1279092,81
1177494,81
1087017,72
1466728,72
1439667,72
1360145,97
1419779,65
1433653,67
1163712,43
1187024,280
1441270,278
1477046,262
1323027,277
1411082,279
1195466,275
1263804,313
1062879,305
1008287,297
1456652,218
1277897,135
1496861,134
1070216,134
1136807,133
1244852,134
1122945,134
1042841,149
1283397,151
1394281,151
1425621,116
1199897,33
1058203,34
1083931,189
1141481,148
1475372,34
1111675,34
1257162,46
1122641,35
1006713,34
1242123,34
1140599,242
1287375,242
1106683,241
1178326,241
1062658,273
1442310,279
1031482,315
1274961,270
1193794,268
1173046,212
1073405,101
1388386,131
1015635,144
1265850,140
1275880,124
1255232,100
1087043,111
1369894,102
1271614,103
1423644,90
1365843,129
1277788,129
1331408,132
1366942,127
1131169,144
1319595,140
1083661,157
1468982,132
1437287,133
1346942,104
1387120,85
1274992,81
1334251,81
1042062,96
1347891,96
1224265,97
1052043,123
1334827,114
1073391,80
1152066,466
1291763,466
1419497,465
1343368,464
1406483,465
1387465,465
1292366,508
1050874,460
1305270,460
1267518,419
1488118,482
1150157,987
1447158,478
1373666,493
1053742,481
1142160,497
1318873,1351
1405202,1262
1483332,485
1021804,420
1069078,34
1090320,34
1286831,34
1375719,25
1076781,29
1067044,29
1067311,39
1431689,31
1272650,30
1005375,650
1304158,650
1441552,651
1184251,648
1093975,649
1293881,648
1339191,692
1217665,644
1152701,644
1058476,573
1135586,337
1065825,325
1423534,330
1280440,319
1053814,324
1256199,336
1119525,362
1475701,361
1047518,377
1497173,276
1027610,81
1118499,81
1376750,81
1372751,80
1014613,80
1499206,80
1394950,91
1270313,93
1388225,93
1102682,63
1373049,115
1374934,116
1466642,115
1196961,115
1204608,115
1302893,114
1211146,128
1447746,130
1279444,130
1443192,102
1173972,1728
1350644,1732
1103990,1753
1093038,1738
1435909,1768
1158632,1728
1044666,1891
1022214,1753
1109852,1751
1103251,1464
1245151,39
1091280,39
1216346,39
1075875,38
1262452,38
1067301,38
1411464,48
1255011,40
1405681,39
1242338,27
1219724,418
1058377,401
1195401,401
1484640,400
1430136,426
1194693,415
1238795,418
1445130,380
1495302,380
1457745,365
1228826,135
1032558,290
1116835,138
1281436,137
1392727,137
1107967,137
1497229,302
1412855,298
1176830,143
1181052,112
1026093,760
1185453,764
1315380,764
1413823,764
1010266,763
1091121,763
1126295,853
1322521,822
1345620,822
1273456,659
1017181,58
1437992,58
1342908,58
1028601,68
1396722,68
1467939,68
1149914,94
1399635,85
1012701,45
1244464,34
1386370,34
1216014,33
1368555,29
1113123,29
1345794,29
1119492,39
1111125,28
1412767,41
1450857,18
1173917,47
1155630,41
1356121,47
1050288,46
1162283,40
1489209,41
1351254,57
1216122,50
1321233,50
1378592,37
1243144,698
1179049,685
1122106,685
1128795,706
1161911,1648
1291485,1296
1164130,778
1304828,702
1375598,1731
1226809,1401
1055745,39
1373254,74
1254780,71
1064535,123
1262880,110
1210758,54
1241336,48
1340262,40
1179825,44
1194213,29
1408547,181
1221819,150
1075060,146
1122942,61
1101877,71
1394784,71
1193406,73
1286648,64
1422458,57
1375901,45
1108850,137
1315916,138
1474269,137
1054140,135
1120723,136
1305234,135
1301459,159
1376519,142
1134580,140
1485791,112
1451083,28
1445603,210
1484744,201
1038904,28
1031321,28
1407540,41
1039587,31
1156578,27
1312025,23
1040401,341
1114965,341
1104316,339
1112568,337
1428843,340
1230914,340
1075523,371
1488572,330
1070158,332
1326706,280
1088269,53
1056626,53
1103377,53
1083185,53
1311976,53
1494852,53
1424685,63
1365452,55
1144977,54
1487150,40
1269737,146
1220695,146
1260241,146
1413776,146
1096175,146
1028988,146
1163114,160
1379872,162
1434750,162
1149128,128
1050787,541
1393875,540
1012578,540
1198302,539
1145147,538
1088945,538
1031019,576
1451871,572
1484128,572
1403902,435
1230428,224
1258533,224
1461975,224
1051521,223
1449613,264
1301242,264
1388334,293
1462301,254
1256292,254
1375741,230
1272397,66
1030881,66
1389672,66
1082933,65
1255464,65
1180074,65
1476554,77
1316356,79
1492732,56
1086058,221
1028415,221
1239901,221
1252904,219
1201095,298
1150029,294
1353626,250
1480847,225
1008536,225
1335480,189
1401571,123
1090332,140
1387352,180
1457410,131
1463710,131
1023300,132
1303377,156
1370092,128
1226369,127
1125244,105
1435758,53
1449932,53
1115199,53
1384407,53
1478571,53
1074049,53
1205729,67
1437531,70
1214154,69
1128210,42
1472617,169
1484423,169
1379556,169
1151642,218
1491312,218
1154462,218
1126102,233
1016428,194
1395652,194
1008390,160
1099643,209
1405566,209
1334187,209
1144637,208
1223108,295
1104258,295
1476710,343
1175881,244
1457081,242
1336815,169
1179494,906
1424073,856
1245852,906
1365636,1021
1106708,927
1153454,1014
1249506,1140
1172413,915
1444494,903
1478307,732
1391175,238
1013490,159
1085873,159
1115883,160
1368173,160
1471715,161
1016398,195
1077222,193
1165593,193
1491929,139
1384377,492
1032299,492
1202009,492
1439062,490
1265686,490
1051255,491
1424001,537
1280472,477
1294818,477
1388456,400
1416231,47
1083836,44
1331096,151
1368030,137
1345512,43
1292810,44
1087300,55
1343012,46
1161779,46
1319688,50
1333542,107
1486982,109
1107205,109
1390807,114
1466492,114
1334010,115
1270293,141
1074290,132
1041760,102
1445115,84
1264796,538
1023315,452
1210647,452
1426497,451
1235375,451
1350360,472
1469630,524
1277210,511
1146622,509
1036876,423
1425196,143
1491984,143
1344138,144
1283089,142
1170506,182
1411866,136
1194304,156
1113435,132
1237466,129
1271238,107
1363159,93
1364616,95
1429146,98
1464202,97
1068354,97
1005203,97
1414175,131
1481232,104
1129914,104
1238863,80
1008215,17
1411724,17
1245081,17
1484308,26
1202024,25
1052405,25
1042014,16
1000162,15
1027805,4
1311397,132
1477907,131
1216651,135
1123580,138
1417666,138
1002038,139
1084662,155
1489354,143
1158075,141
1042125,112
1251613,21
1168245,21
1160402,21
1422509,20
1158511,30
1147099,22
1320661,65
1384396,65
1132599,68
1146902,59
1261255,59
1257915,59
1345160,80
1337595,61
1390310,56
1062489,36
1063831,110
1255299,96
1413299,36
1168202,48
1057456,36
1266795,35
1169272,35
1102241,35
1211490,34
1399529,30
1378037,30
1040540,53
1146566,47
1331389,47
1315441,25
1372739,31
1421522,59
1259696,61
1129512,42
1067118,23
1438160,30
1051817,38
1499922,30
1111061,29
1066167,19
1314843,35
1347403,35
1212494,35
1279696,33
1138980,47
1198904,42
1222111,62
1438733,40
1398572,40
1319182,14
1185945,38
1093579,38
1032870,38
1214375,31
1177759,31
1274988,43
1427628,35
1142944,22
1384967,248
1061803,248
1465247,249
1378051,248
1009948,247
1480310,247
1382879,269
1456342,244
1010920,244
1056436,192
1429213,214
1382855,267
1200363,214
1084567,214
1498562,219
1469153,213
1037102,403
1427400,390
1409674,219
1459589,183
1341539,24
1358202,24
1082994,22
1280847,21
1137255,321
1449924,243
1146408,204
1109325,207
1089155,244
1260361,241
1069628,270
1476185,264
1304452,264
1456018,229
1168634,54
1050143,54
1448384,54
1492295,64
1368624,53
1036112,53
1483648,65
1406961,68
1386811,67
1323791,44
1334064,262
1474493,261
1452523,262
1109460,260
1397686,302
1436925,260
1271835,296
1266289,295
1172743,330
1028916,278
1315521,21
1072330,20
1337149,22
1275118,21
1162539,9
1196722,93
1490941,89
1040784,89
1294243,88
1352466,103
1452753,99
1050510,116
1115545,95
1188052,94
1071305,63
1247277,48
1052474,163
1108974,48
1371893,48
1367438,48
1449624,48
1484270,391
1183169,375
1286878,45
1144960,32
1053700,251
1196897,249
1100864,249
1095250,248
1314012,246
1177213,246
1312239,281
1371943,280
1269951,278
1124463,200
1490942,36
1170667,22
1143819,22
1179359,18
1475609,18
1027289,27
1378115,17
1021057,16
1449942,32
1249222,36
1208517,36
1062744,31
1243058,31
1293688,35
1100724,41
1439573,39
1373315,34
1222836,25
1335629,193
1278780,193
1067138,212
1438654,215
1115605,264
1129879,258
1107382,227
1430066,202
1125215,269
1053604,235
1384170,28
1136582,80
1349156,42
1058093,21
1483101,29
1029890,37
1474722,29
1475193,42
1135844,36
1398655,37
1315808,25
1103978,28
1470282,28
1269302,35
1227936,9
1408686,117
1070194,114
1403968,118
1123130,116
1245806,129
1495941,115
1470501,133
1015807,119
1391639,138
1482372,99
1391156,25
1045104,25
1103952,57
1454713,48
1375968,24
1007084,25
1052745,36
1158748,116
1286519,116
1309602,116
1372560,126
1128131,120
1162379,120
1456855,130
1248994,109
1472655,118
1455569,102
1122155,22
1220591,22
1075151,21
1276712,21
1499384,23
1359818,12
1079711,64
1233988,65
1397501,65
1009945,65
1299667,65
1393892,63
1234576,74
1134369,80
1353368,78
1340396,49
1440443,321
1127755,322
1073642,321
1442597,321
1123801,320
1016113,322
1077256,363
1417275,317
1127001,316
1426278,276
1476353,24
1446591,37
1060246,108
1423262,108
1142875,108
1381048,107
1457123,133
1159627,127
1389785,129
1105548,115
1149460,111
1274740,82
1080233,54
1031203,62
1139190,68
1104740,59
1290913,59
1430451,59
1335989,77
1162693,53
1305141,56
1013437,34
1233671,36
1320120,36
1025076,36
1223519,36
1054214,36
1308065,36
1240654,47
1200050,49
1345355,49
1068268,26
1270445,196
1343543,200
1155966,199
1283403,202
1121260,199
1480060,199
1334159,231
1491288,199
1211269,196
1478541,155
1452943,57
1417264,57
1191088,57
1396054,56
1292602,67
1297445,80
1453344,90
1211395,70
1014021,69
1346976,47
1048031,332
1456955,327
1381063,333
1277432,335
1099897,353
1250071,332
1463021,378
1353948,317
1033537,321
1486601,250
1420868,40
1180967,30
1168582,30
1200756,30
1231412,30
1169013,55
1331116,58
1125203,43
1348911,22
1086613,223
1421320,223
1090620,223
1069506,222
1325531,222
1083569,221
1313290,249
1080704,219
1164623,217
1302218,177
1194353,30
1132414,16
1031339,334
1169426,227
1079503,244
1097103,226
1285304,270
1402825,225
1089017,303
1010820,275
1015441,275
1231147,230
1105986,239
1348536,239
1433325,237
1167618,214
1277541,352
1444093,350
1263410,254
1451230,227
1204224,228
1397681,195
1182144,82
1495363,85
1424798,85
1166644,84
1437121,84
1336858,86
1452469,96
1033949,109
1049040,90
1323615,70
1269746,43
1433619,43
1001640,43
1194935,43
1188770,29
1081277,28
1396237,52
1361791,41
1142156,40
1301647,29
1194788,64
1118413,61
1463339,64
1322713,63
1217125,75
1149362,63
1063625,76
1315041,79
1337564,68
1400460,52
1319113,21
1346923,20
1006410,46
1374185,46
1128146,37
1107192,37
1429267,37
1348839,57
1062422,40
1152761,39
1103794,18
1116108,21
1030078,21
1442249,103
1255211,89
1128793,20
1385567,20
1261731,32
1401816,23
1088743,30
1108362,32
1418907,32
1440868,31
1073521,31
1271078,36
1032225,54
1383271,45
1178834,45
1302037,22
1245159,52
1066967,52
1183823,83
1359292,118
1488400,43
1175823,44
1100095,53
1302501,47
1007438,45
1320986,33
1218892,76
1244188,74
1285096,74
1236380,73
1063163,72
1204772,69
1093786,104
1174817,80
1486767,81
1488426,52
1293017,41
1097133,43
1374574,38
1085531,34
1361255,34
1472554,46
1064428,38
1044578,38
1432364,25
1154515,91
1077412,91
1372989,91
1085876,89
1232949,89
1109936,90
1487950,126
1097184,90
1140272,90
1493015,72
1109605,380
1070941,499
1103072,380
1451491,377
1176188,376
1132187,378
1360286,662
1008508,630
1390829,370
1390931,332
1155697,22
1208514,22
1387955,22
1091512,21
1163909,17
1054161,20
1221242,137
1075306,129
1472117,126
1361785,126
1299678,129
1478932,124
1477313,146
1028047,135
1111646,133
1100366,104
1342337,34
1439494,34
1006332,34
1419759,33
1395664,33
1129361,33
1380842,44
1050958,47
1105354,46
1450106,24
1409427,300
1100468,300
1411863,300
1010693,300
1004925,300
1265382,301
1239027,343
1462013,345
1464784,342
1440692,250
1087631,20
1202597,72
1489659,72
1327758,72
1234609,70
1039028,72
1470903,68
1195946,101
1033329,78
1214830,76
1240032,41
1099603,145
1353172,246
1019198,145
1391487,142
1386397,138
1370849,143
1055063,297
1398646,281
1124512,138
1209189,109
1000264,138
1253533,138
1109365,138
1492072,139
1369989,139
1233753,139
1113550,175
1119683,174
1351878,173
1143262,104
1272587,25
1290655,23
1166069,25
1099209,17
1004210,17
1445895,22
1493529,22
1128880,59
1306327,30
1443388,25
1232007,25
1473506,25
1408066,35
1055072,23
1295169,22
1398942,13
1224218,29
1258934,31
1154519,24
1335469,26
1333990,26
1404629,38
1113566,31
1403272,18
1265773,213
1199865,213
1246934,215
1122674,219
1218607,281
1117180,275
1395756,245
1200879,208
1354961,351
1254236,297
1378973,40
1365889,41
1404113,74
1420948,63
1085578,38
1461775,43
1222138,34
1446108,22
1080246,23
1195326,15
1082828,79
1269378,79
1349534,80
1333349,103
1363871,83
1004201,83
1208483,96
1308393,87
1176480,87
1267608,70
1229780,26
1474801,78
1196064,36
1094602,25
1341838,37
1471444,29
1443416,32
1350236,19
1463712,113
1162339,113
1104304,115
1313355,114
1452462,105
1036900,108
1390732,119
1318748,108
1417446,106
1400458,84
1281325,27
1335270,27
1432911,26
1243734,26
1412550,36
1096371,28
1414904,28
1268663,16
1016463,45
1014561,45
1023254,45
1261641,45
1242929,50
1066835,45
1084108,57
1273171,59
1310686,59
1429564,32
1024089,138
1250260,139
1079833,139
1205357,141
1391126,142
1033330,141
1362777,168
1205882,141
1370541,138
1175659,109
1027143,32
1493357,98
1455534,98
1178953,98
1365007,97
1331624,97
1051517,93
1111575,128
1343235,105
1409057,105
1225360,72
1485114,56
1120103,64
1049722,64
1284522,53
1342647,55
1086255,54
1434155,74
1487073,53
1210002,55
1336168,29
1179146,69
1077679,68
1356561,68
1445899,67
1056607,68
1471104,68
1157790,83
1281062,84
1128363,83
1147010,57
1079844,116
1343311,117
1222710,117
1444309,116
1430049,116
1107484,116
1449523,129
1204458,119
1349810,117
1233956,93
1267409,45
1020645,43
1076446,45
1158633,43
1137733,59
1330234,67
1165516,56
1232019,56
1087910,33
1153545,163
1291261,160
1132971,169
1184517,175
1481481,168
1072917,168
1124052,183
1120927,161
1270649,160
1318939,132
1085957,49
1308794,36
1456287,36
1171254,35
1120570,35
1457111,35
1299687,47
1274831,48
1202928,48
1223002,27
1369030,143
1243985,145
1334645,145
1133418,142
1483507,142
1182900,142
1029886,160
1218586,142
1305277,141
1468483,121
1391127,29
1001197,29
1185326,143
1049627,62
1006124,28
1298818,31
1179858,43
