RMSE,MAE,Validation Weeks,Train Rows,Valid Rows,Features Used
95.50916153215505,58.54729053275484,8,430283,26265,44
