RMSE,MAE,Validation Weeks,Train Rows,Valid Rows,Features Used
95.66218282769584,58.724011415954465,8,430283,26265,44
