RMSE,MAE,Validation Weeks,Train Rows,Valid Rows,Features Used
104.21612575508202,63.33869657146097,8,430283,26265,5
