RMSE,MAE,Validation Weeks,Train Rows,Valid Rows,Features Used
96.84912520676747,57.92823162979027,8,430283,26265,26
