id,num_orders
1177098,731
1486011,673
1301735,651
1273097,611
1450902,676
1158165,642
1077876,787
1479002,908
1281555,812
1220629,716
1287288,1111
1149272,1168
1430093,1116
1157251,1276
1364131,3078
1227970,2507
1411427,1333
1033512,1379
1249878,1244
1449349,969
1386036,422
1177651,409
1261268,411
1316488,350
1297387,431
1240915,334
1140431,464
1013079,534
1361178,556
1097810,435
1391435,183
1099528,177
1117969,192
1054117,160
1103779,140
1285350,150
1367217,202
1416683,213
1118412,206
1293675,164
1330467,181
1189762,208
1408479,189
1375495,175
1361615,321
1498846,209
1145843,149
1310857,177
1315483,165
1074295,141
1279057,113
1092985,102
1259030,127
1326687,96
1373522,112
1157350,106
1250173,125
1152295,130
1348202,118
1284570,103
1158868,28
1047566,26
1209129,28
1004886,28
1195396,31
1271245,29
1093884,27
1259014,24
1399101,228
1437934,289
1416330,271
1302476,268
1146657,266
1057285,253
1349227,287
1368165,215
1422379,237
1086047,158
1002589,659
1017711,594
1211204,588
1345688,578
1210501,597
1084025,609
1239272,680
1022695,705
1011110,753
1005560,722
1225988,115
1366211,114
1324708,119
1184103,117
1310794,122
1388767,132
1272864,137
1133154,164
1344662,185
1038802,154
1467437,87
1329046,82
1057669,327
1331479,318
1232705,84
1401490,76
1196960,94
1119175,89
1149199,75
1297151,66
1408811,449
1237636,409
1008635,453
1481250,387
1481724,837
1458403,818
1438049,750
1197105,462
1181471,447
1352308,397
1399262,297
1398440,319
1472243,362
1342553,299
1303872,275
1374742,132
1160087,213
1449481,224
1409784,212
1181977,162
1236099,164
1088551,166
1438339,164
1374498,162
1173658,170
1008292,183
1045869,189
1284400,194
1228589,186
1136450,164
1192132,230
1277023,234
1226033,242
1383481,230
1345596,253
1346637,220
1099736,268
1070940,251
1283616,163
1412687,126
1078901,714
1229539,656
1340614,627
1428262,476
1018915,619
1038769,525
1103105,646
1360988,671
1298022,619
1492789,506
1051818,744
1147532,2552
1246221,676
1000164,661
1315204,703
1268614,688
1303680,4300
1399880,3670
1494417,792
1272597,632
1418909,84
1396660,79
1175187,71
1317753,62
1034244,56
1040435,48
1349623,54
1431405,53
1179430,47
1176893,42
1449984,735
1292983,686
1115570,641
1200857,610
1344262,624
1203477,573
1187267,708
1044893,763
1220430,755
1320834,669
1198931,539
1430253,446
1196393,518
1480687,505
1097181,537
1499604,563
1408309,644
1053367,710
1066051,626
1073193,612
1161079,62
1134692,65
1444677,66
1417557,69
1292994,73
1461469,80
1382786,86
1259677,106
1148205,114
1325721,91
1179236,105
1447264,112
1007165,114
1094157,112
1037639,174
1043566,148
1071289,153
1230721,171
1281633,161
1381624,142
1134786,1531
1052017,1501
1209585,1408
1115016,1473
1101235,1615
1448019,1713
1315737,2023
1039269,2106
1436545,2125
1445418,1848
1252654,72
1067370,76
1415662,69
1423314,63
1367043,62
1234416,57
1368612,65
1175687,67
1126635,60
1215026,46
1307333,345
1077544,396
1461548,366
1155304,323
1076344,460
1479849,491
1337089,422
1436130,422
1097496,392
1095473,328
1397206,266
1132317,1652
1249794,242
1235645,261
1267815,327
1024354,303
1106620,3535
1277874,2469
1128160,344
1088442,280
1008071,680
1351714,689
1278748,670
1033118,696
1432496,681
1231141,715
1026727,850
1077204,958
1438728,949
1424161,811
1232750,176
1240251,163
1324350,157
1315410,173
1492833,166
1136861,149
1295531,186
1280308,183
1167103,116
1389109,81
1355488,97
1216663,99
1363746,109
1128710,102
1042523,95
1110118,82
1290610,101
1145669,93
1286261,77
1325159,51
1011543,160
1058360,155
1007123,152
1412939,142
1014783,139
1113754,131
1273175,140
1248159,143
1457927,127
1115454,116
1214752,1480
1058556,1453
1353953,1408
1408738,1453
1483186,2727
1052629,2460
1466020,1684
1051717,1795
1431922,4407
1216601,4559
1238090,182
1214968,240
1079476,236
1165310,255
1176334,206
1012940,113
1250538,177
1199727,164
1467998,189
1007279,150
1061973,253
1281392,175
1023051,187
1158061,88
1142648,92
1404159,97
1348850,103
1379341,108
1403602,82
1229591,103
1009044,222
1066687,222
1167748,218
1075832,205
1151308,185
1262900,155
1080258,223
1497570,202
1316773,212
1173901,152
1020490,82
1054376,79
1066575,455
1428927,407
1195774,82
1482761,74
1359976,93
1054274,89
1197821,74
1048829,68
1273910,324
1238143,340
1474729,325
1350239,317
1440237,325
1105342,312
1001956,366
1114835,352
1115501,341
1184958,283
1155995,190
1040659,176
1311681,179
1433355,153
1271815,154
1242344,153
1200743,175
1436480,178
1279838,156
1251356,135
1076920,122
1489348,116
1249911,109
1429083,116
1014635,125
1274715,127
1084623,136
1486084,159
1007567,168
1005224,146
1018869,421
1079368,413
1093376,414
1041123,359
1430566,411
1040612,387
1392552,456
1281620,514
1005866,538
1037632,440
1386889,420
1173359,509
1367247,530
1482433,542
1257584,553
1114301,605
1421477,618
1010322,596
1366678,548
1190900,476
1268984,226
1082662,236
1341057,228
1198596,221
1360054,225
1316119,214
1182553,227
1312899,238
1279295,219
1179644,175
1195643,256
1400933,286
1006845,311
1244972,251
1211835,283
1245361,270
1205492,257
1459875,277
1369352,261
1279631,222
1197470,284
1364127,359
1473365,326
1413843,392
1116354,352
1185582,323
1359183,389
1259615,302
1175328,332
1017133,235
1073550,278
1052320,309
1218304,295
1403013,295
1213321,294
1059546,268
1037013,329
1030517,330
1413036,321
1010010,276
1446578,452
1465365,558
1026935,580
1117406,527
1304553,518
1221568,536
1385364,651
1387510,591
1020597,576
1419393,470
1003760,356
1207260,340
1110869,331
1146477,320
1207346,716
1408082,720
1376120,639
1407386,368
1497500,411
1194367,342
1272083,1069
1099221,938
1406384,940
1360566,1110
1050703,1102
1419040,1044
1255087,1164
1169109,982
1231535,1018
1475079,842
1121637,766
1286192,382
1076099,427
1135164,426
1243831,487
1247648,440
1080752,465
1006812,507
1205020,518
1281256,444
1185139,672
1297480,643
1051229,651
1012762,569
1005712,629
1290480,597
1107751,706
1448045,665
1320697,606
1343551,512
1465107,79
1041761,81
1359065,369
1083748,374
1174518,82
1309393,73
1173584,94
1362180,91
1402804,74
1379904,66
1234402,221
1232348,216
1186038,206
1228924,235
1420063,230
1224017,213
1456472,265
1387675,254
1043351,157
1426735,123
1190633,532
1234168,528
1187850,508
1461408,474
1324628,544
1043320,482
1112006,598
1431890,685
1142113,654
1473136,559
1129467,706
1440344,689
1199647,673
1329067,722
1310720,1587
1187699,2045
1490972,808
1188019,822
1393545,746
1196202,620
1289523,279
1306275,305
1123768,303
1495866,276
1251443,316
1112488,272
1248124,346
1361909,339
1484093,370
1137757,294
1049366,125
1442356,114
1344308,140
1057310,123
1450163,126
1249769,104
1328737,143
1358230,155
1245395,150
1227902,140
1141892,85
1023603,82
1009205,67
1401622,61
1056837,174
1399479,111
1380035,81
1187248,81
1052075,62
1190890,46
1224120,139
1083028,141
1435741,152
1227990,145
1102401,136
1494941,128
1405194,156
1160706,186
1389486,176
1475674,135
1117711,24
1268268,20
1084245,20
1436228,21
1044490,79
1119951,121
1148469,112
1040533,113
1182305,135
1058670,98
1069033,135
1052272,91
1102729,93
1439572,59
1091114,383
1066926,464
1042657,401
1126990,405
1135737,439
1264507,436
1220181,512
1483607,613
1465019,628
1142488,576
1103283,166
1398797,168
1198936,161
1206071,158
1148030,176
1293650,176
1200910,189
1285518,217
1080615,250
1254886,217
1083754,70
1462240,368
1135487,298
1018722,71
1172707,87
1162264,56
1086936,256
1207218,239
1040287,248
1430895,250
1029036,358
1338150,491
1352621,582
1068287,235
1032470,257
1455331,216
1244516,99
1327333,249
1077866,230
1157697,230
1359546,122
1083789,70
1186701,90
1307736,92
1169772,98
1423832,67
1052776,122
1017418,120
1084980,115
1049695,107
1152112,211
1073128,160
1400065,142
1078686,153
1442361,144
1438146,136
1229328,66
1154798,64
1258593,65
1214967,74
1415050,67
1249408,60
1217205,75
1403443,40
1323989,493
1063221,481
1375428,484
1171835,374
1175458,428
1022677,371
1064513,478
1141542,441
1254313,387
1429469,324
1140772,586
1473886,2270
1040538,579
1300105,461
1254975,578
1468203,555
1147088,4115
1225845,3248
1449493,544
1168141,481
1472121,38
1486257,31
1290578,32
1323798,27
1176875,27
1329642,25
1060343,27
1217405,27
1290002,685
1480585,629
1132573,593
1057544,534
1185226,553
1332114,518
1006557,593
1223406,717
1165398,696
1252122,638
1043572,500
1120725,443
1493836,499
1382069,499
1262029,531
1436339,541
1171914,563
1222059,638
1179976,665
1312713,634
1168741,107
1108197,106
1322681,97
1446803,108
1460737,107
1378544,102
1223144,115
1415427,137
1238698,141
1273113,110
1024905,76
1161371,69
1335725,68
1185623,70
1495661,69
1059370,70
1485382,86
1136555,88
1113434,86
1476173,81
1098228,1487
1080847,1415
1064602,1355
1093227,1409
1177861,1514
1259611,1474
1274836,1673
1030333,1843
1249982,1852
1188591,1661
1387134,26
1055877,24
1308549,26
1205716,26
1471019,23
1245854,25
1453386,26
1234023,27
1302153,289
1246959,275
1433203,282
1339909,247
1161885,421
1437209,383
1357587,314
1418362,293
1118797,280
1109876,257
1103484,263
1179187,1524
1262515,173
1050801,221
1209593,286
1129604,253
1471717,3567
1147030,2483
1374174,256
1347061,241
1101375,812
1398435,774
1353965,722
1183936,768
1311911,783
1062494,752
1410039,929
1187463,979
1082477,1003
1345516,840
1302404,49
1319320,46
1363194,49
1150515,45
1465309,40
1373073,50
1164383,41
1302775,35
1439889,68
1043720,62
1065834,40
1272505,51
1356980,45
1028730,57
1124574,57
1369044,51
1157352,52
1197335,700
1098456,645
1004231,648
1348678,860
1069114,2029
1120606,2267
1116595,902
1124659,858
1403491,3797
1124415,3422
1380381,77
1110397,180
1051554,169
1158465,203
1120697,108
1080382,59
1288728,68
1023715,74
1010857,74
1432432,50
1343027,141
1048501,76
1154647,85
1019399,63
1272535,53
1321418,46
1473948,44
1083699,41
1258695,46
1293810,192
1321966,175
1376274,211
1453454,168
1341931,175
1133750,152
1452164,218
1142445,195
1334127,215
1074156,191
1097952,62
1438615,68
1068496,414
1000100,374
1134437,59
1292242,83
1413791,71
1490069,59
1314145,64
1019214,343
1340547,313
1367086,347
1188841,321
1344109,345
1378136,355
1393759,356
1352569,358
1480595,338
1349200,286
1236400,53
1153639,53
1004909,37
1347302,41
1448703,47
1291242,33
1224254,28
1265051,120
1303545,110
1241905,106
1156187,107
1164364,115
1368515,113
1371309,112
1270509,139
1023956,143
1175778,136
1400016,406
1371135,418
1386866,411
1263387,373
1316202,400
1238695,386
1269164,437
1212464,487
1458850,506
1164926,414
1439647,255
1321232,309
1055592,450
1241427,431
1072422,331
1381948,290
1459193,401
1107012,340
1484291,351
1189072,307
1217722,62
1024786,69
1164714,66
1487084,66
1194216,67
1333009,69
1400194,63
1220768,63
1206564,167
1448674,162
1237375,152
1323061,156
1205077,280
1281460,247
1483448,190
1406717,190
1439670,176
1311889,171
1408468,102
1025542,162
1160326,165
1443402,144
1226069,153
1175779,147
1495888,181
1226727,126
1088993,126
1162495,83
1171266,106
1018646,107
1224157,132
1476159,123
1481437,122
1137703,104
1443319,135
1297612,108
1366087,117
1219884,112
1495062,336
1079487,372
1415325,402
1347027,352
1006493,379
1005118,350
1486530,454
1269555,400
1250542,405
1218398,350
1088412,194
1341714,188
1317606,191
1191523,198
1373558,295
1144418,397
1482712,455
1290408,200
1044002,232
1156368,181
1040430,893
1087004,837
1042794,787
1359630,950
1059906,930
1340375,862
1167679,1006
1118042,858
1433454,823
1414239,676
1333032,350
1074655,159
1017569,180
1047271,191
1364823,248
1081645,256
1193498,290
1308101,297
1295480,338
1026912,310
1170447,502
1141028,481
1283426,493
1353711,415
1053353,434
1077335,406
1347043,524
1222655,469
1413603,428
1166615,355
1251605,53
1207693,48
1108927,303
1388671,243
1286860,32
1306117,58
1493718,54
1289654,39
1140803,42
1164395,76
1131843,79
1437106,84
1360876,91
1383471,86
1008063,71
1465304,93
1045061,92
1461030,50
1207213,49
1247289,844
1005108,817
1034753,791
1306222,774
1383467,800
1264972,778
1061474,930
1132437,990
1115805,949
1016058,799
1137610,1399
1480777,1392
1494822,1355
1464047,1611
1472699,2989
1376448,3194
1282271,1443
1408615,1608
1023846,1527
1243501,1273
1129707,463
1260334,474
1021163,444
1140966,465
1243209,465
1083760,425
1381446,561
1005261,618
1252533,584
1188240,534
1160081,121
1008310,103
1221080,106
1059966,111
1242487,103
1421837,75
1057534,119
1323943,122
1064030,109
1498348,108
1136118,182
1134200,181
1145773,174
1190892,168
1466336,317
1134658,238
1459356,163
1426808,193
1296652,171
1348796,140
1120430,159
1247851,150
1031048,168
1106408,143
1029543,141
1193017,129
1261642,169
1395556,168
1005813,165
1037275,159
1442044,77
1307339,73
1196209,74
1482208,63
1379112,64
1128418,55
1467469,70
1120268,72
1346817,57
1441892,47
1113611,132
1265885,186
1466429,187
1180816,172
1315750,175
1407545,149
1420309,204
1262288,146
1069047,156
1135656,106
1086750,467
1159714,507
1240555,528
1124593,535
1083372,616
1186898,593
1000649,696
1356969,757
1305931,753
1223568,615
1025605,228
1046412,228
1115576,228
1199659,242
1499049,242
1324623,251
1322481,271
1231854,311
1219611,332
1341241,268
1213246,100
1303698,90
1137709,560
1185120,474
1371702,103
1208218,84
1035515,122
1386342,112
1143967,95
1377191,90
1008206,489
1479104,475
1207945,487
1061234,454
1453841,624
1154063,874
1219733,827
1399265,498
1458672,513
1496971,441
1233312,256
1264605,391
1068894,286
1056311,271
1305530,247
1103403,146
1257959,201
1124544,217
1079989,208
1463282,155
1467510,181
1191200,186
1173754,185
1262678,172
1390007,253
1039345,195
1350477,209
1110823,218
1211565,196
1350329,163
1072530,256
1445154,261
1472817,285
1232736,255
1378869,264
1272128,245
1049965,291
1034550,287
1050805,170
1181479,154
1329551,751
1327025,692
1122935,684
1493967,551
1342800,620
1130779,575
1209612,668
1082880,722
1355118,675
1313071,585
1364001,1043
1158273,3176
1179879,899
1072628,838
1078195,910
1014743,877
1093556,4972
1394305,4050
1180962,1025
1317465,885
1285290,92
1283478,89
1403548,94
1126214,66
1264973,64
1305760,55
1357985,67
1341978,63
1017304,54
1110867,743
1137245,702
1403820,671
1256510,642
1353789,672
1007195,663
1400253,791
1290777,880
1287202,862
1387179,770
1147262,631
1240702,562
1198318,577
1326921,612
1136997,588
1449211,658
1285242,730
1429995,827
1118227,894
1477410,814
1082079,193
1399206,196
1071064,200
1338613,208
1279640,212
1218656,216
1255347,229
1196682,251
1175536,262
1176180,205
1032497,198
1354339,201
1494544,204
1340571,211
1191782,201
1186849,209
1367532,254
1107386,250
1065339,252
1323008,213
1332667,2423
1039351,2353
1319273,2192
1305518,2238
1327143,2267
1272171,2028
1223757,2190
1090089,2325
1128850,2366
1446344,2452
1379360,95
1203113,88
1341899,90
1163110,80
1229974,77
1392905,73
1155992,80
1287197,85
1290426,71
1067530,55
1171352,523
1182678,435
1065067,497
1239466,433
1223222,1035
1422513,718
1446621,572
1453468,493
1361280,482
1449340,428
1369843,388
1388974,2652
1256351,286
1418345,290
1410772,400
1347615,364
1229128,3451
1275233,2748
1238848,405
1404060,358
1075942,1356
1458788,1404
1108592,1458
1091948,1579
1028978,1596
1480899,1727
1043364,1892
1390783,2031
1083460,2023
1113545,1907
1203532,150
1404661,142
1019816,146
1152557,167
1262290,168
1118117,149
1389659,189
1375700,193
1089820,106
1019878,78
1254872,116
1174768,107
1364143,116
1412578,103
1327394,98
1015386,83
1117354,108
1151394,109
1287520,75
1357767,54
1316684,116
1039434,107
1115675,114
1135243,109
1240466,111
1057585,99
1278666,116
1300574,128
1207105,109
1035393,79
1020081,1586
1190755,1538
1167256,1434
1096372,1537
1218496,3320
1475974,3188
1373463,1734
1256563,1940
1123285,4743
1173215,3913
1279379,153
1451598,289
1304937,272
1231953,330
1168898,177
1353870,106
1165749,134
1230695,132
1242560,126
1228365,94
1413930,236
1022252,148
1139910,157
1001888,72
1210850,91
1407222,82
1370845,91
1266898,104
1151883,90
1277683,83
1487280,240
1123603,247
1206298,250
1337824,207
1053213,211
1177201,197
1374187,241
1021300,230
1490308,216
1306497,188
1279131,137
1269144,122
1276382,742
1116326,551
1404622,122
1275681,98
1194463,136
1304635,133
1205095,117
1478466,103
1010552,358
1331672,370
1457969,365
1368801,344
1455031,398
1011328,349
1162772,422
1227348,405
1255226,392
1145821,323
1470186,116
1178919,124
1418928,124
1081244,108
1077806,101
1152499,92
1370097,107
1020769,109
1400947,87
1018985,73
1414158,238
1416216,240
1192089,234
1115764,246
1473840,259
1302530,265
1237322,287
1004831,314
1153638,342
1084874,263
1109804,617
1054832,605
1352123,581
1423856,581
1435666,612
1354480,601
1246275,714
1336436,827
1432832,807
1165254,737
1339938,370
1210385,491
1099728,487
1023338,513
1011542,500
1155592,445
1019661,567
1392027,543
1316583,517
1097877,456
1494216,326
1182532,317
1290506,347
1470108,323
1267485,316
1334810,246
1222803,307
1484176,291
1028575,278
1179192,238
1374892,245
1350025,240
1271551,227
1135607,223
1094534,390
1402997,331
1276985,259
1050864,270
1438304,270
1172618,236
1248315,228
1203731,339
1423330,311
1175893,279
1120441,291
1195707,280
1333706,331
1334557,249
1243318,271
1190535,197
1116374,410
1018735,431
1205948,432
1083732,427
1124304,430
1068682,396
1061931,487
1188547,482
1197855,479
1395274,420
1431703,466
1351595,431
1409355,454
1315567,409
1429778,433
1414869,418
1027375,523
1022544,516
1022578,466
1078001,395
1267686,430
1143283,403
1162708,411
1327015,383
1396741,579
1224020,772
1173723,881
1430604,387
1263640,440
1429780,368
1022953,1673
1495360,1606
1029946,1509
1089615,1736
1112962,1766
1210844,1672
1283830,1915
1242056,1544
1129081,1632
1213128,1538
1234220,1507
1358932,505
1456061,550
1001605,750
1495976,674
1186697,649
1318247,723
1304912,778
1116992,789
1415286,738
1398257,885
1247585,889
1035021,804
1221774,757
1152647,821
1124283,772
1232726,884
1362645,846
1418889,803
1261781,695
1256386,93
1057182,94
1263231,489
1084274,404
1082354,93
1472006,85
1310908,109
1374704,109
1285971,88
1412159,83
1115708,279
1092272,270
1219683,257
1310626,257
1027118,262
1335607,245
1371511,283
1273740,271
1181728,170
1251517,147
1485369,353
1103569,325
1314410,323
1430695,300
1145013,318
1468147,297
1412754,342
1032733,374
1213087,356
1008542,292
1209550,229
1441788,278
1494973,321
1276788,204
1469801,512
1416169,698
1351029,526
1231616,296
1066223,290
1173940,215
1432305,138
1283783,125
1146363,126
1465455,137
1036398,118
1203802,106
1456889,146
1478238,147
1049845,147
1100984,143
1084587,35
1190800,46
1039931,41
1073152,31
1481762,73
1334284,33
1029180,36
1084257,28
1317402,24
1079777,179
1270643,157
1446195,174
1484197,165
1200304,155
1287827,147
1248108,194
1403904,181
1021726,175
1376640,172
1380277,18
1041176,17
1297002,15
1066076,16
1259666,16
1088323,15
1292401,62
1290034,91
1332253,91
1014996,89
1163030,86
1440934,71
1349753,85
1249975,60
1056109,62
1357053,168
1350810,140
1054426,151
1289065,136
1471242,157
1055911,143
1123788,161
1347514,195
1324777,202
1322645,151
1095958,63
1434822,64
1242168,56
1273859,70
1012400,66
1215030,76
1208743,76
1490547,97
1401627,98
1358531,89
1188645,163
1162484,159
1013447,25
1118218,55
1404874,46
1226475,36
1000846,34
1356581,72
1013345,68
1442195,70
1215930,60
1408973,100
1238444,106
1420458,130
1131404,70
1086225,84
1169837,81
1203992,51
1145754,81
1199358,84
1243074,103
1256588,91
1478036,39
1392760,51
1385580,50
1457759,68
1042647,32
1058867,63
1310991,65
1269866,67
1128791,68
1036302,91
1214927,90
1275245,99
1358702,85
1146124,81
1318590,62
1370271,39
1000409,35
1422995,35
1439692,37
1284951,35
1175049,34
1185125,23
1415191,236
1003274,239
1148714,239
1305683,190
1438635,217
1321983,182
1326115,239
1144115,199
1257509,200
1022568,159
1379917,231
1031253,850
1024232,165
1136080,187
1250344,259
1469473,246
1019938,1922
1231475,1761
1380749,206
1214542,198
1303074,21
1148161,17
1411642,15
1028210,16
1226546,336
1395289,303
1189355,320
1443779,304
1370125,287
1375670,245
1441077,308
1325306,335
1215047,324
1329687,254
1482844,233
1201815,235
1331830,207
1049699,178
1333824,223
1005047,212
1434656,223
1421537,213
1170030,258
1333229,218
1432554,65
1036321,63
1340270,61
1134217,66
1031549,71
1238585,66
1312452,82
1201497,93
1199397,100
1213797,81
1062232,32
1329787,32
1381422,33
1041718,33
1025446,38
1030594,37
1171225,640
1113088,668
1421572,632
1231421,646
1155226,700
1050090,643
1462159,812
1262088,830
1059783,843
1068765,695
1024581,16
1278254,15
1210203,16
1142069,16
1393711,17
1028000,118
1133330,122
1425669,124
1240821,106
1398217,154
1288267,128
1054056,170
1252270,165
1134544,155
1239796,137
1082924,108
1010839,1004
1462666,44
1015385,86
1477694,100
1017174,81
1339356,1415
1251909,1416
1237409,89
1235681,451
1473044,415
1165704,461
1327609,442
1382591,382
1258870,391
1340640,520
1165396,587
1460743,561
1210591,435
1439204,36
1456232,38
1281119,41
1306776,34
1146091,24
1475252,23
1221331,25
1072871,21
1036557,20
1249595,19
1423465,29
1191423,29
1041334,40
1462748,28
1098172,56
1265747,30
1071053,54
1260150,37
1467327,31
1039490,28
1282588,296
1340515,280
1000357,304
1329859,256
1377570,1051
1198647,675
1243803,456
1393212,333
1413792,1974
1114795,1390
1073984,26
1296525,70
1026899,57
1161777,73
1069257,37
1003011,25
1015640,28
1053602,29
1236743,34
1298612,23
1171522,38
1298237,38
1217098,24
1079423,28
1072315,31
1092628,172
1077145,178
1428079,174
1121116,170
1144786,178
1151671,167
1289400,203
1159996,195
1223966,188
1268664,168
1437271,33
1420669,24
1425768,198
1287294,183
1052619,50
1328041,46
1350959,182
1042549,192
1437111,201
1166579,163
1485217,171
1438722,206
1179775,191
1064722,185
1116704,171
1161161,151
1194491,34
1342433,35
1237362,27
1486738,25
1070617,28
1478278,28
1089189,24
1487636,20
1335161,42
1149326,44
1184109,40
1250917,40
1157950,42
1165272,43
1045564,43
1031512,53
1267384,64
1165991,40
1224499,296
1022104,269
1332421,268
1233349,269
1412941,282
1498242,234
1054399,311
1030700,327
1460017,317
1461262,247
1244952,124
1287128,145
1163539,172
1235684,170
1483944,154
1142725,172
1323315,210
1254188,178
1115861,171
1075316,156
1104842,23
1369219,25
1243216,19
1409284,21
1046968,24
1073731,18
1055416,19
1289214,111
1221524,116
1043470,114
1076426,99
1038594,144
1344687,115
1031647,129
1294819,126
1152672,122
1415430,104
1120552,69
1329211,105
1077637,99
1269584,92
1320063,74
1243523,105
1443457,68
1091205,71
1059392,51
1381859,38
1203139,41
1468809,43
1097142,37
1494739,97
1133318,46
1489756,56
1478252,53
1158974,86
1312320,103
1140924,120
1450893,160
1149920,94
1165858,125
1098563,153
1373446,159
1129872,115
1392880,116
1468382,38
1486459,29
1457277,31
1160131,52
1107036,50
1313365,67
1114748,38
1492680,42
1338998,43
1369288,357
1097299,393
1288385,378
1075490,354
1276034,439
1335661,388
1263819,479
1307045,348
1023914,388
1438726,286
1107949,251
1255934,107
1049619,94
1102290,87
1010584,78
1079013,81
1239770,106
1415070,128
1234331,140
1147425,124
1159953,309
1484891,294
1076815,316
1375783,265
1057460,278
1047283,256
1282357,314
1019252,280
1180163,257
1403728,214
1399943,24
1031064,103
1285677,141
1422692,35
1472670,26
1245179,37
1098339,32
1415077,337
1167273,284
1478601,315
1085278,290
1413452,300
1282205,270
1050183,316
1090747,341
1326067,317
1355437,235
1147147,261
1366465,269
1081854,280
1099585,184
1033845,586
1027173,466
1053974,300
1149325,287
1485355,277
1114099,227
1192440,145
1302703,126
1362241,149
1170120,149
1134558,152
1083778,146
1359599,173
1146050,207
1243817,215
1385751,149
1318214,82
1354676,94
1043464,69
1095610,75
1445857,79
1165646,106
1109736,91
1250867,97
1104719,81
1161020,30
1433370,40
1209170,33
1031572,29
1069568,65
1406673,43
1485136,31
1380450,33
1457409,27
1189724,25
1277505,80
1071404,75
1194259,101
1492522,87
1483263,74
1300957,92
1391820,108
1444828,99
1235646,115
1149262,107
1051940,25
1172631,26
1248197,22
1241439,24
1429867,23
1169083,23
1017091,24
1233024,37
1221654,59
1228894,54
1344123,58
1374880,48
1347248,57
1225854,40
1126089,47
1104094,38
1260322,249
1300752,289
1035344,214
1371644,225
1308196,220
1412339,233
1039687,231
1331189,269
1424339,257
1357786,233
1449682,52
1319818,55
1169218,53
1221116,61
1216692,60
1429369,60
1131747,63
1041188,75
1319940,88
1408109,75
1157877,39
1014711,41
1238324,218
1167321,202
1282806,50
1207621,35
1438842,37
1431659,90
1493848,101
1005859,92
1117230,90
1316073,127
1495277,129
1367997,145
1278946,87
1390076,105
1410654,101
1285811,56
1485817,86
1286176,81
1032676,100
1092650,69
1396008,41
1041864,53
1335428,52
1052206,53
1279988,39
1453255,57
1119599,63
1429851,60
1289928,55
1064150,131
1235639,122
1108801,80
1480216,76
1478575,67
1157233,60
1415890,51
1327054,46
1175553,48
1305943,51
1457199,54
1364840,44
1498709,61
1125965,59
1035490,36
1101134,27
1013760,196
1239109,226
1122956,207
1483182,171
1067620,198
1107810,183
1242455,231
1158124,175
1073879,175
1426907,156
1154338,133
1456903,507
1203547,90
1351498,111
1094406,149
1228266,134
1217570,1638
1026120,1442
1160422,126
1366903,127
1440445,29
1111819,25
1268765,25
1290397,21
1475801,20
1439793,19
1471569,270
1034052,260
1100285,269
1264101,253
1279549,252
1160529,215
1089518,280
1281168,284
1353592,278
1421768,203
1294900,140
1245219,201
1441584,210
1086294,209
1309019,212
1498185,272
1382755,273
1215093,295
1440248,223
1415276,47
1183251,47
1289437,43
1011312,44
1176696,43
1023764,46
1403023,43
1184878,55
1118194,65
1181673,52
1431945,47
1152849,47
1380942,45
1108913,45
1326790,44
1254119,52
1209328,50
1277966,51
1184480,49
1221985,544
1301321,540
1463289,531
1275946,495
1400875,568
1348564,539
1273247,629
1017611,677
1062279,693
1237961,614
1417054,20
1003607,16
1424179,17
1323747,16
1230958,148
1163294,139
1365966,143
1467823,140
1347467,292
1034811,236
1121415,181
1048682,162
1443052,158
1034404,143
1130574,139
1400224,686
1165216,100
1489607,139
1057854,151
1488677,153
1249972,1919
1096794,1498
1187668,122
1164828,101
1428233,382
1094909,343
1332634,353
1226462,334
1022245,369
1082397,356
1136816,438
1478736,463
1468754,463
1392549,369
1015651,44
1092575,39
1168055,28
1157854,28
1053981,24
1487585,21
1088619,17
1460736,29
1396268,28
1270168,25
1279071,22
1068050,29
1348154,29
1149086,30
1430948,319
1125207,318
1191961,354
1079406,287
1402254,1043
1313316,879
1389901,392
1434316,355
1200882,1737
1130820,1042
1136992,46
1070978,73
1085342,101
1354071,80
1352957,38
1171509,53
1218549,50
1033103,37
1484655,44
1429343,33
1426362,29
1019053,15
1149610,24
1188764,25
1085095,25
1163249,27
1200526,19
1359182,162
1190919,146
1318614,152
1106674,144
1484037,153
1145685,119
1477155,144
1370445,159
1437300,155
1333249,120
1244747,26
1468842,247
1326759,206
1011416,33
1297084,28
1233664,40
1100085,39
1330971,78
1138077,90
1352006,125
1487542,82
1108221,90
1139998,89
1472724,98
1359856,100
1026021,90
1097467,74
1209010,39
1203418,40
1288697,36
1466637,29
1412357,25
1473386,27
1315013,29
1046348,29
1351338,27
1337583,22
1247118,188
1155168,203
1023555,186
1189141,171
1294514,182
1170464,171
1032841,207
1319448,234
1372525,246
1197527,188
1104829,86
1091408,108
1100655,116
1212272,130
1139167,102
1208032,122
1089775,140
1287888,114
1468614,104
1199908,106
1265084,58
1413660,56
1204209,56
1202448,56
1461934,52
1399020,65
1428777,47
1084734,51
1251697,48
1143725,45
1248669,84
1492080,87
1125820,88
1240530,83
1182284,189
1161715,170
1397460,115
1397576,114
1085214,96
1041296,82
1317327,52
1124007,70
1001431,69
1454242,48
1207961,78
1168512,50
1388227,59
1149006,33
1389070,80
1077085,83
1262049,81
1374006,84
1192491,77
1046377,104
1149415,107
1057610,96
1037961,92
1108246,166
1143509,208
1105358,244
1100472,204
1423581,240
1175539,213
1331445,263
1293935,226
1023451,215
1049464,189
1309583,64
1230234,63
1461709,66
1408980,66
1488053,91
1274689,94
1041473,115
1166260,71
1461337,83
1206736,80
1056913,379
1056567,368
1323239,371
1466159,352
1333540,421
1282979,374
1338001,473
1334066,340
1454911,351
1096576,284
1325572,167
1061707,103
1318381,121
1127586,134
1076352,131
1207706,140
1051075,162
1178070,186
1471943,205
1050157,177
1175530,217
1158903,201
1169201,222
1031727,164
1356784,189
1294357,172
1169953,216
1414115,167
1030541,175
1062207,150
1006290,125
1106911,118
1398536,31
1263867,23
1016670,31
1171413,29
1153425,28
1014174,274
1059918,281
1434673,266
1437796,247
1209418,285
1340261,251
1453426,304
1073580,332
1125848,294
1499035,232
1295338,318
1222180,369
1165274,340
1237456,248
1069738,771
1014169,851
1127003,364
1266348,351
1334765,337
1463681,281
1030133,196
1006565,148
1135300,199
1232307,193
1436481,208
1083483,138
1218091,233
1456658,286
1092475,281
1433866,237
1176492,57
1353610,58
1089484,73
1072876,50
1453728,49
1002461,49
1125670,72
1229468,62
1347887,65
1251976,58
1314783,34
1116236,40
1376495,36
1119344,35
1458904,63
1052692,38
1260776,28
1378898,34
1112041,29
1438832,25
1248265,64
1195954,64
1381379,67
1281126,53
1498748,51
1284086,76
1293530,90
1436975,78
1122080,75
1363954,24
1208670,26
1395641,25
1115606,26
1032783,26
1313008,27
1381034,26
1128691,25
1092234,38
1142469,62
1418236,50
1285563,53
1252304,68
1127538,69
1084154,70
1197924,46
1337255,48
1185867,25
1363671,206
1289303,191
1004740,205
1204926,209
1118823,192
1377335,186
1266794,238
1137166,268
1014502,270
1278599,220
1410185,121
1065002,115
1201146,107
1295967,117
1478836,113
1263028,123
1047818,133
1181209,154
1043905,165
1033551,144
1231479,42
1309569,36
1068192,153
1494564,203
1227142,24
1456193,47
1191448,39
1360848,36
1085163,136
1499564,140
1191755,141
1022893,133
1472361,186
1433295,195
1373742,212
1038419,116
1254866,151
1227242,142
1471032,63
1072191,106
1224559,117
1199250,133
1280019,104
1069118,41
1082440,54
1049894,56
1249689,71
1100757,42
1373418,68
1425889,71
1262003,72
1110029,71
1079214,142
1009321,132
1055383,106
1235873,100
1186917,91
1151999,78
1207102,63
1192156,59
1226763,61
1434274,65
1337949,58
1040562,46
1160472,72
1156193,66
1248747,41
1227492,36
1099568,234
1275063,214
1253582,213
1043906,166
1436089,189
1026803,168
1190415,216
1128432,176
1029605,175
1263106,153
1183611,266
1481991,871
1178623,189
1409516,243
1157955,320
1185489,288
1452021,2073
1210378,1734
1031376,249
1177597,226
1409502,25
1257355,21
1413100,22
1211003,17
1096378,17
1345861,15
1421914,16
1276698,283
1103064,279
1057956,275
1405565,255
1202685,259
1366788,241
1338435,269
1447615,301
1409269,308
1197167,230
1035001,255
1350978,259
1306161,264
1366727,219
1380882,259
1233397,250
1332984,307
1144564,289
1304218,319
1395217,225
1065392,90
1066756,91
1370689,85
1186797,91
1183418,95
1177408,92
1282300,102
1460464,114
1089717,124
1156808,103
1495432,60
1297290,65
1100886,64
1464389,58
1251720,61
1239853,61
1344807,74
1189431,66
1327017,63
1211035,59
1001797,694
1131807,703
1494899,694
1268958,680
1288154,760
1203405,730
1040370,876
1044833,913
1350447,907
1347690,747
1044455,28
1477801,25
1094263,26
1348081,25
1457172,27
1235797,27
1091749,26
1462573,24
1244735,24
1242870,184
1024593,186
1368146,187
1153680,183
1298252,325
1444981,271
1261913,214
1404886,212
1061342,203
1172110,178
1272052,118
1275436,534
1352301,76
1088922,79
1142032,104
1009193,85
1184241,1490
1274934,1325
1320020,794
1155127,134
1207458,385
1408017,351
1090667,359
1397788,339
1227739,377
1362484,358
1097531,425
1082537,484
1484097,459
1325444,385
1251276,30
1309343,31
1103196,44
1394008,38
1047128,32
1340919,37
1342347,35
1478158,22
1358927,45
1062782,48
1011715,40
1214193,41
1366131,33
1189909,41
1307236,39
1220551,32
1402459,41
1392162,44
1446122,29
1043188,32
1230082,26
1305994,27
1348778,32
1002960,48
1489067,36
1269724,30
1045443,419
1326150,366
1467198,396
1027897,311
1432174,1320
1248475,1145
1393876,506
1162245,447
1274195,1768
1261856,1237
1334116,42
1185549,76
1493370,70
1357046,96
1230268,61
1280515,30
1165845,34
1435470,47
1410218,34
1427121,61
1419156,55
1226413,14
1384055,29
1246091,30
1067532,28
1464252,28
1133732,31
1223903,35
1045510,109
1391305,106
1226448,106
1107663,125
1341061,104
1362854,93
1498099,131
1209334,135
1135795,125
1315178,127
1130481,33
1463428,210
1278200,184
1393458,30
1391624,47
1270020,40
1225582,39
1063501,130
1357869,126
1014892,133
1247520,123
1336840,124
1211469,114
1059036,123
1176566,125
1132246,109
1292348,108
1254416,43
1276415,41
1070659,36
1329123,32
1160584,31
1428803,30
1466539,30
1091359,29
1486528,21
1432211,73
1330381,67
1034776,71
1131866,69
1143621,72
1002286,77
1085415,76
1134920,94
1341225,103
1415100,79
1252167,231
1051889,227
1439963,209
1324815,203
1437561,206
1188982,194
1407599,209
1290623,247
1359200,263
1118472,205
1311604,120
1031757,165
1056240,145
1474016,153
1180599,144
1320888,157
1009958,249
1020232,155
1336350,157
1381030,151
1003702,72
1297632,70
1315655,72
1189968,67
1369244,61
1091740,59
1214002,70
1186897,56
1161849,56
1115766,47
1365940,102
1027637,104
1378297,111
1253091,100
1126539,212
1327372,183
1401921,146
1104114,151
1459400,142
1263309,134
1336623,80
1075826,107
1085349,115
1110209,110
1103290,99
1267654,99
1216595,120
1097353,74
1212254,85
1084827,73
1371347,151
1155726,151
1240789,158
1171370,159
1265660,158
1018252,166
1493141,165
1093559,182
1447467,182
1473259,140
1347256,100
1394977,130
1392377,132
1310599,122
1195053,139
1275321,123
1051713,155
1184351,135
1113836,126
1132798,118
1436870,109
1409226,114
1150362,113
1228678,111
1369151,156
1227977,158
1206279,170
1372105,125
1380214,145
1339516,131
1389987,467
1072901,443
1203450,422
1455635,430
1247179,499
1278100,464
1448482,590
1459132,428
1442394,449
1131544,328
1181234,151
1273574,95
1455968,125
1233302,118
1443559,114
1347087,117
1041709,140
1349855,167
1198557,192
1221492,158
1465453,227
1333678,229
1090753,237
1462747,189
1177417,213
1193051,186
1196763,239
1278502,190
1185545,183
1481698,154
1404091,37
1461497,31
1173571,150
1083108,160
1002205,29
1447555,28
1319625,33
1176790,31
1238226,36
1391315,55
1113235,54
1163319,51
1190560,56
1404369,51
1264727,46
1482729,72
1058895,62
1238793,34
1361780,36
1478370,370
1411161,373
1408190,376
1409562,309
1456972,365
1276208,331
1490001,436
1486353,450
1000127,419
1366757,357
1346060,430
1366689,463
1152927,437
1085039,269
1308005,1070
1416818,1102
1157372,521
1035677,466
1043744,452
1275513,376
1427226,64
1428931,103
1482270,94
1337955,102
1074040,108
1223872,78
1056054,150
1045111,119
1466260,117
1271724,121
1362659,112
1466995,116
1019525,111
1013636,100
1026870,133
1368359,127
1495646,122
1364816,121
1170240,37
1039898,43
1412137,40
1169338,31
1042017,95
1287984,58
1498396,36
1176996,36
1077306,33
1491374,29
1145664,110
1066734,99
1374651,118
1279324,93
1409608,128
1009256,99
1157723,131
1071832,151
1076420,154
1331136,136
1346673,18
1452741,17
1468212,15
1230784,17
1190650,16
1047101,16
1420224,70
1005457,35
1404012,58
1323173,45
1190479,40
1444164,27
1322332,144
1393220,138
1195731,137
1037225,90
1290352,145
1369208,146
1399477,118
1464990,218
1191994,189
1317160,193
1291135,253
1304893,263
1260429,270
1430497,271
1140847,281
1151498,278
1217377,281
1443512,347
1353405,365
1107486,300
1317910,29
1368716,335
1010055,180
1081143,57
1010965,50
1016213,35
1263775,25
1189397,98
1405401,103
1266638,110
1276585,106
1180684,149
1059213,162
1344474,180
1438853,101
1363716,111
1250158,51
1152407,94
1496385,75
1304461,142
1069061,89
1435255,40
1167009,52
1245685,60
1232151,52
1078016,31
1474949,68
1096408,71
1121882,82
1108739,78
1347317,185
1110144,159
1442709,121
1036582,118
1412982,100
1324501,83
1073283,82
1411916,80
1263486,80
1050056,94
1123493,83
1020169,70
1186919,82
1214037,82
1457953,45
1155273,43
1123649,274
1358951,316
1095885,273
1188104,220
1109153,240
1498548,224
1242079,302
1282712,249
1197982,250
1396460,205
1367131,357
1413681,1128
1487661,253
1219708,318
1460528,359
1468717,351
1452919,2738
1149490,2423
1391982,340
1198228,278
1426036,22
1120019,17
1072591,16
1020410,14
1078483,13
1128180,17
1325280,14
1278821,428
1436586,398
1029722,395
1134426,359
1261036,368
1178195,343
1086893,421
1170114,473
1038318,461
1088809,401
1133401,124
1189592,131
1170403,127
1003089,121
1299976,118
1180067,40
1245737,162
1209341,184
1009944,191
1341596,90
1386673,175
1234362,173
1288681,168
1493343,181
1265338,178
1121206,183
1032317,209
1455226,235
1411958,219
1141862,177
1419869,36
1021598,37
1352516,39
1356988,39
1108704,428
1349640,413
1233603,455
1240827,404
1054033,487
1398644,434
1303762,585
1272724,652
1423160,625
1055961,555
1260085,16
1403827,16
1481291,16
1432968,186
1452142,180
1249247,188
1379067,175
1105641,352
1073716,271
1045265,203
1296384,199
1031252,189
1367777,172
1434558,172
1253275,1312
1052291,87
1212523,123
1397951,150
1112208,121
1045583,2457
1052724,2088
1052729,183
1330575,116
1029294,365
1013001,333
1081183,339
1485036,331
1256807,362
1203716,352
1414123,450
1250749,476
1434042,468
1048122,393
1116916,52
1004559,37
1348312,43
1090148,31
1354566,30
1102343,27
1049158,29
1210473,42
1161610,29
1443205,31
1425213,25
1249853,28
1223675,39
1076570,34
1148902,29
1388739,434
1007829,385
1159448,379
1295887,272
1446997,1484
1440035,1365
1041969,542
1350903,495
1402515,2534
1104654,1853
1465066,38
1086170,94
1472881,88
1289905,115
1392324,70
1067586,33
1001468,37
1067176,47
1359146,46
1323950,27
1062551,71
1034912,42
1203135,38
1048644,12
1180443,25
1040065,28
1494499,25
1466396,23
1091873,149
1389761,148
1473048,171
1339668,157
1310744,140
1439011,126
1083428,188
1315271,170
1010745,153
1219262,151
1220063,25
1014438,33
1093831,180
1320813,182
1346889,35
1283548,24
1241028,54
1076152,40
1225059,34
1487998,173
1433590,174
1434557,186
1239454,159
1467330,191
1365830,165
1138191,196
1432490,187
1267627,174
1019901,148
1118233,35
1189202,32
1263331,32
1059297,30
1416214,25
1055724,25
1249086,29
1327869,25
1392951,23
1041163,173
1196547,189
1380448,175
1384588,184
1238821,177
1130148,171
1055993,195
1386679,228
1080744,223
1055252,185
1160680,115
1085396,112
1390416,118
1412215,98
1100598,113
1442542,94
1333339,125
1491136,149
1129473,146
1080418,121
1237295,142
1446998,154
1449484,202
1333400,205
1064627,163
1341028,242
1352502,194
1184457,204
1218820,215
1125676,156
1335892,38
1498333,41
1180295,40
1468730,39
1155218,41
1316740,38
1318234,46
1283246,41
1130000,33
1459415,32
1176325,154
1015877,148
1297507,161
1205048,156
1369188,272
1176486,229
1341438,233
1104071,185
1020171,156
1168271,134
1174176,64
1383428,99
1228081,77
1120872,81
1254272,90
1461596,65
1042497,61
1164067,40
1162719,45
1461189,47
1305167,44
1171637,46
1386951,39
1135964,58
1064678,60
1059530,61
1101560,53
1304645,111
1082523,148
1174789,163
1003698,166
1253157,138
1095952,181
1056008,196
1078061,182
1441886,165
1385303,159
1345375,53
1271433,55
1281895,62
1115907,56
1179550,94
1083637,101
1266241,68
1385890,81
1464689,69
1312971,559
1242304,567
1358481,555
1252129,595
1234652,660
1006772,583
1335737,783
1082713,583
1011159,566
1039116,129
1245920,65
1412193,82
1487103,84
1484137,84
1338495,83
1487433,105
1022987,134
1428133,144
1294128,129
1221310,437
1361824,446
1117178,459
1023369,353
1194420,405
1425859,388
1015144,487
1264805,407
1316991,393
1382469,316
1151863,15
1190515,118
1221392,66
1311200,27
1180736,40
1448616,39
1361892,43
1141506,46
1237245,41
1159657,38
1250645,48
1363943,45
1149041,24
1096323,628
1350701,677
1065455,597
1142409,571
1488944,641
1020912,545
1436609,705
1253895,760
1165678,711
1327823,646
1176823,785
1101710,757
1141921,733
1385350,606
1157741,1702
1151119,1392
1161188,856
1315527,769
1369399,723
1460667,619
1194932,147
1115132,158
1264565,128
1075641,141
1246631,152
1411198,136
1140498,203
1313588,242
1315048,233
1383782,146
1027016,142
1191829,151
1112122,155
1479265,125
1126587,122
1195982,113
1314692,150
1493689,162
1039169,146
1401014,150
1413802,98
1374584,101
1224680,89
1029041,81
1175602,218
1447145,147
1300870,94
1483261,105
1413577,87
1176990,61
1181520,108
1025776,104
1177948,132
1203571,114
1209590,92
1058406,91
1304622,122
1301362,146
1232376,125
1348216,104
1323477,233
1060474,252
1494909,150
1236863,201
1315101,241
1021195,134
1091479,273
1258153,292
1404475,345
1332940,297
1171521,188
1434146,191
1300093,185
1119480,206
1297275,204
1120782,208
1457486,227
1146680,254
1134271,276
1281939,215
1232717,64
1246974,66
1070455,300
1050349,327
1023950,57
1426156,51
1381963,79
1030017,60
1000438,49
1119483,52
1349533,294
1449142,289
1337248,273
1200866,277
1290309,388
1418797,379
1164582,429
1303136,277
1347698,298
1493799,247
1447686,215
1146210,256
1403685,254
1476020,301
1018738,236
1130157,127
1046978,183
1331178,186
1257741,180
1322423,137
1261811,156
1141743,156
1370665,155
1035256,161
1479691,221
1400324,182
1415004,175
1038432,170
1336056,162
1187092,150
1193098,132
1458214,123
1039561,128
1074938,129
1223395,126
1456334,118
1149120,144
1172680,74
1116900,63
1269834,488
1056163,481
1098695,488
1178203,380
1061470,436
1354722,379
1066795,471
1170494,449
1488737,385
1097182,315
1425142,422
1005746,1486
1369118,437
1260005,411
1010852,522
1215951,479
1438319,3401
1100299,2572
1081163,448
1459649,406
1180223,77
1238801,56
1070150,52
1165612,49
1480839,41
1157017,48
1156189,47
1287339,50
1307947,45
1217805,43
1385333,627
1009702,576
1479251,595
1253248,517
1245868,545
1031763,506
1477396,601
1489091,686
1485086,658
1276165,556
1371595,270
1228275,282
1456589,256
1393900,269
1451902,218
1484282,285
1353419,338
1477668,381
1093917,361
1415280,286
1060921,106
1441064,114
1036623,109
1334537,114
1131845,118
1233303,128
1052105,138
1130360,159
1140184,169
1097453,128
1016845,143
1177882,148
1297460,149
1119491,168
1043097,127
1427114,142
1149568,169
1118707,179
1021503,166
1338844,154
1460444,1747
1476535,1473
1297121,1348
1141103,1435
1274933,1536
1435122,1535
1486477,1711
1195364,1878
1301491,1816
1059056,1639
1419190,48
1273467,51
1120980,43
1288632,43
1272229,42
1012823,46
1424258,44
1114584,43
1365258,39
1497466,307
1486369,295
1280462,280
1329993,254
1015668,584
1162775,443
1239627,365
1191627,326
1102060,318
1232474,284
1211593,249
1411245,1652
1022614,157
1203568,227
1106084,293
1485205,254
1373998,3443
1062654,2118
1201316,250
1370105,251
1139730,854
1301842,801
1251244,771
1183358,780
1059732,776
1151274,777
1072415,930
1469941,1011
1288037,969
1325139,844
1231223,101
1190669,109
1376192,108
1146955,97
1056018,93
1258889,110
1218561,107
1466508,84
1109609,65
1335827,153
1165522,158
1110279,160
1143313,158
1083501,147
1428672,134
1219047,153
1259870,168
1342405,152
1354416,139
1271440,969
1118621,976
1192681,934
1028746,871
1031614,2309
1392506,1989
1343631,1139
1185820,1164
1356333,3605
1307954,2942
1336105,143
1187686,190
1489882,180
1123496,216
1322525,192
1477958,97
1462588,121
1098622,109
1207399,107
1465439,82
1198021,180
1474866,100
1311455,99
1033015,53
1090571,91
1232737,59
1300878,72
1483287,65
1188526,47
1270382,58
1306234,193
1378503,169
1296522,183
1478474,168
1111452,148
1428885,163
1078876,195
1426995,194
1310613,180
1284993,168
1248779,53
1286196,384
1311264,357
1389854,45
1467104,71
1471259,65
1498881,50
1130256,59
1062490,261
1043605,281
1026057,286
1468053,263
1150560,277
1110568,293
1162730,295
1358189,279
1257386,269
1061706,236
1052384,229
1200598,233
1264244,219
1294669,226
1425440,229
1145895,227
1144262,251
1076977,274
1054344,300
1377594,232
1115056,345
1292390,325
1166952,364
1384513,317
1093599,347
1367894,323
1119869,386
1070129,422
1394194,452
1002435,391
1180646,325
1485809,375
1211075,377
1313206,424
1494204,382
1434483,350
1099251,428
1025379,365
1477569,336
1055674,289
1010243,154
1037655,154
1401737,156
1022228,163
1097803,155
1076303,159
1480464,183
1233512,187
1406320,177
1423616,152
1246502,217
1302001,219
1073776,223
1363056,217
1471341,314
1253143,257
1453040,230
1301753,239
1404546,237
1392729,218
1451807,153
1409671,160
1122214,164
1211769,177
1437385,137
1217993,166
1161892,198
1229478,215
1213094,224
1297883,185
1012855,282
1418147,356
1286032,367
1099298,365
1479230,327
1179950,324
1124263,441
1184587,354
1029660,343
1357396,323
1463406,300
1418001,280
1342588,273
1161315,266
1046297,389
1153933,386
1231645,446
1287870,301
1193177,332
1487003,279
1230693,790
1398262,800
1345832,734
1267250,821
1432764,805
1301486,792
1069354,938
1245836,838
1275241,769
1463775,651
1196334,375
1402996,193
1493032,210
1264183,204
1052529,228
1110240,226
1382389,267
1313142,303
1317341,338
1122806,281
1274226,603
1352572,592
1295323,589
1299017,476
1252039,571
1030444,502
1454269,581
1228734,549
1427970,466
1125886,422
1136112,46
1339197,62
1101505,360
1339810,314
1392791,54
1184046,45
1105735,68
1154260,63
1488663,53
1042242,45
1034878,99
1259675,100
1355647,105
1267774,116
1347236,115
1000392,98
1221328,120
1284731,118
1446589,61
1141794,53
1466161,375
1068090,260
1041144,315
1491093,291
1172503,310
1430344,238
1402925,315
1323039,315
1382156,325
1065731,260
1216354,202
1130102,188
1030597,222
1379599,111
1359056,488
1186410,461
1398042,214
1146321,181
1441295,184
1354132,162
1479808,106
1366617,98
1126860,114
1002342,96
1463533,143
1180427,107
1146882,135
1256418,138
1085624,127
1398280,116
1156018,28
1466660,36
1217010,31
1327864,26
1001108,59
1476698,43
1150678,25
1286496,22
1223345,146
1198378,149
1347688,167
1098095,150
1101245,166
1084840,151
1318929,179
1077102,209
1381116,176
1192516,157
1338874,19
1278449,18
1278499,57
1218247,64
1349858,58
1020219,42
1240731,47
1187353,73
1250784,56
1473793,49
1168482,19
1091234,14
1110776,92
1228744,101
1008610,22
1011775,22
1268989,21
1306448,29
1259442,27
1045010,32
1418055,29
1043212,25
1061891,67
1091493,72
1446133,75
1193998,92
1286572,68
1215083,38
1031438,42
1064741,43
1296913,37
1227442,30
1465660,79
1186359,99
1288078,90
1393617,84
1445824,174
1353206,122
1368925,116
1376133,110
1410979,95
1016413,74
1363984,173
1325683,181
1340269,187
1345716,152
1115561,167
1200166,152
1014090,206
1477799,174
1308074,156
1083942,151
1314516,271
1244449,1066
1073390,255
1062675,221
1441123,270
1355242,265
1317677,1999
1314338,1412
1148815,230
1395200,218
1118069,20
1350375,17
1162956,16
1020303,15
1352264,319
1476030,204
1049229,213
1207242,189
1360874,199
1308479,158
1143421,207
1408134,208
1207235,209
1430711,156
1343435,37
1382126,42
1247229,54
1323555,38
1049897,40
1028424,38
1017526,45
1329979,44
1129897,37
1415045,37
1220040,217
1275484,211
1272211,215
1290617,217
1321339,256
1458201,251
1219875,308
1085852,342
1334748,381
1224780,285
1389557,14
1224019,13
1002006,15
1058944,97
1439257,113
1197826,108
1161585,92
1078356,211
1164315,210
1117989,150
1037515,134
1348845,129
1009769,109
1399258,92
1111218,649
1282574,65
1167392,68
1184466,82
1271881,68
1352082,1292
1277718,1033
1070188,87
1159747,89
1445037,216
1332387,226
1146755,234
1125510,229
1468793,250
1474894,246
1246237,276
1468989,310
1264726,344
1023588,252
1049688,37
1212467,21
1225175,19
1235898,19
1023309,24
1344775,31
1131610,32
1103267,25
1003384,318
1118081,278
1105948,315
1191246,248
1141630,753
1483668,794
1004420,350
1077010,340
1296562,1585
1299196,1150
1257545,47
1104216,40
1330414,57
1212172,84
1470862,69
1180183,32
1476995,34
1303459,30
1170531,23
1370718,44
1191748,36
1280198,27
1301996,15
1364909,25
1011434,25
1458262,25
1217302,19
1194852,20
1049411,123
1182059,110
1252534,131
1233877,116
1297806,120
1339628,123
1203442,174
1061292,163
1070437,146
1400213,136
1480031,90
1486498,86
1160637,21
1095876,27
1161665,28
1215009,143
1340178,153
1197552,164
1397410,126
1104993,171
1051624,179
1296303,191
1209310,197
1129508,182
1169715,137
1463684,33
1378332,30
1426495,30
1331468,24
1079424,22
1357297,22
1416081,28
1196248,24
1089249,21
1173280,18
1313829,54
1448406,64
1010943,62
1268748,57
1065918,65
1306179,57
1045704,61
1403733,84
1096183,89
1457003,63
1316766,203
1379054,256
1184160,319
1464987,277
1492100,272
1133258,237
1401070,320
1105338,295
1179101,254
1078277,220
1255031,113
1213899,114
1405744,112
1410139,99
1424016,219
1459848,132
1269920,135
1451917,131
1325398,113
1045480,92
1345555,50
1131551,83
1191732,88
1103804,91
1483544,94
1002169,82
1228393,106
1442285,71
1276853,72
1005699,50
1394628,47
1491257,52
1020364,55
1254624,51
1427543,48
1483138,49
1264681,67
1086118,63
1218843,62
1303575,55
1137317,185
1181809,248
1263575,295
1020427,205
1247296,219
1459079,214
1432441,286
1489210,236
1173974,217
1180811,255
1004788,28
1090317,31
1221703,37
1040715,45
1304495,52
1189836,40
1231775,38
1147300,34
1252687,193
1185173,207
1002909,210
1024663,153
1394736,197
1427461,157
1093785,220
1066138,152
1006670,171
1163733,127
1196241,51
1368477,27
1311516,33
1041166,46
1484068,51
1370856,55
1151982,40
1395048,134
1390106,142
1299135,155
1317099,115
1445007,122
1072033,115
1320376,150
1108620,130
1288665,105
1389923,101
1305598,13
1193063,54
1237006,70
1036844,13
1310332,14
1225037,561
1176448,548
1014696,520
1145867,482
1293848,561
1202745,490
1319084,604
1401826,670
1398001,637
1316995,525
1449676,728
1366789,654
1009292,654
1464786,539
1376394,1255
1076725,1270
1488081,834
1300625,820
1457308,716
1222485,595
1309910,65
1487690,102
1261902,72
1063994,41
1238329,105
1383592,123
1236789,138
1450849,172
1210423,154
1118582,143
1250962,165
1371087,170
1061066,142
1075569,134
1396314,106
1126504,165
1021878,166
1483622,156
1166168,140
1460628,56
1425569,65
1013855,56
1117835,48
1037894,159
1343359,93
1325050,57
1373136,58
1414505,48
1011546,37
1302852,150
1295333,130
1476917,139
1237095,128
1166445,142
1367644,124
1036146,157
1400369,163
1221061,167
1304194,145
1092414,23
1145112,23
1021476,22
1455251,22
1265514,21
1098944,19
1381205,22
1396028,20
1402074,74
1496715,110
1376888,99
1037634,91
1143415,88
1293724,69
1421169,102
1197088,68
1278646,62
1133390,45
1064688,82
1450648,103
1302322,79
1272093,98
1223262,122
1429672,140
1110449,153
1322057,185
1076835,166
1214700,191
1223704,289
1476902,292
1265371,280
1130424,284
1198811,287
1045236,281
1309125,306
1495133,335
1338580,355
1408893,289
1293143,41
1312686,53
1262037,294
1093130,206
1104439,39
1223276,47
1428246,65
1166219,54
1433812,48
1029438,43
1394412,170
1463475,167
1073615,167
1312562,164
1104551,240
1170391,297
1211759,283
1280831,154
1122865,182
1364734,169
1425711,90
1374100,208
1159933,172
1371677,237
1217301,132
1239629,59
1147289,75
1100532,94
1397074,81
1218270,58
1084541,115
1078304,104
1060861,114
1090108,106
1394990,182
1354562,153
1251620,133
1237932,135
1381017,130
1044217,129
1459390,86
1373833,83
1001171,87
1454798,95
1075821,91
1064096,76
1073773,88
1197565,89
1315474,47
1219768,353
1338022,355
1229678,353
1109532,283
1494638,309
1032122,273
1165413,361
1475544,339
1387338,304
1410167,263
1172350,381
1058305,1510
1441315,331
1226927,357
1148821,433
1169225,395
1047892,3782
1327045,3479
1435007,312
1477335,329
1187218,34
1473646,31
1445208,31
1128443,26
1007092,25
1177336,25
1308369,25
1169740,26
1437845,22
1305204,589
1169115,504
1485207,495
1133327,447
1144895,480
1265135,425
1217432,499
1465199,586
1127418,557
1065475,501
1208945,224
1205027,120
1370543,172
1184858,144
1241780,190
1257683,139
1127095,209
1402380,291
1271788,348
1417694,219
1016090,187
1378218,190
1490162,186
1007961,189
1048476,196
1363750,192
1377977,202
1177453,219
1096484,230
1490021,193
1158592,61
1220323,57
1079738,68
1272815,63
1082719,64
1428980,66
1307591,72
1244359,74
1309989,70
1129187,65
1373369,1487
1159100,1469
1078309,1434
1444543,1491
1403090,1517
1091288,1555
1357059,1776
1258709,1982
1016250,1948
1291439,1800
1035769,24
1141007,24
1092629,27
1470124,25
1270442,26
1032642,25
1499459,25
1465076,26
1378578,27
1271294,228
1297171,220
1484782,237
1125260,218
1044825,400
1403738,295
1419512,232
1407678,249
1097909,238
1308103,225
1064482,135
1344498,1466
1019358,55
1197065,119
1014215,154
1465986,129
1221712,3015
1343053,2375
1150330,162
1064636,164
1171380,852
1257945,923
1164850,846
1317829,895
1494403,903
1372964,925
1028254,1073
1394819,1190
1239193,1176
1466747,1077
1456648,76
1035374,59
1154323,49
1142259,45
1449907,39
1083651,45
1193931,41
1317257,32
1260574,52
1430521,38
1009487,52
1302905,45
1164224,57
1005212,39
1353130,35
1051730,43
1057003,44
1024922,33
1047047,698
1012909,641
1446430,662
1004539,652
1297841,2047
1190458,2122
1300063,867
1483559,851
1492798,3487
1289811,2925
1236266,62
1042049,114
1156490,105
1040519,135
1233817,79
1209622,42
1344427,58
1232899,54
1435021,57
1397443,37
1106569,105
1370150,63
1290947,56
1053250,22
1093368,46
1100342,41
1040528,40
1236914,185
1178409,209
1276499,197
1292548,188
1091700,178
1201373,173
1179723,199
1021693,217
1383719,201
1171600,170
1325197,47
1098189,236
1389806,229
1346354,37
1343497,56
1018121,40
1147448,42
1439086,173
1297322,182
1392169,197
1180066,236
1125019,180
1091233,188
1148765,232
1422960,232
1269068,226
1464291,187
1242518,50
1059185,46
1340927,42
1227103,34
1083081,31
1476267,31
1442954,32
1310205,32
1462837,27
1233491,29
1342926,378
1165718,350
1127141,338
1253795,333
1312242,356
1427198,348
1326605,385
1135723,400
1303003,421
1255517,358
1334250,246
1226115,233
1221502,240
1129603,214
1300912,304
1066331,285
1055924,340
1135533,394
1412599,430
1381463,368
1018619,190
1280720,274
1495944,313
1039816,349
1022447,289
1095815,269
1166087,323
1116674,320
1342580,321
1100337,268
1403792,68
1243588,73
1375821,75
1009681,69
1125124,63
1375223,82
1334811,73
1111727,70
1203809,65
1124837,58
1006036,214
1089355,209
1023077,216
1088502,208
1154308,358
1361686,254
1001984,205
1265825,229
1370764,218
1102828,202
1004325,77
1376221,104
1478833,88
1478982,81
1394276,80
1076577,112
1165520,78
1238261,88
1498440,57
1181820,88
1346625,86
1062616,85
1207682,103
1178918,112
1301717,88
1283401,123
1376997,132
1274050,119
1071845,120
1391787,164
1387016,243
1457848,272
1419824,217
1458527,223
1045618,243
1341626,265
1231600,245
1419408,236
1493367,211
1045597,83
1315063,94
1236135,89
1099461,92
1200980,138
1396714,213
1344886,270
1099376,120
1473464,143
1172936,127
1174606,903
1463004,877
1383441,793
1132416,925
1486024,924
1475054,846
1480696,1017
1392220,816
1218477,836
1391805,686
1380357,284
1284608,118
1497786,124
1257181,130
1329389,165
1131741,166
1333616,191
1149680,230
1254249,238
1055471,206
1074653,463
1394503,437
1395980,449
1256087,369
1149138,399
1423280,389
1038388,479
1410171,428
1317093,384
1296819,337
1481530,38
1325113,210
1260387,110
1404040,34
1090120,31
1120131,47
1472113,37
1331429,36
1180567,31
1381332,74
1137404,68
1258488,78
1013599,69
1163018,65
1083750,80
1355784,78
1273699,41
1221446,388
1074066,207
1265692,289
1454467,218
1109664,267
1259106,263
1353996,295
1449409,296
1393405,286
1347221,228
1270817,203
1044231,230
1202376,225
1475127,115
1425943,769
1190637,647
1066705,294
1443612,217
1074216,210
1287822,139
1325209,48
1203492,56
1182168,76
1278151,62
1007474,66
1458641,59
1054272,87
1238139,102
1255484,73
1063187,68
1437236,51
1014725,57
1296501,52
1270123,45
1122246,90
1315303,78
1077352,46
1118613,46
1315359,38
1067323,28
1250269,69
1408921,80
1277776,63
1182721,68
1055751,73
1311052,76
1005347,82
1143886,82
1494235,74
1374299,15
1312726,14
1047397,15
1067203,15
1285850,66
1342935,63
1210576,66
1416916,65
1238947,48
1491185,49
1023806,59
1253183,37
1450451,34
1203153,21
1294764,15
1021481,66
1388663,63
1005817,10
1052769,22
1463481,20
1345403,31
1214405,36
1360048,35
1379939,52
1450536,82
1110389,89
1328210,108
1479518,147
1317775,62
1244418,52
1490466,55
1344579,42
1406296,37
1332403,33
1263164,90
1228342,87
1423496,86
1194920,80
1354931,94
1038199,79
1497822,90
1439583,95
1207936,81
1334538,60
1346629,31
1444033,31
1428610,25
1084617,20
1072459,24
1143336,20
1078228,19
1240376,14
1129647,187
1371024,184
1337771,235
1272173,140
1250737,206
1395336,171
1077178,234
1412257,180
1133657,164
1141832,152
1005610,537
1051619,925
1291501,506
1224135,490
1452525,563
1241673,530
1130888,2667
1136512,1843
1198927,492
1379462,403
1328618,15
1084551,16
1492201,14
1388229,15
1116211,114
1025464,100
1172770,114
1432452,110
1025860,87
1295788,80
1185678,95
1210461,125
1405891,114
1164030,80
1191446,37
1405911,40
1047099,41
1492888,36
1167184,45
1400097,44
1423468,43
1192481,39
1113951,168
1075058,165
1395991,182
1060374,184
1344988,221
1379139,211
1216578,260
1347909,316
1124487,340
1314422,237
1133017,16
1122672,16
1208622,17
1174195,16
1052297,97
1436823,103
1076795,106
1403006,97
1076963,110
1191952,107
1235630,129
1238367,124
1427300,116
1032658,96
1207270,233
1161743,715
1298916,405
1026022,180
1193241,180
1171101,185
1164137,1737
1321775,1288
1378647,215
1231116,163
1095435,200
1323949,194
1395799,198
1145737,186
1238384,210
1042036,182
1351219,235
1085203,245
1371386,275
1219723,203
1374416,32
1189323,25
1337676,24
1003680,29
1022823,20
1082992,19
1474734,13
1342334,74
1175207,58
1033599,36
1129747,32
1057371,31
1495511,23
1354900,27
1425005,28
1368872,22
1433769,16
1349382,45
1250534,29
1080873,45
1139207,30
1018091,28
1147190,36
1128435,32
1157339,49
1276177,450
1450019,425
1174173,439
1261967,419
1107899,945
1287052,896
1234527,775
1498591,621
1147438,1771
1228840,1237
1114215,56
1179414,64
1177028,69
1216396,110
1248865,46
1060936,40
1402609,36
1011086,34
1201586,29
1102627,24
1175109,33
1279214,30
1443674,14
1422706,84
1221151,78
1131821,90
1490426,82
1049070,88
1169917,85
1327124,128
1112819,121
1323892,113
1456199,102
1330908,53
1351797,59
1229044,12
1101241,10
1161125,24
1060114,22
1015937,20
1410873,205
1174564,222
1191920,222
1125314,188
1062361,215
1475531,220
1373526,230
1219223,216
1345121,210
1316865,156
1194915,35
1391656,31
1248453,27
1089414,25
1101295,25
1455678,24
1381518,19
1301363,18
1363338,115
1408074,100
1204391,99
1153172,110
1385784,121
1094777,93
1287845,116
1052223,130
1087971,136
1015674,102
1013988,488
1103117,446
1424721,499
1452145,455
1114030,456
1415291,450
1025202,554
1064176,485
1265298,444
1282575,360
1370636,83
1148724,79
1293002,85
1198272,78
1263025,91
1125955,76
1366177,103
1150078,93
1217839,86
1264814,76
1035972,125
1444561,107
1111719,110
1182641,107
1305667,111
1303118,93
1419860,98
1222718,71
1090797,95
1443743,63
1371785,42
1474865,45
1163334,52
1402147,48
1294333,45
1131529,47
1416476,66
1237795,63
1168507,65
1306170,62
1076467,375
1379585,336
1434055,397
1019051,287
1342691,324
1210023,340
1254730,438
1028198,360
1215471,334
1484039,277
1344207,32
1132553,35
1036433,35
1199141,33
1443462,45
1413086,45
1397477,61
1307344,45
1205066,47
1307499,43
1067824,213
1273706,229
1042603,230
1090725,169
1350396,216
1238736,185
1471183,249
1229870,166
1497134,193
1120206,129
1234483,68
1238365,39
1078467,57
1006405,64
1066302,48
1214466,63
1265100,73
1237497,82
1269056,69
1015263,217
1060235,218
1174360,221
1479343,179
1247572,180
1033654,185
1260212,244
1010680,182
1296051,172
1387077,153
1162720,25
1012076,27
1338102,14
1205675,18
1152949,19
1458882,15
1237811,334
1033758,359
1499951,345
1053599,328
1404089,380
1418689,330
1285966,440
1234568,469
1242215,424
1077297,353
1231512,433
1117072,449
1091750,447
1147110,348
1027059,1179
1363829,907
1060391,584
1296093,563
1411783,502
1076732,374
1102338,155
1167549,194
1152757,199
1103421,175
1408137,183
1250988,199
1315404,233
1275358,243
1256963,257
1427933,218
1306276,115
1112398,105
1457331,143
1202120,114
1321446,119
1029940,103
1274550,138
1179351,158
1308289,140
1202474,127
1306442,41
1287716,46
1317791,44
1104534,35
1426930,98
1347464,50
1018032,41
1450217,37
1356206,37
1393103,27
1281383,95
1239082,82
1018331,108
1290273,108
1022303,91
1328781,87
1321002,129
1466438,131
1021318,122
1362220,109
1282522,24
1208631,26
1119538,23
1414474,25
1219364,26
1253166,26
1349187,26
1458875,24
1115978,79
1351227,78
1109039,73
1117896,54
1472568,73
1492493,27
1036719,235
1442242,234
1290442,206
1461010,180
1263119,180
1171474,197
1068463,255
1098663,239
1285209,307
1379975,195
1004280,95
1468273,91
1054292,93
1411885,97
1272392,105
1298954,112
1449468,113
1027500,133
1074865,137
1306435,109
1402334,48
1249185,54
1350424,347
1027208,320
1444476,48
1274272,27
1099884,56
1445659,49
1176168,42
1129742,45
1258874,179
1345579,168
1308325,164
1210380,157
1392336,239
1197638,225
1129536,259
1261211,156
1432540,186
1132812,171
1140900,70
1035004,166
1328690,139
1236944,207
1072931,111
1214395,45
1217642,60
1058775,57
1233784,64
1027593,40
1423030,126
1486929,129
1036243,129
1380531,119
1028031,122
1357262,104
1076524,120
1166204,122
1006312,111
1287529,97
1088111,48
1474529,50
1143054,46
1258914,47
1441756,43
1006816,58
1284992,35
1302350,28
1441293,28
1494423,306
1037582,292
1186135,316
1035444,222
1412430,281
1471318,233
1302798,327
1140942,292
1352739,261
1444822,218
1180697,417
1288985,1395
1498800,403
1062934,359
1002696,438
1204196,430
1416492,3449
1113253,2558
1353961,325
1320692,330
1224947,32
1418302,32
1384132,28
1252877,22
1161599,20
1173529,17
1407391,20
1391735,379
1095368,381
1291104,368
1164263,343
1236985,354
1397015,321
1202662,389
1257054,435
1188918,438
1307324,364
1061800,261
1306774,260
1010856,271
1099608,262
1115724,220
1125554,244
1140698,336
1220959,361
1389206,322
1268227,288
1240408,114
1235156,116
1262731,113
1249918,119
1313158,121
1460940,120
1357469,133
1485800,155
1006987,169
1456848,145
1285816,112
1277532,120
1119159,112
1365522,107
1251959,109
1134918,90
1281698,109
1170505,140
1460584,89
1170339,98
1359066,881
1328835,863
1375031,867
1180363,871
1079995,903
1468705,855
1041884,1050
1161571,1097
1049477,1165
1363599,1040
1233504,25
1459135,25
1418509,25
1493410,24
1040420,21
1030025,22
1290035,24
1184610,23
1093868,25
1235293,222
1051981,231
1388536,224
1112176,208
1150649,438
1114185,280
1306071,239
1382323,243
1014526,232
1103982,209
1111935,190
1258199,1302
1377853,122
1203979,160
1019804,192
1406890,167
1357343,2601
1415791,2071
1013842,209
1325819,183
1191706,623
1131459,569
1336230,613
1425283,559
1320850,613
1057220,609
1490464,748
1245748,794
1433608,780
1027214,692
1080063,48
1126189,49
1418559,40
1424045,34
1463075,38
1474709,39
1124673,25
1194601,34
1262092,34
1223819,50
1165334,33
1298535,29
1090792,37
1491705,29
1438548,31
1124545,38
1455070,31
1239125,426
1333514,359
1380095,387
1140243,318
1160343,1217
1243839,1167
1021807,606
1130037,508
1440281,2810
1273879,2137
1265408,39
1151818,83
1346361,89
1292333,116
1252777,61
1267738,30
1063344,35
1068820,42
1260624,28
1452241,88
1014950,45
1067474,64
1401322,17
1204393,38
1435552,36
1303906,30
1038580,37
1019593,208
1251424,221
1222327,219
1217414,183
1162493,186
1065461,173
1094705,213
1035017,218
1286859,226
1046651,199
1455922,41
1137631,342
1040830,215
1294878,47
1247132,28
1010388,62
1363337,47
1325129,45
1142696,266
1301239,274
1084390,271
1072219,247
1338035,270
1009375,280
1037247,280
1282209,278
1208037,261
1457135,225
1320138,47
1220238,48
1478119,42
1019734,34
1055862,28
1354636,31
1014814,32
1270332,27
1081737,63
1407633,62
1014398,54
1491825,56
1270741,61
1040458,58
1093081,58
1479989,77
1295162,85
1293636,64
1051218,345
1096610,353
1109216,350
1491934,317
1325802,348
1279856,333
1041468,387
1038351,423
1312390,427
1077444,374
1034569,172
1348908,162
1356772,205
1449864,232
1382979,166
1417525,199
1289590,252
1140301,206
1107381,215
1049531,174
1330395,86
1304104,87
1463362,86
1322487,81
1076412,79
1358172,81
1101734,102
1310017,91
1060069,93
1197296,79
1180839,169
1344920,171
1004828,168
1266015,172
1235237,317
1156851,210
1324338,212
1321628,198
1257443,189
1417117,167
1463442,74
1127666,110
1184220,100
1451779,87
1005436,83
1178960,78
1288797,109
1038899,78
1264535,78
1343261,61
1090050,128
1447677,128
1280003,137
1285815,145
1089192,114
1200656,134
1171313,161
1235880,172
1449369,165
1287691,155
1299126,134
1079774,149
1332266,185
1229811,160
1062210,143
1062104,163
1104032,219
1328757,189
1493096,169
1371361,165
1464606,125
1444631,128
1202718,126
1488002,126
1153686,185
1007842,195
1425079,233
1197475,128
1437825,155
1015345,449
1359792,463
1389163,418
1002689,431
1280135,472
1228164,438
1068045,580
1068382,433
1127032,428
1475728,314
1324560,207
1149962,101
1161738,122
1270394,128
1266485,135
1099379,141
1404662,206
1396212,262
1025197,286
1437767,244
1242898,315
1087842,327
1374875,339
1333723,277
1206548,305
1193522,274
1055113,354
1319063,307
1033641,290
1349975,228
1086605,47
1491536,36
1381527,154
1490168,178
1115261,25
1470240,27
1343554,31
1003166,30
1076264,36
1198829,41
1436892,43
1336163,49
1359435,47
1406006,44
1228411,38
1095767,46
1479107,47
1433670,24
1112065,23
1170791,237
1345683,224
1433582,233
1228255,204
1312287,242
1193512,187
1443615,243
1430898,274
1492660,242
1307783,183
1227060,290
1174088,303
1456565,332
1420269,255
1304477,604
1308904,729
1077994,371
1495715,333
1399551,320
1183503,275
1195179,134
1441260,131
1454430,138
1044544,127
1203407,124
1292029,129
1222883,152
1037300,154
1221223,148
1462723,135
1402079,40
1324129,46
1310176,38
1395065,33
1399254,73
1422826,64
1322590,33
1403469,35
1432116,30
1113063,27
1332509,140
1446201,136
1149507,149
1415178,136
1053667,142
1197479,144
1123521,160
1253597,155
1131618,173
1110181,129
1072892,25
1366226,28
1406814,25
1399900,24
1453972,24
1143501,23
1384906,22
1299966,65
1349681,44
1462077,44
1191532,64
1410443,58
1277208,62
1089516,23
1473125,37
1025898,42
1481945,131
1342457,109
1399342,34
1262038,37
1158328,47
1444289,40
1211619,43
1041733,37
1359903,60
1319788,64
1094142,65
1186546,61
1243712,85
1443685,84
1160800,103
1112142,64
1343542,76
1034394,71
1250665,101
1366207,131
1168628,123
1462832,129
1319647,79
1490847,60
1327465,65
1242046,60
1410134,54
1267932,43
1290868,146
1023440,148
1259984,160
1003155,154
1490242,133
1201903,122
1483945,139
1280071,136
1345002,130
1427380,106
1342252,94
1051272,95
1121108,96
1067445,76
1341870,81
1054616,70
1069917,80
1128963,70
1094414,42
1215898,53
1052668,259
1144863,248
1221336,252
1343682,216
1313499,236
1017949,211
1452342,258
1118519,233
1327104,217
1071026,185
1076214,512
1187657,1259
1295030,505
1085476,476
1385886,555
1284793,525
1308836,2479
1205106,1944
1101970,489
1021912,425
1277491,22
1318189,17
1284961,17
1396542,16
1441218,16
1308789,17
1170472,237
1326395,190
1102915,197
1490422,183
1338949,198
1400753,157
1281302,178
1262498,189
1373759,190
1020854,136
1079691,90
1373162,96
1313922,93
1470329,101
1043208,73
1498149,90
1209198,102
1130285,100
1350042,102
1015074,89
1390579,294
1436947,320
1045739,315
1318087,332
1223698,379
1436625,327
1383644,450
1045356,498
1121593,520
1114635,396
1488584,23
1010075,25
1363457,24
1078002,23
1380388,26
1147439,24
1138141,208
1236945,213
1369433,205
1379985,197
1424254,209
1441674,186
1280345,215
1022802,198
1166846,185
1377696,156
1173823,285
1217625,846
1164729,278
1326219,275
1068568,298
1003219,260
1278744,1773
1066418,1463
1410131,260
1298180,216
1473058,331
1463455,327
1248427,355
1173141,340
1471497,389
1455556,356
1305973,438
1456111,483
1311369,513
1084924,374
1394807,122
1002603,137
1345677,129
1174767,90
1237037,95
1477215,77
1266148,74
1285970,88
1347126,54
1239988,51
1424446,70
1380755,68
1179458,48
1013425,36
1207452,37
1404575,33
1461727,39
1083782,35
1318780,31
1154806,29
1222837,44
1494714,59
1452148,47
1442947,34
1105018,41
1182886,49
1475789,30
1224009,55
1092076,38
1190987,33
1435748,525
1301304,495
1110939,535
1390665,471
1445202,976
1429305,943
1093306,713
1122466,683
1017266,1826
1398485,1287
1426610,58
1068662,73
1419823,75
1072966,99
1186069,46
1490467,37
1123207,37
1494119,41
1405706,36
1211830,27
1457528,49
1208175,74
1257230,16
1211873,39
1321469,23
1454866,25
1101141,23
1221444,24
1438300,147
1190997,147
1053941,147
1083391,135
1187634,146
1154076,143
1373500,168
1102839,181
1083225,175
1165740,157
1196726,32
1364592,34
1458526,108
1008710,87
1014602,38
1010378,22
1084749,38
1442543,32
1458994,32
1337584,187
1031733,195
1106938,205
1481223,181
1448207,205
1061949,210
1470638,220
1202732,208
1091243,205
1260998,164
1095889,39
1008708,41
1234865,41
1388725,33
1053371,28
1369483,27
1189443,31
1338379,28
1069031,26
1429960,20
1186964,119
1202630,129
1269934,129
1339581,137
1436109,116
1101500,147
1023599,172
1442172,182
1157371,129
1051519,403
1053169,424
1385699,451
1107959,437
1144512,406
1289744,372
1350862,490
1374335,419
1055230,399
1095155,344
1448374,54
1122401,53
1160411,54
1066841,53
1320649,51
1118447,49
1046582,52
1467232,46
1023000,45
1363046,42
1048888,196
1440463,199
1480971,191
1104556,197
1099037,204
1382085,191
1426428,232
1342409,199
1003012,189
1210445,165
1342393,93
1476851,145
1376464,119
1233406,115
1150316,111
1153339,116
1282883,116
1412451,105
1352136,108
1041636,68
1028680,154
1488449,149
1470231,150
1196664,154
1135015,148
1222652,147
1419491,177
1261676,182
1377965,180
1337424,159
1390104,295
1401313,317
1439166,381
1197083,302
1224626,335
1044870,299
1395535,369
1031550,353
1058951,335
1272619,276
1355143,141
1077979,138
1247091,144
1239269,144
1401108,162
1244411,169
1106091,187
1409870,129
1419636,163
1396890,153
1046653,260
1101904,285
1359440,305
1324289,289
1268704,288
1064201,266
1332108,298
1219927,243
1111265,268
1201333,176
1282305,69
1015273,37
1003496,50
1333430,72
1253867,69
1487063,54
1371085,69
1254330,81
1385952,92
1341588,76
1133297,295
1088344,305
1269200,296
1494636,249
1257870,289
1141742,258
1321297,311
1368535,265
1437216,259
1109703,214
1179278,24
1255632,26
1187631,87
1418705,82
1041291,30
1436774,31
1455799,25
1143109,60
1011891,58
1098671,65
1331472,44
1470509,54
1336461,47
1167780,50
1121948,51
1021401,36
1052604,37
1363995,297
1136010,170
1232767,179
1290532,159
1428670,183
1394002,144
1391373,197
1405516,181
1237484,186
1060387,130
1478644,305
1109347,300
1144523,329
1355267,217
1114402,825
1251813,618
1009379,366
1006717,350
1376856,332
1164305,230
1467138,45
1469634,46
1126946,75
1142560,81
1034126,72
1405173,48
1264903,58
1116430,59
1118886,74
1452755,54
1300311,33
1181698,35
1413278,45
1325912,33
1424801,72
1385976,55
1126583,33
1411848,30
1245639,29
1074197,50
1258810,53
1355439,60
1391099,48
1094315,57
1011887,75
1403191,57
1218617,21
1344068,21
1057905,22
1354317,19
1023964,24
1368796,20
1395219,21
1407735,39
1262889,49
1345333,54
1471495,51
1392516,52
1373275,57
1437465,33
1414571,22
1134995,40
1170554,34
1171279,115
1314329,115
1077953,27
1073741,34
1323445,42
1411845,37
1245004,32
1205164,94
1357235,105
1056761,98
1292906,100
1374092,131
1344550,131
1177395,139
1351443,100
1428011,112
1190207,101
1074105,76
1203176,110
1272135,114
1021670,135
1321867,107
1084372,55
1373961,65
1435336,57
1176491,55
1321540,42
1262383,85
1007731,77
1018360,78
1041924,68
1459762,86
1486936,68
1355001,81
1418344,72
1334087,67
1304546,45
1096482,123
1008772,147
1499988,141
1269910,102
1471306,130
1290508,107
1234301,108
1455478,130
1382910,82
1111577,62
1186445,204
1114751,202
1463133,189
1366545,155
1345589,192
1097457,172
1207501,230
1206620,173
1166459,208
1189297,173
1155036,302
1034867,832
1054736,299
1030998,300
1131331,353
1225246,356
1232890,1443
1426081,1250
1476284,362
1482150,267
1190145,28
1289484,27
1052303,21
1454730,20
1423762,16
1327489,15
1259996,20
1051651,126
1001905,102
1224660,106
1076185,105
1143891,108
1175181,83
1075374,106
1044528,115
1105318,118
1017270,69
1154559,173
1112058,172
1387533,174
1337831,165
1225379,171
1201924,168
1227658,198
1119868,199
1152662,194
1276162,153
1025721,412
1457412,421
1251774,419
1380718,404
1262455,510
1043759,447
1153098,578
1142567,645
1044267,634
1263998,499
1133681,16
1322128,15
1381323,14
1143816,17
1097664,17
1091771,19
1404076,16
1481626,133
1427862,144
1300692,133
1004607,125
1285568,170
1089895,118
1111467,161
1428614,157
1410589,138
1255320,116
1112459,203
1276338,603
1104702,197
1146677,185
1417511,217
1137692,187
1199840,1030
1302643,972
1009642,478
1001037,188
1276142,287
1333143,279
1487777,282
1395108,295
1042584,326
1274476,286
1055703,349
1247424,376
1302516,415
1171030,297
1257617,105
1365501,95
1257346,109
1474262,73
1410391,74
1065521,63
1478066,76
1108700,66
1306433,49
1286442,49
1389878,68
1231344,60
1333981,55
1424822,34
1138058,40
1492576,35
1409649,42
1001450,38
1308291,34
1133040,25
1071661,32
1018080,30
1478849,33
1383628,31
1226202,27
1127373,28
1065120,28
1354994,31
1450673,32
1115906,355
1004246,350
1176343,379
1358268,342
1016244,1324
1168290,1164
1497528,524
1487577,480
1261598,1133
1210751,789
1465377,37
1049616,76
1054088,74
1014345,99
1157820,85
1008109,41
1296788,35
1129632,40
1270431,40
1095162,59
1469210,58
1157584,43
1414860,24
1357223,39
1387218,38
1137145,25
1112572,29
1104172,23
1088612,22
1230896,88
1345259,89
1006250,96
1310622,85
1166099,102
1431128,94
1072570,115
1115681,113
1220849,109
1048938,101
1285263,28
1438175,115
1229282,80
1349904,28
1264314,26
1007527,43
1483373,38
1197587,27
1116996,94
1286575,103
1323853,105
1349597,91
1174376,121
1259305,117
1446318,107
1165802,107
1134201,97
1352852,84
1496897,41
1188175,40
1378200,40
1214209,33
1137486,32
1242539,28
1241717,30
1060354,26
1138143,22
1060806,189
1297235,195
1249239,197
1024103,199
1318385,204
1015306,190
1102204,223
1331093,245
1112099,265
1096804,187
1150467,145
1145033,145
1206358,159
1497477,149
1153911,135
1248932,148
1459766,191
1153131,163
1491472,161
1136775,144
1440883,65
1485910,64
1107925,67
1432815,66
1028235,81
1490043,66
1494266,62
1150869,52
1245747,47
1331957,99
1088564,108
1306940,111
1018699,94
1448364,132
1036363,111
1383483,123
1213867,118
1029199,100
1032834,84
1498066,59
1439262,58
1376645,57
1142228,63
1343351,60
1269436,54
1301125,67
1379552,64
1287518,56
1021872,159
1291288,166
1451221,170
1091430,168
1396310,167
1120159,146
1217315,190
1142552,189
1468892,190
1050380,151
1106879,139
1309039,136
1344699,230
1488800,113
1244775,168
1020796,146
1263671,176
1497604,170
1053653,164
1297442,188
1483833,159
1088765,153
1135371,166
1185079,164
1414429,196
1124700,205
1097789,235
1469614,164
1089927,196
1092532,159
1454364,261
1271463,288
1009181,255
1438685,280
1013485,270
1100145,255
1488304,319
1480437,228
1058997,247
1242119,173
1175167,155
1341146,86
1337250,101
1047318,105
1293562,110
1494999,107
1093795,126
1202102,152
1387050,165
1454073,137
1412672,305
1387977,320
1085005,322
1333190,278
1314140,274
1457102,257
1029390,340
1035747,297
1124009,272
1353005,224
1106138,36
1172262,36
1173109,113
1070986,119
1330214,32
1348534,46
1400294,39
1287371,36
1197492,42
1429191,142
1016691,132
1498160,121
1150323,102
1230498,107
1250530,87
1114903,100
1473148,92
1336352,74
1041201,66
1207875,356
1441899,415
1088601,380
1336659,298
1211198,406
1051921,349
1131960,458
1215447,480
1278933,463
1274572,355
1152272,529
1120199,562
1263854,559
1489178,504
1298616,1044
1479853,881
1481165,764
1022706,692
1332316,642
1185615,517
1006532,226
1496202,171
1228432,211
1278894,242
1165880,251
1252492,172
1150452,264
1207023,307
1482128,206
1287733,225
1170969,60
1139622,61
1026791,59
1350098,46
1405296,48
1019197,32
1440115,54
1130244,64
1154927,55
1440235,46
1489750,53
1458738,47
1383402,40
1292308,117
1146229,70
1247834,55
1086618,45
1008385,30
1220660,25
1281563,120
1381705,102
1036303,95
1392380,80
1120250,72
1163736,63
1382021,87
1144237,88
1346381,86
1338612,77
1054864,31
1372965,31
1333426,31
1356004,31
1024747,29
1120011,29
1385060,35
1490527,31
1324608,30
1153097,30
1407062,52
1399725,79
1055663,75
1238317,66
1334149,67
1252107,77
1014424,55
1045929,54
1076974,36
1276400,224
1048870,288
1282969,320
1052757,265
1215424,350
1497593,326
1259844,377
1161985,340
1493763,417
1322822,361
1325888,143
1238350,146
1059632,141
1373882,174
1368795,151
1498061,157
1090724,193
1083415,201
1292299,207
1308336,159
1358623,52
1000662,60
1248470,327
1339347,276
1348246,53
1316602,35
1391976,65
1232445,50
1202382,44
1036178,43
1034611,286
1374733,280
1448305,275
1420537,271
1304263,376
1265562,349
1374023,393
1172343,265
1022093,292
1056075,239
1335255,65
1140702,143
1403528,154
1098625,200
1249422,138
1233077,75
1004548,73
1086671,64
1371703,70
1450481,42
1402597,85
1050351,97
1409072,89
1365294,87
1050495,176
1038405,154
1360974,121
1092395,123
1133574,109
1237123,90
1393567,112
1050202,109
1051269,108
1294662,117
1416111,105
1347737,93
1437947,118
1125457,112
1222122,62
1443391,53
1444649,272
1101109,267
1394444,272
1412054,216
1469601,247
1369165,232
1408164,290
1266701,235
1335307,244
1294489,201
1325002,450
1115161,1326
1022436,437
1009320,367
1059149,478
1381797,415
1182231,3307
1365708,2249
1170204,371
1288220,366
1057573,34
1476812,30
1302236,29
1088753,23
1290461,23
1339397,23
1004423,384
1182211,378
1287217,358
1364719,341
1393217,347
1372970,320
1255664,417
1343873,460
1182906,444
1349421,370
1086209,302
1263662,293
1400162,290
1322060,283
1407685,313
1256423,320
1366093,348
1091579,358
1218417,363
1086325,290
1219510,101
1258031,97
1254371,87
1366427,103
1140603,110
1394553,104
1315638,109
1210068,143
1303043,142
1208742,105
1441678,160
1310240,145
1183018,153
1465748,165
1416451,134
1067886,153
1147342,183
1027770,175
1086495,182
1115754,174
1236999,1052
1129005,963
1060160,1018
1139012,969
1009801,1065
1499374,1018
1130038,1238
1136954,1357
1214539,1352
1341789,1178
1245261,24
1256719,31
1314459,26
1200620,31
1105095,27
1320422,29
1207536,245
1490420,269
1367274,258
1198611,220
1079668,375
1214548,287
1351077,240
1276935,262
1220000,250
1201804,221
1255670,226
1178631,1114
1187815,139
1232901,171
1041132,265
1165069,189
1067128,2535
1296288,1653
1482384,219
1354149,189
1199822,557
1306963,509
1352289,510
1487534,516
1043614,559
1388656,535
1464836,665
1072381,697
1388909,659
1280894,585
1437743,57
1096922,53
1125018,46
1092303,43
1150462,38
1422780,50
1426062,43
1299613,36
1339963,26
1047669,49
1431233,43
1395626,46
1138941,46
1027348,36
1126025,36
1484689,38
1224719,38
1001894,48
1045452,50
1253965,554
1273495,518
1427581,556
1182139,466
1295304,1657
1421037,1390
1270843,760
1074647,725
1382460,2922
1241247,2114
1167949,60
1363403,100
1489033,119
1086137,153
1374063,107
1099116,45
1139669,49
1403410,55
1359459,57
1363262,34
1001524,116
1277278,64
1040180,78
1441382,21
1118212,39
1021448,42
1103660,40
1320976,36
1122586,32
1405315,45
1432075,151
1214183,131
1254559,155
1420772,148
1284435,139
1490537,130
1395998,174
1375781,161
1343300,139
1046381,146
1106454,48
1044419,57
1152711,335
1142883,228
1149305,38
1495438,66
1334966,55
1244264,39
1226196,48
1299559,186
1114519,191
1065280,205
1484962,174
1207808,195
1473304,200
1406454,213
1209617,205
1027031,191
1498763,164
1241244,51
1455780,47
1454724,46
1477134,38
1330995,38
1207514,36
1399018,34
1262276,35
1431194,28
1427037,26
1269656,136
1472696,125
1031228,116
1123593,119
1319830,121
1468554,117
1219034,135
1481004,171
1439152,183
1368778,141
1254681,246
1471178,238
1172228,256
1040523,219
1488427,236
1367962,231
1353492,250
1466210,304
1117823,315
1159601,263
1245385,207
1364335,254
1469871,277
1333035,268
1117868,255
1335106,257
1122846,307
1466980,258
1485499,273
1141529,217
1144903,93
1337479,93
1073830,94
1422858,107
1112045,89
1401547,100
1275465,111
1309030,107
1318453,90
1149470,88
1254290,155
1459998,162
1070652,148
1464131,153
1442610,234
1092384,195
1326611,169
1098833,161
1175421,153
1105577,140
1084506,59
1228415,100
1455355,93
1329060,85
1343251,79
1222999,73
1274850,91
1275996,73
1343377,66
1494843,40
1329590,197
1219468,181
1405838,208
1148515,273
1127606,202
1003132,168
1194753,234
1090177,218
1086521,198
1002439,160
1215373,152
1310434,233
1162008,233
1499690,223
1164966,219
1312179,227
1055616,267
1416327,222
1460374,217
1417288,182
1145961,203
1370257,206
1128571,206
1271253,215
1318179,305
1471607,294
1466744,330
1063250,231
1159917,266
1237960,220
1328513,626
1470893,613
1278366,559
1117505,645
1395759,709
1118718,622
1412625,758
1047563,646
1178879,624
1432042,510
1497989,328
1343340,229
1160549,267
1162252,265
1174967,286
1402905,319
1249355,380
1051286,428
1082555,419
1494002,332
1468736,392
1476289,399
1248662,414
1245505,333
1316510,374
1164569,351
1108976,428
1386393,375
1488071,355
1073468,290
1096522,59
1460063,62
1233398,202
1109675,194
1011640,41
1376882,52
1241681,68
1170489,48
1094898,41
1158425,42
1154663,126
1334262,119
1308881,122
1259517,125
1292623,120
1224591,110
1439789,127
1291420,126
1215295,62
1216208,59
1213249,267
1469431,260
1230216,293
1209533,243
1308993,288
1432440,223
1102468,301
1446868,288
1334640,283
1192568,202
1150058,221
1211349,216
1430745,255
1284527,156
1493152,779
1163720,646
1430286,423
1161810,227
1134065,207
1200718,153
1164145,64
1401174,61
1240971,70
1022654,55
1067611,71
1068928,82
1168286,127
1084785,85
1342342,111
1342060,94
1046255,34
1275184,44
1100005,38
1181108,31
1284846,81
1362043,70
1129309,35
1167386,34
1382153,27
1359621,96
1394966,97
1076123,108
1051967,104
1337804,123
1265780,125
1073998,130
1027170,138
1029422,125
1384721,114
1466652,16
1150331,16
1211169,15
1375138,16
1090971,63
1227742,98
1345960,97
1014733,103
1068702,86
1373444,76
1212321,107
1119341,80
1356353,86
1282158,35
1366995,67
1301880,80
1005450,24
1468001,26
1125354,23
1447544,18
1229650,30
1253863,27
1497718,101
1164662,192
1365958,165
1348953,191
1315684,115
1285364,60
1109511,72
1345131,118
1394786,55
1215065,43
1288325,77
1122843,92
1233710,111
1005691,99
1009524,113
1306525,85
1060469,101
1013479,86
1215019,76
1183058,71
1191625,18
1480072,19
1305847,12
1382421,282
1345514,284
1106834,333
1155281,242
1075698,296
1160642,244
1415496,326
1111687,279
1441059,249
1041033,215
1282016,699
1465194,1118
1448283,645
1295058,607
1414292,723
1441562,648
1370349,2500
1180580,2342
1121635,596
1140363,495
1194629,15
1039245,15
1399293,14
1358027,15
1273681,14
1077324,13
1143939,138
1167629,128
1026590,129
1225294,110
1199817,108
1255746,98
1356165,123
1350163,116
1415607,108
1233177,36
1343032,36
1065027,39
1398744,40
1252753,39
1390345,39
1063055,46
1344083,50
1136200,46
1458915,44
1492614,200
1468175,218
1127745,221
1356109,215
1288414,266
1186700,241
1088403,319
1133590,356
1155657,395
1348738,275
1492120,15
1406300,14
1467493,13
1297855,14
1365916,151
1207858,130
1011274,179
1096972,171
1218618,203
1189930,140
1321235,185
1238309,158
1137912,151
1302339,133
1452067,376
1232785,961
1230100,804
1258282,244
1444665,308
1045971,284
1195640,2145
1032181,1917
1150358,273
1109305,234
1203473,253
1052376,255
1275300,257
1168517,248
1164780,284
1412431,257
1215826,333
1198539,386
1281207,404
1400789,305
1142733,27
1058741,25
1108175,21
1322786,48
1251536,49
1316879,52
1347430,24
1379600,29
1190160,37
1488976,35
1096987,26
1330271,20
1341115,23
1180055,30
1276549,37
1055810,46
1174252,43
1250701,26
1470418,53
1084864,35
1072273,26
1187272,430
1161844,395
1116856,445
1240063,371
1265862,1043
1348612,1007
1106972,768
1256383,661
1190784,1907
1183641,1342
1122583,108
1074978,159
1263468,171
1011094,162
1451907,118
1288551,67
1134380,87
1193006,101
1175490,52
1055561,38
1076029,45
1391420,27
1288625,29
1429794,27
1080632,26
1165848,22
1283777,19
1155338,68
1260314,85
1337184,29
1428300,20
1321456,250
1023661,276
1108274,283
1005857,242
1299973,263
1308249,281
1039535,304
1386232,269
1312142,263
1216941,229
1076663,57
1116062,57
1373635,51
1223580,44
1206844,35
1184897,45
1399955,44
1172075,32
1194003,27
1079689,104
1130535,98
1031756,101
1064667,97
1099811,118
1265941,100
1077243,113
1228516,129
1490318,133
1253513,91
1208934,569
1499504,593
1312260,628
1300527,564
1204831,604
1087121,553
1045978,728
1346635,702
1358565,649
1466288,567
1466754,21
1291832,18
1497662,19
1037408,96
1003413,108
1244549,123
1046988,108
1042431,97
1495101,96
1397621,108
1195397,103
1363375,89
1400481,81
1272743,86
1030286,120
1056144,108
1207447,112
1465823,101
1391318,82
1081976,105
1282233,97
1435085,93
1335889,74
1233904,41
1247038,38
1332561,44
1194391,44
1303746,43
1274777,40
1305701,60
1363596,60
1010627,56
1368398,51
1325982,401
1089445,480
1147836,513
1483095,462
1479101,528
1457020,485
1438318,623
1130482,570
1363049,515
1171208,437
1495316,29
1419230,30
1411042,34
1406706,31
1202211,36
1491671,35
1314238,52
1497076,40
1465417,40
1160226,198
1390427,210
1493066,199
1484452,168
1228658,202
1261892,174
1248921,241
1117788,156
1297961,171
1123998,116
1284677,46
1476365,23
1431889,28
1305212,31
1036985,36
1170347,52
1317986,53
1307819,55
1015528,261
1325298,259
1448339,290
1137782,201
1253487,242
1178473,226
1275767,299
1110700,250
1158069,214
1479826,173
1232444,35
1320678,14
1281517,96
1029038,101
1397931,112
1303888,105
1070644,111
1448552,114
1438074,123
1070011,101
1095052,157
1232434,157
1071259,172
1002687,52
1289203,340
1423217,413
1471087,204
1049389,128
1099913,80
1113318,55
1229001,72
1433304,58
1401068,65
1187242,57
1359625,76
1185356,66
1040153,60
1008719,49
1350206,21
1495173,23
1128689,27
1001023,29
1285359,24
1420413,26
1342540,18
1079649,15
1154251,79
1185029,79
1067710,100
1416184,105
1093010,95
1226046,75
1255874,115
1480365,110
1240015,125
1072056,95
1010331,13
1059861,16
1096264,14
1057847,31
1267848,36
1353281,33
1435910,36
1133468,40
1271548,22
1257128,28
1458370,13
1303550,47
1081423,79
1176395,63
1452747,66
1249598,56
1453716,30
1301192,41
1451676,40
1157287,56
1189803,26
1147480,61
1423216,61
1286899,68
1480723,58
1406611,86
1357260,85
1170208,94
1097908,77
1415920,69
1271099,53
1217407,133
1011881,153
1407485,136
1295630,90
1053847,123
1144343,126
1478102,144
1025390,122
1302448,123
1246317,94
1010666,198
1313421,736
1000698,120
1092126,150
1473499,199
1209421,165
1387028,1434
1061134,1021
1162193,165
1099223,155
1412109,16
1023342,12
1461384,16
1317056,113
1039007,117
1300140,127
1335882,98
1286846,109
1459159,93
1406375,129
1254323,132
1421326,115
1036769,94
1188121,25
1288839,27
1452281,24
1423886,31
1429192,22
1170773,17
1343976,21
1008860,22
1208057,21
1398096,107
1094768,108
1458256,124
1469568,127
1042422,113
1281477,110
1427545,158
1398303,174
1297500,169
1184259,128
1247248,17
1050335,159
1389117,136
1091327,149
1191903,183
1473941,191
1361611,136
1390206,175
1067572,162
1462163,141
1022601,116
1436514,64
1428766,757
1031474,41
1205829,49
1470414,80
1330416,62
1215711,1064
1234303,722
1459527,129
1091726,104
1494166,90
1425078,89
1280912,99
1101451,78
1102535,96
1192441,85
1095607,116
1367089,128
1159398,133
1234591,88
1276836,15
1114189,17
1364745,19
1217742,11
1066010,12
1108218,11
1226604,37
1330739,27
1234421,22
1265219,21
1199333,21
1083928,47
1041818,23
1270599,218
1287231,201
1412408,226
1349144,162
1224252,758
1395552,558
1402396,256
1215113,238
1078367,1153
1206651,555
1197899,26
1286540,38
1248828,50
1085236,62
1208237,22
1482243,24
1056066,40
1248566,20
1076486,28
1214421,20
1016268,23
1394274,24
1216050,111
1198442,116
1181286,125
1242834,112
1320866,99
1479494,95
1338420,151
1234957,123
1470791,103
1183173,95
1342205,116
1221456,130
1265965,146
1468194,111
1130150,154
1146521,110
1243690,158
1144351,157
1025173,118
1272944,99
1219707,64
1007209,56
1082299,67
1067520,46
1352924,49
1410275,41
1039372,64
1256674,86
1295791,92
1236452,54
1058027,76
1274554,82
1329740,117
1167347,99
1451883,77
1198739,99
1117758,129
1452199,104
1254860,81
1194661,75
1309274,20
1131716,22
1283793,17
1218947,98
1383534,106
1349711,111
1224002,108
1138335,133
1390060,115
1443567,159
1060435,138
1393922,107
1224512,84
1095238,31
1221251,28
1405406,27
1284661,30
1478516,33
1223492,119
1112602,122
1040307,149
1081076,126
1359075,111
1087231,134
1191560,178
1044549,142
1128096,118
1381724,112
1461471,19
1439341,21
1211903,19
1213401,28
1070053,29
1279096,32
1251454,22
1213767,23
1071776,16
1015899,47
1068960,49
1428482,63
1493778,48
1084126,71
1166141,54
1059119,92
1344297,54
1172465,44
1192321,29
1171256,42
1105799,17
1252385,20
1086394,18
1323071,18
1089737,22
1399894,29
1336059,31
1114250,22
1157695,73
1059960,74
1323156,73
1307832,57
1430672,66
1083044,55
1019952,87
1310874,63
1206124,48
1467171,38
1292159,243
1200761,214
1152578,199
1165400,193
1468823,210
1233718,159
1067345,211
1272924,244
1064613,236
1417327,163
1080513,295
1196458,306
1443469,308
1375742,255
1072649,672
1309132,526
1290854,370
1127315,328
1441457,318
1165142,251
1049952,49
1310650,46
1236773,62
1173994,76
1441700,64
1402904,53
1376912,75
1308727,67
1064523,68
1043894,62
1063256,31
1455058,32
1078273,40
1242551,26
1330929,65
1315562,44
1228679,26
1015454,26
1217178,24
1377098,60
1382624,54
1309943,74
1234906,58
1319758,62
1142998,63
1078062,94
1396355,82
1377697,77
1131561,76
1095178,34
1115944,31
1274803,29
1095602,30
1067896,32
1221106,31
1368829,30
1002660,41
1006792,63
1466488,65
1367222,60
1022457,52
1104908,62
1225707,39
1061460,58
1340502,24
1279583,34
1183707,85
1394734,100
1168535,27
1410114,43
1156319,36
1197604,38
1215697,27
1320069,71
1444887,74
1475387,69
1346305,70
1177114,87
1002289,87
1361334,105
1020355,62
1342654,69
1315254,63
1098380,54
1349856,107
1468813,97
1337198,111
1179388,68
1215476,45
1122716,58
1406481,56
1373420,37
1102059,95
1065427,102
1004198,89
1141401,80
1225795,89
1414811,92
1047239,90
1229693,86
1224714,75
1192829,58
1081848,99
1157252,101
1462830,117
1386971,68
1338138,82
1181514,71
1089558,76
1365949,75
1441761,46
1025825,49
1010248,162
1304450,173
1045376,177
1425432,146
1029668,170
1116525,161
1100793,206
1174284,176
1054029,158
1364193,152
1366962,231
1453619,579
1129900,259
1433846,218
1475443,275
1086519,243
1213738,1710
1241413,1438
1217461,211
1074355,204
1250684,24
1185761,27
1148006,25
1242359,21
1070040,20
1009282,20
1140020,21
1134901,19
1123975,18
1366099,282
1050241,214
1162092,228
1061294,183
1274168,170
1149165,140
1323957,192
1280976,231
1278113,217
1210708,160
1339465,249
1338896,251
1483889,238
1315614,222
1278314,223
1043794,214
1283121,245
1101191,248
1415650,255
1401680,202
1460445,306
1180058,360
1462684,312
1138520,348
1317061,404
1054840,377
1438974,475
1002774,516
1159437,525
1089638,422
1127397,22
1415166,20
1435778,20
1128032,22
1076832,24
1392837,170
1454709,157
1179231,160
1182033,154
1029988,255
1042837,184
1219095,204
1376260,174
1463761,153
1227644,139
1317620,132
1453388,678
1399359,96
1490375,125
1097563,133
1092587,120
1109919,1345
1427406,1152
1211765,116
1130959,118
1448306,305
1419811,297
1265062,274
1425904,272
1125938,334
1202900,315
1095568,381
1300715,413
1376035,442
1247963,341
1233461,65
1336037,69
1167286,51
1468046,41
1004508,44
1135287,40
1380028,43
1163632,33
1409352,29
1013469,44
1004938,42
1105636,37
1095364,30
1047991,28
1448323,23
1399603,27
1496729,25
1298382,20
1005003,19
1401766,30
1465689,27
1193331,30
1438123,24
1098604,23
1367860,19
1370235,22
1450299,27
1457399,16
1256980,298
1247682,330
1217450,306
1399546,262
1484802,854
1045267,617
1083456,430
1025693,387
1229151,1462
1472239,1097
1141854,51
1275306,76
1190954,64
1232183,105
1225479,61
1228546,31
1082302,31
1220988,35
1488412,30
1462286,24
1272933,47
1012794,42
1060379,20
1322864,46
1422003,78
1261322,65
1361920,45
1011082,44
1198185,73
1155781,65
1460971,76
1217608,74
1464015,67
1092728,63
1443211,103
1319853,95
1224204,80
1161246,85
1225127,27
1244297,31
1492404,74
1266882,108
1115336,29
1100363,24
1386771,35
1228144,31
1456463,36
1209430,24
1057256,98
1220699,93
1011026,108
1181307,112
1306278,118
1034430,109
1363491,114
1263946,111
1030522,99
1208582,81
1288919,44
1188398,39
1257603,39
1444572,34
1195794,30
1277054,30
1324093,35
1457210,32
1374108,25
1074202,24
1431907,160
1486660,155
1087576,156
1050233,145
1132252,140
1095838,157
1369255,175
1034963,215
1223053,226
1267677,164
1485310,101
1473546,111
1426101,142
1332522,134
1102609,149
1384611,125
1136040,154
1415673,133
1036779,125
1083181,123
1313017,101
1122743,106
1059507,111
1143434,113
1123578,100
1175471,104
1420158,121
1171896,106
1340676,103
1281560,85
1158519,96
1071538,100
1036619,86
1158312,108
1066536,131
1133053,107
1251379,103
1100091,94
1149857,76
1047198,55
1136864,78
1179725,79
1306697,76
1281504,73
1327389,73
1055921,84
1101152,69
1182646,83
1424279,45
1105421,262
1445716,255
1079973,249
1458467,239
1312972,240
1088756,244
1267746,285
1232711,289
1457306,301
1011235,241
1471277,118
1181771,136
1231442,163
1193500,156
1200482,147
1348404,152
1436025,183
1290134,157
1033917,178
1179301,148
1081725,143
1393415,151
1389608,156
1352022,150
1279211,190
1472093,208
1242163,248
1430423,163
1489595,182
1336018,147
1373525,227
1090212,230
1209604,231
1270455,186
1333274,231
1247242,197
1483471,246
1157862,172
1094134,183
1340562,135
1188903,163
1421956,104
1069594,116
1032110,126
1221954,123
1089247,121
1400695,148
1431873,174
1057308,196
1392873,159
1375319,195
1336737,200
1197957,202
1355864,170
1064517,179
1228726,169
1133114,210
1388842,173
1069600,161
1010212,149
1350266,142
1404848,33
1364685,25
1322930,36
1014899,32
1024487,41
1054349,100
1299746,98
1255402,94
1313903,80
1169066,77
1378577,65
1100250,85
1217224,83
1255217,52
1119655,52
1342352,791
1308085,799
1444143,705
1176836,740
1107618,790
1247310,751
1076251,861
1230370,976
1405510,901
1044169,754
1128832,1172
1356616,981
1242991,1016
1229614,1253
1054269,2373
1386650,3040
1428923,1162
1199404,1259
1424116,1163
1017704,972
1488050,576
1266608,602
1461971,582
1069314,579
1295765,636
1313113,603
1156774,676
1020945,746
1008568,809
1397328,677
1479955,146
1278982,149
1466318,165
1114726,143
1050846,147
1326323,124
1354098,164
1392774,185
1088550,177
1065051,167
1442994,152
1404802,170
1448322,148
1453906,144
1184605,293
1080267,210
1063685,122
1141097,143
1237041,122
1193161,95
1456560,164
1291901,155
1330248,184
1102993,151
1171305,159
1394882,143
1013097,184
1490074,185
1358294,190
1068255,188
1342445,37
1291172,40
1325526,34
1404721,36
1401858,34
1247641,35
1323579,38
1008571,33
1029555,137
1060085,210
1178756,201
1335690,186
1038438,185
1255410,174
1300405,231
1369944,159
1426505,178
1299024,126
1057752,832
1412748,851
1364620,868
1261442,898
1245205,889
1064070,811
1309278,1006
1208235,961
1284797,1042
1148320,955
1176349,181
1451180,182
1341426,181
1389218,192
1212530,206
1340756,209
1445687,233
1001480,268
1285713,287
1016498,240
1238649,360
1209840,291
1449539,77
1478559,65
1390158,79
1494723,68
1323348,52
1139353,53
1358455,373
1031442,359
1051268,345
1061096,346
1012652,513
1182370,495
1334101,565
1339935,353
1321554,393
1439931,328
1116026,185
1118461,324
1129761,317
1305470,443
1119279,286
1186970,90
1374360,125
1376618,131
1249682,118
1445557,101
1013212,197
1245740,192
1212302,195
1336986,196
1012718,292
1455753,241
1414107,254
1108487,192
1145767,169
1074126,157
1327909,114
1187865,119
1209194,119
1020515,121
1342004,114
1309704,98
1392386,118
1089782,122
1303695,71
1095152,59
1473553,583
1079855,549
1242295,548
1010465,419
1020507,547
1293282,445
1396363,569
1022752,567
1357421,493
1410617,410
1139996,755
1053955,3105
1093507,689
1144866,678
1128043,733
1267998,693
1093360,4596
1494011,4777
1342237,812
1409426,647
1080952,53
1357847,44
1111725,45
1220749,35
1115692,31
1028364,31
1260258,32
1118887,33
1322939,32
1234117,754
1287542,678
1159595,662
1001266,663
1181256,661
1170613,656
1403354,739
1076195,847
1264257,829
1195502,755
1125151,987
1377611,961
1415079,790
1432411,819
1090138,917
1484042,864
1394148,915
1241695,1011
1295216,1052
1384543,926
1020876,137
1144384,151
1158488,151
1087275,158
1481135,171
1330803,175
1243616,189
1356902,219
1144010,231
1177817,180
1257211,73
1068853,75
1385807,82
1197420,79
1227153,82
1066210,77
1011221,99
1459794,99
1467815,93
1245659,89
1306935,1800
1349929,1691
1391689,1701
1350008,1765
1017175,1875
1230601,1819
1353563,2059
1460117,2273
1366885,2289
1096075,2047
1063639,45
1350493,51
1262949,44
1403427,39
1146723,40
1332594,36
1018381,40
1255521,38
1004292,37
1224437,36
1437923,394
1083487,355
1472309,354
1217589,308
1214056,926
1343584,872
1352012,660
1115630,443
1260544,421
1304453,366
1268487,404
1123692,2537
1068143,294
1190711,268
1359339,388
1025909,348
1338479,4201
1290319,3758
1409429,416
1105783,311
1399041,1136
1185779,1160
1055011,1165
1080864,1171
1247741,1160
1041516,1193
1157213,1402
1168450,1528
1392666,1533
1024666,1276
1141823,76
1242035,81
1181156,87
1038064,92
1398988,86
1473452,80
1310422,96
1108032,98
1055296,60
1220126,51
1113589,111
1491605,101
1299696,100
1280568,86
1313893,92
1330955,78
1208004,93
1173016,87
1462080,69
1375355,52
1230094,127
1025866,111
1451107,119
1416531,85
1282054,90
1450921,78
1161156,91
1091126,106
1252445,87
1433536,80
1339034,1554
1142781,1305
1335631,1306
1134459,1330
1493457,3441
1174658,3413
1247295,1555
1256335,1674
1295935,4637
1232035,4411
1485405,149
1231774,210
1411004,222
1291762,347
1499681,218
1232710,93
1096139,119
1460120,117
1366542,117
1125681,82
1243692,135
1367348,76
1025160,95
1156586,52
1499625,98
1336867,38
1336320,49
1344543,36
1222669,51
1105933,310
1073276,283
1215795,309
1471342,257
1495234,280
1182328,252
1138810,314
1142707,312
1231327,309
1299213,288
1015842,57
1362249,61
1202195,329
1495580,266
1196447,65
1091996,87
1498511,58
1258236,52
1223314,588
1397885,555
1265343,608
1067951,560
1343456,634
1283754,558
1170441,674
1373829,696
1152698,613
1200354,543
1445388,87
1248715,89
1013539,85
1198405,68
1352697,65
1061216,62
1029414,69
1456131,62
1048715,53
1438492,48
1216741,192
1306218,187
1080375,198
1428386,199
1377936,209
1276173,216
1268572,228
1179178,260
1043271,276
1309384,223
1129929,596
1046382,572
1183543,578
1478269,542
1117518,608
1173083,586
1037186,688
1174472,747
1427657,755
1403435,690
1088835,301
1450335,432
1380455,448
1073789,429
1276695,412
1203994,369
1136726,472
1298827,439
1247598,441
1440729,393
1115349,103
1078995,111
1316171,113
1229599,108
1133642,99
1210879,101
1496663,116
1376737,109
1238615,100
1063947,96
1314432,243
1149171,264
1087492,259
1362637,238
1274851,498
1164898,416
1407146,410
1123371,329
1291337,258
1231383,233
1186826,232
1031599,323
1456388,293
1115977,277
1370192,296
1496330,276
1309382,314
1327692,249
1099768,273
1086319,188
1295236,252
1333324,297
1145620,297
1048752,263
1390781,343
1185214,240
1192395,309
1095976,319
1331958,318
1432224,270
1115994,273
1035138,436
1435247,429
1336877,390
1316005,403
1174524,402
1166020,495
1180767,466
1113149,448
1199960,393
1214772,245
1222650,269
1379128,268
1163871,246
1463945,394
1119237,377
1002773,434
1142372,284
1359413,331
1278587,264
1364919,1281
1267877,1097
1371429,933
1258322,1234
1177282,1191
1177106,1207
1301531,1286
1219857,1095
1280093,1151
1152242,1017
1394171,406
1110233,281
1028580,327
1163127,315
1313914,333
1109985,314
1452309,364
1264964,396
1044536,446
1311855,389
1202702,649
1468486,605
1431695,647
1112281,570
1166618,615
1335465,570
1444591,652
1062590,636
1088084,578
1246139,496
1244026,62
1202324,68
1482606,314
1149079,251
1283300,45
1318802,77
1276791,69
1063475,58
1199348,52
1056121,92
1148243,102
1271065,112
1121352,105
1195327,89
1310472,113
1012275,119
1013681,70
1057017,280
1081755,220
1329157,252
1016607,202
1097417,233
1273607,193
1030030,254
1102375,283
1014321,243
1460731,184
1209388,349
1079093,354
1009864,361
1232226,274
1212390,797
1015514,583
1026288,444
1342395,366
1317334,352
1499718,272
1144252,66
1266770,67
1345020,75
1498588,69
1081567,74
1136800,76
1404563,88
1048698,94
1379696,104
1494614,83
1044262,38
1318421,51
1051497,39
1181919,73
1155905,69
1494117,35
1409682,37
1278364,29
1390694,25
1370833,121
1443525,127
1428650,134
1447715,112
1224368,145
1160516,115
1224600,144
1379561,148
1221505,132
1025904,141
1417093,32
1258195,29
1090477,29
1424192,24
1112094,29
1355719,31
1179255,30
1248962,28
1283105,55
1103749,69
1108210,50
1032155,61
1192611,41
1282019,38
1200477,64
1409201,37
1385955,18
1369859,45
1355820,47
1010486,155
1279865,132
1497126,34
1492673,36
1468197,48
1067239,45
1194966,45
1359094,37
1267904,160
1066283,163
1064134,177
1257133,156
1223316,159
1395167,142
1353989,159
1422291,102
1298285,130
1236996,118
1001765,91
1080677,143
1197159,122
1382993,156
1079574,68
1418919,57
1483390,66
1298823,61
1173925,57
1476878,43
1233803,95
1431428,118
1329543,106
1162793,99
1387275,114
1323908,112
1322958,99
1268053,104
1305051,97
1350344,83
1374893,81
1035507,102
1176675,102
1295932,59
1201353,75
1013966,70
1063382,94
1375806,92
1072425,46
1183053,60
1166233,207
1150804,201
1459959,225
1028758,172
1470426,211
1045457,180
1107904,228
1330464,196
1191436,187
1041527,159
1309992,294
1083320,798
1144631,300
1229991,293
1141624,324
1266359,334
1257289,2394
1450042,1552
1408203,334
1366613,292
1326039,33
1414267,26
1351716,22
1101161,24
1343335,23
1415914,222
1066165,210
1084729,184
1332928,188
1307584,191
1122837,149
1101186,187
1472746,187
1481360,186
1097637,143
1178734,150
1385359,159
1313891,155
1372544,155
1095090,152
1103849,153
1231318,170
1342423,176
1489884,175
1050683,150
1093651,530
1009004,557
1447838,561
1339194,570
1027184,651
1366421,593
1395557,766
1382148,804
1066186,829
1437787,711
1273643,24
1138260,21
1250575,23
1391663,23
1409188,173
1249625,180
1431237,164
1236537,165
1266099,242
1409991,209
1026632,197
1221355,191
1247935,182
1277356,162
1307732,190
1185822,958
1123946,123
1045423,161
1030906,181
1207533,158
1187581,2050
1210149,1303
1239382,147
1175679,157
1112711,368
1374089,364
1118795,370
1140639,384
1083175,409
1492620,378
1175595,467
1381389,502
1252196,523
1125403,417
1119217,54
1277459,58
1453409,66
1242979,49
1175963,44
1429994,47
1072318,56
1023198,33
1173743,27
1407808,55
1007837,48
1439868,29
1035955,31
1294097,28
1419467,33
1059549,32
1003296,28
1050250,23
1164254,61
1329352,69
1318629,60
1497364,67
1372971,43
1382213,60
1168538,37
1007065,57
1436260,45
1131468,39
1065864,427
1373382,337
1204938,402
1497299,317
1369939,1304
1413077,1135
1329521,493
1014278,467
1322531,2394
1386627,1659
1021800,58
1122164,48
1023106,80
1437074,33
1377719,32
1025301,26
1046935,32
1452681,32
1493038,27
1098698,59
1309145,47
1468663,44
1069977,20
1408414,34
1345178,36
1460552,21
1059627,24
1452397,22
1426515,21
1295518,89
1387877,98
1361789,109
1064474,96
1124284,106
1417174,105
1386814,130
1301623,128
1427811,118
1026720,123
1251710,44
1234209,42
1004166,101
1438196,163
1484353,34
1429143,55
1111111,42
1118109,39
1292839,31
1422430,116
1328104,115
1320587,122
1428499,109
1140562,119
1280840,136
1137543,143
1313904,129
1255247,125
1311217,107
1232936,36
1043919,32
1342245,30
1214809,27
1233222,31
1274357,27
1033582,23
1290145,21
1105210,236
1079607,243
1229556,257
1358305,248
1495092,239
1075788,233
1462272,271
1487211,303
1278525,301
1072156,251
1261277,185
1411806,267
1078267,289
1378172,264
1386744,279
1130416,236
1404114,294
1455416,248
1445438,244
1185819,207
1004773,101
1251663,102
1336507,106
1131973,95
1143972,89
1119395,86
1336287,98
1096741,95
1414362,93
1064559,83
1099973,94
1409973,113
1406534,103
1378401,91
1491481,132
1085482,128
1110998,111
1352488,106
1287516,100
1021170,86
1498407,67
1280562,101
1201803,106
1079291,72
1179921,98
1182796,78
1096333,101
1339580,79
1030469,86
1222532,72
1248761,173
1223245,172
1328456,176
1264900,172
1064669,172
1329624,172
1388838,201
1041615,208
1345269,209
1188222,173
1392665,177
1123137,242
1250396,269
1422156,240
1254126,251
1194437,237
1348159,277
1016063,255
1465923,234
1419496,188
1269147,307
1170430,293
1320738,293
1326260,289
1374077,296
1199340,283
1368664,327
1179933,235
1150951,261
1388915,224
1137052,241
1230372,304
1173501,309
1018139,274
1469771,313
1110475,271
1151876,307
1473267,245
1388450,255
1375965,201
1363025,255
1008936,137
1245398,163
1084912,187
1012482,190
1175740,193
1110002,207
1480871,253
1364896,271
1229308,204
1053113,284
1196459,264
1417926,291
1071157,238
1137622,257
1343829,251
1247675,290
1210915,243
1106162,240
1132122,193
1152116,31
1139349,29
1403955,137
1128118,110
1066140,21
1313652,41
1233389,33
1200593,31
1233269,449
1346803,463
1469088,428
1188853,381
1435699,456
1398730,397
1422241,532
1214165,566
1003508,526
1154152,423
1314712,663
1114271,625
1418277,620
1297826,482
1268774,1175
1172613,1236
1149489,769
1389759,709
1378974,682
1213880,572
1115848,108
1225685,109
1075296,109
1329857,122
1068883,129
1296744,70
1394552,101
1081878,180
1037238,182
1049689,129
1217530,124
1112317,126
1451006,143
1322215,134
1227037,114
1388600,107
1133186,162
1122416,182
1275720,151
1362231,143
1010045,83
1438085,84
1179844,75
1304407,62
1461529,143
1412828,91
1371428,69
1218504,64
1383239,54
1074332,38
1042152,134
1489069,141
1199888,158
1010784,152
1338040,140
1077390,118
1186594,166
1076876,169
1408837,169
1310252,147
1497911,29
1436420,26
1095697,28
1318923,27
1318975,26
1069820,28
1413457,29
1129290,26
1184847,81
1055182,119
1085489,106
1442787,99
1359966,92
1001227,82
1246966,114
1456174,142
1274250,94
1082997,71
1213692,157
1128539,153
1126645,181
1439027,183
1169895,196
1142898,201
1041277,186
1390925,157
1368563,227
1123106,187
1352791,101
1365509,104
1299335,106
1155033,106
1441502,116
1080640,119
1131289,128
1416439,155
1167023,165
1115834,140
1085711,47
1078579,49
1222068,321
1381996,225
1384957,35
1463347,41
1211180,63
1004884,46
1292684,47
1181766,39
1378441,345
1039589,349
1484787,294
1307650,260
1393168,370
1147260,435
1160873,513
1390275,328
1490077,344
1426206,326
1161308,118
1202035,221
1063781,214
1255540,260
1189624,123
1011928,67
1416477,72
1213176,82
1466824,89
1318823,58
1186515,110
1241768,121
1281060,116
1106118,103
1397917,138
1230287,139
1058025,129
1004209,131
1035823,124
1373037,112
1308254,104
1007918,102
1437367,110
1148491,117
1461261,108
1084812,94
1239648,112
1320070,116
1046692,64
1320872,50
1112072,387
1426307,366
1233434,383
1204311,282
1270286,327
1241151,299
1106195,375
1362527,364
1373822,338
1088651,275
1371692,601
1170712,1881
1097376,620
1425470,456
1338306,639
1059092,546
1236134,3877
1420579,3694
1313750,459
1251701,418
1004232,39
1436746,36
1195929,34
1249534,34
1280255,27
1036895,29
1275145,26
1400554,28
1120021,474
1040633,488
1310818,504
1031907,457
1205122,460
1195293,422
1121684,513
1335302,586
1323910,536
1394931,472
1002479,189
1185698,250
1387808,225
1182612,215
1299452,196
1398759,232
1219014,257
1329042,241
1079212,173
1079402,262
1157925,61
1395999,59
1238279,59
1352454,65
1201572,73
1171633,80
1114558,85
1007921,103
1231837,113
1372533,93
1153580,71
1051401,75
1487987,73
1122589,74
1198363,87
1311137,71
1392561,96
1037381,96
1327930,88
1286218,82
1375145,1167
1354719,1141
1416624,1116
1162670,1110
1473999,1232
1415730,1231
1070101,1459
1149110,1589
1268657,1606
1125034,1385
1161652,28
1311386,27
1353828,28
1109541,27
1141616,26
1087687,26
1086947,32
1449835,30
1256323,28
1427597,26
1037754,314
1076695,285
1086034,301
1053303,247
1112214,510
1301567,407
1259161,344
1170392,320
1061037,299
1285893,266
1492646,208
1460894,1610
1322240,114
1007261,157
1287191,436
1277198,416
1285653,2865
1286918,2442
1325803,184
1041443,201
1232446,728
1381352,668
1168965,687
1300191,707
1391636,697
1475935,696
1413562,861
1129712,929
1181753,918
1094992,792
1208353,62
1166543,56
1059366,57
1039066,67
1460911,59
1436368,52
1006634,64
1226340,62
1402413,28
1187793,57
1076982,54
1478638,52
1470811,40
1027092,39
1413435,46
1311896,40
1026289,33
1163098,42
1092729,57
1161082,47
1465666,45
1398850,56
1319787,37
1304626,46
1292616,59
1344823,70
1189234,61
1253767,651
1487539,622
1238994,633
1195948,571
1220112,2280
1015880,2054
1228793,856
1042610,808
1028951,3351
1160784,2829
1397871,63
1442844,115
1069635,140
1358312,202
1015296,96
1379372,47
1302018,55
1194770,61
1233925,59
1345656,37
1219740,97
1364228,42
1307805,19
1494681,32
1494207,38
1253660,32
1410707,32
1055553,35
1126416,33
1328139,177
1349919,189
1456099,208
1167640,177
1183385,170
1403233,173
1332523,211
1299844,218
1481979,197
1334903,183
1004153,43
1195817,47
1445345,384
1173304,283
1073388,50
1085281,61
1173989,57
1124624,42
1049773,49
1390667,288
1102785,275
1071583,315
1469131,285
1393329,255
1168040,265
1375615,342
1491239,340
1336140,326
1208757,263
1196539,47
1340721,48
1107889,42
1161557,31
1448615,31
1217383,28
1482831,30
1387153,32
1198020,26
1021889,28
1022048,124
1281758,120
1190579,118
1300537,124
1109701,123
1260746,128
1393954,145
1421839,178
1278023,188
1451124,158
1219527,427
1430679,430
1080688,457
1009989,435
1058103,443
1109571,438
1192976,533
1112770,600
1458923,576
1098294,514
1319718,465
1428028,190
1160528,216
1293845,261
1390673,227
1469818,262
1209263,273
1058889,263
1218519,238
1416073,233
1062487,75
1410365,74
1005997,72
1462622,84
1425740,68
1090497,73
1067884,84
1072910,82
1011254,109
1169260,54
1319069,198
1046319,195
1255725,199
1038138,183
1459768,349
1499428,252
1146280,205
1328949,221
1253401,214
1160220,200
1050512,95
1213511,150
1237764,127
1461783,131
1019125,122
1276137,103
1358552,140
1121022,178
1479610,137
1062718,82
1119057,111
1062577,114
1072243,122
1138775,145
1094329,102
1280108,171
1158916,135
1148925,161
1273103,160
1326093,143
1037885,546
1204846,165
1362909,229
1025813,207
1257262,226
1338047,230
1411743,271
1371064,223
1470068,221
1101170,196
1462001,202
1281969,201
1120747,205
1119858,204
1464503,379
1454907,257
1112783,365
1153201,233
1033222,291
1317246,207
1279653,609
1259804,604
1330889,591
1456783,673
1451338,732
1455484,653
1463806,845
1293785,701
1092809,685
1255924,592
1238303,192
1273884,109
1321003,130
1421408,141
1323018,139
1291907,148
1191059,167
1226492,203
1109928,228
1359763,188
1020875,473
1479459,466
1126519,488
1243938,394
1011707,443
1055572,391
1202213,511
1112551,440
1318608,417
1171492,353
1346505,176
1399035,143
1410195,33
1428200,33
1450681,51
1230794,39
1111998,31
1458521,30
1089466,99
1013318,98
1266827,94
1356906,90
1015954,88
1277060,78
1167480,93
1218228,95
1410761,45
1060769,721
1261517,714
1429715,632
1008750,589
1275945,698
1227991,629
1432316,786
1153718,885
1092779,1259
1461917,727
1087803,1002
1140643,983
1257290,916
1451317,967
1424992,1951
1065017,2198
1195936,1093
1404821,1049
1384273,982
1218303,846
1300007,476
1169576,472
1483754,415
1248165,427
1113702,415
1455324,416
1313776,492
1077395,521
1140455,593
1139004,428
1397517,140
1160121,149
1111558,159
1466321,133
1138171,126
1014190,90
1038757,135
1263194,157
1473297,162
1196301,133
1364052,159
1038561,169
1061158,172
1170498,153
1334067,325
1354259,231
1045566,141
1137247,170
1325543,151
1362836,123
1220386,113
1106959,117
1152967,139
1280185,113
1165417,121
1270138,99
1207627,150
1058052,154
1180711,141
1093029,146
1267791,39
1310051,36
1407193,38
1197290,33
1261533,37
1453402,38
1406646,35
1016126,34
1097438,153
1016091,213
1311629,210
1004022,194
1298135,200
1078562,182
1254708,238
1494605,158
1370522,172
1079860,122
1220471,567
1485377,668
1403428,665
1230061,642
1402669,688
1231858,657
1351261,778
1274271,857
1377695,870
1207970,799
1183373,156
1345983,159
1070992,152
1329876,165
1471648,168
1035888,177
1349583,190
1063439,222
1408273,242
1201464,199
1477543,63
1390256,67
1178105,425
1443203,354
1394524,94
1278543,60
1474327,79
1348414,76
1390594,62
1309800,56
1392815,423
1115483,402
1148318,410
1205809,393
1497444,563
1095215,540
1056960,603
1251999,398
1188139,410
1134444,357
1124612,148
1463839,269
1405337,264
1045963,253
1404679,163
1487809,95
1008500,125
1346088,156
1309473,139
1440765,99
1351627,174
1441768,158
1370126,176
1292794,176
1308071,200
1470794,195
1164141,179
1170897,193
1077235,178
1205460,161
1256077,119
1135420,115
1425475,109
1104883,121
1070616,116
1119638,99
1287436,119
1390833,123
1130338,77
1221218,58
1013813,560
1210130,553
1113889,541
1131919,428
1347100,529
1203738,425
1216417,595
1075536,569
1248608,505
1231823,405
1284997,734
1392430,2467
1250311,695
1343332,869
1158805,787
1302808,694
1315927,4294
1390178,4347
1319088,733
1400730,584
1049345,72
1173186,56
1310002,61
1401748,47
1127622,41
1352703,39
1196939,44
1062100,41
1464385,40
1261795,35
1441938,705
1202667,655
1144183,633
1279884,580
1067326,620
1174713,569
1039677,698
1070775,782
1090686,750
1351993,670
1486124,544
1177585,582
1119464,573
1181642,546
1235863,619
1169391,607
1405637,686
1413868,745
1162780,695
1006063,678
1218918,126
1221805,133
1351968,131
1276334,140
1176666,152
1490962,152
1209534,168
1429093,199
1207337,209
1237384,167
1149222,126
1117923,127
1166830,130
1120717,163
1499239,114
1102466,129
1197506,164
1298538,178
1134036,210
1061156,122
1306954,1803
1342909,1662
1244760,1633
1431361,1701
1276681,1853
1148958,1773
1184174,2003
1323560,2134
1066229,2195
1025558,1941
1272226,46
1345224,45
1180576,45
1400678,42
1494631,43
1041253,40
1085653,48
1036898,47
1255825,40
1166811,35
1312936,333
1313089,289
1109924,318
1335860,272
1287145,663
1176669,554
1458693,413
1129849,407
1491799,388
1051349,323
1443980,244
1213478,1986
1488938,140
1236270,217
1448872,312
1152021,272
1233583,3530
1254865,2938
1446649,259
1123458,240
1413179,1022
1064720,856
1333985,909
1485965,891
1045179,896
1034980,918
1055582,1040
1444798,1135
1059223,1165
1047097,1011
1328392,99
1249257,96
1345965,118
1189952,124
1030558,112
1379280,105
1257501,137
1054115,143
1454949,53
1395932,49
1346914,90
1478318,92
1075796,95
1383931,68
1285934,70
1215738,68
1060380,89
1378187,86
1095715,63
1297712,49
1037218,106
1125921,111
1226436,93
1132112,88
1034182,79
1282516,68
1456846,83
1439256,100
1303607,105
1471480,79
1309280,851
1316821,860
1068449,911
1244417,956
1460277,3124
1141964,3312
1341807,1177
1374690,1213
1116327,4060
1395446,3558
1318251,132
1464601,246
1227075,223
1429094,315
1433405,158
1318005,94
1092639,131
1499150,138
1076176,120
1272010,84
1321757,197
1330209,117
1099026,129
1493281,58
1164689,68
1498076,72
1319999,67
1448350,71
1421711,53
1038221,50
1297481,246
1342441,267
1065384,296
1457965,248
1047619,253
1116321,220
1199733,260
1253782,257
1164408,262
1045723,242
1408514,62
1248845,70
1361418,457
1266589,376
1289418,55
1306674,58
1282683,77
1007581,72
1007038,64
1191930,49
1289632,298
1265199,297
1394596,301
1399350,275
1090499,351
1207469,299
1337311,365
1478789,344
1191669,310
1316515,265
1074816,111
1450974,104
1316042,104
1179169,91
1271167,84
1001293,70
1274820,85
1498345,72
1461834,53
1076787,154
1099423,148
1253791,152
1405583,167
1128016,174
1148287,170
1336749,191
1121493,212
1300038,239
1469353,182
1379869,509
1364543,461
1209429,479
1336922,464
1184984,498
1033802,467
1102254,539
1069100,616
1251110,615
1422931,535
1396463,353
1384942,444
1267286,460
1080373,519
1453390,381
1460261,412
1118334,497
1216971,469
1314150,464
1062635,377
1197947,153
1429990,151
1328020,146
1000304,142
1413854,141
1058705,141
1059717,164
1120318,168
1195881,151
1133957,141
1333350,255
1395760,266
1141879,281
1106071,241
1424549,371
1188351,289
1404749,240
1402018,278
1408756,260
1184746,246
1247919,248
1348282,311
1425154,298
1005220,284
1368923,286
1238630,259
1272350,307
1184813,232
1243023,262
1415987,186
1134877,203
1116838,212
1242837,220
1461295,293
1304951,176
1231273,210
1259733,258
1431813,251
1244857,240
1120215,213
1089252,304
1169044,488
1488310,480
1311865,442
1130736,425
1253835,401
1198939,519
1141237,495
1220100,460
1251272,420
1389126,266
1028984,249
1210725,259
1439307,247
1276761,363
1038564,387
1487161,426
1204026,303
1058780,333
1198260,262
1409283,1014
1369586,918
1208466,846
1105224,1041
1160660,973
1070798,944
1436213,1086
1262471,939
1040294,938
1148180,805
1174904,468
1310941,260
1072061,317
1096891,321
1050753,338
1372237,330
1480355,361
1464692,391
1205643,433
1255449,359
1343936,620
1024894,606
1225695,615
1327670,545
1136102,577
1029371,563
1108374,650
1313682,620
1446388,578
1061253,481
1256773,68
1156707,67
1225914,351
1188906,260
1175099,52
1213251,47
1318948,75
1140044,70
1453448,60
1482127,48
1492186,124
1451729,144
1175655,148
1232270,165
1386092,153
1146127,181
1007031,176
1252790,84
1208015,72
1460898,285
1472216,269
1497186,291
1281556,239
1319241,290
1211603,265
1200918,323
1489205,325
1345123,302
1436473,223
1412634,260
1004840,271
1370737,277
1148097,217
1230329,414
1264189,389
1471564,300
1207436,292
1117271,285
1456785,210
1034638,104
1321713,154
1229492,83
1017228,96
1347864,140
1358884,140
1157643,182
1014275,188
1273605,130
1492568,158
1429233,68
1373773,53
1103191,55
1184979,56
1261848,53
1460475,46
1171496,90
1341287,75
1149009,75
1075015,83
1363384,44
1207153,49
1311230,27
1445660,59
1388607,42
1339201,29
1255252,25
1093143,26
1239147,25
1428924,71
1232381,87
1448200,87
1347708,81
1362845,73
1125996,101
1015315,97
1100625,100
1102718,91
1366224,23
1442450,22
1070689,20
1459302,21
1214871,20
1103295,55
1402841,78
1453915,70
1204065,66
1429149,67
1256007,87
1288466,56
1212811,53
1244220,37
1230918,189
1146830,122
1283364,185
1366050,155
1202304,195
1374456,181
1284388,202
1298741,231
1361024,248
1085139,164
1115757,61
1164611,54
1071986,58
1062774,62
1465544,60
1156252,69
1338188,81
1475777,93
1363760,72
1298841,28
1331898,158
1339825,127
1078026,19
1110323,45
1164425,32
1154567,111
1384956,91
1409353,85
1010862,78
1183882,166
1438307,150
1149805,172
1038249,88
1288149,100
1217865,93
1170575,49
1459362,88
1350029,95
1467669,122
1014675,76
1280197,40
1220931,47
1336050,62
1299433,59
1024888,39
1306844,54
1365486,55
1177550,52
1131156,47
1343038,135
1420346,112
1147021,80
1476298,74
1342290,57
1122492,37
1369700,36
1020027,36
1206446,44
1306114,44
1125550,44
1348293,44
1188771,41
1482727,212
1057243,215
1126452,209
1342786,160
1384345,185
1479026,168
1400837,211
1386993,168
1024697,174
1117768,154
1433636,287
1271523,707
1413066,212
1052429,255
1080624,296
1433782,285
1429517,1712
1211453,1572
1148474,258
1403075,245
1326194,21
1179865,16
1298419,17
1455874,17
1177955,16
1071207,16
1288752,364
1167747,295
1467746,303
1122163,251
1200111,286
1282157,256
1072327,307
1358293,322
1179258,320
1433034,251
1242400,198
1183728,125
1480985,150
1309302,174
1129620,216
1140646,188
1364451,229
1404202,218
1196684,248
1134530,189
1287497,60
1105062,61
1395783,57
1105017,62
1148887,59
1209537,60
1261074,60
1165109,75
1008951,83
1025002,67
1021362,33
1248311,34
1127567,32
1294035,40
1005287,41
1408576,36
1476703,41
1138460,42
1455947,40
1499341,45
1257724,514
1138065,534
1331635,547
1089050,511
1209677,575
1178390,529
1232486,668
1165663,719
1115081,701
1294491,607
1172071,16
1065500,15
1395805,17
1335487,17
1483824,16
1417531,17
1078215,121
1196339,117
1325211,122
1196940,109
1222681,250
1075794,225
1054169,164
1285808,149
1207618,133
1336847,128
1481561,91
1430507,810
1273196,16
1402786,68
1313810,85
1422861,67
1182953,1374
1431576,1197
1336624,97
1358256,93
1466648,326
1217089,323
1275462,329
1461365,304
1159522,338
1442492,317
1426884,388
1223006,419
1257596,433
1313402,342
1076417,30
1113562,33
1306781,34
1437817,28
1095654,27
1037188,27
1193062,20
1116791,30
1078593,28
1301677,29
1431143,27
1335729,21
1273431,17
1291651,14
1046453,26
1270301,28
1321242,22
1027253,22
1013732,19
1024533,25
1027745,25
1401756,341
1200397,330
1336135,332
1127302,248
1086163,1056
1158899,812
1418131,382
1011342,392
1383378,1631
1329788,1228
1413355,31
1453914,67
1165320,88
1057838,115
1302966,62
1035293,35
1021717,28
1428648,43
1437108,52
1166881,32
1390263,51
1221841,31
1393273,29
1408322,15
1414454,20
1214045,26
1039828,25
1179927,80
1254793,80
1351626,83
1361626,97
1474171,85
1020749,81
1283888,114
1218770,120
1493085,108
1104390,106
1392730,25
1124619,25
1027577,82
1215288,79
1011785,24
1010577,22
1204806,27
1174460,161
1013394,152
1263967,159
1498604,140
1124137,147
1040051,126
1291601,155
1095188,148
1073321,134
1205283,133
1248898,30
1442657,32
1016320,29
1350450,23
1050645,21
1295212,24
1120237,22
1448221,19
1041643,55
1241401,58
1286172,51
1348808,51
1200960,50
1069495,53
1375220,58
1280709,69
1363658,70
1192217,63
1254129,216
1298211,196
1226852,183
1080756,178
1357125,178
1037900,157
1018982,190
1206804,224
1434708,240
1350481,189
1356462,86
1206990,103
1374639,117
1248955,123
1488819,105
1314173,116
1422028,139
1474301,111
1421735,107
1329364,133
1297374,73
1205205,73
1267715,77
1096759,64
1371599,65
1196904,67
1275453,75
1205146,70
1195095,59
1157236,54
1200113,57
1405527,52
1412772,53
1191506,49
1286282,158
1393333,126
1456278,90
1199618,85
1209903,76
1166888,68
1417296,59
1233935,69
1447608,70
1070930,67
1347324,64
1421863,57
1423458,76
1314357,53
1472011,58
1202692,36
1204108,58
1320421,61
1157131,59
1493504,71
1027269,55
1071193,57
1153084,75
1154191,75
1319139,72
1223887,68
1113523,114
1198977,133
1114413,132
1388713,119
1394714,120
1159948,128
1323802,174
1194854,143
1470372,133
1048695,139
1225474,80
1287737,73
1239768,62
1289902,58
1113656,114
1369685,124
1266061,142
1011495,70
1298947,83
1293685,82
1045465,367
1081681,350
1421624,374
1451474,347
1163083,442
1083920,395
1031606,461
1133029,347
1003561,367
1290934,287
1020564,162
1178892,69
1119268,69
1493433,79
1264710,81
1318684,81
1289831,98
1387575,117
1364643,126
1254679,110
1326548,224
1258579,208
1429577,216
1057122,175
1132453,199
1452892,191
1430832,231
1481540,184
1405175,181
1261253,143
1198643,19
1371814,19
1211409,70
1108597,91
1397712,16
1087010,17
1187741,17
1488904,25
1051180,30
1447326,28
1312294,31
1037296,35
1066036,31
1274650,29
1360248,30
1313926,24
1376399,18
1197966,243
1108691,243
1407227,244
1156240,212
1359242,235
1101112,205
1396786,267
1214504,273
1305039,258
1066722,205
1010949,236
1257911,265
1155840,268
1005910,220
1268420,416
1499109,357
1022495,297
1050999,238
1481138,257
1388481,204
1412015,93
1176447,55
1253823,105
1494779,101
1036773,109
1208909,122
1248167,159
1392970,144
1444295,92
1057981,78
1297433,79
1064848,84
1323764,66
1020465,59
1332048,58
1089745,102
1310777,89
1455214,85
1189682,73
1097913,24
1218649,33
1138627,19
1483004,22
1465355,13
1095932,113
1086204,112
1347932,134
1323389,122
1360373,118
1369485,118
1156482,139
1473466,138
1107803,137
1361421,122
1124678,15
1075990,15
1400926,41
1383499,72
1126038,62
1286555,49
1375120,57
1159696,45
1088236,49
1217593,48
1136291,49
1317437,22
1461229,130
1183783,146
1343779,127
1335558,145
1221537,150
1081323,102
1389983,161
1261113,182
1387450,153
1338940,159
1067321,18
1051361,86
1030392,91
1155915,22
1229449,18
1132160,33
1152412,21
1489262,21
1116102,23
1086847,21
1348070,29
1241177,34
1413177,41
1180550,22
1366766,27
1198791,38
1327818,35
1331264,50
1204089,37
1053998,19
1077837,25
1329598,27
1246576,37
1485914,63
1299729,69
1460115,78
1299132,75
1137246,98
1251637,90
1221233,105
1151884,89
1187774,89
1156979,66
1204525,22
1347649,14
1493813,17
1140478,17
1482717,18
1166964,315
1246650,326
1436167,353
1354222,229
1135520,269
1087917,223
1025372,302
1105223,279
1119382,236
1412980,200
1264395,214
1199994,665
1264068,147
1102366,190
1411928,216
1302832,208
1430125,1846
1179547,1382
1432135,208
1423780,191
1271169,14
1177475,14
1284113,177
1182008,169
1065218,163
1405233,160
1275037,151
1474230,139
1215183,163
1435232,185
1143903,161
1358874,132
1014564,192
1206185,190
1392612,209
1309171,167
1126294,188
1339737,182
1337158,207
1429763,226
1092832,258
1066511,170
1344086,19
1210234,28
1080240,25
1156847,23
1028232,139
1262649,130
1453211,128
1262599,141
1495848,123
1342607,165
1358429,205
1475006,210
1009709,173
1492097,15
1006833,123
1406361,121
1308035,123
1018667,116
1360589,132
1387284,108
1037113,138
1216798,131
1413073,119
1418176,96
1472931,75
1484697,722
1160231,50
1104329,47
1176781,74
1399279,69
1016676,1303
1212768,1027
1401817,83
1076968,72
1127204,137
1454285,153
1230213,140
1216199,124
1338024,136
1316220,125
1261077,155
1499021,172
1384202,174
1327954,130
1221607,22
1289506,18
1421492,13
1075950,18
1085945,15
1298007,21
1431853,22
1164599,16
1484727,17
1251893,25
1149765,206
1225876,191
1415546,224
1078113,145
1490342,695
1143538,658
1342267,267
1442839,223
1137292,1339
1394848,810
1192413,29
1089505,30
1053247,31
1427058,41
1399010,28
1022717,25
1281547,27
1368785,17
1424511,30
1294222,16
1454421,138
1483482,122
1006934,155
1337295,144
1331277,140
1444811,115
1103642,180
1182198,167
1497051,153
1488795,149
1174921,17
1234400,18
1394502,97
1200823,82
1275837,21
1041452,36
1479766,148
1387983,169
1159217,187
1320682,163
1085106,174
1233601,151
1131145,193
1258777,175
1159193,183
1010363,148
1363486,20
1425117,22
1325405,19
1391577,15
1133753,16
1111154,15
1197779,12
1365246,14
1212707,124
1313597,120
1412241,134
1337684,70
1280026,81
1323007,90
1255751,75
1354177,68
1078929,70
1019057,99
1450808,86
1298458,78
1364650,66
1409575,25
1125328,22
1216882,18
1345389,69
1388295,72
1209508,79
1476668,78
1413395,111
1225315,91
1035195,104
1313839,97
1230384,88
1056205,71
1082698,57
1308392,68
1199853,82
1022140,69
1352470,81
1189345,53
1490265,62
1348230,39
1181616,24
1197754,25
1341473,27
1183839,30
1412036,31
1294587,40
1207154,34
1319547,173
1190103,202
1240755,222
1336172,161
1271870,173
1407766,175
1309964,229
1170529,194
1273445,173
1101540,154
1497398,28
1439873,27
1109486,23
1253988,35
1295721,36
1126045,47
1300636,32
1384325,35
1401376,31
1132739,172
1010460,171
1195857,185
1247979,164
1035595,183
1069260,174
1094702,210
1240856,165
1007680,172
1426661,126
1256382,22
1108013,24
1259378,23
1053053,30
1057181,39
1287446,31
1456020,240
1204510,233
1420426,239
1467938,192
1466987,212
1260987,200
1136679,257
1334365,196
1424034,180
1080646,148
1175393,21
1120564,22
1002584,97
1369039,54
1337552,21
1165405,17
1492488,28
1312853,28
1136587,26
1301621,23
1160572,20
1110622,21
1106150,292
1049172,255
1114784,295
1167505,233
1361792,270
1152503,202
1227862,275
1105779,282
1376356,261
1402031,204
1096623,108
1239656,126
1405703,139
1191021,108
1092472,546
1458592,401
1294843,220
1308629,244
1495955,130
1061848,119
1190084,126
1341158,121
1462124,129
1360840,117
1181465,151
1057569,124
1057633,161
1075114,171
1055398,143
1333295,139
1297074,24
1379038,22
1322503,49
1448129,36
1350207,23
1123031,20
1232610,128
1201589,128
1151450,140
1281317,128
1477767,117
1405278,124
1491066,157
1163517,162
1474008,150
1233979,129
1408360,15
1441467,23
1039188,39
1059972,49
1090412,30
1439582,32
1049512,37
1278377,27
1048840,28
1294224,10
1443887,22
1443342,49
1495749,80
1312759,33
1310930,31
1312840,24
1088172,50
1179491,53
1439950,56
1068923,81
1004841,29
1103936,28
1424143,34
1302670,34
1003271,30
1042443,24
1282737,127
1024017,116
1400061,112
1488713,97
1169855,122
1358064,105
1331832,118
1158324,105
1423816,95
1404581,77
1441739,194
1265839,197
1216683,206
1335875,160
1160156,178
1149327,171
1079856,228
1166586,187
1177025,164
1157387,149
1208736,257
1264561,710
1073671,206
1209675,223
1275754,302
1367936,248
1446165,2091
1234429,1688
1124690,255
1084106,230
1052283,12
1336838,184
1217775,152
1438573,156
1072145,149
1449639,140
1383383,107
1064086,140
1183107,139
1111109,138
1049747,116
1118719,25
1198172,23
1191230,25
1209839,26
1130885,23
1245977,88
1352817,99
1245183,94
1490092,104
1278462,117
1090267,112
1231613,148
1164334,175
1300150,194
1231259,156
1353044,119
1364881,109
1070795,111
1334338,102
1270230,131
1377631,98
1080033,110
1415642,117
1014478,108
1469693,88
1161439,111
1168002,727
1441244,114
1273528,97
1010262,97
1464628,92
1054992,1381
1424027,1252
1181485,124
1387632,103
1165288,134
1113019,118
1116213,132
1044947,136
1402049,139
1073679,128
1088866,147
1194180,152
1474476,171
1049402,140
1150785,28
1430351,18
1154657,17
1294881,17
1482963,26
1320236,26
1401300,21
1402219,21
1085905,31
1074853,24
1002726,23
1159511,284
1187456,276
1042038,295
1123472,232
1493200,862
1302806,798
1407912,318
1446984,312
1183152,1468
1204185,1062
1108978,60
1199511,70
1083409,28
1118263,27
1218876,30
1167285,28
1252700,26
1445581,22
1127512,25
1085656,20
1321845,129
1455472,122
1027884,138
1394720,126
1074634,134
1308475,129
1139202,160
1049629,160
1495048,139
1255867,141
1063225,18
1274489,92
1155113,109
1012556,16
1136132,32
1057620,19
1367681,24
1127237,123
1123531,126
1087129,140
1337331,117
1255536,143
1025123,153
1492236,161
1168750,153
1186584,139
1456847,123
1075416,29
1372842,30
1240169,26
1014713,24
1345243,21
1227735,26
1088888,25
1333761,20
1158242,18
1081099,59
1242607,59
1495219,52
1401482,77
1318810,61
1400541,47
1024895,83
1046431,89
1068378,101
1431933,73
1271591,278
1421944,335
1184062,411
1057805,327
1076888,317
1181549,318
1211353,402
1201369,356
1041442,313
1080016,295
1194305,108
1215404,91
1373267,93
1317965,79
1102462,125
1228578,109
1450338,114
1140085,107
1353087,97
1399873,76
1199864,53
1427938,64
1040108,47
1232520,54
1140444,64
1491788,62
1017798,40
1078602,43
1432281,30
1474925,28
1487930,29
1062946,34
1250578,22
1251241,31
1054675,38
1430035,38
1320248,250
1384763,309
1373622,356
1226738,268
1329412,261
1475103,291
1222607,334
1202378,291
1191895,252
1446321,254
1116078,21
1438279,25
1260468,27
1307543,38
1412237,36
1008257,34
1287575,33
1187973,132
1432844,108
1041119,130
1308270,107
1365491,129
1355275,93
1152106,97
1099823,74
1054861,173
1000718,185
1184753,202
1086068,142
1128378,153
1195583,164
1497882,198
1104126,162
1317079,146
1282758,138
1155200,93
1324217,67
1473072,21
1343671,30
1026843,28
1125834,440
1189808,329
1441262,351
1055391,316
1296574,393
1448485,284
1075573,400
1349629,401
1024221,398
1209177,316
1043846,175
1187193,167
1401517,215
1451717,113
1137204,630
1394137,521
1293060,397
1084654,196
1235655,168
1198297,123
1356764,113
1146613,108
1337790,119
1005714,112
1047886,123
1490612,118
1248990,147
1106562,139
1197378,130
1296853,129
1402753,31
1425375,43
1028038,29
1345814,91
1498239,80
1440240,29
1313487,27
1172976,25
1173479,22
1108099,95
1140422,98
1476136,107
1183601,94
1392652,118
1281225,107
1076397,130
1455589,152
1427470,125
1378157,119
1249463,14
1159521,14
1007336,20
1492890,60
1416727,47
1274743,35
1060770,57
1304904,37
1420681,44
1046677,43
1331432,24
1392564,15
1007301,26
1087412,21
1070032,148
1307443,85
1141999,28
1409598,26
1279045,18
1423195,19
1488981,25
1133119,23
1452440,61
1132502,107
1407149,143
1282673,187
1268753,71
1284746,48
1005070,58
1019974,53
1309173,44
1480639,35
1446457,71
1362996,72
1090500,81
1304163,77
1078416,113
1059592,86
1162316,93
1158244,93
1366358,85
1314753,70
1286080,26
1335910,26
1006041,37
1249283,30
1461362,23
1015427,17
1358416,21
1020212,16
1248147,18
1378174,267
1215064,266
1442250,273
1075519,231
1182344,222
1160732,212
1334546,281
1166553,228
1450602,213
1267841,168
1253078,281
1102244,797
1189123,327
1003545,256
1304674,324
1428307,311
1142838,2426
1350187,1941
1074022,267
1431871,245
1437490,22
1466259,16
1253695,15
1286044,15
1283002,235
1382675,197
1272292,216
1480386,191
1365169,187
1384166,162
1497042,193
1363181,229
1294124,190
1009747,148
1283339,50
1267181,47
1332082,44
1315779,44
1265919,42
1130549,61
1468217,53
1117415,50
1177808,45
1020966,168
1210680,172
1007010,188
1426974,194
1167015,216
1208134,199
1088146,273
1384893,306
1295493,330
1237768,243
1025533,13
1473799,13
1178769,80
1386312,103
1129935,92
1441314,88
1154339,111
1308805,96
1094696,104
1268433,99
1357317,94
1068361,82
1281581,156
1112950,421
1394268,131
1356848,97
1115980,104
1215913,101
1260394,1494
1236784,1388
1131319,102
1207117,108
1470747,207
1410454,198
1329627,208
1053569,203
1098179,220
1489281,198
1230739,246
1117763,269
1016076,295
1020937,223
1018712,31
1045845,30
1329309,29
1161877,25
1226026,20
1492109,17
1040086,30
1412950,22
1340735,22
1233208,15
1151954,47
1288009,47
1273694,19
1488686,22
1193844,21
1257412,17
1015655,26
1316041,65
1296576,65
1400039,30
1194635,19
1313348,26
1119000,30
1027462,30
1371466,30
1134961,26
1485722,321
1143142,302
1272200,359
1387344,279
1138217,1301
1325439,1076
1072277,381
1314839,359
1443394,1880
1371303,1459
1110848,57
1205741,79
1442808,73
1323796,92
1032128,58
1467255,31
1132370,39
1087561,38
1123735,33
1319373,22
1494589,29
1395269,16
1319608,18
1414354,12
1120550,21
1168667,18
1039323,16
1174079,14
1138894,111
1332326,100
1443795,108
1269616,99
1432258,123
1147987,104
1295928,130
1287051,127
1158914,124
1361913,135
1136100,80
1395576,86
1125717,22
1185462,27
1494897,64
1135110,121
1269099,138
1313849,139
1120599,114
1180650,135
1092730,144
1411549,138
1202252,138
1323841,137
1102250,121
1340912,30
1150418,28
1225337,28
1168528,24
1043153,22
1456419,20
1243421,18
1010145,13
1018571,66
1069802,81
1401957,66
1404213,64
1316048,70
1158712,59
1479461,72
1208718,100
1185405,99
1198952,80
1474845,371
1157526,531
1148769,587
1070034,413
1140349,420
1137134,360
1410300,556
1101704,537
1294776,364
1027926,323
1420629,17
1104909,15
1287283,88
1261591,113
1478055,104
1275336,91
1492006,126
1373733,115
1133943,114
1134075,109
1252216,100
1365824,86
1422465,105
1066872,109
1335313,117
1474073,122
1164921,102
1348022,96
1253188,108
1018552,89
1346530,116
1339297,80
1220358,47
1301699,46
1406291,43
1467067,43
1025513,41
1312658,44
1465977,56
1276636,57
1322947,53
1443723,53
1088449,286
1038747,410
1074323,459
1425596,295
1365619,321
1343273,313
1162807,476
1212269,415
1132139,328
1132973,279
1318675,25
1121665,28
1157481,34
1127473,43
1171397,35
1057180,33
1147842,32
1152981,242
1355233,246
1151463,261
1002763,202
1354095,255
1392836,213
1283010,278
1394082,193
1094935,206
1151706,138
1200731,61
1141438,26
1399751,45
1108673,40
1273336,33
1238435,32
1295267,42
1459297,51
1018011,55
1159162,42
1278056,120
1023979,115
1226314,137
1071038,94
1373670,102
1056884,101
1362578,133
1094443,100
1389248,90
1243448,85
1413481,24
1360278,17
1378063,57
1166004,63
1418240,10
1484087,26
1040229,18
1300041,17
1316313,373
1308796,379
1139258,367
1493273,319
1296204,388
1184448,322
1102185,420
1015283,456
1335904,437
1132706,355
1247498,539
1111828,533
1050509,539
1225960,502
1127936,1595
1066415,1219
1358786,647
1090286,595
1161679,573
1432350,457
1374582,215
1185511,212
1386250,207
1008427,212
1172238,210
1019043,209
1103612,249
1393402,195
1232866,278
1021932,231
1295018,68
1114607,70
1359954,92
1019313,72
1059851,85
1476929,59
1410152,90
1220929,93
1319121,104
1236073,97
1309919,43
1274531,51
1327243,42
1077904,37
1296259,95
1244754,54
1455282,42
1496731,41
1197177,34
1324344,120
1280829,141
1343500,137
1132022,104
1259861,126
1231386,115
1372949,140
1095880,150
1321490,140
1015489,141
1080169,29
1397944,24
1198786,26
1264775,22
1384255,25
1421779,25
1185691,26
1434682,71
1354008,97
1408531,91
1466423,93
1356737,93
1189941,83
1088646,98
1392976,65
1303529,71
1280402,270
1233708,227
1482059,333
1493098,268
1347717,278
1408089,284
1444918,334
1433357,379
1339315,408
1384499,367
1121169,88
1441170,91
1084363,81
1283429,96
1279398,106
1259805,103
1083814,111
1489761,135
1207479,138
1100808,114
1078039,57
1409480,64
1375526,307
1475219,235
1065416,40
1133414,33
1203590,58
1454122,41
1300661,36
1307899,36
1051496,201
1029671,215
1319750,217
1130635,193
1281671,287
1116333,268
1312450,295
1001732,182
1452847,226
1341886,181
1224175,70
1223150,157
1060365,135
1055160,160
1435103,84
1159771,49
1388818,64
1058809,62
1343550,73
1039843,42
1092200,95
1495200,97
1046120,97
1001638,95
1192455,125
1405377,136
1041927,119
1189301,126
1340940,107
1461400,94
1326313,216
1276735,61
1163652,90
1417376,82
1122299,78
1008743,70
1032920,84
1138081,86
1318665,46
1372995,51
1143198,293
1044391,311
1106036,302
1312310,242
1259739,281
1144461,227
1309137,319
1237369,258
1302878,263
1082810,218
1483907,387
1367832,1422
1070518,345
1392636,341
1023524,436
1462648,375
1229441,3342
1423953,2904
1114245,323
1306638,330
1308439,34
1295096,25
1439811,22
1306205,23
1299332,19
1352223,23
1479831,22
1339805,414
1243256,362
1138267,373
1335166,318
1250508,369
1475951,344
1342720,414
1306068,458
1398609,440
1356536,377
1273131,243
1427047,231
1228987,254
1117910,252
1325084,246
1146767,257
1199571,306
1266900,377
1164756,364
1180117,304
1233241,65
1054223,67
1289081,61
1250107,71
1280555,73
1292298,80
1083856,81
1361332,105
1299828,105
1195665,82
1164822,98
1420293,102
1341606,109
1037322,113
1345040,110
1114649,99
1136853,130
1494238,124
1405723,125
1470269,93
1264350,1223
1169852,1204
1392031,1253
1140763,1271
1359423,1368
1145373,1372
1381586,1632
1486989,1678
1061075,1573
1018684,1472
1415482,24
1122374,24
1092204,25
1388240,26
1204116,24
1055426,23
1481106,25
1086401,25
1045123,26
1319982,186
1206301,184
1476808,195
1074527,191
1297918,293
1116946,255
1326550,214
1354092,213
1175470,197
1352189,174
1233536,165
1441005,1314
1380607,115
1247012,153
1458093,191
1126592,160
1025339,2739
1024722,1768
1216193,214
1011181,164
1121765,658
1154015,606
1193249,749
1025216,693
1487129,746
1132636,755
1011414,907
1368489,1018
1369233,997
1458746,826
1381318,46
1179843,65
1019442,64
1247604,35
1331326,35
1201206,38
1186649,37
1158671,34
1226279,26
1353248,28
1407293,41
1281098,40
1078058,26
1394187,26
1348427,34
1186575,34
1363247,30
1297230,707
1167634,664
1053043,650
1423915,617
1055545,2156
1114758,1904
1318987,874
1397343,794
1370186,3066
1472161,2527
1276697,38
1336467,73
1203758,81
1172892,120
1037310,128
1251864,20
1045336,31
1186000,48
1070140,48
1434891,30
1392770,73
1444603,57
1067990,59
1293324,19
1358355,40
1216349,37
1274362,35
1029262,30
1318994,161
1363865,142
1033638,165
1101622,145
1191317,160
1404911,155
1131961,172
1243385,173
1060454,171
1343387,172
1121979,42
1403567,284
1487459,257
1017917,44
1062761,27
1468345,48
1393161,36
1059386,39
1499860,34
1396041,172
1283359,170
1118053,180
1017722,191
1312573,184
1430516,179
1314619,216
1140198,193
1454863,184
1388620,153
1346863,55
1201289,52
1183310,45
1364257,34
1143199,43
1278126,37
1458264,29
1380871,27
1273251,85
1431518,74
1230572,78
1062492,83
1497120,90
1030045,95
1261209,114
1132637,118
1188748,90
1458080,298
1453206,303
1199568,306
1248799,277
1039738,299
1201156,286
1474243,321
1017840,370
1048357,374
1398873,325
1036027,136
1083550,155
1250165,196
1290283,191
1051440,159
1228552,191
1487438,251
1427474,172
1158915,207
1059423,161
1395026,138
1078445,124
1296395,127
1419507,107
1136027,95
1219400,108
1327846,140
1203267,150
1346275,118
1189866,98
1313319,111
1146335,103
1359932,115
1070174,97
1267950,156
1426151,177
1132474,134
1151371,151
1332269,140
1274328,124
1198368,54
1194111,91
1278568,84
1413620,85
1226250,91
1151079,86
1196663,123
1124985,98
1265526,81
1171114,57
1180389,188
1377809,182
1419087,174
1497642,169
1427519,173
1419847,156
1429378,199
1366456,255
1051466,216
1437244,174
1369746,119
1191177,181
1359579,210
1008422,205
1361514,240
1083765,171
1208100,242
1103916,204
1268975,211
1386877,181
1023579,154
1311954,153
1488452,151
1274486,151
1473937,218
1191349,215
1227321,252
1197558,166
1230982,211
1173627,182
1259982,522
1060557,544
1365049,547
1386676,548
1021036,587
1391925,541
1333552,684
1303490,547
1410175,533
1053503,414
1163661,326
1248345,199
1027074,210
1105101,217
1428483,234
1305049,247
1252301,277
1392558,318
1321571,346
1226420,287
1088812,376
1142629,368
1320284,360
1178821,324
1470043,339
1120815,318
1484461,417
1284339,361
1162814,334
1003890,289
1016178,58
1453325,50
1411725,210
1168060,222
1303062,26
1061634,35
1062614,51
1060096,47
1289801,33
1265042,35
1155844,66
1467304,62
1344265,61
1229723,65
1045622,60
1189950,50
1262458,65
1449096,66
1172065,35
1044476,32
1144948,257
1105663,241
1292184,256
1409156,199
1219848,261
1446882,201
1130658,259
1117216,252
1180146,253
1123723,188
1092214,304
1193244,357
1473093,334
1015778,274
1353466,832
1449756,704
1113140,391
1365891,334
1331579,331
1234776,275
1217244,69
1236590,60
1312208,75
1054258,67
1020243,68
1464033,69
1362544,95
1365100,94
1147950,92
1326431,85
1323979,46
1126741,54
1152714,44
1243749,44
1239508,86
1175845,67
1284532,39
1151282,44
1084295,36
1498639,26
1406743,71
1038286,77
1221279,87
1322887,69
1215429,78
1388757,75
1459085,92
1472642,108
1207215,89
1422972,106
1351470,26
1432777,28
1441916,26
1322235,24
1024988,27
1440966,26
1041786,27
1457838,26
1458507,62
1436526,104
1046795,85
1157453,81
1157467,74
1250220,71
1253502,84
1449527,70
1215320,65
1323683,35
1487270,28
1201241,32
1181074,98
1216318,76
1016515,29
1175256,21
1109308,41
1155018,32
1055106,32
1330159,26
1100362,98
1323732,99
1297694,101
1482935,98
1453370,130
1217703,131
1349362,144
1498376,90
1247371,113
1389523,104
1434827,91
1487985,134
1202772,134
1436244,171
1326422,73
1219713,51
1389801,62
1061995,53
1385517,52
1250239,42
1023444,145
1462006,143
1238059,164
1313063,163
1487782,227
1489141,166
1244156,165
1197199,151
1347013,148
1222394,132
1344049,80
1139130,61
1136868,68
1135794,48
1269572,53
1287268,62
1312626,35
1349215,36
1424470,230
1465908,224
1433007,244
1348099,185
1248768,226
1348933,200
1473910,248
1081562,197
1413965,192
1404408,163
1154217,293
1230706,865
1496234,225
1080295,294
1410013,315
1492218,387
1142595,2426
1341806,1592
1270406,283
1449841,240
1407648,30
1123096,27
1444293,25
1130663,37
1442756,23
1260453,25
1349171,26
1094765,25
1477758,214
1435423,188
1135179,202
1178848,182
1311551,182
1188755,131
1126623,177
1225608,219
1061139,186
1265832,155
1422855,131
1492002,126
1025759,130
1014641,125
1380163,125
1405883,129
1441114,151
1322295,157
1271703,146
1126947,129
1233869,478
1478615,516
1081273,490
1452584,507
1082717,550
1009386,653
1251805,781
1390565,739
1301315,735
1033019,632
1173361,28
1400135,23
1489440,24
1278953,26
1463175,27
1471485,25
1020768,28
1152664,26
1324280,26
1099632,165
1112056,175
1225810,167
1182550,166
1046330,302
1011226,199
1253903,188
1182041,180
1389945,176
1363040,163
1144372,189
1244397,902
1192419,122
1423648,135
1211910,150
1027316,184
1221224,2006
1030268,1265
1018816,133
1290329,141
1466568,414
1429643,405
1301120,369
1377778,387
1271409,430
1168372,404
1469059,507
1067430,530
1155421,533
1136593,456
1412025,44
1287019,46
1396176,38
1331977,39
1017414,42
1043534,50
1443689,52
1347861,52
1080052,30
1117513,33
1428659,37
1236742,33
1359593,31
1430032,25
1101512,36
1221917,39
1450030,31
1311807,28
1380508,26
1059445,25
1110999,27
1133144,56
1173000,52
1422208,28
1324958,453
1254383,412
1160460,417
1285982,358
1434894,1344
1478111,1112
1208714,622
1257730,534
1204027,2222
1234660,1469
1379557,32
1206972,62
1036821,70
1281479,86
1086556,46
1249198,30
1273640,30
1154247,32
1039516,24
1086615,52
1074491,47
1331967,34
1247169,18
1314566,27
1207802,20
1217120,18
1085153,19
1096124,19
1324643,66
1348063,64
1215254,69
1163471,67
1343129,75
1323659,68
1341726,90
1084459,84
1318775,88
1256838,81
1137669,151
1276624,99
1439602,28
1243108,31
1160233,43
1289462,32
1070377,28
1140632,155
1120911,155
1080511,163
1005706,157
1252996,175
1068406,165
1132811,173
1036698,175
1142085,168
1291286,145
1355770,34
1063009,38
1374169,34
1210839,32
1429939,29
1370140,26
1470437,30
1472579,26
1451674,23
1462767,17
1426126,120
1436356,112
1252819,125
1026971,125
1149602,127
1324150,118
1265505,117
1415266,165
1194917,191
1205287,147
1216607,284
1347976,377
1468668,410
1351362,383
1210795,404
1211587,337
1110361,420
1498310,361
1405934,331
1444235,302
1413454,68
1045716,68
1353423,65
1154956,64
1019221,62
1230883,57
1329315,68
1090421,58
1218834,53
1207249,46
1096870,141
1396409,149
1037656,154
1014037,159
1432248,157
1454232,132
1432921,148
1499865,160
1491511,151
1141545,135
1395659,81
1006261,156
1357284,105
1397297,110
1084335,116
1099952,91
1490160,122
1498026,87
1354418,107
1174084,74
1031835,211
1124713,206
1231192,213
1430845,206
1372144,207
1167420,195
1437265,230
1400908,227
1032713,225
1414921,194
1138409,204
1074677,277
1249229,314
1034893,268
1236619,260
1073611,269
1398971,305
1191159,279
1179404,261
1158107,235
1170010,120
1063594,129
1276959,131
1079134,131
1249813,158
1282607,156
1216484,186
1083050,129
1126864,152
1304998,131
1254131,257
1288768,302
1236684,298
1159256,225
1046393,302
1144740,256
1387143,303
1376447,223
1090955,241
1367945,171
1062966,122
1215173,64
1423125,79
1304852,88
1021724,80
1093088,87
1200538,99
1489037,110
1008838,122
1169203,106
1050959,329
1428574,288
1434386,294
1381322,248
1052185,284
1024283,275
1247559,309
1012208,269
1047132,261
1111480,235
1020431,157
1226209,127
1448463,30
1265029,56
1371818,44
1001148,35
1362812,546
1239762,350
1254062,410
1040412,339
1107366,416
1372047,354
1386015,430
1015227,437
1268228,410
1369293,370
1057989,270
1094537,326
1264303,333
1379614,237
1333333,511
1476899,535
1186550,350
1030934,326
1262550,314
1352451,273
1427314,192
1151744,155
1013929,182
1302552,171
1026832,171
1427606,136
1339299,187
1074211,233
1319989,188
1209709,188
1102908,32
1421244,41
1435074,37
1497104,27
1013820,64
1405691,57
1030857,25
1448901,31
1296889,25
1362892,22
1177846,153
1216716,135
1485789,145
1000405,134
1377293,143
1149679,106
1357633,157
1069951,177
1394657,183
1342487,171
1103781,21
1260990,22
1186075,23
1420628,20
1033678,18
1159897,58
1055147,36
1058034,36
1437001,40
1237714,36
1464379,50
1312387,35
1185155,29
1116803,26
1168006,85
1174164,96
1026794,34
1053982,24
1318678,42
1325393,29
1250190,31
1374738,57
1248806,52
1245972,53
1002128,45
1083476,49
1449458,56
1482122,91
1214569,65
1309837,52
1340245,54
1128407,62
1003796,80
1251253,63
1252353,82
1291714,49
1080543,43
1469694,51
1233157,44
1474573,39
1219309,30
1004249,75
1294600,82
1361715,65
1429336,67
1077780,123
1270581,92
1450900,80
1059120,72
1378120,67
1121365,61
1057980,163
1252149,156
1106978,161
1083553,131
1486382,152
1160547,159
1052664,190
1221494,159
1029101,153
1034243,139
1474190,208
1210832,886
1384764,236
1464581,204
1449113,231
1221115,214
1213496,2013
1232809,1547
1187479,217
1388369,188
1495776,18
1168775,16
1355384,17
1017536,15
1033467,15
1087374,17
1344569,241
1059351,215
1332121,206
1256130,233
1288076,181
1470264,162
1187374,209
1247292,204
1352064,201
1026735,148
1474051,54
1164344,54
1253909,52
1313512,55
1187666,53
1000831,53
1361966,68
1228440,59
1222358,61
1259767,52
1083024,426
1027186,407
1226206,404
1193020,429
1208269,580
1441531,476
1201640,605
1412072,747
1063733,776
1196516,589
1481613,25
1404146,27
1037597,23
1303077,23
1400354,23
1460258,23
1258158,20
1391288,15
1259464,17
1022162,89
1043840,78
1339738,67
1384661,82
1209720,136
1455897,86
1127451,82
1363426,78
1217809,79
1309141,72
1195458,120
1344468,741
1109661,99
1022560,67
1019323,100
1146209,83
1378286,1241
1356402,1103
1499223,77
1276621,94
1496726,263
1040688,268
1359566,269
1322847,271
1419205,309
1376392,289
1471555,364
1157631,387
1446675,411
1171196,317
1281533,28
1093990,29
1209374,31
1421623,23
1251384,23
1051395,21
1139627,25
1180107,24
1325722,15
1118152,33
1330397,40
1361124,45
1178707,33
1413986,23
1241852,20
1283593,48
1238865,39
1028109,30
1183910,30
1180242,354
1118832,322
1173239,381
1418951,268
1029810,1157
1463479,768
1196208,410
1369533,409
1267353,1685
1120902,1151
1204473,47
1363790,62
1089488,47
1321307,92
1209154,47
1276722,33
1042434,39
1272062,35
1408207,28
1139545,42
1370338,30
1441728,29
1250654,17
1383155,15
1063345,17
1447665,124
1312133,139
1173106,98
1272624,135
1327619,132
1434019,97
1111401,137
1455666,136
1393896,162
1078164,140
1090469,22
1127551,59
1130340,77
1071794,20
1343891,19
1029979,25
1494201,68
1110232,70
1191425,78
1083831,64
1114637,75
1444450,92
1002579,97
1136776,95
1227062,84
1253118,76
1333423,39
1060388,40
1167613,32
1056566,30
1304142,30
1058319,28
1093672,31
1305060,27
1022178,23
1267082,20
1222568,106
1315683,111
1122220,128
1374913,127
1443718,108
1402391,111
1172117,131
1460512,165
1057481,158
1435184,114
1154591,221
1029511,283
1122897,315
1327188,273
1058238,269
1241404,270
1004561,285
1293729,257
1454012,237
1251881,207
1494214,35
1447416,37
1295580,35
1062579,31
1326138,33
1454801,30
1251730,32
1495918,28
1165001,113
1215402,103
1367986,96
1173733,108
1195787,166
1013331,107
1224522,106
1478189,103
1287261,89
1100902,81
1474455,48
1264948,80
1485074,54
1489039,71
1348732,57
1105602,44
1007891,66
1077300,56
1329141,47
1259803,39
1360415,71
1127043,68
1059133,64
1204248,65
1217680,61
1167403,65
1427762,79
1055201,80
1486591,84
1011382,76
1310544,142
1408249,166
1442686,266
1004124,157
1028308,182
1185785,210
1481414,202
1185694,184
1075073,170
1230994,155
1379639,108
1131581,117
1156328,136
1245306,122
1471389,123
1364328,144
1436549,199
1463916,142
1390277,128
1107277,141
1357918,237
1447229,233
1005089,240
1251525,190
1446516,255
1364017,214
1451683,238
1029269,179
1140303,200
1295180,133
1152177,121
1017399,60
1145891,78
1413242,69
1397636,59
1273228,61
1106083,82
1455436,101
1210472,112
1179024,102
1233530,188
1497414,194
1070634,194
1207686,156
1237150,170
1110076,165
1154847,201
1461549,174
1154617,157
1084175,150
1186995,317
1210151,258
1381179,302
1461982,256
1427117,305
1119080,245
1086505,324
1494879,326
1173357,307
1272563,245
1304421,407
1121467,409
1262305,431
1247788,309
1015891,986
1309128,1079
1005399,545
1006498,461
1435652,442
1299727,362
1194476,112
1212725,99
1190444,119
1254939,99
1111305,104
1331353,96
1022768,128
1380047,130
1488338,130
1152614,150
1096268,63
1474006,80
1325326,60
1383158,48
1161026,106
1447296,98
1150094,46
1246960,43
1495161,35
1356515,159
1292414,159
1486912,170
1112470,184
1398419,175
1308975,167
1342069,233
1451824,197
1460152,208
1498359,196
1163148,39
1013434,39
1156755,37
1482906,36
1242262,32
1231518,35
1218599,36
1414865,34
1001701,34
1469466,33
1424863,96
1380652,84
1000734,96
1005335,95
1404053,86
1446011,89
1171263,84
1116171,65
1312433,71
1338621,40
1465064,58
1449755,55
1386365,157
1024030,144
1046592,47
1152096,42
1421359,63
1316044,50
1181013,40
1070137,37
1146852,130
1295497,133
1371269,134
1295314,129
1151009,169
1338515,238
1285058,268
1281399,125
1343836,131
1140896,122
1008749,164
1489542,159
1392767,175
1089465,189
1260208,145
1415229,72
1481494,78
1103454,74
1098157,57
1130726,47
1225453,175
1369168,177
1103558,166
1211285,176
1139460,205
1215932,167
1126306,185
1339455,178
1071891,169
1161712,144
1026497,119
1086610,120
1321124,118
1310618,98
1361581,98
1465472,85
1217409,99
1044635,98
1291482,65
1436060,57
1314539,292
1047310,260
1285948,278
1435237,226
1016992,253
1149757,232
1193059,273
1083302,232
1476967,242
1192208,205
1419882,700
1404698,1167
1445592,748
1051753,646
1437653,734
1016753,697
1061979,3114
1166878,2161
1077710,713
1151813,551
1331608,37
1040462,35
1491082,35
1380987,27
1238332,28
1343421,29
1455377,30
1401181,317
1098169,195
1414810,217
1036855,170
1103761,196
1042253,161
1235632,212
1045651,224
1411635,226
1323063,185
1443157,302
1330934,301
1316177,295
1278699,272
1238056,277
1129006,276
1407025,307
1221491,319
1480631,326
1492689,272
1117594,647
1486028,646
1135738,626
1222614,690
1406377,793
1244061,749
1003197,891
1289790,956
1036601,1015
1050954,855
1094126,28
1270770,30
1382259,30
1349385,30
1329858,28
1168409,29
1183464,29
1372710,31
1070786,32
1180446,31
1152619,325
1339008,338
1094930,310
1372645,281
1458283,324
1363817,230
1425272,282
1331011,284
1213126,262
1022307,252
1193613,707
1194956,972
1267495,481
1057705,462
1428544,472
1242885,388
1075410,2492
1261158,1743
1311456,397
1068712,317
1246456,594
1213389,601
1011038,580
1403857,631
1377782,654
1354740,634
1195560,792
1000845,879
1188391,894
1310969,698
1349423,98
1072222,86
1474968,103
1286832,74
1206362,72
1206240,65
1240574,77
1046701,69
1316364,41
1201456,43
1393626,68
1033993,78
1252764,60
1397241,38
1266837,37
1367769,36
1234359,42
1047082,42
1058253,33
1120533,29
1243607,68
1444377,69
1399251,48
1211270,63
1389781,62
1041281,51
1499053,40
1034495,45
1411800,43
1339180,37
1026340,787
1426674,772
1178617,751
1384129,700
1094924,1762
1473719,1668
1086535,1185
1319044,1080
1082944,2525
1416679,1655
1383333,69
1442804,91
1019682,82
1142103,122
1456298,61
1198846,37
1355892,46
1354917,47
1419588,38
1470635,93
1311030,59
1098457,68
1347629,22
1024016,34
1020196,38
1349568,23
1296974,26
1384332,22
1112022,22
1063805,186
1169301,184
1236391,190
1487226,187
1043032,175
1052339,168
1319985,199
1118019,242
1065364,204
1280176,195
1197882,52
1336558,53
1304381,216
1364534,174
1382408,37
1486487,39
1227369,57
1417012,48
1332262,47
1207324,50
1471695,319
1379662,327
1068011,343
1332593,306
1145163,340
1418885,310
1486990,345
1094413,336
1067435,332
1171175,279
1170587,51
1009387,42
1471282,46
1446802,37
1318609,36
1219191,33
1256714,37
1426027,33
1114280,30
1233775,28
1384107,329
1055966,324
1137846,319
1138651,307
1475804,357
1437784,323
1233590,383
1175552,415
1457208,462
1306640,371
1492548,364
1499518,325
1300407,375
1204844,314
1495928,314
1143934,308
1235352,364
1068392,350
1433681,341
1162384,293
1440330,104
1416370,96
1358159,99
1341131,100
1050479,100
1120227,100
1296492,104
1271141,88
1178189,92
1100128,140
1117429,134
1338037,131
1362739,125
1340320,192
1117884,130
1250167,141
1284344,141
1462931,130
1257974,124
1078594,65
1177300,115
1440074,95
1381202,106
1121088,93
1472538,94
1008764,110
1095641,82
1270236,86
1487114,63
1413653,354
1456294,344
1493346,355
1253423,346
1464461,372
1258298,356
1490920,397
1064573,403
1082240,416
1256806,359
1054024,294
1332189,302
1457769,319
1398069,271
1433872,299
1149035,279
1163601,316
1181945,327
1082740,318
1389913,268
1465517,199
1495193,194
1002309,198
1472784,200
1473380,265
1010982,354
1221848,387
1445942,194
1145830,209
1139043,176
1158925,469
1275715,470
1350790,417
1391141,402
1235746,483
1386957,426
1124751,555
1340094,411
1091113,436
1152565,303
1450571,361
1419513,189
1328548,190
1253135,186
1354514,200
1310755,207
1469390,228
1479042,258
1204703,282
1096925,237
1177199,457
1052133,462
1130890,447
1379400,379
1003688,435
1400232,402
1487971,491
1123740,427
1495516,407
1055893,350
1204356,55
1369059,57
1351937,210
1004040,206
1399111,36
1418848,40
1245910,49
1335062,49
1323447,47
1154097,42
1243434,98
1440438,97
1477230,98
1041606,96
1079764,90
1322204,85
1388371,97
1191040,91
1345720,60
1226984,58
1103552,295
1095975,296
1396135,315
1361416,289
1028341,327
1176218,256
1044843,348
1244513,335
1075589,309
1165362,247
1454684,421
1445429,428
1442692,412
1320541,319
1477747,964
1038111,1068
1423052,482
1326454,422
1405676,433
1114439,343
1054413,167
1060287,163
1053202,171
1107001,160
1260188,184
1389884,150
1011812,191
1035060,195
1225651,190
1269716,179
1423243,58
1056176,58
1086057,50
1181477,46
1096384,103
1261427,92
1126466,48
1251550,44
1344627,35
1240320,30
1100592,155
1151563,157
1072177,152
1157690,154
1067421,135
1049469,146
1177757,170
1121323,186
1259921,190
1270504,180
1148734,29
1484172,30
1415096,27
1477460,27
1307102,24
1033661,32
1254297,31
1169748,29
1351915,54
1287757,88
1246353,73
1161031,51
1492892,65
1231162,42
1069357,66
1237460,60
1154573,51
1252295,15
1441237,48
1310322,56
1341706,200
1199338,185
1402927,40
1059264,36
1056575,55
1226667,47
1184350,44
1116990,35
1068099,69
1380215,66
1147717,61
1336774,64
1300589,82
1151202,88
1092291,97
1158536,71
1048271,75
1321815,65
1341469,93
1074570,175
1183904,159
1161695,205
1427233,85
1019963,73
1064759,69
1260965,68
1489804,51
1499105,44
1138163,104
1275435,111
1242346,108
1303020,96
1390581,110
1467768,98
1497257,107
1458496,103
1331663,108
1337395,78
1098324,138
1473216,135
1288843,116
1336958,97
1374798,103
1285831,90
1157343,105
1055864,118
1149140,64
1375688,63
1005415,238
1254165,248
1287323,270
1197742,196
1098491,250
1064484,214
1316610,271
1295783,229
1310563,219
1264587,183
1023439,531
1079927,1013
1096318,503
1182017,503
1450646,585
1294005,534
1307672,2778
1056291,2290
1041967,517
1161052,416
1115378,42
1126975,34
1425062,32
1421083,32
1430111,25
1310837,27
1323552,29
1449312,28
1303502,225
1390650,193
1149555,200
1214070,162
1142508,170
1221143,132
1391855,204
1295014,206
1077590,221
1306567,158
1130901,200
1360630,201
1461640,201
1439173,204
1247601,197
1473103,204
1072711,238
1016474,227
1496045,230
1293797,191
1497941,653
1278537,678
1355035,683
1143583,726
1020166,793
1406416,764
1203123,939
1480428,994
1420069,1041
1125502,884
1024935,22
1289109,21
1459553,21
1134348,23
1111393,201
1355898,209
1130917,209
1149958,201
1036356,226
1455529,190
1491854,248
1234170,223
1391597,208
1183080,185
1402530,288
1102476,843
1498269,327
1428840,288
1336198,321
1225617,286
1133951,2181
1325664,1684
1172045,279
1381124,247
1405281,638
1140630,609
1179175,616
1328240,630
1148498,701
1444150,698
1184976,821
1455643,861
1054872,914
1465520,742
1128843,81
1315539,82
1242462,74
1350802,74
1096746,64
1129487,62
1183500,72
1041769,62
1239451,40
1217436,45
1358603,65
1457940,65
1049890,49
1328556,31
1349869,35
1061284,34
1009353,41
1431845,36
1422420,33
1413250,25
1297493,62
1006600,61
1024745,72
1401938,37
1015892,60
1168659,57
1467272,44
1372762,42
1070911,67
1162490,55
1062386,586
1058455,545
1038618,619
1012910,517
1273816,1385
1015970,1266
1133607,853
1462127,770
1005260,2450
1178206,1424
1099372,67
1151684,141
1062706,105
1000462,141
1113146,68
1286451,51
1209288,55
1071743,45
1406565,40
1303623,31
1101312,86
1274220,58
1046363,49
1124945,19
1163384,42
1453188,57
1039477,22
1110194,26
1173932,23
1317154,22
1265971,176
1376692,175
1025739,186
1490685,165
1233592,181
1242586,178
1417742,214
1085830,198
1125663,201
1277434,168
1073593,43
1069567,44
1337776,213
1412396,179
1155177,35
1187206,34
1028786,50
1397179,47
1309690,38
1024218,38
1070732,181
1223304,183
1107079,182
1454774,159
1040018,182
1141787,192
1085213,203
1061709,192
1097923,178
1388988,155
1407946,52
1130479,50
1019957,43
1131530,38
1332626,36
1178951,39
1025702,34
1026610,27
1112746,25
1184133,354
1460544,346
1232535,347
1479916,362
1115572,390
1494124,350
1283670,414
1285656,451
1399178,472
1113406,383
1190768,204
1251345,259
1280927,317
1343610,279
1154445,248
1403823,253
1311885,322
1339877,304
1418984,295
1300135,246
1200592,150
1260242,142
1395800,148
1453905,145
1443736,135
1464242,140
1048256,156
1160937,149
1349435,136
1174466,130
1089398,159
1087733,161
1234773,162
1359835,151
1148989,158
1365592,128
1309184,154
1378698,151
1386797,135
1330452,118
1351826,97
1277872,125
1314199,113
1019082,99
1370963,105
1286139,84
1456597,106
1432834,94
1104820,102
1139260,77
1337305,252
1130316,256
1040709,275
1158635,232
1431499,261
1084752,257
1274093,284
1342313,284
1455649,293
1114608,250
1310892,220
1199038,258
1140872,288
1295778,262
1130685,228
1196193,248
1407837,288
1209313,280
1407123,268
1362036,221
1296768,166
1434488,154
1074836,165
1470035,161
1390700,205
1044974,215
1196047,238
1000316,162
1319295,193
1022883,168
1074755,384
1265478,437
1079551,404
1284323,419
1088414,479
1059042,373
1333252,428
1385541,390
1436174,359
1207409,277
1237302,179
1302873,103
1402640,142
1101215,147
1384496,145
1020464,145
1370973,172
1140008,200
1128860,217
1321905,172
1040493,323
1266782,348
1334924,331
1100862,304
1313064,333
1102764,302
1249006,372
1353126,320
1190022,305
1299662,264
1353069,44
1012130,42
1495700,116
1298675,117
1369804,19
1034705,41
1398806,30
1187068,35
1463531,110
1305395,100
1148186,102
1289382,90
1364225,85
1492483,90
1234254,97
1322227,62
1277972,63
1416876,477
1199684,472
1169253,455
1431942,385
1124620,460
1292462,424
1157971,545
1376744,633
1346422,547
1366798,469
1339641,792
1480786,676
1418641,674
1366988,611
1056350,1562
1177798,1584
1295143,813
1347530,804
1468567,728
1467885,597
1313505,282
1428532,324
1177648,291
1260235,292
1023852,266
1389275,284
1312237,361
1418312,378
1341648,358
1381447,282
1029884,74
1066120,76
1369386,92
1059676,78
1429101,91
1172837,64
1158730,104
1408804,97
1179836,89
1168556,85
1309096,113
1260976,118
1333433,101
1267474,88
1128942,201
1342545,144
1021203,110
1438920,120
1073117,92
1401981,67
1497894,115
1483400,112
1187366,103
1092508,108
1105494,109
1061530,105
1192020,136
1057605,146
1287959,128
1073416,108
1126584,48
1229122,52
1005407,53
1315629,50
1271290,49
1394658,45
1046637,52
1493956,48
1391775,38
1047036,74
1033147,119
1193901,125
1354229,113
1452022,95
1310666,133
1232566,90
1483477,84
1288112,42
1117255,417
1263274,415
1039799,422
1463547,408
1078142,454
1040684,426
1171583,500
1321027,536
1269832,602
1411302,436
1352627,147
1165481,152
1215378,156
1271516,159
1163658,177
1230965,174
1365652,187
1431943,217
1144443,240
1385200,191
1240353,61
1343801,68
1140936,346
1233169,326
1140705,66
1426262,63
1467381,85
1374112,75
1275546,58
1444197,52
1458629,324
1285260,316
1241716,322
1311102,312
1141241,452
1441734,462
1225616,493
1440398,312
1184580,351
1163115,277
1346652,117
1117959,265
1491102,182
1208881,191
1115005,143
1025834,86
1002587,100
1191834,97
1266002,96
1106897,66
1372662,161
1421424,147
1200145,140
1495791,135
1442540,213
1304455,174
1398733,162
1499629,158
1333510,150
1028768,135
1395056,131
1395859,137
1446160,130
1229730,145
1064133,146
1206668,129
1033644,168
1081570,166
1245157,78
1476211,69
1394735,427
1372987,453
1026483,409
1068862,338
1279450,400
1425955,350
1186148,455
1381909,393
1431593,378
1454362,307
1065376,587
1159794,2039
1094504,1109
1260311,639
1011813,731
1483839,825
1402324,4134
1264747,3872
1125632,645
1036941,511
1140959,40
1303406,34
1315724,38
1471838,35
1387664,30
1083939,32
1498015,27
1311461,32
1252908,29
1209578,492
1109999,477
1305434,471
1027247,426
1483090,453
1202770,427
1226985,538
1376393,595
1248664,577
1266859,520
1031078,472
1050610,553
1453965,464
1376725,540
1214462,559
1439200,597
1281767,667
1133908,662
1078694,619
1476169,125
1108613,129
1355314,127
1209386,132
1295170,134
1212610,138
1329325,148
1212536,179
1432242,194
1233757,152
1359281,191
1492687,187
1478985,185
1252493,189
1111872,180
1450249,205
1342064,252
1181360,263
1207317,262
1001439,238
1259591,1863
1327142,1731
1249310,1660
1337116,1723
1426288,1875
1178106,1809
1112605,2027
1297011,2188
1015985,2227
1413327,1981
1418086,38
1241569,38
1384829,40
1140269,37
1334770,37
1246235,36
1482782,39
1138104,42
1288442,37
1233239,35
1296700,365
1176152,376
1490730,377
1126270,304
1482237,735
1317530,594
1235841,424
1023943,425
1210305,414
1303610,354
1392342,402
1265893,2010
1300383,791
1113155,342
1113616,468
1194554,389
1412744,3701
1046474,3036
1250174,341
1154990,312
1167271,998
1393728,901
1109152,901
1366322,919
1101391,903
1478799,922
1215120,1082
1428408,1171
1100774,1188
1495413,1010
1328783,68
1489537,75
1359618,75
1417079,78
1292079,72
1032899,65
1278865,82
1258520,82
1062432,50
1496537,42
1066654,97
1434239,74
1252662,63
1189165,62
1158238,76
1245281,69
1080663,50
1454861,46
1049973,62
1205070,75
1127296,71
1408881,65
1299062,52
1072387,47
1089940,45
1200410,78
1169666,76
1109817,62
1300828,1012
1223412,1014
1040191,922
1241259,963
1111087,2745
1207821,2602
1399584,1179
1115966,1250
1198576,4196
1400578,3817
1245436,82
1472988,169
1439147,118
1057936,222
1413477,131
1181097,78
1353808,79
1444602,75
1402889,65
1425006,46
1485050,130
1406914,81
1368481,90
1348179,38
1418832,57
1332124,47
1087115,57
1086536,41
1064213,37
1300128,232
1175832,200
1383898,212
1178026,188
1496047,190
1132421,174
1488470,215
1463699,210
1156176,220
1182836,191
1147081,68
1434553,66
1100311,335
1018405,292
1239465,54
1129652,80
1401086,76
1381340,67
1258644,72
1443036,353
1053161,335
1153904,356
1137845,340
1357976,415
1455063,342
1032554,435
1271162,427
1255596,401
1433839,339
1421036,61
1240396,61
1052736,60
1318399,48
1198182,45
1059854,46
1445630,41
1052571,38
1366366,116
1127930,119
1420586,106
1418510,111
1098578,110
1379530,115
1116454,116
1337912,144
1097049,156
1434232,127
1201964,479
1189658,485
1059263,485
1394190,469
1236690,483
1441691,472
1334605,529
1410693,588
1107017,609
1374145,512
1045821,179
1222113,277
1217271,297
1341683,268
1009555,269
1309392,274
1315349,349
1480966,300
1225163,296
1198644,272
1208849,290
1441614,310
1248156,318
1485601,264
1312698,282
1419409,263
1122933,361
1244035,309
1008087,306
1133047,248
1226797,136
1337287,129
1352856,138
1303705,135
1194545,227
1412631,196
1175214,198
1183617,185
1121929,172
1368598,150
1185564,115
1009043,180
1177149,174
1269966,152
1296374,142
1493329,196
1012549,135
1097146,136
1069577,94
1242697,262
1087963,277
1294670,278
1111304,295
1363038,286
1313011,281
1099771,289
1199619,312
1095691,318
1101436,351
1198242,251
1184246,315
1253028,356
1330281,297
1209338,300
1161018,378
1261445,378
1353033,342
1237434,324
1102543,309
1242716,302
1249009,291
1495394,276
1274734,278
1024355,418
1103357,411
1399642,487
1345916,358
1228419,413
1169119,313
1113492,913
1366158,819
1439432,837
1053389,943
1036237,935
1283801,885
1406109,1001
1097535,880
1294933,825
1149663,685
1261102,435
1151084,261
1188460,316
1013566,307
1197612,335
1279695,314
1107242,350
1078963,380
1117593,422
1270954,360
1333325,624
1347680,601
1257619,589
1325342,500
1343161,563
1298632,510
1374260,614
1043910,559
1324159,511
1196203,419
1187416,56
1327498,68
1280962,326
1145871,286
1298088,64
1416084,49
1025418,77
1112152,79
1156397,66
1200616,52
1015576,124
1462952,128
1300731,119
1057777,124
1077697,119
1083512,106
1043832,132
1073718,131
1404165,71
1383574,62
1277521,262
1170512,248
1370401,250
1452526,220
1204032,256
1122526,203
1463003,284
1025274,281
1347318,275
1321328,199
1067839,371
1483725,380
1300490,393
1496218,301
1317787,850
1283497,728
1441003,423
1386255,372
1315234,339
1191121,278
1284152,44
1466198,41
1199378,52
1397692,58
1370363,48
1400901,40
1201023,62
1164774,56
1358350,49
1204434,60
1176816,30
1422919,39
1083560,31
1468201,28
1183572,52
1039852,49
1007766,24
1454545,31
1471552,23
1270068,45
1443132,61
1097219,51
1049932,59
1323340,45
1131342,71
1380580,55
1213905,52
1471972,66
1413083,29
1449954,29
1122166,29
1238788,29
1055667,28
1409994,27
1453234,27
1257317,60
1361294,52
1379698,49
1342320,72
1328836,44
1121055,42
1080422,51
1262302,44
1123997,41
1037357,152
1388566,103
1002941,30
1488200,48
1465957,37
1173465,32
1424985,148
1249481,157
1095297,160
1128364,148
1441697,186
1091221,186
1129825,213
1400537,143
1418187,167
1000954,145
1082700,132
1187505,138
1274638,133
1425827,166
1278517,76
1396283,66
1431261,68
1068792,59
1132616,47
1200149,42
1339820,79
1438802,79
1435671,91
1484168,84
1198444,90
1492945,78
1163707,87
1243932,96
1151562,80
1186321,65
1447666,83
1306889,74
1155251,77
1413745,93
1269383,80
1057636,77
1089983,80
1234828,63
1250556,62
1420610,47
1066603,175
1255787,193
1301525,202
1273784,167
1406571,180
1127643,163
1338351,214
1301867,175
1013460,172
1239990,150
1439857,404
1214145,714
1321197,344
1206526,362
1183250,441
1350692,427
1386804,2054
1153957,1705
1130559,434
1164242,275
1378610,31
1235782,26
1306210,25
1240822,19
1095002,19
1079749,19
1058365,18
1294522,17
1080282,123
1079666,103
1175781,108
1001246,109
1025857,96
1432632,90
1073456,111
1181173,102
1475537,98
1123999,90
1137944,126
1104736,122
1325754,124
1329527,130
1012530,124
1299937,115
1356631,144
1464535,151
1494205,145
1478093,122
1485637,333
1214130,351
1277790,346
1014247,359
1415059,417
1107132,378
1011846,482
1036998,546
1006386,567
1412745,417
1114571,25
1484014,26
1193951,22
1467342,27
1348621,25
1203499,186
1430576,200
1341179,195
1093872,195
1414499,197
1423493,174
1477931,213
1161696,193
1428932,186
1093840,159
1022986,240
1290504,583
1370181,220
1069368,193
1440724,208
1210781,197
1291900,1331
1303057,1177
1357157,192
1130746,158
1039889,364
1347952,370
1129722,355
1023285,377
1330789,445
1334275,394
1183235,486
1278095,520
1161492,543
1189870,421
1423664,55
1164216,60
1493943,50
1221196,56
1473953,58
1474289,60
1319200,53
1468811,55
1465665,46
1283607,38
1141693,70
1044743,62
1231111,39
1289132,39
1050938,38
1267675,29
1482800,35
1306570,30
1453612,26
1419275,22
1229473,59
1119490,39
1083272,35
1256710,23
1146418,30
1459739,50
1020805,35
1371287,35
1461333,28
1253476,357
1302292,350
1435862,390
1174009,361
1379685,862
1482582,801
1019288,572
1413176,511
1487325,1446
1180897,1014
1398879,53
1021611,81
1130738,83
1459114,121
1464656,39
1093919,37
1307454,39
1293285,43
1083784,39
1185727,29
1220571,46
1473421,31
1317080,30
1193964,26
1279482,33
1089000,28
1069545,24
1189067,20
1169197,21
1356966,71
1417092,65
1437968,80
1001749,73
1059349,87
1292411,72
1350514,81
1326021,87
1253272,86
1154525,79
1453346,147
1040282,98
1238900,104
1125618,28
1286968,41
1474139,29
1319696,36
1267159,27
1335217,124
1252627,131
1248791,134
1352296,114
1053563,130
1154102,135
1290045,129
1470601,127
1186545,123
1178586,96
1012027,48
1047777,47
1040476,39
1186084,31
1245279,27
1373676,35
1015578,31
1165831,27
1401263,23
1475390,278
1463410,235
1292372,229
1439264,217
1102131,238
1209977,215
1138279,254
1411809,291
1358060,324
1313166,227
1176220,234
1039778,221
1004425,210
1203269,203
1224424,211
1011146,209
1340082,240
1239108,211
1435204,216
1041304,161
1298065,73
1377872,72
1376854,70
1444587,69
1036541,70
1354025,65
1007242,75
1053458,68
1160895,53
1410872,137
1176285,139
1081672,123
1139063,124
1099030,124
1054104,90
1267211,117
1239395,116
1050376,100
1475466,83
1235986,47
1284206,92
1210694,75
1209335,79
1266488,67
1291850,79
1400961,88
1256315,79
1403345,39
1280070,142
1054478,139
1331984,192
1373602,146
1042290,138
1253575,140
1348829,166
1171409,176
1103726,168
1470466,156
1221540,166
1337388,170
1234863,194
1466692,162
1010591,172
1343778,169
1441368,213
1060968,180
1416037,196
1406540,154
1059461,180
1317440,178
1005508,179
1421850,183
1376322,221
1435805,224
1314953,250
1129714,182
1048311,211
1215194,175
1043169,258
1208467,279
1048369,272
1125626,225
1261246,278
1404288,259
1291939,309
1470656,218
1454603,235
1499149,139
1413707,158
1195152,86
1356694,111
1170280,116
1022388,120
1059761,114
1262783,129
1278245,154
1352086,170
1156922,139
1325594,206
1049667,223
1011124,222
1461927,189
1480136,206
1488207,196
1160805,222
1049976,179
1377134,179
1431854,159
1386974,42
1198524,38
1129402,86
1319244,116
1360006,27
1204701,42
1345464,36
1407657,35
1170013,34
1074218,117
1474997,113
1066976,109
1389077,106
1095921,93
1150235,84
1098314,95
1159403,78
1265800,87
1461619,62
1173091,374
1022036,366
1100321,372
1159673,335
1397068,392
1130731,337
1067260,459
1435116,459
1238094,429
1450540,361
1198224,398
1033177,372
1466058,380
1056871,250
1185031,989
1094661,899
1455353,580
1139412,451
1227744,429
1338180,350
1416516,169
1076235,189
1300518,185
1129548,172
1203648,161
1009223,137
1231638,210
1418807,204
1286622,204
1082562,165
1238634,35
1229625,45
1018177,43
1138702,33
1013831,83
1289847,62
1111285,47
1378876,45
1110506,34
1210067,25
1156700,172
1143542,160
1114521,180
1225380,156
1442696,151
1201493,142
1189643,210
1067946,196
1090206,183
1421095,153
1296233,19
1373548,13
1264067,14
1411185,16
1109203,45
1054094,95
1080059,71
1000890,66
1304878,67
1340130,70
1165289,86
1315803,59
1087548,65
1488603,35
1484915,66
1384503,15
1040011,73
1287103,84
1465270,98
1195244,74
1315953,53
1447359,110
1351534,106
1311428,92
1063614,87
1442280,91
1416939,92
1452470,95
1018327,96
1433963,104
1000967,115
1028432,125
1412243,136
1120664,108
1230421,31
1414288,27
1441254,259
1467889,152
1268631,20
1486559,60
1231346,35
1172938,62
1309897,57
1451216,59
1085409,55
1495023,96
1167774,94
1007013,111
1099596,59
1260443,75
1224794,65
1359667,36
1226780,56
1226506,80
1016231,128
1015558,69
1086235,32
1052327,41
1162208,38
1054680,44
1408716,28
1053999,118
1078323,112
1447474,119
1011007,111
1476273,199
1499088,123
1461407,146
1421014,143
1143695,127
1226838,107
1308367,46
1243977,44
1149575,49
1173936,46
1427278,44
1307614,55
1086494,49
1460795,28
1178324,331
1272303,308
1499934,333
1377140,264
1055053,276
1216159,246
1157645,352
1239651,315
1068029,277
1343834,229
1228159,482
1432714,1427
1425342,396
1411709,385
1113498,484
1302003,447
1265026,3157
1254847,2453
1057178,450
1279677,411
1424540,20
1416590,13
1299299,16
1475668,14
1199264,12
1245301,15
1310361,377
1229774,362
1342822,372
1120392,301
1032653,326
1494618,310
1047535,376
1233071,409
1255103,412
1158290,362
1111332,116
1245702,145
1047541,151
1169085,120
1339027,132
1320276,125
1325057,118
1068290,170
1157302,169
1442262,109
1301207,82
1236347,83
1154900,83
1128636,88
1461973,94
1123342,97
1094031,107
1319514,118
1155242,119
1474460,95
1295663,31
1314294,30
1436210,34
1177426,52
1325329,39
1259603,14
1277405,42
1425203,41
1079289,37
1170446,38
1040703,804
1012461,803
1431639,826
1121810,838
1054385,874
1106975,858
1094087,1054
1140825,1167
1340524,1176
1133545,1096
1056933,15
1205375,14
1244886,15
1490530,15
1472953,16
1416699,16
1450088,193
1343302,201
1032041,207
1326038,192
1031312,365
1191484,262
1285572,238
1115177,236
1343512,207
1147761,194
1349223,154
1118544,1335
1247856,79
1053624,104
1355907,141
1182340,118
1063432,2418
1367168,1776
1220587,220
1137033,141
1009276,513
1355967,507
1439212,539
1145363,579
1001921,601
1159863,586
1347974,774
1012491,793
1373298,779
1355523,701
1237748,27
1448117,33
1222779,30
1163092,28
1254173,23
1333036,22
1219684,19
1227375,11
1235035,21
1279289,20
1425722,21
1291220,19
1400709,19
1215159,30
1298578,26
1477704,382
1082297,356
1250718,397
1304517,289
1007597,1192
1419099,1157
1152031,533
1244420,433
1016563,2661
1021222,2025
1213361,31
1065345,48
1179779,91
1127531,50
1443957,19
1051118,25
1496945,25
1264920,30
1084873,53
1365195,29
1495418,29
1260705,15
1050759,25
1020079,24
1118213,30
1035969,26
1270851,30
1123143,36
1135820,161
1019852,153
1385419,196
1078271,186
1458841,174
1410422,134
1061333,201
1315882,202
1020053,205
1431676,165
1068073,23
1270780,207
1254304,141
1435213,16
1438178,48
1492822,36
1358808,23
1316805,230
1333390,270
1067670,294
1018043,225
1105588,212
1456750,222
1271465,291
1416907,258
1121489,231
1313498,185
1029830,25
1255557,19
1193203,19
1324205,19
1441042,19
1485303,15
1367431,84
1307589,84
1346931,78
1108071,79
1061545,82
1102240,96
1293894,108
1090685,108
1010064,91
1348411,242
1401298,244
1243982,273
1408791,222
1300733,239
1233212,203
1347782,281
1497644,305
1397906,309
1132342,258
1310816,202
1086028,234
1254784,231
1482667,214
1189684,190
1170143,278
1327596,291
1003526,223
1241837,218
1230803,191
1260111,42
1145076,38
1003527,34
1171152,35
1295117,32
1131852,26
1122805,49
1454318,42
1369172,44
1051784,42
1118223,159
1148984,161
1498148,168
1441671,169
1024004,302
1304737,217
1296839,219
1043326,208
1449009,184
1267008,197
1435764,40
1150568,81
1357621,75
1398059,67
1312126,62
1171028,72
1456299,97
1151991,64
1401355,72
1231048,49
1298774,35
1235244,40
1240781,39
1200378,61
1451628,56
1401927,53
1139987,53
1377423,182
1002890,287
1421154,294
1404777,226
1314971,266
1144315,269
1063944,331
1118760,277
1109972,247
1033868,221
1142412,28
1159551,29
1348513,54
1276231,55
1413676,84
1159070,43
1085513,49
1076736,53
1201488,459
1364365,423
1237813,454
1264986,447
1161714,499
1462364,455
1160219,625
1266694,463
1495739,444
1152498,320
1094580,66
1364788,30
1284049,33
1180721,42
1446241,44
1159038,41
1429602,54
1231740,71
1008596,79
1486204,64
1143221,453
1178515,493
1278720,513
1134672,406
1287970,449
1409175,416
1292612,566
1036703,470
1028807,407
1096407,376
1197880,17
1377256,15
1283042,108
1449143,127
1358960,17
1432265,27
1392147,22
1416956,27
1180681,190
1376592,176
1427081,169
1127933,166
1393998,176
1102692,142
1263996,190
1325073,178
1383672,183
1365529,141
1226869,288
1137477,264
1022881,275
1408325,215
1331391,1193
1455182,939
1083054,265
1379716,273
1475256,263
1486316,231
1392618,82
1300685,82
1284845,82
1117229,70
1442984,77
1478254,79
1022424,102
1471167,92
1149469,102
1481394,93
1063798,27
1185056,33
1157246,28
1100173,25
1355003,57
1459340,44
1495807,22
1320329,25
1419826,23
1334195,32
1158959,82
1168138,74
1428415,82
1472745,71
1480196,78
1429232,71
1218254,93
1177828,95
1417973,98
1275299,87
1257450,25
1036368,21
1252682,22
1386895,23
1022118,20
1165138,78
1306099,88
1308493,77
1423901,63
1180874,83
1337324,46
1416785,35
1346647,24
1463718,26
1307693,105
1277463,102
1162273,29
1112550,40
1030887,30
1481903,40
1004955,43
1191405,45
1100937,59
1099346,64
1006648,78
1258772,50
1148904,50
1064510,44
1357694,201
1022331,189
1087516,188
1346348,177
1253337,79
1496382,72
1126128,73
1417871,74
1381232,62
1146102,48
1254802,115
1203845,115
1268876,109
1215618,102
1119962,137
1175969,122
1381779,134
1182831,98
1279959,83
1032374,4
1491271,26
1282860,15
1461586,25
1056737,152
1255684,177
1207004,168
1167140,141
1142809,175
1080730,190
1056322,189
1420723,165
1184112,162
1221119,155
1077779,391
1018451,747
1311096,385
1246267,379
1137454,467
1229053,427
1397257,2387
1422386,1677
1127343,371
1110599,295
1232302,35
1117757,23
1356088,27
1054158,23
1416387,21
1170771,20
1498811,19
1386710,19
1309812,19
1238676,206
1310902,148
1453266,155
1073500,115
1280655,115
1034918,102
1048380,113
1464476,139
1198550,135
1165233,87
1119609,54
1438719,52
1178675,51
1458337,49
1255092,47
1042514,56
1315305,53
1364529,54
1017902,51
1198616,300
1177611,322
1077911,316
1305831,324
1098936,389
1189364,349
1495457,467
1193672,492
1177716,533
1125817,412
1111309,16
1421985,15
1205461,17
1094241,16
1045722,159
1168534,134
1315421,143
1495102,135
1182051,208
1101602,178
1389254,199
1458614,150
1422666,133
1178714,124
1144441,240
1438212,770
1309826,247
1415208,203
1388897,214
1115522,210
1325299,1717
1203825,1204
1408481,212
1120407,168
1119975,273
1296989,272
1256467,270
1478418,285
1141172,319
1237197,286
1215871,331
1015109,360
1173440,394
1115717,287
1045972,59
1026874,59
1385087,55
1035285,30
1305696,28
1303994,26
1466731,33
1378417,30
1449238,22
1003325,32
1240097,28
1170203,59
1218774,28
1228340,55
1058496,28
1070810,43
1098200,33
1137125,28
1215383,415
1145836,388
1159106,418
1237283,370
1182497,1544
1479658,1324
1009750,601
1457332,524
1397423,1796
1376094,1148
1244100,108
1446941,121
1212398,101
1006361,139
1396082,77
1175684,49
1481585,55
1190598,51
1404442,52
1372716,45
1427335,36
1093994,19
1403727,31
1137634,20
1171787,19
1039292,17
1047032,24
1174657,110
1216142,101
1335320,120
1198136,95
1392278,107
1114780,104
1112554,133
1012132,137
1453182,125
1220398,124
1026834,27
1351780,101
1075062,89
1025615,16
1490297,37
1394090,35
1038974,28
1367692,23
1126893,137
1443158,146
1371034,135
1356978,126
1320321,143
1077288,156
1233845,154
1002018,147
1397022,141
1323243,111
1130427,50
1075107,46
1440829,34
1207427,32
1078383,33
1066458,35
1135503,29
1040443,24
1348806,22
1173978,87
1434024,96
1191693,99
1461833,149
1097071,151
1344039,131
1143636,158
1451337,163
1241407,176
1422806,119
1402295,328
1189249,347
1227160,384
1022032,340
1467840,377
1295041,330
1316293,427
1184400,373
1264550,361
1307651,296
1120804,34
1007549,32
1431812,30
1318982,32
1062544,31
1225764,30
1292156,28
1250391,110
1250127,111
1139409,111
1474247,102
1353816,158
1264512,106
1136184,116
1389677,110
1167194,98
1285662,80
1014959,56
1195124,84
1439732,119
1240501,110
1424527,124
1418384,93
1443889,69
1252731,66
1378709,70
1246695,77
1338426,62
1423024,61
1371483,62
1391878,58
1044434,61
1196870,56
1363303,72
1228539,72
1312262,68
1289077,68
1131178,188
1209021,206
1174663,236
1178992,193
1241787,211
1142788,204
1081125,246
1397164,217
1412741,223
1110318,172
1318877,70
1308024,64
1058696,71
1064291,73
1337610,97
1405795,113
1357410,120
1207443,78
1452851,95
1468089,80
1154031,168
1266339,149
1403985,179
1467236,176
1263011,176
1392759,160
1149931,185
1476644,137
1009485,145
1387837,113
1283298,121
1152567,62
1292779,75
1408601,66
1395390,74
1364974,70
1198587,73
1074370,94
1330798,123
1150034,102
1150952,128
1000239,135
1368564,142
1209006,121
1225892,119
1180844,110
1080998,138
1352952,122
1161538,102
1462226,101
1129628,24
1240833,55
1294006,27
1333321,41
1101343,46
1200089,39
1014910,30
1174372,23
1169548,20
1226297,201
1197276,156
1118245,157
1347953,129
1444841,160
1419767,119
1385803,169
1065852,170
1354618,146
1029652,114
1048319,169
1449399,165
1377941,182
1033540,179
1475649,603
1438471,441
1444680,181
1494734,139
1206012,160
1331601,155
1170077,87
1321401,81
1013138,82
1488317,78
1380337,83
1277314,88
1442299,95
1393959,99
1251204,96
1297987,83
1187117,20
1007858,24
1369451,20
1413606,77
1313151,26
1226412,25
1417240,19
1089929,21
1132041,81
1376468,86
1370975,80
1426059,77
1497986,80
1150833,83
1457734,100
1238587,103
1176143,95
1360564,88
1372749,13
1463356,30
1040334,56
1113748,48
1050828,35
1051165,49
1414894,29
1460597,31
1135055,11
1047124,19
1461952,53
1105467,61
1395033,19
1185551,28
1121561,25
1022493,24
1018666,24
1362060,23
1301397,24
1182334,20
1291602,36
1486846,34
1402486,48
1485489,59
1071651,23
1163508,23
1214601,23
1245847,23
1429824,22
1109033,87
1347075,86
1383125,89
1184487,73
1162155,93
1377489,96
1470294,111
1173002,88
1215737,87
1474101,58
1062167,26
1240800,31
1057352,26
1089842,29
1278279,22
1421622,22
1090305,25
1420842,91
1170153,97
1165214,94
1194921,81
1459130,86
1313669,81
1353513,109
1247163,100
1461187,96
1055062,72
1497770,235
1321774,402
1376752,234
1099178,215
1040232,251
1317487,245
1179988,1430
1251333,1333
1164536,329
1083292,262
1349813,14
1157241,13
1003495,15
1276154,13
1107468,14
1208439,14
1476005,136
1424569,77
1181440,85
1006444,78
1132047,72
1273403,57
1035309,90
1201822,88
1498182,94
1165756,67
1470598,45
1203967,50
1217868,52
1015274,54
1300202,49
1108806,45
1254873,58
1199090,50
1265564,45
1121842,42
1312130,213
1284072,227
1390606,216
1177870,234
1217412,258
1391279,257
1000635,306
1070142,327
1158077,357
1263948,227
1193421,15
1156344,15
1485835,13
1027573,15
1266107,15
1021981,14
1015055,151
1205726,139
1281507,136
1336471,145
1371096,126
1298833,116
1479793,149
1144663,156
1103525,145
1197547,124
1296043,121
1237520,448
1229220,144
1047440,134
1005311,124
1016408,101
1329187,901
1353734,706
1084794,241
1360072,187
1432207,168
1394210,170
1443225,170
1342526,175
1449114,174
1123390,174
1247236,217
1261392,250
1489922,273
1401658,170
1310639,39
1310614,28
1320270,29
1021422,25
1231315,26
1294120,28
1256367,21
1494072,16
1350289,12
1497576,25
1074887,24
1342968,22
1428256,18
1012009,18
1476296,20
1107262,22
1180712,242
1282937,240
1497422,254
1227980,219
1025770,966
1136598,730
1189975,378
1420919,292
1050733,1112
1353409,696
1034239,28
1303445,27
1136905,24
1421265,59
1267023,21
1136504,24
1095993,15
1126729,27
1079069,22
1292980,39
1303079,18
1462333,20
1019410,20
1438716,17
1435109,10
1144962,63
1420185,66
1112604,73
1361559,62
1285104,75
1376099,60
1214290,85
1410003,82
1268568,73
1406091,18
1415989,54
1211232,91
1424836,23
1376616,11
1107196,18
1413500,105
1406133,99
1350713,97
1453725,88
1362405,106
1053239,114
1157912,111
1376542,110
1409362,94
1379033,72
1183423,28
1193727,23
1400533,21
1283484,19
1260253,20
1327267,20
1067574,49
1025091,47
1153270,67
1394193,49
1142889,47
1158789,45
1287972,64
1206482,84
1212175,78
1016096,51
1432981,150
1023890,159
1109225,183
1270197,158
1186395,155
1416108,151
1017675,193
1394196,166
1004465,153
1012703,124
1253619,81
1239241,89
1169578,72
1016228,77
1071564,87
1045441,87
1317808,102
1329582,86
1414635,76
1380886,58
1173597,74
1254262,59
1254768,54
1224126,54
1198629,56
1206547,52
1101674,58
1205025,39
1365276,44
1414784,26
1316568,89
1456931,90
1237087,90
1304436,90
1238935,92
1321591,88
1196912,109
1455585,104
1252744,101
1272139,121
1487244,149
1329414,155
1499372,174
1257824,142
1497563,145
1271281,143
1242958,176
1221756,160
1463746,142
1196527,127
1236535,24
1076788,24
1300917,27
1174577,26
1231316,31
1489870,27
1230866,47
1091117,36
1222002,36
1493218,27
1312818,185
1452472,199
1035476,209
1264026,162
1339727,200
1214712,197
1160566,193
1010653,156
1229452,149
1176747,141
1323954,51
1254479,33
1440217,22
1252943,27
1108815,26
1161763,33
1416819,65
1193778,161
1300983,163
1122637,167
1411939,136
1031959,146
1303625,137
1238349,177
1252660,139
1349638,119
1300844,118
1276319,68
1437773,77
1203934,22
1309094,14
1144647,24
1281864,45
1274790,44
1386829,42
1190878,35
1455637,35
1417791,31
1190587,36
1076991,28
1195531,27
1400538,21
1430582,430
1285990,368
1477291,388
1356384,334
1150281,432
1370080,355
1460451,437
1348031,490
1044121,442
1133254,368
1278014,622
1403459,564
1317166,619
1101385,522
1426987,1449
1034494,1142
1491377,738
1464250,638
1022006,636
1148475,537
1484671,66
1228708,65
1324032,69
1103003,60
1430610,66
1195267,87
1236706,76
1340005,88
1217303,73
1003775,98
1343878,100
1226007,86
1099098,77
1009486,164
1330192,171
1446159,89
1334259,103
1091570,83
1102858,54
1420778,109
1477933,116
1197090,117
1390893,103
1421101,99
1499403,93
1382081,110
1140362,125
1093489,115
1356618,110
1423088,41
1192006,35
1474663,32
1085309,35
1336011,33
1363332,35
1135752,39
1043065,33
1187227,115
1079197,146
1006967,124
1242972,117
1250142,141
1319491,148
1043915,90
1221198,86
1237425,60
1492794,70
1140775,74
1013635,158
1175249,141
1229061,53
1471915,54
1104983,71
1009083,59
1045986,51
1233374,54
1209101,176
1038551,171
1293094,177
1425780,163
1150996,210
1220665,222
1068227,258
1098287,176
1065954,200
1117031,170
1286663,172
1217322,246
1178898,232
1442104,254
1069214,173
1431479,93
1485687,114
1353255,112
1114499,99
1297409,77
1458579,125
1159489,139
1384833,137
1367817,127
1222696,192
1006871,136
1442863,143
1083688,148
1264958,141
1100547,121
1020009,169
1283055,191
1059560,137
1310135,125
1498194,119
1012741,130
1183714,150
1407622,137
1295424,73
1483037,270
1127728,288
1253251,295
1044711,240
1246779,281
1428427,264
1483396,312
1117421,275
1249450,268
1446810,219
1488993,427
1173486,1112
1058307,419
1411973,371
1272886,443
1014260,401
1481364,3096
1126940,2004
1306695,372
1067847,351
1093258,57
1209561,45
1275913,39
1461176,41
1059013,34
1336430,33
1154879,36
1027714,36
1404182,220
1273647,177
1267729,190
1416232,173
1376813,214
1484156,132
1118664,162
1470343,215
1198659,176
1497568,142
1072349,260
1060176,271
1380226,277
1270763,282
1414842,266
1006679,265
1258071,298
1247670,304
1150813,308
1215972,251
1402068,453
1414079,443
1027086,429
1376822,432
1473650,516
1318829,474
1485144,596
1440877,648
1259634,660
1197323,548
1461060,40
1286426,37
1005386,37
1326015,35
1216054,32
1042609,33
1052663,38
1274204,34
1317813,32
1076102,255
1446470,269
1034950,279
1251250,230
1124996,361
1329337,262
1052063,245
1393099,258
1291876,246
1239530,221
1128989,162
1250468,767
1128007,113
1305327,139
1443163,171
1349532,142
1463940,2017
1067683,1277
1497405,154
1427690,182
1131692,373
1325899,375
1035806,344
1192752,404
1154621,427
1105567,391
1351561,481
1284314,497
1119425,502
1071315,412
1246537,119
1380847,116
1294936,106
1044935,90
1138879,92
1176172,80
1051931,106
1002959,103
1448369,59
1449451,54
1105139,125
1115844,129
1008005,119
1368689,80
1115922,74
1345103,65
1246054,79
1454376,70
1252642,55
1081770,43
1011869,80
1053029,75
1314053,58
1084167,66
1335565,79
1082784,65
1403001,55
1434417,57
1413074,58
1246394,50
1219340,719
1050739,719
1081641,687
1284180,670
1454969,1954
1294205,1567
1275885,927
1479530,871
1208280,2680
1214026,1573
1396005,127
1174114,163
1357653,142
1200505,185
1142397,104
1412678,75
1335177,78
1370526,75
1120043,61
1208972,48
1044205,103
1377609,84
1020582,75
1141498,32
1185774,55
1321317,49
1044208,31
1462768,35
1193401,28
1323629,25
1310109,86
1140274,92
1208581,100
1163752,93
1469436,92
1319124,79
1313925,109
1385981,112
1446581,110
1437446,94
1258414,57
1174433,61
1055153,139
1067334,143
1128244,40
1412206,41
1387722,52
1218541,50
1275925,44
1256153,149
1122590,137
1473145,147
1498862,126
1468073,150
1118231,149
1087099,164
1258783,166
1260565,154
1291095,134
1205721,63
1121544,66
1142191,61
1238740,50
1182987,47
1005888,41
1254577,49
1192747,43
1456541,39
1223264,30
1103707,190
1059508,208
1243642,213
1122553,189
1437856,203
1024334,196
1094451,225
1469441,264
1148888,277
1076174,200
1411749,242
1015942,348
1363447,424
1453406,369
1430928,329
1209243,320
1457115,409
1443790,383
1263578,338
1474898,318
1267831,205
1358267,238
1117920,235
1328212,225
1009729,309
1247718,206
1207734,212
1118433,231
1181657,217
1278379,197
1134421,108
1132261,157
1320763,160
1435856,160
1164020,161
1221554,160
1319256,183
1137425,156
1029137,160
1103208,119
1138911,264
1165664,282
1066867,287
1358058,284
1494749,287
1180274,283
1224290,322
1426563,326
1298595,329
1148750,271
1005991,251
1116883,288
1363374,320
1096571,280
1184430,276
1451172,273
1066128,322
1034948,313
1326066,296
1102430,246
1005839,342
1142609,331
1424764,345
1255897,337
1164600,401
1442420,407
1471794,455
1299929,332
1251682,359
1187963,306
1077995,346
1453805,381
1368058,380
1145535,340
1467638,416
1401067,352
1196492,438
1153756,342
1257122,367
1204857,285
1218069,318
1301983,153
1421520,170
1198628,170
1309951,171
1342026,175
1356728,203
1105141,252
1079507,269
1463915,196
1233795,392
1053494,388
1394036,381
1225441,311
1009382,361
1192637,335
1467684,407
1489795,350
1496426,336
1471166,284
1233270,42
1449283,41
1266186,87
1343496,126
1126475,44
1206173,30
1263095,45
1238031,39
1038208,41
1431065,28
1357861,121
1112729,123
1334347,107
1107165,97
1065013,105
1222552,93
1070954,108
1036421,101
1278133,74
1420350,59
1372959,292
1087440,308
1105500,302
1161104,256
1355011,312
1482584,267
1051069,313
1116511,360
1356690,340
1014995,259
1363250,338
1391402,337
1370933,360
1370147,249
1013543,573
1488019,700
1491784,427
1439153,373
1365373,352
1497842,281
1013839,32
1118156,80
1174124,84
1140152,87
1174722,95
1161921,95
1265011,102
1133560,137
1114035,112
1298165,131
1294042,78
1428145,109
1207278,87
1051663,68
1181734,77
1126206,83
1134606,99
1113723,92
1397919,98
1491918,84
1043312,37
1147478,36
1451559,28
1218312,56
1286106,31
1112082,29
1426235,32
1003250,27
1259326,26
1050893,40
1316942,67
1067443,58
1061638,51
1068385,46
1062592,37
1335692,78
1099468,70
1445308,50
1183480,54
1317126,15
1472200,14
1490235,47
1174386,69
1358409,69
1256452,55
1466565,53
1487695,59
1185809,58
1494354,48
1023978,24
1085749,154
1352707,154
1278123,185
1062709,165
1250818,152
1349155,191
1454309,213
1194145,241
1307270,186
1050861,128
1045222,125
1220930,118
1443773,125
1154727,131
1094658,138
1465044,146
1288182,173
1360946,180
1466464,149
1121475,28
1286904,32
1023709,146
1401955,181
1355254,20
1335658,49
1377502,32
1034536,26
1163567,38
1344633,127
1478109,152
1219029,143
1305096,130
1226722,183
1015804,188
1380027,195
1114802,122
1083269,142
1041594,125
1377282,53
1394329,94
1206840,98
1369644,113
1411752,84
1337720,39
1463866,52
1379819,53
1291108,61
1290527,32
1205756,58
1438927,59
1036746,60
1285741,48
1390805,79
1372636,63
1395249,75
1037450,65
1177169,63
1123384,49
1464318,220
1015193,219
1497309,221
1452792,150
1151297,181
1105382,171
1410900,216
1029010,185
1297299,175
1490816,152
1091889,206
1044397,1048
1191281,104
1180756,157
1025950,209
1309748,188
1101949,1856
1110111,1355
1310574,168
1176036,169
1074826,32
1440334,27
1169864,26
1440104,27
1085197,24
1287693,24
1165333,21
1126706,293
1385420,285
1430739,279
1042357,254
1249746,273
1093106,247
1086128,290
1157763,303
1057624,297
1031076,223
1377992,174
1424787,163
1075935,141
1092103,148
1391640,154
1285669,104
1295471,172
1078557,141
1420653,191
1296870,154
1428528,62
1400203,60
1055380,59
1182933,65
1483633,69
1450450,73
1357576,75
1065959,83
1495520,87
1198518,76
1282663,42
1193174,46
1350874,41
1253271,38
1198619,41
1247621,50
1022520,43
1258083,44
1355498,44
1138175,511
1165312,515
1419232,516
1093243,507
1146579,571
1250371,518
1441494,634
1146752,691
1427935,697
1012377,607
1178247,23
1233203,20
1340615,23
1033712,19
1281965,20
1037514,107
1297117,114
1010495,119
1482368,105
1318695,141
1348460,105
1338367,125
1393195,124
1223629,114
1424988,105
1211590,73
1243253,639
1092227,37
1318993,57
1445601,76
1292773,57
1307199,1246
1476894,986
1117265,82
1388554,75
1105308,233
1107240,227
1387470,221
1184143,222
1072620,234
1460051,217
1111278,268
1442651,300
1409134,321
1051968,236
1120331,48
1281035,46
1293493,48
1139973,43
1493676,33
1211354,27
1352909,37
1337721,31
1113910,26
1102135,23
1425377,31
1422384,26
1230598,23
1411707,21
1409949,25
1144878,28
1422767,44
1284889,56
1223585,386
1206396,349
1378160,376
1052245,294
1430890,1280
1383977,935
1045804,532
1156318,422
1291422,1633
1380683,1341
1157321,60
1127659,97
1235689,92
1256556,130
1065319,74
1496936,55
1009706,47
1111605,48
1004134,39
1377031,33
1112513,22
1053460,12
1193479,24
1109243,23
1187105,21
1372911,20
1499803,75
1209794,80
1016566,76
1195041,58
1139039,52
1057767,61
1220076,79
1336292,86
1020982,81
1489603,72
1135573,26
1061984,31
1462450,190
1127074,168
1038259,39
1149922,31
1279581,36
1324180,95
1470662,94
1283213,105
1378795,91
1170047,96
1061263,95
1181328,102
1102835,100
1346782,92
1214346,95
1229842,37
1108968,30
1121701,35
1066693,31
1208257,29
1270239,25
1348062,124
1368447,123
1219540,121
1321207,124
1000642,128
1076525,129
1122408,147
1382330,170
1433378,176
1392074,146
1109747,151
1075276,149
1478089,148
1113423,130
1388642,141
1073366,130
1111214,146
1456596,173
1153622,191
1116753,153
1017288,143
1451772,168
1119297,159
1138638,169
1434726,143
1003447,152
1458918,193
1101879,155
1336104,151
1348705,140
1465396,43
1376423,45
1481206,44
1009569,45
1387274,40
1310708,43
1155929,45
1314559,43
1097259,38
1109233,103
1070475,106
1022232,101
1275544,92
1108444,140
1406546,104
1167154,108
1476614,109
1234726,96
1451631,83
1050057,64
1361060,89
1331292,88
1283598,86
1499806,78
1018726,75
1408381,92
1272485,83
1362852,70
1129500,36
1062525,68
1235519,66
1369995,58
1075387,58
1400898,59
1224959,56
1421340,76
1220168,99
1439539,62
1470046,75
1391149,115
1297146,132
1410054,131
1364916,142
1233541,126
1422209,119
1083629,153
1368507,130
1198651,117
1283960,116
1231476,66
1349761,89
1482768,87
1002536,78
1419887,99
1248501,105
1291944,128
1436867,83
1257323,98
1132521,90
1030230,397
1093409,437
1249587,402
1130025,394
1394076,456
1349917,422
1033575,534
1209870,393
1482022,388
1430894,302
1382800,139
1226060,70
1418431,77
1048428,93
1362840,88
1240846,92
1259183,110
1070288,135
1467073,143
1379768,119
1406956,274
1311326,266
1387939,274
1049891,218
1237190,219
1212519,196
1209918,257
1154373,216
1205630,207
1354206,175
1288571,25
1120855,102
1133824,118
1196734,22
1060062,33
1164785,32
1336298,171
1405041,169
1060513,177
1353037,207
1383969,195
1480033,151
1068087,191
1128618,191
1204524,182
1156177,128
1229710,148
1075135,143
1185011,159
1105675,75
1189309,194
1257953,236
1435140,141
1268931,133
1250643,98
1373331,95
1314804,40
1085036,54
1054001,46
1288387,40
1286151,58
1247116,51
1019807,25
1412520,32
1161669,44
1082827,42
1433386,24
1156715,20
1179911,53
1179936,50
1233478,59
1399946,48
1032955,49
1002856,44
1287783,75
1166709,71
1346583,77
1286122,81
1204381,16
1029430,17
1323538,15
1416779,16
1253163,17
1332638,71
1330372,68
1177255,55
1477268,55
1189551,42
1114827,67
1278141,38
1364476,43
1096012,21
1259676,22
1203050,22
1313304,81
1128930,54
1099709,17
1105749,29
1179700,25
1431582,30
1152692,26
1076816,27
1054611,24
1478275,30
1030592,34
1432030,42
1119155,27
1076400,26
1440313,88
1102018,98
1239878,105
1113947,120
1095118,89
1266382,54
1222099,54
1289441,45
1479532,42
1125619,47
1087987,72
1167708,74
1214743,63
1355453,65
1045081,109
1459993,103
1434614,93
1335959,87
1397855,74
1171886,63
1191038,31
1007240,29
1294794,29
1246825,25
1364329,156
1286535,159
1373312,182
1198624,151
1003799,151
1256663,142
1412094,179
1220509,148
1167611,132
1318187,133
1009831,429
1388765,745
1359919,409
1241983,378
1179995,461
1212359,440
1376509,2145
1052051,1874
1404009,359
1339522,296
1318327,19
1233545,14
1476335,15
1302373,15
1105644,143
1415361,123
1045371,136
1005596,120
1044413,115
1038816,99
1209003,139
1083324,144
1311779,131
1404668,100
1188630,46
1412947,46
1072334,43
1377155,48
1025414,47
1354738,45
1246940,55
1222461,52
1066086,51
1336313,44
1026962,327
1019750,282
1052756,336
1199363,290
1268913,336
1301467,311
1203194,410
1182935,451
1163522,482
1072037,383
1447951,15
1409401,15
1086420,15
1331890,16
1178120,124
1247967,126
1423994,117
1036223,119
1416797,169
1301576,158
1212594,146
1026960,145
1370443,124
1165387,113
1386562,238
1316517,734
1067207,218
1093937,215
1111260,235
1445136,212
1110219,1522
1398603,1314
1081181,191
1190478,166
1003254,258
1467189,248
1391034,207
1402736,224
1359141,297
1385854,229
1364965,261
1323652,307
1488422,323
1426492,231
1397082,46
1183542,38
1297522,45
1138417,27
1318183,27
1207002,24
1142667,25
1167396,21
1060989,31
1091688,49
1316599,28
1153086,29
1162850,28
1205495,38
1166342,29
1052895,28
1419947,370
1126746,348
1037962,389
1047146,330
1204425,779
1235062,723
1103243,539
1120213,455
1270215,1411
1279495,1030
1191198,55
1392035,60
1415566,67
1206608,99
1133034,50
1063358,28
1381777,31
1137331,31
1193871,30
1219698,30
1386138,23
1128376,25
1028398,24
1378005,22
1408874,18
1073159,19
1312708,22
1005967,69
1122653,67
1192154,73
1291405,75
1246214,90
1145228,95
1343513,92
1231000,84
1482446,24
1117272,20
1099679,74
1401233,68
1112808,19
1432401,18
1410871,28
1162651,26
1016899,31
1204132,163
1079439,172
1037012,177
1232389,177
1392405,198
1282001,204
1496357,209
1461201,188
1128577,177
1300341,138
1344720,30
1463100,31
1465046,25
1017841,24
1025415,23
1017556,28
1017987,23
1230486,17
1267865,180
1083326,152
1408065,139
1328158,145
1052607,188
1363852,140
1403750,175
1021705,185
1489126,190
1298290,139
1279562,434
1286209,406
1184252,461
1398745,403
1240758,429
1389985,379
1163173,471
1174671,427
1358679,386
1187231,323
1252109,18
1159089,23
1469555,19
1483071,16
1057435,90
1008958,86
1228910,78
1273259,79
1047684,122
1083469,108
1148001,95
1458865,87
1490628,73
1049275,71
1226940,136
1031082,128
1166031,122
1046186,113
1228900,117
1432549,109
1399393,99
1041932,101
1245703,103
1355224,73
1215604,45
1051743,46
1277562,45
1113170,44
1494387,45
1372244,46
1049141,53
1074239,53
1128774,54
1376540,47
1437760,325
1108262,287
1168331,318
1141138,258
1335501,282
1460874,275
1459975,327
1214021,302
1192427,286
1011073,215
1003568,43
1304019,47
1001350,50
1079923,51
1484969,58
1190493,66
1134077,87
1379147,65
1042262,61
1480338,53
1443390,157
1277919,159
1436754,181
1390757,150
1370531,171
1439508,150
1157260,187
1012488,141
1453079,141
1049953,98
1239800,67
1309077,33
1378564,34
1368027,47
1082858,51
1425354,43
1125176,47
1427076,56
1099647,63
1422391,51
1004160,176
1253731,173
1452541,180
1207513,150
1453485,153
1060476,156
1051838,184
1006214,151
1154326,136
1010806,142
1079506,22
1164049,21
1426844,68
1135475,83
1410231,26
1062733,415
1319141,383
1134128,417
1470083,369
1173705,423
1167231,374
1166855,490
1316448,533
1315318,500
1328973,401
1224798,393
1111734,388
1035513,400
1320280,292
1243378,911
1312036,998
1351501,666
1485680,433
1031838,398
1055470,328
1108200,121
1177218,146
1162136,143
1001218,116
1244163,153
1220606,135
1339373,182
1152169,198
1310691,199
1435894,99
1478521,131
1086088,105
1254550,119
1173254,101
1348587,108
1358767,85
1078871,141
1031293,153
1221401,141
1192753,124
1313303,38
1012264,38
1206239,49
1020767,34
1029535,78
1382856,50
1407934,45
1109538,31
1136023,27
1126260,79
1180004,77
1163284,120
1258768,78
1498538,75
1096137,96
1343181,134
1488101,146
1176648,122
1126581,98
1154721,17
1028416,16
1128999,16
1341159,18
1125927,47
1065645,88
1139142,82
1210716,106
1042827,96
1368817,55
1496025,86
1158456,66
1118651,62
1077192,44
1277378,98
1249354,94
1428806,144
1333703,98
1090094,133
1241511,126
1082030,114
1307675,173
1102882,205
1403544,141
1031656,110
1057468,111
1254869,112
1301393,109
1418380,117
1425208,121
1498214,135
1059414,154
1354141,163
1357261,135
1471596,21
1244888,26
1435749,133
1206662,137
1289837,16
1321832,20
1396477,42
1293366,30
1057374,26
1013823,25
1407630,56
1100203,48
1290556,51
1027327,49
1385322,89
1081549,96
1319225,127
1446058,66
1046977,73
1065843,69
1384266,36
1467641,74
1130404,80
1082755,87
1256784,66
1350726,31
1202811,40
1006695,38
1310669,57
1079853,27
1166693,73
1378906,80
1007982,93
1322216,80
1182054,181
1336720,139
1472124,138
1146016,135
1200229,111
1347107,88
1461518,24
1008079,16
1005877,15
1246057,411
1034621,404
1116418,438
1273111,306
1039920,359
1075647,331
1309041,457
1272308,399
1135659,387
1184324,319
1429396,446
1316018,1364
1147117,403
1499092,402
1373243,509
1168909,459
1124988,3081
1034545,2365
1386995,387
1481215,327
1485905,20
1446239,16
1365715,16
1214310,15
1125217,14
1077074,12
1066882,15
1201006,361
1352126,349
1320721,359
1207481,329
1174504,339
1279294,314
1223663,394
1285597,417
1131213,411
1251757,370
1316737,95
1336425,159
1175819,160
1405199,75
1206594,140
1104790,159
1374234,157
1488555,217
1050887,238
1136383,201
1326753,90
1066019,90
1324215,82
1480680,91
1365726,93
1050102,98
1472375,110
1320171,122
1357176,132
1057971,101
1422296,36
1375422,33
1121472,36
1348142,35
1427919,32
1133355,49
1225464,50
1296900,42
1337907,39
1245457,652
1324576,611
1054723,589
1240913,572
1403942,662
1004923,618
1429694,781
1029910,864
1228946,853
1119476,751
1153063,18
1387862,15
1338145,16
1010613,15
1411001,17
1254639,207
1062163,205
1314655,220
1214604,194
1499996,362
1076322,277
1295832,252
1059505,258
1435781,219
1450486,203
1400252,164
1043916,1453
1334266,97
1332401,128
1424541,149
1269115,123
1325639,2546
1413444,1850
1150346,238
1194832,129
1467164,527
1164908,468
1182446,515
1393856,453
1161200,501
1242357,473
1344145,645
1430031,691
1193698,661
1449017,571
1480348,27
1105352,26
1056548,22
1204384,19
1389300,21
1159245,26
1007386,19
1086612,49
1383381,27
1211544,16
1117090,18
1305028,18
1497650,14
1258805,30
1298831,29
1416755,21
1395061,24
1493859,31
1165027,29
1325065,33
1173236,18
1461461,319
1031143,338
1338319,350
1382544,256
1271586,1587
1269024,1422
1167686,525
1361654,451
1223632,2341
1333660,1826
1369149,21
1299994,58
1379722,45
1492813,76
1267473,46
1496114,19
1422934,23
1272585,27
1225073,34
1489149,18
1133031,46
1129020,31
1011397,27
1074564,16
1375237,21
1059977,19
1088641,147
1428749,158
1314335,167
1380138,143
1497901,141
1457740,144
1251460,191
1073802,170
1188251,162
1424484,141
1259215,20
1430121,168
1106796,160
1157026,67
1182802,47
1241573,31
1455381,269
1025335,283
1216649,317
1308574,271
1207111,268
1170636,264
1092905,336
1102625,321
1088738,285
1227946,223
1396228,35
1451374,25
1387655,22
1141553,26
1486055,19
1353727,16
1427372,85
1307655,83
1311140,86
1446095,89
1018911,89
1199464,96
1219081,110
1189218,124
1161886,121
1164974,103
1075689,248
1487402,231
1253839,232
1180477,202
1047246,230
1466888,225
1021666,261
1283025,290
1469190,316
1391079,265
1284482,240
1000105,295
1131405,326
1026786,284
1401169,250
1385345,286
1417732,350
1106209,306
1446703,273
1013495,237
1151385,37
1306511,36
1366410,36
1006403,33
1119932,42
1043407,51
1444521,44
1256754,44
1283179,47
1196826,162
1387452,159
1230711,176
1236120,169
1185618,272
1213184,195
1004268,222
1136398,214
1279574,188
1204333,159
1390444,56
1462554,151
1438751,128
1170801,95
1210459,87
1460994,113
1440018,80
1164610,89
1488966,59
1242930,36
1390101,34
1465566,41
1000399,37
1137195,52
1469869,58
1147978,47
1231088,50
1101374,304
1155055,429
1146684,438
1055690,378
1102117,393
1432286,390
1006749,527
1070762,461
1337657,410
1478088,367
1360628,46
1131297,48
1201315,48
1342955,46
1109874,69
1240433,71
1487214,99
1064794,68
1398521,71
1310802,62
1187527,381
1266277,423
1424653,421
1293173,430
1230491,474
1259128,407
1159755,623
1061646,477
1071202,464
1479720,328
1308655,191
1208083,67
1406102,85
1146795,89
1207125,91
1373978,103
1425009,124
1159178,148
1149792,149
1101270,131
1003426,569
1336097,581
1097994,612
1230031,496
1409887,547
1296679,523
1152195,653
1042129,597
1218255,526
1159094,424
1455053,120
1294863,115
1154504,57
1253115,42
1441342,33
1129865,36
1411712,35
1451554,26
1095043,327
1329450,229
1125836,297
1430034,237
1142440,293
1044380,214
1303629,294
1291262,283
1348532,275
1099484,211
1171803,273
1123524,282
1090759,317
1407952,252
1135688,690
1389266,632
1418776,312
1073552,292
1022559,267
1483098,236
1339708,105
1470087,91
1032828,99
1124041,94
1369678,99
1461502,78
1143046,101
1456341,107
1035674,106
1128260,104
1077741,64
1116828,57
1104430,31
1006876,61
1038889,67
1229088,31
1341616,42
1392433,32
1430712,82
1446867,80
1068263,81
1028358,75
1237914,80
1119781,77
1084443,100
1075103,90
1430774,99
1463395,83
1170237,27
1152704,27
1167595,25
1417527,22
1057642,43
1211529,71
1491460,71
1173218,57
1196727,68
1215876,51
1392155,78
1255627,68
1131296,66
1372817,26
1363668,32
1378609,24
1397881,138
1353011,111
1239441,20
1038504,27
1326400,46
1026836,33
1334475,31
1434413,31
1026176,43
1298077,45
1245848,46
1035147,41
1263020,74
1387986,92
1047301,105
1367333,49
1445108,49
1245784,128
1052527,143
1154093,128
1112092,155
1063008,100
1136777,61
1041377,73
1007970,59
1059438,52
1479835,49
1383133,89
1134647,81
1056045,86
1313529,83
1147431,85
1130814,83
1309558,98
1030937,91
1112119,90
1117017,72
1239136,72
1271587,70
1038585,71
1392239,57
1290122,60
1108124,54
1041100,60
1004768,56
1156294,42
1425233,39
1343050,217
1101383,209
1240963,213
1193266,158
1109229,196
1188459,179
1254738,219
1384680,174
1245643,176
1083613,157
1081347,453
1452904,781
1043817,398
1291371,374
1123762,455
1334397,435
1460060,2182
1360251,1910
1281762,370
1439399,359
1456841,32
1151987,29
1085268,27
1247499,22
1059572,24
1058761,23
1213428,20
1231149,18
1112851,17
1000917,19
1379980,216
1445903,207
1025963,180
1462601,181
1341646,181
1225833,140
1158773,186
1228545,180
1144060,182
1006721,149
1164093,64
1435780,58
1061961,60
1440940,64
1160251,60
1477670,58
1356831,69
1156352,67
1344824,67
1314386,56
1485491,417
1493366,371
1244054,395
1339975,468
1493137,522
1482630,518
1237519,644
1414111,623
1290325,686
1064432,561
1029248,26
1106987,26
1366046,26
1359583,26
1380921,25
1369493,29
1289695,27
1110768,153
1338863,148
1382552,144
1465531,135
1241642,148
1344808,128
1268761,180
1092893,149
1219577,160
1197753,127
1067587,254
1030802,672
1058272,216
1469310,200
1135977,210
1457455,210
1336420,1488
1044036,1323
1089556,196
1330753,150
1104767,442
1331057,447
1203291,419
1325692,412
1200019,444
1101366,515
1410252,560
1412366,557
1491157,407
1159926,82
1148781,76
1420464,86
1310990,50
1195644,58
1491489,47
1143648,74
1128910,38
1439261,36
1139047,77
1098155,68
1202577,70
1149766,41
1375995,43
1028380,38
1490332,46
1415018,43
1152702,36
1203390,24
1420693,38
1076949,35
1473548,51
1445518,28
1486977,28
1205567,24
1417445,59
1008417,32
1094914,31
1335339,28
1489978,406
1143124,391
1478947,402
1341530,344
1448998,899
1460556,934
1425588,634
1447660,534
1204319,1592
1152041,1075
1031113,77
1109588,89
1042999,89
1121263,122
1272311,80
1035417,46
1488435,48
1110234,52
1046452,43
1154396,37
1161124,67
1012281,36
1440975,38
1028809,18
1052765,36
1272908,32
1431024,23
1133290,21
1235620,21
1484884,19
1348620,117
1319291,112
1141726,129
1401741,105
1489392,111
1139984,114
1131770,137
1194241,156
1065106,134
1386594,133
1268551,108
1073089,119
1139610,41
1329960,33
1355420,43
1311633,33
1337310,37
1148023,25
1441522,165
1138443,162
1135202,157
1107821,139
1188980,156
1416036,179
1301771,171
1088259,165
1270555,158
1272194,138
1499793,52
1309793,47
1350159,39
1269768,37
1100287,32
1167804,34
1192141,38
1402406,30
1340231,28
1419886,23
1260343,204
1182877,245
1217356,243
1379965,244
1441304,225
1448107,211
1063294,207
1023485,248
1253042,256
1336992,202
1449051,217
1468878,226
1433312,262
1189831,244
1350933,238
1499642,216
1002220,250
1354819,252
1175159,245
1273334,197
1167786,51
1301245,52
1254662,49
1406214,46
1455960,46
1049062,43
1433561,56
1187892,47
1492015,46
1034544,39
1263414,94
1475968,99
1213459,97
1098128,92
1166118,109
1044631,85
1170333,101
1436012,88
1190243,85
1411936,68
1462062,107
1462250,140
1478840,119
1272125,111
1173592,137
1082757,104
1315888,118
1228962,102
1218951,119
1450157,83
1261300,95
1168313,95
1363268,91
1110969,93
1065108,82
1075576,91
1195998,113
1107358,118
1346015,118
1341848,106
1117382,203
1336905,202
1029565,242
1220068,203
1323831,212
1064599,202
1427131,252
1042031,233
1468651,220
1208468,182
1177476,117
1295274,123
1273741,123
1342863,118
1186787,212
1476397,176
1405693,224
1087697,112
1383887,129
1310014,117
1096435,293
1230201,326
1327424,338
1132325,269
1273416,345
1205384,287
1262956,350
1122503,276
1151545,288
1154377,208
1364266,186
1011680,63
1119959,75
1158717,89
1065220,79
1019539,85
1280259,103
1026271,118
1397525,130
1293237,106
1253918,277
1360008,253
1474314,272
1161152,208
1177267,231
1107037,213
1173268,267
1267108,220
1037485,244
1368561,198
1187183,26
1039161,23
1206949,117
1295773,76
1173347,33
1296351,21
1117059,28
1399077,26
1082409,43
1067565,461
1139300,343
1208174,389
1011793,338
1154581,410
1385320,334
1439856,434
1340904,415
1171791,431
1071982,359
1443474,397
1451076,377
1435826,393
1191886,296
1263052,926
1263612,935
1233431,458
1036701,368
1492648,371
1193094,296
1430287,155
1058569,149
1492697,159
1056546,149
1204210,168
1224718,147
1053778,185
1030896,183
1088431,198
1032604,159
1278927,41
1313959,53
1034410,49
1169758,38
1054997,95
1091093,91
1440267,40
1139782,47
1022113,40
1044881,31
1406716,198
1168881,178
1213366,189
1086686,180
1061143,182
1017207,168
1414578,211
1102297,207
1216870,213
1373185,178
1251629,31
1156628,29
1160666,30
1298962,26
1053397,29
1056878,29
1111308,32
1479578,30
1288087,30
1471120,29
1046475,56
1493330,107
1444927,88
1213229,86
1439048,74
1289710,65
1139483,97
1330572,78
1278620,59
1482738,32
1436768,52
1187402,56
1484931,245
1160983,145
1204951,33
1323946,32
1139023,58
1017883,45
1452460,44
1368853,35
1206015,61
1081991,67
1052440,68
1251515,68
1177457,90
1143868,100
1012312,117
1082444,73
1231667,85
1294198,75
1001589,106
1245764,157
1173024,155
1140780,202
1099951,82
1276819,50
1042565,68
1334897,62
1079864,48
1455309,44
1249865,147
1060602,163
1183244,157
1451782,156
1134905,201
1183036,180
1388259,155
1037543,169
1034628,150
1252651,144
1033716,84
1290880,82
1277555,79
1018412,69
1237270,69
1091196,60
1393399,74
1291765,62
1315398,39
1386568,43
1252163,268
1380398,274
1436318,277
1065215,230
1079999,274
1278358,254
1497315,304
1349361,273
1168663,256
1364764,221
1382522,380
1278260,1080
1499444,300
1395990,324
1490371,384
1239951,373
1336054,2937
1377724,2083
1237631,304
1286591,318
1032092,23
1412836,22
1096428,18
1023786,19
1044596,15
1247191,15
1458427,16
1341137,15
1216688,283
1474661,245
1309062,272
1437313,237
1095693,239
1268258,185
1284565,251
1124262,246
1054665,257
1112624,198
1030655,139
1442612,144
1059397,148
1254831,146
1033383,143
1358859,142
1091267,168
1106379,169
1398968,166
1413888,150
1316160,668
1419545,647
1062437,645
1181575,745
1143023,787
1278339,725
1282203,864
1080746,939
1296937,944
1210564,840
1498130,28
1423053,29
1162538,28
1156343,28
1155176,27
1140696,25
1348589,25
1274735,26
1144733,156
1471235,163
1133933,165
1301416,151
1197228,306
1390628,242
1265180,202
1034409,195
1125602,176
1331846,167
1219136,224
1111993,1132
1130159,115
1447928,172
1425338,203
1144306,187
1054489,2404
1164986,1945
1031723,182
1066069,175
1022008,482
1438700,458
1314739,440
1316314,458
1050661,483
1317396,493
1179891,612
1035233,642
1011404,635
1306324,566
1311882,58
1262231,59
1044776,57
1388783,62
1124343,46
1343601,45
1424831,50
1366075,46
1117973,30
1412333,27
1232239,58
1443246,74
1231783,73
1047398,34
1436104,38
1411819,37
1126514,42
1432466,34
1332733,25
1052922,36
1445257,48
1397451,32
1335660,50
1113039,57
1259989,33
1435221,53
1423989,62
1007274,34
1248694,468
1231562,442
1130546,442
1484346,395
1442704,1518
1231053,1448
1483761,606
1347385,555
1330482,2701
1185291,1778
1224132,87
1317197,98
1241367,87
1390190,129
1072198,87
1244605,42
1202906,43
1148817,41
1210527,68
1482028,37
1251007,37
1356261,18
1468996,28
1048360,27
1207133,21
1183999,24
1042446,19
1427250,21
1105380,154
1243006,144
1095300,160
1483804,145
1354048,153
1179559,143
1254839,169
1458313,176
1081002,181
1491158,149
1163656,148
1103189,139
1106730,34
1146782,57
1347859,39
1309782,38
1211246,164
1296046,167
1025817,176
1324612,165
1473661,187
1261002,194
1352677,214
1025143,206
1292861,194
1104929,160
1430481,33
1207788,32
1065786,31
1375055,27
1430795,27
1278380,24
1091685,28
1464998,24
1341777,21
1138248,289
1490626,314
1281487,304
1082441,279
1482938,289
1184923,293
1326973,333
1192047,350
1267180,376
1246324,384
1097109,338
1173687,358
1131198,426
1310234,402
1065673,412
1213540,348
1274015,414
1077171,407
1296692,384
1012505,354
1257968,65
1225233,68
1377517,65
1114069,63
1427908,61
1079074,61
1139550,71
1171872,58
1371558,58
1207630,170
1045125,196
1497213,176
1258001,178
1079563,294
1179847,247
1064410,190
1376454,193
1181980,184
1477762,164
1181474,80
1220195,113
1137571,119
1168297,106
1353136,120
1472975,101
1433727,128
1473901,97
1191319,99
1416495,87
1226362,159
1058055,161
1237424,166
1097480,166
1239094,160
1427548,160
1134215,179
1101934,175
1227132,185
1107600,169
1074380,217
1040219,343
1075922,368
1483577,418
1187970,292
1226360,313
1189058,394
1037004,351
1069941,372
1433285,321
1105113,254
1277408,245
1085386,250
1407082,253
1385752,307
1212643,298
1021280,334
1402014,256
1242573,280
1204789,239
1008328,281
1356975,342
1426728,352
1376105,346
1030585,363
1413560,341
1046211,434
1466477,309
1464177,350
1007464,260
1237346,202
1016003,96
1366429,119
1454944,113
1159279,111
1255341,135
1168385,170
1414891,206
1455705,219
1099051,179
1133067,300
1333880,305
1359714,317
1108942,267
1270430,300
1158007,276
1073033,324
1035826,287
1394665,269
1325149,227
1148964,40
1301591,37
1054238,105
1432687,120
1369820,19
1142224,32
1222928,39
1126137,32
1289761,36
1105042,27
1300295,73
1175047,73
1470434,96
1130199,60
1137849,74
1199578,64
1242043,77
1375038,69
1027496,38
1204718,46
1195576,476
1446499,425
1195279,459
1010758,397
1354889,440
1347174,388
1101194,543
1152426,582
1425660,513
1486207,429
1202850,426
1392817,479
1416778,464
1371311,351
1308810,990
1458963,926
1145504,655
1266884,570
1194501,475
1054423,388
1295451,52
1456593,48
1367486,9
1457634,87
1270934,24
1143105,36
1062418,120
1368546,107
1200473,149
1130835,137
1047685,117
1126061,128
1163821,163
1169619,180
1401462,149
1073198,133
1199424,31
1017200,41
1257467,33
1050839,27
1108091,89
1041705,40
1233321,37
1368544,34
1475574,31
1030570,28
1059894,121
1389405,104
1288556,121
1126299,109
1201059,96
1105093,89
1053387,128
1009972,146
1273474,136
1142240,115
1089204,16
1333903,16
1088611,37
1089153,69
1042206,48
1268813,61
1233183,47
1073477,81
1200055,46
1027765,41
1336904,64
1290936,85
1077142,51
1052585,51
1466748,98
1311945,55
1382023,49
1162454,48
1430846,74
1062961,96
1100322,93
1394157,91
1045296,97
1383490,101
1420177,111
1393398,123
1127680,147
1197145,184
1443014,177
1135504,16
1039343,141
1452266,128
1297518,28
1148882,42
1210043,24
1345687,27
1377152,27
1124601,26
1492708,27
1163223,20
1339037,28
1256412,50
1231690,47
1253859,33
1436052,31
1174062,34
1228388,49
1474450,107
1097238,141
1227931,155
1329104,108
1006640,68
1046575,65
1146138,58
1191939,38
1484976,138
1489133,142
1288241,146
1225058,140
1093359,251
1175825,214
1003353,197
1286252,185
1322978,155
1299602,136
1432390,21
1251736,23
1496308,20
1017856,14
1058968,18
1190208,395
1345826,383
1141415,401
1008850,302
1327250,353
1495708,301
1104677,435
1160493,383
1320703,343
1027062,320
1322431,605
1268993,1861
1144211,506
1489736,522
1175246,600
1125431,576
1412006,2725
1241406,2412
1118679,584
1342717,494
1299363,19
1273355,16
1240489,15
1210148,16
1328963,13
1439151,329
1403041,312
1374095,343
1465788,334
1145397,304
1315899,271
1174807,338
1135854,381
1033339,375
1021348,302
1208448,53
1213834,72
1394883,64
1294077,65
1234987,50
1450781,70
1254800,99
1158154,122
1308725,120
1446887,123
1262361,116
1451679,112
1418604,117
1078051,116
1208168,136
1041890,155
1378832,191
1159213,173
1093737,25
1200754,29
1143224,28
1297207,30
1428215,26
1341299,39
1272207,39
1085056,35
1481640,350
1031471,346
1241213,355
1055152,345
1075123,402
1365959,345
1195304,476
1211091,490
1373638,643
1091949,604
1393810,16
1103739,16
1064148,17
1355980,225
1185374,234
1386984,246
1485511,210
1287135,399
1470658,306
1199186,257
1042536,256
1003304,232
1364923,201
1085341,312
1331710,1728
1275541,226
1341427,228
1190610,286
1470105,258
1059086,2487
1170745,2089
1190647,330
1217666,249
1317164,203
1404058,212
1099698,205
1225205,188
1120109,205
1317198,209
1485133,280
1011810,294
1212950,429
1022775,374
1308216,33
1001837,27
1010451,29
1163875,23
1044014,16
1011280,13
1492792,29
1464863,29
1361159,25
1156261,28
1239283,26
1246844,46
1382200,45
1040381,33
1383194,30
1483614,567
1158128,542
1352318,539
1229307,501
1420379,1457
1130528,1357
1066609,831
1486088,751
1492838,3621
1328470,2407
1081769,39
1427746,106
1389098,87
1205560,105
1273304,63
1342728,30
1430130,42
1488705,46
1114349,55
1282630,24
1187473,63
1318026,28
1155627,21
1236638,12
1367579,23
1386706,16
1127458,23
1347832,157
1081122,148
1135583,185
1317214,170
1108123,139
1259625,135
1030257,214
1044613,190
1091363,197
1227543,176
1188655,15
1457066,95
1136292,63
1094514,43
1002965,39
1213573,28
1490689,28
1271981,439
1483269,416
1187987,488
1048292,446
1311383,481
1272295,458
1091585,524
1153982,558
1251268,470
1284150,403
1286897,45
1248048,40
1005493,35
1267340,32
1239904,27
1277516,23
1303470,28
1481719,22
1402112,19
1027373,61
1053078,55
1246247,57
1445153,61
1131144,64
1022645,65
1347554,78
1036573,92
1190178,119
1053533,108
1304520,128
1419372,123
1288833,134
1435274,110
1314299,124
1451163,114
1230602,136
1223589,171
1313223,174
1425457,131
1449224,212
1204575,212
1142402,253
1023335,235
1247584,208
1156954,230
1311902,295
1442346,240
1108742,229
1345988,184
1298775,22
1395159,24
1303699,25
1176341,24
1435013,27
1324100,22
1375569,244
1222642,235
1008853,259
1498918,232
1109016,416
1331054,324
1054844,281
1053706,264
1379618,242
1466164,214
1374168,56
1041129,86
1279473,76
1325155,87
1113630,69
1025725,66
1420947,94
1281621,73
1380927,62
1030996,48
1359223,39
1207971,41
1497598,45
1002230,43
1361399,42
1145097,37
1029048,58
1182337,58
1471562,55
1057859,51
1246239,257
1346290,321
1239205,365
1365667,278
1363773,273
1438163,290
1124497,381
1035904,323
1217859,294
1032275,255
1094996,26
1458686,26
1260284,27
1049246,46
1032350,50
1227412,76
1022589,41
1210589,44
1483750,228
1279331,216
1285467,222
1239556,228
1177527,251
1497342,234
1479242,315
1457016,226
1113685,250
1222266,95
1130670,50
1221942,49
1335895,52
1347237,49
1335483,64
1201957,82
1245394,91
1283139,78
1159875,281
1068162,281
1304851,322
1031011,247
1366117,260
1081454,236
1155890,354
1143009,288
1109837,266
1420026,216
1073318,12
1219979,16
1417619,92
1310817,64
1163382,16
1182396,32
1054132,24
1360123,18
1256829,21
1122414,19
1469496,11
1490414,20
1281725,252
1285268,216
1385760,226
1467681,194
1237618,223
1097503,181
1041008,227
1191686,268
1110858,243
1009792,182
1153258,187
1261101,191
1003559,221
1147045,175
1212345,612
1209256,461
1033560,232
1099076,177
1249361,182
1003543,159
1366721,93
1369157,92
1357947,108
1034851,106
1441985,106
1444957,106
1036924,139
1018734,114
1040888,120
1209466,110
1247389,35
1446359,43
1301912,41
1400145,36
1235060,78
1074206,58
1276086,36
1282178,34
1258552,27
1084942,17
1154649,80
1155410,79
1155845,81
1128430,79
1196226,75
1399997,78
1412783,101
1384724,91
1446797,94
1430688,89
1397921,19
1486556,16
1030646,18
1195477,18
1086065,72
1287867,92
1366235,89
1068779,77
1082221,87
1300287,77
1104414,67
1394387,50
1065082,55
1261807,56
1399983,16
1392715,64
1411551,101
1210413,11
1321360,27
1427732,35
1381451,38
1273296,37
1175998,39
1072824,51
1470215,52
1430558,68
1166112,40
1203344,47
1299061,44
1342610,89
1096847,158
1072878,129
1124042,218
1466895,86
1497250,59
1387934,61
1085459,62
1492225,55
1142718,46
1457058,100
1424908,82
1200217,84
1044787,75
1364727,92
1307772,81
1237451,81
1223865,78
1294200,70
1427298,60
1213120,33
1128126,30
1085143,32
1230402,30
1181195,27
1241991,30
1319873,24
1069963,184
1304127,179
1313628,197
1361296,170
1026014,178
1489921,164
1120076,216
1304941,163
1481457,165
1458967,145
1064603,481
1280020,828
1080428,431
1364032,431
1340335,500
1192024,477
1062785,1909
1365356,1634
1160539,444
1436896,345
1207359,25
1249113,19
1412865,19
1299237,17
1185486,16
1478163,16
1155205,15
1004297,146
1237737,123
1230705,123
1319258,113
1267633,111
1168400,97
1294658,99
1109580,102
1394030,106
1296678,75
1345635,55
1364763,54
1109062,52
1316392,54
1098691,50
1312916,48
1494672,63
1288751,61
1447072,61
1144125,50
1165135,247
1365978,201
1425692,217
1352787,313
1106798,294
1151845,245
1446773,342
1000259,370
1361688,385
1339452,275
1266036,17
1355728,16
1359687,17
1490276,17
1110725,164
1051747,157
1409553,160
1155898,160
1331091,163
1004645,144
1484601,182
1176259,160
1164274,154
1175834,138
1227396,275
1475697,799
1275455,227
1098208,210
1100709,236
1141206,203
1393239,1648
1496220,1227
1117606,202
1158804,191
1280129,163
1114886,167
1163765,176
1406367,181
1142814,270
1294699,202
1379642,232
1244589,253
1100387,281
1323102,195
1177540,32
1136502,31
1491362,37
1250840,30
1016153,27
1050973,32
1358467,27
1436626,25
1181846,74
1133369,57
1372452,46
1105445,43
1233676,34
1248416,34
1170610,38
1236319,24
1290214,21
1488157,33
1479779,34
1427043,31
1310388,29
1015884,61
1180421,28
1359547,62
1410710,32
1446311,40
1452837,23
1477870,452
1215216,398
1285681,449
1314990,364
1337450,896
1095122,981
1164460,716
1260186,557
1268073,1801
1264095,1262
1312991,51
1223786,103
1252201,81
1008278,110
1040076,48
1365093,39
1478529,41
1376960,42
1286449,34
1059103,25
1342550,51
1427813,33
1468070,35
1198993,15
1096212,23
1175396,25
1055343,20
1027386,20
1027603,22
1126082,54
1095804,71
1284871,75
1412582,61
1352134,79
1014758,62
1239271,93
1343596,84
1343455,84
1259932,87
1319798,21
1315760,130
1399760,76
1293278,27
1225808,31
1407284,30
1118637,24
1003511,171
1388877,178
1183200,179
1031478,212
1481797,237
1450040,193
1391988,209
1325950,205
1034337,188
1401405,154
1309036,27
1486121,29
1094193,26
1238414,26
1257291,24
1339559,24
1078324,24
1189106,20
1422129,19
1158245,18
1170036,84
1467615,73
1024239,57
1495288,76
1214497,62
1135850,68
1463434,66
1181187,92
1044453,97
1239433,62
1490132,393
1480622,420
1345970,468
1002734,418
1071118,396
1209765,415
1377968,515
1180975,457
1197780,438
1138204,345
1234971,30
1296050,28
1007089,25
1085266,25
1488516,27
1410651,23
1162178,130
1028250,125
1162284,109
1153095,104
1089838,125
1400665,95
1383706,98
1123698,99
1148219,98
1369726,73
1487745,140
1258801,164
1394487,164
1386178,151
1033130,168
1123301,141
1189931,151
1213578,121
1392146,121
1172957,90
1004822,53
1447907,58
1027560,58
1475205,57
1317475,55
1143854,49
1487269,67
1110968,81
1361934,63
1124862,61
1479327,262
1034228,302
1016160,325
1116053,270
1296120,286
1027940,278
1120072,320
1142743,318
1498844,290
1254537,230
1010463,53
1297352,55
1050702,56
1155579,50
1133161,70
1324163,57
1338945,93
1320612,62
1371459,65
1104555,59
1347240,151
1443123,154
1155221,179
1052491,183
1145651,173
1408518,148
1388157,189
1165523,136
1023502,135
1292007,146
1280466,63
1285179,68
1180700,69
1145185,66
1436680,67
1202037,80
1131039,93
1247144,109
1423783,128
1080009,132
1216295,134
1150345,101
1005265,118
1453080,105
1427992,133
1319455,109
1198216,94
1256336,102
1152804,16
1439914,22
1097710,53
1257810,93
1302677,26
1154154,24
1337180,25
1056340,23
1279269,27
1152002,24
1329468,23
1402266,463
1292844,469
1349547,454
1001035,372
1311694,438
1338401,395
1285535,516
1493498,567
1306863,508
1031721,406
1220913,430
1410292,470
1163414,444
1105889,292
1179154,980
1082621,1141
1164863,575
1392002,487
1150054,468
1431400,391
1492231,208
1036457,154
1335135,215
1158436,205
1364866,210
1401916,203
1333504,220
1426546,227
1487694,262
1371620,180
1082679,155
1152188,151
1112827,158
1432923,158
1327449,145
1131015,151
1058774,177
1031584,166
1295532,177
1314481,175
1367157,54
1203857,60
1144711,53
1080313,42
1096602,110
1004511,78
1003574,47
1136626,51
1357905,44
1359107,32
1061395,157
1343240,137
1427859,165
1374160,149
1231678,140
1155753,127
1250372,146
1006089,157
1128300,170
1108889,156
1161719,19
1412839,18
1345390,21
1208097,66
1200860,94
1071175,96
1377468,83
1035511,69
1083867,92
1217287,60
1492759,241
1393518,244
1459471,219
1335272,250
1013130,240
1441346,265
1289569,289
1318211,286
1100972,360
1062346,288
1337818,128
1141482,125
1076650,128
1123940,134
1037301,141
1235133,144
1309929,166
1385475,193
1282871,200
1222112,162
1286976,44
1469796,50
1340685,296
1190687,280
1032024,57
1045292,31
1329344,58
1060659,48
1003967,42
1460613,149
1327688,146
1057303,149
1233931,143
1123396,208
1248066,193
1334332,223
1284319,128
1091082,154
1006636,145
1118546,74
1477507,159
1402350,156
1307281,201
1269672,122
1388621,48
1363690,65
1396538,64
1432230,68
1432434,46
1157808,123
1300805,116
1402946,109
1075510,103
1350471,218
1300102,174
1314991,117
1434599,116
1061560,116
1033765,103
1201769,76
1262439,67
1063388,70
1374518,69
1382830,69
1308127,59
1195303,73
1389536,73
1218017,47
1311218,51
1017920,321
1464492,340
1447167,335
1150968,255
1325663,300
1491428,260
1267263,340
1055918,311
1087693,294
1356066,233
1206999,299
1220242,1200
1158723,195
1004679,371
1436738,386
1411737,346
1322953,2738
1485619,2345
1451702,311
1028427,289
1021833,33
1403718,27
1159072,23
1296434,21
1050306,19
1482885,18
1426257,377
1071899,353
1017674,350
1307337,333
1299070,377
1450331,301
1492206,390
1038082,417
1053057,418
1328779,368
1408726,269
1316397,192
1470572,282
1069529,186
1144116,238
1445719,265
1076655,272
1081706,321
1387906,360
1049778,269
1050836,97
1328615,95
1065297,85
1261401,95
1469920,93
1478651,102
1441997,110
1291316,116
1444966,126
1102147,105
1049400,50
1375249,53
1018609,54
1111529,55
1272559,53
1026662,58
1366360,57
1302524,55
1267165,1053
1262997,953
1088775,954
1217709,950
1430418,1036
1275478,957
1435295,1193
1346982,1298
1160970,1321
1310566,1158
1244866,26
1484515,23
1402186,22
1228789,22
1150337,25
1475694,24
1476370,25
1092027,302
1174462,230
1309288,234
1325177,224
1371419,579
1372954,459
1219907,293
1044361,261
1000595,251
1424899,246
1220962,154
1059573,1308
1371967,71
1008058,124
1307575,153
1482143,123
1167859,2674
1151969,2108
1327497,152
1021678,147
1414458,557
1306516,509
1180610,511
1323085,490
1212285,523
1039279,518
1395825,665
1386899,689
1216036,657
1225001,578
1055980,38
1163248,41
1248223,44
1115289,47
1175889,44
1104604,38
1493205,48
1461580,47
1116567,22
1056911,43
1165133,49
1045201,34
1070414,38
1221347,35
1305920,40
1402463,40
1274256,35
1246396,33
1005749,32
1347755,33
1462314,26
1427008,34
1376522,48
1331312,46
1439245,37
1287196,48
1121802,480
1083360,386
1387604,401
1297521,322
1148106,1620
1054831,1544
1340381,692
1471793,573
1214188,3100
1358310,2469
1154235,69
1170609,73
1411927,99
1295307,50
1284250,23
1201392,30
1041425,39
1387685,59
1458669,25
1388858,103
1402783,68
1158859,36
1237454,37
1307597,35
1439838,24
1169331,35
1448891,215
1144366,197
1201215,209
1014486,193
1076076,189
1197521,179
1448108,205
1464025,203
1050487,207
1300350,196
1244383,38
1209362,46
1175433,297
1041996,224
1281845,50
1481458,34
1226086,60
1324219,55
1151124,40
1216755,37
1333438,218
1489328,224
1477002,231
1098852,195
1164983,212
1290361,200
1256809,239
1186105,239
1393199,222
1017459,187
1022949,48
1144435,43
1080644,37
1433984,31
1377389,28
1364496,31
1026523,26
1002825,23
1136894,102
1179973,106
1042531,104
1216221,105
1462430,106
1249510,104
1276527,115
1205823,129
1448426,131
1028218,110
1105486,284
1495174,319
1004376,298
1320784,247
1489187,287
1318303,259
1481749,306
1216902,341
1184723,376
1226502,309
1461216,194
1105982,236
1040547,236
1024773,311
1237216,178
1084227,217
1444516,264
1412875,238
1425330,203
1298435,178
1143296,42
1218455,42
1305125,41
1041777,40
1377731,44
1438743,202
1339840,198
1445860,198
1312582,194
1354697,311
1107407,228
1085344,195
1165006,192
1369299,189
1398637,163
1223814,80
1183147,106
1221280,102
1272917,98
1022602,77
1457798,117
1145318,84
1291779,86
1071387,49
1161381,62
1463809,62
1043945,61
1428660,58
1231167,62
1263934,62
1283930,75
1165506,78
1246532,78
1167940,74
1006832,149
1388700,227
1139792,252
1092679,215
1441471,211
1453398,197
1055317,297
1403310,209
1014083,211
1136618,181
1269949,91
1015470,91
1209078,87
1029273,121
1224671,143
1249789,169
1127161,112
1459424,131
1255187,122
1273610,855
1494860,801
1469809,670
1289384,757
1440943,739
1455095,680
1356813,824
1435344,681
1250601,717
1388615,593
1014137,222
1220175,126
1018456,156
1396001,177
1128557,166
1097352,181
1362664,196
1282704,242
1322287,259
1382848,206
1363870,401
1070361,364
1157864,388
1125057,303
1359188,341
1334054,328
1272692,411
1026490,361
1181159,325
1085144,283
1220086,35
1012081,207
1494281,200
1268702,37
1155654,46
1389451,67
1456024,45
1476914,35
1214790,61
1314337,57
1027602,57
1372056,62
1301451,58
1361172,45
1241383,64
1379284,63
1235705,42
1182403,31
1348084,143
1052783,132
1198932,148
1316195,115
1354895,120
1080862,106
1201850,144
1268084,150
1476536,120
1251873,86
1305176,90
1383497,100
1037756,112
1139395,32
1292208,176
1217371,230
1236727,133
1066688,123
1050944,89
1489321,71
1209309,97
1003753,109
1377975,116
1173009,108
1125362,99
1089147,78
1032271,123
1304946,119
1313934,108
1420456,94
1435029,14
1268871,18
1446385,22
1137736,18
1464178,23
1129429,12
1173914,16
1209410,43
1286612,41
1349508,35
1094927,37
1277410,50
1179754,32
1319597,27
1139374,12
1046291,9
1017579,38
1269118,53
1430936,7
1020389,65
1397322,10
1222271,19
1292674,62
1437835,59
1397433,40
1318618,17
1003233,12
1020071,21
1026349,21
1057370,26
1267098,13
1374721,12
1264193,18
1001959,30
1114825,23
1063760,17
1256517,20
1444323,119
1063688,127
1267215,125
1225113,115
1001235,127
1260541,114
1488536,143
1416203,132
1394998,105
1425594,84
1319480,87
1101584,99
1169870,105
1098498,81
1363190,91
1130649,81
1492037,124
1151988,105
1044024,93
1426570,83
1031682,152
1434359,391
1012465,171
1005381,134
1224590,165
1172089,151
1403309,901
1092034,798
1236029,124
1168852,129
1099677,141
1093858,136
1059843,149
1012745,131
1430112,122
1479236,114
1103994,149
1093267,170
1173814,143
1082751,18
1310040,68
1495262,85
1472174,79
1251039,18
1039265,20
1208172,16
1112432,17
1409411,22
1451100,18
1074440,17
1034558,66
1176365,75
1094576,80
1392466,65
1055474,79
1217360,59
1271801,102
1345064,128
1401294,123
1024879,76
1057421,148
1246771,147
1232056,158
1034367,147
1033617,167
1003218,163
1481969,184
1038947,171
1396320,144
1043673,125
1034125,93
1007900,438
1104045,78
1349952,57
1183866,86
1398163,75
1188811,664
1431359,652
1022402,94
1113928,65
1147078,65
1065907,64
1354825,67
1177980,73
1201164,76
1003099,64
1002495,113
1365578,120
1419626,97
1195370,69
1297532,18
1192446,14
1039474,12
1282502,8
1190011,186
1061568,174
1389377,194
1358438,157
1089351,661
1474431,554
1323284,262
1355349,205
1419613,826
1367988,626
1283225,19
1203085,30
1190203,18
1446915,15
1119724,11
1070558,12
1139943,28
1184750,143
1496674,133
1066650,136
1000985,148
1486680,124
1341774,111
1339391,165
1308505,187
1435633,149
1386849,137
1379099,54
1219650,50
1356379,32
1380958,131
1342952,133
1339521,158
1093789,143
1403569,140
1352929,116
1380785,164
1278694,166
1460527,129
1361358,114
1459822,51
1305254,60
1451735,65
1129026,45
1148456,54
1219726,48
1430307,78
1253049,70
1432323,40
1348068,85
1244298,80
1260622,92
1349633,77
1150838,84
1030243,92
1220817,122
1246990,96
1149550,78
1231529,70
1317716,126
1126370,126
1008110,139
1423383,130
1004659,150
1038509,133
1407977,150
1026691,153
1024597,127
1116633,101
1345747,28
1420393,29
1358056,44
1406018,27
1035550,32
1097311,26
1192832,15
1176978,21
1171909,24
1428117,19
1423315,22
1265837,22
1356525,21
1205477,18
1428458,120
1228888,138
1497243,168
1318753,121
1355554,114
1059984,148
1094135,186
1316514,155
1205603,127
1222855,115
1220274,56
1271480,55
1342721,62
1336270,54
1364688,59
1281752,56
1093297,81
1027654,47
1365653,46
1425548,25
1008773,17
1008574,18
1108380,20
1345723,14
1280856,26
1217729,29
1312629,77
1343650,74
1343822,85
1325627,67
1240091,70
1027368,57
1235410,104
1360992,86
1069927,60
1160894,40
1433729,221
1074540,192
1209661,214
1407586,179
1258824,198
1463585,165
1240414,210
1347735,240
1456243,230
1294366,153
1267876,145
1494455,144
1214425,172
1363784,124
1418399,621
1055166,482
1281197,187
1142620,162
1392306,143
1143676,129
1136999,73
1287425,77
1111884,82
1387039,72
1463169,75
1083258,69
1490887,102
1006545,91
1400409,103
1240207,90
1173342,37
1306896,43
1010409,31
1394810,70
1077316,58
1135228,26
1302997,28
1102705,26
1148385,22
1427360,124
1079149,82
1075559,14
1325619,13
1276615,72
1191397,96
1257720,86
1217814,86
1169274,92
1447542,63
1466039,68
1066597,50
1096629,70
1266012,37
1271431,91
1008008,14
1095570,24
1055136,135
1336000,193
1472836,184
1191333,173
1235816,135
1483921,59
1395368,78
1094038,71
1105815,57
1314631,49
1026138,99
1191882,89
1344759,89
1411078,92
1369846,113
1109552,88
1381175,114
1192894,111
1001951,98
1421430,65
1429773,194
1240373,219
1467559,229
1242372,153
1242379,177
1218259,172
1142876,231
1403767,180
1232994,163
1107845,147
1066977,520
1467682,867
1085069,483
1418851,463
1217236,537
1174458,507
1195403,2609
1220035,2141
1462839,442
1287164,341
1001071,18
1429537,16
1378787,13
1347235,184
1247051,110
1076387,119
1443855,114
1028510,108
1219752,88
1179883,118
1204147,125
1000796,108
1314952,90
1442368,23
1384173,25
1104417,21
1377616,23
1253092,32
1064390,30
1374399,29
1145942,24
1306281,85
1042427,97
1039235,110
1270474,121
1387994,137
1204001,117
1146761,165
1160004,201
1274185,225
1271542,169
1124445,13
1417329,13
1468716,83
1049153,94
1418671,93
1440725,87
1043632,102
1131507,79
1109600,130
1024610,108
1404758,93
1337054,83
1152418,299
1461002,868
1122525,293
1359951,233
1345367,253
1292317,245
1375107,1895
1301610,1637
1150676,211
1116620,183
1299709,115
1454164,128
1068339,136
1131994,140
1452032,142
1268214,124
1261241,148
1209168,175
1106716,187
1104690,145
1179493,17
1048344,9
1186948,44
1435035,57
1376824,46
1298051,19
1020593,18
1177502,18
1156704,15
1191925,27
1058785,41
1471133,29
1071254,26
1087869,21
1437124,27
1440286,26
1115564,22
1314342,394
1407720,338
1050572,428
1471014,330
1102279,848
1073296,666
1001420,510
1310282,416
1214363,1789
1203613,1255
1118702,71
1345691,132
1013458,108
1414435,124
1102838,72
1356018,43
1397416,55
1024198,53
1069242,49
1492637,31
1194849,64
1248010,89
1419217,73
1328270,69
1454997,81
1067822,79
1258110,85
1348027,84
1256555,117
1181713,104
1414766,107
1017146,89
1287363,43
1056033,51
1198423,21
1364412,11
1066449,21
1005166,20
1296158,182
1192897,200
1242406,204
1266765,189
1439805,198
1228845,196
1398564,211
1034193,216
1340687,281
1000237,152
1398867,33
1498335,34
1125114,30
1090818,22
1319634,22
1099027,24
1486214,24
1102434,21
1167018,17
1299648,58
1470573,48
1092183,44
1450872,49
1084546,55
1432435,42
1443500,52
1131071,59
1368660,65
1403213,33
1107202,396
1263782,406
1331170,451
1460264,363
1426141,364
1234948,367
1421162,478
1058212,429
1103651,379
1066515,319
1462332,21
1279293,19
1332514,124
1140533,131
1212897,144
1287056,139
1048549,138
1020570,115
1137531,145
1086367,184
1316077,177
1061575,114
1303294,104
1376825,140
1324963,117
1165658,113
1483489,117
1294285,82
1403800,96
1132303,91
1257856,114
1019496,90
1387167,22
1162278,26
1028630,27
1201509,29
1429858,27
1455208,37
1101218,39
1335329,39
1103583,38
1359875,445
1337050,416
1391771,460
1146344,393
1302275,426
1425677,421
1359004,537
1480962,453
1323812,407
1061472,353
1206863,15
1389125,17
1425734,18
1173685,31
1349089,29
1421410,36
1090311,33
1442624,116
1497803,134
1208465,135
1088239,107
1120442,143
1399354,115
1180298,143
1471974,95
1013299,101
1420814,75
1287492,35
1064175,19
1396116,23
1167138,40
1316677,29
1233252,158
1253592,165
1398291,180
1240628,131
1499610,150
1374566,147
1407030,195
1394499,147
1456666,127
1026147,118
1096290,14
1014622,17
1188670,244
1141504,215
1413796,237
1202092,188
1050649,234
1267399,182
1398009,238
1362163,263
1014376,261
1126925,190
1022475,331
1237898,314
1036089,331
1406614,284
1370785,1044
1499126,885
1381677,371
1024838,359
1334533,302
1227943,277
1263791,83
1459846,84
1470758,106
1038905,95
1373055,104
1408796,87
1021287,123
1362049,119
1305031,119
1152312,115
1440771,39
1187170,49
1333857,39
1403116,67
1445194,64
1007138,38
1187461,38
1026257,36
1441563,28
1070835,109
1305429,107
1055665,114
1157152,96
1311164,105
1427990,102
1104489,136
1111825,149
1447194,119
1363630,112
1084048,19
1406741,15
1130968,16
1218838,17
1476647,44
1289757,75
1303822,70
1332264,58
1135584,70
1438137,54
1294141,79
1320980,45
1234430,46
1023244,31
1055728,56
1482952,36
1096103,95
1441078,115
1324485,35
1181824,56
1471619,42
1084847,32
1027455,42
1281529,41
1013702,41
1304798,39
1066172,57
1032931,55
1180413,77
1437438,51
1334218,60
1347941,52
1389643,65
1315664,101
1359741,110
1411569,126
1347488,69
1225994,42
1327384,52
1244799,51
1180905,55
1301631,43
1168148,112
1469529,100
1391432,96
1314764,92
1315854,113
1480821,91
1127406,106
1404354,100
1489408,98
1174805,74
1037167,92
1261905,93
1231013,93
1286531,76
1404655,79
1366645,68
1123959,83
1015959,77
1296737,52
1224486,55
1360259,204
1208838,210
1097126,214
1155822,173
1399625,198
1248988,166
1306893,220
1092132,173
1024168,181
1049337,155
1035365,427
1415138,746
1127856,408
1172386,386
1117249,450
1003516,432
1279245,2218
1256438,1628
1202794,368
1044876,319
1207506,21
1270213,22
1320039,19
1147947,18
1223081,18
1419834,233
1330961,164
1435944,190
1172547,158
1444883,167
1306041,134
1321470,174
1019808,217
1053634,196
1175478,141
1463966,78
1031861,76
1124451,83
1497710,74
1070647,75
1037784,76
1326168,94
1441485,89
1022671,90
1283181,82
1083889,345
1378453,364
1434331,337
1311554,385
1111904,453
1430955,396
1455829,515
1182896,559
1205862,591
1215917,440
1140520,14
1401330,16
1370827,203
1210510,200
1444583,197
1180513,194
1153574,214
1463014,192
1079096,225
1196866,198
1421929,186
1305781,155
1355984,259
1193016,774
1338781,284
1268959,227
1080975,250
1156713,237
1277454,1712
1480116,1272
1416723,228
1370466,208
1121896,257
1093815,258
1171798,242
1110818,277
1368837,309
1016415,275
1300798,348
1093179,384
1305192,410
1095872,295
1057541,68
1144479,72
1265509,71
1193741,45
1401074,55
1290336,48
1472495,56
1030352,52
1304927,33
1452763,54
1181252,50
1048036,39
1365192,26
1247734,34
1047893,28
1476634,35
1219150,31
1418704,24
1234436,39
1450413,32
1174742,30
1011859,31
1231323,48
1085320,24
1030496,37
1133342,53
1425452,32
1349084,484
1301951,401
1055047,459
1109479,376
1196856,1004
1100420,947
1426580,610
1032184,601
1461768,1493
1058161,1199
1482071,39
1118423,77
1143761,83
1173022,101
1302221,35
1175233,40
1174841,39
1160861,50
1434397,48
1474096,43
1335769,19
1045993,29
1349802,17
1177881,25
1457076,26
1443780,18
1292750,18
1211721,16
1067400,16
1433069,102
1397198,93
1379504,107
1185911,93
1091958,118
1109333,106
1167180,133
1081167,138
1087268,125
1221495,123
1053449,30
1041898,95
1309464,142
1351500,47
1342397,43
1320336,38
1009743,32
1294351,212
1082781,212
1119851,227
1467408,189
1210552,225
1096404,220
1273993,223
1219560,216
1082763,206
1491444,166
1203029,32
1344951,32
1180354,31
1325435,29
1445951,30
1294628,25
1419171,20
1004866,125
1174471,125
1499724,138
1303018,137
1484881,150
1336482,134
1263568,147
1014154,174
1145983,194
1329014,146
1043533,299
1263261,293
1204894,340
1284763,305
1434903,296
1160971,264
1285880,336
1019892,306
1069139,298
1125818,228
1167503,56
1051775,53
1241441,57
1111497,53
1381275,50
1401879,56
1255183,52
1011053,43
1052343,159
1036170,162
1338985,163
1076504,163
1253353,148
1197539,132
1012486,179
1127637,175
1452181,160
1488970,141
1311318,81
1181114,128
1238128,101
1349833,105
1318144,114
1187485,84
1467015,100
1460483,82
1412024,81
1187938,76
1483675,106
1044692,105
1309244,117
1315121,115
1244194,142
1029370,73
1406179,121
1087358,136
1062484,133
1286223,113
1411487,214
1434063,215
1107783,250
1067126,186
1067371,219
1245636,215
1305132,255
1439843,244
1408670,249
1320423,183
1147326,61
1487198,61
1127530,61
1215467,55
1404880,74
1219365,73
1192293,88
1058833,69
1211291,77
1493775,68
1260238,240
1448531,217
1353151,232
1409437,203
1357379,243
1339529,194
1471069,251
1360746,165
1452041,197
1398366,135
1208370,52
1472409,39
1145189,58
1375565,56
1171033,51
1337888,71
1184696,72
1350494,87
1464443,98
1029249,76
1382621,250
1368162,253
1180259,266
1284213,213
1320512,231
1058888,221
1496541,267
1192877,237
1221066,226
1000531,187
1368579,24
1320374,97
1176713,73
1300373,27
1397866,24
1386107,33
1320006,28
1286910,31
1492031,44
1360663,43
1185115,43
1027999,32
1262160,35
1008521,41
1494129,39
1407133,29
1193391,201
1216224,191
1211468,214
1204072,166
1344591,192
1484430,161
1271581,216
1467395,230
1286932,207
1117604,151
1446214,196
1372850,197
1206927,205
1094093,176
1332724,604
1145862,470
1189322,250
1140102,199
1048802,193
1251786,169
1240478,113
1062248,99
1457291,119
1286949,122
1113433,104
1102829,105
1427631,139
1090565,148
1300353,143
1308012,128
1048558,30
1383758,37
1389582,29
1201819,26
1121620,52
1397812,40
1324630,22
1222494,26
1403403,21
1140050,23
1494088,91
1397155,97
1449226,99
1133501,77
1467808,129
1074575,94
1486099,134
1048727,122
1006233,122
1068633,111
1213448,14
1084107,15
1157687,15
1293087,15
1311764,54
1477226,62
1373589,63
1482068,63
1373505,49
1374634,43
1415718,57
1481039,57
1264789,22
1275191,105
1135404,117
1134765,19
1365045,25
1331309,38
1334098,36
1046455,33
1473987,23
1382211,21
1030032,24
1177914,27
1367594,35
1056805,31
1008514,39
1277523,28
1074310,29
1269004,43
1222155,59
1384559,90
1445028,83
1196216,86
1269071,85
1119152,42
1282614,44
1476589,40
1381427,34
1419068,29
1246867,102
1208872,108
1443503,108
1079579,100
1402483,120
1158661,101
1295298,119
1211532,105
1365024,88
1300579,70
1088345,172
1356809,176
1080195,190
1426286,155
1013600,179
1112824,165
1484768,215
1468658,173
1025677,164
1202168,150
1324376,353
1209888,870
1013207,353
1032261,318
1436558,388
1137097,349
1262296,1885
1254566,1685
1057706,320
1487137,322
1150878,15
1093883,15
1005103,16
1387118,188
1247256,119
1431663,127
1317967,112
1070796,123
1231736,102
1147571,120
1287198,118
1310572,115
1474583,84
1291932,45
1404048,44
1465742,48
1223823,47
1426137,50
1459860,42
1430159,57
1021450,52
1276823,50
1349255,42
1249505,223
1206767,230
1094469,241
1278323,238
1173977,281
1140787,261
1116819,333
1252003,472
1352888,403
1128508,312
1390449,150
1083362,149
1224403,163
1197207,153
1219833,137
1009290,127
1320991,155
1248026,163
1292318,150
1055337,125
1000116,185
1499174,601
1254585,176
1301578,154
1454563,172
1235291,164
1153581,1087
1065743,939
1441830,167
1071687,139
1235991,238
1357362,224
1224648,243
1042687,242
1435100,280
1386731,252
1030695,320
1254045,353
1392602,378
1443272,272
1374367,33
1212449,47
1219033,38
1108446,17
1207845,20
1336688,18
1289787,16
1207552,46
1487007,25
1209615,35
1497854,26
1070733,24
1299413,25
1037986,21
1174242,28
1456990,42
1102292,402
1135029,348
1320860,426
1480834,290
1066544,666
1076907,696
1308113,489
1351526,419
1072003,1327
1162592,1005
1248568,54
1443519,47
1141805,59
1241572,36
1060117,19
1095707,24
1091182,22
1463873,20
1388692,36
1142485,41
1492454,18
1341745,25
1487956,24
1272459,22
1042371,19
1347537,131
1041719,136
1295444,149
1278768,149
1440616,151
1213359,144
1107278,164
1431670,177
1129977,164
1312066,151
1319481,86
1363648,87
1280225,17
1354295,28
1399761,25
1280365,211
1127415,216
1055248,218
1203463,195
1381766,231
1093377,222
1119745,355
1251432,225
1286984,213
1309768,164
1395486,29
1052944,27
1187833,26
1143497,25
1164512,23
1140262,21
1142480,22
1108132,19
1362940,18
1227656,13
1260972,92
1448800,74
1329069,82
1137381,91
1118094,93
1185269,81
1247893,113
1455149,128
1338727,139
1293085,92
1022670,337
1098084,327
1395007,384
1008082,307
1255856,308
1212779,309
1213187,371
1112212,338
1155253,310
1146461,246
1414636,145
1417793,146
1057520,152
1004214,145
1058135,133
1003459,120
1366195,143
1336103,140
1385647,128
1171591,103
1043700,36
1330119,69
1134462,71
1067376,74
1312395,49
1358238,60
1083003,65
1243872,64
1065542,47
1331381,29
1033631,42
1413962,46
1396181,43
1267612,43
1062790,37
1412337,55
1191743,53
1236936,51
1444312,48
1031664,206
1494935,209
1471250,237
1028420,173
1201168,216
1044920,198
1398093,261
1342490,238
1348533,237
1402030,176
1248175,36
1118685,36
1014131,37
1025147,40
1346618,48
1300033,45
1463743,61
1178038,42
1171185,47
1110962,59
1091807,263
1182872,268
1036586,276
1235005,230
1070988,270
1132084,242
1134359,279
1433692,216
1312122,233
1211899,146
1440242,68
1071747,37
1255434,35
1358588,55
1075081,50
1444995,58
1123405,67
1369584,71
1274564,60
1379701,233
1162985,237
1309985,243
1181215,216
1156744,206
1062078,205
1075144,257
1283850,218
1066268,198
1491526,175
1253958,16
1345883,52
1289049,84
1088169,16
1335974,23
1473427,25
1113898,345
1302251,294
1074640,337
1279043,320
1027337,368
1117583,278
1499218,364
1415442,361
1279459,357
1484875,290
1136982,445
1451719,472
1387920,436
1297893,269
1423597,1110
1153606,1012
1068952,564
1101454,472
1184273,444
1292802,354
1305756,147
1334411,141
1489347,150
1394547,131
1031100,173
1046296,132
1405738,165
1070227,184
1125353,178
1283683,163
1486052,65
1433039,71
1306038,56
1438909,49
1246961,107
1089876,94
1089133,54
1102306,52
1480951,39
1033763,31
1144073,131
1191055,131
1181166,153
1077761,134
1198249,148
1003774,144
1105094,176
1297253,186
1255680,180
1356046,159
1149541,40
1315946,40
1130490,36
1455454,31
1052719,34
1253938,35
1380861,32
1243278,29
1251759,76
1313449,83
1299247,79
1011658,62
1429750,67
1478428,51
1092421,59
1076975,45
1072256,52
1262007,66
1277261,69
1452624,308
1326094,271
1111913,59
1006757,49
1352307,78
1083018,63
1168700,58
1394147,40
1207902,96
1350935,99
1115240,102
1222986,97
1287849,130
1391368,137
1290682,160
1012825,107
1306478,118
1391652,107
1404904,74
1304742,93
1178964,134
1052107,144
1071420,116
1362930,53
1216157,75
1389546,66
1249514,61
1270031,41
1294598,159
1179239,170
1050303,176
1087011,175
1227664,249
1163122,164
1095113,160
1202063,163
1444462,165
1019836,152
1168044,123
1068035,122
1179968,130
1386801,95
1129631,122
1463595,100
1194176,97
1199855,97
1478743,64
1475126,60
1077708,292
1336265,279
1102611,284
1281991,236
1179481,259
1150635,251
1422895,315
1213113,283
1167346,267
1295691,220
1447908,403
1372928,1237
1132512,401
1132676,377
1151245,433
1175015,391
1111506,3409
1001680,2452
1290443,339
1327452,339
1389512,42
1034827,34
1033446,31
1434236,29
1460815,27
1494171,30
1442168,30
1285602,30
1094372,243
1053666,211
1351771,217
1064374,201
1317412,200
1300491,167
1466619,201
1149000,244
1113377,219
1402941,164
1224442,194
1149258,199
1115642,202
1137861,220
1321337,178
1456547,194
1239251,233
1016677,237
1295373,232
1199633,196
1207745,576
1332437,622
1295195,580
1238168,729
1401191,784
1320351,716
1015073,910
1440436,929
1488196,932
1084735,762
1359162,29
1443654,29
1402507,29
1242371,28
1416825,28
1084128,28
1317479,29
1096050,31
1118030,33
1051015,30
1151085,244
1150146,297
1322647,283
1301833,233
1457613,412
1325195,277
1359067,251
1425528,271
1453846,255
1282703,234
1022766,273
1462456,1183
1154248,160
1147729,211
1263599,267
1030093,229
1262202,2526
1408762,1688
1095333,252
1319045,237
1158313,528
1100676,544
1158135,574
1171800,553
1026264,599
1321385,576
1050460,710
1146215,768
1419175,759
1372396,670
1301176,108
1224034,105
1331102,122
1365952,89
1252222,86
1121534,74
1141516,84
1258187,84
1459196,51
1429767,54
1406304,48
1374485,53
1095596,61
1368104,38
1444468,37
1051830,49
1394484,44
1131655,35
1150992,26
1040372,33
1237367,55
1434129,43
1164972,32
1419007,28
1067868,28
1442880,24
1310723,34
1493855,35
1296951,34
1399854,561
1394510,564
1045208,606
1496500,469
1363459,1779
1071433,1674
1336903,823
1221557,767
1117672,2991
1090698,1837
1252213,53
1299848,64
1448417,80
1073006,44
1148432,35
1332496,42
1219073,38
1438003,26
1195553,58
1342462,40
1049247,43
1216539,19
1219585,34
1266338,33
1377021,25
1219958,23
1217087,20
1219445,138
1220798,148
1202899,158
1479383,138
1409834,156
1193733,141
1337968,170
1061532,186
1031241,176
1224330,163
1273205,50
1167783,51
1462600,181
1264988,225
1369393,44
1173623,43
1069542,57
1254356,44
1220623,38
1376159,31
1488744,252
1463122,254
1319687,254
1247231,222
1230288,270
1488675,254
1422970,293
1051688,294
1167223,266
1459041,222
1135750,39
1029579,38
1008796,38
1277631,31
1481378,27
1348069,34
1283100,30
1360701,27
1326014,218
1363993,224
1065978,245
1124674,253
1031580,257
1076145,260
1062552,306
1043014,333
1219837,359
1496028,289
1370308,269
1085737,353
1135400,403
1190020,465
1491603,335
1421823,320
1124519,408
1060240,374
1213853,347
1489926,308
1045879,83
1115000,80
1479186,84
1152086,83
1232423,107
1338458,54
1391466,92
1176775,84
1026126,75
1020680,76
1187407,169
1188742,186
1462532,190
1428580,188
1266752,305
1493963,202
1228618,193
1269353,196
1130227,183
1352515,173
1405754,78
1462537,126
1073284,122
1143333,96
1391582,110
1246710,81
1056463,105
1008614,89
1356351,105
1118153,56
1375132,174
1444878,179
1481499,181
1271829,183
1414372,183
1021248,180
1444240,212
1406839,220
1040908,206
1356602,184
1471895,281
1452669,255
1254741,307
1400085,257
1080022,289
1157952,240
1133636,325
1218626,349
1273704,266
1120877,239
1110134,169
1197052,174
1032047,179
1304997,183
1368918,243
1078393,232
1118619,269
1411856,190
1130724,228
1486220,192
1351735,362
1004481,397
1479465,406
1396311,354
1349762,416
1045436,371
1147287,485
1136838,363
1326030,372
1198850,295
1328665,136
1320507,82
1245813,118
1475592,120
1038031,123
1419046,130
1401794,138
1291874,155
1383474,188
1318041,154
1003371,394
1359908,392
1016502,387
1396732,328
1333058,356
1492727,344
1339466,416
1237611,372
1465922,352
1014413,320
1098767,56
1279968,58
1430777,211
1077154,159
1491416,34
1189411,39
1121542,52
1096392,50
1345025,38
1025888,39
1360530,538
1319476,554
1045099,490
1445467,444
1109996,486
1440417,439
1437101,543
1029001,637
1121941,572
1359060,493
1038600,528
1046027,567
1479609,629
1272693,517
1395444,1489
1178578,1516
1100120,681
1432675,729
1475773,560
1366625,494
1027667,155
1189946,168
1021695,125
1261027,122
1246152,136
1172447,110
1119251,67
1113612,190
1363498,139
1034750,225
1053349,234
1038291,232
1435821,213
1307291,192
1027398,193
1282035,225
1302999,211
1344130,215
1482823,183
1494106,56
1197419,64
1349078,52
1152665,42
1149622,169
1306213,95
1402790,52
1161069,59
1256887,46
1307235,35
1292295,217
1399190,203
1266238,225
1444705,178
1470695,188
1390864,163
1348562,228
1144931,206
1206962,212
1308925,187
1461376,22
1049919,23
1135861,19
1141169,43
1468767,80
1161253,83
1458704,54
1153704,56
1458020,50
1130233,75
1461252,49
1474533,48
1153827,23
1150000,92
1135028,76
1254653,94
1083295,110
1361680,118
1001624,77
1468167,104
1305260,183
1440011,182
1196056,139
1015226,108
1339966,113
1133854,102
1341586,113
1031378,119
1066825,120
1445758,135
1120047,157
1132152,174
1448722,158
1164468,33
1376712,45
1367646,350
1298238,242
1398643,39
1325274,32
1183298,56
1174310,47
1487849,43
1228616,39
1072809,190
1448418,180
1321874,208
1417088,179
1153076,391
1186368,324
1335600,380
1028529,198
1408664,251
1485113,216
1090779,67
1274893,155
1256154,153
1178881,210
1496602,123
1363863,54
1208445,59
1094342,58
1166273,51
1199984,35
1225216,141
1421630,132
1482077,130
1015148,112
1355744,307
1371099,213
1329499,178
1433843,181
1068858,162
1031013,147
1434474,71
1103153,66
1376770,67
1495479,80
1141469,65
1038934,76
1012475,76
1138392,38
1486675,40
1081039,372
1160606,338
1475934,358
1446692,280
1093602,311
1341098,287
1457395,370
1158067,334
1048678,323
1304391,276
1103899,320
1440086,1339
1233427,198
1431673,315
1272569,369
1374065,328
1465484,2670
1033877,2595
1377670,244
1320396,224
1055872,32
1086214,28
1097976,27
1237099,27
1126164,20
1090327,22
1428535,19
1498754,21
1429174,470
1420037,469
1483609,485
1058279,410
1030092,422
1261440,370
1130092,479
1098918,552
1208791,530
1203036,459
1035466,129
1397224,103
1076146,121
1448564,26
1194817,92
1480765,88
1183307,183
1219991,184
1361881,193
1142410,164
1133931,75
1252838,72
1142162,73
1376318,81
1081486,85
1363674,93
1449824,109
1353652,115
1234686,98
1407930,39
1262868,40
1122970,40
1044940,43
1381660,45
1252882,44
1369127,54
1055591,50
1288550,50
1265645,48
1067356,1109
1282200,1022
1137357,1059
1396043,1008
1269970,1065
1350440,1008
1308326,1217
1242087,1355
1043619,1513
1222185,1353
1270686,23
1184845,22
1330894,23
1067964,22
1300660,20
1305187,23
1211863,20
1476145,19
1313695,19
1009224,205
1440261,198
1226702,209
1100074,192
1394039,436
1013085,324
1200472,262
1309177,276
1410555,253
1454059,252
1178356,156
1117913,1641
1170183,243
1484069,106
1227336,171
1271122,149
1128406,2653
1413258,2064
1356382,203
1057904,167
1402145,569
1475657,552
1467695,573
1147970,601
1378850,527
1121390,541
1237926,684
1492615,758
1006586,796
1000914,759
1253128,60
1037684,36
1482036,28
1405609,34
1116488,26
1102348,46
1223837,70
1160879,50
1018065,54
1207162,68
1368739,66
1126912,60
1331346,52
1154903,57
1207416,559
1387833,479
1149195,509
1482011,565
1255519,1514
1230230,1477
1453288,756
1313222,674
1179829,3434
1381272,3036
1220305,39
1262942,109
1331634,130
1256019,144
1209053,65
1495820,33
1224577,41
1424443,47
1137664,45
1496575,29
1309366,115
1193003,64
1030480,60
1006018,15
1100845,32
1129615,46
1452758,34
1464006,246
1110657,256
1237923,269
1322369,213
1201860,223
1293914,202
1030911,265
1248673,249
1117487,239
1062083,230
1034224,33
1214264,362
1252968,302
1281877,37
1055267,27
1450619,46
1140133,39
1381871,270
1208129,270
1294110,274
1393207,252
1361224,262
1071035,259
1008040,308
1280618,291
1225125,278
1340348,226
1133718,29
1442140,31
1205338,29
1209426,27
1373086,20
1422131,20
1303565,20
1421454,18
1119550,17
1004410,91
1054492,90
1029733,88
1177231,93
1456961,97
1015288,104
1077552,111
1488566,128
1184657,128
1399814,100
1205618,325
1156440,318
1069575,290
1049835,268
1208125,283
1092107,268
1246248,318
1200152,362
1183897,382
1391457,318
1077080,240
1235413,316
1363192,402
1294031,306
1340407,278
1009810,291
1207212,371
1484000,290
1466931,346
1049774,252
1493390,77
1107738,75
1354760,71
1152740,71
1488573,67
1254335,65
1277416,77
1495339,76
1269606,70
1467660,59
1261758,158
1383028,139
1100816,144
1011186,150
1167614,378
1487942,264
1095222,199
1061572,205
1165313,185
1237510,188
1439251,72
1202885,110
1495109,100
1287808,87
1135792,85
1336861,77
1161565,120
1106260,81
1410886,81
1282451,59
1062042,44
1091060,41
1349895,77
1094183,38
1245680,47
1225773,47
1487581,63
1476033,64
1081813,61
1417238,64
1455516,166
1136179,239
1406428,267
1367101,246
1003446,254
1222905,224
1130480,297
1444668,248
1194100,238
1009225,201
1405077,115
1059635,110
1271568,118
1244089,117
1265246,269
1266540,220
1448665,218
1229877,103
1213424,131
1385344,153
1078717,757
1042405,700
1164413,700
1161731,774
1413059,793
1369957,754
1087168,921
1367814,730
1271501,712
1102552,598
1234697,141
1112506,77
1359586,95
1341593,106
1216771,109
1416809,113
1460059,120
1327917,154
1452772,173
1142843,153
1230871,438
1438599,440
1304303,437
1459823,363
1179762,410
1200300,382
1268189,486
1186251,421
1145216,375
1056319,302
1270356,217
1295495,180
1110276,47
1085916,33
1175672,38
1420970,57
1146248,57
1493195,59
1062944,59
1242833,54
1468396,48
1278331,68
1177901,66
1439633,30
1239742,337
1463605,321
1115062,338
1080694,284
1403223,302
1058371,259
1260035,358
1119877,382
1364771,348
1309451,287
1091337,324
1067887,398
1381756,354
1208306,236
1275036,692
1372659,653
1293301,486
1242985,404
1498374,374
1397018,312
1325001,85
1166942,113
1279987,110
1161127,107
1305115,105
1417280,123
1177789,94
1314218,146
1184287,138
1389191,105
1468082,285
1288867,247
1441255,284
1214742,253
1441994,246
1247355,241
1281129,281
1135082,273
1180798,259
1014022,230
1064715,28
1222096,37
1331278,31
1308134,27
1282672,74
1285191,35
1067610,27
1450588,28
1130786,26
1249067,186
1353480,179
1009158,192
1310983,194
1397538,174
1114236,149
1307389,214
1488789,195
1247508,185
1174313,158
1458394,20
1410058,17
1259885,16
1372618,44
1356431,68
1310702,68
1193664,54
1033546,54
1282739,76
1256432,45
1038203,23
1386720,77
1230317,67
1426825,89
1095464,104
1407626,103
1499434,99
1091316,141
1359888,74
1303070,129
1218776,127
1421988,126
1069629,135
1024500,142
1496161,148
1499073,168
1201097,189
1481016,198
1010567,163
1300533,29
1135306,170
1191685,95
1411826,28
1240720,21
1024033,42
1197503,34
1299438,50
1144255,46
1215569,51
1011286,52
1023628,84
1190645,98
1461607,57
1083166,62
1230195,55
1036190,45
1268737,73
1064545,104
1261566,126
1444737,75
1223485,32
1140087,39
1012078,42
1086440,50
1256557,31
1211267,118
1361772,126
1486238,137
1299905,132
1312920,136
1364559,127
1368295,140
1371908,146
1279456,140
1006430,118
1350437,353
1239916,310
1385485,355
1405350,270
1132871,284
1379933,270
1095292,359
1292161,325
1099989,301
1210814,259
1323236,317
1366790,1044
1411775,223
1360888,288
1145757,335
1498106,301
1334795,2755
1465746,2004
1268625,322
1431795,250
1390196,20
1071864,17
1431774,15
1421532,392
1028461,376
1275186,365
1193030,348
1103832,352
1464245,317
1154085,401
1483205,443
1212985,415
1078587,360
1249518,115
1402512,66
1471457,107
1073637,117
1487515,30
1146888,108
1344425,184
1205825,137
1079675,135
1278487,57
1162091,134
1485716,132
1123773,139
1315565,144
1344422,151
1371858,152
1356796,174
1414563,193
1394323,202
1469547,164
1184440,31
1382956,41
1365266,41
1251220,36
1243970,36
1256599,31
1439037,48
1251058,45
1035192,38
1366948,37
1001412,511
1389027,506
1406711,513
1070287,498
1084653,566
1137633,515
1233884,664
1315294,703
1282318,710
1206406,634
1178015,14
1411070,212
1011507,206
1043439,218
1174150,203
1142750,382
1368289,253
1334468,239
1227184,239
1203740,216
1250707,205
1211901,179
1131553,1036
1237309,72
1096812,103
1200160,113
1308355,105
1166147,2174
1387365,1646
1210136,140
1090451,116
1495114,277
1438706,270
1352093,262
1422053,252
1332317,272
1178329,267
1467909,337
1347977,371
1445235,375
1365395,282
1218158,36
1053275,34
1387243,31
1340776,26
1232517,23
1431745,19
1409084,18
1238567,16
1332352,28
1056398,28
1458594,22
1165358,25
1215907,23
1048759,28
1073586,32
1461970,31
1139288,27
1364414,307
1063313,270
1101076,313
1187916,265
1400819,1265
1451604,864
1378838,424
1402916,382
1027653,2190
1301859,1764
1184567,29
1008654,64
1446086,64
1014434,105
1068604,63
1288249,26
1389080,29
1153559,38
1329008,66
1305198,32
1491765,29
1154973,15
1484482,24
1223398,23
1181412,26
1229754,25
1416643,244
1472800,244
1439087,256
1049933,222
1021975,224
1289229,191
1143368,274
1147171,238
1110507,239
1419295,210
1283293,49
1213221,244
1479763,194
1318333,35
1391833,25
1177177,54
1239490,40
1151322,32
1354125,26
1251542,217
1002198,220
1182114,242
1317797,190
1099240,211
1147027,210
1387532,293
1337131,253
1122711,211
1025876,158
1050592,33
1140398,32
1222795,32
1076157,26
1234963,24
1412995,20
1384852,23
1012906,26
1409929,23
1314185,17
1089683,172
1268696,176
1242095,172
1265774,167
1071735,181
1308362,187
1096086,205
1215049,217
1041134,222
1187872,177
1271646,173
1304503,164
1464644,171
1415679,150
1177460,161
1499858,153
1301887,189
1020443,227
1464381,236
1291113,176
1015560,451
1041893,256
1418371,318
1135509,315
1314498,270
1059275,276
1029762,343
1489207,295
1493103,272
1240314,245
1127292,30
1110530,33
1163817,32
1407890,31
1467062,32
1234965,37
1321783,32
1349364,28
1342102,28
1180457,218
1144924,224
1106874,229
1066372,215
1297157,376
1359349,227
1186984,241
1171282,244
1392045,206
1236497,200
1211448,61
1294685,107
1058284,106
1027595,97
1497001,83
1211478,62
1270199,95
1252414,72
1476428,66
1352942,45
1072941,40
1205668,39
1034901,41
1230021,34
1375305,51
1241472,53
1479790,48
1196151,48
1148182,254
1079479,311
1093571,351
1241585,294
1011801,298
1006238,264
1381531,360
1032631,308
1111856,285
1010402,244
1188409,27
1253465,30
1364047,33
1438407,58
1369768,52
1109523,73
1365702,43
1385875,49
1340798,49
1391392,338
1049233,361
1369730,370
1115309,357
1223995,429
1026616,388
1377442,506
1113981,339
1396513,375
1018206,273
1488237,27
1042330,42
1210286,48
1097524,74
1430200,78
1304771,64
1449013,456
1303892,468
1059770,482
1014749,378
1375882,396
1155784,377
1295753,474
1228425,432
1024113,395
1306885,348
1244005,26
1293359,193
1015816,164
1434478,32
1360908,21
1070701,43
1334443,372
1343145,240
1117345,267
1088047,253
1339590,263
1498193,222
1001062,334
1329524,330
1151507,313
1302668,251
1331816,195
1360289,213
1442400,245
1148661,160
1446413,651
1026328,484
1042450,373
1031516,184
1257318,237
1157812,136
1212040,129
1451556,123
1346851,129
1046242,123
1228211,125
1458620,122
1473716,147
1157852,143
1185048,151
1309272,134
1483429,24
1043719,36
1302279,20
1371110,53
1355822,23
1404951,29
1053730,140
1010218,128
1202683,134
1228604,136
1140034,164
1316768,131
1108944,161
1393643,173
1488743,163
1443959,143
1262825,16
1307828,17
1182352,16
1381638,71
1313863,41
1316934,42
1486656,38
1280956,48
1093956,32
1200158,35
1144617,44
1249151,17
1387003,23
1068151,83
1145192,82
1019300,22
1027883,24
1055295,24
1442130,31
1065230,35
1358044,42
1373810,26
1199192,56
1223894,50
1297394,65
1305104,85
1109213,66
1183920,33
1020603,36
1324824,36
1280934,33
1077308,26
1481863,63
1007957,61
1339071,58
1169545,54
1365154,82
1170147,67
1423554,67
1478005,64
1073474,55
1432644,48
1451189,193
1319974,190
1075761,190
1327287,156
1316742,182
1052054,173
1271387,218
1318938,190
1337499,167
1011067,146
1135341,229
1222330,682
1020208,165
1092468,195
1289204,243
1370281,208
1315725,2165
1343984,1535
1254687,173
1311762,188
1468256,17
1241732,211
1268097,123
1116853,148
1166592,123
1144994,130
1435366,90
1409185,129
1186891,122
1468882,118
1042127,93
1451380,48
1189023,50
1461090,49
1481882,48
1378385,42
1374425,44
1099673,52
1252862,56
1218015,48
1497813,435
1094690,445
1152196,433
1003610,482
1479704,470
1068127,508
1222762,630
1324076,636
1473003,717
1343036,651
1195504,16
1265192,74
1391916,74
1117970,68
1334075,70
1241599,98
1033182,97
1063335,94
1247373,89
1201329,87
1204591,72
1205389,75
1497052,614
1253644,53
1183386,62
1493328,77
1413701,65
1105691,1349
1055151,1081
1020087,70
1489983,93
1008981,265
1480916,313
1174520,310
1408456,325
1103391,359
1108102,352
1108547,447
1238197,422
1043675,497
1268656,431
1349650,27
1349515,26
1172039,29
1211613,21
1407466,19
1293997,19
1097574,14
1426499,18
1136386,20
1175313,13
1280040,29
1113557,42
1167651,33
1103745,29
1078400,28
1268218,294
1058122,304
1207997,304
1148911,213
1419809,1016
1397824,884
1295121,321
1132197,320
1217059,1654
1375917,1134
1306328,36
1393921,36
1065989,36
1156779,69
1475586,56
1230085,28
1402888,26
1262107,25
1165440,14
1439872,24
1262098,19
1383733,19
1397334,155
1366713,151
1286305,158
1006243,156
1261020,159
1279885,145
1281283,177
1040223,177
1134676,170
1418998,160
1458189,110
1038003,78
1478214,31
1093346,23
1117929,84
1404071,95
1157917,95
1193704,114
1211792,109
1445638,117
1408825,117
1235778,116
1328196,107
1173310,93
1496802,25
1348096,20
1468251,20
1463160,21
1181627,20
1035323,18
1157473,99
1082120,119
1311644,104
1403849,115
1030973,114
1294107,86
1136233,114
1226958,118
1189088,122
1427596,93
1248502,364
1275605,403
1277097,483
1071792,410
1143304,388
1419745,368
1395178,445
1490842,396
1211335,372
1078987,334
1313185,22
1268956,17
1231863,84
1180672,87
1320094,83
1443667,76
1012943,113
1334448,95
1291911,89
1425808,87
1205259,87
1295164,74
1308175,71
1370405,78
1282792,72
1432249,66
1001655,50
1433288,78
1377265,43
1077514,52
1366276,53
1398540,51
1313557,55
1027599,47
1161401,47
1275190,44
1232986,57
1021553,62
1486782,60
1164083,61
1357661,210
1319382,237
1364660,308
1461293,205
1415413,247
1145327,222
1345207,310
1338642,262
1155695,258
1395102,235
1086984,31
1445161,34
1358903,37
1040402,37
1486092,43
1447947,47
1475790,60
1471246,42
1237169,48
1197885,43
1075943,225
1096442,232
1142841,222
1291558,231
1176446,231
1483366,186
1455302,246
1166094,190
1007265,201
1070372,117
1053804,53
1227588,29
1441375,48
1412656,44
1467462,37
1295378,46
1370534,60
1054541,69
1316692,52
1495032,136
1458343,132
1382652,143
1170520,138
1474124,136
1488816,126
1235127,154
1008418,122
1289314,107
1470891,102
1348889,14
1154829,42
1384196,40
1306515,13
1017067,26
1190728,475
1122286,450
1435775,412
1320899,392
1036809,434
1496763,403
1131538,504
1318282,578
1363101,553
1076052,480
1205256,520
1305186,564
1131831,558
1198452,491
1267199,1287
1158066,1282
1061242,690
1429684,676
1425949,614
1103470,535
1149088,354
1065238,413
1343697,340
1075666,394
1049332,383
1098357,381
1318694,411
1269402,483
1100430,473
1254841,423
1217878,135
1482713,135
1356321,141
1070528,141
1339004,126
1448727,115
1208422,152
1280808,169
1010670,165
1175851,146
1158507,51
1215713,60
1116456,53
1059102,44
1134168,189
1182924,99
1065507,57
1485305,51
1317467,46
1464615,34
1106508,175
1154157,169
1238399,172
1378815,162
1442340,164
1109352,135
1494813,189
1150862,203
1491323,194
1243524,172
1154390,19
1025514,21
1345499,22
1427225,22
1332354,80
1181409,116
1174194,111
1476979,86
1100732,110
1214733,72
1471144,101
1000187,69
1133779,62
1496005,47
1386755,400
1183033,449
1206094,449
1423546,646
1202896,551
1125038,478
1244936,617
1367021,793
1441592,747
1011620,703
1491160,82
1097281,87
1133994,81
1449596,91
1061666,99
1284544,106
1198144,113
1330348,133
1255123,133
1149007,105
1056047,44
1165483,55
1477841,325
1314848,288
1274780,49
1128321,45
1170029,64
1426318,41
1414178,51
1312357,119
1079199,113
1443865,123
1069717,118
1331934,186
1107151,261
1193708,233
1435293,158
1271891,138
1070444,125
1115383,78
1468137,228
1222703,164
1183120,226
1466677,150
1288363,53
1009315,72
1387250,74
1375589,68
1398464,53
1446632,147
1383245,138
1465945,138
1335462,128
1036403,244
1486367,207
1367873,168
1339617,158
1067651,149
1173991,138
1445432,64
1450298,72
1054815,78
1432609,74
1055289,69
1230087,79
1190688,79
1284979,45
1090382,48
1276630,447
1229533,386
1367722,409
1168617,337
1268563,355
1312594,325
1392051,409
1118654,386
1207039,361
1220371,302
1068999,412
1140321,1688
1200100,333
1223618,374
1421303,491
1154848,413
1199454,3825
1216781,3613
1089356,351
1174345,291
1394582,21
1481387,28
1073171,33
1068236,19
1266223,23
1057929,23
1456769,508
1230032,476
1268149,495
1388306,444
1124599,449
1339069,421
1049350,507
1342306,586
1246717,585
1147802,521
1299563,510
1229149,500
1213565,436
1335791,467
1185320,501
1090346,494
1103112,583
1371505,523
1362932,812
1390394,744
1011505,62
1471059,59
1199518,57
1047470,63
1105399,67
1071892,74
1125120,71
1077092,88
1333879,97
1076556,77
1075661,42
1047450,50
1373247,73
1240059,40
1000748,63
1320186,58
1365852,59
1472456,60
1106809,1080
1318582,1120
1438968,1133
1361549,1123
1057783,1148
1004386,1124
1315211,1323
1428093,1520
1163409,1533
1040148,1398
1252762,19
1106173,17
1144801,20
1027413,21
1321282,22
1228341,230
1363066,247
1172793,260
1246739,230
1093307,467
1412731,366
1425925,300
1228645,277
1076130,274
1074690,247
1370340,162
1446737,1795
1308118,41
1016936,143
1045999,189
1498872,166
1484932,3430
1403279,2838
1336453,223
1412376,185
1353415,680
1460235,716
1445553,735
1447369,750
1028990,746
1184922,684
1153898,921
1198610,1031
1079437,945
1472394,797
1269365,48
1350519,50
1210918,76
1199788,43
1022092,40
1446920,43
1399913,52
1320053,45
1051225,34
1025401,32
1087675,49
1202724,38
1430923,44
1477208,35
1499767,46
1252468,41
1416927,25
1189918,40
1408983,45
1426060,36
1402675,634
1136265,569
1372264,631
1358297,576
1273291,2175
1442423,2020
1400040,821
1094162,806
1285324,3697
1394930,3045
1118490,50
1407007,105
1416211,88
1035322,147
1284600,86
1437468,38
1333953,49
1188932,53
1284311,57
1071854,38
1275536,130
1212852,68
1052678,48
1495323,23
1437219,30
1006087,266
1365677,267
1247434,284
1133192,243
1076769,258
1064194,233
1166910,270
1021413,273
1486243,268
1094528,247
1081138,36
1480419,359
1274066,285
1208290,42
1161914,42
1387841,74
1192549,52
1463256,47
1130627,46
1149775,333
1440024,312
1315773,369
1209109,334
1292547,353
1370307,333
1053860,398
1010398,364
1264859,354
1041529,299
1255799,36
1169305,36
1259815,37
1285901,30
1255690,29
1231986,26
1189783,25
1029982,25
1014155,26
1230263,64
1356234,67
1406832,68
1223170,70
1082570,74
1291460,75
1454651,69
1103851,91
1405218,102
1145032,86
1368715,322
1313982,315
1430625,315
1499731,362
1171657,383
1100507,376
1281814,448
1157707,505
1063227,541
1142405,487
1487221,186
1294443,235
1350731,261
1465065,257
1135508,231
1408826,219
1134711,282
1372355,244
1267073,259
1176281,219
1009975,65
1118236,70
1417628,67
1452920,70
1001425,75
1264890,44
1330041,72
1009331,69
1052528,60
1226125,61
1415161,156
1378355,161
1360766,166
1077952,159
1416031,272
1468541,231
1152380,180
1110478,189
1358068,175
1263993,167
1336730,112
1366938,171
1255590,157
1224012,159
1034565,158
1477986,146
1128826,194
1174307,129
1100873,136
1261480,86
1394741,77
1280982,74
1302103,79
1364546,104
1116564,65
1334387,83
1250606,142
1404482,84
1379887,107
1235095,104
1493917,236
1454261,335
1289707,385
1412987,297
1415928,329
1440190,296
1036613,384
1067502,344
1122463,327
1417728,312
1370120,86
1422221,94
1110747,101
1427960,103
1030226,358
1024822,310
1216003,316
1113104,156
1250210,169
1087198,156
1268579,772
1493246,669
1001078,634
1182492,692
1181111,775
1104288,740
1163574,884
1270201,714
1395431,730
1208254,634
1005154,338
1497165,140
1228974,124
1331336,132
1262992,150
1135041,153
1297570,180
1413110,217
1158052,237
1398579,196
1204388,501
1403497,474
1238372,505
1379979,420
1423085,431
1421718,428
1164086,545
1276724,461
1256991,433
1311616,359
1278396,38
1466102,50
1266200,233
1017736,200
1010615,34
1201367,38
1325701,53
1176563,47
1057329,41
1159457,50
1236521,56
1429989,59
1386785,56
1289858,53
1062235,63
1426016,61
1128705,36
1173801,34
1003367,281
1028838,181
1351864,225
1397932,176
1020398,218
1198928,161
1489710,238
1469373,218
1466874,221
1115459,162
1474319,270
1385096,262
1310846,315
1396501,244
1079083,1351
1331772,1139
1357329,321
1084641,284
1447721,252
1418429,239
1332886,112
1425258,110
1268577,123
1234680,111
1047888,111
1034989,133
1205178,140
1210375,144
1451900,137
1444837,127
1279830,32
1325920,40
1197346,33
1429177,30
1457124,64
1006400,55
1131539,27
1231939,29
1442439,27
1080327,85
1006454,84
1272369,84
1172167,90
1056647,87
1470064,78
1382964,108
1041090,122
1365341,103
1197741,132
1265086,25
1025507,23
1337756,24
1414441,23
1359350,22
1017068,21
1346333,21
1139636,27
1311646,45
1313410,43
1143282,34
1433094,29
1271999,27
1233889,58
1162125,49
1014856,244
1487099,200
1423099,38
1386823,43
1012293,47
1046847,44
1254043,42
1488174,61
1305399,68
1207940,62
1460712,83
1296610,82
1323323,110
1231970,58
1323329,67
1312264,61
1226350,72
1167345,78
1061654,75
1218300,105
1021754,83
1260202,42
1478629,54
1282500,50
1143492,44
1296537,37
1491817,129
1236541,134
1435363,127
1364798,128
1019894,125
1158989,113
1167619,123
1365428,128
1307258,121
1090656,94
1494561,71
1060853,68
1401384,76
1213006,60
1040424,61
1467724,53
1154131,64
1172007,61
1157530,46
1240791,198
1399973,189
1476518,196
1143346,167
1107324,175
1090739,170
1116922,213
1174553,176
1268473,182
1278195,154
1333707,384
1110292,799
1197580,357
1301394,365
1292157,449
1088390,388
1308041,2109
1090223,1435
1402826,381
1303923,328
1103146,23
1183926,23
1464530,21
1018488,21
1239986,20
1138796,20
1036193,238
1286961,143
1367592,148
1164085,145
1469544,146
1257007,108
1354912,142
1036445,144
1318405,147
1483334,114
1160511,94
1049364,98
1361089,98
1498268,97
1243089,88
1057687,94
1278925,106
1200813,108
1029236,104
1298996,93
1352373,641
1145134,701
1285247,643
1485963,669
1410494,760
1194947,725
1479842,890
1141874,903
1219813,936
1020182,772
1469038,16
1478388,16
1301661,203
1209721,208
1470110,196
1260568,194
1366712,193
1063924,175
1209955,213
1074154,189
1416019,173
1039342,150
1266311,236
1036751,732
1482256,228
1279507,211
1283752,227
1047164,232
1361501,1862
1168500,1325
1287087,189
1338978,164
1243030,467
1342622,407
1474891,424
1107378,542
1120819,511
1195282,480
1335120,669
1377332,632
1318602,719
1106208,540
1140411,47
1109072,50
1334308,54
1063638,33
1405532,41
1360411,27
1030666,58
1039447,56
1408990,54
1160540,30
1202321,24
1105638,34
1071851,21
1319327,50
1077816,34
1147355,31
1423096,29
1152289,27
1490790,18
1443298,42
1292453,42
1433070,30
1224601,30
1078845,445
1486614,386
1407632,399
1492844,333
1279914,1594
1216593,1460
1328013,549
1439928,494
1216659,1775
1042279,1201
1353682,34
1012255,49
1288892,63
1059605,82
1471499,82
1211375,32
1401429,36
1234238,33
1141019,33
1339243,26
1065243,61
1087717,50
1266842,37
1373847,16
1091380,28
1214073,17
1058764,18
1227612,24
1013373,144
1384974,141
1022529,153
1312426,135
1271890,146
1485813,139
1098649,174
1299861,166
1389595,155
1499162,156
1342250,30
1304171,166
1147881,154
1296614,27
1428090,30
1317898,33
1032701,34
1227283,33
1098073,190
1291511,185
1482488,182
1497978,170
1173007,183
1158796,186
1313035,196
1416376,186
1472372,175
1185689,145
1162498,32
1132304,30
1447875,29
1248758,22
1266463,22
1057655,21
1159054,22
1356535,20
1350253,17
1033531,16
1041420,202
1198108,204
1027212,186
1475322,203
1172141,265
1393742,249
1266346,249
1377521,271
1400997,284
1019222,211
1200921,243
1033908,267
1018332,327
1248754,316
1230538,268
1317270,261
1123969,319
1336390,299
1233276,282
1064304,232
1440680,52
1460672,53
1216744,49
1235794,56
1226151,53
1319892,50
1222758,51
1326527,47
1004505,45
1212716,115
1275664,109
1098504,111
1452295,99
1149279,111
1218556,109
1411529,112
1354563,114
1322625,100
1294117,86
1410028,65
1036232,59
1455107,75
1421652,60
1494678,80
1296401,56
1160998,70
1056097,53
1356467,54
1412784,37
1067429,132
1334969,132
1411562,129
1475191,134
1188752,133
1296548,121
1272906,154
1123142,163
1286263,162
1433634,148
1144693,191
1032662,224
1370978,272
1122083,212
1211601,250
1357283,219
1194866,255
1287568,232
1268488,222
1129395,179
1177184,82
1070083,84
1297768,101
1350667,93
1333592,254
1425926,165
1293905,180
1462420,114
1209830,132
1334845,116
1387633,310
1247743,340
1117537,318
1079065,273
1180290,327
1415350,295
1206483,378
1339817,285
1295357,286
1340117,204
1132769,131
1199188,62
1169788,87
1423621,83
1018563,77
1080853,99
1285450,111
1326234,141
1132323,130
1222544,105
1433611,350
1186967,356
1173866,347
1448932,318
1229078,348
1232693,332
1391815,366
1386900,324
1404957,324
1415551,279
1079171,30
1263378,28
1169912,152
1058707,92
1395362,25
1225413,42
1084326,28
1150748,49
1040838,52
1451834,43
1375324,45
1203305,43
1276111,38
1089354,29
1456270,29
1231504,425
1430097,422
1162031,385
1272750,347
1320907,414
1061083,379
1349906,494
1368565,474
1056508,469
1176726,372
1057026,592
1090905,601
1041602,587
1473384,528
1247041,1798
1006972,1483
1112156,781
1014063,732
1257761,673
1337096,595
1020633,212
1384720,250
1351858,240
1458481,240
1458802,235
1166438,256
1427174,296
1063469,343
1284641,304
1057638,269
1176123,106
1053426,102
1362188,107
1472327,97
1206366,102
1257964,80
1480277,104
1465217,103
1284838,111
1319585,110
1181839,71
1131518,81
1268768,71
1391032,59
1260481,140
1069609,93
1324346,61
1046579,60
1232070,48
1173143,40
1267634,57
1465123,54
1362254,56
1237389,46
1466483,51
1041421,49
1060615,62
1326935,64
1421533,63
1069064,59
1232845,45
1061266,42
1496650,45
1276290,38
1184775,42
1404104,42
1216877,48
1288726,43
1006248,41
1019604,36
1462054,57
1155430,90
1116479,82
1178750,67
1332949,105
1119799,71
1357303,68
1417777,48
1137724,206
1423011,274
1438518,264
1018827,182
1429932,251
1294970,264
1273324,263
1153382,311
1262708,360
1061420,314
1129706,107
1025300,100
1412369,96
1125357,99
1389049,109
1488501,109
1132673,121
1448288,145
1469785,154
1424009,121
1005733,66
1199112,73
1147013,358
1154039,317
1270940,54
1250143,52
1427638,73
1047461,58
1054157,58
1429640,314
1419037,336
1031315,324
1456519,315
1238858,544
1433450,504
1273195,546
1388619,336
1433284,381
1207528,358
1020914,111
1184809,229
1101299,219
1049974,190
1307058,139
1402432,75
1330573,89
1093878,100
1170942,99
1136234,63
1336913,68
1481273,69
1232719,77
1297029,66
1227586,148
1138532,120
1217013,110
1257492,113
1166466,96
1461892,83
1157087,127
1338101,125
1028066,124
1198902,138
1272992,141
1445613,121
1106028,151
1072843,127
1074625,64
1110407,62
1399261,382
1454243,369
1091379,396
1409591,272
1225625,351
1298752,297
1386787,404
1391503,369
1099252,336
1144316,281
1171130,484
1365329,1608
1171863,462
1473197,427
1274263,528
1277137,496
1156522,3790
1387414,3498
1134038,426
1081483,385
1133643,48
1308370,37
1306499,38
1443284,35
1244740,30
1431655,34
1348094,34
1373197,32
1175329,431
1224703,435
1300896,407
1445437,396
1408590,403
1180221,390
1328800,453
1238224,502
1445032,478
1433797,420
1418017,247
1265394,224
1446150,213
1203063,196
1112304,280
1087179,238
1393208,185
1437433,360
1083339,309
1010307,275
1443244,56
1186542,58
1191341,58
1206576,57
1400158,59
1415414,65
1225162,67
1375215,82
1152899,91
1484953,71
1154169,146
1107329,147
1108464,149
1143995,154
1134896,140
1279926,147
1414764,183
1321694,178
1220511,167
1103032,157
1240615,1384
1397490,1372
1355088,1290
1401705,1308
1422185,1383
1390157,1446
1460838,1698
1377519,1798
1310657,1782
1491023,1619
1035528,40
1244162,42
1335442,37
1034995,39
1299500,37
1483231,43
1361035,44
1042151,41
1169768,40
1074099,257
1489678,279
1028985,284
1049598,229
1240507,403
1263294,351
1318084,302
1484213,282
1383207,278
1235435,269
1242759,231
1038515,1222
1434725,163
1076706,193
1053052,247
1321083,209
1173318,2922
1011628,1832
1449610,246
1293946,210
1125250,873
1037647,930
1138222,820
1266103,904
1003947,879
1348210,915
1145349,1086
1373036,1207
1309199,1147
1171211,1028
1276632,80
1006869,71
1490016,66
1367690,59
1200641,55
1317691,64
1378510,55
1197398,44
1460062,32
1432590,36
1107995,42
1311380,36
1140546,31
1303417,67
1154781,40
1322706,45
1489068,808
1064789,770
1178264,732
1482167,758
1414147,2289
1318708,1968
1457640,980
1496743,973
1439487,3372
1117036,2922
1464172,60
1204098,103
1014795,100
1420298,125
1412351,72
1107519,44
1286582,56
1201131,62
1253449,63
1233036,35
1062376,130
1399544,84
1130725,73
1066832,31
1175537,46
1320313,45
1416932,50
1474917,47
1134238,34
1397808,165
1149154,162
1274284,164
1414652,148
1357536,144
1225370,130
1383879,159
1418145,161
1400390,153
1422708,162
1198571,51
1181119,267
1249298,200
1419601,52
1119650,44
1409495,69
1327005,56
1303327,46
1080254,43
1414658,196
1474459,199
1272721,245
1174028,184
1484299,221
1319711,195
1457607,244
1167481,227
1471887,219
1456063,195
1321067,105
1232285,102
1342696,78
1389072,55
1057764,54
1108277,74
1123242,60
1294566,42
1476847,41
1414426,87
1143644,90
1022628,86
1271798,95
1296135,94
1245834,106
1195290,113
1001552,131
1207003,128
1143977,105
1049986,657
1058080,594
1385476,587
1197433,557
1157667,611
1462354,590
1447886,698
1414248,771
1071904,766
1233401,686
1048213,201
1447792,256
1422192,290
1333331,278
1345321,264
1359424,249
1188609,344
1351203,267
1121215,293
1325999,222
1055041,217
1260187,210
1372516,216
1478820,209
1281981,210
1170276,203
1352878,225
1086413,222
1174609,218
1210516,177
1216868,176
1312485,154
1114376,162
1214610,147
1092849,272
1423702,206
1067336,181
1112246,176
1128675,172
1260223,158
1064865,84
1010319,132
1398591,127
1301497,106
1221429,121
1387628,109
1065479,121
1374782,96
1064336,89
1402535,65
1378097,217
1052288,227
1280063,228
1488358,229
1146421,230
1261997,227
1273271,264
1379056,273
1320666,265
1282552,220
1012356,138
1280965,195
1067057,233
1007605,210
1292992,242
1478678,206
1251025,280
1134701,240
1225717,257
1238986,204
1193124,305
1056666,318
1312685,324
1336457,316
1454072,492
1360725,473
1070791,545
1284859,343
1000502,386
1091118,362
1310137,773
1303810,709
1277815,663
1239684,792
1244622,787
1417395,734
1301940,875
1209454,735
1280610,728
1110072,628
1315006,400
1274070,199
1460463,205
1180088,213
1086621,254
1199102,230
1263657,268
1354041,317
1270384,333
1270266,280
1388270,528
1206660,501
1347411,487
1130577,440
1218895,469
1188923,431
1420775,525
1264839,481
1131282,447
1289857,365
1187232,49
1154629,59
1071327,308
1104104,245
1424002,44
1278069,38
1162475,62
1315112,54
1278374,46
1156508,34
1221970,126
1039156,126
1013847,122
1269940,127
1249208,122
1032032,108
1381878,143
1179267,134
1103358,61
1031522,63
1441429,388
1205987,379
1126546,362
1062138,353
1168666,396
1428344,401
1192653,429
1025988,475
1092801,450
1466330,299
1253435,337
1003790,352
1407686,268
1386117,872
1041553,780
1160729,434
1105240,349
1275872,334
1064239,282
1129687,186
1037739,208
1342075,151
1480121,185
1102860,133
1483078,102
1004285,236
1069331,223
1434986,220
1305194,124
1124507,116
1348574,123
1265021,116
1134259,116
1124696,96
1475116,138
1214823,143
1395004,135
1238037,142
1128404,49
1234039,58
1204827,55
1152216,49
1302724,115
1323021,71
1003827,53
1145179,47
1072806,40
1101824,35
1327840,127
1489316,121
1191403,146
1162076,135
1079663,125
1018683,127
1134125,172
1097271,171
1341114,150
1302813,144
1200785,24
1214706,27
1095511,24
1226081,50
1368710,82
1312690,71
1047653,64
1189012,59
1469136,70
1302705,52
1017688,47
1398113,27
1362599,332
1120329,380
1301366,426
1002209,519
1240302,476
1233562,407
1110335,523
1348050,537
1058578,590
1335537,468
1098570,52
1073553,50
1044020,53
1165391,44
1204487,46
1472749,331
1244370,253
1437863,40
1336959,25
1394160,49
1131763,39
1063451,42
1140662,34
1288250,102
1157702,95
1107474,101
1128343,99
1101634,141
1119422,145
1023345,175
1298978,99
1207170,119
1312063,108
1383510,63
1393228,92
1417616,90
1129132,192
1301112,86
1333133,41
1177896,62
1183511,55
1474158,63
1043355,35
1023619,69
1486661,74
1130825,80
1046603,73
1129769,191
1104503,166
1340182,119
1488407,123
1280734,98
1153942,88
1473989,252
1292670,260
1256986,275
1164851,204
1093705,247
1181024,219
1398775,277
1177612,235
1208371,232
1414249,186
1452353,260
1024727,1106
1275924,225
1174973,283
1336295,360
1407628,314
1215558,3095
1095301,2523
1129955,324
1150712,289
1469299,25
1119669,19
1192004,20
1374612,20
1130206,20
1029916,18
1414039,15
1276937,17
1025011,16
1148633,363
1269822,356
1122710,339
1368824,341
1267281,354
1010516,318
1207782,386
1107897,430
1355123,436
1245170,498
1394634,491
1107583,456
1278108,394
1328969,419
1102011,430
1333022,531
1320534,596
1077386,553
1233535,540
1194207,43
1448370,41
1079356,41
1184629,43
1071294,50
1093908,52
1239978,53
1263128,68
1188114,74
1042781,60
1279275,62
1305159,64
1195872,61
1271171,82
1287009,59
1125745,59
1067289,75
1114177,79
1432227,99
1087470,61
1237947,830
1452835,836
1029462,845
1365321,850
1377892,932
1378346,896
1261333,1088
1427333,1227
1157382,1207
1168967,1111
1297182,22
1200350,24
1050596,23
1347479,23
1157094,185
1356002,178
1016138,183
1309641,182
1499969,341
1318960,286
1132759,219
1156703,224
1347366,211
1479828,199
1353276,116
1310745,1218
1259126,71
1399815,110
1479063,135
1280384,104
1273328,2282
1329675,1850
1296742,111
1097552,118
1175098,581
1107789,467
1472551,586
1434395,535
1204957,561
1066271,526
1201647,666
1207963,707
1224651,672
1102821,615
1252491,38
1245895,32
1481691,30
1161370,33
1212692,29
1318121,25
1321701,31
1412851,22
1276134,34
1410177,27
1169782,28
1017948,26
1155477,33
1307971,28
1467101,295
1455580,329
1073869,346
1164529,293
1242649,1447
1458824,1436
1205276,624
1153862,441
1026311,2631
1100814,1611
1433607,51
1325788,93
1222062,81
1095953,128
1192192,66
1003275,35
1419391,42
1213380,52
1449132,50
1025691,29
1166120,78
1492774,48
1389720,68
1029230,20
1352343,41
1368955,36
1012363,35
1318880,29
1122068,29
1320801,185
1363348,187
1006930,174
1033851,155
1405700,171
1456057,163
1495295,198
1403913,190
1493423,200
1157998,176
1169405,232
1122567,240
1141716,70
1133958,54
1199519,46
1411918,42
1089046,179
1420568,158
1094571,172
1015407,167
1343753,163
1290825,167
1247241,187
1383868,182
1419894,168
1048220,161
1401237,54
1093184,48
1037033,45
1462031,33
1294471,33
1324469,37
1037484,36
1455758,29
1140449,25
1452600,35
1462180,37
1210051,42
1448582,37
1153239,40
1292579,52
1444618,59
1253969,49
1066074,214
1040567,205
1033848,218
1060668,198
1364029,204
1062630,191
1094506,222
1358659,247
1465329,273
1440816,216
1453624,129
1366879,133
1066766,152
1218935,158
1456740,165
1272288,155
1229915,202
1295433,181
1187828,206
1426162,154
1390856,42
1064665,41
1440509,41
1239126,43
1396561,41
1352708,37
1169282,45
1368073,45
1087742,40
1239602,40
1254600,95
1187584,98
1256962,105
1250767,98
1183162,229
1279361,185
1441846,147
1025243,159
1301264,142
1087640,139
1045918,86
1060939,110
1453084,104
1389584,79
1109929,79
1195022,75
1303129,98
1470042,83
1425214,72
1480181,50
1120639,61
1421206,65
1357988,67
1004611,67
1274230,83
1339747,91
1035696,80
1021984,95
1019163,88
1364760,88
1098207,91
1144332,128
1001298,141
1052493,118
1116984,128
1358488,144
1479481,182
1479982,159
1250243,140
1224186,140
1476141,89
1092873,92
1411938,93
1288977,91
1414035,137
1477480,143
1441461,166
1334203,110
1011084,133
1272016,119
1291804,406
1083211,404
1459930,359
1080771,369
1290984,450
1371092,404
1129462,552
1146886,387
1075732,406
1481125,305
1383646,155
1262046,87
1031233,105
1313003,124
1111253,130
1464277,125
1449649,140
1241310,172
1311108,189
1359316,165
1328056,326
1338235,330
1424127,347
1006231,271
1217979,304
1256515,268
1230515,339
1167123,304
1186034,289
1459062,227
1131248,36
1159026,207
1196992,148
1019725,32
1038502,48
1345899,30
1149789,32
1434408,287
1331367,260
1151568,305
1038126,244
1105246,313
1354383,232
1375571,313
1188956,306
1350405,299
1040755,209
1329810,269
1095638,307
1045471,347
1026941,256
1383816,899
1342743,659
1081079,368
1404092,327
1497047,328
1077049,286
1298757,120
1346606,137
1350474,153
1096561,130
1424462,134
1257115,148
1448606,172
1410308,167
1397778,187
1274838,159
1181744,25
1086282,29
1342834,38
1191933,26
1455688,71
1156031,66
1463066,31
1307453,25
1328288,27
1170261,220
1200413,191
1249578,210
1392101,209
1076983,205
1395094,199
1291487,229
1166161,223
1237836,221
1109620,189
1353433,22
1279339,22
1205295,23
1431212,20
1271186,21
1491686,20
1180510,19
1383885,19
1341913,70
1144509,71
1210738,77
1472270,51
1374106,54
1241273,52
1388278,78
1483740,68
1052572,45
1401309,28
1400990,127
1259749,149
1240225,23
1092082,41
1227429,34
1097232,34
1312352,31
1268573,45
1232796,52
1035942,52
1299417,50
1386090,71
1016464,70
1303501,87
1176686,61
1080504,58
1446354,55
1181712,65
1274821,113
1159957,120
1131022,147
1194633,68
1148248,43
1027752,52
1286552,53
1087904,43
1343655,36
1289665,118
1359744,114
1216979,122
1007979,111
1267184,161
1475359,112
1399772,117
1044288,120
1204605,102
1166180,87
1029581,63
1049770,71
1239437,93
1218181,60
1439193,69
1461309,62
1203974,74
1039123,70
1269935,42
1189136,45
1297968,225
1259331,262
1135133,260
1421534,214
1413771,252
1178643,219
1078554,282
1495417,245
1274485,229
1335756,190
1201137,310
1320497,976
1483134,265
1363331,260
1186216,371
1068689,434
1371487,2743
1379605,2262
1207029,322
1436681,273
1052630,27
1260318,19
1257768,18
1221459,16
1080389,272
1256024,247
1328739,265
1245033,235
1252741,240
1424447,187
1139612,229
1498209,273
1123645,258
1323759,217
1292034,91
1157559,94
1208584,92
1290817,96
1427899,97
1161944,98
1217185,117
1259287,120
1192548,117
1177141,102
1255407,495
1338733,471
1482136,490
1147855,507
1311799,588
1306558,558
1494027,704
1265348,887
1083041,850
1003331,654
1084671,24
1127039,22
1111671,21
1149061,17
1432334,18
1036706,17
1173657,17
1099347,200
1376287,209
1124300,216
1468244,200
1015025,323
1083819,203
1217848,244
1298548,229
1434356,213
1482492,196
1320819,235
1248373,869
1008294,258
1232116,211
1255594,242
1318738,318
1446799,2099
1486944,1654
1386805,207
1413768,170
1462608,405
1418346,406
1491979,393
1407308,378
1010422,462
1108134,412
1224076,537
1140817,543
1025411,559
1403656,428
1217471,56
1104854,54
1256148,58
1458926,47
1412413,57
1006284,39
1426761,47
1139068,46
1316420,28
1259792,27
1483645,52
1349724,46
1427122,42
1072907,28
1453758,33
1131668,28
1442229,38
1065535,34
1390209,28
1462612,24
1489860,62
1389663,34
1206646,38
1365027,22
1283496,22
1262779,22
1435474,34
1294014,33
1132104,29
1018393,31
1258354,784
1133666,591
1066784,660
1167841,558
1468687,1467
1328290,1342
1240567,806
1424215,750
1057722,2258
1349429,1411
1053488,43
1058362,70
1281230,76
1053785,106
1324241,65
1039288,37
1386011,36
1143236,47
1233422,43
1272934,36
1242088,48
1209556,35
1052913,30
1266188,28
1249279,24
1125302,21
1272411,17
1039622,22
1075384,228
1332431,224
1141830,248
1032755,216
1183226,217
1444861,214
1465487,254
1116043,252
1155353,261
1394606,211
1211649,34
1338544,33
1206721,170
1213726,158
1121296,26
1341927,28
1126590,39
1017637,33
1116834,37
1179503,26
1158599,216
1218897,215
1144162,248
1191552,188
1419930,232
1068714,214
1034417,241
1153354,239
1402994,231
1174600,160
1067348,30
1000557,28
1141868,25
1193883,22
1477660,24
1374717,23
1005512,20
1481939,19
1194957,112
1209298,112
1491117,120
1021817,123
1238437,138
1088320,110
1353310,133
1151804,164
1275812,174
1152280,122
1253246,239
1210078,325
1364359,366
1015692,318
1200780,306
1473909,279
1114235,346
1035523,323
1060105,302
1130600,267
1409129,39
1150723,37
1181288,37
1303570,34
1076136,30
1496530,31
1131674,159
1262299,152
1213601,140
1300132,149
1305748,253
1087593,164
1494276,173
1004602,155
1218108,146
1485765,134
1369461,81
1332257,142
1208274,110
1084190,107
1054679,123
1381709,81
1006574,110
1100330,99
1459804,88
1074270,80
1323505,178
1159662,173
1458025,178
1453177,183
1314608,184
1134764,171
1150022,205
1086312,247
1465717,171
1279859,181
1134014,207
1472460,250
1492825,270
1415612,279
1019478,255
1059110,227
1204889,289
1169118,259
1451461,246
1112696,216
1236946,98
1434549,107
1120418,112
1403037,145
1144287,233
1358838,226
1290736,208
1259881,115
1401133,132
1126127,122
1169445,375
1004578,402
1179600,420
1308774,324
1302648,429
1319128,349
1088656,465
1299376,334
1292193,370
1305988,264
1015328,141
1459453,55
1051019,78
1321503,76
1055145,73
1234463,74
1010315,87
1374626,109
1186950,118
1285406,101
1318631,303
1250084,292
1307634,288
1149758,245
1067032,255
1434813,265
1002560,314
1156579,258
1396591,249
1392103,213
1249940,22
1425455,22
1154185,81
1015552,91
1082946,18
1286570,33
1254729,65
1006149,60
1412957,70
1252535,45
1339142,53
1442360,47
1303970,60
1111277,51
1317971,33
1003422,35
1270759,483
1251827,341
1441633,416
1246760,320
1077996,406
1059707,327
1256407,457
1046867,429
1336797,403
1335237,320
1089648,227
1237824,226
1443604,261
1315244,166
1254893,753
1019982,534
1395631,300
1498515,258
1233129,223
1478969,207
1429360,66
1120903,72
1255283,76
1228809,62
1257624,85
1066626,87
1383790,94
1236459,98
1158042,91
1110951,96
1094399,38
1171262,53
1216042,33
1040672,70
1164094,76
1290899,37
1362590,37
1436155,26
1141020,118
1137816,118
1268877,123
1177855,111
1418558,122
1134734,123
1325056,153
1145992,156
1049420,141
1362616,140
1384912,15
1473127,61
1323704,81
1329092,73
1245072,57
1238938,48
1084196,43
1442846,42
1025058,10
1428338,37
1090704,50
1320112,13
1297638,8
1337109,23
1385171,27
1155836,108
1234570,217
1066501,198
1306678,240
1115733,158
1166572,81
1442966,106
1460038,79
1193240,60
1434050,43
1129340,152
1182360,165
1478755,169
1287636,157
1439136,254
1311021,189
1483148,190
1084470,181
1177978,152
1199834,141
1210152,18
1281696,19
1051001,20
1056902,14
1386579,246
1252232,248
1392509,262
1473748,190
1194125,231
1452660,218
1313545,292
1220899,245
1176114,215
1368957,176
1290080,496
1089612,1435
1439182,416
1453938,409
1416600,532
1061133,736
1444912,3104
1021121,2437
1317447,440
1115697,393
1439020,14
1161356,17
1359174,16
1181972,14
1140677,14
1254006,14
1249389,383
1144725,232
1024456,287
1333259,250
1158440,251
1245351,202
1209146,281
1336601,275
1229162,258
1147384,226
1202967,44
1266951,70
1123101,37
1397105,50
1451801,47
1410965,56
1132536,56
1089582,50
1009115,42
1443523,244
1163835,229
1494285,243
1318970,241
1230640,279
1350989,268
1469698,362
1157662,395
1365942,407
1241167,318
1474470,15
1199867,14
1410274,13
1424399,14
1275961,14
1123239,182
1300003,162
1142646,182
1406271,162
1081205,344
1272773,230
1107862,209
1445770,202
1114381,182
1415547,162
1160077,245
1091853,938
1330691,576
1415863,128
1334478,228
1141705,485
1420680,2303
1487401,1754
1204380,244
1052413,196
1242874,174
1077197,196
1127975,185
1230110,200
1166412,209
1066808,199
1470409,268
1342442,292
1139563,298
1003833,215
1013568,26
1458838,25
1242946,27
1117852,22
1444202,19
1240782,16
1377760,19
1197572,38
1109827,41
1259868,37
1363824,22
1225867,23
1199703,36
1393980,26
1376514,18
1302656,44
1141699,62
1433132,43
1454906,33
1474457,34
1353854,61
1238870,55
1102120,34
1381727,33
1165621,478
1067751,443
1367529,416
1419376,355
1217634,1528
1435817,1222
1388704,663
1050100,578
1447978,2481
1223297,1823
1057692,53
1208998,105
1142079,99
1114122,137
1348065,93
1123612,43
1147172,46
1449879,47
1410895,38
1474990,29
1462527,39
1486074,21
1393559,21
1126109,26
1454486,28
1483756,23
1138537,14
1325573,70
1051613,85
1191347,101
1459200,78
1119462,89
1353313,91
1265434,127
1338064,126
1391890,138
1094290,107
1494524,75
1122982,77
1247940,26
1492928,22
1447707,309
1306135,311
1375347,355
1210263,281
1031578,336
1224519,313
1094254,392
1331126,370
1412296,344
1464457,273
1429670,36
1048429,37
1266516,25
1064371,25
1010582,28
1279234,25
1140213,23
1462914,19
1028151,86
1078943,90
1254456,101
1282678,102
1182119,105
1430557,101
1044051,122
1372892,133
1120515,132
1489688,99
1247162,422
1272298,381
1423076,466
1080130,422
1053710,426
1164565,375
1205751,487
1210368,445
1260599,389
1121115,355
1198240,158
1144385,144
1437302,145
1132630,144
1101586,238
1091445,151
1295002,163
1448868,150
1435790,134
1431208,121
1431365,142
1385563,134
1087230,123
1471543,115
1097979,93
1256441,135
1444251,116
1213606,112
1296465,93
1269338,45
1196617,49
1158962,53
1378735,47
1249741,45
1350135,43
1431352,65
1267745,59
1257221,54
1045903,306
1168162,324
1199171,411
1192330,328
1026480,332
1359515,311
1183397,424
1352135,377
1263834,343
1219655,307
1104882,45
1064112,49
1103507,46
1359439,42
1362263,53
1115404,52
1495441,80
1263659,56
1492790,56
1472842,51
1220718,201
1035762,219
1005331,224
1144722,232
1375730,222
1053781,209
1221582,269
1101521,168
1464391,197
1118931,146
1402087,53
1267543,19
1031981,28
1131800,29
1226628,33
1429379,36
1084519,51
1054929,54
1111818,44
1127792,213
1148446,205
1099206,242
1109184,162
1229777,178
1297617,185
1237610,259
1069068,196
1090735,178
1383176,151
1318530,60
1349996,58
1102502,21
1079296,337
1264719,331
1431686,354
1320803,321
1011233,343
1377962,305
1192944,412
1405148,438
1405071,396
1123716,293
1453825,322
1309172,338
1227764,360
1149701,240
1030628,890
1058252,760
1491947,432
1494597,339
1401368,335
1435257,268
1475740,105
1441634,73
1473188,103
1453677,112
1138281,113
1365133,133
1201008,88
1221090,86
1252788,88
1312378,128
1121476,120
1452533,135
1151293,142
1048430,133
1078682,104
1174467,159
1076674,170
1054235,143
1438311,150
1172173,26
1211628,33
1114022,27
1119679,24
1098728,64
1402934,35
1022522,18
1190225,23
1280461,184
1042807,173
1403241,181
1184545,187
1338050,159
1026597,147
1451444,228
1001753,209
1244369,205
1114154,172
1251743,15
1216807,15
1044810,14
1329636,44
1292821,74
1107124,72
1295439,52
1052382,68
1108059,79
1292720,76
1149871,53
1133587,24
1411654,96
1217172,75
1447046,49
1367645,24
1001659,97
1228444,100
1433924,155
1371163,157
1408863,131
1477833,37
1283271,38
1257511,39
1159801,33
1099699,39
1378391,38
1419443,43
1302328,54
1455533,64
1466302,55
1216929,165
1314022,57
1313140,19
1224624,30
1401467,25
1352497,22
1448084,49
1362746,50
1267173,49
1105075,46
1307999,83
1488767,81
1040530,107
1131755,58
1492694,57
1027892,57
1099057,45
1225458,98
1010715,99
1387667,146
1346873,116
1408529,26
1164196,47
1067861,46
1286769,51
1310185,34
1112704,100
1055978,104
1093150,109
1332210,99
1045586,189
1399769,152
1428523,146
1056581,147
1447191,128
1384034,108
1137590,25
1263027,26
1396476,27
1393708,24
1098120,22
1146079,18
1176683,24
1236232,24
1043714,14
1112290,11
1315890,336
1251960,313
1344744,382
1285953,246
1222463,285
1380883,251
1155889,348
1190568,323
1429669,275
1351758,224
1122867,416
1428085,1415
1055368,361
1181140,367
1192825,437
1497180,384
1248212,3229
1144793,2831
1361907,456
1307127,369
1296593,19
1288029,16
1136665,14
1374497,13
1038293,14
1113345,396
1129168,390
1156793,400
1095528,333
1306049,347
1282473,328
1316409,419
1394640,462
1009777,445
1386654,377
1154407,121
1423212,92
1413911,130
1007465,128
1392733,119
1343164,100
1114869,138
1399552,182
1208940,98
1112607,46
1040360,47
1119698,45
1325998,49
1147410,51
1305088,55
1158546,65
1323328,71
1158006,51
1119887,25
1165697,28
1403211,43
1443517,31
1014151,683
1374002,651
1417996,652
1141881,643
1219590,700
1373220,712
1355558,915
1042282,994
1323969,978
1480827,914
1181254,19
1150997,19
1379420,16
1033770,16
1451868,20
1108405,195
1481278,214
1127853,224
1069729,199
1028848,408
1201050,265
1278761,253
1182751,253
1494451,229
1346198,201
1367068,212
1393667,1541
1263571,110
1395629,136
1395320,171
1486344,148
1100089,2565
1316600,2159
1133091,233
1497480,172
1196661,505
1496261,473
1194929,514
1209119,514
1397954,541
1433003,555
1306725,709
1355897,756
1064394,713
1299518,650
1100813,23
1103179,24
1349648,25
1360039,23
1008284,19
1372827,23
1022366,26
1247275,19
1250692,25
1166812,27
1075237,26
1284106,22
1132690,16
1021330,17
1173609,15
1161832,22
1084054,28
1196971,19
1287686,21
1490438,24
1377459,50
1284858,33
1215512,25
1013410,438
1306922,395
1407650,383
1115185,319
1300326,1338
1348608,1041
1077818,636
1431835,477
1314817,2556
1066068,1937
1236383,54
1051153,49
1403654,76
1458515,56
1092603,20
1406779,24
1363499,26
1308591,46
1445820,21
1339495,42
1031284,12
1011989,21
1092978,20
1416822,26
1044644,22
1400124,17
1020688,25
1132214,216
1299296,188
1328803,214
1334503,180
1383625,179
1448378,178
1069438,235
1171702,208
1152361,221
1150037,198
1198481,108
1397183,131
1149053,31
1380157,52
1016217,43
1237054,355
1044369,351
1157822,374
1420945,344
1375200,380
1358278,331
1205185,401
1362253,412
1263433,373
1337606,301
1266676,29
1311688,29
1369119,23
1391955,21
1095582,18
1236493,20
1350052,22
1396061,18
1422724,28
1416267,28
1023518,30
1210701,26
1084100,30
1161473,29
1245334,35
1471348,44
1155624,45
1303316,37
1072688,111
1082037,127
1248088,139
1240215,121
1140940,138
1372767,128
1319511,163
1163430,191
1024275,200
1176115,181
1230753,229
1459901,286
1283901,321
1420906,310
1125326,243
1280096,281
1256216,356
1497839,297
1056161,271
1249726,253
1038455,23
1434793,23
1160822,18
1346146,140
1428646,145
1449241,162
1411131,156
1001411,154
1385630,168
1237972,176
1078865,173
1319741,154
1309594,129
1146287,78
1352895,113
1378461,105
1426530,95
1437824,88
1028205,69
1326348,105
1025298,79
1421003,68
1356082,54
1213133,24
1400057,27
1006359,29
1478327,33
1264778,31
1296198,44
1091285,42
1188584,230
1289252,307
1121717,334
1165494,273
1133975,247
1017195,282
1473572,364
1156194,315
1420711,288
1050364,249
1218991,36
1036017,37
1114325,61
1038860,59
1322237,70
1073235,53
1314434,52
1418720,48
1245711,261
1063433,258
1035108,338
1352358,250
1074658,293
1499594,274
1056537,353
1255064,231
1421744,247
1109478,189
1194904,45
1371113,26
1478926,28
1218200,30
1194155,32
1393791,31
1356548,55
1087090,58
1362391,48
1000962,346
1031818,344
1467100,370
1034605,296
1101780,335
1002344,323
1046072,431
1442812,347
1345228,302
1113888,254
1219117,12
1297015,101
1202918,85
1354197,22
1268287,38
1242062,30
1046820,19
1013774,22
1383287,18
1249173,17
1402527,15
1088465,396
1321672,397
1493321,397
1486372,359
1411581,407
1338165,343
1206135,452
1093502,492
1461412,464
1015740,378
1189256,390
1128323,391
1326661,230
1242328,1115
1210696,846
1120940,429
1045314,447
1270338,368
1491051,309
1321001,339
1149554,332
1321455,367
1220031,323
1249562,309
1221659,339
1448873,381
1201558,379
1112961,392
1441542,327
1227620,125
1060282,130
1212298,131
1324089,103
1160616,114
1125254,112
1367408,140
1164080,145
1095594,134
1441231,128
1418316,39
1028314,51
1376664,48
1001180,44
1317946,108
1162285,68
1183217,35
1344949,29
1207523,31
1102512,122
1361643,113
1135403,134
1171163,100
1473307,107
1038042,93
1053898,129
1496571,153
1142142,146
1162420,139
1199487,20
1373867,20
1424223,18
1451930,19
1370497,17
1065924,20
1083741,39
1234248,63
1088860,68
1356258,55
1302259,48
1152733,52
1484698,66
1261194,46
1230150,40
1107553,32
1100828,389
1201667,354
1162414,311
1162048,355
1360889,382
1070154,374
1242415,397
1009155,459
1007348,495
1257698,342
1386147,64
1477962,62
1164241,60
1313079,67
1489391,72
1217690,73
1403412,76
1067902,96
1016818,106
1451414,85
1144387,51
1357820,50
1123456,313
1000586,261
1286790,48
1115930,33
1193439,42
1219711,35
1438799,84
1011484,87
1146910,94
1078476,94
1273798,139
1381479,149
1414898,170
1313752,102
1097004,123
1295157,112
1065465,59
1344156,102
1055855,106
1234968,159
1249681,87
1066635,38
1064923,52
1167876,49
1053807,51
1237785,35
1471314,115
1249240,106
1119440,109
1039592,101
1014849,201
1196535,163
1292202,156
1275446,157
1454082,146
1373757,129
1346922,52
1058487,54
1357585,57
1246808,64
1099146,56
1412353,48
1468339,60
1313065,55
1490279,28
1444037,283
1032563,283
1412227,273
1397626,232
1215207,247
1284712,237
1480206,301
1344652,247
1362439,246
1089623,213
1175542,425
1314812,1471
1408441,414
1198898,331
1096814,467
1019929,405
1050747,3571
1059227,2490
1304119,305
1062397,329
1213487,25
1167608,19
1037042,460
1363682,446
1129795,446
1212698,416
1432412,451
1307351,410
1028375,475
1429330,523
1488638,516
1413805,465
1068732,245
1459985,184
1275261,276
1178436,269
1118377,264
1222153,303
1121953,326
1108733,318
1243875,327
1444290,327
1410568,64
1201705,68
1422145,62
1265812,69
1143936,75
1207164,74
1035471,70
1182115,90
1301690,102
1043957,83
1412117,63
1239970,64
1415533,58
1058293,85
1328879,57
1188626,66
1184088,60
1131958,72
1014626,68
1350558,63
1470774,766
1299041,739
1105837,733
1082803,720
1023822,801
1312925,773
1089746,970
1133734,1062
1096643,1053
1095601,941
1118778,19
1318169,17
1167507,19
1415526,17
1461383,18
1010375,270
1440426,247
1154587,263
1079575,231
1158030,471
1362696,366
1066731,290
1347823,283
1295629,255
1318474,270
1013232,173
1252214,1435
1390132,106
1114889,153
1096101,186
1459986,150
1173416,2876
1044076,2258
1112081,168
1128597,162
1117544,666
1417850,617
1211259,582
1431972,579
1475506,625
1409045,607
1410758,756
1368841,765
1409653,760
1251129,664
1472488,41
1461331,46
1253822,46
1407561,53
1191571,33
1492538,27
1143486,35
1004907,35
1127961,29
1186842,37
1008262,35
1274142,33
1048054,24
1384843,26
1351109,24
1353818,30
1063035,34
1352845,29
1128433,624
1407888,606
1212422,629
1279701,530
1453508,1999
1349422,1751
1292070,809
1124122,793
1192277,3086
1413046,1915
1028748,42
1443200,79
1043603,74
1219673,120
1152131,52
1393223,28
1420107,32
1216873,39
1190133,50
1430193,27
1014965,111
1078132,38
1292424,45
1255258,12
1066079,18
1105879,28
1411353,28
1449547,28
1234887,188
1125678,192
1435855,202
1056982,177
1107898,162
1420115,158
1382425,213
1456487,219
1204895,207
1271507,183
1229377,37
1038196,42
1008268,359
1429686,242
1258400,73
1168925,47
1036885,43
1480686,299
1317736,279
1209072,281
1100649,263
1305444,299
1491431,260
1378334,330
1225887,282
1326777,277
1133252,218
1097687,43
1139498,35
1411557,38
1333045,34
1318193,24
1406669,26
1405764,26
1147888,21
1488755,21
1151189,297
1024790,291
1164052,288
1230002,252
1441669,274
1407711,258
1002962,300
1307976,349
1328697,375
1193459,315
1331356,223
1397910,217
1033866,249
1185243,283
1340832,187
1422405,212
1000907,262
1140986,232
1166061,224
1147826,190
1174075,58
1121861,57
1427424,54
1202501,50
1211307,61
1391383,54
1051248,53
1124427,52
1143781,126
1122608,131
1173756,140
1218630,124
1072974,294
1271370,235
1108945,177
1303182,163
1323756,154
1219727,146
1398197,54
1089695,102
1356105,99
1402798,73
1291085,74
1404814,59
1428083,96
1203717,73
1111706,56
1394938,35
1108936,77
1105792,82
1306121,90
1393546,88
1452330,97
1384949,88
1369516,99
1386732,108
1402801,105
1487219,95
1487448,272
1189549,242
1264146,266
1352579,244
1165448,263
1203426,239
1123527,293
1219158,274
1356081,256
1251853,237
1359239,79
1323864,82
1110355,87
1234810,86
1092030,122
1262482,130
1327710,162
1431000,110
1223860,125
1381768,118
1451012,479
1035076,542
1161618,495
1443293,544
1071762,581
1489624,532
1436386,657
1396514,529
1039985,533
1458659,414
1478260,225
1211763,116
1461264,144
1452748,149
1454882,155
1178109,150
1151588,170
1093068,208
1069584,228
1188384,187
1019856,395
1203766,404
1355799,396
1344056,331
1439488,362
1402415,330
1026211,419
1370612,365
1218651,341
1374767,289
1095558,32
1230790,39
1219964,158
1230004,161
1283749,32
1081422,33
1068866,33
1102942,34
1413625,39
1266101,42
1006570,43
1102106,40
1392645,34
1136584,44
1453858,46
1029171,24
1194113,22
1336189,253
1039864,208
1378231,232
1339671,179
1314578,223
1403828,171
1249231,224
1311330,260
1476081,260
1413988,195
1431384,257
1487673,277
1068668,311
1063833,187
1393194,684
1359636,580
1108677,325
1304133,282
1485109,264
1485137,243
1045996,89
1044730,98
1150354,106
1446291,101
1001106,85
1356071,79
1101252,111
1223036,113
1134987,108
1062304,103
1116597,32
1145893,43
1025496,40
1218778,54
1153423,56
1357408,31
1286873,32
1402952,30
1170957,23
1361706,93
1014000,80
1039951,86
1473600,74
1265560,75
1462466,80
1114666,92
1443948,109
1401506,90
1253336,91
1229602,29
1486505,29
1487852,26
1445743,25
1310175,28
1134018,25
1448035,25
1296975,60
1029539,70
1304389,66
1110541,72
1331960,73
1218721,49
1154883,59
1490445,37
1181176,23
1356273,26
1412186,93
1114401,128
1228683,20
1337833,23
1050850,40
1457667,30
1024014,30
1171411,56
1257636,61
1074009,52
1145515,72
1248367,74
1298875,84
1448070,52
1179183,56
1395822,51
1303811,47
1412306,109
1087455,89
1028514,127
1467820,73
1491649,45
1474249,44
1028658,42
1491544,36
1163145,32
1433035,70
1459830,69
1174361,72
1250822,58
1078406,92
1499791,80
1233243,84
1149972,77
1014740,66
1022510,58
1235837,91
1371786,74
1493420,92
1010170,62
1425445,72
1273778,60
1270680,62
1376166,66
1164762,44
1344143,41
1160893,152
1236978,164
1453878,168
1246866,135
1302283,147
1064732,140
1141248,171
1080727,150
1487939,137
1295266,133
1013660,221
1093949,689
1429810,160
1130721,195
1138486,239
1372175,205
1272747,2127
1182172,1535
1026845,179
1346301,181
1272184,31
1340133,26
1233411,24
1194326,26
1498415,22
1074808,23
1216412,22
1241604,23
1345822,20
1372115,179
1423689,160
1293491,159
1308693,144
1209311,162
1110021,123
1277171,157
1020754,164
1161508,144
1374528,123
1197461,106
1329651,105
1040737,101
1480946,99
1498109,96
1002703,99
1349426,112
1004288,115
1444755,118
1074093,102
1115748,557
1281521,586
1451363,592
1430974,585
1461605,650
1248805,629
1365062,758
1413517,830
1079468,927
1462434,715
1056092,20
1365006,20
1456089,23
1446786,21
1040817,23
1109353,21
1487989,20
1121159,20
1222840,105
1460813,109
1487066,114
1079005,102
1388676,138
1371072,123
1297231,117
1016210,120
1210558,113
1123675,96
1086030,170
1394115,667
1278363,67
1085675,89
1091432,101
1484666,98
1459972,1544
1025645,1102
1253204,83
1150554,95
1353589,375
1083761,371
1017978,382
1204607,372
1179263,428
1287664,399
1101142,508
1259598,518
1403541,561
1101243,434
1202680,54
1343708,58
1386496,79
1391427,44
1230052,46
1047182,41
1131586,51
1169082,48
1065210,30
1322258,31
1062507,39
1369946,33
1266139,38
1317106,27
1200557,30
1442391,30
1141389,30
1209068,23
1048616,27
1161399,64
1246499,34
1173875,22
1295803,29
1382915,32
1270557,28
1387232,303
1234509,302
1131712,315
1041891,270
1189265,1049
1242154,866
1271716,454
1241557,345
1056516,1724
1103361,1131
1333733,45
1001630,68
1071359,72
1309758,98
1363781,48
1275758,39
1335742,31
1385596,33
1379435,42
1065819,33
1192767,29
1281501,22
1307572,18
1456322,19
1431483,83
1062258,84
1333906,84
1106524,75
1290036,79
1184862,92
1096073,111
1031537,110
1203109,95
1071558,87
1101932,21
1044801,23
1079827,70
1285141,117
1075442,19
1499597,21
1343162,33
1476106,127
1049161,114
1364913,110
1193107,98
1180048,128
1358834,133
1151399,142
1044081,116
1466579,119
1014859,99
1332396,29
1266400,30
1472252,26
1003603,26
1409616,26
1059512,23
1484676,192
1368949,201
1329321,207
1375533,208
1107947,208
1425745,187
1273134,236
1436258,254
1254725,265
1421375,203
1325792,146
1193535,135
1218040,165
1236341,155
1062111,147
1128983,150
1391564,186
1321495,157
1210468,152
1203757,156
1412587,31
1433116,32
1042053,33
1124635,32
1154252,31
1279658,31
1407745,33
1186723,29
1470954,27
1368908,25
1374038,90
1153248,104
1345956,91
1393237,90
1014560,128
1012199,103
1077136,97
1119709,102
1046854,96
1283164,76
1314508,72
1471054,98
1128581,81
1166222,66
1188988,81
1134994,81
1378089,72
1135823,73
1235260,31
1377286,96
1308546,96
1196922,100
1163908,95
1085465,96
1068315,93
1234038,112
1038950,117
1444536,116
1283324,110
1191789,113
1438073,147
1172474,197
1280261,200
1275016,210
1145855,155
1232971,219
1224224,182
1062528,173
1057817,158
1337490,127
1433830,128
1304337,134
1167678,132
1299855,158
1311195,163
1432084,177
1180256,129
1421002,147
1053628,131
1121324,230
1026413,304
1070072,312
1146493,248
1023501,325
1453489,258
1038965,298
1347849,242
1045776,251
1452750,184
1021010,77
1136984,43
1234163,45
1215779,46
1370085,46
1152832,42
1214420,51
1143861,68
1223574,93
1456445,81
1030306,191
1056828,183
1140717,195
1289609,157
1355546,168
1104076,172
1172744,207
1031169,166
1242193,155
1145750,147
1050897,84
1272957,106
1122296,25
1152640,24
1183320,38
1436037,48
1110617,64
1028234,54
1061389,44
1272403,43
1034465,39
1040003,40
1163226,449
1031803,448
1429552,431
1126332,391
1204816,415
1356232,380
1017032,488
1074980,539
1405502,512
1012125,411
1169730,451
1326969,482
1290989,474
1324687,359
1435521,967
1424670,1118
1217911,567
1445424,519
1307778,457
1109546,424
1322878,194
1050289,246
1361083,202
1159200,252
1180812,215
1378506,243
1287932,245
1314601,290
1360376,355
1316856,192
1401754,123
1091471,104
1300817,125
1193216,105
1060409,117
1209654,114
1282653,125
1425189,142
1361061,136
1099961,118
1476887,48
1108169,49
1344879,45
1017490,37
1176469,111
1130081,68
1058797,50
1296440,45
1341876,38
1042340,36
1480288,101
1388976,98
1119648,117
1321873,108
1261615,99
1427961,93
1363989,131
1410687,145
1431485,143
1457142,142
1190838,30
1280906,30
1123939,32
1338164,29
1455555,26
1478284,30
1151232,26
1129758,27
1436307,48
1144232,82
1206831,70
1035382,58
1196146,51
1260615,57
1312498,80
1136753,55
1489232,46
1035832,31
1061276,248
1015088,217
1292002,181
1285083,239
1343995,228
1304918,206
1017601,282
1180813,305
1169611,324
1346633,270
1207310,96
1452410,100
1318219,106
1260006,104
1372927,115
1133760,116
1075937,121
1025820,151
1310403,158
1030704,141
1415287,57
1180965,53
1113679,280
1357660,289
1161674,45
1334489,36
1069619,59
1315618,50
1274761,41
1185715,39
1281482,255
1185994,239
1101359,283
1224536,277
1416326,429
1489036,385
1432032,380
1485473,220
1191888,287
1140077,260
1307302,53
1177684,74
1331883,64
1425911,122
1293866,72
1062563,37
1201874,62
1153088,60
1234655,64
1157099,32
1161036,141
1135545,145
1442958,182
1314621,150
1388384,214
1227978,163
1301241,188
1184839,186
1046279,216
1167856,205
1113162,94
1384889,105
1442329,113
1199138,92
1401990,95
1238679,78
1464254,94
1140293,97
1457212,49
1189272,55
1271696,323
1139577,287
1148826,325
1317428,224
1018320,269
1099215,247
1402594,311
1180246,273
1047356,264
1486518,222
1223600,372
1358943,1284
1092417,285
1198010,343
1048692,394
1184868,371
1302853,3354
1011499,2500
1413467,278
1233653,306
1434166,36
1432772,28
1496055,29
1399699,27
1037988,24
1104148,22
1193669,22
1279111,24
1121988,393
1115180,396
1008616,397
1359199,341
1466525,370
1060044,334
1237487,412
1445380,471
1070424,460
1324840,410
1210001,280
1406512,292
1476709,245
1469794,273
1227316,262
1434845,257
1026204,273
1325430,283
1311405,329
1487564,309
1012771,88
1492039,99
1409644,94
1069560,97
1230159,103
1451740,110
1223669,118
1480159,135
1329548,142
1008093,116
1240273,84
1245225,86
1103636,86
1309363,87
1095731,82
1444210,93
1270167,119
1040828,151
1271717,103
1112011,99
1123214,1389
1038791,1378
1134852,1327
1403461,1407
1002912,1476
1089089,1437
1082554,1602
1353572,1763
1015394,1756
1320654,1577
1450412,28
1346636,27
1142017,29
1232162,26
1258738,25
1440844,27
1355348,27
1047465,301
1052061,258
1246412,273
1305157,244
1412668,436
1196150,403
1023855,314
1497263,294
1163695,257
1447975,262
1083097,208
1181871,1444
1040695,74
1063801,132
1341226,179
1009874,164
1079968,2495
1331936,1887
1325121,225
1370183,204
1161630,971
1021993,992
1179517,984
1332254,1014
1319159,1033
1356974,1042
1290939,1182
1401750,1288
1064767,1293
1070383,1174
1105919,75
1270179,67
1026319,57
1032990,46
1166528,40
1156987,46
1015916,32
1448825,32
1212228,32
1301184,33
1201561,27
1315874,26
1291984,24
1364501,24
1410066,27
1349184,508
1130619,426
1096780,426
1352350,409
1467630,1409
1225027,1671
1319162,695
1196160,616
1304965,2983
1163371,2232
1410444,48
1447902,90
1220066,94
1395996,123
1050155,67
1405958,30
1460942,39
1156794,46
1259715,55
1290300,32
1407667,107
1268061,57
1435514,52
1118148,20
1110023,37
1016117,41
1057728,36
1269429,35
1398750,32
1307215,45
1053207,176
1381358,183
1255638,207
1176118,181
1043550,175
1369209,151
1359946,195
1311666,191
1064580,203
1006230,167
1415441,34
1178941,265
1146905,196
1344481,41
1495378,43
1337557,40
1246312,249
1171690,301
1445691,305
1086007,208
1304601,424
1292707,277
1350725,317
1126286,309
1167983,280
1340967,240
1321976,37
1088772,36
1446950,33
1210886,27
1321519,23
1454833,23
1231250,26
1060841,26
1063119,21
1368987,20
1106904,100
1345120,114
1121990,115
1432624,112
1306602,106
1096748,116
1346881,121
1417343,151
1248441,156
1369427,139
1034885,255
1188905,253
1000505,253
1155391,226
1175738,240
1346234,234
1177275,256
1379838,303
1492943,325
1308976,269
1086708,160
1137260,173
1412405,174
1407411,202
1333872,211
1469078,195
1445891,230
1306540,205
1015130,200
1306586,181
1288584,123
1216944,120
1394355,125
1285022,126
1462965,123
1205977,146
1349950,188
1340917,155
1191343,124
1262924,119
1106662,222
1095231,249
1210181,200
1032488,192
1351353,384
1277125,298
1277374,234
1030600,221
1497254,198
1294314,215
1120835,69
1168918,93
1010155,92
1219862,78
1262985,85
1489334,95
1272770,71
1139055,69
1005607,46
1433314,134
1145467,135
1375025,140
1095276,141
1187504,151
1167315,104
1162925,159
1129751,174
1154706,167
1428567,151
1432009,156
1119531,176
1430629,202
1258284,261
1404233,167
1059406,203
1141667,260
1354571,230
1284851,204
1266965,187
1403343,215
1050693,162
1389483,209
1028926,219
1164432,381
1022069,324
1424160,331
1466699,187
1013907,257
1325027,198
1111122,661
1152573,617
1139647,574
1194544,666
1473726,739
1357020,675
1226117,853
1018768,669
1259325,665
1497891,541
1011931,316
1108509,141
1137755,143
1313978,161
1154103,195
1023140,205
1398600,206
1300190,221
1019457,290
1443796,214
1251406,454
1077955,465
1432633,450
1135634,358
1053800,396
1300651,370
1403400,476
1084536,406
1422024,402
1067466,336
1181335,47
1407215,223
1250390,180
1119553,37
1431014,36
1141140,47
1362663,30
1258340,38
1477586,82
1232549,74
1421415,80
1499661,89
1390906,84
1392104,76
1341715,96
1459707,91
1213952,53
1319632,57
1284837,607
1493378,586
1108062,581
1199115,490
1234045,609
1150824,545
1195695,672
1437201,781
1332203,707
1025247,636
1350211,1027
1108160,953
1306384,911
1301386,1011
1359640,2188
1065859,2381
1461969,997
1456556,1056
1186540,926
1188205,786
1062543,389
1398189,402
1466289,401
1184561,421
1388769,427
1022676,433
1107883,490
1457400,526
1084848,517
1301668,446
1191468,125
1043523,100
1106934,123
1232746,107
1150178,105
1464884,94
1454215,130
1276479,136
1157583,136
1435668,126
1061430,152
1289127,160
1205864,161
1239910,147
1410666,282
1312333,198
1485353,125
1257696,149
1103602,125
1380060,87
1078789,127
1258021,110
1033797,133
1351003,109
1258210,97
1050711,114
1134300,147
1385089,155
1353835,150
1121782,128
1417469,37
1399537,37
1357556,31
1173518,33
1165681,31
1135715,33
1461113,30
1162104,105
1140483,171
1256636,156
1226418,140
1426747,139
1229906,127
1177248,153
1438430,102
1011649,95
1495463,77
1123146,525
1283686,535
1013187,564
1209472,545
1074286,584
1182203,516
1270377,655
1129511,574
1480157,702
1036327,609
1336480,135
1230167,134
1161027,123
1474084,131
1018008,131
1078258,146
1191793,166
1463167,193
1209802,214
1316201,190
1480252,61
1157948,56
1484457,294
1342379,273
1008085,52
1235730,55
1021989,62
1450107,44
1347721,357
1025278,368
1179188,373
1087166,349
1157826,539
1249459,670
1180417,737
1120848,323
1014416,350
1424299,301
1103877,156
1410995,198
1106286,192
1079826,236
1299309,193
1156239,103
1167739,140
1035520,125
1474882,125
1436002,88
1106947,76
1038730,98
1007039,94
1109602,85
1307498,126
1163586,124
1454022,127
1319449,120
1221686,100
1450663,88
1278837,109
1430956,108
1058059,111
1391914,110
1284694,110
1047034,93
1128200,114
1362834,118
1372825,64
1261755,53
1114322,441
1169375,476
1242200,456
1477386,345
1394203,424
1276366,367
1138700,473
1009855,436
1375467,388
1495420,316
1494572,724
1443408,2770
1046238,589
1046430,516
1258929,626
1162336,586
1119487,4468
1390966,4608
1207032,647
1277215,484
1350522,70
1137795,49
1002793,49
1461455,42
1171371,36
1322633,37
1164057,41
1440801,43
1490055,41
1193418,687
1198884,630
1410268,609
1319050,548
1201688,578
1309747,537
1445768,630
1161906,724
1010865,691
1362178,613
1335657,455
1371464,447
1322076,496
1192580,455
1315446,518
1477854,531
1198926,529
1206563,636
1342655,640
1290673,582
1223905,118
1266392,113
1291976,107
1164193,114
1394245,116
1414710,116
1006345,122
1152630,152
1332072,160
1387257,141
1099622,134
1224371,141
1078580,141
1354327,141
1069327,141
1290290,143
1036858,172
1410348,185
1330379,161
1065783,152
1185434,1660
1101049,1636
1101699,1682
1089294,1679
1480593,1785
1339799,1823
1261433,2064
1397430,2128
1083089,2080
1138673,2110
1088540,40
1085191,47
1338003,44
1203469,40
1255321,37
1178671,38
1061782,42
1346062,42
1088986,34
1410375,303
1103878,313
1415587,294
1320629,258
1259587,482
1435587,504
1222378,373
1148437,355
1307388,324
1203171,300
1023532,257
1429992,2382
1020444,113
1217757,211
1323110,295
1428418,246
1339749,4061
1300869,3555
1077843,164
1490233,199
1266519,983
1137275,1059
1266254,1057
1125205,1076
1282243,975
1265496,1126
1269069,1294
1421700,1436
1095834,1472
1175473,1286
1478221,70
1387281,71
1446736,73
1040382,71
1130883,75
1218824,63
1315250,73
1148711,76
1169207,43
1192336,36
1258982,61
1126069,66
1316507,65
1171598,58
1418313,55
1290649,47
1390837,64
1197163,54
1030401,43
1483696,32
1129265,72
1012371,65
1415273,64
1070312,54
1345540,51
1336029,56
1217162,68
1272790,72
1301604,59
1405386,1149
1167724,1141
1126396,1102
1237585,1138
1405719,3304
1406813,3536
1285817,1333
1386434,1450
1062686,4200
1258300,4095
1227192,95
1404963,145
1175735,202
1104176,261
1222583,120
1080833,74
1088693,88
1272865,87
1476491,88
1038852,62
1139472,126
1112793,74
1175594,81
1298517,30
1255481,46
1080589,46
1128383,39
1201129,51
1136805,243
1311206,223
1041160,228
1117290,198
1136497,185
1126149,176
1014383,232
1363114,240
1421040,227
1355617,202
1005745,329
1498006,270
1009210,51
1430653,47
1214827,74
1222373,56
1371009,46
1053905,45
1364079,259
1115318,254
1454707,276
1012151,317
1402108,288
1136298,300
1196671,348
1173061,326
1275935,310
1316352,251
1160060,78
1029300,77
1202641,74
1305385,59
1392013,49
1473273,51
1210621,54
1385103,50
1483936,48
1127484,39
1334472,132
1364248,127
1349737,124
1487287,124
1426756,128
1459447,141
1224526,148
1127290,185
1114943,188
1179480,163
1353114,681
1253464,716
1242076,709
1340873,691
1412456,712
1210302,736
1404230,842
1199301,946
1323295,953
1325558,908
1435797,227
1230293,337
1476138,367
1378907,375
1463942,301
1066858,292
1141573,382
1482473,348
1315422,359
1154170,292
1098408,104
1466943,111
1001101,114
1219612,107
1165887,108
1125271,105
1413674,118
1425133,161
1104431,116
1468731,95
1268382,136
1212416,136
1258074,143
1443392,141
1297279,198
1354271,204
1349257,187
1085416,197
1458913,189
1392222,161
1252749,154
1205708,235
1268510,229
1407369,200
1305864,204
1396943,183
1399299,233
1314371,162
1099354,175
1339781,132
1091951,200
1414650,201
1122981,212
1030360,199
1272696,182
1146788,203
1056095,237
1406516,234
1021686,231
1005332,203
1225674,190
1334883,308
1138288,345
1175267,293
1463904,334
1357643,256
1361886,362
1115214,302
1440633,295
1173767,258
1195122,222
1078493,225
1327218,215
1076853,216
1416374,323
1383696,406
1028933,527
1161361,237
1073713,252
1287364,212
1363184,758
1199993,754
1497719,720
1027254,888
1033201,881
1105714,819
1088152,971
1105750,779
1001499,788
1445468,691
1171323,512
1164578,223
1457732,282
1305267,286
1051084,290
1356816,283
1374452,309
1464106,354
1165966,377
1439454,347
1405793,609
1087935,569
1482706,565
1391417,509
1352442,556
1445173,499
1194190,606
1492896,565
1044219,493
1047140,432
1270897,36
1314522,49
1377865,326
1347818,219
1124731,40
1487297,59
1378911,42
1461034,43
1172455,99
1256536,97
1089322,105
1155514,115
1086787,105
1322050,89
1314452,110
1397380,114
1127289,64
1205071,53
1051139,262
1252119,157
1442758,166
1316588,139
1026142,154
1456297,128
1303542,168
1376226,157
1124573,144
1214594,110
1413230,137
1288873,136
1497306,143
1045529,84
1211162,377
1363689,370
1353804,250
1224929,110
1087629,317
1007589,261
1158737,79
1372362,79
1219920,83
1103872,80
1397755,83
1402368,87
1481384,131
1303248,112
1493585,111
1207746,88
1141137,30
1087160,25
1159717,35
1474172,41
1162341,39
1131373,26
1459844,23
1246489,100
1496832,98
1383829,112
1252476,99
1249332,101
1480810,96
1096564,123
1298371,131
1482350,146
1239703,132
1314748,14
1145540,14
1351129,13
1029384,14
1102053,45
1078797,64
1270116,57
1195405,45
1431006,44
1036045,58
1323407,34
1071612,48
1412128,46
1329839,15
1122832,63
1160992,115
1198402,122
1311634,145
1475918,109
1310608,48
1402246,62
1148436,43
1156317,35
1413495,78
1392268,80
1223784,91
1230218,67
1277563,78
1129549,74
1036213,83
1038824,76
1202518,79
1059545,64
1011440,189
1477503,158
1130262,149
1346600,115
1339163,135
1204193,150
1159117,193
1210989,141
1392125,127
1469797,114
1359351,387
1090440,978
1398868,348
1370143,331
1312652,443
1299021,408
1105415,2047
1243449,1822
1372564,323
1123616,292
1278640,23
1161784,247
1274462,128
1110391,133
1083245,116
1321283,130
1249754,103
1053779,127
1034869,141
1429223,139
1479594,88
1065649,24
1247475,24
1017376,22
1069813,21
1146173,26
1046576,26
1070359,23
1261208,21
1295739,162
1371494,173
1242910,170
1297462,167
1408420,184
1468795,173
1322980,222
1278810,261
1286425,278
1287421,194
1137875,93
1066080,86
1421641,87
1365140,85
1095442,87
1076755,79
1404791,97
1035671,89
1431880,79
1143822,62
1233267,163
1394833,505
1179749,167
1296432,151
1442048,154
1285582,150
1402829,1321
1272532,1216
1484749,185
1118851,105
1009685,181
1103790,196
1081466,191
1067689,197
1320892,194
1425915,180
1265570,218
1117394,237
1131780,253
1242389,175
1049606,29
1345251,34
1033602,26
1353342,18
1099601,14
1242070,13
1165673,20
1272610,48
1304675,28
1111610,27
1103610,20
1119849,22
1025188,53
1452732,21
1198164,280
1159741,269
1495381,317
1279465,211
1089873,558
1126918,623
1193654,368
1392600,343
1007620,1127
1046609,789
1089220,52
1448499,71
1480977,58
1165626,111
1400690,77
1398185,39
1287476,29
1002446,28
1280812,26
1496509,21
1411840,18
1333737,22
1455813,19
1032114,18
1202461,85
1224855,78
1453460,98
1241492,85
1049602,85
1235695,80
1474850,113
1228447,125
1128513,89
1193256,104
1339264,83
1358351,66
1032540,16
1143118,24
1064557,177
1040647,180
1429401,191
1220103,168
1044804,179
1359148,179
1329120,205
1459893,182
1285114,181
1105654,134
1190701,22
1351946,22
1042350,21
1484593,20
1121456,18
1019250,17
1291968,14
1147536,12
1474772,77
1016615,82
1018551,66
1480247,71
1395898,67
1448266,60
1231701,71
1012670,83
1240287,88
1463854,72
1093731,453
1269050,478
1023961,522
1388114,439
1175925,438
1109214,431
1095490,529
1430226,478
1479522,447
1349727,347
1030237,23
1225930,90
1385412,86
1107223,91
1006102,80
1053334,103
1464589,79
1030302,99
1274071,97
1260736,82
1133680,73
1065468,38
1467769,86
1032172,61
1115458,61
1266940,63
1443467,57
1173395,68
1332233,56
1042157,54
1130326,25
1094332,26
1433395,26
1180934,27
1060487,30
1171147,25
1375433,33
1006863,35
1114839,32
1048552,34
1249809,359
1460215,404
1098302,417
1018556,327
1153013,373
1406628,363
1493850,448
1367571,371
1142375,356
1125901,297
1470260,33
1216773,33
1346299,34
1463665,33
1269039,145
1472378,146
1484598,171
1422402,124
1398699,160
1143869,138
1347349,160
1309756,115
1462779,111
1339369,91
1335552,24
1309956,17
1093896,25
1284066,28
1483726,37
1258953,26
1391442,152
1074147,160
1098053,157
1169805,125
1032075,136
1322932,119
1402445,157
1165145,119
1479434,104
1103124,102
1449517,35
1078767,21
1040825,128
1281373,101
1451370,124
1247939,127
1138400,113
1229203,96
1072744,109
1009271,108
1238845,108
1139373,76
1253878,295
1433742,323
1271361,322
1318816,256
1013289,778
1360747,785
1245642,360
1145973,318
1219376,317
1211106,264
1114881,54
1037344,53
1030428,53
1312113,51
1000666,41
1146575,46
1350267,57
1384048,51
1331565,52
1166954,54
1333239,35
1009910,39
1435998,42
1271673,31
1066592,63
1220416,58
1473341,30
1224761,30
1214246,27
1110589,23
1262540,39
1323752,36
1343272,55
1008406,55
1426204,53
1423852,51
1340706,56
1362799,64
1018544,53
1317712,36
1180122,34
1379374,32
1210748,31
1314686,31
1226697,32
1485349,36
1278322,35
1279690,28
1299263,28
1428130,74
1287120,61
1441706,62
1496140,52
1023202,49
1224457,43
1307990,53
1393706,37
1476089,36
1240676,34
1345447,36
1457860,39
1248698,110
1138253,97
1176245,27
1075398,30
1438275,35
1055999,34
1293041,40
1011525,28
1401432,158
1465418,143
1483716,152
1378475,158
1032528,190
1090692,194
1207091,216
1302076,144
1109560,163
1235803,148
1213514,65
1285974,88
1406254,60
1208820,86
1482217,58
1195960,45
1342435,53
1237820,56
1429024,43
1266035,31
1046904,72
1371198,73
1332404,73
1472665,67
1463208,131
1190516,120
1180232,90
1248961,80
1471954,68
1148848,55
1156598,90
1473807,95
1131135,103
1342618,77
1034517,78
1029594,63
1331308,83
1395057,73
1473348,47
1288937,50
1441890,204
1452815,197
1050471,216
1319582,160
1495342,185
1125330,173
1274663,226
1311575,182
1339048,174
1085391,156
1403092,268
1126737,626
1261324,224
1472510,245
1442794,284
1029656,253
1335249,1785
1283680,1517
1379654,271
1273760,227
1191899,18
1476984,17
1289334,18
1114108,17
1141281,17
1346518,17
1401883,16
1145177,17
1247809,130
1233056,84
1288355,94
1030091,85
1325706,83
1136765,87
1159283,89
1165972,110
1452428,96
1019402,69
1483718,168
1423393,167
1471097,163
1051052,168
1022326,164
1013503,159
1425115,192
1479423,199
1454891,198
1468117,203
1296483,325
1265643,333
1243332,351
1017985,356
1002910,423
1214298,384
1265634,499
1490788,531
1054015,575
1394286,455
1148358,24
1096127,23
1396438,25
1335466,22
1472716,23
1357170,23
1151847,26
1124932,129
1263980,134
1405603,135
1457882,115
1243722,119
1418093,152
1268970,145
1175091,134
1179357,125
1411541,99
1195341,150
1343858,696
1149711,98
1381929,110
1434781,139
1435147,130
1075399,1352
1215485,1205
1205968,124
1423129,133
1159992,326
1349938,310
1440017,305
1021112,315
1087316,346
1382875,322
1223460,414
1140043,434
1358812,448
1384056,350
1342187,59
1283499,86
1236942,81
1188311,54
1441301,55
1306594,53
1216717,67
1067885,57
1282886,41
1000233,37
1311852,74
1222345,62
1378449,40
1100820,31
1423483,37
1412050,35
1062359,29
1329444,24
1083984,64
1120774,34
1396398,50
1380584,31
1193984,24
1038260,40
1096751,37
1394382,36
1362855,30
1365771,349
1210842,343
1244960,386
1303233,539
1284547,1466
1161437,1317
1317740,456
1086077,414
1016409,1549
1188996,1155
1278915,60
1468021,72
1087191,94
1461999,55
1427004,37
1432803,40
1150675,39
1303708,85
1359559,51
1064015,43
1284449,23
1030923,39
1435938,37
1060856,27
1412869,32
1335568,25
1035831,26
1217335,39
1124524,44
1294240,59
1370016,56
1427371,62
1297702,54
1108874,77
1294741,80
1011365,64
1052867,20
1011799,100
1375108,74
1064800,25
1252259,36
1238568,36
1056683,109
1483536,108
1480346,140
1298778,108
1198542,129
1391592,136
1330306,130
1276537,132
1402353,124
1416208,102
1054533,40
1157714,31
1375702,29
1404614,24
1365090,26
1464373,29
1414357,28
1259160,21
1257518,133
1086855,136
1155554,132
1492370,125
1148565,144
1253739,145
1487411,165
1332302,182
1314671,180
1103515,143
1122707,201
1103679,235
1248120,250
1135939,228
1412925,203
1040396,210
1265718,251
1170956,214
1175645,211
1132794,180
1056722,108
1177655,106
1484447,99
1169645,102
1323495,97
1457994,100
1155386,114
1409690,112
1275226,107
1430027,89
1097512,97
1278606,88
1182176,83
1401690,77
1294690,156
1008247,131
1180958,105
1236313,96
1474566,83
1243283,66
1143378,59
1467572,53
1395698,47
1056127,44
1153514,46
1097871,38
1446962,53
1194289,35
1251230,58
1240222,24
1111500,106
1165860,109
1317781,108
1135395,107
1059630,109
1043255,112
1287061,133
1115066,136
1196696,125
1466154,159
1404278,146
1218127,180
1357828,186
1286946,171
1159274,159
1178338,167
1481479,220
1284324,182
1116325,172
1112007,156
1289683,156
1000119,145
1162607,140
1135134,148
1067483,183
1103070,192
1191139,225
1365136,151
1051164,171
1385999,150
1008440,207
1359692,197
1010337,210
1056526,155
1321568,188
1219292,172
1433307,213
1061618,150
1276246,158
1202816,135
1160436,113
1305800,77
1023318,103
1367061,101
1335602,94
1205053,96
1372471,112
1029950,136
1326414,146
1279850,118
1227875,303
1069980,278
1495290,288
1038896,249
1349870,271
1442117,259
1199882,302
1499647,269
1326814,254
1404384,216
1200189,28
1031655,24
1123469,76
1492791,25
1293873,38
1127793,25
1026804,29
1331929,33
1327940,80
1466241,79
1330314,78
1383693,95
1088604,72
1020884,62
1490846,84
1313483,71
1131997,53
1143391,50
1425882,421
1435973,283
1255329,340
1269710,295
1094190,354
1290576,266
1457996,364
1343838,378
1193872,357
1172875,296
1263016,339
1142936,366
1144128,379
1300682,208
1366778,944
1270725,606
1305979,361
1337785,363
1048223,321
1261923,265
1410135,239
1357911,217
1362697,227
1435716,204
1116399,217
1082279,212
1320535,249
1184574,243
1355189,267
1300394,197
1274108,52
1146546,51
1042812,44
1478834,35
1493024,95
1225700,72
1034437,30
1310192,39
1425307,33
1420788,27
1265438,147
1381530,142
1377302,155
1042953,144
1463037,160
1290141,145
1216489,179
1023277,188
1014891,186
1036389,162
1123588,25
1137982,24
1290815,24
1313954,22
1443431,23
1022780,26
1258137,59
1409965,74
1278238,80
1425828,78
1217136,66
1003704,63
1255164,79
1395186,47
1115897,29
1138371,45
1232649,51
1019322,201
1469891,189
1299342,34
1362461,35
1018204,48
1370089,43
1191951,39
1216596,30
1319105,68
1293933,72
1442076,76
1074410,68
1412637,90
1377213,102
1325614,135
1058873,69
1201538,87
1090414,78
1092006,96
1113366,137
1493948,133
1120175,184
1137339,62
1356946,49
1372407,62
1486442,58
1302946,53
1172140,40
1082298,110
1150221,120
1397772,114
1140032,103
1053049,107
1349760,111
1445268,110
1309908,117
1016495,107
1441001,90
1443270,276
1030388,289
1166420,295
1096295,199
1274331,276
1002232,266
1354780,310
1479882,260
1385985,260
1149204,215
1057623,289
1412835,883
1420561,223
1112700,253
1351941,313
1061668,291
1310851,2482
1304053,1776
1352827,272
1105191,255
1073338,41
1260742,33
1205947,31
1028104,33
1021162,25
1208304,27
1265589,26
1069778,28
1220154,302
1085877,260
1246917,287
1396429,255
1318103,266
1113641,216
1310037,264
1383149,273
1008601,273
1318291,216
1038393,115
1108100,118
1452155,121
1346627,124
1171357,121
1472644,112
1419717,144
1051295,148
1129172,143
1259575,130
1450701,375
1224760,409
1363494,389
1324577,410
1491314,467
1158272,432
1412751,546
1112151,589
1219827,759
1187185,673
1438649,21
1482787,20
1492355,22
1080700,19
1303897,20
1071840,22
1007028,20
1266357,173
1001960,182
1123252,188
1014522,184
1276354,322
1493476,219
1109491,215
1473460,200
1077871,200
1288980,163
1324265,148
1035112,928
1052770,97
1277335,118
1215978,151
1063075,129
1436856,1756
1448738,1242
1464317,141
1254705,146
1119729,406
1178379,380
1168706,413
1171672,451
1432899,474
1268541,454
1006145,565
1441960,601
1183895,675
1460906,636
1188111,65
1228717,67
1140317,60
1331594,41
1292643,42
1449768,47
1028507,42
1127166,35
1334493,23
1004715,46
1226758,48
1297773,48
1230585,57
1158190,69
1328451,35
1493704,34
1258825,40
1361685,42
1480130,45
1116522,423
1408421,379
1186097,374
1092362,355
1477329,1561
1453733,1164
1173815,553
1227706,486
1390410,2657
1133184,1812
1379437,47
1064876,72
1087207,81
1221083,118
1435425,33
1217777,35
1472769,35
1425021,39
1323453,40
1357754,29
1403993,69
1341505,51
1412612,48
1088156,20
1470729,42
1454734,37
1276891,20
1017785,27
1029297,19
1011377,23
1414821,154
1244720,158
1129605,173
1189914,159
1327944,163
1139728,154
1157061,206
1248368,217
1468695,192
1223120,182
1298566,46
1438231,46
1019113,155
1331921,131
1387698,23
1411389,30
1469298,45
1004343,39
1008761,41
1325331,37
1212642,116
1294647,126
1241369,130
1217149,111
1032147,136
1219775,149
1175440,150
1182013,157
1213041,151
1271942,122
1337117,32
1245831,32
1053654,31
1197171,29
1144802,26
1043869,24
1381072,25
1171071,22
1048783,18
1463108,241
1001682,234
1286957,239
1083317,213
1413058,244
1145683,235
1175281,278
1145346,323
1036709,410
1218544,376
1101610,278
1351558,368
1401050,413
1062617,373
1307656,359
1206410,336
1490925,403
1391911,367
1340955,334
1226464,298
1018136,68
1029029,69
1465478,63
1288816,64
1274958,59
1233905,54
1432851,65
1004906,57
1109687,49
1110286,165
1233965,175
1430108,171
1241891,173
1350034,292
1302694,210
1075807,195
1342142,197
1000429,195
1103152,160
1055930,88
1156896,124
1127311,113
1000085,104
1228116,111
1074082,99
1226267,104
1207668,83
1482926,97
1462202,70
1451314,144
1241621,146
1439785,151
1128198,151
1247376,148
1230053,146
1007110,177
1174598,186
1069511,188
1382684,164
1315755,254
1393509,303
1193820,338
1419813,271
1395058,263
1476749,267
1089646,318
1008397,293
1202688,263
1118090,246
1361990,150
1338782,143
1199873,152
1452537,143
1378521,174
1125415,170
1005390,197
1044864,142
1337110,158
1367705,146
1023497,291
1420872,333
1297788,337
1050978,279
1476707,345
1135907,297
1294289,388
1439672,263
1005400,301
1106965,219
1375660,93
1214818,56
1446657,64
1139069,72
1080378,61
1225400,64
1087184,74
1002928,92
1082837,110
1303408,92
1342222,307
1300602,288
1441282,277
1217675,255
1108498,276
1110838,273
1397560,311
1373044,275
1245969,254
1099449,222
1430079,33
1476280,109
1259451,117
1193717,25
1351136,26
1345768,39
1222106,33
1162888,30
1013213,411
1379891,347
1259771,368
1312682,328
1264722,380
1419650,313
1100432,446
1154554,432
1197778,407
1451525,326
1073524,683
1492503,652
1097156,650
1036028,578
1250001,1644
1450557,1338
1090506,788
1032054,754
1007532,686
1207482,561
1204818,104
1250170,103
1433375,121
1227077,125
1348980,94
1206710,101
1361864,122
1302647,124
1441050,114
1144575,108
1182843,117
1261157,118
1076108,109
1244122,106
1469746,177
1254766,172
1064331,108
1137161,106
1037024,78
1176682,58
1333742,50
1206421,55
1199447,57
1437393,55
1095013,73
1022502,51
1096667,72
1443356,83
1021862,89
1219773,63
1001694,40
1458319,40
1453928,40
1271876,39
1223179,33
1491332,36
1398619,36
1262833,95
1035721,127
1309705,119
1176972,109
1258259,115
1095494,106
1379760,123
1486057,95
1210597,60
1003757,52
1297446,55
1203897,138
1149983,178
1001057,48
1146776,51
1180036,63
1478663,51
1312163,40
1132288,32
1491279,175
1484227,170
1291300,173
1152408,169
1453476,315
1198342,308
1244347,264
1324684,200
1044984,189
1346952,160
1316400,206
1083200,262
1048200,233
1258790,235
1373316,199
1446348,171
1151739,145
1045943,162
1070522,137
1033219,112
1371044,120
1179641,103
1068951,104
1154773,104
1206027,99
1252042,80
1438934,100
1220519,99
1168203,90
1015629,65
1196482,141
1282002,158
1056173,163
1086341,104
1321524,111
1011877,103
1046443,117
1378361,117
1047794,79
1372137,61
1080908,309
1384303,293
1303454,292
1136324,239
1396390,298
1078618,250
1251281,310
1272811,273
1137638,258
1037638,206
1209858,522
1296504,1217
1089951,627
1418192,492
1303765,598
1101167,566
1126491,2809
1346249,2323
1329704,586
1020188,447
1054299,77
1407581,62
1151268,60
1243764,64
1061269,44
1115069,40
1278926,44
1178509,49
1266557,41
1473804,38
1272751,195
1087871,164
1476514,173
1328253,139
1370622,153
1113809,128
1438925,156
1389329,195
1108768,171
1081595,148
1075131,283
1309581,304
1043060,295
1363133,288
1024818,304
1376229,260
1493527,310
1389102,320
1355724,321
1215039,266
1268331,419
1030648,411
1033468,411
1452010,433
1164883,505
1265395,440
1214244,583
1307226,635
1425834,658
1105463,513
1037477,61
1451848,54
1203271,53
1010063,53
1167197,45
1252536,48
1344470,49
1252711,50
1066432,45
1086268,179
1320108,171
1091017,170
1457179,158
1173309,165
1349037,137
1085442,191
1196756,166
1173632,155
1331567,150
1222963,252
1499679,484
1010515,276
1025362,224
1230047,277
1374924,242
1373130,1915
1381535,1710
1069435,270
1255737,223
1058344,373
1414470,355
1252992,338
1115685,476
1421486,499
1320342,531
1021911,529
1251776,383
1320427,152
1031538,145
1489660,157
1452051,91
1227420,99
1144362,97
1331426,104
1040158,94
1255792,65
1378330,60
1302794,85
1411915,101
1302369,56
1134484,59
1419727,52
1321403,68
1028769,62
1313984,42
1056035,63
1221682,69
1002568,59
1255054,57
1181530,53
1247660,39
1151461,52
1043385,52
1154027,66
1313337,66
1449237,721
1420866,620
1230996,700
1036444,712
1158613,1270
1317168,1320
1066661,1137
1385189,1015
1327428,2507
1212895,1835
1110618,152
1085758,181
1133637,229
1184081,226
1410147,160
1292973,160
1373391,108
1318034,108
1066826,88
1041770,71
1128915,82
1036796,76
1495717,72
1238113,27
1252052,42
1448172,50
1064804,32
1097704,32
1017698,27
1489247,24
1043262,65
1065768,65
1113838,74
1471676,74
1476130,88
1291979,53
1394751,84
1393045,68
1448276,52
1370348,53
1286862,179
1442399,152
1489786,44
1129044,39
1379305,55
1216016,42
1228377,43
1387910,31
1352055,174
1426244,177
1123307,174
1187131,154
1016479,160
1478596,179
1394265,196
1162586,186
1058953,180
1276377,143
1360068,87
1371280,89
1023669,78
1219542,70
1316408,60
1013880,61
1064488,67
1079799,59
1427116,48
1215881,38
1417277,204
1206235,207
1105979,203
1299770,204
1472997,218
1247176,197
1035903,226
1016929,268
1100790,281
1479035,219
1474849,343
1429831,322
1298145,383
1009025,319
1219314,315
1019977,322
1326829,388
1343998,355
1052262,338
1402114,276
1184166,162
1100491,169
1173954,170
1102454,178
1014336,159
1386947,164
1488697,187
1036702,203
1098488,171
1359565,145
1254718,156
1096729,150
1369718,162
1217617,163
1286578,150
1437847,108
1322492,162
1309498,163
1137040,146
1461366,120
1343254,134
1106393,171
1440560,160
1229099,165
1141119,161
1076364,151
1344236,179
1264716,140
1145320,142
1227743,100
1228572,346
1435819,339
1041203,339
1328928,346
1331644,343
1058015,346
1082947,392
1238939,400
1158689,409
1321731,357
1146271,332
1265318,300
1482215,376
1033033,280
1056742,334
1312218,304
1156082,390
1014030,352
1335399,344
1218567,284
1408337,276
1288784,267
1178037,277
1322672,267
1126772,425
1021990,420
1024324,441
1066118,350
1389581,322
1174172,251
1263405,401
1094102,369
1111871,368
1328174,359
1353691,404
1333805,374
1481693,464
1277844,321
1327740,352
1180851,257
1489645,377
1297802,167
1439742,196
1261421,181
1294183,190
1395845,199
1052419,221
1373422,256
1420267,280
1262326,231
1094044,448
1201394,454
1428524,454
1141719,364
1385522,407
1083350,394
1443671,488
1453498,443
1107034,412
1388982,372
1348122,49
1195043,116
1023820,133
1277956,42
1326556,32
1338236,49
1328575,41
1281640,44
1273491,30
1068138,123
1232383,129
1198565,138
1013266,103
1172129,106
1239868,99
1177634,114
1094700,120
1010401,71
1374959,67
1261815,284
1205802,174
1158437,208
1185619,171
1387699,204
1241704,151
1215503,213
1239569,211
1026880,199
1144032,141
1183974,154
1141626,161
1366149,176
1291788,150
1102782,255
1354607,244
1487646,188
1042342,169
1113528,150
1356527,114
1218491,74
1484322,69
1151767,63
1379516,99
1093013,89
1131842,89
1379192,81
1164653,23
1293396,35
1272003,25
1037765,40
1001642,41
1414348,25
1143714,20
1471305,22
1133739,89
1008228,81
1240884,102
1411585,86
1497767,93
1401894,92
1209535,123
1456302,117
1246946,104
1147337,95
1177147,16
1051057,15
1233695,16
1239403,13
1060753,30
1119891,62
1069032,64
1229488,54
1055325,53
1390803,52
1475741,52
1278947,33
1388606,31
1371081,72
1222683,65
1241053,19
1203040,13
1190765,26
1271271,19
1303527,20
1389418,29
1053095,29
1365299,22
1406978,52
1371746,72
1241146,75
1389119,94
1431115,49
1457241,42
1424409,40
1335563,37
1401836,33
1266690,23
1478944,66
1438086,79
1368420,58
1289617,55
1405882,79
1004738,55
1305073,72
1005418,54
1423957,51
1132799,44
1023989,133
1005046,141
1348128,143
1150426,116
1079960,130
1141648,128
1056058,167
1310662,144
1205504,120
1128779,100
1399692,133
1110338,320
1344252,130
1433165,120
1359495,125
1221849,107
1465226,887
1141860,938
1208459,109
1278981,94
1455218,16
1312752,14
1226109,13
1146029,18
1080487,11
1053540,175
1134540,145
1102820,140
1029112,132
1252841,113
1447963,97
1345192,138
1487792,126
1167627,127
1294557,98
1004475,30
1242141,29
1385315,31
1234172,31
1144864,32
1311445,30
1030912,32
1493213,27
1243020,263
1433764,305
1124103,278
1031825,267
1437782,347
1087645,307
1185456,372
1450862,401
1465438,413
1035890,312
1453860,13
1041241,79
1110918,74
1323227,74
1136649,73
1456699,94
1366403,101
1324878,109
1049721,101
1326657,85
1478019,68
1393811,52
1207811,208
1106883,61
1258707,34
1145823,47
1359971,656
1368559,758
1373869,75
1424334,59
1416839,228
1218844,216
1170492,202
1091303,222
1367373,232
1241826,210
1023270,266
1495450,291
1383578,318
1482218,239
1444590,31
1399766,35
1115507,27
1273428,20
1242533,20
1053728,17
1269124,21
1300935,16
1498558,25
1339600,22
1120015,22
1448047,24
1058173,26
1439659,27
1072117,150
1318647,166
1421019,170
1477029,146
1013006,503
1278451,441
1109484,207
1107714,343
1168641,904
1499828,679
1470180,31
1107668,46
1040244,65
1337508,73
1287186,73
1099744,31
1283746,26
1444198,39
1202765,29
1199433,23
1080300,30
1486308,17
1059653,25
1474599,16
1384693,68
1322554,66
1178760,82
1280994,69
1169970,77
1215801,77
1373619,107
1093145,92
1293553,97
1059909,87
1045506,16
1195197,59
1165390,69
1185989,16
1309434,12
1247782,70
1155368,84
1150198,66
1287438,83
1473418,68
1473086,89
1415610,87
1323180,70
1060321,60
1008295,24
1406013,21
1161177,21
1375519,18
1090722,15
1048023,16
1443046,14
1148002,16
1238277,12
1172788,65
1393553,69
1035358,70
1299647,64
1272919,70
1334372,43
1159056,82
1302378,109
1190534,98
1011587,62
1268964,156
1082167,218
1462810,261
1311154,203
1364772,230
1193167,186
1180673,250
1139384,205
1445987,182
1324588,156
1415824,89
1363283,97
1419755,84
1086173,75
1413277,106
1016959,81
1483464,104
1395407,98
1158140,85
1167044,69
1473056,77
1248411,104
1087749,89
1270524,90
1470352,88
1047720,66
1296849,101
1433596,67
1078212,78
1075257,45
1171351,43
1283654,42
1123687,39
1304243,37
1484480,34
1135766,44
1267957,44
1050543,44
1144794,39
1326956,118
1188873,143
1112492,189
1413955,143
1259051,165
1478797,137
1196861,190
1337536,154
1244907,124
1088470,119
1139397,44
1342523,44
1218415,46
1332894,46
1115820,57
1310215,53
1438038,81
1301300,54
1207357,53
1049307,45
1489999,177
1333839,190
1394740,199
1208062,167
1105498,204
1345238,154
1171401,205
1186923,138
1405756,131
1352556,109
1210059,63
1349592,33
1391378,58
1290510,39
1169717,106
1166085,107
1142943,119
1091779,97
1457944,99
1452906,88
1420162,126
1331177,96
1081036,84
1230194,70
1289562,67
1494991,69
1330838,17
1111071,29
1390004,273
1131461,181
1355543,207
1346717,145
1299881,194
1407705,148
1295754,210
1383355,215
1466509,195
1119188,156
1033089,382
1318359,420
1298800,409
1321396,318
1068992,924
1142258,709
1272163,508
1187745,425
1156399,427
1044889,337
1057232,49
1320833,57
1369479,55
1006298,52
1064762,44
1129316,52
1035694,63
1470238,75
1083401,53
1370288,58
1375236,61
1295197,65
1376197,57
1113687,55
1041821,104
1108999,95
1171733,48
1416057,50
1195673,42
1227566,35
1319822,51
1473225,66
1002219,60
1427842,47
1356650,72
1312521,57
1343939,69
1224754,68
1361200,68
1375139,67
1261700,27
1432738,27
1316698,28
1180814,28
1168545,25
1321009,27
1424621,74
1210629,91
1141894,76
1457583,68
1375272,61
1475274,74
1318787,50
1115387,41
1354710,29
1117073,35
1021595,127
1153428,114
1153751,32
1436928,33
1054276,43
1037192,37
1026121,38
1281292,30
1342195,72
1384634,67
1360973,75
1448657,67
1210194,100
1463652,86
1356887,107
1456771,65
1005761,79
1263233,64
1081095,136
1295977,176
1490516,180
1045075,210
1484827,127
1336250,72
1158108,78
1336818,73
1433602,61
1330516,53
1119881,79
1489802,86
1161807,80
1483303,72
1017142,107
1063060,77
1066390,92
1199793,83
1285908,75
1014062,57
1090029,88
1100027,86
1168048,86
1122277,85
1239782,86
1274801,65
1150293,81
1050718,75
1187229,50
1481854,46
1115935,218
1379826,211
1034449,228
1494433,192
1314973,203
1299718,187
1050411,231
1313326,187
1457605,185
1028118,161
1163547,332
1222222,942
1144242,315
1092325,310
1271702,398
1149836,366
1345268,1540
1261549,1605
1220364,334
1098869,288
1098789,33
1463302,31
1151283,24
1417011,26
1004415,24
1025892,23
1295957,20
1256602,192
1294220,120
1119592,116
1280859,111
1375368,111
1130751,93
1273306,121
1040504,121
1282341,113
1070446,79
1198253,193
1095728,200
1212520,199
1421593,206
1288418,196
1311286,189
1289986,221
1421436,221
1379297,215
1206791,173
1161084,327
1351984,336
1196384,323
1231951,356
1004647,419
1441493,376
1337172,589
1127689,581
1321298,583
1475476,412
1449997,26
1258363,26
1058379,23
1407103,27
1453903,27
1281020,26
1431191,28
1194658,135
1029622,138
1317286,141
1226194,126
1239666,140
1088324,101
1144598,139
1085401,138
1230963,131
1286715,109
1089771,191
1390452,346
1095968,214
1070305,169
1183331,195
1327461,174
1069534,1449
1292884,1293
1133018,177
1134748,141
1401228,262
1495883,247
1186113,254
1452283,283
1478258,298
1197751,267
1124970,332
1131633,377
1414498,407
1453888,293
1209279,74
1373404,86
1013139,80
1340194,61
1129388,69
1441579,55
1335268,65
1128265,67
1136500,46
1246191,41
1276289,76
1435279,66
1162830,65
1073000,44
1401183,50
1072044,48
1035271,56
1085183,51
1176711,32
1395665,46
1070135,44
1463031,30
1483255,25
1318108,33
1413088,29
1375547,37
1398482,34
1140432,36
1157084,518
1071457,458
1355774,483
1265739,430
1074567,756
1448820,1010
1348391,660
1427610,596
1400131,1757
1405867,1190
1228200,102
1057561,124
1080973,99
1041492,119
1027189,70
1475924,49
1310318,54
1010555,54
1467609,45
1321932,38
1356983,70
1262915,41
1242479,47
1016202,20
1130121,34
1200066,24
1290975,19
1353668,43
1394143,46
1065122,57
1128401,47
1353148,46
1377111,52
1091560,69
1357578,71
1332402,89
1031326,61
1276097,25
1284109,28
1267460,122
1198100,118
1270388,23
1308702,41
1280892,114
1362773,118
1288832,135
1326830,100
1251729,121
1062043,137
1419475,123
1166145,129
1291777,117
1457955,99
1346194,57
1325434,54
1269059,54
1179248,42
1376126,37
1308022,37
1370470,41
1487779,36
1141792,28
1245821,25
1493372,105
1015693,119
1397319,115
1361853,175
1037616,171
1069003,119
1429561,137
1379641,164
1380619,171
1305515,116
1101987,321
1047110,326
1339318,371
1479870,359
1220382,315
1470691,293
1284825,372
1242012,330
1166976,332
1146827,263
1039223,86
1061702,82
1148419,76
1357744,80
1317350,78
1485381,77
1459186,86
1159770,97
1477445,73
1469635,65
1174890,94
1292473,98
1188656,97
1384836,90
1216650,183
1409048,106
1246782,123
1068780,114
1147387,95
1296580,81
1002279,104
1166240,80
1243150,86
1388951,105
1386008,86
1224735,88
1142767,101
1362483,89
1098955,85
1239456,44
1152313,141
1293336,140
1430932,138
1300078,141
1284526,145
1078971,130
1427939,166
1066486,174
1185418,160
1141599,150
1400215,257
1247779,242
1190162,282
1355682,234
1441240,250
1399620,238
1169123,261
1002043,245
1358854,243
1237549,193
1177959,164
1159030,161
1315155,163
1030152,165
1022652,196
1403044,210
1261360,264
1250564,171
1412208,205
1481851,166
1146927,224
1309361,218
1466185,209
1061824,197
1151262,269
1319965,200
1140038,268
1483664,187
1104312,202
1218581,125
1260659,193
1171808,93
1325488,122
1441608,112
1108947,129
1322938,133
1026148,142
1073403,161
1296867,178
1374201,141
1188533,238
1464491,252
1364844,256
1194071,229
1292957,237
1351452,225
1330418,267
1349506,228
1107763,223
1071025,185
1451749,32
1141262,31
1426163,110
1416107,111
1109049,23
1469962,26
1048165,38
1400718,35
1032396,35
1172572,27
1464617,75
1034668,80
1487535,81
1152696,90
1389891,70
1261414,64
1397480,75
1104924,49
1168000,51
1373268,40
1072684,393
1103729,321
1207433,376
1105905,312
1359815,380
1222246,314
1452554,419
1238125,438
1101607,392
1472622,327
1080956,459
1044579,408
1250099,449
1049132,370
1230152,888
1274608,1000
1222984,488
1245282,431
1419732,440
1356967,349
1357398,146
1377246,178
1416156,138
1007490,148
1244788,115
1294502,157
1083790,192
1240964,197
1353443,224
1404746,163
1495669,104
1363126,92
1194682,88
1249099,73
1169404,88
1389391,71
1228033,98
1356727,98
1063529,99
1123761,104
1217656,48
1473669,55
1309566,44
1087211,40
1172247,106
1354486,61
1422321,46
1331642,43
1030455,38
1320982,31
1322377,104
1337290,107
1196913,84
1460320,79
1153742,82
1462187,80
1478440,103
1329534,119
1221070,108
1030670,104
1047663,20
1097854,19
1115528,17
1440671,17
1243528,53
1331317,84
1473731,83
1261584,68
1017120,88
1414341,70
1390714,71
1111735,53
1113139,59
1382163,33
1077114,175
1363975,214
1421658,192
1308751,161
1092608,198
1337744,112
1463499,282
1160082,289
1370253,291
1228452,193
1372445,89
1460621,97
1057891,94
1305397,97
1147034,106
1367941,101
1222993,118
1353139,135
1386779,141
1147372,120
1474421,26
1490720,34
1005087,144
1087532,181
1232497,25
1179522,28
1172252,125
1258413,133
1028216,135
1212479,138
1258609,189
1411597,191
1344894,219
1340890,120
1294652,151
1221638,138
1013719,81
1048034,183
1359469,169
1025208,207
1420334,118
1123336,52
1127683,62
1427154,65
1374026,75
1224238,51
1281588,64
1058708,68
1249152,65
1496799,59
1368119,144
1065633,130
1181948,89
1403753,90
1242671,79
1141635,67
1134020,64
1200607,78
1414515,83
1063015,78
1195031,69
1385813,59
1052650,72
1288831,65
1338846,44
1363882,355
1012992,346
1127841,357
1145990,242
1058431,299
1086764,256
1470381,325
1209282,295
1475925,268
1034380,234
1467152,450
1465667,1291
1226596,370
1230945,357
1132296,432
1288951,411
1312949,3061
1079710,2530
1402174,329
1200214,288
1441014,33
1294079,29
1245940,29
1262561,27
1228009,21
1042616,20
1455308,19
1349678,260
1324969,275
1372061,278
1479677,235
1004495,228
1150150,218
1228822,262
1358085,275
1406245,288
1263663,133
1232131,171
1163541,113
1073589,159
1127608,174
1430822,183
1123111,188
1039277,220
1148728,245
1206354,190
1491344,69
1245780,70
1150550,60
1296322,73
1363297,73
1022421,71
1374992,79
1290071,98
1360420,106
1354178,80
1092576,71
1016837,67
1146781,71
1270326,64
1489539,69
1268557,64
1154429,82
1476508,98
1234783,75
1432128,73
1224992,515
1311411,535
1058810,518
1180280,510
1171237,575
1345370,518
1361205,662
1020415,695
1490702,700
1214923,605
1460611,28
1213443,28
1054892,27
1458950,26
1042596,27
1289149,147
1062037,146
1021922,143
1246387,142
1050369,298
1301966,234
1203616,187
1280359,164
1105804,163
1258734,154
1438001,153
1056305,1345
1275552,80
1200793,132
1020858,152
1050581,129
1348257,2279
1264375,1824
1489838,282
1442240,128
1268353,283
1295313,281
1086365,266
1072664,267
1271325,280
1468915,266
1396555,346
1082289,373
1471863,383
1288038,273
1302415,52
1126786,46
1317399,48
1371275,40
1459796,33
1439681,32
1366611,37
1031204,31
1483452,29
1476539,22
1410483,38
1491036,37
1269485,69
1233924,35
1477973,59
1235360,35
1331407,51
1358318,42
1025989,39
1043811,62
1415501,493
1049470,483
1266052,478
1074993,473
1430441,1620
1307721,1541
1478265,682
1268385,618
1103038,2352
1332843,1666
1073519,49
1461040,107
1471285,98
1040724,108
1249171,98
1452081,37
1146258,51
1044017,53
1006107,66
1221523,31
1344385,93
1436547,51
1192028,60
1028423,39
1021459,34
1391751,31
1058107,32
1029816,42
1202457,88
1325872,80
1006258,121
1482596,92
1477781,81
1043154,105
1099878,129
1233810,122
1032702,120
1480809,188
1038990,199
1410350,46
1087974,45
1360174,40
1471735,36
1139762,185
1480807,195
1251882,202
1042128,179
1440519,207
1417530,172
1484259,212
1253370,188
1018465,182
1029599,150
1361099,61
1072658,56
1217898,56
1231107,46
1293246,49
1228135,41
1415887,36
1426026,37
1362004,33
1375131,26
1298212,65
1157067,61
1295122,62
1274216,69
1252812,70
1088086,69
1261754,77
1333671,90
1318074,90
1232469,169
1183342,176
1029141,160
1387433,138
1038005,151
1412517,147
1358836,157
1099898,194
1323584,206
1009805,174
1159227,181
1223342,215
1464888,230
1450801,243
1493470,211
1377169,226
1032774,270
1456120,244
1210638,249
1042424,193
1350192,81
1440033,91
1351402,83
1114529,93
1432643,110
1293693,104
1293367,90
1383338,96
1003354,89
1154695,81
1136004,97
1307097,100
1071750,104
1390124,88
1013355,140
1475975,151
1437293,122
1243092,117
1369093,100
1145169,89
1063825,92
1295983,136
1459115,115
1131911,104
1143573,111
1115937,88
1452274,101
1086585,77
1254545,87
1497981,71
1416559,67
1125481,73
1276151,78
1370194,73
1357541,76
1079050,69
1165645,89
1217413,94
1092817,91
1277293,170
1485183,249
1094380,297
1315060,235
1493552,246
1434384,275
1019990,288
1279847,259
1089493,260
1439739,233
1189064,70
1361970,92
1308459,87
1336379,75
1024127,113
1485280,121
1146264,149
1163887,90
1050678,111
1198759,105
1342993,394
1055560,384
1107812,374
1267000,384
1163620,417
1062556,384
1029070,492
1035424,362
1039304,384
1355785,288
1252840,76
1170057,55
1380376,55
1441462,60
1053752,68
1337074,65
1116914,69
1234605,91
1040269,120
1326502,103
1242600,242
1271366,226
1125915,228
1473338,182
1349036,199
1100265,189
1350569,262
1466616,209
1379221,191
1326947,152
1473813,35
1395873,36
1027495,164
1002997,126
1452915,22
1239630,34
1069886,32
1151908,57
1401512,52
1333316,56
1070294,59
1171212,81
1152269,64
1372888,69
1425235,63
1446660,34
1365220,30
1106438,410
1149208,276
1053587,336
1470456,301
1447078,343
1049813,278
1221830,371
1032394,374
1141538,362
1367679,289
1272720,274
1481022,287
1212344,300
1222203,231
1318349,727
1120074,645
1065792,404
1313139,495
1400723,291
1344090,235
1461237,82
1086120,76
1232933,80
1317953,77
1153701,76
1457380,84
1177992,101
1243007,109
1132306,104
1102349,92
1479142,48
1380922,57
1330549,53
1285430,45
1163892,102
1175194,101
1471675,42
1425334,42
1128357,33
1219427,24
1493677,93
1395010,90
1247358,117
1240240,84
1259542,98
1218111,89
1336611,136
1303301,126
1012579,115
1153179,118
1118587,18
1026154,17
1426628,15
1395715,18
1216068,45
1258714,80
1216185,59
1427998,70
1368745,47
1221546,61
1086371,57
1392642,19
1447408,35
1206105,107
1268836,114
1286111,32
1198552,21
1388970,39
1346514,32
1441521,35
1247480,53
1490597,52
1000213,62
1019871,61
1346793,81
1321968,54
1163208,61
1238200,56
1079007,69
1402048,118
1020825,120
1324304,108
1422884,56
1395107,42
1315511,48
1280458,53
1016568,45
1389176,34
1187665,106
1016028,114
1462415,105
1020336,99
1316569,103
1383376,123
1429395,103
1353028,93
1143026,86
1009102,121
1022584,113
1020358,98
1330506,102
1137539,92
1028018,90
1163862,96
1230530,75
1131155,64
1090713,58
1179951,198
1457723,222
1306822,240
1169520,177
1497732,230
1165065,189
1004518,249
1216801,206
1167114,192
1327982,164
1315764,380
1237251,693
1465135,399
1205005,356
1121434,453
1440825,397
1023350,2232
1084568,2007
1207158,396
1489889,353
1171684,29
1099028,26
1145845,24
1076297,21
1322331,21
1243217,20
1429661,20
1197131,20
1176424,22
1416093,174
1442196,137
1020213,157
1302699,119
1364586,126
1303163,96
1180229,149
1341997,154
1147960,150
1305871,129
1239839,127
1160158,134
1208555,134
1060804,127
1074276,131
1433675,113
1301442,139
1012153,138
1283463,123
1011568,123
1487991,447
1173983,425
1455460,427
1093777,437
1284038,498
1398418,431
1100317,601
1050205,672
1355831,703
1205352,572
1117812,17
1187507,19
1011457,16
1269505,17
1092093,186
1272876,190
1383303,181
1458502,169
1023747,208
1069991,179
1471500,213
1476176,177
1350709,166
1335032,142
1076879,318
1062656,840
1426834,297
1458426,273
1329563,302
1486783,297
1460257,2040
1021535,1836
1299660,248
1355379,191
1460540,285
1109530,303
1140660,288
1015607,293
1039868,324
1179336,312
1156949,404
1416864,439
1229607,445
1488828,328
1357349,76
1444390,76
1063846,68
1146800,71
1178839,58
1257808,63
1279711,73
1173475,55
1142151,46
1453811,35
1127057,57
1373401,53
1418621,30
1464167,23
1099840,28
1441363,29
1009825,25
1486357,18
1078903,14
1337962,57
1376906,64
1218064,43
1104338,44
1079072,27
1304812,32
1125197,33
1422466,66
1352120,30
1047024,417
1102777,373
1083061,490
1251353,340
1149589,937
1097127,738
1495930,606
1385548,618
1215768,1147
1414645,893
1068176,40
1364233,73
1364564,82
1423013,100
1116729,42
1123237,31
1232919,32
1230330,35
1142498,47
1389988,31
1215805,22
1034507,16
1036452,31
1175443,17
1337742,17
1010245,22
1288211,16
1267896,15
1346875,99
1199426,92
1240750,110
1138618,123
1149289,111
1102916,103
1017666,124
1106702,122
1487597,121
1098178,117
1331327,34
1462161,30
1073905,116
1000380,119
1138868,19
1033486,24
1257642,33
1047803,31
1246340,33
1014026,152
1315279,162
1188897,169
1165067,152
1065299,167
1010051,158
1435027,191
1196131,181
1197288,169
1251652,144
1439531,31
1496216,32
1186355,31
1177200,26
1455577,26
1090001,23
1208761,24
1226903,22
1423338,17
1103810,17
1421075,67
1210247,70
1322916,75
1385551,92
1189895,100
1358912,85
1134301,102
1337366,118
1024231,122
1081336,87
1334406,193
1312641,195
1478725,251
1330625,233
1322160,200
1493176,205
1401269,252
1322867,224
1119772,235
1046510,189
1150288,84
1324267,92
1441751,86
1390749,92
1181666,110
1036614,90
1004792,94
1391550,93
1163155,91
1413929,83
1205702,51
1454933,117
1220578,113
1343850,104
1387572,86
1117169,61
1209150,85
1019692,71
1441344,54
1254542,129
1136802,131
1176603,135
1340138,133
1321675,130
1214676,133
1294408,161
1361085,165
1487225,155
1476364,140
1396170,172
1439116,196
1029205,207
1340752,186
1401840,184
1329672,190
1147453,242
1017140,217
1295838,206
1422043,192
1105195,51
1205040,50
1240058,59
1365659,54
1222239,76
1370409,69
1273441,94
1262804,73
1175785,69
1422436,64
1187958,253
1109561,251
1434574,276
1033891,237
1424493,273
1188565,247
1089009,278
1447457,233
1192636,249
1227524,169
1478225,86
1415631,47
1455622,71
1260616,69
1142328,52
1181346,70
1496795,70
1093473,99
1033302,115
1226646,90
1143077,221
1117887,218
1167183,221
1389242,189
1238107,198
1466306,202
1250420,246
1271945,190
1181613,178
1066252,154
1374036,20
1492052,86
1316849,48
1161969,12
1255438,28
1437428,22
1142607,24
1010649,19
1102030,79
1117071,80
1175372,84
1095747,59
1179084,70
1074971,58
1167812,85
1229440,58
1414406,60
1271005,41
1224868,170
1497155,139
1330797,146
1280679,140
1299109,135
1078691,110
1102864,141
1377131,149
1045486,126
1271657,99
1013278,232
1163568,314
1035134,309
1453924,238
1242112,585
1328774,615
1482353,330
1046966,306
1276295,262
1253177,230
1260226,45
1411677,48
1250015,38
1337063,40
1043837,46
1308940,66
1458855,61
1263616,51
1367996,51
1473223,27
1410509,35
1201828,28
1029994,24
1132590,52
1283691,39
1320652,27
1347707,24
1024189,20
1401716,21
1273502,33
1059327,33
1125014,47
1174617,45
1311410,52
1163684,40
1396950,64
1264284,46
1287395,64
1199233,53
1238242,17
1399512,17
1081462,17
1383858,17
1449012,17
1146539,31
1225650,37
1387823,24
1025159,23
1389919,122
1366353,131
1462136,17
1329665,41
1230382,29
1311631,23
1368971,70
1253684,70
1083443,70
1493905,62
1217220,80
1147901,86
1166225,104
1073327,59
1428894,66
1220082,57
1476123,55
1227002,97
1354703,100
1157900,105
1133698,47
1222949,43
1349351,43
1085992,40
1402411,37
1168970,30
1000121,44
1309103,50
1030633,47
1021972,46
1187246,54
1285859,55
1120598,65
1027293,53
1345841,42
1172393,41
1005855,110
1244463,111
1262324,96
1230360,70
1426771,75
1169581,69
1440278,83
1406927,68
1473278,57
1224295,143
1232647,129
1159985,130
1439329,113
1371825,129
1308807,121
1056665,153
1355328,137
1033485,119
1167571,102
1250796,281
1071801,478
1429716,278
1106133,239
1435076,323
1262025,293
1227005,1568
1242523,1437
1212286,285
1459181,243
1427098,16
1312958,16
1014001,16
1481946,117
1452327,71
1097734,81
1134494,77
1162121,80
1294270,69
1363905,83
1465173,96
1120799,84
1313703,62
1484433,114
1348987,118
1178504,123
1242843,121
1258554,115
1270294,121
1051906,138
1107709,131
1322690,132
1366614,117
1117909,414
1387886,406
1344564,387
1155339,407
1270105,468
1299390,431
1402691,547
1435663,572
1499834,629
1185266,525
1237110,15
1116388,15
1106605,15
1473729,15
1166622,17
1029223,16
1018802,126
1030588,112
1230579,105
1000916,102
1163834,108
1062420,103
1037052,135
1302226,123
1005678,104
1095882,78
1313401,169
1401641,253
1146686,173
1343078,141
1376033,156
1259435,142
1131938,1018
1415856,910
1452412,123
1472537,112
1214618,303
1364865,315
1133180,304
1008164,318
1166614,351
1204365,318
1426744,380
1145434,411
1302570,438
1158968,330
1056709,40
1211183,36
1403943,40
1474539,36
1150521,35
1330860,36
1049031,31
1108108,29
1030576,26
1233091,45
1389024,32
1412346,24
1386934,27
1121174,29
1323222,23
1213475,18
1403371,22
1126656,14
1046942,26
1298678,22
1370968,52
1111518,17
1083594,288
1171318,259
1081759,321
1338433,252
1020719,786
1191824,671
1054201,370
1408379,317
1352836,1257
1126752,886
1068042,45
1268785,64
1489368,71
1060922,72
1292555,37
1215011,25
1114342,34
1174381,27
1398181,22
1267040,45
1213543,28
1491297,19
1487429,30
1321137,25
1152850,23
1449044,17
1293409,17
1420343,15
1216168,56
1393536,54
1172903,62
1040248,51
1027819,49
1302314,65
1380981,59
1496803,67
1315046,61
1232718,22
1420003,71
1391562,18
1009784,22
1055315,28
1454173,27
1281401,84
1097202,77
1132518,68
1291236,70
1406117,85
1346714,94
1191410,89
1275019,82
1250849,74
1451903,59
1430887,30
1298742,30
1390131,29
1419763,24
1070037,24
1081843,26
1091185,22
1089335,163
1018974,160
1089923,152
1061591,160
1372023,168
1089056,151
1443312,174
1165874,198
1441628,270
1188416,200
1289201,119
1275470,108
1119919,127
1063131,124
1320694,106
1188527,116
1004507,137
1109296,126
1045706,110
1154017,100
1249671,93
1135295,86
1265976,81
1385434,81
1155714,83
1430856,83
1148716,96
1404257,81
1426656,79
1008950,68
1129558,61
1491166,63
1138952,73
1054087,54
1288016,56
1440743,54
1355736,83
1409385,73
1412256,68
1408387,48
1170902,61
1278003,55
1430621,44
1096892,39
1095830,55
1156213,44
1480615,38
1188126,35
1178819,22
1230380,160
1346678,164
1277900,164
1420768,168
1206978,160
1175333,163
1488302,192
1355175,197
1190308,191
1161328,152
1124650,113
1022714,100
1295553,121
1401083,107
1173065,113
1198959,104
1054906,128
1181597,120
1468666,108
1486532,91
1240209,139
1182135,151
1212347,157
1192604,151
1453727,166
1344150,186
1293329,223
1247615,149
1230168,168
1218623,140
1106482,181
1224475,191
1008740,202
1413584,167
1072859,190
1136158,174
1278807,213
1499074,158
1120923,161
1370620,112
1368711,128
1210049,60
1043535,78
1446240,76
1092746,75
1399286,80
1277933,92
1104911,105
1483091,117
1265203,94
1233669,225
1090616,223
1384865,228
1195450,195
1044873,193
1370005,185
1433199,216
1117633,171
1357097,157
1034463,145
1018868,21
1160479,85
1498867,59
1486013,19
1088819,29
1055319,30
1433933,25
1188123,22
1373011,97
1239312,96
1203643,101
1165037,93
1474320,89
1220537,76
1426208,98
1009398,105
1244519,92
1469983,57
1026366,113
1368308,121
1065778,174
1119688,54
1360028,231
1497401,230
1181755,99
1339401,114
1098229,91
1079642,67
1240618,99
1454523,104
1127908,113
1137267,90
1432625,92
1090433,88
1173379,102
1020333,115
1261895,110
1356790,100
1111869,20
1464999,22
1291641,29
1238288,27
1398779,33
1382490,22
1313356,140
1098373,148
1445551,163
1161659,140
1234799,134
1430511,142
1118431,177
1302929,173
1019797,162
1292764,141
1185766,15
1401710,41
1134227,39
1322698,20
1005828,27
1148634,20
1401112,22
1396750,22
1265951,15
1386843,108
1004313,119
1041032,98
1370332,117
1482514,74
1497233,66
1178054,71
1369446,63
1284559,55
1300214,41
1269393,123
1092013,109
1102465,111
1237518,98
1354195,124
1438434,110
1033807,128
1395793,102
1038462,99
1346626,84
1423116,160
1009513,167
1170173,159
1425176,126
1137715,153
1359285,143
1193489,197
1377436,157
1487481,144
1098551,134
1187281,452
1430870,1079
1410217,367
1048131,387
1364347,477
1117008,844
1328770,1933
1345869,1448
1071799,393
1330035,309
1032173,18
1495208,14
1383002,15
1402872,48
1435861,44
1178853,49
1122331,49
1240938,32
1296533,51
1466523,55
1334815,45
1308211,18
1256813,19
1266863,17
1296573,20
1493672,23
1183189,19
1402501,81
1305350,89
1416500,80
1061620,101
1356623,100
1135009,79
1039371,122
1358442,139
1330108,144
1368952,93
1462550,14
1369178,14
1127368,14
1115599,142
1038256,120
1331730,126
1497225,125
1081286,121
1304131,101
1481379,130
1169752,138
1302845,117
1195185,98
1149992,271
1122208,786
1460719,254
1378323,226
1256770,252
1422410,277
1345825,1002
1246051,1133
1090476,228
1450161,175
1356370,99
1245069,82
1295639,96
1305904,106
1292177,118
1317384,110
1121211,119
1021640,132
1210569,128
1442046,98
1321821,27
1064144,24
1453686,18
1167008,14
1039041,16
1498885,12
1184297,11
1093750,30
1450524,23
1318369,36
1076401,51
1343116,27
1145496,22
1351476,274
1052953,264
1076286,318
1093380,240
1261614,892
1255779,612
1444017,415
1275886,372
1248091,1406
1182264,828
1338299,49
1369916,62
1102096,58
1095800,22
1198327,29
1250772,26
1160375,21
1107432,22
1060946,32
1042183,32
1369620,29
1122156,16
1175348,24
1363391,20
1063775,110
1495203,100
1101411,114
1092440,97
1145502,111
1466400,95
1079464,124
1049098,114
1142848,122
1213627,92
1343897,15
1036537,40
1243770,40
1180979,14
1039804,12
1369285,25
1054396,20
1278952,19
1377409,189
1360361,200
1377051,214
1164969,179
1140859,199
1291354,199
1358775,214
1346906,192
1013720,173
1292460,146
1244578,35
1474430,37
1322499,61
1365197,39
1362232,42
1371779,34
1264908,35
1458255,71
1348866,56
1013564,26
1247790,380
1475065,350
1091144,383
1401772,306
1055430,320
1216862,338
1087415,398
1363888,362
1353104,330
1281332,274
1006892,15
1498669,16
1181152,14
1246156,17
1185338,16
1179564,14
1271415,123
1079926,128
1491328,129
1370913,124
1150110,123
1289002,100
1154816,131
1161426,126
1425253,116
1055652,98
1366540,22
1466142,21
1282021,27
1471786,25
1471184,24
1158034,20
1044415,30
1190027,29
1025744,29
1449443,383
1091600,326
1252477,379
1368442,293
1061735,324
1141220,348
1014144,410
1228466,355
1235177,329
1463183,267
1198427,31
1362374,25
1319966,35
1076970,30
1072338,37
1324663,31
1099626,67
1184336,67
1239385,82
1367023,60
1220533,74
1268409,60
1409006,83
1365750,54
1155946,43
1049715,36
1140522,17
1308262,23
1075712,37
1318240,40
1046741,26
1442998,94
1143694,103
1499298,111
1351721,74
1336045,77
1416593,77
1493857,109
1105475,160
1449195,67
1093850,65
1340596,24
1011398,46
1103720,17
1067294,21
1046037,556
1165089,548
1065795,500
1046290,504
1158811,540
1485195,488
1263562,621
1450493,672
1081449,640
1280539,541
1222518,692
1395897,698
1491382,706
1027914,618
1159704,1989
1256817,1552
1227051,815
1191531,725
1284327,686
1423686,610
1049725,189
1215092,250
1495796,214
1438076,198
1128271,132
1481158,225
1063232,283
1057013,313
1367340,325
1093991,255
1351594,126
1370272,147
1485920,138
1020051,115
1102709,113
1069020,114
1072489,154
1428154,160
1119021,145
1294168,150
1428679,75
1018876,82
1286035,76
1189314,60
1401061,173
1408505,108
1256086,72
1471256,67
1046971,54
1339604,43
1004476,130
1179367,140
1282419,150
1314155,149
1480818,125
1213921,117
1054327,152
1402384,165
1489585,161
1284450,155
1095362,41
1295510,41
1079425,35
1127426,39
1492121,36
1275922,40
1444429,39
1028719,36
1234695,34
1157221,80
1279092,123
1177494,126
1087017,106
1466728,110
1439667,99
1360145,127
1419779,88
1433653,98
1163712,62
1187024,330
1441270,337
1477046,280
1323027,310
1411082,349
1195466,309
1263804,353
1062879,412
1008287,414
1456652,337
1277897,162
1496861,164
1070216,163
1136807,171
1244852,179
1122945,184
1042841,193
1283397,221
1394281,236
1425621,198
1199897,68
1058203,67
1083931,463
1141481,275
1475372,56
1111675,57
1257162,80
1122641,69
1006713,55
1242123,51
1140599,313
1287375,303
1106683,295
1178326,280
1062658,407
1442310,405
1031482,487
1274961,297
1193794,320
1173046,275
1073405,120
1388386,263
1015635,258
1265850,279
1275880,159
1255232,71
1087043,90
1369894,96
1271614,89
1423644,73
1365843,137
1277788,136
1331408,135
1366942,126
1131169,190
1319595,161
1083661,154
1468982,161
1437287,151
1346942,138
1387120,131
1274992,122
1334251,132
1042062,131
1347891,126
1224265,106
1052043,124
1334827,125
1073391,70
1152066,438
1291763,458
1419497,441
1343368,307
1406483,399
1387465,352
1292366,457
1050874,416
1305270,375
1267518,327
1488118,436
1150157,1740
1447158,373
1373666,373
1053742,487
1142160,445
1318873,4086
1405202,3715
1483332,440
1021804,386
1069078,46
1090320,34
1286831,38
1375719,32
1076781,28
1067044,29
1067311,29
1431689,30
1272650,34
1005375,574
1304158,574
1441552,528
1184251,491
1093975,533
1293881,474
1339191,613
1217665,681
1152701,672
1058476,583
1135586,396
1065825,400
1423534,435
1280440,385
1053814,414
1256199,431
1119525,467
1475701,474
1047518,527
1497173,360
1027610,118
1118499,120
1376750,112
1372751,126
1014613,134
1499206,136
1394950,145
1270313,179
1388225,191
1102682,158
1373049,149
1374934,149
1466642,146
1196961,148
1204608,144
1302893,142
1211146,170
1447746,177
1279444,170
1443192,157
1173972,1963
1350644,1887
1103990,1840
1093038,1855
1435909,1964
1158632,2005
1044666,2243
1022214,2236
1109852,2160
1103251,1947
1245151,43
1091280,43
1216346,43
1075875,36
1262452,38
1067301,37
1411464,37
1255011,33
1405681,36
1242338,33
1219724,300
1058377,290
1195401,292
1484640,238
1430136,426
1194693,415
1238795,339
1445130,316
1495302,308
1457745,268
1228826,223
1032558,1825
1116835,52
1281436,174
1392727,217
1107967,216
1497229,3460
1412855,2909
1176830,182
1181052,190
1026093,1072
1185453,1123
1315380,1068
1413823,1130
1010266,1067
1091121,1120
1126295,1306
1322521,1408
1345620,1433
1273456,1099
1017181,79
1437992,81
1342908,83
1028601,90
1396722,83
1467939,70
1149914,87
1399635,87
1012701,41
1244464,52
1386370,56
1216014,53
1368555,50
1113123,43
1345794,39
1119492,48
1111125,43
1412767,36
1450857,29
1173917,84
1155630,60
1356121,78
1050288,63
1162283,51
1489209,48
1351254,63
1216122,61
1321233,65
1378592,53
1243144,808
1179049,797
1122106,793
1128795,836
1161911,3101
1291485,2843
1164130,1020
1304828,1007
1375598,4088
1226809,2883
1055745,62
1373254,132
1254780,142
1064535,181
1262880,134
1210758,53
1241336,66
1340262,61
1179825,71
1194213,45
1408547,201
1221819,119
1075060,114
1122942,47
1101877,62
1394784,58
1193406,55
1286648,48
1422458,37
1375901,65
1108850,216
1315916,207
1474269,223
1054140,184
1120723,195
1305234,186
1301459,222
1376519,221
1134580,231
1485791,205
1451083,60
1445603,466
1484744,323
1038904,50
1031321,46
1407540,60
1039587,54
1156578,50
1312025,51
1040401,295
1114965,308
1104316,306
1112568,267
1428843,331
1230914,314
1075523,353
1488572,332
1070158,322
1326706,280
1088269,68
1056626,65
1103377,60
1083185,47
1311976,41
1494852,38
1424685,38
1365452,45
1144977,41
1487150,33
1269737,168
1220695,169
1260241,158
1413776,172
1096175,177
1028988,178
1163114,191
1379872,216
1434750,233
1149128,191
1050787,546
1393875,539
1012578,560
1198302,579
1145147,595
1088945,593
1031019,684
1451871,804
1484128,827
1403902,705
1230428,278
1258533,376
1461975,385
1051521,355
1449613,402
1301242,422
1388334,423
1462301,386
1256292,357
1375741,311
1272397,99
1030881,105
1389672,106
1082933,105
1255464,98
1180074,98
1476554,114
1316356,103
1492732,103
1086058,216
1028415,214
1239901,211
1252904,204
1201095,246
1150029,222
1353626,222
1480847,217
1008536,212
1335480,196
1401571,136
1090332,189
1387352,241
1457410,188
1463710,181
1023300,169
1303377,214
1370092,140
1226369,157
1125244,117
1435758,90
1449932,90
1115199,100
1384407,86
1478571,88
1074049,91
1205729,114
1437531,109
1214154,105
1128210,103
1472617,215
1484423,329
1379556,360
1151642,361
1491312,394
1154462,364
1126102,386
1016428,347
1395652,346
1008390,302
1099643,269
1405566,262
1334187,265
1144637,264
1223108,354
1104258,358
1476710,404
1175881,266
1457081,303
1336815,249
1179494,989
1424073,928
1245852,831
1365636,1057
1106708,1024
1153454,953
1249506,1125
1172413,927
1444494,932
1478307,779
1391175,309
1013490,208
1085873,213
1115883,223
1368173,239
1471715,233
1016398,273
1077222,308
1165593,332
1491929,279
1384377,557
1032299,566
1202009,544
1439062,457
1265686,501
1051255,465
1424001,570
1280472,495
1294818,452
1388456,394
1416231,47
1083836,40
1331096,226
1368030,251
1345512,33
1292810,30
1087300,45
1343012,39
1161779,35
1319688,35
1333542,124
1486982,120
1107205,122
1390807,129
1466492,124
1334010,102
1270293,119
1074290,121
1041760,70
1445115,66
1264796,361
1023315,306
1210647,346
1426497,344
1235375,365
1350360,294
1469630,391
1277210,389
1146622,383
1036876,306
1425196,190
1491984,200
1344138,226
1283089,146
1170506,562
1411866,378
1194304,258
1113435,182
1237466,190
1271238,156
1363159,129
1364616,139
1429146,141
1464202,120
1068354,131
1005203,122
1414175,169
1481232,155
1129914,156
1238863,142
1008215,24
1411724,29
1245081,32
1484308,49
1202024,43
1052405,23
1042014,24
1000162,23
1027805,22
1311397,157
1477907,154
1216651,162
1123580,162
1417666,161
1002038,155
1084662,184
1489354,185
1158075,184
1042125,161
1251613,15
1168245,15
1160402,15
1422509,17
1158511,18
1147099,17
1320661,71
1384396,78
1132599,72
1146902,74
1261255,82
1257915,60
1345160,80
1337595,56
1390310,56
1062489,20
1063831,100
1255299,78
1413299,24
1168202,35
1057456,28
1266795,44
1169272,46
1102241,47
1211490,43
1399529,61
1378037,60
1040540,77
1146566,52
1331389,54
1315441,47
1372739,50
1421522,74
1259696,86
1129512,87
1067118,45
1438160,38
1051817,42
1499922,42
1111061,35
1066167,26
1314843,76
1347403,75
1212494,81
1279696,70
1138980,96
1198904,83
1222111,83
1438733,84
1398572,77
1319182,61
1185945,46
1093579,48
1032870,47
1214375,41
1177759,47
1274988,51
1427628,42
1142944,33
1384967,251
1061803,263
1465247,262
1378051,221
1009948,221
1480310,198
1382879,264
1456342,218
1010920,212
1056436,170
1429213,223
1382855,650
1200363,164
1084567,192
1498562,242
1469153,215
1037102,2054
1427400,1712
1409674,192
1459589,199
1341539,21
1358202,16
1082994,17
1280847,16
1137255,270
1449924,195
1146408,183
1109325,160
1089155,165
1260361,129
1069628,171
1476185,216
1304452,208
1456018,147
1168634,58
1050143,61
1448384,59
1492295,67
1368624,48
1036112,57
1483648,66
1406961,64
1386811,64
1323791,58
1334064,305
1474493,327
1452523,321
1109460,321
1397686,503
1436925,375
1271835,501
1266289,537
1172743,659
1028916,613
1315521,16
1072330,17
1337149,15
1275118,16
1162539,18
1196722,117
1490941,124
1040784,115
1294243,106
1352466,137
1452753,117
1050510,117
1115545,119
1188052,115
1071305,107
1247277,65
1052474,450
1108974,53
1371893,63
1367438,75
1449624,66
1484270,1197
1183169,1077
1286878,54
1144960,83
1053700,295
1196897,298
1100864,294
1095250,293
1314012,328
1177213,300
1312239,368
1371943,393
1269951,428
1124463,342
1490942,45
1170667,37
1143819,37
1179359,24
1475609,26
1027289,26
1378115,26
1021057,24
1449942,27
1249222,18
1208517,26
1062744,19
1243058,24
1293688,15
1100724,24
1439573,38
1373315,29
1222836,16
1335629,284
1278780,258
1067138,290
1438654,225
1115605,971
1129879,746
1107382,364
1430066,321
1125215,1582
1053604,1178
1384170,32
1136582,56
1349156,61
1058093,63
1483101,29
1029890,31
1474722,28
1475193,61
1135844,43
1398655,28
1315808,16
1103978,31
1470282,26
1269302,19
1227936,25
1408686,146
1070194,137
1403968,155
1123130,158
1245806,188
1495941,150
1470501,165
1015807,178
1391639,195
1482372,150
1391156,21
1045104,18
1103952,112
1454713,72
1375968,23
1007084,13
1052745,35
1158748,113
1286519,115
1309602,128
1372560,126
1128131,122
1162379,122
1456855,134
1248994,151
1472655,140
1455569,109
1122155,25
1220591,24
1075151,23
1276712,22
1499384,20
1359818,16
1079711,104
1233988,114
1397501,96
1009945,101
1299667,112
1393892,105
1234576,127
1134369,139
1353368,137
1340396,104
1440443,357
1127755,411
1073642,475
1442597,398
1123801,398
1016113,410
1077256,458
1417275,400
1127001,378
1426278,338
1476353,29
1446591,29
1060246,127
1423262,137
1142875,136
1381048,119
1457123,148
1159627,120
1389785,130
1105548,128
1149460,120
1274740,104
1080233,45
1031203,67
1139190,77
1104740,72
1290913,79
1430451,61
1335989,85
1162693,73
1305141,50
1013437,55
1233671,49
1320120,54
1025076,55
1223519,54
1054214,52
1308065,53
1240654,66
1200050,66
1345355,65
1068268,66
1270445,257
1343543,289
1155966,316
1283403,238
1121260,261
1480060,258
1334159,314
1491288,275
1211269,258
1478541,235
1452943,49
1417264,50
1191088,49
1396054,51
1292602,63
1297445,67
1453344,88
1211395,62
1014021,65
1346976,65
1048031,210
1456955,260
1381063,293
1277432,265
1099897,282
1250071,251
1463021,322
1353948,239
1033537,259
1486601,159
1420868,56
1180967,32
1168582,40
1200756,43
1231412,43
1169013,73
1331116,97
1125203,92
1348911,73
1086613,255
1421320,253
1090620,263
1069506,208
1325531,228
1083569,213
1313290,258
1080704,217
1164623,212
1302218,178
1194353,51
1132414,52
1031339,259
1169426,208
1079503,219
1097103,193
1285304,215
1402825,153
1089017,225
1010820,210
1015441,214
1231147,157
1105986,220
1348536,233
1433325,244
1167618,125
1277541,524
1444093,454
1263410,225
1451230,226
1204224,173
1397681,176
1182144,96
1495363,103
1424798,111
1166644,99
1437121,104
1336858,97
1452469,120
1033949,123
1049040,114
1323615,108
1269746,41
1433619,45
1001640,36
1194935,34
1188770,68
1081277,50
1396237,34
1361791,31
1142156,28
1301647,21
1194788,89
1118413,82
1463339,93
1322713,81
1217125,85
1149362,80
1063625,112
1315041,121
1337564,111
1400460,102
1319113,16
1346923,16
1006410,78
1374185,69
1128146,56
1107192,68
1429267,65
1348839,71
1062422,43
1152761,60
1103794,24
1116108,26
1030078,28
1442249,97
1255211,81
1128793,23
1385567,20
1261731,35
1401816,29
1088743,34
1108362,38
1418907,38
1440868,37
1073521,48
1271078,32
1032225,46
1383271,30
1178834,37
1302037,34
1245159,72
1066967,68
1183823,79
1359292,115
1488400,74
1175823,43
1100095,60
1302501,50
1007438,49
1320986,34
1218892,81
1244188,78
1285096,75
1236380,66
1063163,77
1204772,71
1093786,80
1174817,73
1486767,74
1488426,54
1293017,53
1097133,53
1374574,63
1085531,45
1361255,47
1472554,49
1064428,62
1044578,34
1432364,33
1154515,132
1077412,122
1372989,136
1085876,106
1232949,126
1109936,127
1487950,156
1097184,137
1140272,132
1493015,113
1109605,290
1070941,797
1103072,249
1451491,277
1176188,326
1132187,296
1360286,1600
1008508,1475
1390829,307
1390931,250
1155697,20
1208514,17
1387955,17
1091512,19
1163909,16
1054161,15
1221242,137
1075306,108
1472117,106
1361785,121
1299678,107
1478932,83
1477313,116
1028047,108
1111646,115
1100366,97
1342337,44
1439494,45
1006332,45
1419759,43
1395664,45
1129361,45
1380842,50
1050958,50
1105354,48
1450106,44
1409427,341
1100468,369
1411863,337
1010693,363
1004925,434
1265382,386
1239027,502
1462013,547
1464784,548
1440692,424
1087631,15
1202597,117
1489659,126
1327758,124
1234609,119
1039028,108
1470903,99
1195946,132
1033329,131
1214830,112
1240032,101
1099603,182
1353172,556
1019198,143
1391487,156
1386397,163
1370849,159
1055063,1109
1398646,958
1124512,135
1209189,108
1000264,259
1253533,260
1109365,261
1492072,251
1369989,298
1233753,293
1113550,326
1119683,362
1351878,391
1143262,271
1272587,32
1290655,29
1166069,31
1099209,26
1004210,25
1445895,25
1493529,26
1128880,57
1306327,41
1443388,21
1232007,22
1473506,23
1408066,26
1055072,24
1295169,20
1398942,16
1224218,27
1258934,28
1154519,22
1335469,25
1333990,27
1404629,17
1113566,25
1403272,30
1265773,366
1199865,363
1246934,424
1122674,329
1218607,994
1117180,893
1395756,457
1200879,391
1354961,1345
1254236,1029
1378973,50
1365889,48
1404113,69
1420948,95
1085578,33
1461775,38
1222138,33
1446108,24
1080246,20
1195326,17
1082828,90
1269378,84
1349534,106
1333349,109
1363871,90
1004201,107
1208483,121
1308393,120
1176480,113
1267608,107
1229780,21
1474801,69
1196064,72
1094602,23
1341838,33
1471444,28
1443416,33
1350236,23
1463712,115
1162339,132
1104304,129
1313355,111
1452462,119
1036900,134
1390732,121
1318748,124
1417446,119
1400458,101
1281325,29
1335270,27
1432911,25
1243734,22
1412550,26
1096371,23
1414904,18
1268663,17
1016463,76
1014561,71
1023254,62
1261641,56
1242929,61
1066835,50
1084108,64
1273171,92
1310686,97
1429564,69
1024089,190
1250260,186
1079833,214
1205357,187
1391126,180
1033330,178
1362777,215
1205882,188
1370541,192
1175659,149
1027143,43
1493357,99
1455534,100
1178953,100
1365007,90
1331624,103
1051517,95
1111575,113
1343235,113
1409057,104
1225360,73
1485114,61
1120103,80
1049722,76
1284522,81
1342647,81
1086255,67
1434155,60
1487073,74
1210002,60
1336168,34
1179146,97
1077679,97
1356561,92
1445899,96
1056607,98
1471104,92
1157790,110
1281062,109
1128363,107
1147010,97
1079844,163
1343311,145
1222710,170
1444309,127
1430049,139
1107484,152
1449523,179
1204458,164
1349810,151
1233956,134
1267409,56
1020645,53
1076446,58
1158633,56
1137733,67
1330234,93
1165516,56
1232019,64
1087910,57
1153545,227
1291261,225
1132971,231
1184517,169
1481481,217
1072917,193
1124052,237
1120927,165
1270649,182
1318939,130
1085957,68
1308794,37
1456287,56
1171254,47
1120570,45
1457111,40
1299687,51
1274831,59
1202928,71
1223002,57
1369030,181
1243985,189
1334645,191
1133418,152
1483507,163
1182900,159
1029886,196
1218586,159
1305277,137
1468483,135
1391127,24
1001197,26
1185326,102
1049627,56
1006124,20
1298818,20
1179858,28
